-45.0917116156482,-43.9261101792228,-43.3424081325597,-42.8636729516832,-42.8020566121729,-42.6478307887251,-41.8753985645296,-41.5594476197164,-41.8488746488309,-41.5001529648726,-43.8190686761117,-44.1455595391491,-44.6870482611642,-46.4976886074134,-48.7125183533316,-50.0849159326074,-49.4462828842698,-49.4073431938646,-48.1154395141893,-46.2141722812294,-44.9066746984492,-44.8279546268385,-46.02244108794,-47.9175661238116,-49.7687522479958,-49.1533276537298,-50.1217160460271,-50.6277206511012,-50.1894701665754,-53.5939215338058,-49.4839989177979,-51.8234280279766,-55.2860277329026,-57.919009039886,-59.7834794509861,-60.9555695282129,-58.5421855801554,-52.6741347736332,-49.5362308350475,-47.4466973454414,-46.4486716282812,-44.8744114756364,-43.6987452506623,-43.3928164664742,-43.3895755339149,-43.4242974233617,-43.5717486418776,-43.9083782316188,-44.4715171874941,-44.7265061592897,-45.5018714142143,-45.8372720699855,-46.0286661433015,-46.5003393214021
-48.3217314394543,-45.8109759335341,-43.8145946553018,-42.7121658335193,-42.0055644096621,-41.9086925766171,-41.1323773189405,-40.9326799784933,-41.4898705868899,-40.7780505188381,-42.3232425230241,-43.8190544852061,-43.733058983198,-45.8319902963981,-47.1911346179018,-46.750121389963,-46.5523685776758,-46.9033525014239,-46.7056966489049,-45.2703990150736,-44.56548636015,-44.824630315536,-46.4681409369383,-49.417601311066,-53.3113518581606,-54.9874260873882,-58.6301525106492,-57.718319101117,-55.1722488223097,-54.6251371665576,-50.4254044836033,-53.5771920341619,-54.7778200643712,-57.7290659775188,-59.4255020113221,-54.9669532866355,-53.15090762221,-51.9829586132741,-49.4743061272834,-46.2587396382032,-44.6695981892724,-43.3069916554154,-42.266229671899,-42.4769890831634,-42.6374034250897,-43.1866868262251,-43.8670711602376,-45.0571331704632,-46.5318818344838,-47.5554264984929,-47.4995520851245,-46.7497368160535,-45.8360201091397,-45.4278609489904
-52.4443966036922,-47.9384824945705,-44.5911222296627,-43.0282392388221,-41.657119099885,-41.3908313959736,-40.811416660097,-40.7544805579712,-41.3305701772929,-40.9121951663829,-41.2267918389565,-43.2526045916913,-43.6240982994971,-45.4357725120729,-46.3106293925116,-45.6363345282811,-45.5363777331563,-45.5266010489053,-45.4587441991315,-44.5296655792491,-44.4802885298603,-45.0546755977936,-46.7237648474838,-49.3904860775986,-54.3787099557489,-58.1509306328441,-63.8839243990377,-58.1459968647818,-59.0221809201801,-53.5075271469953,-50.7730884450719,-54.2163522582717,-55.8287656630534,-63.6824288552289,-60.8438124579429,-53.2370599268297,-49.9546802579599,-49.2093924469881,-47.3226677499767,-44.7265993417924,-43.0142130525132,-41.9697675421686,-41.2337353123933,-41.6551021604048,-42.0455985484722,-43.1508354647651,-44.6884808033841,-47.5143986134962,-51.8459802016815,-56.029289368561,-51.4811898678961,-48.3176391125434,-45.8795006126849,-44.5945405802463
-52.3748564367787,-48.3758698701911,-44.9708349021793,-43.2671352644544,-41.5222402763419,-41.041744072908,-40.7651302629557,-40.8758257240533,-41.2314133982659,-41.7928338103013,-41.1572818974308,-43.0776487118266,-44.5709663878306,-45.6597095025867,-46.3268042364168,-46.1503335158474,-45.9242184420931,-45.1750247519697,-44.6750483734336,-44.1433803702303,-44.5289467665575,-45.2284551219511,-46.512181624611,-47.7921946203524,-50.7454107779414,-50.9721623356826,-53.2556080266581,-53.0878920149621,-54.715146808817,-50.6289838081886,-50.2632727373522,-53.5077232230709,-57.4756233361616,-63.9551531699644,-55.3406431415767,-52.2978995252073,-48.648199771491,-46.6896679070424,-44.8810356626368,-43.3524432940476,-41.8727189927347,-41.0614808162458,-40.6487925185537,-41.0042455317779,-41.623438839129,-43.1790917995643,-45.4775885122427,-49.6824601169657,-55.7233454896196,-56.4108285191999,-52.3993342264221,-49.0165436414679,-46.0333586841448,-44.1477234904345
-49.3953568319798,-47.0774524871836,-44.6271510344272,-43.0415090540748,-41.4921140716835,-40.9035680560134,-40.9535852199166,-41.223145198622,-41.3041243823253,-43.0567209508902,-42.376948240904,-43.7761408850528,-46.5502636066357,-46.8940327798082,-47.6929812989351,-48.4289357212295,-47.6371891789026,-45.7823789916376,-44.4713621674828,-44.0576291826725,-44.3985875955347,-44.8720129562046,-45.4250563191682,-45.5497817527383,-46.7795044038101,-46.8147073508903,-48.6913969121186,-49.2287942602174,-49.36499056629,-47.3883765249983,-49.3699084690998,-51.7200909987684,-52.6821511082862,-53.5760738132181,-50.7324701172034,-49.496735836479,-47.6146461122511,-44.9878130588714,-43.1825357456755,-42.2616718200523,-41.1948897367435,-40.5441498857926,-40.4006489842886,-40.5391271925524,-41.2974949814029,-43.0038125775398,-45.2425833348207,-47.8127276227993,-48.2468300098745,-47.920471031987,-48.4075913920069,-47.8919007469556,-46.2471528853666,-44.2129004756285
-47.1705082460317,-45.5874650169471,-43.9059466215847,-42.574703207941,-41.6699528616926,-41.1144719694419,-41.4702863548114,-41.8595933996865,-41.8885977160583,-44.1353080725253,-44.943641842837,-45.5422094165051,-48.9099213433222,-49.5333629196249,-51.4582156733336,-53.654007468376,-50.8106753180768,-47.1763587951703,-44.8248687996499,-44.1226516651127,-43.8972998397171,-43.8323401938039,-43.6262704105394,-43.4084475968577,-43.7613753624617,-44.0989872497565,-45.3440246723916,-45.8330771135937,-45.4061051686305,-45.0482299642282,-48.2542394907663,-49.3318489912346,-47.8747492555974,-48.6921521255123,-47.8531361432424,-46.4318706857633,-45.9797334502817,-43.9530960693642,-42.286832011169,-41.4555585915731,-40.7575018725258,-40.2495974417114,-40.2939892689212,-40.2226100508688,-40.9444809988279,-42.3634248705313,-43.8239812977731,-44.8193268746816,-44.6989858424285,-45.2262773065519,-46.2469892702207,-46.7061603379573,-46.594937430475,-44.8855273360749
-45.4045286572965,-44.2704576654237,-43.1905451181674,-42.2940854021424,-42.2311169647882,-41.903112011248,-42.5416543719367,-43.0432869509409,-43.4298154876939,-44.9805517072342,-48.2760852774759,-48.1010381599704,-49.8014058357343,-53.0581035521481,-61.1828295175773,-63.8193461217816,-54.1687447603749,-48.222161300536,-45.2679928394805,-44.1022991496307,-43.1688025102615,-42.5190877750098,-41.8547100209012,-41.7365404280464,-41.6900737437199,-42.1826690065284,-42.8498122087911,-43.3041439610595,-42.9497246755162,-43.831239098291,-46.7885788451075,-46.9317270317401,-45.212828020712,-45.9315663969437,-46.0605257633679,-44.6291630408071,-44.4276424458346,-43.3992704100981,-42.0285744187978,-40.9822923864302,-40.4072376774644,-40.0418315754432,-40.1701430788086,-40.0137709091527,-40.5005539251029,-41.3173913691203,-42.138869691212,-42.8127943521704,-43.3802413459495,-44.8354011162306,-46.0345904446711,-46.6411595630706,-47.363056684579,-46.2818088964854
-43.6840844467919,-42.99948744435,-42.5655840117154,-42.3199963085315,-43.1595007014698,-43.5208706131632,-44.5104272637601,-45.2936539384543,-46.5572728398994,-46.3800074825631,-50.3088901486766,-49.9808176664738,-49.0009384653369,-52.4374674451751,-54.4722966877796,-53.5292704110763,-51.9414078176881,-47.2745684809862,-45.0516334130551,-43.8423226115714,-42.5124605458432,-41.4619310059931,-40.6747478701298,-40.6921276582595,-40.4918772709171,-40.9794691007524,-41.2890105151705,-41.8203214263896,-41.8484338221268,-43.5989448595517,-45.2787337691401,-45.1291706363083,-44.3035637440714,-44.7383765806772,-45.2480702201386,-44.2745340989646,-43.7339163697272,-43.2701896690103,-42.2347169677868,-40.9711220882039,-40.2716590006293,-39.9883383956232,-40.0410102824018,-39.9157879545738,-40.0558646308243,-40.2615523983947,-40.8504770247632,-41.7844171728786,-43.3618157301341,-45.6154937721699,-47.1106095746963,-48.0573286638684,-49.2016250645375,-48.5198638647402
-42.0305510023949,-41.7281984844512,-41.9008992942474,-42.3967415606126,-43.9430360589652,-45.8727669955831,-47.7075386102061,-49.7409099409459,-52.8837373413754,-49.1615514969775,-50.5935259035522,-49.9139472594862,-48.2186154986487,-49.2712255725325,-48.6045754345475,-48.9373322969541,-48.3899993498888,-45.6939246281677,-44.4112135901572,-43.5569441346767,-42.1868126948341,-40.9969799701636,-40.2991406073028,-40.3148744959901,-40.0933443368926,-40.4844635599215,-40.6424291725946,-41.3190920120558,-41.9237923591167,-44.1346306739153,-44.3271909459525,-44.377832332329,-44.9984624325256,-45.0889409435345,-45.5673733953861,-45.3152561389752,-44.1794618377181,-43.6721742651777,-42.8474298133924,-41.6050784439422,-40.6821241224678,-40.331521307384,-40.0966168537549,-40.0033114942867,-39.8171873721461,-39.6097357111651,-40.2005023207559,-41.5171105073491,-43.8656111606224,-46.0953772924498,-47.9848380560865,-50.9341563545439,-53.8650448991524,-51.2095779718115
-40.6138434082972,-40.5398611176883,-41.0662093356309,-42.1099968161136,-43.7574443583606,-47.0341331076201,-50.621803449202,-59.1602181817543,-68.548652635435,-52.4678190666854,-50.1129290747666,-49.1036961498388,-47.9867585300433,-47.3905910396566,-46.3592426047029,-47.1563910997522,-46.5435743021341,-45.1854574156776,-44.376658372328,-43.7240809056031,-42.3850298621827,-41.2740607152197,-40.722109183886,-40.5597489533852,-40.3898179020835,-40.6041825179163,-40.7890441274271,-41.6586601349221,-42.9313358062775,-45.1710917960471,-44.3806870791281,-45.042861502318,-47.5057114586695,-47.2119821740851,-47.2195855714718,-47.6824154061968,-45.8673920065535,-44.8455783208878,-44.0397801103382,-43.115872854359,-41.98708775946,-41.334935794212,-40.593479737607,-40.4110409124703,-39.9952710096702,-39.6299326681826,-40.252942687964,-41.715284189308,-43.8860204718355,-45.2417270077082,-47.1004241616432,-52.0180356524918,-76.0787034775398,-51.4452352649841
-39.5318467857993,-39.5705658513394,-40.1625916147713,-41.3970328211389,-42.7459141722912,-45.2500163269258,-48.5071362070013,-52.5272439321283,-53.7473532121955,-51.031569290878,-48.3845786622802,-48.1323128100663,-48.1204432620165,-46.7806337378763,-46.1180370084489,-47.0904473040359,-46.4655848378233,-46.3610899631379,-45.6979889866664,-44.7736759964013,-43.2468146366935,-42.3056956216794,-41.7873381204079,-41.3077620715896,-41.2008774578139,-41.1401608785945,-41.506519878107,-42.5653574603528,-44.3571763944102,-46.2748469792101,-45.645311625162,-47.6388076505877,-52.86025789001,-51.76462927538,-50.3726483777719,-51.113390314288,-48.8919629521608,-47.1914577067184,-46.2989027867837,-45.8475229750587,-44.5337101056026,-43.2069227492966,-41.7518269483461,-41.2762171779218,-40.7406049914099,-40.4709221176497,-40.9885061799006,-42.0148204750422,-43.1561062819525,-44.0694759529807,-45.6292206658211,-48.525606825763,-51.7018544824307,-48.4143941373528
-38.8085658755765,-38.950473259716,-39.4868865238116,-40.6707023181456,-41.8215662952432,-43.2463317832799,-45.4738363416846,-47.1735973564581,-49.4237523275876,-48.256430549652,-46.4907105414424,-47.0629955191854,-48.3431030500713,-47.1556375507885,-47.5297072303213,-48.5328435989039,-48.4135489710994,-49.8808548269072,-48.9999996094413,-46.9728663695653,-44.8457645994926,-43.9694465168502,-43.23720528174,-42.3919038140341,-42.241703252111,-41.8593973061984,-42.4265376336957,-43.4113116746621,-45.2509265578668,-46.7047118781193,-47.6055575492243,-52.6077448662563,-70.0760113458936,-61.5590027780316,-54.9894733697223,-54.4289993618904,-53.2451361233855,-51.5934468365706,-50.7922141918841,-50.3485595463933,-48.6627453985885,-45.9837074233363,-43.6503953488206,-42.6544187055497,-42.1403364073352,-42.2115239719995,-42.3436563377534,-42.3393322027945,-42.5508270712243,-43.5640472019137,-44.7889516883308,-45.5803751918699,-46.0167265360755,-45.6244993320384
-38.439427218939,-38.766525396189,-39.314724851841,-40.3762104286878,-41.5123227216143,-42.3657190292831,-43.8480680289867,-44.9471471223363,-47.2396034761856,-46.9309608535613,-45.5753695737791,-46.3962130731679,-48.4283754739114,-48.4368729919303,-50.7264712083767,-51.6334571213561,-53.68698708431,-58.0006054536538,-55.1969189272217,-50.1799461506621,-47.1490465931755,-46.0289741273724,-44.882122367301,-43.6723173513113,-43.2123063881665,-42.6134840804446,-43.0984948277019,-43.4493297364923,-45.0046929597638,-46.0069577659716,-47.6151357333906,-52.0584348837638,-57.6012019169262,-65.1482923096222,-59.3193169498545,-55.0226855210624,-58.0354948325375,-61.1751828337428,-63.488863522734,-55.0536098019598,-52.4580138023391,-48.6296761032304,-45.936149914133,-44.4484599593306,-44.2398810498989,-44.8661496909959,-44.2933767943987,-43.1475484951949,-42.8505731082241,-43.9752658916924,-44.7457204227807,-44.175490993002,-43.5034807971891,-44.0075630576853
-38.4046701798001,-39.0325885566758,-39.7938738444691,-40.7861666734763,-41.9935725755571,-42.7114051205595,-43.5366341007078,-44.3480315937231,-45.7787849151067,-46.4479282427546,-45.7872833077963,-46.5030002428617,-48.1842966885791,-50.4409487457955,-55.1677852109266,-56.1190889450177,-71.8855668747391,-62.1081961184455,-59.3482504905839,-52.8850684151779,-49.9518358798712,-48.2978348422753,-46.7587955130285,-45.1090980545277,-44.0411190055919,-43.4028932371228,-43.3726305205779,-42.9394430890388,-44.1826461303222,-44.7592147678702,-45.3864820639961,-47.2730561254008,-51.772999015722,-54.2668052267927,-55.5407483727504,-52.6187105139845,-59.0216031740218,-57.2227223388718,-55.3723406498921,-51.9812889309261,-50.0818188187693,-48.4887580860514,-47.5470032143727,-46.4722988385547,-47.0643408736491,-48.3170249876546,-46.9905301979847,-45.1421198031512,-44.5005194243265,-45.3150642901036,-45.3832583166153,-44.0869393008679,-42.8503353703434,-43.5726800662924
-38.6513533221679,-39.6493053309126,-40.9007893718488,-42.0497319552813,-43.409058235017,-44.3602083633863,-44.4829491482421,-44.8279893571001,-44.8240728068967,-45.8825191368669,-46.5981644837738,-47.0054105915083,-47.5327529301028,-51.2299227941567,-53.8794633629249,-56.6847355349867,-56.2720034149488,-56.2559368384203,-56.8699118308969,-53.9124909500729,-52.7829901239953,-50.7498991342839,-48.9040701718334,-46.7091459106254,-44.9799705689825,-44.3842660826049,-43.6610075857,-42.83841063967,-43.5701273426672,-43.7438520368981,-43.7087218141925,-44.7214194564006,-48.4563183575419,-48.4530223813674,-49.6580192566312,-49.5392245394584,-53.8533633770727,-50.612861055146,-49.0510899231604,-48.6847327568051,-47.2603599119216,-46.9335365545029,-48.1186853225535,-48.7377227050708,-50.5309073553738,-52.1246932284866,-50.8486422050957,-49.1421463780503,-47.9992555506098,-47.5749451001845,-46.5522294311443,-45.0381890732348,-43.6807764772496,-44.2393163376016
-39.0635861027719,-40.3544668727624,-42.2656638308519,-44.1141749525903,-46.1049658868399,-47.8987355481849,-46.9378638162055,-46.0070092436284,-44.3461797177544,-44.8977887656365,-46.5998870820191,-46.5205032977974,-46.5597494454192,-48.8423664721435,-50.1638412003879,-53.5843150655241,-53.1022728968431,-57.7880407615232,-59.1206634449092,-55.5979414154344,-54.6477309458695,-53.0109196681672,-50.8385244858832,-48.3565498424229,-46.4045272420512,-45.9018260386065,-44.6287524580179,-43.8010505746156,-43.6366049168575,-43.3984006333666,-43.2847895169275,-43.6553780564162,-45.6463806490185,-44.597940536956,-45.5835664094239,-46.8192509526336,-48.5895183634071,-47.3369249023076,-46.5317951603387,-47.1277225618222,-46.0844107492725,-46.3504149180274,-48.747172743269,-51.3810106042932,-53.7514088302248,-55.2410118815176,-56.461187481469,-55.5910802895962,-54.1281385063038,-50.7578266051012,-47.909594850523,-46.5174293624837,-45.7727523668951,-45.803153221766
-39.4590904542999,-40.7756221245561,-42.9798399652497,-45.9611591096606,-50.4026465620699,-56.845324200086,-50.9515919946786,-47.0943145049836,-44.0472663317173,-43.7563331219122,-44.929709153578,-44.6465671645254,-45.3653387300896,-46.0959066237012,-48.1781031774601,-51.3386206684587,-54.0986549141545,-65.7436202827036,-94.0487311232023,-57.7800908657076,-54.4043838349236,-53.6452432404714,-51.3885882765186,-49.6952806281319,-48.6237787114013,-48.5408214922881,-47.0375170077673,-46.217544148983,-44.7106517815631,-43.9568629985869,-43.8793445268924,-43.3685733487808,-43.2411171122734,-42.2270350104159,-42.9651596929895,-44.5200470791208,-44.8297163414554,-45.41792848223,-45.5895368607692,-46.7236425213201,-46.4224767210813,-47.3484268494078,-50.0543229779751,-53.5495338367132,-54.705689980276,-56.3077332176385,-64.8111566434954,-55.7715312077936,-56.984076295768,-53.9726679642758,-48.6153751424438,-47.6397643915136,-48.6161737381317,-47.6429617078321
-39.6714678309691,-40.7334070535696,-42.507149120943,-45.3977204227096,-50.6435151880855,-56.3732565887746,-50.3684204730078,-46.5656897743632,-43.4739716820935,-42.6346605083128,-42.7521253026151,-42.6889944470748,-44.0115720818859,-44.2602759745144,-47.121846335104,-49.3096327384932,-53.8870118085256,-54.0315835528702,-56.0620182151715,-53.9405077128325,-52.5240944873881,-51.7434723611233,-49.9800765332411,-50.2554227808974,-51.6416756967579,-53.4770675183172,-52.3636278764552,-49.9482730349531,-47.0204190393066,-45.2902284833699,-44.4639765391785,-43.1503199585263,-41.3855453702668,-40.9346122130443,-41.3259494423086,-42.5576289361452,-42.3767856382809,-44.2269663889938,-45.3414272265918,-46.9923549018421,-48.2399675807011,-50.2443247525447,-52.1289742433765,-54.3680319931058,-54.2945944081532,-55.3613481107904,-67.4704903404038,-52.9231154019693,-52.7905282674015,-52.8316160553093,-48.1243919897983,-47.9456638205178,-50.7356514351243,-48.7018615775803
-39.693808316822,-40.4492660501818,-41.6021102659859,-43.4105436110672,-45.8441779132681,-47.0171787315904,-45.7070374504449,-44.5096834964165,-42.5880424679905,-41.6151367594026,-41.0436234032458,-41.3385318714774,-42.6332553331676,-43.1309728652158,-45.6272037378525,-46.8713832001875,-48.7195921492783,-48.3041248366904,-49.6963140467357,-49.3566048036357,-49.9434498908577,-48.6913570785833,-47.7865131283948,-49.8099591707602,-53.8318270098981,-63.683655301728,-58.9917392729845,-50.8203921593792,-49.3312557219582,-45.7660670408913,-43.44715645019,-42.2634324340233,-40.0825088387133,-40.2930603407768,-40.2765418181497,-40.9419633278455,-40.9176063771174,-43.3347983305645,-45.0413049335365,-47.2659849945362,-50.8602234766552,-53.9050761936239,-55.9035872509501,-56.485561965591,-54.1607150500209,-53.6260635090093,-55.7843982358871,-51.4046222049442,-50.6202305743676,-49.1940312324132,-47.2058627356181,-47.8273536119376,-50.2399058015413,-48.7188096281741
-39.7080125472024,-40.2933631000794,-41.0554883829141,-41.9749067063354,-42.8508618246252,-43.2880633442244,-42.8285198349502,-42.5524772964088,-41.8005713666951,-40.8830431433786,-40.077043648316,-40.645630466553,-41.443160457527,-42.2969722796431,-43.3976471959943,-44.4463918514831,-44.8286052837035,-45.4446809907425,-46.2725567402792,-46.4291428128518,-47.2884916080083,-46.0468145559049,-46.0606402632287,-48.5973261177221,-52.1555394072783,-55.4135558766252,-50.3307625363063,-47.6649308890056,-47.3279008038384,-43.732264333699,-41.4311007666655,-40.7053266625985,-39.2416815580747,-39.861163656209,-39.5391540343326,-39.7190715266888,-40.1374698322483,-42.3310020253667,-44.2156368763501,-46.6672709621232,-50.5154426135888,-51.6387965170038,-59.9660000369012,-60.5694539513458,-53.3934505851228,-51.8705785214367,-49.8317598948508,-49.2975200619521,-49.4832051662389,-46.6047890609835,-46.6387657167754,-47.4855166684952,-47.899350789134,-48.3305283776027
-39.9638675938685,-40.5402016664753,-41.1682131599283,-41.5802739870317,-41.6856992602316,-41.7994260989479,-41.6372771380001,-41.4409922210858,-41.4479273769062,-40.6370918599005,-39.8828092855795,-40.4946232245381,-40.6260631162476,-41.5337614899935,-41.4326062549982,-42.5911325006637,-42.7279453505972,-44.0764883505319,-44.3138361031294,-44.7567381503175,-45.2220489433571,-44.4850257112357,-45.2722798511845,-47.1680183721298,-48.9669276104124,-49.2771469255924,-46.0304566786296,-45.2483148391725,-43.9595327657769,-41.3916425121072,-39.9025331626959,-39.2179663936575,-38.7575696520762,-39.3118225156963,-38.9550443591363,-38.8925682524217,-39.7111054540915,-41.095942133872,-43.0055214583732,-45.1107399650194,-47.5159198166032,-48.0630868142248,-52.1445732814277,-53.0625560864158,-51.2170080912052,-50.3676069275827,-46.6157186099777,-47.171335519415,-48.3763950529148,-45.2712421514348,-46.542356747709,-46.8786534239061,-45.7836940495498,-47.9440919081082
-40.6805629901241,-41.3710894703794,-42.0599616810501,-42.3368801100588,-42.102600232302,-41.9478800495668,-41.8404982320271,-41.3376072710663,-41.6429375021191,-40.9630122675841,-40.3991015135823,-40.7268401040906,-40.2813231216003,-40.9220427359045,-40.3666842213815,-41.5431048566751,-42.0205354549897,-43.6467319469185,-43.4974334857216,-44.1424616408674,-44.2095062306147,-44.2286335780699,-45.4564421064604,-46.0494554421886,-46.4023022155111,-45.7906865249584,-44.0289190906678,-43.9561201877804,-41.9109548468928,-40.1486633439101,-39.3391440556503,-38.3726558232501,-38.5545254821168,-38.601330893536,-38.4485968113,-38.4140077929513,-39.374453673432,-39.9028663142575,-41.8022926575532,-43.3837235708969,-45.2652106137655,-46.1018131837017,-47.1976700638213,-47.9744262576155,-49.1137460424316,-49.1462101101969,-45.3129339503169,-45.9530387978081,-46.9717034107915,-44.9121251780396,-46.6017900671262,-46.1928016975669,-44.8196207194883,-47.8202386423579
-42.0261568894219,-42.9492670434727,-43.8927499318577,-44.4538990852332,-44.1604512824581,-43.6436000712906,-43.3374354592351,-42.2888100622627,-42.3959467489788,-41.8258130151326,-41.4677407870348,-41.1585692756867,-40.4271415538679,-40.656754448898,-40.3389463757321,-41.3589351905455,-42.481027733584,-43.8884728781977,-43.8489446929907,-44.6550143991064,-44.5502531749155,-45.4083431973878,-46.4697007324483,-45.5906056317397,-44.8726851877849,-43.855982496725,-43.3899043784211,-43.5001480408403,-41.2533370200884,-40.1428446733896,-39.7276547377246,-38.3798319755186,-38.6059272476115,-37.9578529331383,-38.0256342709612,-38.2086350260021,-39.0322325040679,-39.0643692851407,-40.8189668187372,-42.0324540400308,-44.086413877593,-45.3108478413474,-45.019023201532,-46.0239293362194,-48.1584389968045,-48.2533459554527,-45.5989017830211,-45.6768725835028,-45.4706411334092,-45.1263191199922,-46.2893892271351,-45.6566324423162,-45.1922590556859,-48.1086482433273
-44.0785186000551,-45.4601815886489,-47.0392823849698,-48.5339492104046,-48.2643317323799,-46.9821524016248,-46.1082214627736,-44.3498768899839,-43.7203435605197,-43.1289987615231,-42.8067647715188,-41.6560372261538,-41.0133671027292,-40.8543888731104,-41.2868818598632,-42.0032567786993,-43.8975287500666,-44.7423063301208,-45.6157523644044,-46.6281022242738,-46.6186300841281,-48.2057431543701,-48.1224518759682,-45.9878814880455,-44.5221648822084,-43.355425317467,-43.8667085466381,-43.7591133983026,-41.8510332566399,-41.2328164256785,-40.8021204897559,-39.2360438996185,-38.938508526615,-37.7075979323095,-37.8097784979093,-38.2116995926703,-38.7393960063638,-38.7062380462587,-40.0878154066205,-41.1821697989271,-43.6276098280877,-45.2246514999101,-44.8981776164978,-46.6332886092649,-48.8416648506589,-47.9910078913363,-47.1788796010058,-46.1152982699216,-44.2275184658665,-45.3576581710569,-45.3153782460887,-45.2878165168809,-46.5235814285471,-48.4228844783744
-46.550264839303,-48.9332083792997,-52.3856306734002,-56.9302894864671,-54.986506770307,-51.7075587854274,-50.0045486856294,-47.5804442286357,-45.6513923780228,-44.769304960986,-44.0880327707059,-42.2459211761102,-41.923155342586,-41.5162108825954,-42.9359544548133,-43.2743647623348,-45.6146289093202,-46.3185634249312,-49.4837085752278,-51.0467910733839,-51.2815217369439,-52.8058828384639,-50.1963259209195,-47.3123799406423,-45.5136121515847,-44.4556864210557,-45.5145344710167,-44.7731301916494,-43.5558949134863,-43.0773504960004,-42.026703026038,-40.7571350428564,-39.6361337570447,-38.1406013331266,-38.0116116385911,-38.4126709833921,-38.5902037818515,-38.7903773551663,-39.5865045833996,-40.7444078681917,-43.3609367057913,-45.40937621951,-46.4983683546097,-50.3191663987978,-52.216266109037,-48.7883137277727,-48.8634581558972,-46.9618981344139,-43.451188294351,-45.0487601175784,-43.9592106869339,-44.9043599572545,-47.0556044201012,-47.7242546196064
-48.1768652889021,-51.8150461681329,-58.8502485855084,-65.4613275890157,-57.97321515276,-55.3281491520672,-54.346124379723,-51.8583638889768,-48.1253401163486,-46.5683637314379,-45.1572569360268,-43.0558735316822,-42.9773510281491,-42.5331095980741,-44.5184038016077,-44.5688375197093,-46.1795377569567,-48.5635563811764,-57.1455546210543,-63.9964788608977,-60.2955481841477,-57.992800734046,-51.8212023001974,-49.4546419364396,-48.1745931927797,-47.6875465682577,-48.6325631587019,-46.7309947989537,-45.952109139724,-45.0742578088377,-43.0422675831958,-42.5867404550066,-40.8461861893329,-39.4692872674078,-38.8479130233503,-38.8826092055247,-38.6740466131414,-39.1910573784083,-39.325615596055,-40.5438002920393,-42.7200999257857,-45.3656446406135,-48.1862816121893,-54.6804691715646,-66.5410778681987,-50.2813932978858,-48.2585577464862,-47.05078516914,-43.1248107432419,-44.0409949550111,-42.6943508167239,-44.2084731558224,-45.4028657304187,-45.8277986468114
-48.0452170556189,-51.2064178075567,-54.4633594948158,-55.7065959467012,-56.5990562465792,-57.4806054401978,-58.730776548911,-56.2140248020334,-50.6238607387798,-48.0796498391634,-46.0509103113133,-44.06455285425,-43.97082351553,-43.6574788555412,-44.9163328818448,-44.9975883817157,-45.3345280827283,-49.6838521910578,-54.635130606476,-56.7292272342126,-56.9764605093702,-57.396182332894,-51.55756235724,-52.1422227374484,-53.446418932263,-55.0820797929419,-54.0096057692755,-49.9685716575499,-48.1453655185279,-46.9207151485011,-44.3614787518438,-44.5255627319279,-42.7770024058307,-41.7756992796087,-40.4986094817013,-39.7391603288933,-39.0920216047436,-39.7600410807786,-39.3641433946669,-40.4345023049848,-41.6536160993072,-44.6843796089274,-46.5594379709934,-48.4085583320701,-53.7427297016576,-49.1561782745665,-46.2562247994213,-45.1111811205004,-43.0718872522203,-42.727863475534,-41.8179351378312,-43.0700685588553,-43.3018468586596,-43.7409935316934
-47.5178857455484,-49.7710239901119,-51.622352344113,-54.3563784926576,-59.4286951818347,-64.3945281405179,-66.4478547750332,-58.9894658720213,-52.0538786374604,-48.8489302961075,-46.695473229093,-44.9481581098685,-44.7430634512483,-44.5254629068029,-44.1277471590218,-44.4937131040743,-44.3758629375706,-47.4651553787353,-48.7877136679204,-50.0306258772845,-52.8114223937888,-52.9655392212764,-50.5843325232252,-55.5792371621723,-65.5662535326984,-67.8700696455033,-65.2367615614708,-54.2011687477955,-49.9097705242388,-49.2761850392328,-47.0642733106978,-47.0661656072855,-45.6369237791662,-44.705901755171,-43.054675126564,-41.037737706972,-39.9572123526121,-40.3710656274311,-39.7657070092684,-40.4023255939718,-40.6540861616233,-43.4172451570846,-43.9636008691809,-44.4435947031493,-46.6788363094082,-45.7867359537898,-44.7458334870572,-42.8006233742932,-43.1327190570258,-41.6902101948399,-41.4424714151827,-41.8096776205307,-41.7634257747672,-42.0958727033806
-47.6052202323798,-49.4277250287512,-51.4234804986231,-56.1297041941449,-67.0550226104543,-67.8797552142686,-69.1387541525407,-60.211041950516,-52.2422581303223,-49.1311917241453,-46.8968131404423,-45.4313342521283,-45.2232797315575,-44.8859917169238,-43.1029894253026,-43.7340061087767,-43.8296178835336,-44.6806775237008,-45.878319263934,-47.1446391863857,-50.0187932409878,-49.0806791283778,-50.3956319106684,-58.8017216740424,-58.7317478824943,-54.7037770765132,-63.0732445432123,-54.7088985024146,-52.6060920584219,-53.1566019760326,-52.9342330192324,-51.5485566256118,-49.1477838450769,-46.9709339148023,-46.1037810792897,-42.6221573890807,-41.366227843856,-40.9586954930174,-40.5329402455291,-40.536793556319,-40.1403949850359,-42.0022201921237,-42.3923149994337,-42.7189327324036,-43.4666067033769,-43.5437595419493,-44.1162862307956,-41.6798316413353,-43.357238765662,-41.3585321389746,-41.5750651150449,-40.9089891657211,-40.8067973401438,-41.0216728615712
-48.313439846283,-50.131211092703,-53.0295890320292,-58.7419066090963,-60.1036767595863,-58.3894008341648,-61.36894703255,-60.0583845534215,-52.1963803287512,-49.4405438430544,-46.7889226368701,-45.7812015732237,-45.4075162428357,-44.7741258856838,-42.4370571352947,-43.0907453857575,-43.5492525577635,-42.8580212861383,-44.2860434608099,-45.4822202086647,-46.8308398380736,-46.5148277928698,-50.0864503106689,-53.4615337995509,-53.0496921016429,-52.1829740659552,-55.0909732092088,-52.4141321197251,-57.6086108547505,-57.9002152134864,-64.8721144382823,-62.6105060154683,-51.0039691202652,-48.0712736188505,-47.7659091183819,-44.1269236460507,-43.3421575868524,-41.5874916712855,-41.5412707768408,-40.8965345137574,-40.2507669894481,-40.8526302298041,-41.7362569406997,-42.2289463525623,-42.1322601222782,-42.9853116069535,-44.4311939795482,-42.3007588584113,-44.03799221077,-41.9772193010116,-42.1590938317574,-40.6355139760979,-40.3283462277502,-40.429684899521
-49.3087987593534,-51.3547034166633,-55.0228383078065,-57.2875669004351,-56.6025146017328,-57.0209332213053,-60.5237920086004,-59.9048832873606,-52.5783171904659,-49.8267854030649,-46.7887279232228,-46.3990028753622,-45.3198499545995,-44.32591331939,-42.3380349356502,-42.6628876286526,-43.2985264308326,-42.0434726872469,-43.3402023756633,-44.3002430686924,-44.2361046683329,-45.1622524366746,-47.9110838544368,-48.2539721211146,-50.0313074921805,-51.4422639980625,-50.6080735287643,-51.4846386744546,-57.5511412122327,-56.2554937746633,-54.1020573021964,-59.1197001752224,-50.4244019669818,-49.6829669922447,-47.5804605460655,-45.5129737882788,-45.6652192336418,-42.4818427643804,-42.514216488085,-41.4122256785133,-40.9066559396758,-40.2055331208214,-41.5988561500435,-42.3086581174075,-42.1136419154568,-43.9749531258349,-45.8957806517882,-45.3697358230125,-45.6897521852216,-43.6060068401704,-43.055417521531,-40.9486717274107,-40.2532097628511,-40.1089599753225
-50.586479193558,-52.617770650193,-55.0518642978234,-54.7980251282618,-56.5562483257305,-60.6012866940646,-65.8236029712052,-62.186062780402,-53.4447194180903,-49.9599037037323,-47.0023910537688,-47.1994847497962,-45.0183265403613,-43.7037355054762,-42.8245288726189,-42.5553421415769,-43.0386956304959,-42.1174998466954,-42.8074527558847,-43.4662248797091,-42.8502344490389,-44.6807456271384,-45.3094677999875,-45.2417143340821,-47.8547179919549,-49.9891189839578,-47.6828998964323,-50.8969167910388,-52.1579180793352,-52.9200175156648,-50.5947177844984,-52.5392067730177,-50.4944012314159,-53.2871576564761,-48.1994018198103,-47.5278162250444,-47.562465731429,-43.8895409249286,-43.1671080877217,-41.9014964871302,-41.8047059214811,-40.1529074971966,-41.6423173657302,-42.4668488834487,-43.0193284037531,-45.6813353035358,-48.9731591911829,-54.1268534949502,-49.2990664371617,-45.7156393450674,-43.9309085715074,-41.4575894611842,-40.4697851064743,-39.8273869938501
-53.016783719476,-54.401175491442,-54.3517578319724,-53.6071820286337,-58.152357853073,-67.9332988594386,-66.122862707415,-66.8160511580229,-53.4498086608291,-49.4239813844061,-46.9998758393532,-47.5564776291905,-44.6236445967522,-43.194404211209,-43.7834367610696,-42.9108038307383,-42.9765732876631,-43.0245904238031,-42.8055977372068,-43.1585586525805,-42.7069896295909,-44.6497332726857,-43.6991140704276,-43.7900944982939,-46.0801696115132,-47.5646967824815,-45.9714553831665,-48.7181206228648,-48.8619336315367,-50.6944819412433,-49.5762868414071,-49.8241088351747,-52.5058205030973,-59.9038055115728,-51.8801276455713,-51.3065708539159,-48.2259813042127,-45.6638180089966,-43.4523093679189,-42.1974675126373,-42.3933135310009,-40.6683323568366,-41.6568330780789,-42.5285490337424,-44.1857822395456,-45.7815975457416,-53.0600970605067,-55.9977669183251,-55.7881093899295,-46.4013749471139,-44.1893801986482,-41.5839263047249,-40.7755264910489,-39.5078548406333
-59.288988179125,-58.2176682558659,-54.4037428861074,-53.1917879042864,-57.1348615185879,-56.2017395134815,-55.6329200754645,-57.5150185279704,-50.9014666687129,-48.1111010556897,-46.4433503194044,-46.9923099187834,-44.2968157859444,-43.1173867532414,-44.9477635348969,-43.8309246004849,-43.4959615797439,-44.8365359828567,-43.7071852638961,-43.650645808239,-43.6855067830035,-44.7368032248826,-43.2106008255024,-43.4850372481463,-44.6512914872074,-45.2813069490428,-45.2288630039687,-46.0936207726915,-46.9139712542148,-48.9055704719111,-49.253237336027,-48.0732122725189,-55.2553222634582,-58.5680963959785,-69.4007134070836,-54.6925838692413,-47.9956488905431,-46.4204478375147,-43.4724347077075,-42.2688812814307,-42.2570457353625,-41.5966782164566,-41.6120261509048,-42.6610873107363,-44.7678355618742,-44.4839474463717,-50.6998677693442,-47.4650979807745,-50.567364853096,-45.1459923499789,-43.4954697007253,-41.2138213252803,-40.889189852554,-39.2646289863976
-66.8989586403684,-60.3554935858735,-53.6545976990756,-52.5353607688427,-52.9646962989837,-50.6164412051358,-50.6201745606911,-51.0625075662377,-47.7250439732021,-46.5059977198861,-45.7148057815694,-45.7444221522277,-44.1549944897278,-43.6576978507189,-45.8058283256741,-45.2923456706189,-45.1390692588272,-47.8710390049647,-46.1099339096503,-45.2353539199754,-45.5466890058777,-44.849474110698,-43.5851216993915,-43.9807654171727,-43.7032305192133,-43.7867446152898,-45.2076872217485,-44.4880178568314,-45.8881007242398,-47.2939981372902,-48.7669196095263,-46.7919765898682,-52.0779106875607,-52.7231147308349,-51.7767974757664,-49.6986849209705,-47.0090852354797,-44.9941361897669,-43.1900644137583,-42.1797875818288,-41.6716487519004,-42.6495720375899,-41.707523317527,-43.1747527491182,-44.8646242236064,-44.1345332380424,-46.864317490683,-45.319803419368,-45.3947309002976,-43.8497220288272,-42.3255874770669,-40.7883388268392,-40.5802519193589,-39.2303018544208
-53.6827101504558,-53.6134600720086,-50.9544852688266,-50.9436324011733,-49.192510796653,-47.2472227656939,-47.5133375773116,-47.0626686581936,-45.3573590442529,-45.1407607293612,-45.1650033680134,-44.290657008422,-44.1833643507825,-44.7225338462997,-45.8403780495425,-47.019190426516,-48.745782827193,-53.0797868748958,-51.1283471110903,-48.1349838613516,-47.7406248618993,-45.0219548913781,-44.4287306487995,-44.859698827275,-43.3983751385758,-43.3450902392773,-45.669224152537,-44.2532556878826,-45.7450457456492,-46.1171948483248,-47.86989109277,-46.2343081636725,-47.7599708030238,-48.7077301672264,-45.870062665658,-45.4848060844008,-44.8696370313434,-42.9308822594499,-42.5025231593258,-41.9809621414225,-41.2165310192281,-43.4876545021629,-42.2868034567988,-44.3510469129845,-45.4511822250687,-45.6530993556326,-45.287592431236,-45.6344362208825,-43.1815566108936,-43.2248446930236,-41.333181443999,-40.6468430546142,-39.9238139019188,-39.4251244063769
-49.2424096631742,-49.3573221421869,-48.3670567613048,-48.8480237150839,-46.4606055958765,-45.0946213295426,-45.4430102848394,-44.4923417710797,-43.8625787981511,-44.111252448032,-44.5109023132217,-43.0106710778388,-44.1940473365952,-45.6748468181465,-45.3622961178496,-48.4135776230153,-54.4267874835441,-61.7999831388617,-56.9213187908503,-51.3548445615074,-49.3036499921181,-45.2435114183681,-45.3139740201885,-45.5742691858574,-43.7575423839899,-44.0358041369739,-46.4004775092437,-45.6081909099278,-46.7132093261378,-45.922674163263,-46.8241044356643,-46.5090769138989,-44.9997662855772,-45.5498059641997,-43.1780513876744,-42.9069328187595,-42.2790110628566,-41.2945252410488,-41.5367755703571,-41.6803548722148,-41.1971616580605,-43.8840366169704,-43.6390110813548,-46.2729136740297,-47.4359230906337,-49.894870181891,-45.8743948605038,-47.2536570966604,-42.8995442846207,-43.1803860926229,-40.8586795940407,-40.8299142273077,-39.3236930415707,-39.7693568800661
-47.2657151016219,-47.2478671585625,-46.9443162952696,-47.1124618625313,-44.8474545540467,-43.9900958371921,-44.1330340969093,-42.9681101801285,-42.9757329027744,-43.1741796379049,-43.318479728195,-42.1234088635858,-43.9119258088342,-45.531057092468,-45.2659832755029,-49.0865314184853,-51.8888742059937,-56.7018367847528,-51.9038553931542,-51.165132586881,-49.721084438699,-45.4597733761334,-45.8752508562347,-45.5307367467902,-44.5090211590524,-45.4750482102207,-47.1198242056979,-49.3455446928362,-49.5942768636133,-47.5145507730692,-46.207242998443,-46.8584484150159,-43.2553895513771,-43.0322514005186,-41.6806198660521,-41.1935183370872,-40.1568634950964,-40.1588304203323,-40.5817085233254,-41.283291322095,-41.5619968737266,-43.8296531280679,-45.7045996968121,-48.2880403951578,-52.1814178790163,-61.4012198806513,-48.8260535922191,-48.7256148885862,-44.0184019474438,-43.5186972336563,-41.028085993524,-41.2272171549898,-39.2029630672342,-40.1532833073099
-46.6352083610769,-46.6109104629334,-46.8207184674372,-46.3395144577765,-44.5062713144888,-44.0156967865604,-43.5459764181735,-42.2928971217773,-42.3985893618496,-42.1160217845081,-41.7786245444812,-41.6296524422885,-43.203550015537,-44.4302262164497,-46.0093140062035,-49.3750691670421,-48.7429364635352,-53.2768935295945,-49.9879320490852,-49.7026572440418,-49.5165110183505,-45.4964586400825,-45.8010353103412,-44.473442219747,-44.9662590903543,-45.8975864151926,-47.1049758399811,-56.2535628093282,-57.0050198496321,-52.1747261453544,-46.2300447141811,-45.55240634237,-41.9548325598738,-41.1110753109221,-40.4454656162898,-39.9162168542251,-38.804196517785,-39.4063278257887,-39.8360956709629,-40.8483038131681,-41.9863913872367,-43.5097202713333,-47.3301104887634,-48.7161236643533,-62.7743748091443,-58.6625157014638,-52.9471222031278,-49.0744114000916,-45.6396256985561,-44.1551022814043,-41.8888707629833,-41.7243885661958,-39.8094588046291,-40.4928555351273
-46.7347617248473,-47.0456682350053,-48.0132446209146,-47.0392715711361,-45.8171680468986,-45.4019850546643,-43.7205496954054,-42.2398397789968,-41.8943795222824,-40.9849558643388,-40.350945083853,-41.2857731630455,-42.1557141120101,-43.2599133576309,-46.640176085212,-49.3260754771015,-49.2581628838212,-54.3923094432228,-52.094633306146,-49.5822610286398,-48.7881316780314,-44.9264347922672,-44.8952569304415,-42.8231029776741,-44.3215082985596,-44.0714716816137,-45.4576349565727,-48.9765586019952,-51.4772164660634,-50.7157106935736,-45.6975075854473,-42.9129206078667,-40.7484402559197,-39.7181838247975,-39.2274215787179,-38.9150082184008,-38.2005022458322,-38.9823840876,-39.3806650284411,-40.5092921962813,-42.1651018330987,-43.146171118834,-46.9422371969542,-47.6691310568127,-52.9718236128617,-52.4494610013359,-50.7278550655084,-49.3600171213333,-46.5365200168299,-45.1969846533971,-43.4508127940672,-42.2982243953261,-41.1921699532393,-40.7785743138065
-46.874168854862,-47.8913626932443,-50.105615012522,-50.1763604389166,-49.8969347866193,-48.472565479546,-44.4835540924715,-42.3232630469711,-41.2577353568229,-39.8911191007654,-39.2110133964935,-40.6701030457285,-40.8945334134401,-42.2277628844866,-44.7848804963062,-47.8232242381083,-52.8205139879296,-63.5792323727498,-54.7979472036304,-49.3462035218974,-46.6511769573722,-43.5632985464717,-43.2174938426552,-41.2020180273689,-42.530511840459,-41.7418996378556,-42.7786488796928,-43.1107485133208,-44.0483461992441,-43.683650382714,-43.1264350871463,-40.5137247028567,-39.6140955687969,-38.7617254995823,-38.2946024860472,-38.2339459483607,-38.2382359112817,-38.9307467067874,-39.2922279012648,-40.4452516840889,-42.2031218129399,-42.8639641737974,-45.7172827246724,-46.6072077208567,-48.2429499429096,-50.8747025720625,-48.3703815418609,-50.681318610591,-47.3906871545371,-46.9208096800664,-45.6170726737065,-43.0278405120444,-43.1199456717382,-41.1192242778691
-46.3265541194658,-47.6933275992124,-50.0880001933087,-57.236539299784,-56.7835069844045,-50.8913618878507,-44.6981252315372,-41.7908901509338,-40.2701845376431,-38.8213975829808,-38.3133336704194,-39.502900264767,-39.497916782416,-40.9413134455526,-41.675346577581,-44.7275499319113,-48.2311314803388,-51.6934201836701,-47.6127200082813,-46.3407160889004,-43.5173481102666,-41.9102948309204,-41.1776386102514,-39.9570009442638,-40.3917373033033,-39.8911056958975,-40.2984316023053,-39.8465842969815,-40.0820110224881,-39.7073468448407,-40.069227826664,-38.8238571708196,-38.7043703725955,-38.1715767832096,-37.8924450385422,-38.0322001039079,-38.8163759915357,-39.3750705058556,-39.7336521281153,-40.8485077229022,-42.4849222515622,-42.7695493853129,-44.9806141551293,-45.891593227501,-46.5842519661844,-50.6127068703987,-49.0396949961215,-53.6678741954925,-50.3732842976975,-49.5313633627557,-47.8837276897816,-43.9694392408515,-44.851475950841,-41.6971619943556
-44.9522562853457,-45.7730315225233,-46.7321339610686,-50.1349377747728,-48.0529272962961,-46.7144164286173,-42.91245690695,-40.4356427726271,-38.9191527393788,-37.7633966314724,-37.5718210973268,-37.9702532053034,-38.0745032919238,-39.1850774987867,-39.2145536773787,-41.5211555145423,-42.3275725654078,-44.2342150566976,-42.7203827531572,-42.7383667712995,-40.7901676797831,-40.5221414229615,-39.3874571203699,-39.1991376566151,-38.6792242962861,-38.6404512728867,-38.5571136095753,-38.0747907298695,-37.9128227303577,-37.587148186184,-37.8589280716005,-37.8021534390204,-38.1092701804811,-37.939581625499,-38.0393864396471,-38.4859766331596,-39.8948573156058,-40.5087690932197,-40.9902293125746,-41.9512642960211,-43.3112141618406,-43.1014872846541,-44.8750413582327,-45.4699654086418,-46.507867187796,-50.2486555853372,-52.563912968948,-59.1451785272124,-59.6609578997837,-51.6190916016844,-49.0401822905043,-44.9261209460385,-45.3845286754395,-42.632484630037
-43.2743460644481,-43.4212883553543,-43.5666071460858,-44.0719449378622,-42.834164363792,-42.5124658776794,-40.3329645505963,-38.8911251933487,-37.5481484854464,-36.8471489269317,-36.9344292916898,-36.5154726016085,-36.7990004671429,-37.3565623933245,-37.625895763684,-38.9699693647334,-39.0103756768627,-40.2108337958968,-40.0697700514704,-40.2114112077622,-39.0840386209917,-39.6474598484535,-38.3342742589444,-38.9569457907542,-37.8075946364445,-38.0446224283982,-37.6808406375857,-37.3862292097125,-36.9914209650374,-36.7373748632158,-36.6882252828469,-37.3441570224735,-37.8072137010558,-38.095961476457,-38.5906504911671,-39.680728678801,-41.5093710271547,-42.608356262025,-43.5637601732742,-44.1546977442921,-44.827207598325,-44.2138545697409,-45.1550875102592,-45.3750775534794,-46.9034499676081,-49.3103575697275,-51.8967341946571,-59.7209129950573,-54.7942775168717,-49.9606176383851,-48.6073693383088,-45.4383915855976,-44.7887667741535,-43.8515819866331
-41.8075168967949,-41.5383182489507,-41.4146839243769,-40.8428836686864,-40.140567752667,-39.8601949755139,-38.3842932058121,-37.7299716093858,-36.5733778373938,-36.2732433219715,-36.4057512951449,-35.4920163239085,-35.8543732600374,-35.9529011384367,-36.7131508829138,-37.2068987147312,-37.3518289564473,-38.0056902444154,-38.8220442523824,-38.8723859884024,-38.5461213502843,-39.4011698648795,-38.3222866289349,-39.2741653841322,-37.9752029768855,-38.1941702063295,-37.6712627557714,-37.5803110608975,-37.0533380314978,-36.8888515659377,-36.494755839596,-37.3900143416286,-37.7699949651091,-38.6088051183175,-39.3593094423799,-41.3544615521252,-43.655965546313,-45.9358030748146,-48.7169103306302,-48.4831070843575,-47.0346631088077,-46.3281219230983,-45.4781885981007,-45.5720476148018,-46.5398589258392,-48.1357556430226,-47.3937463032365,-53.537959779756,-48.7483185445313,-47.4954685363581,-47.7191808018307,-45.4523269601938,-44.0558905824495,-45.0143747264433
-40.8111239734124,-40.3314801390619,-40.1412398843205,-39.1774326790272,-38.8904898103905,-38.4056342858368,-37.4171804363634,-37.1920767120332,-36.2604966350091,-36.190905223686,-36.0768212308301,-35.0958620919111,-35.3805854005246,-35.2252534202584,-36.2698424865962,-36.2122924129683,-36.8321698168164,-37.1028284635563,-38.5435918569375,-38.6336045761105,-39.2584452420292,-39.9475054479881,-39.6175722576198,-40.2685131794929,-39.3122581584205,-39.1635152953751,-38.4835638175661,-38.5205155688163,-37.9294636394247,-37.8973747319704,-37.2400345437257,-37.9437727928803,-38.0783875383145,-39.2944750702052,-40.2337156645124,-42.4675827877731,-45.701909585667,-48.9248867623445,-61.3295570234014,-59.0857452817405,-49.354358422398,-48.3261742727901,-45.5265482801912,-45.7551624921426,-45.4675352892402,-47.0968905661869,-45.3787829967207,-49.8421784133621,-47.1294591827791,-46.4676734349059,-47.2755083498142,-45.5896913561593,-43.9181912543399,-45.6199306219734
-40.3716515548166,-39.804559968535,-39.5913160594745,-38.6309308984983,-38.6817076536345,-37.9660188662628,-37.4736894800853,-37.378135846778,-36.7475945811115,-36.6767579529389,-36.121305348683,-35.4219054469706,-35.4698259532362,-35.2513247760171,-36.1739748539857,-35.9506741191006,-37.0937409572484,-37.2435637965274,-38.924140150236,-39.4333618300107,-41.3523812497498,-41.628909573614,-42.6870682622442,-42.1851710285218,-41.9074650563576,-40.9724398730905,-40.0253794492723,-40.0754512677326,-39.5240033506395,-39.6724644417501,-38.9840497486444,-39.0757803785391,-38.9318577924757,-39.939681451598,-41.1848472892002,-42.2141329196988,-45.6895109943748,-46.8434878405304,-50.5855013152142,-51.9312197442308,-49.5141565547533,-47.0408305877418,-45.1734176387434,-45.534032414979,-44.5963398919023,-46.275133959905,-45.5715822154852,-48.0257242325896,-48.0264037162031,-47.2428083699366,-47.6914663975801,-46.4309405517694,-44.6489718505977,-45.432129344033
-40.4782209349137,-39.9110248935417,-39.6643947005083,-39.0391267735199,-39.3380662181613,-38.5327258457828,-38.6049196513912,-38.3915907380529,-38.1220394651335,-37.773824791517,-36.7337732530353,-36.5070258202697,-36.1835519779044,-36.0381456787781,-36.4277651737204,-36.3947018784264,-37.7900532719273,-38.185370854081,-39.6655825478416,-41.1271538138652,-44.7582456048065,-45.2449681320284,-49.0049790750806,-45.4624306081993,-45.4411851429298,-43.5066104842368,-42.1428797067196,-42.083390536778,-41.8760982105264,-42.1684025262292,-41.9466212966653,-40.9509739195179,-40.5744765454609,-40.6479325367663,-42.1432649974073,-41.5766737080212,-43.7011746867107,-43.7598979673243,-45.3222245361138,-45.5656430746897,-46.9695387128302,-44.3512986865322,-44.4969896398238,-44.8388314377004,-44.2765912836652,-45.5294621974885,-47.5395956042274,-47.8898598132833,-50.8980203987937,-50.4233912133323,-49.2606236200093,-48.1798436958713,-45.9274128698636,-44.7845218744045
-41.049449093371,-40.5669556882971,-40.2944083500606,-40.3580781534892,-40.79401740353,-40.2732464294358,-40.9905579560759,-40.4285420291995,-40.4684709657646,-39.5186763914105,-38.0609948637976,-38.3373857864299,-37.5710174900718,-37.5670781075581,-37.1512785087881,-37.5265515356886,-38.6149321991709,-39.5496761079754,-40.4849577033167,-43.0485155696722,-47.0453569138023,-53.2171944314191,-74.3332351423107,-50.1545452327862,-47.7615256334034,-46.1398351598817,-44.6291224847359,-44.3579658497971,-45.1928045560017,-45.5262572668521,-46.5865062142377,-43.9372745995995,-43.1987954474929,-41.8415189154961,-42.911800240298,-41.4760623149039,-41.847947522447,-41.9732433702301,-42.9492658362089,-42.6661882302827,-44.2044768195822,-42.5175321806461,-43.6458642566571,-43.8644906081527,-44.3871321883589,-44.7456032668554,-49.7957771714467,-49.539070961013,-53.7992608258054,-57.8523715670358,-51.6557578148605,-50.3753968989868,-46.5389335032601,-44.2459651213652
-41.9371993917872,-41.6243601570299,-41.4130545296181,-42.5234486261735,-43.0535846371438,-43.6950985021095,-45.1749118142695,-43.9107550463115,-43.8576797504372,-41.8768047561277,-40.1454407145488,-40.8206121641636,-39.687464773458,-39.8100677101429,-38.5538835945706,-39.3383292441017,-39.4970841717224,-40.8441687203472,-41.2158777372073,-43.7614999535318,-45.3327957567395,-51.6021904940427,-50.8153681523133,-50.1604551212776,-47.2718579916099,-47.1869842445049,-47.0742972605281,-46.7773536001805,-49.2454510015197,-50.711732499859,-52.8309041016345,-48.8624406279474,-46.5739977071302,-43.7490415644125,-43.30065023426,-42.0149053203863,-40.9088737204939,-41.3424062593906,-41.9117089111826,-41.4389130893089,-42.1990697400878,-41.67527153329,-42.8240080456424,-42.8722023246618,-44.5853531429016,-44.0400446866827,-48.7347423837183,-51.3507142189276,-52.2277782774077,-55.0531038085965,-51.3772727579776,-50.8368470915156,-45.9801318410634,-44.205855235925
-42.9361876102173,-42.8359171777558,-42.8748501172408,-44.9948174176475,-46.050182985449,-50.4286605287986,-53.4215020399911,-49.6866311321657,-47.9538624296739,-44.441420976214,-42.8694651375383,-43.7309777934284,-42.6227924874533,-42.7508364703422,-40.9450427413539,-41.8356164015338,-40.67686669187,-41.8600687172614,-41.8835082013062,-43.1843497781554,-43.4701400720389,-45.0253460067527,-46.4031392741228,-46.2956259465105,-46.2116917147725,-46.2323335253075,-48.2111593053609,-49.1220332323746,-50.5887084159884,-63.6227523010168,-53.6678256008557,-54.5632325402981,-48.7493203147585,-45.560915063264,-43.4225027861956,-42.9329436670868,-41.0095336957238,-41.6379245249704,-41.704487749992,-41.3459769278857,-41.1365402055839,-41.6685814220483,-42.2913013280787,-42.1919926132647,-44.4351449560883,-43.6457500556704,-46.1362936238898,-48.337172809071,-49.2139221872875,-49.1188854827722,-48.138267490719,-48.6354049263904,-45.5102693626856,-44.8025118566719
-43.829793613907,-43.8718132951401,-44.3276630882447,-46.0978536744286,-48.7676872364596,-56.1194463927602,-62.2802682394997,-53.8434520614129,-50.162778146733,-46.194897982235,-46.046176082824,-46.6757906625084,-46.5627924094238,-46.4725907761285,-44.8666961389971,-45.0199341813966,-42.5038752970777,-42.8170392800968,-42.6257149082031,-42.6343713465744,-42.7175239124421,-42.3284670974409,-44.3846820982561,-44.0144191703956,-45.3055704527209,-45.0428074088758,-47.2182874829313,-49.8861011035139,-48.7037675100575,-54.2828893265859,-51.3389231005137,-50.122999775256,-48.2355104925061,-45.6989015635266,-43.7013899469202,-43.9691892685622,-42.1669475806779,-42.6715645661284,-42.1565700570625,-42.1506615045322,-41.1167707274146,-42.4183843635872,-42.2767804023223,-42.1435691224754,-43.821991051807,-43.7092793115829,-44.3497683039852,-44.7518029308333,-46.9378130208845,-46.5113894357095,-45.7455173529007,-46.2790113239848,-45.8765291847038,-46.0223610683144
-44.4778343127725,-44.4820211259805,-45.2199365685373,-45.3876438585282,-48.5714857521043,-48.2236337618512,-50.7240775324067,-49.2739469107488,-48.8147533510781,-46.9368735221708,-49.8652325646235,-49.1653403695234,-51.8337630585617,-51.5165375033309,-51.5513107061203,-48.6654251633284,-45.1367719208577,-43.8361920335635,-43.5288897385672,-42.6026542072426,-42.77189551565,-41.5611197197144,-43.282864618006,-43.0861876546164,-44.5140138745454,-44.443907125751,-45.7792445146911,-48.0440456845445,-47.5122049907844,-48.315419082403,-50.1877570114243,-46.7530699454419,-47.427389119199,-45.201786978067,-44.578003591047,-45.0931099950776,-44.3468717877344,-44.2301387388172,-43.2871732013148,-43.7353774239996,-42.3007102369473,-43.889455416052,-42.9341332269605,-42.9392436625821,-43.225160432656,-44.2326790450705,-43.5794533564206,-42.9528419452216,-45.4784154137131,-45.4784196533526,-44.7681892187503,-44.8983897814138,-46.8756884753284,-47.8395385393329
-44.8866409343005,-44.6971179898849,-45.3221131399951,-44.5988509192667,-46.5605033612352,-45.2586939788802,-47.3525607312414,-46.780989515483,-47.2375713758628,-47.8442767507057,-53.7609705615948,-50.813244170432,-56.9936007134187,-60.7542863202052,-57.6821402842959,-51.3127827348891,-47.8333693615119,-44.7104849379821,-44.4841048052048,-42.9819937779868,-43.2523446288789,-42.1006540413146,-42.8293516700507,-43.02814162322,-44.0686062706189,-44.3873117743282,-45.1180260476776,-46.0132104443896,-47.421006675268,-46.1527949726636,-49.3301777304188,-45.9479382446199,-47.5223165193962,-45.8065922376289,-46.3156529875458,-46.4201753142553,-47.3382972242107,-46.1060691029542,-45.260509789309,-46.1016666776229,-45.0221680739264,-45.9467915956097,-44.398701086555,-44.6404360652597,-43.2435377505483,-45.0756561075898,-43.75903636455,-42.8224580744558,-44.7870412347879,-45.2339814197906,-45.0091746006365,-44.6751846329766,-47.776461769439,-50.1296273137296
-45.1750882476846,-44.76739940899,-45.0377521511664,-44.5356115004532,-45.0684951787699,-44.7043047307053,-46.0975142599874,-46.2299003744855,-46.6502546505473,-49.4067123026058,-51.8382371031638,-51.5496006610297,-55.1202651385923,-60.713838092713,-52.2377968645526,-50.9833355817785,-48.5728328944539,-45.3621572512757,-45.2014376107093,-43.6672668229609,-43.9237591517998,-43.6323763969114,-43.0525271989926,-43.5706865888981,-44.2166551302758,-44.6631466532816,-45.4715536983219,-45.1398127450779,-47.9338481139717,-46.0945065496843,-48.8730514834356,-47.2858857334324,-48.7430540615236,-48.172921767631,-48.8309240353918,-48.0356493890714,-50.4889622016939,-48.2845229696059,-48.3773551528076,-49.5117199217322,-50.17745842376,-48.2549036008002,-46.9281614222733,-47.0160529685928,-44.2319771019171,-45.9598010460211,-44.787523225129,-44.2141898632933,-44.8285860790272,-45.446389550062,-46.1822984404023,-45.6359789518088,-48.2033444001937,-51.4833990623583
-45.4549698191133,-44.9328268128003,-44.8522105114848,-45.2248864311757,-44.6076969815039,-45.7609570382425,-46.0845628685289,-46.951690699777,-47.166399348009,-50.5867836655737,-48.4866838385384,-51.473428380136,-52.0045155964079,-52.5809206445732,-49.9720194482969,-49.403495951115,-47.9575931599647,-46.1545360136195,-45.6117790362457,-44.7895028148604,-44.7680347016307,-45.8266832161035,-44.0304702523857,-44.7023816171441,-45.0755771565612,-45.3408876879485,-46.7279836847388,-45.6540388372642,-48.6522223796278,-47.6488782000063,-49.5273964797345,-51.1941869093379,-51.5068643507961,-52.8897337773894,-51.2980167033863,-50.0241567539625,-52.5744693134092,-50.8824058926055,-52.9473772533967,-54.8959531538638,-62.2084237613297,-50.6231246940542,-51.0263305248072,-49.2180567054276,-46.2576281655335,-46.6284875377494,-46.3844599529199,-47.0856025153906,-45.6951482251372,-46.2677866855757,-47.9059359689269,-47.7709964557232,-48.5756060286479,-50.0254749673575
-45.7465295658929,-45.3055476917485,-45.0253502809435,-46.4417066823972,-45.2882906350922,-48.015784535221,-47.2262537711086,-48.6422997410015,-48.8306051030423,-50.3941129121641,-47.0870972180049,-50.772578343398,-50.1460910204156,-49.0732195910132,-49.6476412552963,-48.2353806625365,-47.8861400878096,-47.5189079793469,-46.174067394905,-46.6054444498753,-45.9643153479175,-48.1474845561896,-45.9274988130002,-46.6387859106074,-46.7382703315969,-46.8349353922179,-48.4877676838407,-47.6001852380864,-49.4989013535822,-50.1245692521965,-51.3396268385685,-60.4300303906417,-57.2063064009343,-62.5998056054185,-52.7087248728747,-52.2722130794416,-52.49851078292,-53.0101842394629,-57.009681360501,-61.6118144244458,-59.1461941742981,-53.3011855098951,-54.9993292165281,-50.2266214302262,-48.8916367447055,-47.1918288774829,-48.0692654919945,-51.3630179908018,-47.8033075536359,-48.2614555960542,-49.9846692432126,-50.9975431494117,-49.1725333578854,-48.0727518840977
-46.0015973107849,-45.8630191029773,-45.6753529758428,-47.7075544774445,-47.2762593056721,-50.6417545965545,-49.8746983631763,-51.3817105173577,-51.7499498185004,-50.1226821950376,-47.3969332561721,-49.9604286603563,-49.1600224023444,-47.5367540245382,-50.0515642229096,-47.8886166458073,-48.6820913879526,-49.6530188763602,-47.5353689814785,-49.285127825532,-47.8518877742574,-50.0362389862532,-49.1346033464583,-49.6698932581677,-49.3851162664388,-49.6137814999506,-50.1200861316466,-50.9353672358949,-50.4761689057688,-51.879206831752,-52.1587777515733,-62.2790985460088,-65.7196740852228,-66.0109408331393,-53.7071800877589,-53.4345137192581,-51.0983966177356,-52.6267492191599,-55.4535870881089,-55.4244967811755,-53.5598229845352,-54.6399472897185,-51.6366248337471,-50.2611268178683,-51.0660092904353,-48.0953833282144,-49.6574156336998,-56.1695980105038,-52.2806708882229,-52.5297457598852,-53.0195235345202,-55.0012532352065,-49.8553460543923,-47.3443648812486
-46.1883600412722,-46.466060117001,-46.79368118413,-48.4066111245236,-50.6796676074255,-52.3696503953882,-55.2363118352222,-56.1400549634684,-56.1054935173966,-50.6585867492389,-48.979835653909,-49.4856569326457,-48.7701163241915,-47.3557094763595,-50.3768889507546,-48.5927005297258,-50.0619457471635,-52.4371958561538,-50.3025801646678,-52.7632671447699,-50.960974904781,-51.6029841131583,-54.424730855634,-53.8986084915064,-53.2942693281352,-53.5220619866865,-51.5908396277901,-55.0803970171607,-51.4488690578043,-52.5799688241117,-50.4510151743067,-55.5390490060894,-56.6872066546494,-55.9922523848981,-55.0502678748574,-52.408301971962,-50.0689210012582,-51.2213215134959,-52.9415220431117,-51.0372014953917,-51.9059680390816,-52.0714969991464,-48.3041072855498,-49.9370440821005,-52.2195383571449,-49.6224129780889,-51.5536277015046,-57.213034080106,-61.6703060362259,-62.4473025092377,-58.1867594885776,-57.7439463205207,-50.6380705436532,-48.0860874522617
-46.3314617788472,-46.9250929598378,-48.0446276385176,-48.5429876115901,-53.6470502229288,-53.6026094685742,-67.0154099736116,-68.0052194233032,-60.871527465759,-51.3014833118811,-51.1926584786377,-49.3291440317114,-48.834605123469,-48.3159146458108,-50.3778863483191,-50.6366270462704,-51.974480408241,-55.3145820066861,-55.3558449617623,-56.8194271929268,-56.2147211763511,-53.5314176135915,-60.3555987814325,-59.017682895097,-58.5479727780253,-55.7570185987895,-53.7390443381945,-57.8125944792995,-52.3609412104901,-53.6954538481558,-49.1318969828432,-53.5963704220896,-52.6661884595052,-52.0393872622832,-56.0493069687584,-51.0999385693848,-50.0107427787329,-50.4902155011927,-50.9717935797144,-48.958764936735,-51.1284592290129,-49.3168111085133,-46.9567697936516,-49.4831052809167,-51.8111843522764,-51.2483043464865,-54.0242867128896,-54.8096596990557,-55.8704250968023,-58.4936705059995,-58.5642091229007,-55.9330545494199,-51.9490095013486,-50.1452805203722
-46.508864626052,-47.2063703327355,-48.7200986010269,-48.8071354944678,-52.3368614096254,-55.456182582432,-57.7065663743633,-60.4113380925559,-59.3837864614264,-50.9260955983679,-53.3703340829966,-49.2244785527907,-49.2853654953065,-50.2919910251973,-50.3932421022989,-53.9403811483659,-55.0292114782039,-58.0152697810199,-65.5778417337057,-61.5312716203688,-65.5380101871865,-56.3134022633674,-57.6892361926491,-67.5198649129348,-63.1672183629971,-55.6612884414013,-56.214796126598,-56.7515912319084,-53.2928523122122,-54.5847106937327,-49.5089274885094,-52.7553919058698,-50.9943040154729,-50.5005101691323,-55.1827699546992,-50.6026239904759,-50.6844243858406,-50.3036029917871,-49.4414437557361,-48.3640243410452,-50.1897438260012,-47.8260078703443,-47.1547505480981,-49.0460416971065,-49.5465638629943,-51.4847091873705,-56.12796688806,-53.2464563874784,-51.729422188124,-53.440312261378,-53.9634375109563,-53.6999374603951,-54.4068621546614,-52.6632239595352
-46.8946600812727,-47.635995021697,-48.8077909445978,-49.7310019232319,-50.6255771128014,-56.2577653014427,-53.3183727718559,-54.3903722853281,-55.5632317704265,-50.3146614758643,-55.3307329060907,-49.3007882226555,-50.1410755504603,-52.8507587375752,-50.8249412740268,-55.1226573311981,-59.7033970841087,-62.2029928161742,-66.1113426985565,-61.687008931481,-71.0021017044762,-59.8469890154973,-55.4499465210081,-64.4879732562913,-61.0350589947806,-56.4569190126501,-55.1885823853652,-54.0619664911675,-54.2015192635632,-53.826722291939,-52.0701450148314,-52.1529142821579,-50.4759228614181,-50.595205611195,-52.481738236473,-50.7161787296005,-51.4591033183174,-50.2602657306756,-48.7925669575304,-49.0387520443808,-49.2801933757188,-47.5110234248532,-48.5882316492894,-48.6714810098119,-47.4040439915862,-50.3530582762966,-54.6858125004226,-52.4338099603538,-51.0628897398928,-52.5755880620791,-52.485895576207,-53.5952343227896,-59.2069734021771,-53.9254606174847
-47.7968319428838,-48.8545937380644,-49.4715737814337,-51.5191012388864,-50.4511080039588,-54.0314053047446,-51.7677905230639,-51.9318179713164,-53.0052211672193,-50.8901083930677,-55.8516481812919,-50.3019554934406,-51.5978662301643,-54.477137018422,-51.7213600736796,-52.5939519723771,-59.2356342905763,-61.5027279281929,-58.2156871809264,-55.8043160493053,-61.8036228880082,-60.9010332349793,-54.4698529844054,-55.0412273153033,-55.409359112883,-57.9350117743813,-53.0139427728735,-52.4614944586581,-55.2356393765735,-53.492050239378,-58.5802237344983,-52.0891806706232,-50.6160743154222,-50.9710376623301,-49.6834174815799,-50.8346857697492,-51.9319362689126,-50.6110275994722,-49.5754619326832,-51.1438840404168,-49.2112368634948,-48.4534212335001,-50.8216388876286,-48.2998255579839,-46.4091814893053,-49.0031348239541,-50.5286489504838,-50.4059860887586,-51.3143629052752,-53.8458229508303,-53.9175305424955,-56.7215392401858,-74.8900375504572,-54.1379434498589
-49.5178898568424,-51.8484142523408,-52.252325405962,-54.5412078477797,-51.5055028802921,-51.5824694468977,-51.1968309179527,-50.8386497425482,-51.4786421379993,-53.7540140753521,-54.3331673967315,-53.6003329623757,-54.2157083813224,-54.5086264313708,-52.6578921647748,-50.6167272915859,-53.9787870285575,-53.2417944893528,-52.8769791868177,-51.2570122078479,-53.1267716689874,-54.7714354240572,-53.0221038113939,-50.4570755740884,-50.8969209243461,-57.8523096181005,-52.8002648632418,-52.8594985727808,-57.156339191228,-55.9985900354585,-63.4380894522552,-52.8554547456285,-51.0568679921639,-49.9518397028594,-47.8146591707533,-50.5114389877002,-51.8405645230224,-51.821357103589,-52.3638339270507,-55.6072623126369,-50.9675409653463,-51.310063541738,-52.2549844066043,-47.9387093018913,-46.489248792183,-47.6296610469437,-46.9967309675726,-47.4536233368424,-49.7074453001736,-53.7463380273824,-56.1127913016732,-61.3524451889642,-60.3964180571873,-53.7933443715702
-51.387159954087,-57.8750811475766,-61.7060605710603,-60.0012204647324,-52.4067043383488,-49.6827513858948,-50.4287650934596,-50.0384158017559,-50.4585425649909,-58.6114054516445,-53.42111714581,-65.9153729401302,-58.6689790497297,-54.3877382628382,-52.8123211278298,-49.193688761921,-49.4482075637639,-47.9442733938319,-48.4932038964646,-47.8066428228313,-47.4247057961513,-48.7658235473164,-50.1758672557343,-47.5918513605944,-47.7875241375654,-54.0088680867823,-53.4732515870587,-55.1001106715729,-59.4464017640842,-69.7578020539091,-54.0753217566658,-54.077091313996,-51.2746460650638,-48.4264044591395,-47.078010640805,-49.7329638469891,-50.6154383021718,-52.9434026967366,-56.3417416696146,-68.8696480200739,-56.5531015009997,-56.6419765277799,-50.8779140406347,-47.689785520761,-47.0689086109842,-46.2515952917763,-44.796593557865,-45.2729846243695,-47.2173709702054,-49.9893723480136,-51.783595940923,-53.1867014476185,-53.1279105472205,-51.3840128921417
-50.2098635032435,-54.1794155336766,-56.5000456973391,-57.0867787787753,-51.0583701004408,-47.7258578884063,-48.7761268137909,-48.6954519615498,-49.1490502121435,-52.3469561996343,-53.583008081032,-55.910604468942,-55.937588565979,-52.1141235470595,-50.7125552188786,-47.0065717304812,-45.5493698789531,-44.4068360733022,-44.982420984292,-44.9460235156853,-43.7600941058048,-44.51025624926,-46.4454026077558,-45.3548498903957,-45.7208340728604,-48.9154109614531,-50.4331340482799,-53.7579210283493,-55.7186340103241,-56.4634315359133,-50.3416374398299,-53.4460130686295,-50.6308072695479,-47.5417986074336,-47.3034772836566,-48.7689842265186,-48.7995393475643,-51.4298680126332,-53.8363036170176,-59.4015131994893,-59.1763094602241,-53.3313455402016,-48.6652628891521,-47.6136985319504,-47.3034478841494,-45.1512023150218,-43.8435019592469,-44.2610306234723,-45.4640267799321,-46.5283282879287,-47.3012829775362,-48.0464292798326,-48.874859653585,-48.0120266374039
-47.0428490314602,-48.1668634374148,-48.5646076264216,-49.76512308976,-48.2573386441099,-45.5833951160035,-46.3981586279209,-46.5371085906002,-46.9530501204529,-46.5933909275791,-50.8581347584239,-48.1769206430379,-49.0227550020453,-47.1379523575164,-46.5945297828794,-44.1162129378177,-42.443017743353,-41.9214791567672,-42.2065278564846,-42.5095130331359,-41.4789686729384,-41.7205645578961,-43.0849241086179,-43.4017593333736,-44.3544633414915,-45.09764259023,-46.3008048830235,-48.85089877432,-50.5044276574906,-49.0807317137661,-48.6481371341827,-49.889376147096,-48.9642214251763,-47.1122975039694,-47.9806745448146,-47.9351709128425,-47.505039650606,-49.0406549392895,-50.3488147666754,-52.9250046260466,-51.0074697945979,-48.5392293787038,-47.4507113734837,-47.649867997464,-46.8582308835107,-44.5579528233398,-43.8917904521096,-44.1575145170684,-44.464710341535,-44.3434143075611,-44.7300963227686,-45.3101630360383,-46.1412712025893,-45.5099206611322
-44.7368754361071,-45.011783066775,-45.0139324271298,-45.4541827672607,-45.5654325326164,-43.6835496195843,-43.94715759856,-44.0667216061092,-44.3125184284408,-43.1802681112791,-45.8493764006708,-44.1640168426395,-44.3753998404375,-42.8945734944863,-42.6849315609689,-41.4888821190831,-40.225661747623,-40.156923500307,-40.1028701686886,-40.5141291165114,-40.1713412343029,-40.1323755912126,-40.7434701251596,-41.8864804351258,-43.4296119361846,-42.8345601971528,-43.7630102261493,-45.5229085170774,-46.9664072658637,-45.5464686040812,-47.6021019044419,-46.4075712085324,-46.8448733688754,-46.5704240981563,-48.2249473909819,-47.291088024846,-47.058706534851,-47.7558244997242,-49.0641820542034,-50.4841149579413,-48.0666516077476,-46.9170058495592,-47.6292138612723,-47.6459898269116,-46.1515791566926,-44.4903680253836,-44.5098769470268,-44.4015383588096,-43.8860279295385,-43.2786560307546,-43.6199178892526,-44.1455022512671,-44.7492343434502,-44.4191455486215
-43.6799539446457,-43.5287544674835,-43.2996801243038,-42.9466350942746,-43.4128685745827,-42.3381498312072,-41.9684853371981,-41.9446859216276,-42.0102770298292,-41.1944691778752,-42.0320421300042,-41.664080432793,-41.2882719678586,-40.0591165623352,-39.8427200782019,-39.5451987494265,-38.8358074355201,-38.9581011696648,-38.6790501795604,-39.0403272318252,-39.5187608259582,-39.5308759207898,-39.5680957879621,-41.0487164842086,-42.8099131138241,-41.965468499879,-42.8295693933631,-43.8576304783518,-44.8637432802387,-43.9333064501575,-46.3648120033876,-44.1867052543232,-45.0022423095028,-45.8457621926451,-47.3950682849325,-46.5552428746983,-47.1114177012699,-47.596645405438,-49.4542691902595,-50.3492564927431,-48.3563851041267,-48.1067751368851,-49.0816168404451,-47.483602136578,-45.6406334121654,-44.7533097388193,-44.9638579207718,-44.3175730687332,-43.4963358398144,-43.1012848152687,-43.6954064500531,-44.3984704053932,-44.8921715105374,-45.0809207069063
-43.7404820371197,-43.179097105374,-42.6631662469461,-41.6733768695572,-41.8935774722951,-41.6009531861152,-40.7408196414601,-40.5542499389524,-40.46220731195,-40.2454446040118,-39.6991860875847,-40.1157827091467,-39.3702295981587,-38.4639713160957,-38.1234685943617,-38.32566982388,-38.1417121964531,-38.2509731139751,-37.9428578143629,-38.1751216450504,-39.2598692335402,-39.672007201892,-39.5464053956801,-41.0290806308463,-42.5274820967256,-42.3194845882939,-43.3439833222766,-43.6178299317849,-44.0390597602511,-43.8250737954817,-45.1214785189251,-43.3444352215897,-43.908726590903,-45.2109171099475,-45.8481903122208,-45.5684563727043,-46.9829860061169,-47.8630264002959,-50.5713793360659,-52.2459211323672,-52.5190003942683,-53.49386703183,-50.4624854954072,-47.1508420141957,-45.4792641730945,-44.8238405300058,-44.473146195213,-43.5446703722436,-43.0691617977294,-43.3877380109653,-44.6351098272692,-46.1162228339259,-47.1179815221463,-48.4549633553394
-44.6661874265557,-43.571587034919,-42.6686808959,-41.3116459049536,-41.0567036462756,-41.3979940371411,-40.3815332587961,-40.0700354724218,-39.8390284348991,-40.1505771842929,-38.6786765375975,-39.3518436376937,-38.4599267023246,-37.9280048029775,-37.4362435772219,-37.7781693291997,-37.9884582151277,-37.984254650832,-37.8618130434125,-37.9914941300994,-39.2612518080118,-40.2320546932178,-40.5930881526673,-41.8916570752755,-42.7736065837534,-43.7262101766273,-45.2776272635071,-44.8232850914303,-44.5556639042272,-45.2121705941822,-44.5848726340299,-43.903798862015,-43.8119837850895,-44.7848143166143,-44.4162412852367,-44.6880118768578,-46.3902479942465,-47.6129412529356,-50.4082840915439,-53.5908841878995,-60.6656247055677,-58.8191877676384,-49.2757438239884,-46.5156747140551,-45.2078399108825,-43.9844732019675,-42.9985686366955,-42.2321297718784,-42.3045310399542,-43.3536793919958,-45.3162733071305,-48.1524393066433,-51.9737931323787,-59.7758804075503
-45.8291674452629,-44.1921205907789,-42.9714123145959,-41.6302221640704,-40.9498711517739,-41.6419118948785,-40.9496506209425,-40.6036511023791,-40.2624367924386,-40.8429649706742,-38.9007289872522,-39.3552392685185,-38.4916041116233,-38.3045952695693,-37.6728290551751,-37.8383406050863,-38.2242889669141,-38.1126662250839,-38.3529364497757,-38.5414460039861,-39.5925216709176,-40.9299395742374,-42.4457921321747,-43.6377763397098,-43.8273709269992,-45.9881746927424,-48.6823720098243,-47.8237131341626,-46.7239074986289,-48.2770444250053,-45.2573334552376,-45.9545714623438,-44.8669835616807,-44.6968389826763,-43.7418046832373,-44.3932134504251,-45.6893095793855,-46.7201604364774,-48.3647815503723,-49.6540234601799,-49.947566476735,-48.8795455266742,-46.7604440686296,-45.1987245560399,-43.871447085582,-42.302515850638,-41.239918850593,-40.8254979325391,-41.2215317146512,-42.5038228749345,-44.2132652078573,-46.4761628499294,-50.0174941332719,-51.7183829195718
-46.1697813218035,-44.4712523053995,-43.3395110173193,-42.4717249729825,-41.635897480138,-42.3201959256285,-42.492601319131,-42.3048758155974,-41.9276966760709,-42.3840914047416,-40.434004171987,-40.1788137782434,-39.4345587375457,-39.4368324117117,-38.6975912730841,-38.4352382781627,-38.7366881765627,-38.6210015651349,-39.298885363744,-39.8445338948879,-40.4857732899245,-41.826360583519,-44.4853239485174,-46.0614092125518,-45.9718560747898,-48.9508642310217,-53.2579588663978,-53.7266371516612,-51.451362961468,-52.6924071568287,-47.5180396329346,-49.5896786026701,-47.211441898465,-45.3234793180366,-44.248939304286,-44.9356815044831,-45.2305343160193,-45.7674224609383,-46.1177711218635,-45.8428551736457,-45.2907792036797,-44.8052302502891,-44.4510969785332,-43.2234873074587,-41.7135695118159,-40.5993661703765,-39.8298049507738,-39.7666271694609,-40.2670824608648,-41.385448129411,-42.3506583187086,-43.4630713714378,-44.8853977696171,-45.3878968379016
-45.5430577393241,-44.3441345006121,-43.744958928051,-43.7552764161827,-43.2013821002255,-43.5428183626757,-45.0303735685427,-45.4690015466558,-45.2842950248253,-45.0522810561791,-43.5203620324367,-41.9009061965959,-41.2237116246118,-41.091805815242,-40.2946599241503,-39.4840193063044,-39.4957263526592,-39.5563032236653,-40.602412508324,-41.846188075105,-42.2401963750867,-43.3783029756044,-46.1807262803524,-48.389847009201,-49.2437556539052,-52.6569335861242,-56.5748757711183,-63.2543853458234,-63.230168685905,-54.3495560168212,-52.0348616473322,-54.0831854467289,-50.9412008940758,-47.2472625173398,-46.3755483972935,-46.3560667317823,-45.2020900154817,-45.0833259341331,-44.4510459341366,-43.6284065035717,-43.2012480900049,-42.8196646246415,-42.4377503598534,-41.2281871643092,-39.8478159077385,-39.4171264315626,-39.058181986926,-39.3103057603093,-39.8511195271817,-40.7236445918336,-41.2340698618605,-41.89421561638,-42.5677652946462,-43.1733617834616
-44.9102930353799,-44.3222873306166,-44.3653803528046,-45.3937692131276,-45.7253171510421,-45.5312707565932,-48.3781751846357,-50.702952086404,-51.7749342409698,-49.615307830169,-48.5190636904087,-44.4824972537509,-43.5841676124028,-42.8874553474356,-42.1103841829881,-40.8890190943282,-40.5706257363069,-41.0220237943113,-42.2544305645588,-44.3076981878423,-45.1562643191816,-46.2570447006417,-48.1237361173017,-49.8394230453419,-52.3115683759957,-57.0158786927066,-56.9790213337468,-57.5352400032815,-60.5058860274463,-53.1758129900272,-60.9839244335223,-56.0959939873559,-55.835804393785,-51.4119626706529,-51.049538116805,-48.5493279000103,-45.8265217640122,-44.7734604063572,-43.4927686553348,-42.6000409155315,-42.2500060328009,-41.6393844078248,-40.7551225999758,-39.7277302252995,-38.7810251957648,-38.8939491267542,-38.9813549018714,-39.5232558082089,-40.14990742773,-40.8616696794153,-41.3166997368028,-41.962531558084,-42.3703485287634,-43.1597994428112
-44.8680380697935,-44.9108551299754,-45.5109674437898,-47.1794667924638,-49.0740653726647,-48.5810606489579,-51.6021006257357,-57.0327847467628,-70.7864128203189,-57.9105944739581,-53.1693288750839,-47.1295206963546,-45.7418731197966,-44.3089614065375,-43.6898837048911,-42.5559423292855,-42.0929109239638,-43.1158850517075,-44.3308931070823,-46.6868617754251,-49.1375758944126,-51.4720966820493,-51.6950376515282,-51.382974546255,-53.3642420782096,-60.7754402863469,-57.1087218707954,-55.1584204784059,-55.1698662417511,-53.4526660218083,-61.4715442354219,-55.4499899614287,-60.4815211756977,-60.1253884047915,-61.797329212025,-51.2351157980372,-47.3388200552186,-44.9351240990029,-43.2269067198984,-42.2783112462877,-41.6301297742733,-40.6779657316065,-39.5471864264419,-38.8856889935126,-38.5381747151088,-38.9695713009527,-39.515205515156,-40.3322565766148,-41.1658080378854,-41.9083628740106,-42.7089423741257,-43.6503412169887,-44.0730572422366,-44.9549052524757
-45.5003207578378,-46.4091356146855,-47.6247909568913,-49.0485112492909,-52.3643368478828,-52.9647497971116,-53.3261345146076,-54.7251480082166,-54.6568736623444,-55.9354473090458,-51.8015137854486,-47.9798166977318,-46.8807661965785,-45.0448751333444,-44.7300830274873,-44.3731623472929,-44.1662165336774,-45.7911881570533,-46.8609732239565,-48.4662872117035,-51.572839707458,-58.3821746085234,-59.58046659263,-54.9955874596957,-55.1086591252214,-63.5636584528753,-57.2223955598026,-55.1660741123944,-54.0847471130577,-55.392786208703,-54.7049937689069,-53.8046638200791,-60.051796537113,-59.0596752408536,-58.4254206319014,-53.372208526502,-49.4260219201166,-45.5405610530103,-43.4972743338962,-42.1585136587884,-40.9685305624066,-39.8599719449627,-38.8961871900949,-38.6623250915876,-38.9405720769499,-39.4812275286926,-40.445629218949,-41.517648290848,-42.7135526277802,-43.7716399720528,-45.395192967279,-47.0543711218414,-47.9715266128311,-48.6467031689302
-46.5650877036813,-48.8641554835986,-51.4800696345216,-51.8437689659278,-54.8542446524575,-58.2218618329176,-54.0091639417848,-52.0772828195741,-51.1072485315936,-50.7901934270363,-50.8577289546768,-47.6328615593969,-47.4076415861981,-45.4062675808757,-45.3694306076098,-46.1314433692089,-46.6810161812782,-48.5241680707763,-49.5003030886695,-49.8556336163008,-50.9764991102615,-55.2518569187573,-68.4690385178193,-65.4672736186324,-61.2630157376999,-61.8312772109365,-57.0285408999877,-55.5368662503089,-53.84034029525,-57.6869737248052,-51.2505511203088,-51.8691200553453,-55.6393148568868,-54.3217576324107,-53.7222978287139,-52.822510730605,-49.9067772769806,-46.132640305286,-43.8923875078395,-41.9177388880121,-40.3967314238006,-39.3697144188497,-38.7914213943884,-38.9196740315983,-39.6756397987565,-40.2020855622963,-41.4102239860403,-42.6687748552555,-44.2610092713395,-45.8536016699721,-48.6754772008124,-51.8981675415248,-55.3368587566877,-54.746433502315
-47.412711804533,-51.1053505563823,-57.7307476454137,-58.7537585348562,-58.5994343002655,-61.3297593347542,-54.2649119914959,-51.2023625490112,-50.5095209868053,-48.8577586020898,-51.8256977316764,-48.1491263255135,-48.2183386953112,-46.0673037907601,-46.0679119838812,-47.5079817478151,-48.9366980265481,-49.9722223955137,-51.0144232474993,-51.4137384924071,-51.3534535763696,-53.8444705025987,-58.7694661721091,-63.684674398829,-63.6163005874883,-57.0705635275547,-57.0346998998485,-56.0545641100183,-53.6452431913164,-57.0859391464966,-49.3446216206877,-50.8241332028783,-52.5350060945235,-53.3472079817702,-52.8299573157264,-50.6869490738347,-48.1563161992852,-46.0112756117605,-43.9181725519972,-41.670193329222,-40.2180276265551,-39.371359140384,-39.1716974575569,-39.4788690837442,-40.3759920019999,-40.9056991683137,-42.0468234498436,-43.3847726350864,-45.165596775117,-47.1262827781932,-50.4694215274341,-55.1485939477314,-65.5268150422975,-62.8176490770555
-47.3270936525862,-50.3014035215559,-54.7409642973735,-62.6479839120465,-60.1508492405876,-58.9409440434577,-53.4317099108796,-51.1174607778276,-51.2996278538761,-48.7923958995371,-53.520432320363,-50.5845922520293,-49.924218493289,-47.5482119740968,-47.135814817535,-48.2533191908044,-49.651488861503,-49.3665252352426,-50.4212848868046,-52.889621994578,-54.5085474977437,-57.1422632269619,-58.3881094141998,-57.5917517299694,-56.5474035761903,-55.0262315879675,-56.6963057564082,-56.0347479640141,-53.5529010424294,-53.5114325958018,-48.7836951918833,-51.0955348101438,-51.2303154975352,-53.8797409307606,-53.0297902762443,-49.2365913528548,-46.788785673157,-45.3805601029526,-43.6270292595913,-41.7564080396728,-40.6193545764367,-39.9317985430395,-39.9441806944235,-40.1772370455894,-40.8322375110038,-41.4781991397121,-42.3832361086413,-43.8231902472578,-45.734620675294,-47.9540103467882,-51.2719976098891,-55.969307929362,-60.7306869329985,-62.6761846531216
-46.5894585160853,-48.0484457266191,-49.5970715760675,-51.2340776040288,-52.4886120411712,-53.1518920485623,-51.3822789607563,-51.0343283689669,-52.4010063179599,-50.5050198527591,-53.8947753139269,-56.8653545301713,-53.3261411835535,-49.7373481173312,-48.186194249535,-48.1795790323007,-48.5064528100534,-47.7578026318622,-48.8397827494825,-52.3111911934296,-58.3141406704394,-78.7820140753398,-61.6653728860621,-57.6166883998488,-54.942241312466,-55.4494393689471,-54.2289207468059,-52.8929808012069,-52.3131631091675,-50.2836309907148,-49.5457623827428,-52.5586575910621,-51.4132731316657,-54.6484142706982,-53.0107635642173,-49.1028746597348,-46.7864973491096,-45.1490700152398,-43.5956703655531,-42.4070401455996,-41.6067676592985,-41.0036080088268,-40.9515001394014,-40.915559540789,-41.1420152747049,-41.9801868718929,-42.8469544931356,-44.5934342734034,-46.9954118868733,-49.9338721733981,-53.9659274729282,-58.8957204961016,-61.5880865822285,-61.6555062402151
-46.0821821339708,-46.5179746136042,-46.8351429227374,-46.9004872598457,-47.6670492567115,-48.3700977271532,-48.8032164024114,-49.9693313208125,-51.2936148806947,-54.0091009470591,-53.0524309668102,-65.6284719758733,-57.1273410634022,-50.443628247478,-48.0152363130828,-47.0753011573039,-46.4499445083919,-46.1257641282411,-47.257410357164,-49.5184930762563,-52.3175537707707,-55.2222014535912,-56.9290819008815,-57.8942871828267,-54.6289353305841,-54.4740861417108,-50.8594032232524,-49.365040291673,-49.988325511092,-48.4543788818184,-51.5483411976392,-54.6687244081548,-52.6625551543664,-55.4298016875217,-53.1205157597212,-50.50072025111,-48.3362303370309,-45.9143471950732,-44.3041433687232,-43.6375691027087,-42.9399443324104,-42.3406125954641,-41.9561664577374,-41.6748830985062,-41.5833625701641,-42.5577058645995,-43.7553964135674,-45.9350327220108,-49.3209953144017,-53.9971254736183,-62.1538080161472,-68.2933068282225,-66.1221308797012,-61.4405119829982
-46.3382720537811,-45.9108254362919,-45.4110086116942,-44.7722190426414,-44.8450460225338,-45.0693669412703,-46.2063570395138,-47.4615134520898,-47.770357720766,-51.8776313233417,-51.6579965223321,-52.4772440369437,-51.2875127286102,-48.1504264320798,-46.4940575982103,-45.2746168898673,-44.4094866016363,-44.7524659931672,-45.7449326847468,-46.6682732927643,-47.7875844146285,-49.4663369777341,-51.1407418668039,-52.7840966239728,-51.5281077977339,-50.1369326783682,-48.3330555473198,-47.3816676526613,-48.4060826379564,-48.1005598923147,-54.4863197281988,-56.3749608457216,-54.4440409632016,-56.6273418901899,-54.4677040839882,-53.8625635948017,-51.5373653443145,-47.9289390139925,-45.9394305003332,-45.2070512162452,-44.1285482591835,-43.4955787632794,-42.8054345834274,-42.5238170043152,-42.4123123407562,-43.2980844158138,-44.886871579632,-46.8776094241881,-50.1034805230192,-54.1732465441657,-60.4786273491577,-65.8679986457914,-62.4003076554597,-56.8413034156567
-47.4411263458733,-45.9230869256789,-44.7566701740635,-43.7610346153791,-43.2032816072305,-42.9224957523567,-43.8968138531677,-44.5362171353576,-44.4873683391427,-46.1377764780859,-48.6169766938504,-47.2679482842967,-46.0611141713031,-45.5234632977717,-44.724834064309,-43.516044114529,-42.8745821324653,-43.6031830589218,-44.1974610394963,-44.4582916058096,-45.2160997057014,-46.5698410083087,-47.6844332259838,-48.3410372726912,-47.9113377512308,-46.8331988348396,-46.9615592790729,-46.9510094338213,-48.1921040008784,-49.0607778759043,-57.3477989302276,-56.8559082247377,-56.5921886376566,-58.1223645755369,-58.3715444482922,-59.8185997517981,-54.9332334313853,-50.9160961064968,-48.2391560271255,-46.646311879452,-44.9379731055294,-44.2996158184614,-43.6689861059481,-43.6149678606933,-43.7512299061344,-44.2080114120853,-45.5251756456074,-46.2252396631645,-47.5763081414965,-49.6465341463775,-53.1078761501811,-57.3866969924172,-55.6676512984947,-51.624590899179
-48.6783735871229,-46.008080376079,-44.4492995538631,-43.2551288683277,-42.280837696622,-41.6348904876903,-42.0586780594278,-42.1337374641464,-42.2110729437854,-42.4927083725607,-44.8489566929259,-44.0602442287412,-42.9672907064697,-43.5694537263263,-43.2461691767593,-42.267858874001,-41.9987799336958,-42.6485515953225,-42.7690018738654,-42.8854317451725,-43.6607009853409,-44.7219237756073,-45.4282988658218,-45.4188600386707,-45.4948226417511,-45.0999819352313,-46.5313432839115,-47.6348081178099,-48.8583837147764,-50.7138921913166,-58.3428143902052,-56.7821852300339,-60.0119324114097,-59.4640188226125,-67.8217460174513,-60.4491487385547,-53.9258408074106,-52.4827543895468,-49.9473966115295,-47.6685186145735,-45.8385869500368,-45.241319008909,-44.9475927225977,-45.1516834874258,-45.5572091065473,-45.3684849611238,-45.6553332500832,-45.3141626660887,-45.631081442368,-47.1855896403371,-50.0116012738222,-52.6843835561795,-50.9775297919647,-48.1648826257575
-48.3313213719702,-45.6156643026083,-44.0869957749039,-42.8197650099953,-41.7542174306241,-40.9630467469298,-40.7697180289218,-40.5395324291523,-40.8821624815192,-40.5275973373367,-41.8805549950322,-41.9794158803259,-41.3545265298934,-42.2833952304771,-42.2213215413169,-41.7084536229554,-41.7804900086155,-41.9923141869495,-41.754507762603,-41.8921535369455,-42.6074202954715,-43.2023445907234,-43.665888035149,-43.4307165460572,-43.9714550572377,-44.3418396008721,-46.4611896605489,-48.2882334364749,-48.8422902899068,-51.6337941346228,-57.731232382073,-57.678611274903,-66.8979658600448,-60.7001516017139,-61.4505893805499,-56.4404757292189,-52.0552701181292,-51.2019471928539,-50.0006408508286,-48.5199114677489,-47.422949110459,-46.9389179784263,-47.028914216855,-47.3901243561378,-47.7752188892752,-47.092079847634,-46.2321101311518,-45.5081256915726,-45.2994650900677,-46.4594315611288,-48.3854636598314,-49.3023072400479,-47.9292707540285,-46.3054667807323
-46.6351204651291,-44.7853101548401,-43.4568680933615,-42.2858009643532,-41.402242560253,-40.6868569044206,-40.0338048406639,-39.7578288359517,-40.3158779503741,-39.8461246144033,-40.1277357365605,-40.8719438371516,-40.9575653674237,-41.6984501087552,-41.8351423312138,-41.9154739438026,-42.1810048876364,-41.7984557024552,-41.3586036671222,-41.46641917454,-41.8583401452757,-41.9101669774423,-42.1859041952767,-42.0963515793028,-42.8897209744313,-43.8614480962014,-45.9379629347939,-47.6010509264844,-47.6509565147642,-51.4068940120163,-57.054622421406,-60.5621680116657,-68.0657684339417,-62.2823321093394,-57.0327647500427,-55.167612211667,-51.8513225197723,-50.0845700869875,-49.6082567139277,-49.5106672627348,-49.7923882291264,-49.5899751786185,-50.217526649779,-50.8215588078662,-50.8272551442259,-49.8064846605447,-47.7941276008743,-46.9779942005626,-46.3588328874761,-46.7999059398447,-47.3107865676009,-46.9704344193652,-46.2295425664168,-45.7816920462182
-45.273086289473,-44.0261587765718,-42.7396733593781,-41.7799642845455,-41.1368308682164,-40.6255846664522,-39.8102466822692,-39.6914218204872,-40.2956851456351,-40.2056597906746,-39.6485417167708,-40.7809382576755,-41.7201194902123,-42.0046973874594,-42.3389041498845,-42.9678555488623,-43.1777901085179,-42.1994072798445,-41.6686407056881,-41.629705148963,-41.487115928993,-41.1063131196413,-41.1813490851554,-41.4001269618404,-42.1287893224842,-43.3105433759444,-44.8416122100509,-46.2464231507033,-46.7665745656026,-51.2527161727468,-55.9106327115508,-60.6878001177172,-62.2897009852879,-65.6311330199909,-57.0634589574192,-55.4624087945652,-52.8771882581231,-50.2002082923848,-49.7494117158426,-50.5414498192108,-52.1174648515479,-52.2483528115379,-54.3493052071064,-56.9832434347849,-56.2902772377191,-52.8637367702932,-49.3517268845611,-48.6772185895752,-48.1517329314796,-47.5457316039961,-46.5515007180939,-45.7120869305064,-45.7147381344544,-46.4212409429509
-44.8242923009838,-43.7326292514451,-42.3347459109946,-41.5653112010141,-41.013309282262,-40.6932223982577,-40.0281294224095,-40.1636510729747,-40.5914646577765,-41.3130665201816,-40.5147679473617,-41.8658876995074,-43.7292364655437,-43.5613178210808,-44.057081979557,-44.9761176048315,-44.7568132934295,-43.2980229233833,-42.739356136298,-42.4372657701523,-41.7152413352263,-41.0673649067721,-40.9251407195624,-41.4001304003774,-41.8340879849387,-42.8893915518359,-43.8178004978095,-45.3356762857698,-46.889059928934,-51.6135793990411,-53.5347875283988,-56.0876878901238,-60.5425907154537,-71.1114618516223,-60.8839814017934,-55.20317114481,-53.3040703329987,-51.3932697625873,-50.4264828379379,-51.133486980937,-52.9087576951173,-52.8577258356674,-56.061886969647,-64.3858310995023,-60.1055962138877,-51.998805038027,-48.6401516073994,-48.6401288053443,-49.33688806545,-48.0045198035275,-46.2560917779865,-45.6785029682293,-46.4313310323438,-48.1593752650252
-45.311512318313,-44.1047879762613,-42.5987486651112,-41.8922379373792,-41.1869379079754,-40.9249331201304,-40.5912323098144,-40.9085571999335,-41.0131591525137,-42.568182375094,-42.8639944620697,-44.4355673626316,-47.1772111798795,-47.1550076187784,-47.5026573603776,-48.0123025845782,-46.8306580576757,-45.2465379854929,-44.7262280312655,-44.035837716955,-42.8095158139093,-41.9670910569604,-41.5706983118183,-42.0618777822048,-42.0981704543145,-42.8284106108902,-43.291712107677,-45.0987920117975,-47.63803695377,-51.7747670354333,-51.1051010681491,-53.6773975158415,-60.7488055116556,-62.8626446468642,-61.046800242997,-53.8387205243248,-52.0762925886864,-52.6474296328549,-51.1832977181182,-50.7888567621049,-51.7715686994583,-51.9429082091853,-53.5599634515363,-54.2827423348877,-52.1936494415414,-48.8861335968501,-46.9211715306653,-47.4848619760628,-48.8626192531575,-47.7936794751419,-46.6901496611391,-47.2484876840696,-48.8668716641934,-51.1586800250584
-46.6980295831805,-45.3232240493222,-43.8258733955168,-42.9537859216428,-41.8451997391471,-41.419690566302,-41.3787964203483,-41.6260019169255,-41.4700736181011,-43.1348894548201,-46.2354351129567,-48.522516015688,-51.5665657206625,-55.9804136467516,-53.2477622469548,-51.5446363190583,-49.1235648266823,-48.410276758895,-48.1559467928243,-46.8307374511827,-45.0618081194136,-43.8328491532234,-43.0459149073143,-43.1047972865332,-42.7443030156236,-43.0303383898074,-43.2565442198605,-45.1981091543129,-47.7404955177349,-50.5848199551771,-49.4070329345471,-53.3057529982311,-60.7290836641447,-58.7385951397636,-56.4175074779601,-53.188002293824,-50.9806907263034,-51.9414659082412,-51.0216638728153,-49.4426116158287,-49.2875428574549,-50.3044645336282,-50.6584220506769,-49.3090084446805,-47.7163901525257,-46.638223240549,-45.8788530430812,-46.3642085994471,-47.1071664666008,-47.1142881718039,-48.0524457768254,-51.266286216553,-55.0951209961967,-56.2711333002892
-49.1138778824571,-47.7696798858739,-46.379431562594,-44.8577344709422,-43.1288767336935,-42.2294597099739,-42.2394654555438,-42.1194751470302,-41.9519792241849,-42.912248331514,-46.6305856254706,-49.3039540578603,-51.8762351318741,-57.9728078784997,-54.9301038995852,-53.1232643466142,-51.2630311632185,-53.7658190021973,-55.0934849404214,-51.9940149908032,-48.5117961283697,-46.1687134495836,-44.7456530208294,-43.9090864178689,-43.3029261078534,-43.188845642283,-43.4242830798077,-44.9047940598772,-46.5265822556758,-48.3895958308863,-48.1102869724551,-52.7615778839456,-58.6168275740905,-59.1462456059904,-55.7370814959892,-53.7381708031135,-50.9034643226684,-49.7866640640537,-49.2733182781993,-47.6111430367857,-46.6674054963491,-47.8517551272956,-47.8008947787398,-46.2794746933107,-45.0722330313981,-45.2293942280749,-45.4796859784454,-45.1981857400014,-45.0889239995757,-46.3856499649337,-49.8546469057916,-55.3402230504217,-64.9220324605488,-63.6101524537116
-53.1730392329871,-52.6269416285687,-50.839600733547,-47.3727399090746,-44.9376271456482,-43.2335043441414,-42.9820242211891,-42.3647343306075,-42.4514039983397,-42.5936617219353,-44.0209489981886,-45.7754954405905,-48.6972504641978,-49.2397527691372,-51.2130830910191,-52.0098943728857,-52.9129698761056,-59.5343064122012,-64.4910634761299,-59.0934649962388,-50.3364123092791,-47.222393953926,-45.437607146378,-43.9457658587505,-43.3542363569675,-43.093387826354,-43.4121207198929,-43.8915708357646,-45.0372974529878,-46.4208876529155,-46.7086897722328,-50.1303225533275,-55.6122614392042,-62.1027175159655,-58.3714402268413,-53.3481160135894,-51.2151682014198,-47.9934434055332,-47.0198641396164,-45.9248437365563,-44.7361825560832,-45.3360603031985,-45.1382605301698,-44.2410348661463,-43.498735344821,-44.3511028350677,-45.2145129163992,-44.1284809806495,-43.6703218550172,-45.7814843596929,-49.5004236367819,-49.6281929358018,-51.0313313982524,-55.6383700127748
-58.9295192568419,-69.4434508375923,-55.1884428580629,-48.964185931711,-46.4163490208549,-44.0687619071136,-43.4176981856343,-42.4656093170502,-42.9267822361329,-42.6678264946508,-42.4040503994935,-43.6339777333141,-46.2438078105351,-46.4302392528246,-49.2470707522893,-50.199091341752,-52.6947036199301,-52.8860162139222,-51.6842002703957,-51.3110131293086,-47.7297622410714,-46.3085921349666,-44.9073495450055,-43.4228967982986,-42.9618560994894,-42.7551215456066,-43.0936999863909,-42.8262575318707,-44.1291419016795,-45.2495308710101,-45.4289388842078,-47.6032058335911,-52.9133834002948,-54.7515958206569,-54.7210704760503,-50.576589779208,-50.3850124860566,-47.003137478146,-45.3401634302885,-44.7233732806701,-43.6684992249694,-43.4394800007474,-43.1308878892189,-42.9887383709439,-42.8316024321874,-43.8944343998038,-44.7876989875874,-43.6370337983913,-43.2671009493126,-45.2516950070619,-46.8647240749514,-45.7679112314889,-46.6553580221115,-49.7060313963906
-54.5425578456983,-55.0902035285004,-51.1988115936317,-47.918930742224,-46.2830794704159,-44.3914265640799,-43.5057842971698,-42.6198708816254,-43.3366683288514,-43.2556106499767,-42.2735813673586,-43.1564565686565,-44.7792191944202,-45.5566381131907,-47.8248068028269,-48.177028703976,-49.9250168619913,-48.316138805153,-47.4169350639358,-46.7216882839378,-45.2471723181097,-45.1142827445495,-44.1158387072709,-42.8680810081068,-42.4832359830125,-42.3523835180573,-42.7569827981013,-42.4398565394853,-44.0665334574662,-44.9492187549547,-44.9153788118795,-46.5270176093939,-50.8999399754736,-49.4752709211534,-49.3222207271612,-48.1216068969062,-48.4653625555637,-46.5894432011991,-44.5217711946965,-44.0826708486605,-43.3734148777002,-42.3885619781365,-42.0514619302121,-42.5371363555037,-43.0821698841535,-43.9011440857637,-44.4212339886915,-44.0378293609695,-44.0424589385681,-44.8973911753973,-44.7366098578034,-44.1021622534851,-44.7008931804117,-45.9438141989998
-49.2906764969651,-48.7099241088351,-47.4052358397196,-45.9488850056385,-45.1203615693419,-44.3149065838686,-43.4359537895149,-43.0520403455376,-43.7113383675742,-44.2690012428819,-43.5888983937078,-44.0793854150515,-44.307389307528,-45.5362337032326,-46.1812930383952,-46.2991161425,-46.9153297917789,-45.7013340830715,-45.4157026458182,-44.5162926565218,-43.9940246144766,-44.3473475938575,-43.5290889464969,-42.6178592824289,-42.260450297868,-42.2075571766638,-42.8090580750442,-43.0636892680536,-44.8424721647482,-45.370484662913,-45.6353917491038,-47.1207981655867,-49.8624954003456,-47.3338030797462,-46.8249070914082,-47.0495020908019,-46.8194044693643,-46.294718556693,-44.4763895655208,-43.9439750910343,-43.6647706458096,-42.2336325780573,-41.9737951780132,-42.8970797414146,-44.1453401697184,-44.4522647315182,-44.6559224364406,-45.5027762117151,-46.145448563006,-45.1329260204654,-43.8243684007036,-43.8034832097032,-43.9207693508907,-43.4903044002672
-46.230249082714,-45.5911174329675,-45.1361235124379,-44.4176785397544,-44.0879842138013,-44.1547194996293,-43.4802100362357,-43.8798935312072,-44.2097501047517,-45.4969834816702,-46.4685042815784,-46.317066622387,-44.9881171500412,-45.9483874362048,-44.9067410864114,-44.9948707650859,-44.7827763462357,-44.2611934254939,-44.5390075682706,-43.6564106303087,-43.7119249272392,-43.9362477943676,-43.25853919737,-42.861075383489,-42.5898868641311,-42.687708518751,-43.5240817763181,-44.751764765329,-46.0963230671112,-46.2378312599776,-47.8962138782217,-49.5836698085831,-50.2118698911279,-47.7971541118615,-46.6921945174268,-47.317294598022,-46.0327830552457,-45.8485843730398,-44.9432302716262,-44.2090278705002,-44.2794345619962,-42.9750996369208,-42.870309912204,-43.9363488509899,-45.4406775216944,-45.5683846542371,-46.1584071930111,-48.4434898522239,-49.9258158343769,-46.448152703188,-44.040084765649,-44.2858630959606,-43.7217652281526,-42.0683917687102
-44.4145150645913,-43.8164538374004,-43.723031792528,-43.4530040921681,-43.4126878396655,-43.9671457784642,-43.810638022114,-44.9923630485521,-45.1047203451104,-46.80995374948,-50.8234958514152,-49.9939621445888,-47.0997814646969,-46.9147361345242,-44.603132373357,-44.4385195869567,-43.6031106378205,-43.6840286172046,-44.2565802872336,-43.6688559434986,-44.093902426229,-43.8333001865442,-43.4913721090527,-43.7619195588437,-43.7386828272259,-44.0766123926033,-44.9831896912647,-47.1610913074817,-46.956376578972,-47.2852651016324,-51.7702313170952,-54.2363107514742,-52.7960919150417,-51.4244293226709,-48.8171852397042,-48.6501498202918,-46.2039125911451,-45.5079703206273,-45.6191362079021,-44.8151322877739,-44.9377817777367,-44.536010285123,-44.6343364363993,-45.284948231968,-46.0443212701805,-47.0297915265379,-49.8826647857962,-54.7761360573696,-55.9451225738529,-48.8718045352782,-44.9950302039975,-44.8623065644262,-43.6792443923905,-41.4774555375155
-43.3279893738512,-42.7847516037762,-42.804072887429,-42.8771264131829,-42.9684633261912,-43.6879095402067,-44.4451129706392,-46.0646811069132,-46.6991431600476,-48.4580129081418,-53.5232235355536,-55.7946566188463,-50.9482130616988,-48.6427871382967,-45.3444689548535,-44.5670566956615,-43.2561668360502,-43.7241912048017,-44.1758137910851,-44.1793651688924,-44.8066056314901,-44.2520115793173,-44.5907649792019,-45.5783944632958,-45.9586074245597,-46.474900817624,-46.9659144727394,-49.0230191849387,-46.9684839493138,-48.3663894630339,-55.0852151024507,-57.5183341304877,-61.0517190685784,-57.9367559246919,-53.033763963088,-50.4173751458632,-47.2934876790623,-45.747984955113,-46.3735325488527,-45.7677657108985,-45.5839399656569,-46.6462705681975,-47.0550582146931,-46.5672932952595,-46.2036008442325,-48.2201340621649,-54.9220479464594,-66.4842181576257,-57.2515808825122,-49.6478648730974,-45.6547887901902,-44.7806029781399,-43.2925340013831,-41.4180514372779
-42.6628302793275,-42.2225257934463,-42.2208663255844,-42.5194770400015,-42.7582587235068,-43.5013027601143,-45.2850171942892,-46.9251727064588,-49.1589870922678,-51.0033818106092,-52.8195582609969,-66.9462361689103,-54.6600689382415,-50.2899194610615,-46.526596869182,-45.1074918165531,-43.5689102879039,-44.0396795447624,-43.9943726824148,-44.7317944483253,-45.4561105377359,-45.6225652730551,-47.3018160423866,-48.966272070176,-49.401506537231,-49.3518153736613,-48.7057593028042,-48.9122413150373,-46.7915598661122,-49.2322485773583,-54.1718174843124,-54.2065769568497,-60.3004287188926,-52.411987455132,-54.6952739208597,-51.5795217477105,-49.0528772129581,-46.9199881519423,-47.297990654045,-47.078252889117,-46.5165424480015,-48.8613495137813,-49.8196276095933,-48.0364424917241,-47.1398858043069,-48.8853690656667,-50.4646524627855,-51.1455178784733,-52.0320593806461,-46.7337870140534,-44.8856579191386,-43.7801808871876,-42.1476962161129,-41.4414949785059
-42.2638887772969,-42.0128502003631,-41.9654485661565,-42.3895889678228,-42.9781329900556,-43.8031757021946,-46.2148161703163,-47.887396331292,-51.8637574048702,-54.5877321497339,-53.65416676158,-62.3946530524863,-53.0380500349813,-49.864226361123,-46.8740773294068,-45.6006558436402,-44.2682374570221,-44.2343701779444,-43.5905214536671,-44.7974401012144,-45.6603341789867,-48.3604317291131,-54.2501562529126,-56.2425121425255,-52.5055086134681,-50.42342546778,-49.0167905108869,-47.2859022918944,-46.8380115741753,-49.3106872957223,-52.3583565638704,-51.6964278432694,-51.9884133257635,-49.3028025717712,-52.8428006734378,-52.0498812007465,-50.777163199013,-49.2416580208795,-48.4653183179014,-48.6010638708907,-48.0613452301895,-51.0500184752247,-52.6824014773441,-50.6549126157285,-49.7656272558408,-49.9749573672,-47.0010881497597,-46.4890860810025,-48.1879173802317,-43.9112111695422,-43.2232495671119,-42.2377374190205,-40.554489158147,-41.1262746949185
-42.1196369213965,-42.144527406701,-42.152642425669,-42.7047534960278,-43.8607174017662,-44.9263894543204,-47.2096003185517,-49.3799077280982,-52.7309584815144,-56.2451743131038,-57.8182669135424,-57.3573292845478,-51.327222485682,-48.5263840697914,-46.3461727893472,-45.6870461910241,-44.9208083859934,-44.0660458944017,-43.041364355026,-44.1200480846571,-45.1711492524219,-50.1089330482585,-56.6117111351478,-55.84581836721,-50.4852438575654,-48.5171397057454,-47.3716563021188,-45.1696253326559,-46.7311226975711,-48.2440451223768,-50.4561940549886,-50.2644555225642,-49.3269769639653,-49.9218881429096,-53.3620830840726,-53.279893666278,-51.7811395631506,-52.5685288023609,-49.7501322058287,-49.8675966864992,-49.8677498585312,-52.8600283590384,-56.0701823608973,-56.2984890265206,-54.0686246478817,-52.2179762718165,-46.0862305590422,-44.3903075652889,-45.0144179488132,-41.9868512334894,-41.6014401672077,-40.6120661214925,-39.1758981754416,-40.3642917389769
-42.3151380215497,-42.6829903048528,-42.9692428357504,-43.7614109875307,-45.5582611352428,-46.9787141883216,-48.3390162756355,-51.3083652235619,-52.1239644480507,-54.6905365763828,-62.1170047830515,-56.3741967309211,-51.560275345808,-48.0632590210188,-46.1491814249996,-45.4440262033195,-45.0528821129451,-43.4854237974077,-42.4809207427385,-42.9601253724314,-43.9895106137578,-46.1251531131238,-46.3141961649676,-47.4538052907405,-46.7354162256772,-45.7127957139846,-44.6607389132811,-43.2676485385372,-45.8127275310563,-46.3222797703112,-48.1503200068791,-48.9796739202897,-49.0343211791653,-53.2393608088967,-56.9943506214203,-57.6058629949482,-52.3220237086304,-54.1201567251353,-50.7249618190489,-50.2448932573602,-50.3041066417727,-51.5656813612496,-60.0944299702932,-62.2017763468809,-53.3018251015516,-51.7893585491208,-45.9810292717888,-43.5486923664492,-42.3233160524576,-40.5920667480283,-40.2602391503583,-39.1835638230208,-38.3471713788905,-39.3388459008044
-42.9678350599984,-43.7422653234158,-44.6158910896522,-45.8341973468121,-48.0493041312698,-49.577624207743,-49.7118064055206,-52.5819312182677,-52.2155715951503,-54.138798058734,-57.574627519298,-58.6555390336278,-53.0862063162945,-48.41155024462,-46.6893436929048,-45.1446085836717,-44.519358431302,-42.5715780540543,-41.9733535893744,-41.7490452494044,-42.4276962116444,-42.1818853928379,-41.8937688369773,-43.108708188107,-43.6515429593036,-43.0799319411164,-42.0940877961393,-41.8795861989957,-43.9603469807095,-44.1220269184448,-45.6851381780679,-47.3814329362124,-49.0392398928187,-51.4833833825646,-55.9279485927145,-62.7701585866702,-52.2357934526367,-51.2894072841499,-50.4125853433173,-49.5009820652764,-49.0794965961825,-48.276939934167,-54.2924336122022,-52.2287609510145,-49.0558819695124,-47.3192287307463,-44.3830558882724,-43.0940540751249,-40.3059901746462,-39.5053564951896,-39.1729871671204,-38.1105634895372,-38.0656525955835,-38.3394876217595
-44.1840154437171,-45.4441558238764,-47.2313600622391,-49.1050078668888,-50.8830224402102,-51.6966064319913,-51.5509165926609,-52.6644454038605,-53.5472146314619,-55.4032259890101,-55.8167428891499,-65.0590713161747,-53.4909633095644,-48.3750280223916,-47.3998970691639,-44.8968226517651,-43.6254296134228,-41.6098586988152,-41.516343249423,-40.7688267952846,-40.9128356122178,-39.7707727226389,-39.6196113115724,-40.487707900883,-41.2258182464994,-40.9137510617024,-40.2211918663791,-40.9447369590178,-41.7866160788467,-42.1708733605013,-43.3444121830114,-45.5643710745032,-46.9540225224518,-46.9764300569149,-50.0615985480628,-51.9786485913616,-50.6281042131608,-48.2415189445894,-48.5315525861448,-48.0141293827329,-47.6952606327295,-45.8910123843978,-48.1286213649248,-47.1995062671135,-46.2577757080845,-43.9626867380289,-41.9488412684973,-42.2581649070255,-39.0839806093888,-38.7622368803896,-38.3449830037266,-37.4968298983353,-38.1450602796738,-37.6560175930363
-46.0332785153369,-47.8305574362619,-50.6005952304569,-53.114742529522,-53.1147157938637,-53.4078431861699,-54.4642381730333,-53.0416616166338,-55.6808534368198,-57.4119071937434,-56.5797083513839,-58.3052716639769,-51.4064413604219,-47.3126207498464,-47.3792464083412,-44.6577677374991,-42.8061599260218,-40.9871886964562,-41.1243796882457,-40.1501972507748,-39.7584716084855,-38.5816444753287,-38.6450005901386,-38.9411570139783,-39.4272925769717,-39.3343208459252,-39.1407327781343,-40.255134284245,-39.991533991883,-40.7659635516992,-41.4321186587247,-43.8600895471733,-44.3009031008631,-44.7371334309949,-46.4114214910491,-46.974244615718,-48.3647386124586,-46.3209401798238,-46.4751647974883,-46.4714691586111,-46.5242329992987,-44.804329315689,-44.5476478425543,-44.2831020826891,-44.4599456429638,-42.109297418657,-40.3694301881381,-41.011411627323,-38.6586435809225,-38.4799000057452,-37.8651553005351,-37.4109627923159,-38.3484579561975,-37.5002233028364
-48.5487372042485,-50.6725267628043,-53.361892033223,-55.149471293703,-54.7250350965746,-56.9043796147058,-60.2195913175548,-54.8601295983039,-57.4413876037426,-57.3213974049561,-56.9165620052304,-52.1145401085715,-49.2808412466689,-46.2669917518078,-46.7053524103565,-44.4165015106075,-42.3715864701911,-40.9840104980762,-40.8998330886018,-39.9586690094575,-39.1476343067368,-38.3755602680677,-38.5982075418409,-38.2485902521335,-38.3258240628627,-38.4234682027195,-38.7922597812523,-39.7085933516742,-38.9769281787568,-39.9943938309518,-40.23000098732,-42.5403685765376,-42.7177412621099,-44.2402175785639,-44.4238194965965,-44.7009334441663,-46.6852251792823,-45.5671191137415,-45.2740571187229,-45.4591097702189,-45.510627707635,-44.8309010913941,-42.8308467436125,-42.6960598566406,-43.2423462125519,-41.343297210844,-40.0275738746945,-39.9711227011274,-38.9671227591664,-38.7316941266178,-37.8690823750428,-37.8848594458713,-38.5490487259744,-37.9697353804192
-51.912641241825,-53.4014527405566,-54.1374371508528,-54.4925822239286,-56.7585550087571,-69.3442266400395,-67.9956849298194,-57.073848608237,-57.4258192453908,-55.042069475727,-54.4447169615013,-48.817493607357,-48.090781855521,-46.0457738875251,-46.078619319161,-44.2960491836493,-42.4756270853408,-41.7359218446118,-41.0398164018713,-40.264350376757,-39.2055248337637,-39.0096517778522,-39.2183950789349,-38.3346732225101,-38.0140057600278,-38.2675659267071,-39.0722066149413,-39.435097958279,-38.9208919919523,-39.8605967314758,-39.9166541361075,-41.7602250351541,-42.3981572490818,-44.8803964515512,-43.7637541956548,-44.3344594460053,-46.0052252167511,-46.0181915244134,-45.2944507889692,-45.3216836485745,-44.9229782146993,-45.5945113634612,-42.6335421180007,-42.2482745360208,-42.5336361784855,-41.3559413235491,-40.8543843053223,-39.6590293097445,-39.9326332073977,-39.5458498889526,-38.5079909263577,-38.9187846362659,-38.8391259389516,-39.0534684451079
-57.4291525983762,-55.7266832639765,-53.8495385018556,-53.691890031419,-57.7935726711339,-60.1232767985832,-57.6317460305229,-55.2629058655298,-55.1818781260452,-52.4368376061633,-51.6471254662472,-47.2234935035342,-47.7940107708546,-46.7708441089703,-45.8365401562948,-44.5007129293168,-43.1879722275765,-43.2967044919292,-41.8141986568601,-41.1947902725216,-40.0535909320495,-40.3720375203951,-40.2618878230398,-39.1552755747884,-38.5701736723511,-38.9511093355357,-39.8880939659207,-39.7092839615341,-39.9202688251126,-40.4163952650638,-40.6040283139173,-41.612565316226,-43.1690644538433,-45.9771862472682,-44.3811582607826,-45.7544343559954,-46.5468361583035,-47.8903364449989,-46.8096007985262,-46.2482047236365,-45.1184500258544,-46.3683884250905,-43.7358126361188,-42.9253229728647,-42.4927271610085,-42.046470936262,-42.681868116054,-40.3767459048447,-41.5026562225735,-40.9392509864414,-39.9549214835025,-40.5146937521105,-39.5012855190276,-40.6516968651802
-65.0568937222239,-56.1614503316882,-52.7397959931226,-52.9973959087669,-54.5275006214609,-53.0832199195724,-53.2682667228771,-52.5835375370959,-52.5294625754171,-50.4511340580625,-49.7232502628136,-47.0047701110502,-48.2156184896367,-48.1871492736874,-46.0581100101491,-45.2213223968045,-44.626453678864,-45.7281512877415,-43.5971661704545,-42.9838007745536,-41.8252249105248,-42.3078382642395,-41.4812862849609,-40.6052174133436,-40.0351782888619,-40.5077228521841,-41.2116840986138,-40.8601070295842,-42.0936243341219,-41.8700297740437,-42.4285888162445,-42.1911880898787,-44.6466427560998,-46.6385172646595,-46.2480440473616,-49.0546371430681,-48.8043796020064,-51.8809302036712,-50.4226926855082,-48.2613010193391,-46.2328717653274,-46.4808475860708,-45.7972887343215,-44.81424389404,-43.4458210199069,-43.6072766534744,-45.2383543147103,-42.3569710198938,-43.6247929011182,-42.9112912078601,-42.4583295535698,-42.7600505651594,-40.9583798763949,-42.6248524247892
-53.6903144485767,-52.4118085280462,-50.7959871043825,-51.707597610832,-50.7327358764123,-50.0061531622682,-51.3887448869636,-51.7815724441166,-51.1705445293141,-49.8767536824331,-49.0070042623291,-48.1129926841053,-49.1327285069646,-49.6265814964353,-46.7020682634991,-46.5838283352845,-47.1644879076945,-49.2687455122329,-47.0804282963984,-46.0287692940087,-44.5896454661789,-44.5176949036977,-42.6306905129812,-42.4193272639745,-42.3437773081024,-42.7698280106537,-43.1196569361766,-43.3559226432559,-45.7269009923983,-44.7097176823302,-45.6568226936287,-43.6343201454793,-46.0683276769927,-46.3188205269914,-48.8319513330915,-52.0917308681709,-53.6466781065742,-59.1987572813298,-56.2917976523802,-50.467502940452,-47.9873352939659,-46.2324188590062,-48.2667050163586,-48.1220406535355,-46.028464628808,-46.6287109239981,-48.0621967606166,-45.7808460871276,-46.0184115234366,-45.3744096315737,-46.4832167222831,-46.0075200878707,-43.8980337005197,-44.8931319191489
-48.0701196256141,-48.3747011031676,-48.6172099897781,-49.4373721365358,-48.0283209232055,-48.6132361151714,-50.7470849912628,-52.7786485475771,-52.0032665158182,-51.7115806555941,-49.9422995573016,-50.2821181530296,-50.0789222819634,-50.0797169312323,-47.504807694347,-48.5573945393327,-51.6630603865395,-54.6595729822733,-54.2800740330599,-50.6540764998094,-47.8489549805054,-46.4588025919049,-43.5518480776663,-44.1712777001739,-45.1158839587227,-45.0711094864348,-45.7458528974568,-48.2032681146325,-51.8195336169355,-50.003002411653,-50.2665172688258,-46.072952560203,-46.5685754095837,-45.3709729246715,-49.9919081207922,-49.4518843641779,-53.2146921243387,-54.4004293174774,-52.3694952445436,-49.9841255603425,-49.3029796737579,-46.2001631723928,-50.7912956578895,-52.753997881841,-52.2463007344919,-52.827113579428,-50.2382000662008,-49.8811168418163,-47.778983394886,-48.0514743004508,-52.5409404409874,-51.5180473798424,-50.0663469284752,-47.424106444972
-45.023468488558,-45.6046889687965,-46.5599084995429,-46.7841892732442,-46.2004338466991,-48.0167725058868,-50.1479536281138,-53.1402359139229,-56.5395721531861,-59.2951399787951,-52.3018042011268,-51.4815333669773,-50.0558689003331,-49.0718977975055,-48.0760842773437,-50.4491579993177,-55.3867828172734,-59.3101170949049,-58.0344199414912,-52.8643761119739,-49.5998612073861,-47.4443060652183,-44.3608364960633,-45.5318792180609,-47.3491156544164,-46.5324415927243,-48.8462783262984,-56.0429000692721,-65.630232299183,-55.5302875634092,-51.0192011162251,-48.781945920146,-46.0229513589693,-44.4069818752479,-48.3107043335314,-46.3453995445789,-47.1707103612437,-48.4748831211465,-47.177880911501,-47.3163762523369,-48.6692406891881,-46.2711321488609,-51.345174420581,-53.7339956507144,-64.4980763426043,-62.0623521446331,-50.2070640202893,-50.4871988446755,-48.0208553300178,-50.0428055557164,-52.7618262035158,-66.7794998176278,-56.032654178588,-49.157854591207
-43.5821581523177,-43.9954933229697,-44.7835958021163,-44.4901517182134,-44.90500763236,-47.0958484505463,-48.275692059393,-49.6361152412042,-56.367247245083,-55.4643860738596,-50.5577067404958,-49.6862720355525,-48.4624469878358,-47.2099500094374,-48.2758503003257,-50.2913391343879,-50.0993678651915,-53.6763327154063,-50.2755764456892,-49.7816956991331,-49.3981256068842,-47.3006971940081,-45.4381050054901,-46.453165925774,-47.9752991265376,-47.3345031598922,-50.4040015051607,-50.4967633345158,-55.9343963887712,-50.0581278165991,-47.4961523831016,-48.2972554558291,-44.8993566546886,-43.7459019637187,-45.5007976632389,-44.4128394794432,-43.7475191965602,-45.068719413078,-44.2235496358208,-44.8615601383002,-46.3719557444545,-45.8636932097409,-47.592561992533,-49.8077987338013,-49.3509551838982,-50.7476917268186,-48.0441382882264,-48.0193043583671,-47.0122205332786,-49.0561003086117,-47.7288357320962,-51.8465611596343,-46.9967403727569,-47.1899907053463
-43.4351381344769,-43.3314488462485,-43.430099312374,-42.8430548605433,-43.8322037623293,-45.0607513900729,-45.5066682936204,-45.8532638627514,-48.1323442638539,-47.1361737722185,-45.9272322022781,-47.2897536392665,-46.2220699308544,-45.3731609873964,-47.8417105299663,-48.0946145657716,-46.5713473629944,-49.5493238188666,-47.5510069261545,-47.9727096185722,-49.2394313356668,-46.8208375212945,-47.166616927326,-47.0744791623944,-47.3443193096865,-48.0394840696412,-49.1285852729881,-46.5270450570249,-50.5900306255188,-46.9494495718279,-45.4534136246734,-45.4993752452469,-43.7150932547514,-43.4268038336122,-42.8880014747935,-43.1417082798668,-42.0437814842851,-42.9393180047222,-42.5725150436229,-43.0864121063462,-43.9270613428236,-44.9278935106534,-44.1289461806821,-46.6806124753635,-45.0670978719378,-46.1521198717393,-45.5157813415569,-45.4687586827234,-45.265643672229,-45.7941065060376,-44.5166491066808,-45.4811818070208,-43.0757478429311,-43.5460849773824
-44.3884162139484,-43.3931486493587,-42.562332463396,-41.852245385052,-42.7910123978033,-42.6929264358331,-42.9919257204289,-43.2162700345357,-43.6283770604609,-43.2157859257958,-42.9583481419092,-45.2039320666106,-44.2539788269682,-44.0644458316068,-46.2589388137333,-45.938727619995,-45.2940715520689,-47.3358906628853,-47.2644730495407,-48.0491315436657,-49.6565654472432,-46.9975641948477,-49.7365004254314,-47.8155612271312,-46.6721996525443,-48.5480812510463,-47.5587275993201,-45.3856295421692,-47.9168719648601,-45.936247735805,-44.9928268802968,-43.5242501962415,-42.8638781194145,-43.3141867136342,-41.1012429849746,-42.1921842610556,-41.3912138347125,-41.6376546051122,-41.7967273120233,-42.0103688865129,-42.221706579529,-44.0267269125048,-42.3615979546185,-44.6743527808974,-43.3949349580347,-43.8111600365158,-43.5463551117623,-43.4602761963193,-43.3884858957219,-42.931200265202,-42.5033029458189,-41.9471747169434,-41.2420246836516,-40.7319064418136
-45.8938269675858,-43.8445260530653,-42.1424720282908,-41.4437904851456,-41.8139518504461,-40.905665353312,-41.1850478389895,-41.5220683469431,-41.1050103084833,-41.2102976787866,-41.5282499497883,-43.2113234274808,-42.8295310024356,-43.3894289384564,-44.175706572098,-44.6236862657501,-45.6263517238862,-46.4593191134052,-48.8252082547156,-49.7806074373936,-50.6427948894182,-48.572461138875,-52.972230393836,-49.2406857584806,-46.8435768132679,-48.7931812764357,-46.8208867863506,-46.0268000757411,-46.3266898873255,-45.8595415599119,-45.439365593087,-42.8364688734571,-42.5372270278552,-43.1771541015463,-40.3734597612312,-41.4902853432222,-41.3437919163474,-40.9933202244365,-41.677789779625,-41.6716372118936,-41.5712131938395,-43.5651776046416,-42.1989716586571,-43.6239799770037,-43.1884595962966,-42.8192539372617,-42.4495529358982,-42.3452076813643,-42.0009826744474,-41.137638328681,-41.2611458096887,-39.8922773324394,-40.4066525119727,-39.065233239133
-46.5522518886091,-44.2247090068339,-42.1233271684053,-41.549607372494,-41.1063714339281,-39.9744473336328,-40.1314233592669,-40.4953131464639,-39.8284172213094,-40.3423346521058,-41.0729402087454,-41.4522788259797,-41.9361712663567,-43.1565844947069,-42.6898367256437,-44.2385169691508,-46.8935901523534,-46.6949974611664,-51.9199580618714,-52.9745798617669,-52.9432384653097,-52.3355714927903,-55.9358355763343,-51.3733551966288,-48.3126772977223,-49.1214541282007,-47.0315742588226,-48.0646382189134,-45.6315085912242,-46.0718502282915,-45.730382534699,-43.3699554492654,-42.7571423237175,-42.8435209984491,-40.7155508644915,-41.1108994184442,-41.5995632092189,-40.9599317656037,-42.0809157621547,-42.1270574187485,-42.0847806302195,-43.7362772583937,-43.568607602138,-43.5669801180264,-44.0616667499843,-43.0289043928732,-42.3794444658502,-42.2091015198044,-41.4276487583814,-40.3765858878164,-40.6107019277309,-38.9601407321749,-40.0334670085396,-38.448047667607
-45.9764783155774,-44.4061659746512,-42.5788094065041,-42.1384412343795,-40.8732621763328,-39.8549012174026,-39.7511827368098,-39.9398916274494,-39.4423073094811,-40.1596484705108,-40.9605115236805,-40.3061939829044,-41.5134881003382,-43.0191263418191,-42.2856113615867,-44.645986526835,-47.6777758129409,-47.7799655708535,-53.7346961158863,-55.9571341251604,-59.4072263343286,-58.0209900154104,-56.8899078196801,-52.4926815140284,-51.2549289607401,-49.7494426354262,-48.3174635101401,-51.3279576184772,-46.1766447848617,-46.6738418655673,-45.4356153284457,-44.8978703031582,-43.4367006394348,-42.4144175053027,-41.9771614571955,-41.1765804329708,-42.0394671168508,-41.5549842944069,-42.9220660519717,-43.4220983199237,-43.8153510313736,-44.7911628092857,-46.582316946225,-44.7267274470271,-45.8797580758582,-44.4539090570833,-43.4557599583689,-42.8428564708945,-41.791698854841,-40.5212236883431,-40.493207502016,-39.0063296317604,-39.8422306957463,-38.7237110313815
-45.8349542869115,-44.9894077896402,-43.7516442992944,-43.1915275291275,-41.1800314935187,-40.3430771820201,-39.9006902663095,-39.736439453919,-39.6995665124921,-40.3110358142413,-40.7574214702785,-40.0564279327916,-41.5656564168118,-42.854000395548,-43.0862007941403,-45.4772377386283,-47.1590949151319,-48.9641859028252,-51.4950104958591,-54.863339222139,-65.6128061088237,-55.6759256785499,-55.3752597708211,-51.5514286073136,-55.1896336537592,-50.6670851997939,-51.1123574993635,-55.8174801267747,-48.7440575103336,-48.4002332392188,-45.5420197857076,-46.4798901344527,-44.40291033549,-42.2311780622552,-43.739350504947,-41.8017489117259,-42.6611616440653,-42.8176654156543,-44.1447457229182,-45.5490434220028,-46.7259061988964,-47.2143694646182,-51.7196131150006,-47.6311136969953,-48.6627839075844,-46.9163518630565,-45.8031855755366,-43.8819801438674,-43.1714032796672,-41.4701357957262,-40.9382178907203,-39.9335035133555,-39.7904558073413,-39.6630078074015
-47.5603326404223,-47.0250287547239,-45.9319402068074,-44.5481985399439,-41.8310512175055,-41.098978792397,-40.3736195050303,-39.8349915625327,-40.3632595965654,-40.6108998496169,-40.6592667791473,-40.8969821954748,-42.2169766502337,-43.0123114264843,-45.0466996113739,-46.216221063561,-46.6157183246236,-49.2489006655266,-49.5648315740531,-52.4769038991244,-53.3961309830155,-52.6902218199493,-53.0682781022317,-50.7831546011635,-57.61670873199,-51.9270706805631,-56.6032696603662,-60.6850101322641,-55.8344902297169,-52.5174876563131,-47.0706861048962,-46.5621522989256,-45.3981964226613,-42.6227429749941,-45.2033532432927,-43.0499373393613,-43.460596998432,-44.7585563803163,-45.6633648856722,-48.2934233978241,-50.3369611730689,-51.7866849890632,-60.9347636927172,-53.8086576368047,-52.5913890326172,-49.3850481389367,-49.5333822036296,-45.2600343714817,-45.6416942297289,-43.2235356813127,-42.0458498449912,-41.6240609608734,-40.0317243845297,-40.9222681340467
-53.2992192110941,-52.306441374791,-48.574371639152,-45.4803667591177,-42.311324444348,-41.7474699902058,-40.9276746610307,-40.2370855251778,-41.1827820788124,-41.1447711131408,-41.2427968245166,-43.0562687281336,-43.7432367752493,-44.0594911365995,-47.7632610528307,-46.7591123094532,-47.0132613843874,-48.9873191810949,-49.2302654742862,-51.1519391739113,-49.7400778738608,-52.2485259051574,-51.2450533763778,-51.0786387851582,-55.8722842460091,-53.4747646296666,-60.98244075506,-58.9923010382397,-59.1115829108543,-59.6521947067576,-50.3964150370069,-45.7660744176573,-46.1384473833151,-43.7648804078725,-45.6777595988765,-44.8801812130042,-44.4661427186844,-47.257272387129,-47.3154526308506,-50.8710357844522,-53.3519338513568,-55.9486455402137,-73.2596673362394,-63.5653653159666,-58.0865015777576,-50.6018211000856,-54.3600179241153,-47.579659956148,-49.0431710875265,-46.0384140385379,-43.9599878932877,-43.8711651668445,-40.7984529889629,-42.0631495867822
-56.1305162408872,-54.1684408588913,-48.0602537858886,-44.8766758696296,-42.2326674978071,-42.0821717921147,-41.3720485630862,-40.947205748849,-41.9565217437144,-42.1869651619216,-43.106863091724,-46.900551608864,-46.7035625993381,-46.6221476963665,-50.1789815650092,-47.573837148409,-48.4928238982932,-49.190084921348,-50.3798861824121,-51.1921301094675,-49.1967949115411,-53.2390423062315,-50.2672556683384,-52.0384351470262,-52.0167599334922,-54.3453367381695,-53.7106586345259,-54.5648737103787,-50.0256127805788,-52.81035699902,-52.0338366253291,-45.6050600531821,-46.5017516203871,-45.656186255792,-45.394575683886,-47.0583049429691,-45.8408989566148,-49.8158280766324,-48.9313698025992,-52.2928690091021,-55.6691714353957,-52.722638744133,-64.001952118966,-54.8455421849596,-62.4336808122076,-51.6940391567603,-56.9572850322351,-52.0272088937399,-52.3375870533257,-50.8736872767418,-46.7718398712777,-46.2455456407835,-42.2187466065179,-42.6096623747321
-46.7070672938931,-46.3857353405185,-45.0403846686233,-43.214625025692,-41.9107072133209,-42.1071089427437,-41.655313760444,-41.8865486034933,-42.6270657568847,-43.9656153337054,-47.0718085544977,-52.1194521069431,-52.7847897759414,-51.7391630142268,-51.6433909934735,-48.9547047004099,-50.6180656049767,-50.1311673889489,-52.3605457173268,-52.9588762162853,-51.5647882922409,-55.0210360350162,-50.074449137138,-52.9801209105726,-48.8418584257997,-52.9293744903128,-49.3693006947757,-51.0031595321532,-46.9098358807594,-47.9431079815605,-48.9233092960576,-46.5606439732734,-46.7291617847178,-48.1065452728585,-45.2235801804759,-49.0341419626696,-47.8015485377739,-51.3495700216887,-50.3826476363715,-53.0804802422608,-59.2917498664835,-51.6034543414592,-64.7553166862405,-52.7299610592849,-57.582663503606,-53.8595045855924,-54.2068201081566,-60.4570682437929,-55.3480212359294,-62.0694475247521,-49.6975927146116,-47.8568196343519,-43.8769264472774,-42.2691932390833
-42.5610334343865,-42.5761162381013,-42.8299918316812,-41.8278936450004,-41.8805951963223,-41.969536392226,-41.8724827036873,-42.8170185696418,-43.2484786345411,-46.1159907589593,-52.7926389267047,-52.1820607779455,-73.01043445812,-57.9638215394989,-51.8531126350393,-50.2649123434034,-51.6721029791185,-51.3168524948692,-52.658972754356,-57.3690114170406,-59.2388320729361,-59.2611126146799,-50.1625818307552,-52.6789505948165,-46.9494337351632,-49.7486696911622,-46.7228875314516,-47.965239024562,-46.0007769027876,-45.6761423272083,-46.7359714421783,-48.6391299393195,-47.4237863945948,-50.836556173302,-46.08522805671,-50.1342973424612,-50.3518168749808,-51.1495446098125,-51.2313144717228,-54.1114850671921,-65.8111572061705,-55.0334666907194,-66.3070216955744,-54.217608932519,-53.3122955704504,-55.9509132356022,-50.8849077815253,-58.2019589872094,-62.6486202310584,-55.6670771608379,-49.3161930106965,-47.6295255203301,-44.3099672965892,-41.3844585914879
-40.6930709457764,-41.0028364973985,-41.8303051743043,-41.3533572519503,-42.373049374988,-41.9775012453177,-42.2188678009043,-43.4535563699324,-43.8326074790299,-46.6730523088565,-48.6071014973617,-49.0438664094148,-52.080460786428,-52.1825474410047,-49.5551472896987,-49.9910089431756,-49.9564238797141,-51.3674209319543,-50.3609562913021,-58.2221006197164,-55.8236995540676,-60.8144774255666,-49.4880134927881,-49.6900998976507,-45.9923711815706,-46.4596545705535,-44.9774292822813,-45.439815753407,-46.0741230090603,-44.7848500639748,-45.9507359042668,-51.6028569283758,-49.5481706684971,-54.0078354062238,-49.1212017209313,-50.4832479819501,-52.74902566965,-49.8172206825456,-50.7936976242018,-53.7754596815589,-61.5318155648707,-65.4264351524152,-58.4223164083233,-55.5447165003046,-50.5007051330742,-54.7566094280508,-48.5379288052122,-52.4359308283447,-54.8947477204828,-49.3680702350112,-46.3737529978756,-45.8286776585248,-43.1504828906387,-40.6274147156224
-40.2991747921704,-40.9959580088459,-41.9536470804978,-42.0502444325023,-43.4021934384336,-42.5198954773529,-42.9350240757494,-43.8067179945368,-44.3027102259404,-45.1139054239822,-44.4061798004488,-47.0012905995316,-47.225225444183,-48.1728030734403,-46.5113322989181,-48.1465766845699,-47.1717409366628,-49.1845569380499,-47.9483673863406,-51.0882696912191,-48.6783835424558,-50.8766545489722,-47.7464620386218,-46.0674243935249,-45.2867137914611,-43.9062534035212,-43.8348517525396,-43.5732600003095,-46.0484896333686,-44.5833918354806,-45.4886248505537,-53.6584488327041,-55.1840801300141,-59.9599636582927,-57.4744814842264,-50.7317412132087,-52.3926208148507,-48.0794564108965,-49.2694722482333,-50.2748551291784,-54.0186719083773,-51.0606000624512,-52.4800252978955,-51.1180640768561,-48.2735242443459,-50.7457184506198,-47.09278305468,-48.2353550832702,-47.5760123330921,-46.5121568529515,-44.0267354940005,-43.7548470000197,-41.9659060358857,-40.3798878888677
-41.0911245095376,-42.3294825095849,-43.2529255985585,-44.1942325566075,-45.038077574877,-43.9327194821407,-44.2506412979664,-44.2212719500214,-44.6634092242384,-43.701216956947,-42.652803621736,-45.5678073144549,-44.9595517448509,-45.8308917836729,-44.3626901958441,-45.9291496073338,-44.8249338508125,-46.1358957787787,-46.1309222657619,-46.6025088232988,-45.4302866438862,-45.7209105819331,-45.8598041616202,-43.5059137863715,-44.3345905903897,-42.3345613519699,-43.1136132417375,-42.4086713598132,-45.053966832968,-44.4899171598353,-44.4416113247643,-50.9608063578768,-56.0923845111996,-66.366330897255,-53.3124758327149,-49.9686549532738,-48.7473288051257,-46.2539313532178,-47.1647119480746,-46.4295090528761,-48.5843486091033,-45.6231805017504,-48.1389474179253,-46.921167472947,-46.1604124394205,-46.589883389675,-46.2002648869978,-45.1518591996601,-44.0835505332191,-45.1650368510366,-42.8847809467901,-42.2870327478366,-41.5669535405532,-40.6862603972925
-42.8928464849807,-44.8786434616034,-46.0696927979614,-48.3929046591542,-47.6354757814361,-46.446186101182,-46.3294078107139,-45.0450912782594,-45.1408842237734,-43.3359733763712,-42.5873937548175,-44.5101129775014,-43.9314852584003,-44.2594225428613,-43.280692427538,-43.9987632477486,-43.2736185688829,-43.6673028337577,-44.7636808333573,-43.9734259560176,-43.9979819365302,-43.058336701156,-44.4590881439706,-42.2519057809798,-43.3341600946422,-41.7531689359707,-42.6658007654777,-41.8951064050873,-43.3312215037607,-44.1409381036655,-43.1526311265675,-46.7751384345409,-47.5350563482763,-51.4068457150218,-46.312018499186,-46.9062691920731,-45.0421318331586,-44.4685722712402,-44.6956553375491,-43.5146649294306,-44.5062919876585,-42.8596845666485,-44.678713326734,-44.0284795753546,-44.2435029908339,-43.5167838149087,-45.4604913054607,-43.5497771305177,-42.8220594872765,-44.8346453118377,-43.082296577206,-41.8730896577498,-42.0976052781508,-41.4058732350513
-45.2841316557622,-48.1358064698362,-51.4050443706656,-56.7441647960187,-51.813183751629,-50.0530954054271,-49.1559315923397,-46.5000983790077,-46.0563368473928,-44.0801677736191,-43.9115035381907,-43.9870577641335,-43.6906121684672,-43.3285991845592,-43.0925006222116,-42.7100167949429,-42.5517426717696,-42.2093148526716,-43.712085137914,-42.6423776395835,-43.6604910751145,-42.1090942596272,-43.7059038708147,-42.2715418495867,-42.782986192381,-42.0807158241537,-42.470949758958,-41.9492263181907,-41.7673908909397,-43.4982290530217,-42.3458673962681,-43.569651998051,-43.2708454909119,-45.2563848557415,-43.086984406774,-43.5566880727613,-42.4169106542621,-42.8275906964987,-42.3102966959639,-41.5097330805134,-41.5718174776234,-41.371373218813,-41.9997331540422,-41.9641303330869,-42.7375833467267,-41.7201268802007,-44.6079413886646,-43.4544169998111,-43.4217095959342,-45.5113597376519,-44.9432483782753,-42.8672603204943,-43.5687637521533,-42.3355240961569
-47.0353626553515,-50.2159095922312,-58.9148446472332,-65.9956570499435,-56.0825099657345,-54.0474182699474,-52.2902384524416,-48.7974551737967,-47.628722768043,-45.8309323281199,-46.4712704540869,-44.1334201881738,-44.0328311496979,-43.1103136320921,-43.5756749118734,-42.2753353041282,-42.6113546110821,-41.8137201147235,-42.9871542251635,-42.3645765057951,-43.9386001600157,-42.6260858452541,-43.6873452190636,-43.5975343045469,-43.0776189957411,-43.2040246252468,-42.7007137012682,-42.4827540063975,-40.9422672906472,-42.6575290811888,-42.2070872250161,-41.4816263940125,-41.1132458935391,-41.722296195798,-41.5717736826337,-41.2826410825443,-40.9190981604365,-41.4753506414718,-40.5053041418618,-40.262935867498,-39.680376730622,-40.5571665120951,-40.1436999155149,-40.5297410963014,-41.6324510593161,-41.0656436088207,-43.6441931970795,-44.3959083872334,-45.9952876675426,-47.6085081270713,-49.5652918326062,-45.7260200173107,-45.6874812299279,-43.2847458876259
-47.1112357883377,-49.9670888420835,-53.3017046227125,-57.2069844935423,-54.4373213311544,-57.8385529839759,-55.1612497386778,-52.2903677650297,-49.7972757545153,-48.3275445191028,-49.9050834811123,-44.9100623286631,-44.8535187880766,-43.6343742842481,-44.4995475660063,-42.8005010365936,-43.3690168658256,-42.4475093340221,-42.7117355282452,-42.9614529960354,-44.3615848346646,-44.5827344796342,-44.5866302721538,-46.5228749681353,-44.6861099516141,-45.0472237999586,-43.5976692194014,-43.3797241577096,-41.06362819692,-41.799289003318,-42.3983548163098,-40.4107381963849,-40.3364688678611,-39.9119994144868,-41.1186096717981,-40.2571402076319,-40.4281352303148,-40.5879089597979,-39.553131715648,-39.674502203256,-38.7817358778971,-40.0811102289692,-39.1096162915731,-39.7011226491137,-40.756789891213,-41.2586352090236,-42.7526155096167,-44.7617705449493,-50.292029170751,-52.1431982774076,-65.8387597216547,-49.8532303635044,-46.690603337826,-44.0752928404131
-46.4887739929298,-49.0361611399839,-50.015272646431,-55.06208942972,-53.3569178049518,-65.2363205598023,-58.8724671532521,-57.0324526190663,-51.8335614519825,-50.977584014456,-53.0016943747888,-46.1615851439762,-46.1186083916614,-44.8965190509099,-45.7098036361214,-44.3311361727912,-44.7364164775749,-44.0539965300855,-43.0622773331746,-44.1855863421976,-44.6355998359269,-47.7922098938686,-46.6423791310447,-52.3015519979593,-48.7961890918972,-47.6351492417999,-45.1449544827267,-44.4175494800424,-42.0648671124194,-41.2172437044667,-42.3425715023396,-40.3036745787203,-40.6591575722716,-39.5960088772598,-41.4671089328754,-40.433532301661,-40.8069438690795,-40.3349482376714,-39.5645657753561,-39.7185664825816,-38.8679672762032,-39.8118206320463,-38.8604695111458,-39.4741342278919,-40.0409054875651,-41.7632056387755,-42.0713077172388,-43.4766237056088,-49.5292178826001,-54.0299517783332,-52.951550590127,-48.2356031351876,-45.2004994471348,-44.541076345673
-46.0588232910767,-48.1454152955199,-49.2203574650193,-53.0951535460236,-55.7999974227075,-66.1128453944057,-68.610416810049,-58.2591736374623,-52.5332059973438,-53.2018754825108,-53.7991408794095,-47.8289747618191,-47.8847154329498,-46.9835774141672,-47.2705336413114,-46.9046142442236,-46.7119049368841,-46.5407485857118,-44.2398752088741,-45.6764731598529,-44.8710096826684,-49.6795717061498,-49.4715064006757,-62.2043997035833,-63.9661716487276,-50.4688644146577,-46.2152616149159,-45.1202627818409,-43.4695568904376,-41.1654290154003,-41.9789654372527,-41.1677125581071,-41.9919235384935,-40.8443161236026,-42.5340797853136,-41.7816968731232,-41.9012673220104,-40.8477299742911,-40.5851151571695,-40.4576937044612,-39.9789179165474,-39.8649469781919,-39.3911457958346,-39.8003620498101,-39.6373436368086,-41.8847200609638,-41.542122733376,-42.0568151148616,-45.2606212351514,-47.4130025985194,-47.0407034965539,-44.9929911459775,-43.5822586088,-44.664272366433
-45.8661467093955,-47.3319780706992,-49.3694479982939,-50.8215545323734,-59.681975530071,-57.0466529558731,-62.8423956133991,-55.5671124940849,-52.3405228862267,-55.3546079652861,-52.463692322634,-50.2077292883373,-50.3116937016534,-50.2614331640207,-49.492627941546,-50.7158664667136,-49.5668641320804,-49.7352761885033,-46.4622720906876,-47.1024613991112,-45.3438701448601,-47.4810673814418,-49.7659049244603,-51.2014536296853,-51.2702976830392,-49.9652363383573,-45.0402477366183,-44.7496063912691,-44.2636473187093,-41.6912780116207,-41.8600246271503,-43.057437496314,-44.4363243796475,-44.1742674866931,-44.3724792307662,-44.3183253136629,-43.4835172469994,-42.1802276509826,-42.6149796789869,-42.0815777838528,-42.2498667582871,-40.6153100824369,-40.8123242529849,-40.5676046330766,-39.7435102294745,-41.3396002305092,-40.9667213231128,-41.3775293854647,-42.6298713568488,-43.479791334987,-44.5894886816624,-43.9321074384372,-43.2840887508887,-44.756874669158
-45.7322288936953,-46.6955205513499,-49.0106759955869,-49.3944577587356,-53.5494522601545,-54.202123312273,-55.8259705415936,-54.5243099687028,-52.7667293053946,-57.8135461383074,-51.1533359399372,-54.0224925194166,-53.605569770413,-55.667266631334,-52.8512701965301,-56.9297508553717,-54.1610971216559,-53.3151593994256,-49.798811980655,-48.2122048305419,-46.1091449285644,-45.0710885585289,-47.1334962072487,-46.0598092660593,-44.7787446355135,-46.1532193690935,-42.8194319304961,-43.1157468110351,-43.6821807800599,-42.4930493548779,-42.2455554634502,-45.9429764180455,-48.3786540732738,-52.0842851437844,-47.0948677689531,-47.8538875346076,-45.12022528787,-44.1905611547272,-45.5261757083168,-45.0089497545929,-46.1497405791233,-42.7242140994518,-43.3442823476744,-41.562927070676,-40.3413513230859,-40.4142810404616,-40.2612460515476,-41.2381318107771,-41.3310513370267,-41.6051784797857,-43.5739336208617,-44.7702018852641,-44.8340120060948,-45.4746515244187
-45.5976299552681,-46.3301212023904,-47.8480763341667,-48.9406795630798,-49.5386771638593,-53.8394538156105,-53.1161581774214,-55.4782420850504,-54.9342042776355,-58.8896199315685,-51.2311012467431,-60.5410841555987,-57.7448858135887,-62.9269704841851,-58.200890420701,-79.7226872663533,-61.9458909208465,-56.5268542677858,-52.7718726611017,-48.5278341673777,-46.8508748530371,-43.7090128787109,-44.8502837917576,-43.2458481077906,-41.9312519531278,-42.72926149543,-41.0095795422944,-41.0210015596073,-41.966402178459,-42.7983355393419,-42.4420924201861,-48.3137552814048,-52.2428108784497,-57.9372970706674,-49.4831511175419,-49.4404043742404,-46.0331845398083,-46.196200994672,-48.5735964003799,-49.8051611517339,-53.9039352097726,-47.4875789165632,-46.2742203671752,-42.3812797758379,-40.9599265756288,-39.4530545385792,-39.5632249117039,-41.0496948153079,-40.8328490383939,-41.0902082577055,-43.3135155698354,-46.751276605434,-49.4496929503385,-47.8547600413631
-45.5630453988317,-46.2384110997255,-46.8012059909223,-48.8949501921919,-48.1841502779992,-53.6901592523799,-52.475547375357,-57.5664391208383,-60.8076092026969,-58.4500362629496,-53.2380466106866,-68.508017139338,-61.3659776468536,-58.947185802349,-70.1178534868847,-59.0531881131396,-58.8789788301241,-57.2793365056912,-52.1664546382119,-47.9115767178698,-47.0971061399431,-43.1993842927968,-43.2048740839915,-41.6509680536668,-40.5804087795289,-40.2644670751837,-39.7751293362931,-39.210768196197,-39.8495531289038,-41.865326809018,-41.3613398127919,-46.0527885215652,-47.790066248182,-46.7929263541928,-47.2475027026628,-46.0152135037598,-45.4543638574736,-46.6371524631767,-48.7974430393464,-50.8717797496844,-56.6587590800667,-51.6335753079054,-45.2070566086574,-42.4433172765473,-40.8282504886423,-38.6866899940154,-39.0115771691066,-40.3263752902959,-40.4679173819383,-41.2845442480876,-43.2576449353784,-47.175813560508,-61.3720115314864,-53.825638685686
-45.7898645718345,-46.3764944856457,-46.4098978703861,-48.5837093389812,-48.6030746943077,-51.6989246684717,-52.8748910337533,-57.6388260480319,-68.8553954105498,-60.1525558117148,-55.9421865104689,-65.5879832515955,-61.3043615089372,-55.5820478870116,-64.1790427406304,-54.3028295799751,-54.0794852284907,-54.942046068385,-50.5922992505848,-47.2019912924658,-46.8379456847959,-43.2661486719471,-41.9397489644818,-40.8977666694043,-39.8814455769795,-38.6943885503588,-38.9255438729883,-37.9631227026052,-38.0317703761554,-39.9861644416414,-39.5581942146772,-42.0375175083439,-42.8241584873906,-42.7167603392445,-43.3553872260754,-42.3923306934684,-43.5692031937773,-44.7540149449602,-45.4264197523856,-45.6126109619842,-46.8939038414621,-44.5151185880842,-41.912691752374,-41.5424285739689,-39.925864578802,-38.2735949901331,-38.5987813110816,-39.1429544742878,-39.627183388095,-41.1779139818019,-42.7047136586192,-44.8125894342701,-49.032735985802,-51.4848099409451
-46.438140035771,-46.7371987725347,-46.7270326806642,-47.9821107921343,-49.9066458273858,-49.4149208606849,-52.7683902713311,-55.4170353780485,-58.1942282068477,-69.6223139831118,-54.3868550545483,-60.9107326455179,-58.4501685168625,-54.0055534192821,-56.4320299985668,-53.0810122324658,-52.1199518065168,-52.3953260136716,-50.1871333562893,-47.1367432808812,-46.583377699189,-43.7044750907804,-41.1584558221396,-40.766361408131,-39.3948905778219,-37.9545459226195,-38.2986426251745,-37.2982632672094,-36.878853190699,-38.0199070850714,-38.0887596490843,-38.9165535280622,-39.5001004742139,-40.3183493404388,-40.4791858865018,-39.9219252569802,-41.3370577252466,-42.0406041880874,-42.0427502544343,-42.1047553400715,-42.4502153343947,-40.5810031679859,-39.7958770912679,-40.2219028258656,-38.995262327149,-38.2907762018132,-38.2907203284679,-38.0034381882719,-38.5053244697452,-40.18458623369,-41.3840499739029,-42.3402013865723,-43.6011225628527,-44.4241171286982
-47.6726140982222,-47.4169812435494,-47.5999394516772,-47.5345512866738,-50.3515644431063,-48.1791056365486,-51.2746762539795,-53.5974972255581,-54.7986597984268,-59.4533536185073,-52.2953851879321,-55.653159055382,-55.6455497542677,-53.2605493615835,-52.8845428608924,-54.0269526885952,-51.7375768212159,-51.0759926422908,-51.1382388543202,-47.8951657063573,-46.8023408748113,-44.4573675466506,-41.1330121973717,-41.0220896457656,-39.1207939209937,-37.9479325269433,-37.8553364799353,-37.1321995766124,-36.457172733865,-36.5432735536688,-37.2118353263972,-36.8925277389051,-37.3953758389488,-38.6387359399003,-38.5951850898712,-38.4933266463921,-39.5088380473806,-39.8171913187268,-39.785990767098,-40.1750426540166,-40.0671638433953,-38.9520346833071,-38.9921567359699,-39.1625318974138,-38.5544307023214,-38.7265069221049,-38.1935913303405,-37.3942308274043,-37.7724635617204,-38.9780834894649,-39.8783166214569,-40.5632770099962,-40.9004286998355,-40.8028848738453
-49.6825664933568,-48.5915340787976,-48.7321105133696,-47.4574133205583,-49.1441331433156,-48.0367671101314,-49.5667140604984,-52.2354500542498,-53.6765224358961,-52.6099979132203,-52.6926878318252,-52.350331524479,-54.0114048563358,-53.6777334501401,-51.6906050667968,-56.8155869911564,-52.6064757091299,-51.4351121618043,-53.3780463396051,-49.3241506009669,-47.6987376159767,-45.6385148270719,-42.0295625681195,-41.4048606269967,-39.3189382810288,-38.4615037523668,-37.6542179341993,-37.3362135052161,-36.6587785185314,-35.8143537660458,-36.8076083907404,-35.9053181737891,-36.3163363666462,-37.4796307860773,-37.4907708226737,-37.9407310313221,-38.422230594663,-38.5440478421978,-38.7266721003225,-39.4013059330288,-39.0838793737417,-38.8815317886363,-39.2753322905963,-38.7905089157698,-38.8082303673633,-39.5037680277005,-38.5250263090217,-37.627222020991,-37.8426735090701,-38.3000822383781,-38.8238095394768,-39.4355666375084,-39.4992706496216,-39.0222433259407
-52.5482310867702,-50.2416474319882,-49.673797310453,-47.664978363594,-47.6402464097552,-48.5734306769315,-48.5177455191341,-50.7594177366476,-52.4863357931952,-49.7371432238833,-55.9658961334588,-51.1988921636298,-53.8465860123944,-56.303032681145,-52.814788701785,-61.0037756982152,-55.0452869425446,-53.9863766611045,-56.3069745816092,-51.2216647984147,-49.1801775299149,-47.4444538955672,-43.7559431645659,-41.8103562346526,-40.2026485261622,-39.1520706896758,-37.7778788230158,-37.7621189036894,-37.2742365671918,-35.9283336717815,-36.7688191849575,-35.9150354453531,-36.2140805456932,-36.9304464940677,-37.1022575323444,-38.1287885282797,-38.1833299879926,-38.3262555907965,-38.8101899024801,-39.6339904662986,-39.3429500332551,-40.1281009638865,-40.5056950316677,-39.3770823388658,-39.862686939377,-40.526524924866,-39.4727998435944,-38.8910014157311,-38.8568793689646,-38.448432520492,-38.5387436619115,-38.9431687879004,-38.9132938770583,-38.4191469617813
-54.8593822500357,-51.3039642805286,-49.9100692991122,-47.9745093766042,-46.6508271563642,-49.0619256602737,-48.2590568393978,-49.3361714803519,-50.5538465662143,-49.2019871174666,-57.7396578484893,-52.1204473863579,-55.1902166411271,-62.5102013072684,-57.5210612412812,-65.0291937116985,-60.0312884417721,-59.6312377803339,-57.8703996021238,-53.7696362545221,-50.8355501010348,-50.0253642827299,-45.7272589229624,-42.4210503216126,-41.7622836137303,-39.7706428139435,-38.2779568800568,-38.2788167845587,-38.0716183586027,-36.8989430452187,-37.1505466950236,-36.9119117976096,-37.1177646166574,-37.1920928659785,-37.5297091961598,-38.9537909772412,-38.7897227735379,-39.1481496330213,-39.9671991427703,-40.8612083757512,-40.8998381524379,-42.7270649134914,-42.7036860270826,-41.2067244313624,-41.7855374956117,-41.7348246092284,-41.1115537684488,-41.3033709355686,-40.8632664691348,-39.6002014140144,-39.2121067057289,-39.1694316946809,-38.9754648539974,-38.6361588634188
-53.0662076900322,-50.1695486990117,-49.1795649541451,-48.2342891201345,-46.3968594700682,-48.9279894523604,-48.7230118849969,-48.607899751444,-49.2278828524732,-50.675853644502,-53.3335873405373,-55.1687093818845,-57.2809645800407,-59.0925997111913,-87.4517180179495,-68.0660884730359,-63.8836074855053,-61.8397123070621,-58.1159657609353,-57.8809047066032,-52.4159543278014,-53.1628840178087,-47.0478557715766,-43.4666622399616,-43.4968262884397,-40.4405259499713,-39.1610900503042,-38.8567556916961,-38.9224626114353,-38.6694358511741,-38.1179496118567,-38.9043189263946,-39.1192938559009,-38.5384420220523,-39.0222668391001,-40.3693688304541,-40.1831858375551,-40.8911402318296,-42.0351007156548,-43.0737093914026,-43.9724297018299,-47.1170525644967,-46.244774015851,-44.7775266773443,-44.435544497224,-43.1224113482831,-43.3547853786234,-44.8494075912609,-44.018893939214,-42.1337767492765,-41.106686746136,-40.2477695272667,-39.6790902728447,-39.4304972024183
-49.7410979355424,-48.077255542484,-47.8332521463183,-48.2760977666326,-47.0298276946887,-48.4624943508864,-49.8547955456505,-49.1350810693838,-49.4949114759356,-54.1246180139096,-50.8573256452746,-58.3665016644547,-57.0375853007173,-53.8180241880999,-57.474893420819,-67.3884176057777,-59.3269626662504,-58.1555778073191,-59.7078680900741,-64.0214068046146,-54.3205888525834,-54.9332220252269,-47.7481986696768,-44.7734112856527,-44.2763082818938,-41.480255826063,-40.4189186501224,-39.650781494674,-39.8893525558442,-41.0677197597398,-39.8140659392915,-41.8824184781049,-42.3720008761934,-41.4070479861557,-42.0423708852392,-42.4469083095188,-42.323429545049,-43.2637532406623,-44.5377184621102,-45.7851782775963,-48.4640643458172,-55.3141695529092,-52.7862358051464,-50.9900000728867,-46.8117276414562,-44.6380280972867,-45.8376309453955,-48.8956816994803,-49.0362455828255,-47.2854336031986,-44.7241623160513,-42.2341913189638,-40.9804828127819,-40.5061681824308
-47.1411870204294,-46.4721650210534,-46.5389020391446,-47.9133136607884,-48.5497002356762,-48.3977091428696,-51.6034597507778,-51.5634358127086,-52.107130637637,-58.5341253712689,-50.4954333946072,-56.3627567304218,-54.6500107689211,-51.7865941972192,-52.6691861812104,-61.0480661210765,-57.454800192397,-57.7681054781122,-62.7612426276171,-59.4698952916145,-55.0475532594153,-53.1758411033413,-48.3932910270429,-45.5429427816044,-43.8746041353841,-43.0448100334911,-42.0940687058964,-40.9763097807657,-41.2050811883014,-43.7346962491945,-42.2598517944267,-45.7006996009244,-46.9827921567028,-46.765227072577,-47.6696583351569,-45.4768547153531,-45.367589330126,-45.8566618215945,-46.5797278211778,-47.0635355539721,-50.2468523539827,-61.1131671752689,-66.1586072391783,-53.0253247481688,-47.2324551685247,-45.9438582857185,-47.6709050300707,-50.7173545494539,-55.3022198747398,-64.3259747812538,-49.6275261266034,-44.3770278446042,-42.2912325094732,-41.1858965684925
-45.338739641253,-45.5125478933022,-45.7294714175119,-47.2030901772213,-50.0149297959786,-49.3165853760545,-53.59272157403,-57.4520504234747,-59.3062715008941,-61.1683794613565,-51.3611997452792,-53.9073647477917,-52.8422423921757,-51.7069869597513,-50.9469390814013,-55.7746365302598,-56.7733208818207,-57.2593927589851,-59.3575128179842,-53.8619682134222,-51.5229528974877,-50.3080010847625,-48.770225192849,-45.450593750699,-43.4660582711025,-44.9782024618361,-44.3119912118934,-43.2296590742541,-43.2328169837311,-46.1737169658714,-45.3287747846765,-49.7754672399022,-51.9507375985344,-56.2615004270731,-58.6648991726504,-50.0872808588932,-49.6338036040221,-48.2265484158354,-47.4457866387734,-46.2123490313161,-47.8720794803756,-51.0614224755217,-50.7133288490596,-47.7889042138329,-46.2557490190226,-46.3586504049341,-47.6456459816927,-48.4439639629194,-49.4666351338457,-49.7323789022062,-47.4423754793951,-44.220017874673,-42.2591062005812,-40.7707854936141
-44.1626211410059,-44.9304401317712,-45.4622913906509,-46.5043834728677,-49.4100897653859,-51.4418438700537,-54.5408498828867,-62.6438518946376,-63.599639754164,-65.3500568061622,-52.338983253379,-52.622154500874,-51.9952460666633,-52.8483256908224,-50.6513104070977,-52.0221748779922,-53.8887479848308,-53.3134459749998,-53.9443518342086,-50.3011507195789,-47.8097749576077,-47.8162309977372,-48.328580571603,-45.3554444639022,-43.8512500595264,-46.8297910420179,-47.1037639664369,-46.8857285885922,-46.5294015114664,-48.1508796404752,-49.0365980183067,-52.8039601561546,-53.6619664761444,-52.8146411279887,-53.8806508924598,-54.9918189939902,-51.8243792147771,-48.7893948715812,-46.9398023063227,-45.2051824330571,-46.0664104785641,-46.4788146093024,-45.5044662771605,-44.7160146151228,-45.068370350212,-45.5811157396319,-45.8535572210478,-45.2528460947973,-44.83609076217,-44.2905511411794,-43.5105782692082,-42.2811829078956,-41.0199908622288,-39.8117648314179
-43.4712110937854,-44.4391975035053,-45.4305430902643,-46.1259898561109,-47.685799775225,-52.8887340909026,-53.7421823458493,-55.3809669325429,-55.7170665352183,-63.0388332944648,-53.0603430974044,-51.8999943161715,-51.8874328143603,-54.3477864851974,-51.0921189039045,-49.5398404118691,-50.3884415657577,-49.8412665281661,-50.0736965938947,-47.9492428366448,-45.5678604555844,-45.9089182128417,-47.1197947287677,-45.8099230889261,-45.2667178114117,-48.1342293879269,-49.714529912845,-52.3910235096486,-52.2851968334593,-50.1604367867953,-54.5334533122693,-53.6634298383632,-53.2709550181698,-50.1115855708107,-50.8585202315989,-51.6634552373502,-48.4055395029333,-46.8849366942777,-45.5889229410148,-44.6833997103532,-44.7555411629463,-43.5686537342952,-42.6936540440778,-42.913210143031,-43.846453209341,-44.0730949890363,-43.5948752463498,-42.8412139586764,-42.4846822964344,-42.1300519583039,-41.5641387130776,-40.9178086675571,-40.0638482887854,-39.3230550983374
-43.1472744241037,-43.9346248468347,-45.1257985294023,-46.0634028018844,-46.7021979100256,-50.5368215694789,-52.4504546717558,-53.1237164134609,-54.5351496744558,-56.5396597821962,-54.6482595990138,-51.7071845339739,-52.3277064289225,-54.9904561872105,-51.7783693445643,-48.1715741757483,-48.0581198077259,-47.7227510472926,-47.3461737888974,-46.538197472906,-44.6815471531189,-44.692523917155,-45.6885016909678,-46.4670533843855,-47.5887813495155,-48.8783646876653,-50.6246780703999,-56.7197656089592,-65.6421618807037,-53.4548892494169,-66.6560705419208,-52.9686178163389,-52.8885836416803,-50.8842483212951,-50.8591363137781,-48.3016387529989,-46.0611618200046,-45.1562820709067,-44.4896184375881,-44.3659995197612,-43.4493946178434,-41.8058172320627,-41.2639757810771,-41.8852577453876,-42.6334580520938,-42.4553978895858,-41.758324298375,-41.4268122487015,-41.4799586840049,-41.4776535059087,-41.026129784095,-40.6456141449821,-40.0625472327008,-39.7864789896854
-43.0866632792207,-43.5058080971821,-44.4195576834409,-45.9723552940457,-46.7877141135645,-47.978742254689,-51.3621122434582,-53.917783723698,-57.7356141325756,-54.5673982798819,-58.2691627043397,-52.3569682198334,-53.0607909645585,-54.0867557400655,-52.0911098839785,-47.7439181155837,-46.8565538864852,-46.5060776240919,-45.6501757728033,-45.9591928107433,-44.9701746834668,-44.3293078302171,-44.6726060732019,-46.6646572989782,-49.9409993293294,-49.3758457140736,-50.5787403667614,-55.1197754294445,-58.8809713701275,-61.1253883697763,-56.8596427520025,-52.1391051838118,-52.4654061455593,-53.2413218142626,-51.1311692251795,-47.1366144528071,-45.7703025633219,-44.8114287945887,-44.2778686514114,-44.045668932055,-42.4388112146492,-41.1204084636295,-40.9439395837501,-41.5024531491082,-41.6652156983967,-41.2543273291705,-40.7447974362442,-40.954747690745,-41.383626743043,-41.6890724627037,-41.4318979097535,-41.3308979107112,-41.1129961898547,-41.3404364340469
-43.2043350929189,-43.2953487235582,-43.7507381296217,-45.5255957139221,-47.4288270121038,-46.9482988475253,-50.3738322628384,-55.719506476848,-64.0885246885155,-56.9078514704327,-60.8124754734712,-53.3554204649429,-53.4481000975788,-52.2449368071825,-51.4499894074013,-47.9781586332516,-46.4147267503247,-45.9272483669257,-45.0696570632217,-46.1367473882771,-46.3236334260318,-45.0226985568201,-44.5937730116111,-46.6100038713163,-50.6167341777791,-49.4500235476403,-50.8455597348926,-53.8888506172596,-54.2707637985834,-62.8055743712637,-51.6937055160484,-51.8420859728065,-52.1198226711093,-54.8458921688039,-51.0135468915392,-47.8974806476668,-47.4044381156406,-45.9664023760388,-45.0259717890848,-43.858301855088,-42.1420258419172,-41.472851937693,-41.5786090271396,-41.7034669330671,-41.2660433875662,-40.88993679789,-40.7932648639942,-41.4123710387815,-41.9844235580204,-42.3836279274211,-42.4126381010648,-42.6649391962077,-43.0993454776813,-43.983002911659
-43.4529916918481,-43.4087317779589,-43.5733391574144,-44.9469380093305,-47.4929221286032,-47.3123429072436,-49.4413211814023,-53.7034877567057,-55.9846269363808,-75.022969244353,-57.251997119276,-52.7446265958132,-52.7954901824124,-50.3062536734092,-50.0375230002551,-48.4462278821201,-46.4879333531967,-46.087355205416,-45.7573378798558,-47.0525291071268,-48.6410921736409,-47.0533288882842,-45.8530799767451,-47.0350863893379,-49.4953705660371,-48.4737115799564,-50.6807394645883,-52.8404187183875,-52.4098652710785,-53.6541210919419,-49.4759476403247,-52.0035383422398,-51.8839753798839,-55.3548719483817,-52.0841422888098,-50.9816599544647,-50.6784297210848,-48.1433791523493,-46.2419194972764,-43.998864923356,-42.6871202178556,-42.7354270662639,-42.9413993348317,-42.4841397227554,-41.7901323612335,-41.7326540306209,-42.1683554233436,-42.9020431824348,-43.204738006077,-43.344502716444,-43.6586256286763,-44.2493378517049,-45.6693368391558,-47.5552568040306
-43.8439183073329,-43.9096945003182,-44.1150389790436,-44.7987245514644,-46.724863663327,-48.4465267896783,-48.8299884001968,-50.6571496587367,-51.679967095402,-56.1743056513007,-55.0577011832777,-50.8461451082211,-51.4092745222213,-48.6227482754018,-48.4194936099356,-48.6821661795554,-47.088749466241,-47.2254849517949,-47.9112977276987,-48.8267718620223,-51.7104838990461,-50.966045919372,-48.8941324725808,-48.1064746542805,-47.8251622372254,-46.9752308435566,-49.1017586883902,-50.5372412641946,-50.705179927492,-49.4385724304873,-48.4896918962118,-52.0531819098578,-51.4778363125155,-55.0435492218081,-55.725993204002,-58.5587937710847,-52.4284086210252,-49.1894459825859,-46.7210037909601,-44.456471204793,-43.8998703069127,-44.5343068921509,-44.684654516151,-44.0197999839159,-43.7036616444286,-44.3240799986952,-45.3535674606073,-45.5809790834911,-44.9289548344131,-44.478669345299,-44.9832134116492,-45.8165559291754,-48.1696901488571,-51.5813001324583
-44.4594799109494,-44.839464833792,-45.4688514593436,-45.5317073328594,-46.2854677366489,-49.2761659038347,-48.8554298936037,-49.2549577327922,-50.1931953603218,-50.123226633871,-54.3406267271155,-49.641324659224,-50.0201582784922,-47.3019655373786,-46.9634761165041,-48.4161101484377,-48.2057321573568,-49.1426083000104,-51.3210783710314,-51.7305008806711,-55.2496296879452,-58.6643774620359,-53.9577984718828,-49.0875652765455,-46.4460633441975,-46.0222374394285,-47.0636541236044,-47.6353179351828,-48.5380581196031,-46.6765650706119,-48.1023671292003,-51.2369008948004,-50.6881996065935,-52.5788611365188,-57.4685090723493,-58.0284760480759,-50.2056932333051,-47.8531322737382,-45.956946451483,-44.9788688760043,-45.2358901939394,-46.0625034268764,-46.3878788845413,-46.6020237772501,-47.8611169613364,-50.2453110893065,-51.360107778919,-48.986465209528,-46.664697575443,-45.6876113548159,-46.2939936282828,-47.3690769995742,-50.0515843010912,-55.1578572599099
-45.4492826207965,-46.2468347689086,-47.6714281442747,-47.4935732680952,-47.074333464192,-49.5651931209132,-49.6938856842648,-49.4702799743543,-50.4715142325364,-47.9752368013019,-53.261119893202,-49.6413942291141,-48.9864835280657,-46.4719610627154,-45.9395400909802,-47.6754361331565,-49.0196067152155,-49.922458262816,-52.4376375252794,-55.0705203621529,-58.9969720213598,-70.5867792147608,-55.2637334681623,-49.0269761374139,-45.7969887682316,-45.8879219527476,-45.4351597238563,-45.2015635404378,-46.2684937043468,-44.7666535955887,-47.9239711299879,-49.4563404593325,-49.5662127429669,-49.6250379670937,-51.5004614153305,-50.8846907623945,-48.3048985728501,-46.4067788310498,-44.9635019002676,-45.2008763957494,-45.8326311288758,-46.3805577458895,-47.1786780739552,-49.1960196549286,-54.0301993603944,-77.7125094405915,-54.8830721246776,-49.975172136082,-47.5697519486122,-46.7917283912131,-47.4486564047571,-48.8683208764668,-51.2165350314588,-56.6302168204239
-46.9916566576945,-48.2526535240014,-50.7275185192353,-51.1904323654123,-49.5965453431128,-50.2876014135275,-51.3195111564757,-51.0916704305027,-52.0921159912584,-48.1909025714256,-51.6466985309103,-50.6459947538298,-48.4522791669705,-46.2829846192247,-45.5691994255048,-46.758429583437,-48.2119002549766,-48.3172894391237,-49.7788450905384,-53.7473254172248,-57.3295786146176,-56.1366453765031,-51.5899442476827,-48.3623173981634,-45.9691040852588,-46.0385372197837,-44.3787683188704,-43.6775368300567,-44.431039713729,-43.7603087165212,-47.4252100260604,-47.3655826502097,-48.284383192012,-47.3700500033199,-47.5639040429515,-47.773550983324,-47.4414090347721,-45.7634411446459,-44.4716450036171,-44.9620070233173,-45.3072974528271,-45.4243735831421,-46.0671454700409,-47.7392677651488,-49.6917777479867,-50.9503360008196,-49.8084975421808,-48.2583886441884,-47.5944005380242,-47.6067663183955,-48.1766772878098,-49.7902813876635,-51.3097647905337,-54.3356754956411
-49.0790628903387,-51.0825589285849,-54.7919749178607,-58.1258698420616,-54.2050661327519,-51.7330127077204,-53.3221597138913,-53.8687435210683,-54.6359350156965,-50.7641581127705,-51.0141941465118,-52.2522593193296,-48.4784958385965,-46.7950251598445,-45.9448272345308,-46.0478783576205,-46.5879324774821,-46.6275538501947,-47.6620773809523,-50.0561230959136,-51.7664262562744,-51.0522357593372,-49.2797858634092,-47.9384732789426,-46.7149489710965,-45.7367787606682,-43.9495333112608,-43.2056219770336,-43.4056372282978,-43.7560263857433,-46.3327027553586,-45.595130763353,-47.0686144249062,-45.8886882333079,-45.5431763665894,-46.4473232327151,-47.0444735979595,-45.7913793782499,-44.6371212776936,-44.5362590148757,-44.3193153800251,-44.1283600909988,-44.2871592210855,-45.0018894863498,-45.7806032216408,-46.6881899536483,-47.3206476269324,-46.9561374850528,-47.3640576377647,-47.9045405185626,-48.0491619411051,-49.1535940179943,-49.8580878588974,-50.7075098230045
-50.5409372883402,-54.0826646121379,-60.3943756864776,-71.32210204367,-58.1454118020386,-52.6209365588674,-54.688630639104,-56.5194244473647,-56.9392638548569,-56.9134809888434,-52.3230561027035,-54.094604271635,-48.8987919059396,-47.8594367427042,-46.9318192238803,-45.7586245076173,-45.4479991300595,-45.8496162465515,-46.7221642607101,-47.6142039294045,-48.0932764976037,-48.1430682516936,-48.1290609246122,-47.972802005213,-47.5317466058462,-45.2564379108311,-44.2659099975487,-43.8189838242095,-43.3947363576959,-44.7158565284368,-45.1753533967614,-44.5309366669078,-46.1985877530167,-45.2970875484163,-45.0098025422024,-46.1876240252815,-46.7025710521278,-46.1873189115338,-45.413918803045,-44.4303871877476,-43.7526572323454,-43.4275625960977,-43.3502926867292,-43.6982686015265,-44.3481469645658,-45.1934188084684,-46.3364541059186,-46.3627432622313,-46.963605369525,-47.3224301499617,-46.8756940633426,-47.1358557396847,-47.6452183649073,-47.9397146545267
-49.1967304866479,-52.6421543828743,-57.8078606598532,-57.8635815362,-56.4389807729445,-52.2198199358535,-54.5189979008032,-55.759071954288,-57.2639424015098,-59.5751001632956,-55.1779576290131,-54.9522652227084,-49.0965833357578,-48.99254411844,-48.0303872601522,-45.8523974295776,-45.0599457527773,-45.8852041448808,-46.6955056334872,-46.4995379341668,-46.3342645124232,-46.8636081075334,-47.9200992889244,-48.4198057897997,-48.0923865628886,-45.4310536391556,-45.427963080562,-45.4528282770315,-44.479863884785,-46.3685077545416,-44.6335988774493,-44.4475738971947,-45.983529812676,-45.8817118328733,-45.9403034368179,-46.6910924583825,-46.5084498950701,-46.7377004429845,-46.6957068010966,-45.1167584302638,-44.2029651058873,-43.8602507542493,-43.7464618176359,-43.8810901396969,-44.380653292054,-44.8661680271152,-45.8200058033084,-45.9385038049056,-46.1261704017477,-45.9206132369906,-45.2865850723022,-45.1437669116124,-45.8331968770114,-46.5053592185593
-46.54664295362,-48.6335472535151,-51.0639324974719,-52.2698445341316,-53.7899662017857,-51.8653629673817,-53.0180755732985,-53.1214937627725,-55.9377467449592,-53.0764424974331,-53.2314134985616,-52.6619005730719,-48.5099905819881,-49.4425585972551,-48.430643865887,-46.0934358763955,-45.2683539274001,-46.4258161921531,-47.2150751661238,-46.5775846782181,-46.3478142820777,-47.3157118673861,-48.9198957295946,-49.3508474959358,-48.5698486343986,-46.6385688186537,-47.3490723764013,-47.803851100881,-46.6095936938477,-48.2049005886444,-45.1004334307505,-45.6622730148299,-46.7695158900526,-47.9679917044719,-48.4382801024662,-47.8412577352904,-46.9047468994655,-47.5907576102057,-48.4382386501709,-47.0353882252045,-46.1441077475957,-45.7888590730271,-45.5928042245594,-45.2767530006303,-45.254311053204,-45.065350287771,-45.2793085340553,-45.300460236096,-44.9426007021117,-44.4043335818854,-44.0702983606237,-43.9930452950752,-44.9301568157386,-46.3388938873796
-44.4037451681987,-45.6721919126497,-46.932394745976,-48.5676735374236,-50.3006758660201,-51.3745942796669,-51.0225235645326,-51.2393296292504,-54.0177545309572,-50.4860582392416,-49.1508585283021,-49.5821915578598,-47.6233792727292,-48.8323337449891,-47.7488855543566,-46.2154517841664,-45.8251810679801,-46.9427157090698,-47.4963453066204,-47.7027258384571,-48.3638175878334,-50.1941901298282,-51.858722425387,-51.0406895407307,-49.2563163896602,-48.7008713645729,-49.3971198099549,-49.967797255775,-49.3615484854595,-49.9389790737631,-46.8646797185627,-48.8105204879599,-49.0430007268488,-51.5071380516175,-51.9265751890395,-49.678298874154,-48.4203857683755,-49.3686717364747,-50.9160640934999,-50.8310937843994,-50.2941947038354,-49.6255903087446,-48.7513863563858,-47.4335808584495,-46.4731330309756,-45.483089222054,-44.7218334217237,-44.5323188874241,-43.8934113689521,-43.4145432578962,-43.6162146092796,-43.8926172407835,-44.9861007242017,-46.9017681493062
-43.0250579710271,-43.8941273862023,-44.6075355119913,-46.1529679218339,-47.2427764962414,-49.6391678867689,-49.3727241502434,-50.4541881997659,-52.1158404494393,-50.2668279867216,-47.1575782807978,-47.7298940868506,-47.2755496598788,-47.6788054267116,-46.5331012089402,-46.1394470758675,-46.3775918622162,-46.673546749084,-46.7329433555979,-48.963967769237,-52.6802908757537,-59.4975710879807,-58.0348094700883,-53.1383273722764,-50.1537533368753,-50.7349782968356,-50.0891151623346,-50.3127347554767,-51.3989132607754,-51.6594006187584,-50.2508105377696,-56.1933928675121,-53.7873306281815,-53.7970251129392,-53.5232387172921,-52.4157369640261,-51.7105388644773,-53.2402722748217,-55.0820415674257,-58.1525481021366,-57.9380194539345,-55.0477488966437,-51.9739116130125,-49.6150271123325,-47.7051546345519,-46.0354609120661,-44.4757080571638,-44.0567865040209,-43.4623192307833,-43.305893219162,-44.0630798233668,-44.8218466083381,-45.7750301988115,-47.0582332628087
-42.2903579406268,-43.0716258185213,-43.6713472255569,-44.9964237396533,-45.6511729872306,-47.8019013975906,-48.5904980006835,-50.5572736729992,-50.8266648319164,-51.874465410178,-47.1839906109739,-47.3914897217261,-47.9398587142138,-46.8509869954216,-45.6174208548747,-46.0370903521125,-46.4854875415162,-45.5976533693058,-45.4098365157564,-48.157180694248,-52.257254203675,-55.7256657712224,-54.2573582686957,-51.7663028834681,-50.2335240824792,-50.6478072042294,-48.6359447060137,-48.4858905782683,-51.2042787697488,-52.2210799713207,-53.5382666304698,-62.6222321376338,-61.5265609623134,-52.9735871111014,-53.7094134317162,-56.0901698867013,-56.9637882937709,-61.9121470260138,-64.3692692567666,-66.8679540551002,-59.2312042740987,-56.2546905071789,-53.2681239317775,-51.3220370681403,-48.900697131881,-46.8635764927946,-44.9377126672691,-44.3279667846357,-44.025231826359,-44.3408448978754,-45.5004198471804,-46.6354138239567,-46.9044320808719,-46.5598398594009
-42.0391524933549,-42.9920613837973,-43.8939313525811,-45.1134396550278,-45.7932635068011,-47.2560828727265,-48.9945356707174,-51.2599415826414,-50.5619375931761,-54.7127241606837,-49.2365575855056,-48.6622714888691,-49.9491027835489,-47.0194786159351,-45.5952149807065,-46.2072476397143,-46.1188556367216,-44.5693968866091,-44.4145475074651,-45.8306776321038,-47.0012381201074,-47.388685258238,-47.7225538102887,-47.551551280881,-47.939510554571,-47.6159989666673,-46.2233187930499,-46.1475668316416,-49.3389539253017,-49.9776058060695,-50.5545531557002,-51.9419096246872,-56.2070717292263,-52.569843044615,-54.2995629718204,-57.109722887918,-55.8753212892406,-58.2645710641044,-67.4782451424878,-60.4133674670714,-56.656084806657,-55.7513426682088,-54.4080554460264,-52.9645917856936,-50.2808699916686,-48.1908415085835,-46.3848992900794,-45.6938824593214,-45.9573247319177,-46.9134240012127,-48.1135364882817,-49.10170930581,-48.2128689979494,-46.5377756126016
-42.1242131936023,-43.3829447753217,-44.9432228707311,-46.4691032315718,-47.9744063848884,-48.7039618393733,-51.0269355682223,-52.5541570394664,-51.5224738048859,-56.0046358813873,-54.0956548577247,-52.0106076569616,-54.0060879578732,-48.6788884122559,-46.7591003366223,-46.8680319045728,-45.7425381505156,-44.1000210128287,-44.009876174644,-43.9447980303774,-43.8051103260546,-43.7174625013714,-44.1021016146621,-44.3171375661217,-44.8100611027081,-44.2909142102982,-44.0609199000198,-44.3525824612182,-47.0181796989768,-46.8168571668646,-46.9661423166665,-48.2277300262624,-51.442454733159,-51.8034137422036,-51.4325841130607,-53.1609482384905,-51.6967014338032,-52.7116125568266,-58.8683333601367,-58.6314180155518,-58.1887399253885,-59.4519612967278,-58.5419700485736,-55.2543741135819,-51.7479783078769,-49.6509141676127,-48.7193560224634,-48.3721335776401,-49.810664993877,-51.9391632002679,-52.4599076045199,-52.1533487163931,-49.919739672083,-47.4671030981504
-42.4506104270406,-43.8766172832594,-46.0035845950146,-48.4666464203138,-52.7097677157272,-53.5461142051325,-56.0906106752133,-55.1056713282873,-53.6009706574102,-54.5313135668081,-68.2642545067861,-59.7020935610267,-63.1253660853689,-51.8308542414243,-48.6719780724981,-47.7562218438287,-45.5308868766607,-44.1075232535102,-44.0367612831779,-42.9341481329141,-42.2235805337538,-42.0214961792159,-42.2246828407944,-42.4456441701879,-42.5060718398818,-42.0512852135219,-42.6264933591597,-43.2558986795118,-44.7884268677869,-44.2069139948231,-44.9192829129227,-46.3574654800112,-48.0972689876923,-49.1234882865139,-47.4377798436793,-49.5583483114146,-49.4408558291139,-50.2264163975847,-54.7692329013129,-55.1656245367791,-56.2682837389143,-62.861918698922,-69.2110856513809,-56.0851460975604,-51.3691467871481,-49.6361212138932,-50.8727401048254,-52.1654200165443,-55.3963446194159,-59.096427160452,-60.7606003979387,-56.0451890193969,-51.2085712092877,-48.0551415147684
-43.0282974429724,-44.2352367384345,-46.1410887367951,-48.9612774092683,-54.3258778432022,-70.7328981790596,-87.147971798994,-59.177298490617,-55.4077780020665,-52.9359425739241,-58.3249865959733,-60.0303818773764,-60.5236524477414,-51.9990897788767,-48.8546443583002,-47.6900631512509,-45.1118197092324,-44.2445006344537,-44.2336729689814,-42.7295578866227,-41.8692707667944,-41.7186956526473,-41.6828570470413,-41.7544340602663,-41.3634912512742,-41.0642837885304,-41.9855986817137,-42.6750694595967,-42.8884899109343,-42.4406961987338,-43.9507895639022,-45.1591423450224,-45.2324179152031,-46.3249604229121,-45.0139621778474,-47.0511281183452,-48.1976322643888,-48.404971073248,-50.5336396910462,-50.7524070320997,-50.7801933174346,-52.8418556641431,-54.1637150069339,-51.6508575445826,-48.6852696811354,-48.1585237719717,-51.392519947692,-54.7828122007141,-53.81946514824,-53.8009876755426,-61.7664536260299,-57.1575975302065,-49.7684329341446,-46.7359485372846
-44.004435284899,-44.6750143266928,-45.8132977627527,-47.5963546220163,-49.6952750486462,-53.2549674678451,-55.691519318892,-55.6275242691248,-54.2691757902428,-51.2063233327449,-51.0833377426452,-51.321498774603,-52.6669238467868,-48.0866382100016,-46.8385140149916,-46.2075061827315,-44.3507666689529,-44.4068799137687,-44.5022405072039,-43.2963421182957,-42.6751717550566,-42.6651877077549,-42.329507697532,-42.0933406735094,-41.3574753043455,-41.245322218428,-42.0219649082074,-42.403461247412,-41.5604070585846,-41.5888734522817,-43.5283929063691,-44.15876746051,-43.1206760692933,-44.3313203754545,-44.0164112416728,-45.3811594530762,-47.180384083929,-46.5735586351045,-46.9684726906809,-47.6773133759283,-47.4031057721165,-47.8955677225162,-48.2205544126348,-47.4973857261436,-46.3602301564794,-46.9782880914064,-50.2810887010498,-52.5843744711494,-49.8451372057966,-50.0009858928598,-53.5740897337973,-52.256479626327,-47.2917913928565,-45.1717426483707
-45.6794435211759,-45.7506109388589,-46.0911819223784,-46.6188307108414,-47.1808044935725,-48.2363188468557,-49.9565970250728,-49.9705447836443,-51.2192735308625,-48.9784147620178,-46.9621068697936,-46.9611250231006,-48.4133666243109,-45.2942774425468,-45.2152148543772,-44.6263185059968,-43.8389961736319,-44.8815777571706,-44.9822600014816,-44.7784081962224,-44.8149712116063,-44.8878806617736,-44.1004818770647,-43.3488468563636,-42.4115203523569,-42.4440406881971,-42.5441134034848,-42.3880433993934,-41.0571198253058,-41.6639754453001,-43.1921290154195,-43.2347387743582,-42.0133845022083,-43.0962659880218,-43.9648263329585,-44.359810229889,-46.0315675016986,-45.147314000139,-44.7379385859863,-45.9535724302312,-45.7790297442482,-45.3735998140069,-45.21365449535,-45.1176921256037,-45.2881076489525,-46.5375071347417,-47.9335132366367,-48.7483967824811,-47.6263055305037,-48.4922772792238,-49.5010943304977,-48.2532933633488,-45.7191979805786,-44.6697657616314
-48.6282520954355,-48.1339444464745,-47.4874925865008,-46.7609369622117,-46.342186046794,-46.0755592244034,-46.9992832563083,-46.4755401799362,-47.9680009069508,-46.7376424109529,-44.3263070254282,-44.3786163237589,-45.4550534650566,-43.853205487283,-44.4838347060747,-43.7373314773333,-44.137859368905,-45.785055322759,-45.9057409403605,-47.569628420957,-48.8184064304119,-48.5577801853579,-46.9528100725081,-45.3728817920216,-44.3914291648792,-44.3752121547474,-43.3829159179424,-42.7320383827019,-41.5967814573386,-42.5925274344621,-42.8438846051645,-42.5381305739281,-41.9464296062165,-42.5614099571089,-44.3514820083093,-43.8690407340313,-44.8788256783433,-44.5105672293118,-43.9008075364007,-45.3248927977939,-45.4421720857571,-44.4768549804074,-44.0335185946811,-44.2766232017867,-45.3721822531465,-46.4084619666467,-45.6478665946141,-45.9837504321171,-46.673959079037,-48.1829555720724,-47.2558971292735,-45.8960791818088,-45.1780690087894,-45.2754901109856
-54.495946137749,-52.7925559472248,-49.8807266800203,-47.7232797403773,-46.3760478517969,-45.1897984785963,-45.2398004490972,-44.3999867684777,-45.121867976651,-44.7992991918846,-42.8405318418558,-42.9002439399827,-43.2572973827456,-43.2309360779163,-44.029702718258,-43.5011230412374,-45.1363857208019,-46.4606296574881,-47.4245764544886,-52.29732324428,-56.4543243811783,-54.2357695595577,-50.6628393952045,-47.6973641806931,-46.8678290841224,-46.4183807915803,-44.4890566101287,-43.6103009212022,-43.3845040695448,-44.1730950536466,-42.8384265860808,-42.3856664822549,-42.8326971098112,-42.7679459535811,-44.7296450093824,-43.8375801554833,-44.1119669167035,-44.761401128243,-44.45627878905,-45.6552154326299,-46.1148170477235,-44.9733164018121,-44.3423368347742,-44.7093397895169,-46.1806688377043,-46.2027777797197,-44.5052732422181,-44.8743138167665,-46.9602057844355,-48.5858393945516,-46.4579435642832,-44.9917635064173,-45.4004034733301,-46.526271569376
-78.4538676897333,-57.4404956753506,-51.4709572206325,-48.4678229302256,-46.6310628008914,-44.9420381389562,-44.1331538607312,-43.2671397279347,-43.0084855834619,-43.1912039792627,-42.247541732723,-42.1571522830921,-41.7008961456634,-42.8523054238314,-43.190291325016,-43.4772700342322,-45.5318430683851,-46.0740889586515,-49.1390670281114,-55.7064677014615,-64.6329570982504,-60.3339832610361,-52.7644445252045,-48.9825569625923,-48.6093867653888,-47.6787186188144,-45.9617052299626,-45.304240790752,-46.6711575588753,-46.1807453424254,-43.6982702785825,-43.1389979545289,-44.4593807141363,-43.6885238253775,-44.8302199078594,-44.2343311934913,-44.1075978342058,-45.9613268583053,-46.5549387134937,-46.9958376733824,-47.5044768348563,-46.6888771860809,-45.9108439555037,-46.067692879267,-46.9788611981702,-46.0773472793126,-44.8704429554602,-45.6432697089767,-48.7659650788917,-49.6243428135811,-47.2091078120157,-45.5266438791328,-46.1412003827768,-47.5323298160756
-54.1524266178531,-52.2096108873033,-50.2472731676988,-48.0466343999488,-46.6748982116528,-44.9887990779876,-43.478556493403,-42.8151986837879,-41.7634191296533,-41.9932249739252,-42.1815737722298,-41.80398737417,-40.7838839712872,-42.2593082513277,-42.080921090828,-43.2132713045497,-44.3595786338933,-45.2231454657417,-49.1960946946233,-51.5516343900812,-55.0871360512095,-54.1313735477044,-50.2686846612655,-48.498171286028,-48.6282818691848,-48.032845518712,-48.0541228536256,-48.4441177972549,-51.8164415258052,-48.8218092814482,-46.0617967822739,-45.1967650230117,-46.4098604977935,-45.0634718958351,-44.6610973495688,-45.0415728082392,-45.098426952819,-48.373766556456,-50.7754428832845,-49.7587173558147,-49.1522553824327,-48.7627256911709,-48.0522980549138,-47.6662448680818,-47.150549403196,-46.3009515152228,-46.8232832701301,-48.5266454758821,-52.2237572148718,-51.9111657896169,-49.8759013186489,-47.5255177048118,-47.255957948171,-47.4559391231284
-49.1466417427174,-48.6565303692334,-48.4861940181084,-47.1425137167525,-46.4864171574552,-45.2024168533018,-43.3156219693148,-42.9191597366223,-41.4135824305391,-41.3760124865266,-42.2205556281865,-41.5773892558198,-40.5233350729334,-41.4816837641186,-41.2784008178882,-42.7506638125374,-43.0473598474473,-44.8068784452071,-47.2324823886887,-48.4020013798408,-50.9086487462079,-49.4103105654234,-47.6580329096513,-47.7870243584891,-48.1349013566145,-48.3960447487245,-51.2781711211611,-54.94582091231,-59.1307345770612,-53.3481617959971,-51.3270690541897,-49.0584119338626,-48.0907542452157,-46.5065662820518,-44.5741027295539,-46.1819998988414,-46.9513564059819,-52.1329770584503,-59.2288064854553,-55.5281950742737,-50.6176863269422,-49.1019484057029,-48.9203886107117,-48.3802898723816,-46.6477397548505,-46.7580082616508,-49.7939118179932,-51.4095933267736,-53.985265084645,-58.2084921082302,-53.6327674280388,-50.2300450263431,-48.5566134129744,-46.5422758866681
-46.9650017961361,-47.1794685318704,-47.5494651463555,-46.731649794592,-46.3963127149834,-45.6842001954768,-43.8583017245014,-43.5735175905487,-41.9462191703885,-41.4709489567505,-42.1801373345564,-41.4587610312403,-40.9190411890501,-40.9598979957394,-41.1735453349531,-42.5179068839493,-42.6861908383045,-44.9687165929319,-45.4648751281356,-46.7786153638867,-48.2630114519433,-47.0956634575258,-46.6979054194281,-48.0572777659189,-48.406108045932,-49.5539054566873,-56.3158369872953,-63.5933819679974,-62.1754506531201,-64.1302195497197,-61.8202762381555,-53.7640904729061,-49.0664446438637,-47.896994577898,-45.0521067834543,-47.4214756121047,-48.463500423385,-52.573705517119,-58.7895915381826,-63.4575308784747,-51.5655617639684,-47.9875120429158,-47.8222012515569,-47.4708158107025,-45.6833368998329,-47.0213425569724,-50.6215871953424,-48.5601210686852,-50.7440560831171,-62.9528451392128,-51.1753316887216,-50.6252550299396,-49.5276258153223,-45.7149383394822
-46.2338597607801,-46.9660339640384,-47.4424836589095,-47.1923860645523,-46.8888109137766,-46.7735596327817,-45.4535311882357,-44.8771917893454,-43.3106340573863,-42.2736155958537,-42.233269716963,-41.6338302382788,-41.9329043239294,-41.1286142708666,-41.9681819429214,-42.8800938417273,-43.4948595129049,-45.4442328667525,-44.8142770768748,-46.1348142985365,-46.7708296044241,-46.6254628625388,-47.5869769239162,-49.7366652632344,-49.8982632313694,-51.6579778275235,-58.3918185713056,-53.4338359737261,-56.7165577777151,-57.4135376985104,-52.0299308025243,-52.0515611357598,-49.3443106522899,-48.8520818721111,-46.4010897988354,-48.3650192383991,-48.2795316008547,-48.5873572582167,-52.0988755301379,-52.5279319918826,-50.8660841196874,-47.2410009667466,-46.3407377946011,-45.6574526442618,-44.6622682017625,-46.6948989292772,-48.2382018437654,-45.7561095207597,-47.7650584724403,-50.2776409640883,-47.2737422586943,-48.98209708883,-49.3952580192745,-45.610368236153
-46.4847874570201,-47.5039462868856,-47.9493835911869,-48.6465570376567,-48.5850497354323,-49.1256764212928,-48.662773421511,-46.9473010021174,-45.3211984508013,-43.5774517525933,-42.6027223685807,-42.29567504759,-43.4629202696438,-42.306482822024,-43.8074300184372,-44.0650836695772,-45.4247114180084,-46.0564233620161,-45.3888021638855,-46.3067933707631,-46.5475467793522,-47.9313289294136,-50.6667351472725,-52.9623310578332,-52.6286203035398,-53.981843084768,-54.7351069944295,-50.6647266461972,-53.0005024789631,-51.825052375319,-48.0520349209328,-49.1451008640717,-49.2117637873255,-48.2322655853013,-48.5111938645591,-48.6982148856226,-47.6779519899265,-46.0922650664568,-48.8056658409163,-47.8553155310349,-48.4756716401852,-47.1518782132,-45.3467217437635,-44.1363653462681,-44.0700519641679,-45.6889685062195,-45.6226132914819,-44.6762933738359,-45.7621960837873,-45.4386273665905,-45.2143250546733,-47.4597422712166,-47.9830191196027,-46.4266275213405
-47.4331049009096,-48.3174754439812,-48.7950239444569,-51.0014106416391,-52.6937962233768,-54.3735880790626,-54.0804968032064,-49.426301781867,-47.437244919823,-45.0068929812965,-43.3629344628418,-43.570442857304,-45.3096864525868,-44.8059368215475,-46.7165462966728,-46.2948385932818,-48.2524467748896,-46.9779430632526,-47.1293024123931,-47.3223626601766,-47.6845262830184,-51.2635805555801,-56.4737752289287,-56.7486649179736,-55.9248705213227,-56.1197907154715,-53.4620243083738,-51.0477036923746,-51.3776312970147,-49.8448557614025,-47.2525638603315,-48.0176831962457,-48.9561555670543,-46.896717204343,-50.4524949830922,-48.4899219272431,-47.7135927315099,-45.4102890384913,-46.9597095607456,-45.6931243895618,-46.2798348833797,-47.2265349764976,-45.0667709341234,-43.5402525841703,-44.1787325726099,-44.4581787606336,-43.7134060920674,-44.7031857868468,-44.4962245505781,-43.1277989885663,-44.4551225433867,-45.8076723054759,-46.043860468179,-47.8367992536633
-48.7759535468288,-48.9385058627696,-49.5618568965931,-52.9500463720623,-61.8553595027242,-63.2092914487296,-54.4964008829628,-50.2444897254864,-48.8329001946888,-46.3657660933772,-44.5701487598196,-45.5906286660398,-47.1791331378976,-48.9915698525656,-49.9814580489487,-49.9464138822381,-51.4652358031514,-48.5147305907394,-49.8245319250492,-49.1813662474424,-50.1728001378188,-56.0408361473095,-57.9186332214989,-57.4730321041585,-58.105390624727,-60.9441162980077,-54.757655695956,-53.1053682939058,-51.4561921583288,-49.6561734009168,-48.6349000118603,-48.2868552460118,-48.8549777930174,-46.6403895202128,-51.0445423041568,-48.185671967137,-48.0089389355221,-46.2610151953154,-46.1151092451687,-45.0955784680529,-45.1524925789176,-46.9504020232898,-45.4781550413487,-44.0886281743136,-45.0102154381255,-43.7413330918729,-42.8783768170911,-45.2114836255446,-43.9949962786475,-42.4654474410756,-44.4190645153699,-44.0834584365662,-44.38698573475,-48.5008749000911
-50.0016821121228,-49.0540188184018,-49.7260366747614,-51.8387924114359,-53.523251452673,-52.1672258122047,-49.8871335539363,-48.6477013052473,-49.2603765161501,-47.8462707305843,-46.4889648995962,-48.5355275373438,-48.8290086170888,-53.7966737109026,-51.8228652727015,-55.7893532014777,-54.7482847993439,-50.7730950139862,-52.8403644024522,-51.5763651758714,-53.3499741187266,-54.7057958240301,-53.8086436436787,-56.2491926382243,-57.5387243058431,-64.1400804234452,-55.6071965659581,-53.6608285144133,-52.6769255186823,-50.7218926932201,-52.1808401179052,-49.8701956391341,-49.3695308521351,-48.3262163715754,-50.8027654491283,-48.3601657431348,-48.0662419561258,-48.430271674499,-46.2334371453004,-45.7863665211777,-45.2129277838368,-46.4482734605906,-46.3250268737726,-45.8483218623512,-46.4432034380788,-44.1042102130083,-43.4396703460317,-45.8498450762274,-44.3090994700803,-43.1657351536716,-44.6467367097123,-42.9832274075187,-43.4121924427192,-47.1206326581953
-50.2574048347561,-48.6356702793275,-49.0901445846954,-49.2490690369579,-48.014687497963,-47.4295347156002,-47.4321664844321,-47.0692220989415,-48.9350768504137,-49.2801161057552,-49.5395386037048,-51.7941244164796,-50.3163126738875,-53.4514268563517,-53.0930085070845,-62.5906788044436,-59.3055155653789,-53.3377246904082,-54.9687733530965,-53.4743054555761,-54.5394659615342,-50.9824015141113,-51.5817051443917,-55.0999861217479,-54.6389500886,-54.0526633357195,-52.2089483961496,-52.4157546644455,-54.0013761488401,-52.7711450136579,-57.9461475495077,-53.1945421738631,-51.2482008687177,-52.8389979431225,-50.8189087693046,-49.529724593759,-48.4508854615997,-51.4603622212397,-47.4238995625483,-47.6836766472945,-46.4441393208664,-46.339211944715,-47.3632888480427,-48.8034555010633,-48.3668256917977,-45.9559159659822,-45.7840999292919,-46.6653384455544,-45.3169789911454,-45.0880816092324,-44.9599892364357,-42.9066129550653,-43.227594518643,-44.8290706634956
-49.2376389109346,-47.9554803327416,-48.0472519111418,-47.227843179019,-45.5909995977063,-45.3604781580498,-46.4749291743577,-46.372972165992,-47.9127850877433,-49.3682485838024,-52.3839508888202,-51.7533344610865,-51.9472911277862,-52.1687731399138,-56.4309463944826,-59.7398555619073,-64.9217605395704,-54.9439652943918,-55.5160165992787,-53.6180946540568,-52.8816628448824,-48.767914396246,-50.2807910986479,-53.4210677930291,-51.9078583941482,-49.7593618742906,-49.3670712684155,-52.1469871358383,-54.2074353571514,-55.0782346844113,-61.4913353073455,-59.6191228511124,-55.9894957293088,-62.056900009069,-51.8942614471361,-52.1427357420628,-50.1835167219396,-54.0324328735258,-49.9204591078176,-50.7216069631172,-48.8866800819454,-47.1941521391036,-48.8712475632798,-52.7544222510508,-50.8000407364936,-49.7689899858527,-50.7215469340156,-47.9587489813652,-46.743840350728,-48.0083922856254,-45.5132148438898,-43.8756684938152,-43.8231645121475,-42.994223025353
-47.9205656366272,-47.4701416040667,-47.2029051622807,-46.1684643233652,-44.9316438703372,-44.8851687029574,-46.3550545817774,-46.3823408883584,-46.6392844805856,-47.9611115668043,-50.285959627105,-49.5661068877889,-53.696569671469,-53.4051032540923,-62.2594084412979,-57.824583300351,-58.9769819200295,-54.8429645442752,-55.1838952471079,-52.4501008222405,-50.6010895077393,-47.5756257630197,-49.3133753214938,-50.9526307033353,-50.0620398655558,-47.9812287103163,-48.3562691981652,-51.9479892715981,-53.004090202209,-56.2089837334688,-60.6987465554522,-71.6379031133605,-74.6972610400551,-61.5815137312728,-55.1926187515367,-56.4546220274771,-54.3254026245364,-54.9438552132954,-54.0848299789558,-54.5319118251642,-52.8032526991888,-49.4708324777172,-51.5438863588449,-56.725244989938,-53.8545426646368,-55.8524002923382,-61.0998676085195,-50.3160215080558,-48.5212586049831,-51.3080228645962,-46.5615788019329,-45.6324509780027,-45.1857819375285,-42.1691281847191
-47.307582987102,-47.6640073686054,-47.086812391367,-46.1843497070613,-45.6008187342481,-45.6019476256845,-46.5958773186401,-46.662499789522,-45.7787265517809,-46.6840473106974,-47.4878114622054,-48.6834375338294,-54.3759656761279,-58.6437214539693,-59.326303898921,-58.7814527413228,-55.2762813085811,-54.1053754894963,-54.5526336816121,-51.2081971086993,-48.5277132734779,-47.0541789443921,-48.3924515121088,-48.2439989073293,-48.5108678286279,-47.5216339737248,-48.6385238010375,-49.7621056250494,-51.2769216698384,-56.1086607211089,-59.0193354077994,-64.9517244743994,-59.6983123045555,-59.7390535726152,-63.7624360486781,-60.8240238455187,-62.8946218915956,-55.4229962140516,-59.2273813940011,-57.6982148767393,-58.6937319399236,-53.6664154703113,-55.0462077149218,-57.7066638420048,-58.0767945030271,-58.9302824883951,-64.0928979623284,-55.0866699332689,-51.1780595853481,-54.0266936744056,-48.2914494314829,-47.7632010013823,-47.3066244826808,-42.6065454771611
-47.9913157543056,-49.0934400197607,-48.2036101260625,-47.4046740946657,-47.2935468492071,-47.1703106913699,-46.8493640391564,-46.8431898439937,-45.7152874833695,-46.3598094822906,-46.4898365100194,-49.6479765027067,-53.2258517739887,-66.5784066556272,-56.9423183227657,-64.0318001678669,-54.5286376757998,-53.6031471362929,-53.0304021803113,-50.3227072668057,-46.9471048011442,-47.0014709815216,-47.2366175593623,-45.9298272245232,-46.7798319897772,-47.5154959042018,-48.8871501450236,-47.3823773814471,-50.0453127738459,-54.5264884367322,-54.9630326542095,-61.0904126802946,-55.5099438517458,-58.2842967748385,-61.3407888726996,-62.849939498041,-64.5231815064884,-57.3525186823627,-59.7584991865972,-58.6836197061836,-60.623730407732,-60.2863349305289,-55.1411650081656,-55.9262386807251,-68.4822365986648,-57.3705343431751,-59.8066510743997,-62.1443721949102,-55.8101218931004,-55.85941253883,-50.8530449994698,-50.3124825062446,-49.7346351155982,-44.4388797858962
-50.5811299311167,-52.9208276452507,-51.2077496567033,-49.7776303628219,-49.4098150304773,-48.9608225647754,-46.9643599100668,-46.9021996134265,-46.5816030812911,-47.1923110032335,-47.3497709918567,-52.1025088976886,-51.788527915124,-55.4479732587293,-58.3288983397298,-70.1100474527098,-54.9056306359954,-53.379386143737,-50.6000109598435,-49.4127599929312,-45.9781120467702,-47.1830787298716,-45.9793494666765,-44.3794016499234,-45.1919982789561,-47.3145693479231,-47.758297077397,-46.2413899636785,-49.4858090748606,-51.346305094016,-51.4767225509526,-56.9465162845501,-55.500506847523,-54.1256213450043,-56.3227373192196,-69.3639988151774,-62.1581806114147,-63.6587092457133,-58.9851661135258,-58.7765273447594,-56.2868924916608,-71.088651472217,-53.6593358151532,-54.6515843030754,-62.6627647301684,-56.626414622787,-57.4254213659976,-55.3650396185316,-64.7731552004421,-57.1215469130102,-54.408154051287,-54.338115424617,-50.7270663427918,-47.199336261366
-54.9455841536729,-66.681647933045,-55.371346072748,-51.7910144643788,-50.8268906545101,-49.897086924593,-47.0283575705905,-47.0911777776926,-48.3277696842484,-49.1880914485697,-50.1570924229463,-53.1836417782764,-51.0702703177482,-51.3715027692439,-60.1852910739532,-57.0458532473351,-52.8616127537484,-53.0375172452404,-48.4819297447595,-48.1241268884147,-45.6542060870906,-47.3025736512054,-45.0637847763036,-43.7380315394368,-44.1905856532774,-46.5937044914153,-46.0497769406665,-46.3656477067949,-48.7804161767659,-48.6070901772534,-49.4216306616339,-54.1685699452646,-56.3608473524845,-52.3223269010961,-56.2761038035593,-68.8774920055744,-67.946694606712,-69.1185950827138,-61.0917262292439,-59.4025205074439,-53.9878343633998,-65.658201885365,-54.0283088658722,-54.4350780497677,-54.198657196775,-55.9158379893769,-54.3292323626759,-52.093595803238,-73.0437998103408,-58.4209659765801,-57.8765419685452,-60.3480228336188,-50.0287337675896,-48.3404539028684
-52.0130367101651,-55.6864339226814,-52.0349154973926,-50.742879527742,-50.6892801494829,-49.2882827676904,-47.2761656491823,-47.7103310857385,-50.4934969972399,-51.7566785336344,-54.5335596877226,-51.5129630328158,-51.2099677832153,-49.9898409688177,-55.7030594025736,-51.9290521118788,-49.5571975189483,-52.1790278995639,-47.3685229447617,-46.970166891413,-46.0742754785405,-47.2015865969233,-44.7502498543122,-44.0447097889717,-43.8930217614313,-45.31609180359,-44.7985592689363,-47.2497522418663,-47.1830502000337,-47.1404211339989,-48.4622094279701,-53.9192537788749,-55.2693699751756,-54.2489450934894,-58.8331044933561,-59.6989708745202,-69.2067267510989,-57.843848544498,-63.5068094706361,-58.9082216090341,-53.3623522876221,-55.3017757012769,-55.1307613149563,-54.3342035099184,-50.7847562072482,-56.1242307097455,-53.1086275022167,-52.1715473191193,-63.393990712647,-60.3721419395203,-56.3967991751947,-57.4692106436642,-49.653357487032,-47.3769743484469
-47.0272946394809,-48.5807880900812,-47.8515876825831,-48.667118409376,-49.1729186507748,-47.8236511415085,-47.9137257736931,-49.0373467003926,-51.9240115173989,-53.1144651492056,-56.1066677010693,-50.8202762018045,-52.176157085059,-50.2173047906561,-51.6905754915593,-49.3173000186257,-47.4923881772632,-50.7383428392049,-47.3598947697292,-46.7147781177415,-47.527976942358,-47.1690940606728,-45.1185876106693,-45.2965419198264,-44.277543887189,-43.9678074279225,-44.135830264317,-47.6141073946312,-45.3384127190443,-46.6045676577776,-47.8791991336494,-56.0293447520858,-54.7477252758663,-66.2406237828597,-60.2288961726447,-56.6393921895213,-58.2083235854232,-54.0999494654493,-57.1497292374038,-54.9681713293917,-53.5793125367403,-50.3563217271035,-54.1378136730389,-53.4064949106838,-49.9584390819362,-57.0958597967979,-54.099816919412,-54.4251328478914,-57.1973289835733,-61.6626254630248,-53.1573317530224,-53.77531882323,-49.87955284926,-47.1523206353188
-44.1678542988603,-45.2790336035214,-45.7198967905158,-47.1318453067178,-47.2408683516711,-46.6406912122339,-48.944615534038,-51.103889450702,-52.2481668320733,-53.4964830004098,-55.5612251725948,-52.1830735992225,-53.8346247418187,-51.4557508773291,-49.1626948066438,-48.1041524952945,-46.8730143193172,-48.9643626116979,-48.3147405291709,-47.8275328023602,-50.6168536411651,-47.9889441775748,-46.3524174441478,-47.3701139691859,-45.3988794670633,-43.184207692408,-43.8069388341634,-46.1029359264633,-43.9436702620147,-45.871696542496,-46.6056170039226,-53.6910185922706,-55.6748490250953,-55.6692925457057,-64.6275488787117,-54.4842476107248,-52.9994464057538,-52.0407347298717,-51.8530259137025,-51.0143549415101,-53.4248850320626,-48.0389671350493,-52.565728026959,-52.282939568624,-51.3616019718026,-55.0167513240218,-56.2158734965419,-55.7565738056885,-53.561084482611,-60.7127674318388,-51.3164193544491,-52.6350555296624,-49.4412600704226,-48.4390250937776
-42.7687437199293,-43.6422672057113,-44.8683531252848,-45.9870698163129,-45.8554492886064,-46.4327564749666,-50.0141777180925,-52.6672197580611,-52.764507321853,-55.3596260977079,-58.6069549418811,-54.2284791245368,-55.0216766416852,-52.9362491487877,-47.4662602641742,-47.6271286006233,-47.3025146953447,-47.236348655319,-49.7176831629393,-50.2480135215321,-55.4254599434712,-51.1639947986066,-48.8259883935127,-49.3095748044826,-46.9600344684913,-43.1391403056397,-43.4418401579442,-43.5131370357687,-43.0046753524065,-44.1456925589471,-44.4456798802292,-47.7602042828983,-51.4849525485784,-48.4395935206287,-59.7935013366574,-50.8583293358116,-49.1606353786782,-49.6941179318732,-48.3616311060131,-48.3514661871297,-51.8185255439684,-47.5648187228736,-51.7050919951649,-51.8476978803174,-54.9874487033494,-52.2442704137761,-57.4179339937168,-55.0469791628071,-52.6122762961882,-59.690349842126,-50.981686819183,-53.0662783670221,-48.2866015895952,-50.9468616236095
-42.4256598050143,-43.0641037966051,-44.5979889711322,-45.0853546239606,-45.4542727514876,-47.4781874277526,-50.5510247114918,-51.9857108158619,-54.4346642652436,-59.6142741728233,-72.7801748850994,-52.7437342480928,-53.7944722352844,-53.5196244983242,-46.3869034703184,-47.2085977362559,-47.94669799803,-45.8262505006809,-49.8407941679013,-50.9528681870316,-52.9022957701115,-65.6132058356332,-50.966912275185,-48.5916322791475,-46.5024079456427,-43.1994180755355,-42.7156548856551,-41.1359950290357,-42.1831922844847,-42.1422782065614,-42.2919026946287,-43.6123730056331,-45.7685927870626,-45.0341258490149,-48.596190205053,-47.0995266626464,-46.1844224608403,-47.0804799109734,-46.0312500489069,-46.7500031816562,-49.4485682215422,-48.4535946239193,-50.4856520062882,-52.4872371890134,-57.8744325605929,-51.8765093362137,-59.4570900890252,-56.7521144785625,-54.6319448430809,-58.7332863958389,-52.0694832425132,-54.5544498904268,-47.9366688222694,-53.4924913451284
-42.9697263952807,-43.2893670501751,-44.4436918600962,-44.5687112235275,-46.0489376250817,-49.2932633531461,-50.4593895383345,-50.9966901529772,-57.0473783759228,-59.2231942466428,-58.1883848357516,-50.521232812779,-51.7636788529463,-52.23574843733,-45.8432496019042,-46.3789185619217,-47.6327113783937,-44.7763857861354,-47.3390387565059,-47.6042904668364,-47.8196404500521,-51.887884689428,-47.5530956556392,-45.7905154631151,-43.3660698667639,-42.2514893230273,-41.5625997589972,-39.432366481778,-41.1443363774571,-40.5194893545474,-40.6823645793269,-40.8543526795135,-41.9562490779795,-43.0369477420536,-43.0937400785508,-44.2194447262048,-44.0349705258913,-44.9583007622026,-44.5895038416279,-45.8221905645213,-47.4434286711441,-49.9362496634664,-48.8386784862489,-54.5575597871432,-55.9495736776037,-55.074405080569,-68.8990406624571,-66.8530470740069,-61.6083551775416,-57.1186571592648,-54.5276161314441,-56.4486806530483,-49.3563959969289,-53.8317052561298
-44.3977609399073,-44.2381785869748,-44.4373426296158,-44.5995476483913,-47.0932433246374,-49.2757900699272,-50.0396535765367,-51.3581317419689,-57.6154282065116,-56.5218281445823,-54.390790441418,-50.0179266026731,-50.5015633777759,-49.6292162023311,-45.4888768356486,-45.1766290470738,-45.9308735488606,-43.9354792145257,-44.2094375579298,-44.4039521071478,-44.7193385703607,-44.676025499752,-43.6700518660749,-43.2050732762051,-40.6688015026049,-40.5712408229866,-40.2288508886239,-38.4604326650894,-39.8155150092979,-39.2853675506155,-39.5953507394815,-39.0361647966013,-39.6387281258475,-41.5671701419669,-40.0785781018716,-42.1653014521055,-42.6356348529494,-43.4881592860735,-43.9092867642058,-45.2741358471153,-46.2139730438139,-50.7883150826639,-47.9954144446513,-57.7074464105568,-55.1930699869899,-64.979251611139,-65.2403740339654,-61.7503392772341,-66.4936796206632,-56.1593346019374,-58.0398872737332,-56.6687898632339,-53.2449469003081,-52.1507579340075
-46.8638230985048,-45.9639613254156,-44.9066620546132,-45.1815732630193,-47.2773634146063,-46.9716089685375,-49.1620075331528,-52.2172986658184,-54.81706036764,-58.1862981568114,-56.0578433312166,-50.0565371134982,-49.2939903602991,-46.8201068179215,-44.7577709803774,-43.8266704283776,-43.5034382941778,-43.0784300870201,-41.8445328622095,-42.3218120450422,-42.882204467219,-41.3931643900327,-41.5213975875536,-41.4384650544712,-39.3170754339674,-39.2749938755094,-39.0620188036297,-38.1352272839827,-38.4385063906479,-38.2882817565977,-38.7678954420642,-37.9577600317473,-38.4012218896099,-40.2571349220894,-38.6988959207752,-40.7474785889508,-41.8970518754941,-42.5208546244905,-43.8975997917851,-45.0550699378608,-45.759236785742,-50.7027606972787,-48.5267545508176,-56.2981105858034,-57.0886105231125,-56.664905069486,-59.1602139013967,-55.2474801950447,-60.0054937793924,-57.2820718046635,-61.1615212423971,-55.2990890705598,-59.3674150183635,-50.8008805214146
-50.6010576065016,-48.4970391292971,-45.9917219660544,-46.1302231182759,-46.2383300539993,-45.0421636679934,-47.5428513358918,-49.9914295750454,-51.1887388855774,-58.1955508306576,-56.3444061961817,-47.6491585449717,-46.6831628935231,-44.1727628311029,-43.4806636435968,-42.4269878536159,-41.2034246124489,-42.0669887205955,-40.4928587051581,-41.2200379565712,-41.893316643143,-40.1773847440942,-40.9051947841522,-40.5983808297711,-39.3025874856009,-38.8611447509656,-38.3308905102216,-38.2965918137015,-37.3783490541058,-37.53543075841,-38.0124600435615,-37.5331119951399,-37.9750615018336,-39.1275990096535,-38.5385911701737,-39.9135955220297,-41.7538879014672,-41.9993588785635,-44.4459884648616,-45.3420825814895,-45.9361525779157,-50.4693101949415,-50.1737377035091,-52.5181821495757,-61.3308184311848,-52.4765165760937,-60.948677994202,-54.6507207291347,-62.4209922434765,-62.0307278589963,-61.6763084352735,-55.0406055461882,-58.6227945783637,-50.8889427292393
-54.7693483114418,-51.0928649437048,-47.3465307265221,-47.0680314437719,-45.1182740180553,-44.0490645698981,-45.5310693478059,-46.1954074117238,-47.4338287080227,-49.2929335363605,-47.4499192156765,-44.0909412899506,-43.3798746659634,-41.7514181067287,-41.9442994869677,-41.0173528807706,-39.5449586924019,-40.9552559131687,-40.1142600769494,-41.0110323754421,-41.6443123801846,-40.6996074120884,-41.6923452751944,-40.8167483218916,-40.5228000730896,-39.4390082801104,-38.1934971688502,-38.7387159496359,-36.9254487026706,-37.1754252596986,-37.4302228208394,-37.6877721753438,-38.1621700913714,-38.4156746164061,-39.2651595954922,-39.7419632038257,-42.0944038267965,-42.0606714607987,-45.3936797987245,-46.3659566199687,-46.647173129776,-50.6591042776706,-51.8157920665892,-50.8157907206951,-61.5761418582467,-52.4467592532884,-66.4153118330355,-58.0851792048936,-69.0495028380556,-66.0754908362496,-60.2346001179023,-56.2448586832584,-56.7999139182302,-52.4960996188498
-55.247094134032,-51.7410048554157,-48.2471839164462,-47.5210738170589,-44.4361250352667,-43.632439153559,-43.6884430709556,-43.2875962323531,-44.0832240039248,-43.8454634534132,-42.1358773841053,-41.3966240678575,-40.6530838504193,-39.7312546824243,-40.3677485055479,-39.6968426306165,-38.6995644705534,-39.9483245511038,-40.5394233244844,-41.5998378561428,-42.232809971601,-43.2475411988783,-44.0713765313668,-42.366517655406,-42.7067485725705,-40.9913961154541,-38.71051932037,-39.2633007549531,-37.2404706653797,-37.3479045476512,-37.2933880693856,-38.3217830097584,-38.7957661422464,-38.4015807197857,-40.5369712116282,-40.3594993345471,-42.6500958860144,-42.897340879906,-46.4895430492329,-48.2324304000904,-47.9985766978695,-51.8225387399195,-53.1552074531776,-51.4509738134484,-57.5414562689684,-55.6359800463803,-55.165054830552,-64.7918502712457,-56.2706337123486,-58.0204916122191,-58.9752210793884,-55.3290782646923,-56.2377368754743,-54.1415902504028
-54.3818358315463,-51.2128630925743,-48.5241294190999,-47.2827985693803,-43.9591940425971,-43.3266995783623,-42.2551740803458,-41.3367696331205,-41.4796023465605,-40.5314607180903,-39.095992966382,-39.6938928010251,-38.8240107820898,-38.3231531178024,-38.9102534765826,-38.6305915775074,-38.6139549661737,-39.2744776215408,-41.33184421059,-42.5858801735238,-43.8513903203337,-49.2933927464516,-49.127446414527,-45.7405025209267,-44.8923172644923,-43.1103476385928,-39.8328929870295,-39.7663628814718,-38.3662231922511,-38.1228375669852,-37.8256255135189,-39.3513723024268,-39.7581456327835,-39.3448521419351,-42.1126541502837,-41.8939520347117,-43.1390675005715,-44.5907364599699,-47.4097062283062,-50.5316530797948,-50.1519122692487,-54.874627431394,-56.6491506290196,-54.9794788362839,-54.8587935397578,-62.1637524215763,-50.6647561567703,-62.8612473982679,-52.1551644421653,-53.8294957838793,-58.5199442298948,-52.1633425829269,-54.2530551893861,-53.8778830500636
-55.5374462950027,-51.4359137882884,-48.5599721177759,-46.567259005215,-43.3532541752885,-42.9002632894427,-41.2303781607925,-40.087062894192,-39.6818096587651,-38.5662089500013,-37.5581016840502,-38.7117982387467,-37.8389957158821,-37.638758691189,-37.8166566002247,-37.9961027722409,-39.0444665645323,-39.0908208290221,-41.7285712816746,-43.0318127286002,-46.3058698770578,-55.7485990783834,-64.9557233175948,-50.2805675877689,-45.6493617995337,-44.1578936496563,-41.3699338171472,-40.3051129202171,-40.2162992383925,-39.5298814584649,-39.1384650614924,-40.7720758332168,-41.053060984074,-41.4797070333092,-44.0266476616783,-44.487250050078,-43.7717045858371,-47.000232358735,-47.9537304852202,-51.6131000607506,-52.2997259077445,-59.5111065957366,-73.7740668399005,-64.8684995390754,-53.1740576904443,-66.1416974769188,-49.3215913567021,-59.3240496322085,-51.1909754755648,-51.5326516753163,-57.0464339093878,-50.5531448943442,-52.4270920204178,-53.819604641417
-56.644072143816,-51.5081578218536,-48.1912626284572,-45.6119622643755,-42.6893559687702,-42.4438643120079,-40.5640067673373,-39.4064510564896,-38.643306523342,-37.6239278490791,-37.1819511230249,-38.1967674820241,-37.5741347046201,-37.6603351981345,-37.3415541294752,-37.9415186915213,-39.6024182401944,-39.4549115888769,-41.4232938393263,-42.5271417219615,-47.1100688329465,-47.2214463711125,-51.1949796677059,-48.1996393951229,-45.3917018896488,-43.2653169117282,-43.0471078091212,-41.0847579157635,-42.5343226698649,-41.6085881198961,-41.2756630996529,-42.5760380222076,-42.8382616337611,-44.8484061566799,-46.5345791376756,-48.4014904444063,-45.3771334290955,-49.8860963365021,-48.2822264046705,-50.6485212873049,-52.1662844222063,-54.9789385141041,-56.8855050541057,-60.695257023392,-51.7230884099705,-58.584585098744,-49.9425332433432,-53.4750541507632,-51.7587835834036,-50.5519764855709,-53.9254128543222,-51.2837150220072,-52.2947055511169,-55.1101376504889
-52.3033081239032,-49.2440796023666,-47.1399414461217,-44.5553166974153,-42.3444249511964,-42.1539480720912,-40.2783778166098,-39.3013178740613,-38.3215637020199,-37.5771169611518,-37.7669228822364,-38.0204194793192,-37.8956712403151,-38.2415549892136,-37.6718689114638,-38.5714854127111,-40.056947778425,-40.3455197355203,-41.0966001240652,-41.990173807811,-44.8881518830233,-43.9673086663811,-45.61760430878,-44.71994892652,-45.1757423293323,-42.3636938708539,-44.7081869552599,-42.4057591188071,-44.9471274898946,-44.4266144446744,-44.3475141749144,-44.4665146835367,-45.2998325306622,-48.1147192451896,-50.1631585331177,-54.4615517765873,-49.4663314996259,-53.4189577240869,-48.7896437350918,-49.2067481491691,-50.8218444009887,-49.8490510062524,-50.8295185743788,-53.255373116082,-49.9952790672087,-51.3186461104358,-51.5082307181148,-48.8816259207498,-51.6505745845834,-51.1373863420909,-51.5829641573116,-54.7335915917078,-53.964269285755,-55.6340976476451
-48.1349861882843,-46.4596578915749,-45.9070260079126,-43.6674180082232,-42.6295528477477,-42.183035676671,-40.5000458010118,-39.8521821251552,-38.7241783228473,-38.3970768054466,-39.1045937814299,-38.2156545027783,-38.6718073908158,-39.1399221006269,-38.9344373976611,-39.935338788837,-40.6673955389343,-41.7488988841701,-41.518778493433,-42.2688703633276,-42.9769328563763,-43.1282534582633,-43.3193289048719,-43.2073440217146,-45.0760295278718,-42.5718422796975,-46.1916833522167,-44.6943171466381,-47.2507256305875,-48.0129541289351,-48.8701861573302,-45.9841412385505,-48.2938297552831,-48.6369778083924,-56.4564026830834,-63.0263355763816,-64.1913651862497,-55.250408308911,-49.6261705459179,-47.9661700538926,-49.633097365914,-46.7006284569088,-47.8935875577999,-48.7987566827071,-48.1746370168798,-46.7567485379835,-52.1301361717798,-46.5293572100672,-50.0248929810497,-53.4921657706633,-51.1010787975671,-58.5741614672204,-56.7729190996165,-55.3402898203652
-45.7964221380711,-44.8468413051568,-45.1323890884342,-43.3460235346875,-43.6859863795729,-42.6494714246588,-41.4284563967835,-41.1589013806662,-39.9301623614564,-40.0942851076252,-40.8477760928905,-38.924552580531,-39.7924785108141,-40.1685667090822,-41.1837364244022,-41.9693617751438,-42.0171455925199,-43.8389059306011,-43.2341827016299,-43.7644890382783,-42.4630068794197,-43.5961684793154,-42.5884589793451,-42.9976053279025,-44.7833018150073,-43.9793638651616,-46.7915330265099,-48.7680146466909,-49.7215405648777,-52.2087337651261,-55.3849428338781,-47.6198984401903,-50.8008926334707,-48.3902476996368,-54.8120787355832,-55.7837594126776,-52.2873155861483,-50.7910562558492,-49.7937148942936,-46.729575049062,-47.5312726014678,-44.6758359358431,-45.8498110811785,-45.4873742031149,-46.6270202458511,-44.2891863039209,-50.2314720132964,-45.9679493989786,-48.5826268188933,-53.9174024777695,-52.8229286886734,-55.0529091696979,-58.1365257204577,-58.7857045200663
-44.9988665259972,-44.6555071096123,-45.1223638729664,-43.9600814275363,-45.4981768795783,-43.6805027855998,-43.3142812721549,-43.3271867875603,-42.1114836191609,-42.6546424365754,-42.516229314888,-40.3165669648919,-41.1984436464606,-41.3727170224919,-44.0983319525113,-44.3216738350709,-44.839476266008,-47.2516333268613,-47.0435569672909,-46.780105323244,-43.2784460219128,-44.6192442248552,-42.7083589368884,-43.3354030316345,-44.1735949774268,-45.9448086888859,-46.1956922061169,-55.4061564927252,-53.1519598025448,-56.3505216945176,-53.0914827783199,-50.5429694343532,-51.3853841028288,-48.6862282637808,-47.6185329293417,-50.2288394111602,-46.1291761013517,-46.782249392827,-47.6831911499622,-45.3034351524486,-44.6263329947409,-43.3998600974564,-44.0949888325083,-43.2459830771491,-45.3064814915788,-43.4382826777953,-47.10015763539,-46.3910744707767,-48.0370296237458,-49.9003985339728,-55.4375208889102,-52.5083206463056,-55.6511771814984,-67.8946979255736
-45.5923958234289,-45.9302775773573,-46.0493590759928,-45.8423565595094,-47.8368773853926,-45.4598657662385,-46.5008470667448,-46.49660852679,-45.6004860309218,-45.9531150646188,-43.9138894029374,-42.5326783449559,-42.880160805865,-42.9342450848694,-46.0033569032626,-46.2004481163011,-50.2926574408259,-53.881322554165,-55.8945001337544,-50.8592521853816,-44.8818151437761,-45.4526258481581,-43.0873551583528,-43.5790389986511,-43.4261210141238,-46.732380277825,-45.4169275426265,-51.4554883033417,-54.886801920262,-56.0757210937041,-48.6540129376108,-51.6863980812518,-49.4903291930779,-48.0787859045763,-43.8958068607025,-46.5468050696207,-43.6879100925306,-44.3068229230778,-44.6301352794043,-43.7800016867014,-42.2355186394055,-42.6755210033156,-42.7532473985379,-42.0822027017287,-44.015144723921,-43.8777325081149,-44.5930154570593,-46.4819818361882,-48.3107270457862,-47.1804784608808,-52.6155107160622,-51.9386290690536,-52.1606593248755,-52.5542755068268
-47.6173389144309,-48.871338662497,-48.1932021026336,-49.4269857688218,-50.2416182099437,-48.3143394554654,-51.5617586919413,-50.942323888495,-51.1830925141853,-49.7432333463245,-45.3892049078698,-45.5969847583416,-44.7989438426437,-44.8801843933454,-45.5801511220779,-47.0582261653244,-53.276012457916,-58.5800708627156,-56.2035893617117,-50.5334826664686,-45.7781521625213,-45.4922252006541,-43.3424486960694,-43.5066401542984,-42.7999780200686,-45.6923026646795,-45.0646645618086,-46.3756753787779,-49.4595492464113,-51.4244794269246,-46.9037368646535,-47.3846585114383,-46.5137428297155,-46.1630002246309,-42.2839264978253,-43.8930246077853,-42.8591058661499,-42.7531096190003,-42.1984437215102,-42.3832816921201,-40.8437345733778,-42.2720603197299,-41.9559326021155,-41.9333256341954,-42.9309194709512,-45.2263566974552,-43.4528006239786,-45.9935388375414,-49.0921192585774,-46.5057985833666,-49.0465956345529,-52.031249199481,-49.8789442204435,-47.8619781170538
-51.1761633566873,-54.0681923618535,-52.2509181769353,-55.5941644820593,-52.4692245102673,-52.9114844434058,-59.1603974121585,-57.5411874388828,-62.3455393382779,-53.8342386393796,-47.1674012225684,-49.0916284115276,-46.7302498429693,-46.9011071195695,-44.7657293044304,-47.3352338777598,-47.6001654635764,-50.2990719463202,-48.7974391968199,-47.2630956792758,-45.1861155346109,-44.5389339938647,-43.4510675217608,-43.1645561913448,-42.4295113063947,-44.1069238159459,-44.7977218855365,-44.0232534440795,-45.2552090379983,-47.9094811933271,-46.9341932704254,-44.5018475547462,-44.3392769382817,-44.4105567858558,-42.2438573755879,-42.1491948470761,-42.773435317795,-41.6708831725432,-40.6906042194675,-41.286856278618,-40.407058876804,-41.9873979613265,-41.6334554177323,-42.7239597838544,-42.5508017873815,-46.800193899719,-43.9271847128825,-46.1791201501474,-49.6638042301861,-47.6869369224733,-47.5691733152616,-51.8325539882907,-49.3676807873454,-46.6249758701974
-55.2361701889175,-62.0152388418005,-60.6703385131542,-67.5762324226837,-54.8130893503675,-60.9144064715847,-61.8862959905179,-72.2679855327442,-64.4037421084108,-56.1619177638392,-48.271559212319,-51.6158165651158,-48.1858756192531,-48.4112627700297,-44.8160705848152,-47.5586258290188,-44.8942580905714,-46.9057769957011,-46.243039897019,-45.3945325496381,-44.5113805460398,-43.1704148133096,-43.4912653344411,-42.6091363929804,-42.3120654799686,-42.7122311516894,-44.0753967462899,-43.3844898237208,-43.2118605343018,-46.0309071700311,-48.0428660387771,-43.9413049352104,-43.6942264384791,-43.643650048841,-43.4053937799568,-41.3267318738314,-42.6628196840268,-40.889690252539,-40.0236326109378,-40.5786227003264,-40.7164356495534,-41.8692596321525,-41.7130333689356,-44.3708644409266,-43.3768615994957,-47.8707975167794,-46.2001959480684,-47.8830904360623,-49.3539944505466,-50.5510146984179,-48.012973747393,-51.5975817417701,-50.8334163885885,-48.1237258817737
-55.8913428962936,-61.3445730996963,-63.1959047434748,-71.2321416270465,-56.406962674028,-69.5165028467264,-58.2063050891602,-61.4235659516224,-56.744219823083,-52.9392965256744,-47.4514067212624,-51.7665373527304,-48.7726212501651,-48.8006510239299,-46.0011583701815,-47.8851093294147,-44.5779108101305,-45.7767687106767,-45.7400694579356,-44.9411262426782,-44.6122970167347,-42.2367016855356,-43.4935612825483,-42.077127207289,-42.4046764014926,-41.8309695672495,-43.0865054446756,-43.831817692335,-42.929577668876,-45.5057395586065,-49.6030757687408,-45.8161440825871,-44.9434244306084,-44.2688558207671,-44.9487329538819,-41.3667252267073,-41.9990990505182,-40.4154858301657,-40.0139126948712,-40.2756991454623,-41.4574550737721,-42.1338257944907,-42.3106481508041,-46.5929832118771,-45.9759119754941,-48.7626180237843,-50.2627164835843,-51.0900620257461,-48.8830898536351,-54.0945015192073,-50.4118231264601,-51.9441841527542,-54.0809621765832,-53.0809642076204
-55.4963172163829,-58.3586244198225,-55.6561099392695,-61.1866833331569,-54.585991144845,-61.1348283570869,-54.3395538475785,-54.1998492129254,-53.3124427633123,-49.1139712038212,-46.185911146362,-49.9130310358512,-48.6295803995787,-48.1086053236386,-48.5074361354541,-48.443210576356,-46.3594805393918,-46.1945380404886,-46.7017978272111,-45.5645533546997,-45.4860214423064,-42.2157464977792,-43.5456009149133,-41.9328154184038,-42.6692674385185,-41.6286957839264,-42.392621657605,-44.3997371004542,-44.1155771492214,-45.8923876452654,-51.9171039904321,-51.5576798065069,-48.6718672987627,-46.7395715579731,-45.3138975961836,-41.9767155946825,-40.9743705377547,-40.2422910342478,-40.3923021755497,-40.323145945048,-42.2229011794215,-42.7241269032171,-43.6503241890844,-48.3702926611476,-51.3411699136323,-50.7908584721618,-54.5143861432444,-53.8541674256395,-49.4484713995826,-55.591574876615,-55.556149254532,-53.2815920651621,-55.9714740644547,-61.8965125656318
-56.922946368752,-56.483775660075,-52.3902212988869,-54.5698911267751,-51.4457164418093,-53.7952637655425,-50.6443270113645,-49.7701307910644,-50.3514197677183,-46.5063824658855,-45.9835110408918,-47.6253852669761,-48.1886700767609,-47.352910543806,-52.406026812174,-49.558306775127,-50.9046591299003,-48.2017239803503,-49.1441523105046,-46.8898550902258,-46.8469785006216,-43.2440924462788,-43.6983661896098,-42.4070450909803,-43.0062847919787,-42.05103946852,-42.2822562744452,-44.0942112858029,-46.04892802536,-46.230973094515,-56.0367876727453,-58.7508061319956,-52.3530730513457,-49.5883501632532,-44.3489841614975,-42.4726238474928,-40.1534033807207,-40.2875061335727,-40.8080949423773,-40.5811635351972,-42.6208134207165,-42.9618103916679,-45.636662754757,-48.6075153183784,-55.7630605508615,-56.2581788656253,-58.2973217098283,-54.9407950280096,-51.8167991944993,-55.4558582721486,-66.7555910397998,-56.4208408284455,-55.318547886969,-57.2397270410522
-55.8218875218279,-52.9400164840378,-49.8385399869033,-49.8373087949209,-48.8891638080133,-48.2628531912916,-47.8298918822201,-46.8258932365427,-47.6644532851199,-45.1399254133969,-47.2864199938996,-46.1477163245179,-47.9000064826632,-47.4671320496105,-54.706596827916,-51.6710112429093,-63.2964612954702,-52.6227279784496,-53.0770713572094,-48.3950466710669,-48.248644787026,-45.1942932461607,-43.8567170530426,-43.5240767588737,-43.2847156605971,-42.8841512408409,-42.8139136832675,-43.3955975868223,-46.9449669360677,-45.5639627330298,-52.8291114617382,-49.0520367585221,-47.7820301814758,-46.3107971569141,-43.3633509732334,-42.2578162503492,-39.9001168695653,-40.448210386513,-40.9457900450852,-40.8505134528172,-42.4736226849019,-42.3014797791718,-46.8889349198186,-48.073710827576,-50.8097102592955,-62.7655665256078,-65.9710076510833,-57.275049784217,-56.7727437503846,-55.5081426455379,-60.5815271631465,-64.6442785394993,-57.3059882414425,-57.3398668388735
-50.0079537663732,-48.5324604433633,-47.1927333075604,-46.3103507286582,-46.7924753619977,-44.7288940677602,-45.8688180830801,-45.084848725038,-45.676980150221,-45.1157074274313,-49.6943450321086,-46.0095747727132,-48.1891877194472,-48.9244563768984,-52.2056473040328,-54.6284070305178,-58.8997131587005,-59.4302010639052,-54.722460987732,-49.5401027480738,-48.8627686618935,-47.5736860148846,-44.0660793707546,-45.151245693943,-43.6216104786298,-44.0308102055597,-43.9784877488625,-43.3057491198767,-46.3300363204349,-44.521089404701,-46.7848922457764,-45.5555698019115,-44.4765254229589,-42.7294047276673,-42.8952520625302,-41.6719347211243,-40.2934181971197,-40.645325394621,-40.7394629051479,-40.988085027124,-41.9108137449657,-41.400541635144,-45.8805491002671,-47.1922052175206,-48.3069493295542,-52.1133026826647,-52.9380533539683,-56.1649943516965,-66.085307405208,-56.8081038831394,-56.5644488243603,-67.4010830711804,-69.7855798170389,-64.6753584714857
-45.3596349127885,-44.7934826132752,-44.6743612114922,-43.6594896886097,-44.8023992858054,-42.8251965014871,-44.5372760833621,-44.4199788226088,-44.7448043654699,-46.6871251518966,-50.448642774004,-47.5901064197105,-49.458574546569,-52.0032675239113,-50.236316376299,-55.0874361814422,-52.9075607333122,-53.72845859722,-51.6439111062245,-50.0774907467956,-48.1676378955721,-49.6737458502802,-44.7842155983448,-47.0600760913467,-44.5002639133243,-45.71333001102,-45.7174867355209,-44.19506647646,-45.5577375255793,-44.1856693073758,-43.5057014377414,-44.5424057884569,-43.2708294226249,-41.2322279806886,-42.8356258169109,-41.3815480150772,-41.1812130281936,-40.8362550267885,-40.442144268983,-41.0312720312799,-41.2437660347258,-41.0459655427797,-44.1238716226626,-45.4039509272322,-47.3361646851464,-48.034518030199,-47.4547057823752,-50.9869839364943,-62.4447476542807,-60.9587760169155,-56.8286678096523,-58.792679789823,-59.7363800681309,-55.9078601809833
-42.2043122643998,-42.0567665944974,-42.5351350540306,-41.8363931866545,-42.9221492947164,-42.2265551252551,-43.6943195790354,-44.6888508644829,-45.1211751552799,-49.8864648564566,-49.0770539529181,-51.7798120864784,-52.2323540454475,-56.7471941065591,-49.9731669905434,-52.6942701634883,-51.1618749292704,-49.6534716851845,-49.3613104785924,-50.1060740397642,-47.1635674230971,-51.0011260426018,-46.7073150418709,-48.987687872895,-46.5877511981445,-48.107189853643,-47.8554339379533,-45.9706135996201,-44.9987322428795,-44.9700896175549,-42.2501049487334,-44.7851992528768,-43.4435571951623,-41.5054034029911,-42.8801271442746,-41.7138918549447,-42.2613772775462,-41.1075143373479,-40.4570811221262,-41.1714596121704,-40.8031395045921,-41.4690531841544,-42.8138590309585,-43.2802700840108,-46.2801115098158,-46.3074530645141,-45.1635258220133,-47.8997013185918,-53.8072608787421,-56.2141627209622,-58.8537404554195,-56.6938891870257,-53.1692791045391,-50.6722695700523
-40.1871571082065,-40.2879264152189,-40.9019217820007,-40.8333905414683,-41.4472932752889,-42.5462625013535,-43.3099949075668,-45.5231893215033,-46.9159778613831,-51.4102292300738,-49.0310226035091,-63.3377883843405,-57.8378197724933,-61.6565519042773,-51.1486747855695,-51.2323910139024,-50.820833883336,-48.2695097287882,-48.3684955278718,-49.9482658037537,-46.9722957527141,-50.7969873700832,-50.744880914014,-50.9126631243114,-50.8673953457792,-50.4260114134484,-50.2530469565666,-48.2117939433669,-44.7545467958383,-46.6022527833116,-42.6952681534851,-45.3891537326084,-44.4931504930345,-43.2910656647386,-42.9727295386974,-42.7922725674683,-43.3604200226437,-41.7683147556205,-41.1739244504961,-41.639152339051,-40.8888335897619,-42.5476855557088,-42.0896090058102,-41.834416328993,-44.7122774817641,-45.2729857871007,-44.6634101068747,-46.5684387782067,-48.6054733732426,-49.4668780390752,-53.8205910442239,-54.3239653987241,-50.715219998815,-48.9986349356321
-39.1027346350241,-39.4037735599937,-39.8818683173096,-40.5620314881565,-40.6679782510674,-43.1017019579919,-43.3944922511346,-46.1006850899726,-49.07758499044,-48.935953114557,-52.0458853469819,-59.4258938478253,-70.8945618894365,-62.5071388020332,-53.091429226202,-50.8620652073581,-50.9619804772847,-48.4615745046556,-48.1624248259525,-49.7877623368622,-48.0912635579571,-49.4825028914309,-57.4142079735222,-53.76162192431,-59.824641323452,-51.4339658217602,-53.189472048408,-50.4012134030506,-45.318409415054,-47.6781919600828,-44.8679635573962,-45.6571207242918,-45.9490823015827,-46.2757417111447,-43.5661093565233,-44.7467349836747,-44.7176114077728,-43.3015855253403,-42.9600077533491,-42.6508099032731,-41.7846435574369,-43.8827483432872,-41.941718635899,-41.455960062939,-43.2927808105628,-44.0074660588721,-45.0852145542515,-46.3494917589426,-45.7215881070468,-46.0166488820437,-48.6635731412695,-50.1638907413844,-49.5951560781374,-49.3051119229178
-38.8296631376236,-39.3166834585818,-39.5791072217003,-40.8318910646394,-40.7715065704137,-43.1973047537706,-43.9266173638967,-45.8634782206546,-48.3653959282775,-47.5304625068763,-61.0752664756395,-53.5584700218131,-58.6472205662779,-57.8093333212607,-54.3904972572495,-50.2671771474714,-50.8374941067225,-49.4207864906463,-48.4378677575176,-49.3909001242542,-50.6227478892205,-48.7652355304235,-55.2517351807521,-60.7818597945267,-58.6216168494926,-52.3012390735528,-55.5023173490975,-52.4303600442519,-47.3092096882846,-47.349887101023,-49.0132108265629,-45.7873078731176,-47.3453801726191,-49.778603890604,-45.3661775571852,-47.8226468278222,-46.8734703052515,-46.389561682607,-46.2605367740276,-44.4062014203413,-43.7447050583857,-44.763590923084,-42.3846701386133,-42.1600709483838,-42.5131744810396,-42.8483799758874,-45.6113140470661,-46.7530899886494,-44.709521376872,-44.8155344468235,-45.9826631826904,-47.1060014871916,-48.8171644235025,-50.5987118589627
-39.2669841441934,-39.9104622852023,-40.0665148142429,-41.4256355620034,-41.8825435019369,-43.107423591902,-44.857462108735,-45.5309052207793,-46.4833944999309,-48.0912010613852,-53.8265067473474,-52.326428386255,-53.409946645468,-52.7884931658002,-54.1143222868432,-48.8940097937127,-49.8777189603896,-50.1958671876332,-49.0344845523508,-48.6419824144686,-53.1790863292848,-49.4136412512802,-51.476419343157,-59.9696002198873,-53.4111001384923,-53.7958216265421,-53.0258486133503,-54.2793352920968,-51.459381135873,-47.3457742540502,-53.8517108575535,-46.5741683154876,-48.4642888944334,-52.6274302465343,-49.1067823827282,-52.5379357879251,-50.5736583384471,-52.6477420123406,-51.4329405409577,-47.0158899203459,-46.6661632483288,-44.7459547087973,-43.3916888481795,-43.7595165516419,-42.5555324576569,-42.5438048893709,-45.9213775316802,-47.2082461451814,-45.2993648535235,-45.5371358123058,-45.3434332693289,-45.9250571101974,-48.4888428184595,-51.5810700459373
-40.2857624804124,-40.9775245181905,-41.3300409245651,-42.2616321478831,-44.0584483312735,-43.7861763540773,-46.2680265688345,-46.1003183843082,-46.0429750829072,-50.0171933861763,-48.26370530803,-52.2600653133225,-50.6606690233176,-49.4699173139285,-52.4947360130921,-47.9598184038084,-48.7411710075952,-50.2775519278113,-49.6169064013592,-48.0407590875002,-52.0636226905156,-51.2338828006597,-50.1520226498282,-51.4985240769418,-51.6686744206608,-54.0309930675474,-50.2679948556651,-55.4214253319985,-59.2534493166894,-49.1406685809183,-53.2149196926954,-48.7279636796373,-49.6196556263838,-52.6520927036952,-53.7208677584551,-60.7427086802939,-56.6388843796499,-79.6367128802016,-54.1574536726325,-49.9980124305618,-48.5843503839215,-44.4566454324003,-44.893216540701,-45.7967625366862,-43.5215604611422,-43.4810419588274,-46.1961279903343,-47.0660220585653,-47.0420292028761,-48.2784286359376,-46.731651312585,-46.7098569131858,-49.0160514943309,-51.1708195475724
-41.6851313836388,-42.1556521453869,-43.098102075574,-43.4128855797797,-46.8906619829318,-46.2591587760294,-48.7498810388028,-48.3158154406589,-47.3756896072677,-51.4646515274768,-45.990875337714,-50.7930430337333,-49.0597976626017,-47.8325204584722,-50.4603004757673,-48.5480861239532,-48.5931915904629,-50.113406520111,-49.8600677216111,-48.0984420196279,-49.4179521701007,-52.3523792965177,-50.1269327642961,-48.0587161706125,-51.0383988531178,-53.548703436764,-49.7749481495507,-55.9232382812828,-70.529678879955,-54.1145666517733,-51.7799683170112,-53.099955632845,-51.4471098564107,-50.5351344239237,-52.3292763552951,-66.6718851225325,-56.3496045957186,-55.0214311470305,-51.5367393042515,-51.3873752540701,-47.7900631450739,-44.8610251976302,-46.8490118591066,-47.5531366088638,-45.4724048157934,-45.7726665163546,-46.5384351539982,-46.5064158020354,-48.7367916039038,-53.2820301717543,-50.8821705622783,-49.8044657095314,-50.2095229902408,-49.853902180353
-43.1625195756582,-43.022229765906,-44.503544597528,-44.7622845907141,-48.1254143998099,-52.954722018241,-54.6900109608111,-52.9668768800149,-49.6923019303881,-50.7574023182702,-45.2199190321724,-48.1393669633078,-48.1750677906591,-47.9435857318019,-49.4283183723665,-51.692735754328,-50.3250227121748,-50.2625099976697,-50.066607330622,-48.7745853526746,-47.4148430875971,-50.701696437344,-50.6333587905492,-47.0853429771052,-50.7863653595701,-54.6954798929542,-52.0680572418961,-56.8430986436596,-70.5112492484864,-65.5039753196133,-52.4520238284542,-62.655956424556,-54.3849321573281,-49.5178036052426,-50.95745966938,-56.430038945134,-51.7158831845504,-51.375252198814,-50.4296711346642,-50.8690068635676,-47.1726088054222,-46.623964314308,-49.04602636282,-48.5104775636939,-48.2440400228589,-49.2642367855894,-47.1825222087153,-46.5263253717105,-49.504048038266,-57.0418970231132,-62.5974721322845,-55.6317117960946,-51.0395913377082,-48.9361907607436
-44.296600001829,-43.362474922401,-44.4661473480822,-45.4674413168319,-46.3994526720827,-55.068079284591,-62.3195556501339,-53.5491186330226,-49.5172140295943,-48.2525171651583,-45.1897445485902,-45.8051503875349,-47.6281083839526,-50.2058211257925,-50.5086340028137,-61.1932131541669,-54.1533967958531,-50.4898361241539,-50.2739613935874,-49.2432979404584,-46.1572591082837,-48.1942825428874,-50.4347911751441,-47.881961235331,-51.0668935032856,-54.9395295080953,-58.338980819225,-59.3702380735385,-73.0432018622955,-56.9389655988877,-55.6855445926911,-66.4185892155632,-57.5726825268201,-50.6653652097295,-52.4824766933384,-52.0995833599746,-49.9250869985011,-50.8565033419688,-51.2343512595414,-50.597885844497,-48.2079045597594,-50.2898787429064,-50.41681112797,-48.8241720390243,-51.0319766806691,-53.2093295606573,-48.6962014166662,-47.938220523453,-50.6573665108988,-55.274853920569,-59.2041828864692,-56.2309472504539,-51.1013670940363,-49.2226653796177
-44.5547148733549,-43.1389032919619,-43.190318669638,-44.5256223066546,-44.1208102787892,-45.624369928736,-48.1581854855078,-47.3607656844918,-46.5612945250726,-44.796406590664,-45.3659901105309,-44.1128702945944,-46.754383330801,-52.3148983450544,-53.7977779181424,-55.0648655643518,-51.8699369132873,-49.3513993600414,-49.0397348785728,-48.5713702659006,-45.6960774095587,-46.3032992582676,-48.7050398456787,-49.7613877992024,-52.14387983001,-51.3964420466976,-57.9630075213804,-65.2956005617699,-63.87229744648,-53.3763250452601,-66.0416593202514,-56.8907956990477,-58.0632601650486,-54.3938534081845,-55.1271872702333,-50.2044372744472,-50.4387262311852,-52.0390730034066,-53.5704235391841,-51.4255536546606,-51.2776561211509,-55.8243452652615,-50.3822700156479,-49.2589179402253,-52.87807892381,-55.7306773387994,-51.2936837317417,-51.2685571332039,-53.6078676191481,-54.7485585004574,-53.2521026055073,-52.7633446547658,-51.2461467134702,-50.6489067277987
-43.6580672032073,-42.3306062442204,-41.5671584219007,-42.5071405424614,-42.2262573255899,-41.5184347361408,-42.8439128582014,-43.2810195977371,-43.6186883785642,-41.7494362551959,-44.7419176711018,-42.871034086394,-44.9310802783805,-46.9443661092351,-49.6403571647497,-47.8143331739312,-46.5515091494404,-46.8023389180853,-46.4112715507181,-47.1158749251013,-46.1325173032977,-45.4968457012085,-46.9394002550109,-51.0718557985272,-54.1054042526316,-49.3391736099039,-53.3819199564205,-63.3246287365585,-61.2711033991818,-53.1201978969922,-59.4750827583591,-52.7415297212773,-56.5065393632759,-59.7911935150131,-53.9623086796195,-50.1968599459152,-53.1428755267176,-54.6591897869858,-57.1178014419841,-53.6682950037425,-57.3069468913046,-57.6447719637689,-50.6298222581386,-50.7467840319321,-54.172482485325,-54.7573644523012,-53.2445790639347,-56.3986769367085,-59.1725332843911,-55.7009830027141,-52.1772169852513,-51.7359569683131,-51.4309653363967,-51.199492553269
-42.0744473268104,-41.1651219878677,-40.1726208898665,-40.5258407332947,-40.7562626129154,-39.5571684970052,-40.0255587642064,-40.7257588996173,-41.1712607035383,-39.6982394835905,-42.5041163644284,-41.7194752808251,-42.4555814684957,-42.1890088207995,-43.676814682845,-44.0008502558624,-43.4533918298336,-44.5077425352648,-44.2234787233534,-45.5659765658252,-47.155895214233,-46.0916939858299,-46.4611723546291,-51.0758334481984,-57.0706330627326,-50.2457685785582,-53.1019886310304,-57.1246298651998,-58.9666789596606,-55.0960923632461,-51.8784436849683,-50.5019240470348,-54.1526282387864,-59.756803341107,-52.5328829302696,-51.9533963661143,-57.886946993277,-58.8652258947813,-61.607152077395,-58.5083646843585,-77.2620830010749,-56.1309430640027,-52.4654976280319,-54.142189804537,-55.4235846123175,-53.1940655720085,-53.5500479687562,-60.5894761591859,-65.5229402556132,-56.4044476806863,-52.85445002961,-51.9048361904851,-50.7922318792969,-49.4316700704635
-40.5198636148105,-40.1023190132837,-39.3504912699673,-39.1959600964412,-39.79876579405,-38.9915420464279,-38.7539272487396,-39.2439443511799,-39.3573101097711,-38.6192786718004,-39.7822323327931,-40.3359229987491,-40.0778126808968,-39.3644863731023,-40.1245085748861,-41.5202651792332,-41.8841590713798,-43.0255420646093,-43.0444363744071,-44.2164843165877,-47.340053370378,-48.1096433751885,-47.7799547141184,-51.5527941274363,-60.0122952433583,-55.4736257357613,-56.5525370678047,-54.9397288325517,-55.3898641329606,-60.5429285425413,-48.8919767242958,-50.1321785946188,-51.67266993849,-55.8164617671174,-52.2305313869221,-54.8071040951263,-62.3546171942054,-64.6670902006712,-69.6167314318462,-80.1703259949968,-60.4251474116609,-55.0398396836701,-55.7366696462137,-60.3848992437612,-57.322786103838,-54.1404203018063,-56.0969456522708,-67.8417195041657,-60.327266867309,-55.3096490415555,-53.5182572657394,-51.7742183747129,-49.5720763888686,-47.7258059781158
-39.3995909395248,-39.4875209375832,-39.3142856630583,-38.8730987434271,-39.5907372075584,-39.6145370191805,-38.7675326386817,-38.7099926261774,-38.3225370517973,-38.2891397663387,-37.6925704846553,-38.7672263416239,-38.2199926612113,-37.8837149822844,-38.2175618057322,-39.8064309624195,-41.1228266701286,-42.0583911786761,-42.5893173666563,-43.2940556397023,-45.9578154953347,-49.4914748231048,-50.8761609869985,-53.7460155343301,-58.3039069442487,-60.2423157231257,-60.0281432531865,-55.782780217876,-53.7705441402757,-62.4034184672902,-48.5252106339923,-51.7827762410808,-50.0522702687823,-50.9932560629244,-50.429094237354,-55.2645836034304,-62.8500490731828,-67.1798489660683,-68.7716467090387,-59.1766171814667,-54.2911369048722,-53.4316741740428,-57.2951004389526,-68.0362539026296,-62.1072199276979,-59.5737353738278,-62.7334688853932,-60.8256577187449,-54.4599507715536,-52.8293328542726,-52.5789379547743,-50.5064280597703,-48.3607007302055,-46.850773040756
-38.8258030073123,-39.425488545579,-40.1643733570178,-39.8997661954049,-40.5265964836987,-41.5059947087384,-40.0368808401991,-39.0843597861255,-38.0697322214639,-38.4042574394092,-36.5071170612198,-37.3713490054714,-37.0128271076762,-37.3391210655499,-37.4819043969132,-38.7053099855306,-40.4808024732165,-41.1421556665214,-42.2828676341012,-43.001685720644,-44.6896019489118,-47.6575219009688,-52.3513558568321,-58.1573573037947,-55.6752511197429,-52.9338239634572,-55.8101275929589,-58.6264117832388,-55.3702578410781,-54.0331055691985,-50.8988514621965,-53.8763628105747,-49.5042016859249,-47.640692124812,-47.9674864415802,-52.6341102703887,-55.6333986259127,-58.5540889301275,-57.49958966837,-53.2893450640445,-51.5500509869795,-52.5366554050439,-56.8062405755712,-62.843487469971,-59.4196791768886,-56.512309668895,-53.8265040193406,-52.7926495076954,-50.9281843672904,-50.2882761468858,-50.1250042630146,-48.4237183915414,-47.128395807756,-46.3146816466697
-38.7089393509418,-39.7834246524928,-41.7535745564593,-42.8107534725755,-43.4045878980049,-45.2246516551538,-42.5542619124314,-40.188453687396,-38.3956113617019,-38.6365281001372,-36.1848454549796,-36.4636138737929,-36.467282868748,-37.3757487185963,-37.5862719052134,-38.1873930663879,-39.6465032184019,-40.2567289924691,-41.8564408066022,-43.4027741675123,-44.6609725472412,-46.0859710314695,-50.1397310847345,-60.8013815065175,-55.2944493271232,-51.6161679821602,-54.2042419504021,-56.8824790673642,-59.5304595300965,-50.5994641526684,-57.5923850593444,-51.5196716049809,-49.4858027236037,-46.2530951828854,-46.8764724397943,-49.9622438380905,-49.8248010567687,-52.2288182834241,-52.2261073389047,-50.7946870917171,-50.8849604035605,-53.2137833405694,-55.9919956322215,-55.4307282253647,-52.4741800295493,-50.4453104645046,-49.3671783015311,-49.5781123473655,-49.1784182675007,-48.2215956571467,-47.4780811227213,-46.3894313918481,-45.9752393720946,-45.8788130262157
-38.7760381321277,-40.1761991444986,-43.1146332349746,-47.8253558915139,-51.285913682484,-52.8542738330698,-45.3250032360011,-41.314274084609,-38.903200502487,-38.7288099244425,-36.6151136620755,-36.1998037129302,-36.5462919465747,-37.6372628981514,-38.1538716559883,-38.2375437423209,-38.9655899978135,-39.8396782719165,-41.6918328218663,-44.3454094684522,-46.1911741926486,-46.5431814368125,-49.2744924787267,-57.0577133718429,-57.0530755812015,-55.1993881957623,-55.7516230533068,-53.7088305867312,-54.9605290143011,-50.3313212405682,-55.3976633180747,-48.5731700590137,-49.0857381518573,-46.6372244130925,-47.337314813298,-47.8532282435918,-46.5745565958476,-48.4145084186012,-49.2785746785119,-50.0619750950247,-51.9481908152349,-54.4592279102138,-53.3147184667093,-51.0436034251834,-49.3744886955648,-48.3786705978169,-48.2757107400588,-48.4580527213095,-48.0745194253899,-46.4991246758225,-45.4438058734576,-44.9923536249863,-45.2827937959401,-45.9039508672323
-38.6953340299089,-40.1602857795662,-42.7126173789789,-46.6879743542905,-53.7609959631438,-52.0118407474363,-45.0021873683995,-41.4069247821996,-39.2875194957047,-38.6322695929631,-37.6754106592662,-36.6349449548877,-37.1815282538533,-37.8942978484701,-38.7237990662957,-38.8044340802157,-38.9475643930303,-40.2959970304794,-42.3116456973556,-45.4729435951183,-48.9810627819969,-49.5483523078413,-50.9998500948361,-54.6973341167517,-57.4642461764947,-64.6527123145782,-58.6162318345028,-53.4154564799314,-51.1976143962988,-53.359703732514,-49.4386659624334,-47.4228405471638,-48.2204021167455,-48.2153323625531,-48.4349627817443,-46.4951661995509,-45.2097163858263,-46.4282014328667,-47.8094568218878,-50.4731773251389,-54.3307550369595,-54.4752072298361,-51.2675711075866,-49.487991665571,-48.9302402590927,-48.7454378254497,-48.6288790884046,-47.4657491296379,-46.3505836962413,-44.9683474780212,-44.1772191853962,-44.3619413447655,-45.2438348971477,-46.7276886333495
-38.4097012636913,-39.7301480863247,-41.252749567359,-42.3729509136563,-43.9201239460039,-44.9555673318483,-42.8503832681281,-40.7804254399352,-39.7127566817284,-38.5824374152889,-39.2224622351375,-37.7834735969521,-38.2742506945032,-38.2114824005809,-39.0525171898318,-39.7569957546926,-39.8901433546249,-41.7781687418184,-43.9727976872976,-46.5198487365046,-50.4145070392701,-55.2965380039531,-56.3801092009512,-54.4657508285044,-54.6102619791403,-55.2617766858057,-57.2739360784357,-56.005450663511,-50.8963111298475,-56.8153407502133,-47.226670879426,-47.8842241443221,-47.5634309123689,-49.3226673809366,-48.5079073235338,-46.0128626257634,-45.2930678636853,-45.8688872277637,-47.3559023942675,-51.3227931180287,-57.107648131413,-55.2713273683734,-51.996875975617,-50.9726971374391,-50.6976961261635,-49.6200807174961,-47.6643379038947,-45.5575667057392,-44.3321724128393,-43.7568214029951,-43.5535897125012,-44.3181253739222,-45.6853717614302,-48.2131647739189
-38.2220859404022,-39.3087288567245,-40.1549787174418,-40.358812857234,-40.6231470744302,-41.7428701920417,-41.553352897443,-40.5996681550775,-40.6080088040695,-38.9889167179381,-41.0065065307988,-39.638476951252,-39.7063684269386,-38.8739946690793,-39.4133748182412,-40.8739802704597,-41.8171508986361,-43.9824819599883,-46.3939380172903,-47.6582319105475,-49.3786741364828,-55.1490648815679,-71.3381556312305,-56.4264538812699,-53.2050037720548,-52.7089115212273,-54.644546590237,-55.6310507232378,-52.9286358627973,-50.7564035802281,-47.3217982552654,-49.4655918022196,-47.3522958265772,-48.7071164479031,-47.6202012650929,-46.2891748142491,-46.4309325354611,-46.4003232916405,-47.5420116572533,-51.5875294767006,-58.1031457911427,-59.697748611818,-58.4690267587199,-57.6599936365907,-52.529484481097,-48.2295707482517,-45.5025338768459,-43.8487216496306,-42.9980521094266,-43.0608611240288,-43.3657064525166,-44.4765452590674,-46.0438460704351,-49.1626280623142
-38.4785231884153,-39.2630105916106,-39.799116694848,-40.0323369861097,-39.7808099720785,-40.5365233514508,-41.4514252501359,-41.4617244239192,-42.2602225010211,-40.2789378460683,-42.6046600691603,-42.1255550429792,-41.383818589574,-40.2023568138025,-40.3217607901313,-41.9906999960253,-44.1777140354487,-45.7179799117022,-48.0466965114579,-49.158010034161,-49.3835252202844,-52.7641000887032,-61.665832412395,-61.3995529711402,-54.5305820902589,-54.8030636014112,-52.7148407964614,-50.9173353736773,-51.8396047251192,-47.1000177525397,-49.3206993132744,-50.6098690544845,-47.3034228580761,-47.3464351464529,-46.6470200945961,-46.871498533747,-48.0860766136863,-47.6165630896255,-48.1962996192721,-51.0804633777239,-54.9413717679023,-56.4111924293189,-59.903624212985,-56.2472937196493,-50.0957416955145,-46.2747879343677,-44.2503574717733,-43.1595943984423,-42.6349867326687,-42.886328501613,-43.3681986513304,-44.3225134664373,-45.4925674932333,-47.4843571126078
-39.3715146851477,-39.749781477904,-40.1372117753864,-40.8743513576248,-40.6490587968908,-40.8844795953763,-42.5056720076268,-43.5979293058616,-44.7082008427479,-42.9012665301277,-43.8100135537694,-44.9358810264484,-43.3025051177602,-42.5077922182427,-42.2347260945699,-43.2601634169002,-45.6653243948458,-46.198627431006,-47.8493293226761,-50.6234672616691,-51.7556508204175,-54.3206669848744,-60.6661820355927,-72.6419341091135,-59.7018677666511,-57.6807932764668,-50.9950721364441,-48.4571941851954,-48.1771909654293,-46.0940015314718,-51.5655941160869,-48.9829456011135,-47.0522972638212,-45.7362433895291,-45.489570691953,-47.1530891638708,-49.6137318964406,-49.125057653593,-49.6037407917639,-50.9381962153054,-51.4719340056338,-50.2928013951961,-50.1135906570346,-49.0304250927473,-47.3024138129088,-45.4157843794463,-44.2505145456852,-43.4358004468948,-43.0192693339437,-42.9800613867106,-43.2320308222225,-43.5030930534111,-43.8941259530147,-44.3745210896
-40.9388509937104,-40.7873797345196,-41.0422039436813,-42.3983691303682,-42.9370654230573,-42.8090451183172,-44.792188943994,-47.1763263030261,-47.8488760654401,-47.5463402917341,-45.1341564774295,-47.4052817934835,-45.5786269335754,-46.1770371033761,-45.6251164192044,-45.1672903411804,-46.267147104876,-46.6056951014368,-47.4316352509706,-50.902049245602,-54.6832422982055,-60.0096978531546,-65.79796624248,-71.7038662893574,-63.4915426818443,-53.1533657137643,-50.0523337233446,-48.2969722788694,-46.5472929611227,-47.1277304385327,-49.2107908445217,-46.2236447063947,-46.4448673974323,-44.2760579585505,-44.3457814992916,-46.9787950367348,-50.5034459968624,-50.8281484665059,-52.5885098587375,-52.4997761528896,-50.0685138739948,-47.9860926454273,-47.0585176916068,-46.3460283436424,-45.817824781614,-45.2965877624818,-44.8480419085205,-44.0888758867097,-43.5823969175339,-42.9392803094788,-42.6930379902703,-42.3135871191607,-42.2168369478167,-42.0145336519412
-43.0572322597056,-42.3052196645453,-42.3881625972409,-43.9508471138121,-45.9132120956038,-46.6439831922361,-48.5395362877011,-52.2031113149597,-51.9894266323628,-55.8296812799995,-47.2892462255091,-49.1912278826354,-48.4105781413938,-51.7848092559038,-51.3644368039841,-48.3850242792195,-47.4422833274656,-47.7989716597853,-47.8287203974183,-50.053110073003,-51.6587678338848,-55.5313909132183,-58.609998004496,-61.5812617597536,-56.739950255819,-50.8843371493557,-50.7764232953882,-50.285797920273,-47.2789784641368,-49.8126336978278,-45.9239859968064,-44.3105719264264,-45.4977271486397,-43.5585427620036,-43.8199891290412,-46.6268909334754,-50.4358526078167,-52.5739708275644,-58.0893048663894,-58.4558094140485,-51.3894420680511,-48.4925322547986,-46.7581846891033,-45.6828895289263,-45.0420367457007,-44.9460673381103,-44.8695037339446,-44.2209941071953,-43.6049874019955,-42.5425808088671,-41.9413277814597,-41.4664236322083,-41.3701576034432,-41.1190632985036
-45.3564045440665,-44.1419445278031,-44.0593889044945,-45.0080862435042,-47.4368539366767,-51.7645594835746,-53.1991704534106,-56.9157633318135,-59.5718893148892,-62.9113645897963,-50.068635092658,-50.7513901134112,-52.0169839233541,-58.2648776441831,-61.5815149280311,-54.0394781556337,-49.8160798184952,-49.650287070361,-49.1004987317519,-49.2338149802519,-48.6154960258188,-50.2793066693013,-52.2891417454686,-54.5663886254156,-53.5627809737635,-51.7152225918547,-54.2880161405514,-54.8689674065782,-50.7672169723695,-51.8385631119871,-44.3591559166129,-43.6939513274495,-44.4280919267193,-43.7816683178091,-44.1551051228447,-46.2053150382231,-49.3324099883889,-52.7810691500263,-55.846035616898,-61.3289153692847,-55.322888028467,-50.8328942021201,-47.6097645369924,-45.5751624750103,-44.3685375416839,-44.0195691798731,-43.8427060388725,-43.3840901263323,-42.8098147428936,-41.9686105724078,-41.5031886752294,-41.5219526708786,-41.8682025194649,-42.0556436539534
-47.1944012706956,-46.0365111012565,-45.92842547751,-45.7825531874317,-47.2735893824895,-51.0005624674827,-53.6951659615071,-57.2729637270915,-63.6550986059355,-60.2893055616956,-51.0822972728904,-52.0481928471697,-56.5616916254228,-57.163420918324,-60.330632794696,-64.1568823225083,-52.5262162823702,-51.6687340315303,-51.0117336750227,-48.9185224879814,-47.4345191207947,-47.7722215839985,-48.9093238962033,-50.2465164083783,-51.5700334005677,-53.5084368586501,-63.7045003895281,-62.6811285282752,-59.3504377678563,-50.1020389107929,-44.6553731599345,-44.3842679741826,-43.5986117146023,-44.5306635965676,-45.0163315461091,-45.5623526819541,-47.2126434503262,-50.1500762524137,-49.9659047068332,-50.3237237643965,-51.2010860071068,-49.5296666808659,-46.9565010965403,-44.8994506069852,-43.7068425010266,-42.98691642845,-42.4060799334708,-42.0288739009287,-41.6779736751883,-41.5957355203668,-41.7974706632382,-42.81204986538,-44.1701865474802,-45.6352190489909
-48.0717662192345,-47.6750548535453,-47.83449723254,-46.9560984811189,-47.6865233123253,-48.7213126072079,-51.7947622435439,-55.6902999618426,-54.513247544633,-62.9175197083494,-50.5785350766168,-52.5278609346585,-60.9961095255808,-54.9031635748152,-56.7063129567476,-59.9811986274896,-53.1979479685671,-53.6139734954401,-53.0322350939068,-49.0347346389419,-47.3466198689704,-46.6811722482874,-47.2087674570898,-47.9274214376571,-49.5592825110105,-51.2870222950772,-57.3356760523144,-59.9565594195119,-57.708787832061,-48.1071076535477,-46.8387435297821,-45.8440653149076,-43.2593267626271,-44.8257192265464,-45.4978764699802,-44.5534668405285,-44.5901654568522,-46.7234850574199,-46.4453943687507,-45.747220943196,-45.8513360546344,-45.6266042121395,-44.8780549149957,-43.9390541080535,-43.2625019018943,-42.2318605880083,-41.2715890056664,-40.9414088032096,-40.9282777489187,-41.7555328045919,-43.0021116286505,-45.4121941678381,-48.6747540703534,-54.4330018267635
-48.1159857879666,-48.7838861334638,-49.5655746638493,-49.145677573621,-49.8249993484408,-48.9943120388302,-51.6978386894265,-54.5251902237879,-51.4709786656605,-58.7594821123189,-51.6987856973212,-53.0883309986015,-59.5335444694868,-53.9615202644147,-56.0775585629002,-56.3050181260854,-52.1803102219656,-55.1146414444263,-54.1053738772884,-49.316062170637,-47.5960051499778,-46.5245359369316,-46.7656146425799,-47.0653627994834,-47.8102730128715,-48.5622541171458,-51.8587646938332,-55.1647712228515,-51.1178490815509,-47.3653670790988,-49.0971251676451,-46.1573569961303,-43.4283150400353,-44.2279813861407,-44.854046260391,-43.3326965322034,-42.4081107753116,-43.9489210752312,-44.2932333600148,-43.5272233349749,-43.1574105577312,-43.310398481472,-43.4503997760282,-43.4396083169232,-43.1814727580838,-42.0346534410196,-40.997195536997,-40.7603190928382,-41.0827507321936,-42.6403301788939,-44.9531712503591,-48.0142084546853,-50.4533233967921,-50.5856338033361
-47.7739176337328,-49.1903186082798,-50.7262379214074,-52.539983352492,-55.0684873725863,-52.348615545006,-53.9377640655945,-54.4516913423935,-50.9041189223907,-53.9664228517039,-56.5067746504525,-55.3107065917698,-55.6002936332077,-54.248513029248,-57.0800704495918,-54.7894375601077,-51.1833530405081,-55.2615848711071,-53.3879611437547,-49.507521871637,-47.9808873083712,-47.2325758285011,-47.3142673464392,-47.1512239082774,-46.8073506098284,-47.5747091506918,-49.5998541532874,-51.9832174992714,-48.0544067336558,-47.4014017487901,-46.578040514776,-44.656275329396,-43.92136427957,-43.3267444748861,-43.4614889477573,-42.3460499323597,-41.2632615852909,-42.2362662068425,-43.1136144933039,-42.7835014881048,-42.2782644276224,-42.5347199406254,-43.0955139950416,-43.6180968895955,-43.6181835830647,-42.7909908748494,-42.0854330747705,-41.9703376984937,-42.4949389729465,-44.2296520507756,-46.6864813774214,-47.4925724325571,-46.7621309698381,-45.5213557295002
-47.3580505073306,-48.9163748803174,-50.7891853786962,-54.3344846341846,-65.1532243956367,-61.6719612591698,-59.1517971560665,-55.3125073547774,-51.8706481583634,-51.7599141093898,-64.3598474277847,-59.3271363684663,-53.1178383746543,-56.0906008898735,-58.7061440657662,-53.7378288209732,-50.8925112989909,-54.1915088908938,-51.5609102960821,-49.5989202173971,-48.8263191160641,-48.7168211051073,-48.3457691594295,-47.6380396889236,-46.6984297817918,-47.9161964317639,-48.4904555348749,-49.1849937767746,-46.4316137115748,-46.8901420166349,-43.5856630241075,-43.303685621357,-44.4580233777585,-42.6528591761489,-42.2365198281889,-42.0499627246408,-41.4157039924229,-41.7313202007199,-42.8350779504545,-43.1681580814004,-42.7705377402329,-42.9488523116917,-43.6562927365296,-44.4806178231835,-44.8976269549013,-45.0432851558328,-45.1894337877856,-45.1696866386848,-45.5428525948236,-46.1988111140034,-46.8969292793778,-45.7345228203319,-44.7818818507321,-44.2597880634368
-46.9190665833751,-48.2029324882459,-49.9042166474515,-52.0833542782432,-55.7057529267409,-58.284871907091,-62.0403602609903,-55.6474273564826,-53.9467671200701,-51.0779067062955,-55.5506237446632,-57.6450925133709,-52.3128523817477,-58.2843886435081,-56.8844738348358,-53.1158376164055,-51.8419483149602,-52.5587494439248,-49.8713137479696,-49.8382738035645,-50.1911016033765,-50.3213448319652,-49.0726069505463,-48.1768308995809,-47.4015506566289,-48.7026553623716,-47.5413158288186,-46.6666383113266,-45.6132661334039,-45.2812201909187,-42.2982402227891,-42.9322833067908,-44.8692620944136,-42.5961974314417,-41.9294642497587,-42.7892703079104,-43.0476992873629,-42.5400232904208,-43.4823880649398,-44.4738794230137,-44.4089027346677,-44.4292482192843,-45.1080837653273,-46.236631398711,-47.5794861312887,-49.699261819393,-51.7369643417944,-51.6469409490004,-50.9566606419643,-48.1831049926442,-46.247165485223,-44.6695940677873,-44.316896984797,-44.9201394302552
-46.2883706164481,-47.2862918060685,-48.77177489321,-50.2802754537597,-52.3999153103122,-53.4312605261236,-57.4600458211342,-54.8235159205043,-57.4527208016939,-51.6300063658737,-52.4244212503959,-54.3429679500395,-53.2715267869968,-57.0477960708607,-53.7499166401967,-53.194467394452,-54.2814880262134,-50.9954008814848,-49.0971547466485,-50.4983832467698,-51.4299191349578,-51.0348852355795,-49.3325732934322,-48.6815925269355,-48.4309850363031,-48.6966633946572,-46.4799120986273,-44.7680589514431,-45.1159049086091,-43.8226429105962,-42.5363806034638,-43.5557575061653,-45.2994251651202,-43.6719322819029,-43.1483741870156,-44.8773659523379,-46.3731614977579,-44.7997870267387,-45.0514963891139,-46.5061929845271,-47.099869788846,-47.1826383461871,-47.8384232181528,-49.5229000199517,-52.7827156444268,-58.6358792486647,-58.5697036377001,-58.2991776064391,-60.046018083744,-50.3403349290161,-45.8891902480097,-44.1929033763327,-44.4302513730059,-46.3053738031887
-45.3040332368629,-46.2596871542562,-47.692442062669,-49.706584311152,-52.3410411669427,-53.3453413755198,-55.2981431464165,-54.6623051846087,-65.0571865938144,-54.0644468214042,-52.2645000186144,-53.8822553005083,-56.3806251679174,-55.4757158501178,-52.5102754739949,-54.0098009553099,-56.6317460130138,-50.3525323548247,-49.6719100299639,-51.7637114786081,-52.1671081834101,-51.2405886500891,-49.6811694620775,-48.8872836521904,-48.6621980362074,-47.4607552937904,-45.5801192296109,-43.8115639587368,-44.6469518638339,-43.4139363383528,-44.0448346888914,-45.1092035816197,-46.2056550681679,-46.6723908632876,-46.8213957262059,-48.7190539640225,-51.1968868243803,-48.6941446831139,-47.4110265395925,-48.9981631988605,-50.8838022235046,-51.9228208189404,-52.9506745736121,-55.9831487360387,-65.6155024215832,-59.6673002658185,-54.2011274841417,-54.1654353876409,-58.5114686288232,-51.9052600171535,-45.9569773914744,-44.097975664996,-44.5672209402157,-46.9674164718414
-44.0923456225284,-45.1894854144459,-46.6282188533987,-49.3352410657708,-52.3904344992939,-55.1920464078429,-54.4137171994681,-56.3091192751475,-63.7177440710358,-60.9358043484911,-53.8169895007259,-56.1947709168535,-62.273141427053,-55.9856044814307,-53.2696756329448,-55.6273306335849,-56.1004161928891,-51.3190322580894,-52.0275184497919,-53.8250112968878,-53.2748887205275,-51.8994889140186,-50.2946108563082,-48.7284661804018,-47.9183703353592,-46.1082445689653,-45.1890788210467,-43.976033247328,-44.4814708877913,-44.2453193398779,-46.5833266997573,-47.6610315942404,-48.2485069547075,-53.728240202621,-56.6740267969429,-54.4687073986953,-54.2150243798776,-54.3266657478332,-50.2911032829416,-51.4994937236658,-55.6292947577016,-60.5561631274565,-63.8072001676277,-70.237027097558,-63.8928794814416,-58.3548061465711,-55.8110237753922,-55.0060280802601,-54.5145547181913,-50.2444344074851,-45.9754421986683,-44.4355229916095,-44.7351529155759,-45.9407159705
-43.0001172431694,-44.2377770094549,-45.6600283861739,-48.2789586145299,-49.8149733667174,-53.1313340065268,-53.5007195808059,-58.7058307435588,-56.3767846486009,-62.6032846262549,-55.9852135849675,-59.1172628049491,-64.4490640588273,-57.1073971672281,-54.7897698266849,-58.3177266408076,-55.6074342009307,-54.5742392776151,-57.0102500376984,-57.1063918121364,-55.4034576140471,-53.0588162031159,-51.1438683786342,-49.104008248626,-47.6570805666157,-45.7689812964675,-45.4914380874344,-45.2757115818031,-45.123221906546,-46.0347778833529,-49.8531261793263,-51.3871288831172,-52.2210812777741,-67.9156027993959,-57.7976535744338,-57.7551094248129,-54.0044192378904,-59.7689235635382,-53.5689401169552,-53.2796758896328,-58.8803685444281,-72.3706293997113,-61.2800137948625,-59.4890708692803,-60.6151354038025,-61.1930964594288,-59.3434002114525,-60.7542601391838,-53.4556350015254,-47.7338062253312,-45.5369677646581,-45.2458854161271,-44.9661644158095,-43.8882146686112
-42.3197888030509,-43.6168537983498,-45.0644084880178,-47.1435639570342,-47.6236121060261,-50.1033927479846,-52.8660873161172,-57.3364105618555,-53.6864926736334,-54.4620879184871,-56.2789377428998,-56.0311139926404,-61.1566963903212,-55.0609677160928,-54.6809133347665,-61.764922218809,-56.8445186275146,-60.4995211205554,-64.5010456168402,-62.6770386140415,-57.3143786382044,-54.5868632663772,-52.9834896316518,-51.3215093533527,-49.1166870537998,-47.0655171102397,-46.3822395774269,-47.360938779729,-46.6633629636223,-47.7501001465217,-53.39605536156,-55.8341789655007,-55.8323895164115,-54.3052284506848,-51.4169477525647,-57.6097373902521,-54.3909226855164,-57.0435190189554,-56.3757801636891,-53.6797949286543,-57.0899814159198,-67.9443883681018,-58.0398633343659,-57.2229063840078,-67.4814709241364,-55.5854651274188,-52.2748260765121,-57.5425044068415,-54.0664405877705,-46.4146826453321,-45.006157104892,-46.3450212225653,-45.1204712388541,-42.2207373303488
-42.1789081271474,-43.4835714301964,-45.0899058606799,-46.8710611970107,-47.4996409868089,-49.5784022162623,-53.6847673354414,-55.4038931012989,-53.5632783667376,-51.7903491087978,-53.3209580565416,-52.7702527150288,-59.5768238236937,-52.5285376989704,-54.5124912022156,-63.4252892209529,-59.5650324061086,-59.85292251364,-60.6418881548388,-65.8752046983026,-57.30971141445,-57.9363641097327,-57.2858522922484,-55.9015705764504,-52.969329897971,-49.7960978956717,-47.2713921909569,-49.1439837683053,-48.0322411342383,-48.3896033983297,-55.6033052827507,-57.5809666345103,-52.3331165537148,-53.3061566305248,-52.460901482506,-60.8788004363382,-56.2183813788609,-53.1417640543878,-54.6429001092776,-52.8862874116507,-53.059002703855,-56.6883725545739,-56.8716697052191,-57.4366066269896,-64.0220284884329,-51.1841693318033,-48.960118003806,-52.8421041074113,-52.6976105906367,-46.194821080471,-45.1623688300222,-47.4202484872061,-45.3029167763435,-41.7301858450387
-42.5453468189491,-43.8815346816014,-45.8065648393269,-47.8630685415859,-49.9887041808853,-52.3633034764025,-57.5020888780773,-56.052010674723,-55.4801412317906,-51.5590263978866,-50.1827763249076,-50.9907533465049,-57.0991939959254,-51.5768272282321,-56.8313114468818,-61.5326909298166,-67.3624421936458,-55.4887097341739,-57.1799320019758,-58.310076940765,-57.4500549880222,-72.9081610030018,-55.7716121419251,-52.342689495031,-52.4898890843081,-49.457153083591,-47.4328796587491,-49.3586433158858,-47.6101196803008,-48.4697833963032,-53.9122923924032,-55.4152990953955,-49.9524361977421,-57.4767064294964,-61.5397444507594,-74.5878283671331,-62.3384671034073,-51.7872671125576,-51.44149005033,-51.6690731992375,-49.4283299795527,-50.0020284811097,-52.9956692368193,-56.4510985056946,-53.960604290645,-49.1972826895656,-48.581283060303,-50.3130040319858,-48.8284939402772,-46.7369710421841,-46.7231333643332,-48.3448341992978,-45.7567043682415,-42.6323667699952
-43.2364607114465,-44.7047886840573,-47.0010412006599,-49.9100210424277,-55.264527324546,-62.9571292029705,-71.5141756512492,-59.8401600093886,-58.5355503515596,-52.3812233533256,-48.2596529273347,-49.9026608620761,-53.5769277516004,-51.8252522369536,-56.9949688188944,-55.548818710133,-61.3384976151263,-52.0121418970684,-54.7332549873778,-52.9360177823676,-56.5911490264579,-55.3248928080585,-48.9288234421375,-47.0169206394231,-47.0190657763023,-45.9179463106533,-46.8986223107767,-47.6026958833889,-46.2466134692214,-48.1853193401915,-50.3397595426359,-52.2425181525046,-49.8848972526257,-81.4972746820911,-56.4446915841513,-62.4490833423727,-63.9882522735785,-53.0727351639598,-49.7471796099,-50.525549401577,-47.1615852727754,-46.3915105768481,-49.1232541545457,-52.5868396819083,-48.8830219191478,-48.1179071618356,-49.8088050666734,-48.067041704031,-46.4129713017338,-48.3498472454655,-50.7633564002695,-49.4482367164223,-46.3397821611995,-44.4953901576633
-43.9790276252629,-45.6757663988748,-48.0979654766826,-51.2264799592525,-53.8697640950176,-57.5090961300379,-59.5479733049911,-59.3946888304313,-59.2563072349287,-52.7002374905822,-47.5352687691564,-49.1168119756582,-50.4238868958863,-51.8567283685986,-50.6594395517792,-49.8138158620891,-50.5493317972701,-48.6763596563979,-51.2883313981785,-48.9309294104718,-51.3452109454914,-47.8811173792379,-44.8958542909323,-44.1822730408848,-43.7385353751969,-43.5380487991804,-45.7832669293285,-44.7892703623992,-44.9709576748578,-47.1751957437819,-47.0323622934049,-49.4784405226955,-50.7651552762269,-59.260207590609,-50.4958682811907,-57.0414765490855,-52.9688656078792,-53.9880595502042,-49.4608521423572,-49.4031414305639,-46.3612594198168,-44.7094699253695,-46.2945650103963,-48.0173688751728,-45.619736686068,-47.2263679165947,-50.473386719426,-46.2146750076278,-46.2038598524383,-52.8924428520505,-61.8455248873125,-51.7939405620298,-46.6002292618311,-45.4091232339588
-44.6106354785045,-46.4730975848414,-48.6377016275824,-50.4839490852008,-50.5449538810226,-51.7605460089179,-54.6122224639051,-54.2634411516353,-57.4145926942114,-52.25759709593,-47.5900342725528,-48.6244077911327,-47.7961477795144,-50.0525922838317,-46.3037924599765,-45.7828739331519,-45.1116109386663,-45.8813766297895,-47.2695292920471,-45.7884772045977,-46.3130395779868,-43.7178849889035,-42.6562782030209,-42.8639632811651,-42.1187326990711,-42.3469328953035,-44.0032740198767,-42.4279303197352,-43.9178998279035,-45.8559110070566,-44.5797873037224,-47.6019876261489,-50.0239128930158,-53.2573806054653,-49.4022307194022,-54.4225608613071,-49.037230489777,-49.855212721435,-49.7434068563429,-48.014030320764,-46.6376122158332,-44.4185331707544,-44.2661150513701,-44.4202423336793,-43.6136370728883,-46.4645656219842,-48.7362637098134,-45.3161176239651,-47.9541609387278,-62.8634296846376,-56.5555627814051,-57.6390461633574,-46.3751756374044,-44.598786940689
-45.2335637175862,-47.0410106066625,-48.974276140551,-50.097038146611,-50.8715969706718,-51.3214013713568,-53.9832359905657,-51.9099767306665,-55.4741756796975,-51.8907167854449,-47.8062556526635,-48.2692079839111,-45.563087162313,-46.9629557795942,-43.5794953354672,-43.187980694884,-42.0217475725173,-43.7488473068978,-43.790786603273,-43.3885972633832,-42.8381991733087,-41.3031581638523,-41.6344068089345,-42.4261722659712,-41.5724352835911,-41.7992138915265,-42.1535165942504,-41.1756463741115,-43.2943798228655,-44.6071304637764,-43.1428337109108,-46.4053870213084,-48.1807136362439,-49.6865713568593,-51.1646831745092,-52.7544449028652,-48.1578346605654,-46.7364385055946,-49.2267484816627,-46.4808984151437,-46.6942511404452,-45.0922279689023,-43.0171196364625,-42.1460899439029,-42.6477063044064,-45.3019345239812,-45.8721826215556,-45.3786630504889,-48.5570766459321,-49.699056893479,-50.3982961930138,-54.2232338900969,-45.7016386087311,-44.1511977233516
-46.0694259317332,-47.6239564811634,-49.6575763135626,-51.5193557984803,-55.9993975077119,-54.956417448792,-56.3445828859097,-51.5369264550486,-53.5777805803791,-51.4603121705095,-47.788702270368,-47.5478748988593,-43.7598709803081,-43.9449665196306,-41.7971472834055,-41.6896537769215,-40.5224033136348,-42.1293407042766,-41.3369974033658,-41.72590531077,-40.7568590684539,-40.248734503032,-41.5434621149065,-42.4022049251019,-41.7416664167043,-41.6534024948606,-40.975748707327,-41.1424183151574,-43.2514972223352,-43.4272481324716,-42.7068002472713,-45.4828198531867,-47.3038602131072,-47.9786919377769,-55.4170084059279,-51.9056613895114,-49.6079421232575,-45.9801997328005,-47.8084689180949,-45.3051639473083,-45.3580277714416,-45.8364336991465,-42.6160784894644,-41.1384225903147,-42.445152511915,-43.3055168811585,-43.3035713420787,-45.887296295017,-45.4409875512782,-44.8359496657977,-48.0208043732225,-47.0655413942853,-44.7511553037524,-44.9359956960804
-47.2570144981394,-48.4610440573736,-50.6467916756425,-54.2154415723381,-69.3898659537018,-58.481291717942,-57.7049188137215,-51.5092841228009,-51.6352554428225,-50.2240100113858,-47.4835159008796,-46.0944620515663,-42.4819541925268,-41.6477797802308,-40.7347732799051,-41.0152368759972,-40.2757255628062,-40.9958783369655,-40.0559948436116,-40.8577334451198,-39.9662118275471,-40.4635716905341,-42.1410962082355,-42.4727971487507,-42.3603956958546,-41.9825564031971,-40.839051577539,-42.2831862903109,-43.480086537537,-42.561342043549,-43.1489510141393,-44.7684265944358,-47.8847853437773,-48.6297279622461,-61.8704932164288,-52.328677352802,-51.9975929846565,-47.5713818008258,-46.7021633151579,-44.8405702934681,-43.7635791179438,-45.1872863309907,-42.8671927701802,-41.2527953022733,-42.5796684376859,-41.397778701072,-41.6762173705822,-45.9146660357146,-43.0066576683974,-43.03647617143,-46.651362874924,-43.6354527433535,-44.2045266678441,-46.7011682347131
-48.8396021946621,-49.6635165665446,-51.3669902288074,-53.6657412250939,-53.2932438928583,-51.7554795192654,-52.8921697165868,-49.8901060399899,-49.3534913767362,-48.0305179312465,-46.592230423256,-44.1587951909733,-41.7559104194604,-40.2791449358394,-40.4354135337724,-40.9573818605166,-41.0507799747469,-40.5228687064353,-40.0385125688987,-40.9050181895987,-40.5099465932885,-41.9491865678222,-43.0629798182994,-42.5740007311484,-43.1754064427816,-42.8482078063755,-41.924792286441,-44.4459942942134,-43.517014974163,-42.5160996576452,-44.3172304542477,-44.5895695664198,-49.8526790816966,-52.2722738963366,-68.2888133324583,-54.9664836680348,-51.3047464716874,-51.7720471037922,-46.548640615563,-45.1241103198261,-43.0553861951697,-43.4766995580907,-43.1486525331849,-42.2795489037041,-42.6928441282273,-40.4845804194084,-41.1834225545144,-44.8423523935939,-42.2105681523089,-43.0794106266365,-45.3389452319206,-42.5334221097365,-44.8710511181427,-48.5960713624042
-50.9254030149667,-51.3875044209879,-51.7545522169074,-51.2402949592008,-49.4321510359173,-48.2240706730409,-49.2909791313714,-47.5767908513515,-46.7255095114232,-45.4656092034396,-44.9351360851733,-42.272647654992,-41.5070454575019,-39.8693939994416,-40.9395756084896,-41.3781833213432,-42.5299709004317,-40.9691631809586,-41.4555368477161,-42.0857677620151,-42.5982266828018,-44.5940484928847,-43.9138881565396,-42.9185142319145,-44.0291909199111,-44.1480408616618,-44.4609399405649,-47.1992330230394,-43.7330734559881,-43.7817666077737,-46.2528457056673,-45.2781039563555,-52.2433954965714,-52.6139516307765,-62.392414850501,-61.7087677614684,-49.5309049164375,-54.0906075145824,-47.3006536258393,-45.8677386525193,-43.5041067243374,-42.281749173175,-43.0791736461567,-43.8910219065291,-42.8562507297715,-40.8907925398834,-41.7334800679266,-43.1889872775936,-42.6721117914004,-44.1876415152146,-44.2376443453958,-43.4453631854604,-47.3495330265687,-49.8499804995339
-54.0341783824949,-54.2038967490107,-52.7143115060448,-50.4827999371123,-48.176912455769,-46.9904042552555,-47.4767493415871,-46.0040423608644,-44.4036850011819,-43.2567348320892,-43.1091464285944,-40.8572412216012,-41.5643629538288,-40.3561410808205,-41.9755163860079,-42.1493570990696,-44.034721879968,-42.6513393815042,-44.7134484399736,-44.8455180195835,-46.7325213318979,-47.6781945841455,-44.7344129678484,-43.8656362609353,-45.1083646989316,-45.9730007902224,-48.9645524185768,-49.7167927636029,-45.1970052286513,-46.934383353008,-49.4532240276909,-47.0144586162132,-51.5607326998411,-47.2762705326398,-56.1857442575044,-55.5929041344906,-49.1106416209718,-49.6990691157964,-48.1021988848711,-46.5517394078524,-45.0725092893336,-42.3788788776782,-43.3225074840408,-45.6781397778436,-43.4246916218127,-42.6819080526431,-43.0189170385594,-41.8997141947074,-43.8631141655307,-45.1125837539998,-43.834646709201,-46.5497886340318,-50.664800189157,-50.9450194948245
-60.0483250687535,-59.9832838098448,-54.7571053595924,-50.9379598687586,-47.8684829306715,-47.1230975491031,-46.8710302541207,-45.4763451083418,-42.9760231727821,-41.8856817669891,-41.7443898264672,-40.1639592758368,-41.7001314968072,-41.5345578340638,-42.6602197626001,-42.956934017414,-44.6510909572401,-46.1274437491558,-50.6437014269112,-50.4708560835544,-54.1915862956757,-49.9971511714114,-45.9826133564625,-45.8040459037412,-46.9088154351177,-49.1278521353701,-56.3359361080516,-51.69537733999,-49.216801175093,-53.1166014506314,-53.5360612858117,-49.9195071992046,-48.5790225369696,-44.7509734401025,-51.612724235883,-49.0004498613319,-49.1275662568,-46.7788375448699,-47.6504200668412,-46.9219665926178,-47.5193881284314,-44.1768828291751,-44.8695332748441,-47.4407822606346,-44.6579291285025,-45.6269347667944,-44.7499744328034,-41.5841223151137,-45.2243517416508,-45.0186581321895,-44.3969299330855,-50.9875541613567,-49.1875297253775,-53.6148187416043
-63.4101967078525,-63.0183514954178,-54.8606967050704,-50.4381075895229,-47.9137262353303,-48.2039660932741,-47.1184319454579,-45.9764768007078,-42.752751227505,-41.5996818692156,-41.0993363710274,-40.3151856142632,-41.7449125841499,-42.8321370499479,-42.2860128526426,-43.2062979990041,-44.4153742632504,-52.0516625476211,-54.207746878167,-68.801633080598,-71.8462708436783,-51.4324998421347,-47.8354880287323,-49.111576832881,-49.6201572367803,-54.5444916611488,-58.2832234495242,-54.2831178471735,-56.1814729114319,-58.0259891148522,-51.4158185873757,-53.4940578217731,-46.4125516319478,-44.6367810584543,-47.7720845420132,-45.595919769161,-48.1707119048068,-45.3108734472034,-46.4445631208424,-47.1930785112771,-50.122505176859,-48.2889775405962,-48.5926819479118,-49.5451873593821,-46.6396614703919,-48.583567969723,-47.0151967640362,-42.5648936954885,-46.0805035803055,-44.6260773988306,-45.8761025481002,-49.3682107478644,-46.7235166280536,-64.0166039646018
-53.9548756412584,-53.8122459656081,-51.1522241379268,-48.628659642358,-48.5766792663218,-50.1280074925997,-48.1034903360114,-47.5527207980876,-44.0062558120588,-42.5486301822983,-41.2418112723104,-41.3150429799573,-41.6955336007238,-43.2209375472264,-41.4618708350585,-42.6314401134145,-44.0915359720165,-50.5372868215036,-49.6635864790377,-53.5270875701373,-61.9104277611601,-50.2867552508465,-49.8180362575924,-53.5758451284196,-51.3285495470394,-53.5269809850467,-55.5370365221579,-59.4313082824719,-52.0963871122815,-52.9070853394088,-47.9443210381837,-52.7476097513975,-45.5801866729178,-46.4486708044102,-44.9541214488738,-44.0246475951155,-46.7190381886127,-44.7392253331072,-45.672567162176,-47.4052059704401,-51.7330380701036,-54.9828449966796,-53.7037035723309,-53.294634498229,-49.1665153738715,-50.1985420914318,-48.9444287544574,-45.0135982552103,-45.6907808328952,-44.4877803546096,-47.4267062229192,-46.1641626773336,-46.2155217962422,-54.820105624664
-49.2865944020889,-49.2281684391317,-48.1390874814151,-47.4217183402749,-50.1309097618781,-52.1703500634805,-49.9443950149872,-50.5599637586103,-47.2552754448587,-44.7849925210718,-42.1329505788265,-42.9535683862727,-41.6412107020998,-42.3339263630194,-40.8596174813393,-41.70855602418,-43.7364452880803,-45.1121403397432,-47.0079111196985,-48.2348636931913,-51.7979825138986,-47.314711435103,-51.7970293362338,-54.7597599412159,-50.2204573121336,-49.804075294414,-57.0006144861462,-61.7673152329326,-49.6858843494315,-51.1286525127198,-47.048681161585,-48.892865069424,-45.924201684683,-49.4382967198323,-43.4979465994156,-43.801401769045,-45.4758623520743,-44.9301029109287,-45.5359402189142,-47.2805128080117,-51.8697402380113,-54.6265846660353,-51.5592418191041,-65.1071335631074,-50.8777353827504,-51.3667645162731,-47.4376322513707,-48.5691340189463,-44.6659355533125,-44.5770280498721,-47.2400945602422,-44.6776079165846,-46.9088328345162,-47.120418714103
-46.8615828199309,-46.8930742858022,-46.6778136084757,-47.4215613241571,-51.2542919089977,-51.3334245910836,-52.4945430842888,-56.3278426468341,-53.0060361105667,-47.4895735872336,-43.425831126966,-44.5547848507553,-41.5786765305932,-40.9764964062498,-40.5455207333446,-40.9069217628887,-42.6769208444164,-42.0696439413371,-45.0618229138854,-45.3117315532835,-46.0091880217228,-45.6287139645604,-53.806872308179,-51.9858364404207,-49.4133750322447,-49.7416838569222,-66.0679535491669,-56.0710913817176,-51.862304510524,-52.3389041702123,-49.0347204724164,-46.6355589870847,-46.8666415210043,-50.7119396022978,-43.4911699802139,-44.6399826652186,-44.4250627526544,-45.8275809061961,-45.6791079039895,-46.9439887598919,-50.6063459090344,-52.4442189062397,-49.1498421690101,-57.2371714756223,-50.2587301732222,-52.7090897061786,-45.1831004036275,-50.7664207814062,-44.3398874052147,-44.992352338253,-45.7208552994745,-44.3423640201168,-47.0563760431384,-43.7904946826982
-45.9711714284571,-46.1065213382049,-46.5700886759718,-48.2762409504759,-49.7663571620867,-48.6162529021501,-53.0386785321179,-61.2974695137295,-51.937156134651,-47.5212325120581,-44.1279331508453,-45.0414448778638,-41.3603733560786,-39.8116301008885,-40.3634221921576,-40.3191312688623,-40.8949084775243,-40.5035083903659,-42.943151986032,-43.0616302056514,-42.8778139881037,-45.6559406839367,-50.6823463950908,-49.7930961720341,-50.0790909054594,-53.319281802488,-61.648420298364,-54.7541178810969,-60.0639296177821,-58.4055446369107,-55.3945012722615,-46.3263896061562,-47.3413175854225,-48.4641875535115,-44.77112550838,-46.1440744652152,-43.7628142602013,-47.1486263433812,-45.901666019154,-47.0020028795852,-48.7086617429128,-52.6810370065025,-49.2178188077127,-50.0431258172619,-49.357431225725,-53.6426393011347,-44.8028117370664,-50.2291482945621,-45.2529661461934,-46.0017895008518,-44.5672455005086,-44.7878553635358,-46.1829967240028,-42.7734410745698
-46.4504919019183,-46.7063723158933,-47.6420830660771,-49.1923865381725,-47.7172569794711,-46.8624115419736,-50.2204315921658,-52.6665568458416,-47.2118270050892,-45.4266283321193,-43.5979634757019,-44.0827265538973,-40.8773970815397,-39.0475138861033,-40.1569293548964,-39.8410210046965,-39.246013155917,-39.8519709517759,-40.9823618336508,-41.4079295708801,-41.6174019020916,-46.1085672870781,-45.9607454048042,-48.5932987207938,-50.9640954501506,-52.9814044081183,-54.6176461551616,-58.1264638243749,-53.1773817918873,-59.4142868798205,-53.6084351375956,-47.6631590534318,-47.0827536114288,-45.6562454528353,-46.5470051817325,-47.5372569680304,-44.000378024674,-48.4346407077671,-46.5712353480681,-47.9583332746087,-47.4094036640171,-52.6895773124011,-51.0057715594869,-47.6439264647911,-50.0114017128156,-53.4670996397774,-46.8961334175115,-49.2126959236124,-46.9609929535264,-47.6314032459709,-44.3044015061317,-45.8584071428682,-45.4028417498596,-43.5088889610292
-48.4017430199596,-48.8094647122601,-49.79037847645,-49.8091846127475,-46.7403485614009,-46.4935881773968,-47.7450683341657,-48.0229557610526,-44.7983255035313,-43.8520837835117,-42.7056590707217,-42.3752740911181,-40.2425261917291,-38.7131220493876,-39.770165855281,-39.3815499294518,-38.2995810666127,-39.67468536431,-39.6958549062092,-40.5630489364287,-41.7673197247089,-44.6781726286096,-43.2830517105152,-48.0066435533401,-49.9422681582021,-47.6157945845515,-52.3108714019192,-55.7828011478697,-48.3638894051833,-49.5615004136049,-47.2762758919669,-48.8970147569023,-46.9046788476825,-43.8585722754303,-47.4887016122949,-47.9599212813243,-45.595364606887,-49.4542657799771,-48.2959163951466,-50.1032232514598,-47.488237590338,-51.8627760875015,-54.1177812016754,-47.9986487842002,-52.9665220424779,-51.729221760153,-52.5697613420788,-48.5889083586951,-48.0536037647014,-49.6183961596882,-44.9108484455908,-47.1823689522876,-44.8182044386597,-45.5419081537514
-52.2431493431631,-52.9323057029937,-53.0381705274759,-50.6771713887077,-46.9523728585658,-47.338775261652,-46.525645731383,-45.4451301328836,-43.7531079688216,-43.0755050244182,-42.1652222342194,-40.6673708449044,-39.6783930338909,-38.794780507206,-39.1695028320623,-38.9799977328598,-38.2233343031698,-39.6528092080447,-39.3687829508091,-40.6650268532036,-42.8270114885227,-42.6464162302872,-42.5136807153095,-47.1621729065463,-48.1269215240958,-45.1735558133675,-51.0317170627882,-48.5175997398022,-47.0657580973599,-45.5907503333101,-44.7015538799577,-47.6547831288219,-47.1017575330014,-43.6099671307993,-47.8267235235829,-47.5518087487428,-48.8636155029195,-49.8545528428214,-51.594488923872,-53.5972359263955,-49.577853209048,-52.3018831347626,-60.1353704594796,-51.1853479979705,-57.4555346855108,-50.0961077550363,-62.4011003398483,-49.3347857670439,-48.7218045646323,-52.0993449106058,-46.1783507811577,-48.1198442376073,-44.1488891987372,-47.8188911023299
-58.8421055740666,-61.0690472813115,-57.8961905352074,-52.0823346859843,-48.1263409490559,-49.0113938327108,-46.2795800448317,-44.1166936996106,-43.4747174963166,-42.7797166787393,-41.9071772913914,-39.4052212267115,-39.3298555388994,-39.2229245386721,-38.5914536330626,-38.7894512595845,-39.0419949806579,-39.8202730001486,-40.1981548125456,-41.8248546074108,-44.0759870183686,-41.9296602037718,-43.3959781375926,-45.6013089057461,-46.7305230637707,-44.9327193018558,-48.5597480198517,-44.9522216595888,-47.4456344826874,-44.2931759822493,-44.2931306497944,-46.3368967210208,-47.4849278475856,-45.3326209086078,-48.2606719325431,-47.1815204955118,-53.6823111627535,-49.1142922697893,-56.5395513442257,-57.7214313902466,-54.6093279708276,-55.0447931606159,-61.9797532691988,-58.6805720039965,-55.9926862378294,-50.3099587502975,-58.0179110652793,-53.3892991953273,-51.1296538140794,-54.9157183113309,-47.6826986172087,-48.6143810432568,-43.8608226143279,-48.8378228763713
-62.7845429921964,-70.6881833521566,-66.1899871712879,-53.1416066340696,-49.6863616351242,-50.7111982764974,-46.4506658722395,-43.7061000835488,-43.6430605889731,-42.6702897275565,-41.6408368595438,-38.7832380124198,-39.2469690892317,-39.7730726713694,-38.3653773015431,-38.9659648193153,-40.6883668809092,-40.518815598916,-42.3943779169992,-44.2634883555507,-45.2661510877646,-43.0541481492054,-45.6926145446881,-44.1839237099563,-45.567841367284,-46.0928303221988,-45.7636249452569,-43.8269367351042,-48.1029655890252,-45.0919418463453,-45.5953623202599,-46.7182679933594,-48.3323594704929,-49.842649514725,-48.1710743904199,-47.5430304062693,-57.4914158121669,-48.1029984245481,-59.6017853877582,-58.3975232704314,-55.8422654855928,-60.4574126739271,-53.5768868402194,-61.9227485755412,-53.4743194880422,-53.5461486998795,-59.6020045154636,-70.0296499558054,-56.4780974125917,-52.8669412155204,-48.9550124405271,-48.671516637045,-44.690756196593,-48.0470938753493
-59.5027585691684,-60.8714932214677,-63.306187565101,-52.653305308633,-50.6055107438131,-51.5055943308915,-46.5201877637682,-44.0129119812477,-44.1118262211627,-42.6626343527748,-41.3878752898269,-38.867933164881,-39.4610551870861,-40.0961419088991,-38.6879437603377,-39.554880887269,-42.6147657557648,-42.074586297103,-45.775846828052,-48.5226629581741,-47.5243465947952,-46.2380038426863,-48.93684604767,-43.7053209438871,-44.5180969314488,-47.5244706163148,-43.9450478296415,-44.6333977299286,-48.2090497556553,-48.0808102757701,-48.6236406401856,-48.9259863329323,-50.6352959873862,-57.9391987265333,-47.9743000524331,-49.1136581994684,-55.6623462573467,-48.060197639922,-56.9032953383908,-56.0641258651517,-50.7272332857983,-62.1849766605394,-50.2723550970677,-57.6359692515937,-52.3687602606022,-58.1091090492844,-56.9383646102414,-52.7456671217551,-54.7241729235691,-48.8405575743794,-50.1318736284636,-47.601438957164,-47.1839117894369,-46.1744578710722
-58.539095016187,-58.0960145267941,-56.9789217869296,-51.1304670667801,-50.7848056877096,-51.2963385225541,-46.6094753792777,-44.9224190910081,-44.8855137240296,-42.9302530800662,-41.4442196919789,-39.6985761107004,-40.0295009694458,-40.1179732045871,-39.5875915308313,-40.4160044595322,-43.1127464543349,-44.3957011660605,-47.1061444199958,-54.0716453447455,-53.8532114558814,-49.5977208806272,-51.910068913457,-44.2373761893972,-43.823575547965,-47.6003111138673,-43.3437474365705,-46.7744886637628,-48.1727510426513,-53.5813397333254,-53.3110180744024,-51.7424636772674,-56.0065899307105,-56.1648778122019,-49.4676849352889,-52.37458769062,-51.5400959195572,-49.60132692602,-53.0581960911957,-53.8519480736767,-48.7646054083496,-54.6460941977646,-49.7617774270581,-54.2576527187879,-50.7690906719283,-52.3960815356098,-50.5311730198841,-48.1376055687555,-50.8204970401207,-46.6259630214648,-51.69505908076,-46.2142151476829,-51.7231530113788,-45.0032780779428
-57.468911055193,-56.1504242106699,-53.316317098455,-49.6498456138887,-51.4206715651468,-50.5984521896448,-47.3825464161445,-46.5101639467033,-46.1298720227729,-43.7610722705529,-42.0192106109101,-41.3410344784359,-41.0060218602902,-40.2215175499449,-40.9474740801719,-41.2611662127988,-41.7890074623045,-45.8235663369131,-44.7925445674989,-50.4787256440447,-55.9689382874215,-47.5319334235562,-50.1647064564319,-44.9926537759582,-43.5955397280663,-45.8246092588084,-43.8649745620679,-47.7103593333084,-48.4978287819657,-56.9504779964509,-55.8117155645812,-52.5131128910503,-59.5787958298489,-55.1095487281004,-54.8841015048506,-58.0758738406299,-49.0018414678459,-53.2613407601489,-50.2024275108903,-51.9712227734279,-49.4163404299359,-49.2476582237341,-50.9058508402771,-49.6439496386037,-48.7690271370889,-48.6797496158426,-47.6163412749896,-46.8260149192303,-49.2612962525448,-46.0308202483507,-52.2358995079453,-46.0789095998475,-56.1359660044593,-45.9281244674551
-54.7451594041806,-53.8353160903302,-50.8984824479917,-48.969294903514,-53.0591205002011,-50.0348848013543,-49.5341267879479,-49.2213947502705,-48.1471853632711,-45.3758837073258,-43.1262879327208,-43.8835583621903,-42.3573452030055,-40.7876242186727,-42.4598034725995,-41.8987199868505,-40.5387374137082,-44.394614401467,-42.9505464077379,-45.8186826502365,-46.1968492930564,-45.100443905831,-45.3842180731575,-44.6848056325732,-43.610856013409,-43.4978188624886,-45.2624958781996,-46.0405819070473,-49.4538060611336,-54.187657942102,-54.1719058414619,-52.3740306824978,-54.0173120878125,-57.6458432042203,-59.8347515918944,-67.38723478895,-48.9448666294671,-60.4675740533598,-49.0317885659684,-50.5562969633109,-52.1866094355927,-46.2833578007227,-51.2258891530813,-46.6123402620203,-47.5288030170202,-46.9045117855054,-46.4550409826474,-46.5416089384265,-47.4723818589297,-46.6098850325491,-49.5840270551836,-48.1366202134641,-54.4243926362166,-50.9824717806263
-52.1503155300806,-51.7025481077322,-49.5650631027558,-49.7152805386227,-54.0644744489896,-50.2485673127309,-53.9135048655264,-54.3286497347169,-51.2756328787328,-47.7204148693624,-44.6455555750807,-47.2960106622212,-43.8729886212911,-41.8432149829701,-43.5760486135583,-42.3775732563315,-40.2783591208507,-42.2329203621627,-42.2748435550404,-43.0721409775341,-42.136080182132,-44.0728960576299,-41.993036095056,-43.5714933796334,-43.5299954458649,-41.8197188798373,-46.6177811598309,-44.6325336263151,-50.5764095380767,-52.3614579903588,-53.9653116989588,-51.6760191739416,-52.6245538565823,-55.5548182657636,-52.7035062360497,-74.6261396837384,-52.3183582830929,-63.6637562123167,-49.8685161909441,-49.9753838983525,-53.761498742195,-45.5097669639866,-49.3023239354241,-45.5279436352384,-47.1215249168742,-45.4857313940037,-45.6513271106383,-45.8539502536361,-45.1140372685342,-47.9614331443368,-46.6944189545607,-52.1849849624444,-52.073902233073,-63.5217107244049
-50.39270644765,-50.2799822281683,-49.5951985207508,-52.5852672517,-52.9311179965478,-51.8175502996772,-62.0850602914202,-69.6671749939015,-55.377567743785,-49.8866982121189,-46.2401527308966,-50.8809960162048,-45.1997023751313,-43.0728351013911,-43.918307514929,-42.7620093123988,-41.1644097178697,-40.9085255006193,-42.4164180650357,-41.6160112198523,-40.4194334855677,-43.5435840314157,-40.2925665159814,-42.5675874716619,-43.2143784041829,-41.2220232755944,-45.9953900120152,-44.4476415476752,-49.0167054084856,-51.3358008876109,-55.9552150576681,-49.6562677380349,-55.1500673120804,-53.0859673111152,-51.866435666676,-69.5974084296796,-65.1977901766345,-56.9068083196116,-53.3652256137772,-50.5497838047139,-50.8864612589307,-46.9957954173962,-47.4566817213962,-45.8948150237893,-46.9589485248351,-44.230339173665,-44.9357648685388,-45.1620176423964,-43.7271849244925,-49.2941557915169,-45.1897485260753,-50.1760951552552,-50.7669972130783,-48.1293803896187
-49.2214102710603,-49.7419616725982,-51.5227120102646,-57.7643452508995,-52.5861975260002,-55.3641576784116,-64.2124954403523,-59.5520922519337,-57.2468468470634,-50.0855391382923,-47.0820445004858,-52.705571302196,-46.1486357534672,-44.252064211852,-43.8408442279895,-43.0961393510662,-43.1872568768149,-40.7723418222511,-43.0571276909834,-41.2517817434325,-40.2766076171931,-42.7895349978731,-40.035324854402,-41.7463981526157,-42.6991916965222,-41.6676149764794,-43.838630045676,-45.372727191415,-45.7633290239679,-51.0495951580144,-58.8435696272701,-48.3816446393957,-63.8876285086692,-54.8004670479507,-56.9770280926816,-63.4279241117661,-56.4269131637094,-54.4611265196471,-60.3416577096299,-52.3055618287665,-48.6521780732471,-50.6918749882559,-46.5578116969139,-46.7001588232891,-46.726040628488,-43.9293599656412,-45.020025619796,-45.3249048683736,-43.8960785010248,-48.6810478274701,-45.1733255746681,-46.2998388297415,-50.298357299587,-44.4528651782797
-48.2543110380136,-49.9688909044635,-55.8331725397586,-57.0092037744137,-55.491440692023,-60.5279742681253,-61.1138664813911,-54.2187050837233,-54.4868335963483,-48.6422911413335,-46.7826060164512,-51.7359920676171,-46.8718770902777,-45.7169031213042,-43.9290769730653,-43.69542749994,-46.2435896714063,-42.0990791577447,-44.0705482799957,-42.0197209848449,-41.4680406031731,-41.9771884333208,-40.9602377886619,-41.0534377821626,-42.0712418765494,-42.725154533392,-42.1067471948595,-46.7291274003096,-43.7467310392758,-50.7016698333313,-58.9987858219207,-49.1439297025192,-60.8582828869499,-66.5820071060354,-61.124058478451,-61.3551950116735,-52.2582072288933,-55.574893455118,-56.7225459871514,-53.7775761957565,-48.1297417200916,-51.6700594351333,-46.6021803634431,-47.0613928234744,-46.8080677246701,-45.2300145780485,-46.2011891063907,-46.1055274900848,-45.5252103573936,-46.4314646461341,-46.5228508033488,-44.8007901920733,-49.6103360786319,-44.1722318423505
-47.2861782958545,-50.2033022798939,-55.2074045197646,-54.0049298433255,-63.7034932845306,-59.8442930842938,-58.4347201406727,-52.2893683089341,-50.9497736019304,-47.1464313347354,-46.4795199938273,-49.1953493828124,-47.5205049374371,-47.8393671086776,-44.5063524088053,-45.1480476174931,-49.8372296405612,-45.5246533661668,-45.5868784842854,-44.0765443685988,-43.9087659199576,-41.6119019990632,-42.6788266597317,-40.8030975156311,-41.5391935786105,-43.5849660430339,-41.4548831755133,-46.3828852134191,-43.4178699276652,-48.5403911866371,-57.2808433764733,-51.8650815160718,-56.371321839014,-58.5439742498148,-52.9297399273534,-63.1707483153511,-53.9683260042042,-64.4133280582902,-52.3346017433817,-52.3565776879841,-49.2098419083659,-48.6431420728199,-47.712024109937,-47.7972078651258,-47.5979842916772,-48.5484914173458,-47.5831031442273,-46.6897340442767,-47.8453684778829,-44.856968651163,-48.7349521317582,-45.0351677716842,-47.5622969913613,-46.396641366111
-46.3481822942955,-49.2358020098447,-50.1983466945536,-53.4545637738544,-54.0235889122317,-57.3388540971301,-53.617051836156,-51.0291330889512,-48.1020066051507,-46.3364785079202,-47.290220948213,-46.7566612309346,-47.9471826015309,-49.5309088629165,-45.8666397981992,-48.0683570075763,-52.3420110218597,-53.3777912308278,-48.0249167868772,-47.4177605103986,-47.4224883717583,-41.9427219274576,-44.506295087959,-41.3323535207085,-41.3607250066138,-43.7019413010431,-41.8972018829359,-44.0210122019628,-44.3521475939172,-45.9148236008512,-54.3506813467943,-52.0955492444226,-57.4926162106665,-52.7052582425847,-52.4081926865821,-66.7653432744511,-62.0284375687106,-58.0281691601704,-50.8572263374196,-50.1752030217319,-51.7896559878087,-47.3808661573696,-50.1034710330849,-50.1565386038173,-49.1885637692977,-53.2078223168781,-48.0914272407019,-47.7272843583529,-49.4975358235285,-44.7694845501415,-50.1237957357393,-46.3429714186421,-45.5257414238862,-51.2667459408694
-45.5703459509505,-47.4462608015095,-47.6375138195229,-52.5944238464892,-48.9794702311041,-55.6068755054543,-50.0654352106237,-49.7700746083208,-46.3565644261117,-46.5323935494858,-49.5550422622903,-45.214831919147,-47.8811528211465,-48.7106718241016,-48.7116366540155,-52.1680125255938,-52.9333533662063,-62.4801140527317,-51.9790448422027,-50.233017896337,-51.1412267027603,-42.9454881842066,-45.6226598099081,-42.5720985131637,-41.6723046662024,-43.1767302389476,-43.0862505161924,-42.0238504750417,-44.9956222166874,-44.3415462974899,-50.4635650559992,-49.0438583979633,-62.4502197954497,-52.101381960235,-59.4645333784083,-61.328270041659,-54.2743391679254,-50.2824581292942,-51.0920958249527,-49.0335676497125,-53.5294635990832,-47.5226572974238,-53.0865755266672,-52.5960445092197,-52.1118346946875,-54.3728825113063,-49.25316441127,-51.5757329545605,-50.630091342757,-46.1472486931783,-49.3923902557845,-48.4016516259239,-44.848720955056,-59.5558745984544
-45.0715279143496,-46.0945193247471,-47.0047361300199,-49.8421230002784,-47.3292370474793,-52.7479369970135,-48.3328519248394,-48.9582225090811,-45.8373402551805,-47.8487389864103,-51.3934732441202,-44.7091475854678,-47.4016802800284,-47.1732564691263,-54.3688982929144,-52.4192650793716,-53.9749828415577,-52.3467355512633,-54.9631639507637,-49.8619657212625,-52.8590646312874,-44.3464830100024,-45.7695556702192,-43.7671872950782,-42.4748751914556,-42.3111823968149,-44.1081351385736,-41.2825234082994,-44.0880695525104,-43.7817765797237,-47.1111334213627,-47.5769753044248,-55.5446915296834,-54.5692051810817,-55.3818630103588,-56.4029211379671,-49.6631186530588,-47.5631525904646,-52.3196970565645,-49.0219495044791,-50.6718875650528,-47.6606199730648,-53.4743158252898,-49.9658810337591,-60.3235973811513,-54.1878784659526,-53.1964693505672,-56.8129423106698,-51.6844627632413,-48.0817758148364,-47.7354835715255,-51.2255579503052,-46.005077335628,-58.1610447963657
-44.944751160915,-45.7100444086157,-47.7333071948267,-47.7802004392782,-48.056172751227,-50.0749237734533,-48.2111822498809,-48.9413606904143,-46.5241351742437,-49.8441838598916,-49.2489840550621,-45.2092090163545,-46.9552429174127,-46.6588872045513,-53.9235898979099,-50.3393471901869,-57.4185150100875,-51.5513710053766,-51.8714888661125,-49.5269077898219,-51.9651917026117,-45.7079378528051,-45.5536445697238,-44.1880875877581,-43.7318517446016,-41.6598686717115,-44.1365012195479,-41.8690054970244,-43.1611084529024,-43.5877596218157,-44.7004607010671,-47.9352869655901,-50.0485714725844,-58.1316603580434,-48.5128477899337,-53.0074842683278,-48.8469280206374,-47.7290296452933,-53.0604446137904,-49.970033112752,-47.7618916224365,-47.8334472440954,-51.4679944225908,-47.3885903017887,-57.8153478203556,-54.6123229763165,-54.1299662549299,-48.0007395902469,-51.2861226769154,-48.760173297867,-46.094269136758,-51.109118841811,-49.3696157974571,-51.7338188834558
-45.2578916874553,-46.3594605580357,-49.1031083793482,-47.5584779741986,-51.3712328238876,-49.0246219567251,-49.6127072959424,-49.6566004537128,-48.2394240670161,-50.6006136091782,-46.466504843083,-46.7144016423288,-46.9207205906056,-47.5147449733056,-48.3238508551337,-50.2079279766267,-57.8474437752234,-55.5288961713114,-49.936704026099,-51.230797997932,-50.6418354266801,-46.9289142706909,-45.7537092180332,-44.4926302789248,-45.3008026985372,-41.8387048989825,-43.6409034128346,-43.6301173577143,-43.278351499942,-43.3820486689718,-43.1774237416836,-49.3395682825311,-47.3147714639788,-57.0222810219481,-46.8298475737485,-50.7662862497166,-50.2392025414826,-50.9446855311625,-52.0958979228914,-51.6553599884271,-46.538668981019,-49.4246699466741,-48.8779318721054,-46.6971573405647,-48.237147913264,-52.2751807753832,-48.3670406306726,-43.8366243416678,-49.4160787665011,-48.524987707632,-45.0071326592849,-46.95578854234,-54.1802060375474,-48.6079915176563
-46.032477903329,-47.8251340764992,-49.952060385367,-49.6279132199932,-59.0010877651957,-50.2698906774979,-52.4820788535048,-50.8459246587688,-50.3979280390339,-49.0645137715547,-44.7142414068577,-49.0590320818109,-47.3683605647319,-49.8760087330332,-46.1432540515736,-52.229432973199,-52.5779137711734,-74.9757348533693,-51.0260701515771,-55.1735338611756,-50.2486154565324,-48.5227789899311,-46.4629833619611,-45.56722012337,-46.4314680367768,-43.246988586336,-43.3500893065772,-46.026464076681,-44.2816270299275,-43.6662208515452,-42.5598553061412,-50.2863942231954,-46.287424397924,-52.6289005961152,-47.9605126953481,-50.0989995028722,-51.8253670697427,-60.1113811608232,-51.3452177515492,-53.2799095547682,-47.1143701672074,-51.2352373655108,-46.2838975424485,-47.0734586571641,-44.118242510193,-48.789111643341,-45.2726592422071,-42.490559790364,-46.7108301185008,-47.6464902825224,-44.8720785734914,-44.1830048744953,-52.2587950910762,-48.1547332282027
-47.2106476790685,-49.3115311928838,-49.8226276452386,-55.4228119660467,-59.1864335039531,-54.9003752630007,-55.2750521356581,-51.9051491771839,-51.6611465070804,-47.006833523425,-43.9146979924065,-50.3114005053965,-47.9801830693814,-52.3288552171412,-46.5696583160455,-55.3146134352075,-50.1847944592959,-58.3519893285595,-56.3945130848303,-56.8799008993882,-50.6410003746179,-51.0863844346168,-46.7175734487463,-47.5215918032775,-46.2423574610693,-46.0648795164999,-43.6190700666459,-47.9379833361669,-45.5741110727129,-45.1742385100932,-43.0476819315783,-49.3200102892861,-46.5372167888234,-48.5038077486683,-48.7544351454067,-51.5872270194449,-51.497679156485,-59.0779552211546,-52.7977649476437,-53.0401870432131,-49.8546637013731,-47.7467832730291,-44.6104841486519,-47.0325410519613,-42.2551949313637,-45.4564603065676,-43.6193448756387,-42.8671136869515,-43.785115814851,-45.1124968135069,-45.6408774278264,-43.3707902542039,-48.2018691268017,-49.5140461097706
-48.6143410336266,-49.6279863851797,-49.3931832669166,-58.5189774408133,-53.299237285812,-55.0264006388268,-53.6147866601219,-51.0496758963095,-50.7179258576527,-45.3921896611546,-44.1449029733097,-48.3000683837103,-48.2385778605005,-50.1362973428215,-49.5413669920753,-54.988194170286,-50.5768862041388,-54.0386234280644,-56.8061340860646,-53.838223555139,-50.0307585393718,-54.7532097997663,-46.1369562091204,-49.8300469310538,-45.7543320346918,-50.1046623356433,-44.8596639599517,-48.7389295772276,-47.0688881503608,-48.0216229387334,-45.0846142126886,-47.1450284721186,-47.5829796937863,-45.9337718429279,-46.4355047356905,-54.5511992265679,-50.9037171871274,-53.3779722327059,-57.3596761370416,-51.1000658702587,-53.7129941067349,-44.2691008368068,-44.2515776804019,-45.7784757630608,-41.8505088606734,-42.5140550183229,-42.2998327380159,-44.1213239136226,-41.6630700440095,-42.4997785369213,-46.1406256232132,-44.3216776394999,-45.681521263594,-48.4979741816539
-49.8074122806423,-48.8254228469436,-48.9122097970988,-50.2000135909378,-50.7483491280608,-48.3273713044747,-50.2992746330321,-48.2748273176971,-48.3269382571721,-44.6007801267484,-45.8416170453357,-46.133525627635,-48.1693450266833,-47.1768702612912,-54.2721448324736,-52.2193453149308,-53.0245088121664,-53.2686375444647,-50.1443844777151,-52.0260788110016,-48.01683962601,-56.97082346019,-46.166592988479,-51.7383329516297,-46.4760702725795,-54.3656827799688,-47.8588674907535,-48.910341923983,-49.4127528390754,-49.9372660208032,-49.7063064664973,-45.4207850156259,-48.4022208777474,-45.1445253848958,-45.0158605523796,-51.5272430961998,-50.9967799040012,-51.9270467456574,-53.3908983749491,-49.053939324376,-49.8307493239673,-42.9394382589638,-44.7915744441307,-44.1118056058875,-42.4680519920741,-40.5415245939629,-41.3223878852074,-45.0298332949465,-40.8080894445797,-41.0994202910872,-44.8648625548487,-46.6720191848417,-44.6894849412518,-45.3992918729637
-49.8165859828611,-47.5722572928742,-48.041649217148,-46.031035954522,-48.836474759696,-44.9560431053344,-47.708540812736,-45.9034092796529,-46.1836268462971,-45.0385297271315,-49.9250292398219,-45.5054170321187,-48.4681369985288,-46.1917947252716,-53.2483823615022,-50.2441788377573,-53.5462411655812,-53.8755115620405,-47.6654544264116,-51.4073312584101,-46.5852387339078,-53.4131212052412,-48.1600268542852,-52.370245630417,-49.3474587766004,-57.3972752280496,-54.7417866224369,-49.1822686797763,-52.3059261852846,-49.4019109694368,-58.4645456301365,-45.1476502147344,-48.4629257954686,-46.0375956566734,-46.009069027643,-47.3282850522702,-51.3401688961815,-50.583068534905,-47.5915424819408,-47.3312359529659,-45.5294250280241,-43.5296758137384,-44.8531698271461,-42.8859800576432,-43.7126963347179,-39.9233160184691,-41.1972148306504,-44.4499864391249,-41.1680189185831,-41.0656063966049,-43.0180255110399,-48.1985447470454,-45.4964080900034,-44.1526696579176
-48.0242136560514,-46.0089416407943,-46.5628684211711,-43.8189567541787,-46.5631174241413,-43.7673410721269,-45.9188235206123,-44.8292635555875,-45.1403013322426,-47.2621378215005,-55.6219799192752,-46.8300091485685,-49.8855709317364,-47.5029068782733,-50.9934750710331,-49.462348556404,-51.3398797658935,-54.2479870640597,-47.6965135706563,-50.9880241934686,-46.6387171869678,-49.2566728224477,-53.1194874738195,-51.7969494933849,-54.4652031933574,-57.336307200632,-69.929261787653,-50.5156991219748,-53.3108238956798,-50.1497662726852,-53.6133037144314,-47.1131035386877,-48.9730034678493,-48.3268388178799,-49.4335479975043,-45.4132909031872,-51.2226394309417,-48.1913189777369,-44.7217011951848,-45.9908703306544,-43.5070653917996,-45.8747365457499,-44.1092622680072,-42.6713303873713,-45.1946400209364,-40.8754724504927,-42.0055585063569,-42.6812602988894,-42.2163800385941,-42.1920607893518,-41.9529733491267,-46.2064687230465,-47.8817654616039,-45.4732772436593
-45.4808755914866,-44.3607470189058,-44.755107320985,-42.9177697750482,-44.4345398933316,-44.2060524020916,-44.9642156668654,-45.1756225756675,-45.5278841986787,-52.0667901077818,-51.0861982155188,-51.0354982423547,-53.3691946299954,-51.9759851737858,-51.0786595303724,-50.0729871651052,-50.6603597614829,-52.708536955763,-49.4832517525871,-50.1115023382923,-48.3839604675365,-46.6652820771499,-54.1454881728243,-51.9620103540136,-53.3449970939852,-56.9875548635265,-55.9416213612066,-53.6262430182971,-54.2838993569751,-53.9849196561082,-50.7372911919395,-53.5413343012139,-51.2188364931694,-51.8075479052284,-51.012846544626,-45.2224398046746,-48.9807633391383,-45.9960953463531,-43.6969597806971,-45.1933772884858,-43.2480803288115,-49.7385887212885,-44.2635119167012,-44.0685212997065,-46.6629921962038,-43.6660530958858,-42.9358214650838,-41.0388703320663,-43.0115778803005,-43.9338473647625,-41.9111052044662,-43.7140462657982,-47.2436601054077,-49.2473500548471
-43.2494363917945,-43.0106048961995,-43.126308588606,-43.132304408134,-43.132347525825,-45.919339348976,-45.0138912785844,-46.902545705641,-47.6410240616087,-54.658827450657,-47.8517212735924,-64.9360554319387,-62.5442741999326,-59.0698035356954,-52.1287619910133,-52.3051158228101,-50.9377860859331,-50.1993591551378,-52.0405226495139,-48.8434577088443,-51.5852535414255,-45.8143028337568,-49.4355761328892,-53.4638363868946,-50.07827165431,-62.6757011315521,-55.6345796614205,-55.8203802369765,-59.5081450907662,-55.4900334889259,-52.3945966463535,-62.9905148882142,-54.1214758356103,-59.309764878542,-47.9456759175282,-45.794158004232,-45.4922545264586,-44.4219529608765,-43.8814658504649,-45.0386159130343,-44.4293308391103,-53.8777708103022,-46.8739470738619,-48.2131918712377,-48.2937767775428,-48.5923725317853,-42.9401037220021,-40.4152864686901,-43.261393043459,-45.0478234174708,-42.7175097423206,-42.3024148139428,-43.5642191584792,-49.0148125782629
-41.6759560628806,-42.1487779886232,-42.0625532859776,-44.126527973111,-43.0076051077418,-47.8234874190018,-46.3579869278408,-49.6854860570242,-51.9475022564698,-50.4030446515486,-47.4352460252687,-56.1074461277055,-61.414849216397,-52.5437151616878,-51.4357315875572,-55.1438149263707,-49.2672649391906,-48.3333259544758,-53.2223848541133,-47.7776454979263,-53.0956765622509,-46.8913939176674,-47.5805354246807,-52.0098737377198,-49.5317092505041,-58.4152799968427,-59.4296251747781,-53.9144659166735,-57.5444963160982,-51.0708418107778,-55.4711653546329,-50.2336298403566,-50.906185759538,-56.2774132483148,-46.0853332190852,-45.7917649232581,-42.9516384105922,-43.3970642359283,-44.723322935971,-45.3152184677725,-46.563340577773,-55.1248375212037,-53.4599565221728,-57.4997371421852,-50.9095540485914,-52.4755018416945,-42.712834074702,-41.1106784469703,-43.2306712682257,-44.2312114883015,-43.7892000956544,-42.0730900753807,-41.5111333956406,-45.1697063418247
-40.803930380559,-41.7290215154094,-41.7489225302639,-44.8401407362825,-44.2757600544528,-47.9299187007858,-49.4843069562421,-52.5937633323922,-57.9461450358428,-48.7391148570569,-48.9639852455558,-49.9653440753007,-52.7791909262242,-49.0384132280771,-49.0149677540855,-54.0984378255691,-46.8509230898651,-47.4397754369137,-51.6837653622878,-47.5718874562264,-50.8395596937379,-50.5243903310717,-47.7184197553801,-48.4341316807195,-51.1328907819411,-49.293565099021,-53.2227952475325,-53.2395442050068,-50.6309250042012,-49.3755217254338,-49.224615377526,-47.2166185306844,-46.9715464148701,-47.1677083672836,-45.4442393183965,-45.1078944761322,-41.9171540852377,-43.0152286386166,-45.6697510419712,-45.4814928262588,-48.5161918689441,-52.3304490241588,-50.0182975381437,-50.8151800152546,-53.7464713024561,-49.6014732343038,-43.3555334622956,-42.8170763453552,-42.4237312531005,-42.2244190550957,-43.9205001141762,-42.7964449605386,-41.4019927228091,-43.4779986524343
-40.6007819466127,-41.6137361527763,-42.1905797848292,-44.2920380221558,-46.8489308012353,-47.0771736655792,-54.1073015854232,-55.454181923102,-60.2564617250076,-49.2510283090328,-51.424739894236,-47.3952157958972,-49.0119428820218,-48.0857697367464,-46.6646654447843,-50.9821208671423,-45.8461835917133,-47.3295295585934,-49.212587212885,-48.8109296884829,-49.2620449506277,-58.3293580671634,-48.8867080944239,-46.9640125905381,-53.5339703454951,-45.4259717923521,-48.1447456346669,-51.8203111859495,-47.4152209054802,-49.4933027773927,-44.7350815875692,-46.8560106873396,-44.704703980859,-43.1211714483039,-45.233980859994,-44.6401186133556,-42.3784908588157,-43.4817998643735,-46.3556923918008,-45.3523783913232,-49.5859786612063,-48.7721399367755,-45.1750596791315,-46.4754139088881,-49.4099429019415,-46.5971073719507,-44.9750666279296,-43.9489854583953,-40.9996172655626,-40.5224250768109,-42.7003825377912,-43.5428919580439,-42.9638026142205,-43.6153783907699
-41.0276683788184,-41.7735073264313,-43.1834482639515,-43.4399243225194,-48.3743995284667,-47.0429000485282,-52.4078703816362,-58.3823184451857,-68.2440764163788,-49.3228495479968,-53.3599176111644,-45.8748389217286,-46.8649309418259,-48.2562111049162,-45.0741374620245,-48.1562718152061,-46.5286309571056,-47.9044713520638,-47.6485269989906,-52.0312908821377,-49.9401872313028,-58.9769062895225,-50.2613259443518,-48.1704249393365,-52.509227002911,-44.1484656900363,-45.5070382034806,-47.3121783908203,-45.4908255738148,-48.5342853178325,-42.7434647153746,-47.0360906364844,-43.5102891704317,-41.518356438133,-45.1276052108353,-44.3882075478307,-44.1691030884483,-44.8879587811881,-46.7491671987391,-45.6049719653175,-50.4126776090405,-46.4226276616696,-44.0315717536798,-45.2646867296,-44.7542483712769,-44.5586639619068,-46.5422231251792,-43.3837929145485,-40.123496808037,-39.8090051117406,-41.3227540921997,-43.0811361658515,-45.5060398922023,-45.1078318816717
-42.0803509004381,-42.407071440762,-44.3254781993255,-43.4116658677942,-46.4305337076775,-47.9181643817713,-48.4098407898157,-53.8083080800836,-58.4184662793542,-46.9996204851906,-54.0008897469483,-44.8951380740075,-45.5485369492963,-48.2542743262667,-44.4875548925324,-45.5387698017407,-48.120642052486,-49.1678331068803,-47.5395353641043,-54.1577570008332,-55.0895441714516,-56.4593967109485,-51.1683499618226,-50.9148626901942,-48.8616250011156,-44.7113907079172,-43.9238482141865,-43.7955349310604,-43.8715593038744,-45.6999084535325,-42.5007281472381,-45.7680854724166,-42.9484805620505,-41.5706517955262,-44.5559430959468,-43.7544942661096,-46.6585596461611,-47.0728153844895,-47.2582720711626,-47.1849717992758,-50.7639099892771,-45.6877772650511,-45.7112332827363,-45.0646625416597,-42.3093920680113,-43.4513472528715,-46.0983822647825,-42.5287151981044,-40.3933339143064,-40.277248895446,-40.7097403108732,-42.1435485449738,-46.9786170178803,-47.8716712356676
-43.8606931559372,-43.9063289638854,-45.4092265179947,-44.5581288385816,-44.6123130571077,-48.3343990116248,-46.3372854072442,-48.7110994897161,-49.32400570359,-44.9142412730686,-50.8980581515458,-44.6023004275897,-44.7446044367028,-46.7976265885636,-44.7446218442068,-43.4325432147907,-47.7656732989959,-49.2135943065694,-47.9854632285413,-49.5721457737411,-61.8137392964617,-58.6497675013972,-50.9665561184147,-48.2336203013961,-45.9490818649833,-46.4596608342622,-42.8847042104193,-42.1002105418296,-42.8126799139652,-43.1562445769468,-43.5286625481252,-43.5282051956508,-42.7934426922367,-42.6155108671723,-43.0667420098335,-42.8427487112043,-48.0733510710473,-49.4726744864049,-48.6103562690684,-51.3625398999806,-50.7799790039204,-47.0242793414929,-50.6250011245213,-44.5400298822601,-41.585448272839,-42.9065685965268,-43.6374930441796,-41.8167934480912,-41.6654388625329,-41.9111874120918,-41.2262821041259,-42.0907740844183,-46.5926368105452,-51.0912091453214
-46.7384090745344,-46.8797020245638,-46.8565561886299,-46.8583114223885,-44.2171725719014,-47.209970740834,-45.6367070098408,-45.7823569548123,-45.0517765005535,-44.2973359844472,-46.5015851737884,-45.0985699671929,-44.2819240941342,-44.3591498766601,-44.8829738435717,-42.1799045462603,-45.0284253253242,-45.7920953929859,-46.3417317479488,-45.8072840269799,-47.8634050570593,-52.2035921635121,-49.9402187789099,-44.5329105333055,-44.2923357285167,-47.9968326778135,-42.6644607138968,-41.954985904665,-42.8339696061379,-41.6714069162858,-44.7395805753177,-41.6513441177141,-42.7854773356982,-43.6887933243305,-41.5997717152117,-42.3173187624483,-47.0750622479219,-50.2361615141441,-50.5938174381079,-60.1933614912086,-52.5913388940022,-52.4038479594331,-53.6371195492628,-43.9425547369788,-42.0968177019604,-42.096848129248,-41.1000441805951,-40.9592592893102,-42.9873199230677,-44.2832060173307,-43.0515459260825,-43.5382292459386,-46.3286438704198,-50.060132874504
-51.8681108085694,-52.6395481025043,-49.2325072422156,-49.8863913187415,-45.0191860882027,-45.848322754275,-45.7953734000061,-44.398625385603,-43.1192701809648,-45.1540456850094,-43.6148284832772,-46.0094869043824,-44.0660504025377,-42.3567383806259,-43.9492986744842,-41.8656265588425,-42.5272816161921,-42.400226838388,-43.4823522213005,-43.6591782634479,-42.9437750339253,-45.892985351037,-48.3416608055857,-43.0054962626938,-43.8230834687489,-48.023609958054,-43.8798188921766,-43.1447887966454,-44.0432291499648,-41.4915108491814,-44.2962891443332,-40.6543748098378,-42.5578201497402,-44.0110762996597,-41.0472942702327,-42.5285958711776,-45.0324965525244,-47.7634441258884,-49.2816094865289,-53.1551365471273,-58.0850603408577,-62.0126109313331,-48.0787257878312,-44.1447726943993,-43.093629769676,-40.9539680496322,-39.5882576045429,-40.380098611759,-43.2411857239786,-45.5809279454374,-45.7765427944859,-46.878671573413,-47.3853813826501,-47.8764142907805
-62.3692622761051,-59.7345114285314,-51.4205333004159,-52.2600274398789,-46.4909715394072,-45.190387894776,-46.4244032411901,-44.231531747724,-42.965884795718,-47.0959332371597,-42.4180985622853,-46.4471118087301,-44.1090728177064,-41.4624803790007,-42.7756218745942,-42.3839025592265,-41.0186552733306,-40.5413497555774,-41.581795850962,-42.5437962050222,-40.7315958367401,-42.3129702122552,-45.5775070932235,-43.0541361957482,-44.305371622446,-46.9303803496356,-47.3153689658145,-45.8230228138023,-45.8892409045001,-43.1405771674064,-42.868125316043,-40.7778905288084,-42.0554056460711,-43.3520774278551,-41.3957732831156,-43.4609816960411,-43.5130567005832,-44.9938584877306,-45.9830267286486,-48.4785268803196,-52.3414136108431,-47.9140239359651,-45.1836951861774,-45.3784666985242,-43.6816867912986,-40.3605907666177,-39.4379305483258,-40.6452340084385,-42.7270663235051,-44.2138920081161,-46.2952051632482,-50.7859509826899,-50.6571530143427,-48.378807405062
-53.8657741236844,-52.6136172426781,-49.9858868066287,-52.1324781682518,-48.1287220352879,-45.2549287297009,-47.2383282732477,-45.2958758702521,-44.6186978335931,-48.984266054265,-42.804709666119,-46.2320212829405,-44.5382393643112,-41.8679824090234,-42.3663853711551,-43.5047428447546,-40.664742390213,-40.2638313833544,-40.9658741021257,-42.0878984154091,-40.230673439052,-40.456092575053,-42.5295009353361,-43.55429411776,-45.2597860550747,-45.3038430064313,-51.5807635095481,-51.5274420126793,-47.3310486933414,-47.9686278947643,-42.1921624381564,-42.1509265405173,-41.6234901378665,-41.8044345954464,-41.81089608886,-44.7481197324044,-43.1887342720608,-43.7249899850865,-44.3797105352349,-47.0878479105902,-46.8569786512825,-43.9074800290366,-44.4621424901689,-47.0908822157131,-43.9033748932086,-40.9419125135172,-40.7244541631615,-41.7274442293859,-42.0702706875177,-42.2584122653581,-44.0270033380313,-48.0163083855598,-52.0393123539103,-50.9075092129699
-48.8231664488665,-49.1349375749107,-47.6312183877102,-49.9859958376081,-49.9032862245361,-45.9573948251142,-48.1416247969348,-48.0355618600661,-48.831551292612,-49.9960257656754,-44.7324274942556,-46.2600279859984,-45.5085721393484,-43.6064334249424,-42.9107474007111,-44.992285035868,-41.7095320517697,-41.5646661768072,-41.4413652210785,-42.1066496464035,-41.050142448053,-39.8601489161915,-40.3867158670595,-43.3029432336527,-45.8429543145709,-43.7393135846478,-47.5714431595746,-56.3049550403512,-47.9417938142705,-50.9613417050789,-42.810780672707,-44.1373065000548,-41.4432265538566,-40.2693342366901,-41.5590868002764,-45.2660145681567,-43.9764939496152,-44.3063154132235,-45.1004899395666,-48.0631673586097,-45.0321142618875,-43.2884714485515,-45.5725257517721,-47.7483266797776,-44.2928189392787,-42.8501569591557,-43.3254060469024,-43.0093061282031,-41.7205132943837,-41.3361316307465,-42.5347006747456,-44.4166376583872,-46.2377460997597,-47.5131186071837
-46.8310024317366,-47.8787780743372,-46.6087722438972,-47.6900028334862,-51.1983734213886,-47.5932538807594,-49.2573374728219,-53.684839285597,-60.2325219787592,-51.7416739127201,-47.7648113126824,-47.0036611381513,-47.0421623624961,-46.5349297222003,-44.2393901972964,-46.8315501048815,-44.6962208858849,-44.5853542153218,-42.7662016307752,-42.5888583026061,-42.8240897415855,-40.2970535797104,-39.4868617717756,-42.4371468465512,-44.9486335574701,-42.5742490536835,-43.9560249931853,-46.6647415343792,-46.5518858602674,-43.7077752229311,-44.3935002462952,-43.9968664535865,-41.3386120524353,-39.6039773385736,-41.276265156298,-44.0249628888685,-44.4362590661888,-46.4145370733916,-48.7843422780386,-52.2270822353045,-46.2257466488257,-45.6976405332109,-47.8762495994796,-46.2644762707193,-44.5530902805935,-45.6283139326062,-46.6322167014977,-44.3161427390666,-42.4562484590559,-42.0817566147151,-42.7143250662109,-42.8068186575511,-42.7722041756049,-43.3235072702132
-46.5386033229834,-47.6915713637842,-46.9067587854782,-46.2034536657581,-49.8753141848952,-50.8621559763467,-50.6826660814297,-57.2317810945299,-56.8734480290144,-56.6278911091658,-49.490924393579,-47.8969440827686,-48.816272232792,-50.2607877744536,-46.3874255773497,-49.2105391740282,-51.3823654255175,-49.5649542451056,-44.8315066192615,-43.6566279525494,-44.8647580186022,-41.5602804226915,-39.7625386751573,-41.5238674558382,-42.5987761116842,-41.6246445154774,-42.4051438610061,-42.4308341900268,-43.4909710745931,-40.3043981194179,-44.789471211507,-41.8487242955333,-41.1732135729393,-40.0903183623572,-41.6792198987598,-42.1867323176505,-43.0402324159848,-46.5747166787909,-51.926040732091,-60.2895865857543,-51.5274048653832,-50.9076920205802,-46.7288660765861,-43.8486599097143,-44.0569918939864,-47.3603269334138,-49.3047226789108,-46.6415751790996,-45.3475259875189,-45.3594155804062,-44.8105845144176,-43.0165612405942,-41.8367851868801,-41.7819887319755
-47.4454855080384,-47.9497192809619,-48.0544138488045,-45.7679060250994,-47.4341023897061,-53.9278607993493,-51.8189056882959,-51.3335713321837,-50.852484790609,-58.0243635919589,-49.0554714477714,-47.925760324265,-50.2083237032703,-55.1055877686947,-50.3632831653149,-51.7020974969494,-69.6545613197291,-55.1037767101131,-47.7471385711219,-45.3399300828171,-46.0420018840028,-43.2072892205553,-40.8865999518589,-40.5662551864105,-40.1952502399167,-40.6914882571767,-41.9417071022193,-40.758784510666,-41.231575349575,-39.4263673503522,-42.7890236962492,-40.3318173516396,-41.165177566818,-41.5772697723898,-42.5060344806927,-40.9718230369079,-41.4158803529687,-43.5268242541079,-46.0219418977047,-49.8277656925983,-51.5158150894966,-46.5478668573716,-42.944463563572,-41.8583920102659,-43.1214096098991,-46.3385441987916,-48.725420556471,-49.1022256606146,-51.616694791871,-54.984379312267,-49.1280656955495,-44.9838897984503,-43.0497435492577,-42.4387465916735
-49.0146661575082,-48.2159674051636,-49.1229940442307,-46.3829190252068,-46.0001646323442,-50.0458349002163,-51.365281274125,-49.0877067374133,-50.1922409639274,-51.4717501035724,-49.6552666590952,-47.601807206089,-51.1425302828749,-59.4318476806513,-60.5483127936532,-52.221939016899,-52.4497243655055,-54.6935384213839,-50.6340044016061,-46.6533765715119,-45.4452767014742,-44.2896336496787,-42.1098285585471,-39.6611769736526,-38.625158854813,-39.9716835345453,-41.6652135560428,-40.6190148361713,-40.5159570522166,-40.4556414470208,-40.9910530752205,-40.0278769919742,-41.5982977632462,-43.3844679790643,-42.817131312641,-40.6771100444988,-40.8505161776839,-41.3493226632876,-42.3826465820962,-44.3709972868195,-44.2234505735917,-41.7554984066892,-40.545164494937,-40.7776987673429,-42.323620366714,-44.1106201470146,-45.3031969193614,-46.3949239522823,-49.8797634903789,-55.132570878933,-52.2397344827702,-48.0611157218315,-45.860281376843,-44.347396059235
-50.1356297097756,-48.1517074461367,-49.0310363442611,-47.8666074742607,-45.9490204869823,-46.7024245440524,-49.9328532231064,-49.7521979184269,-53.2004684901139,-48.860616872349,-53.0674766433351,-48.2003720216388,-52.2500794641956,-52.8313187190731,-55.0281326762696,-50.9258139561241,-49.4071783423553,-51.8255225585696,-49.5406885762837,-45.4928077656652,-43.4921078758135,-43.8365259088913,-42.42802036829,-39.1368787323831,-38.1080151758595,-39.7207423179903,-41.0369289652252,-41.0963970828246,-41.1672803240464,-43.28512171702,-40.6123156214188,-41.0108580841139,-42.5600004006626,-44.4136277472364,-42.4112078485254,-41.1875055404204,-41.3869320918059,-40.6586012279964,-40.8640119620822,-41.470194926772,-40.6148352184107,-39.5515845284099,-39.6553222504838,-40.6204190861359,-41.8437732611601,-42.3149422626244,-42.7624699662822,-43.5560868785131,-45.5587269126204,-47.9749488919494,-49.8801303945698,-49.409075260472,-47.6635252789875,-45.2240685856136
-49.7474865011948,-47.5955074512591,-47.7893156260369,-49.341057749117,-47.2994632927116,-45.6829819302238,-49.1093461719528,-53.2910149433341,-63.2899114161427,-49.127788086333,-61.4604265105502,-50.3891807671117,-53.8111239360088,-48.8508557017599,-48.8760324223786,-50.0003002888746,-48.6287754536006,-49.168790021189,-46.5549091487889,-43.0968362039359,-41.417240806776,-42.0697494455575,-41.5215068554891,-39.1366657754855,-38.5942816129027,-39.8918359945926,-40.2839407883532,-41.2360933103748,-42.3436127085887,-48.0081127606825,-42.014702036854,-43.7665300306427,-44.1679798502412,-44.327196048047,-41.9301584375825,-42.1638768304216,-42.4666069797287,-41.0216864204315,-40.5731227913095,-39.9605537113775,-38.9271983360379,-38.8789562387458,-39.8635984601015,-41.1389552321575,-41.7259384091284,-41.5546682741363,-41.8388554955591,-42.7879733307232,-44.5714492197507,-46.9602646171091,-49.3073489025617,-49.7204921566615,-47.8844614535061,-45.3697140341974
-48.3271635991979,-46.7064890067885,-46.2232371207902,-48.9050817095337,-49.78173972665,-46.8490329035998,-49.5415688336529,-57.8711197547575,-58.31991360663,-52.0336939812591,-59.009542508621,-54.1996423657763,-55.4372244001834,-47.5043288855219,-46.6803433859565,-49.703730994243,-48.1005469437335,-46.9475944822935,-44.4009845682153,-41.360387746101,-39.9156868961616,-40.0559308357511,-40.0231269408775,-39.5100702198474,-39.8625322880496,-40.2595654700995,-39.9681876502083,-41.19199620244,-42.8022402020281,-54.0352623092571,-45.8060899136431,-50.6015802315971,-47.0191716333332,-43.831968358852,-41.7681318003723,-43.0697434591113,-42.9842609196785,-41.7231561906796,-40.8464840857235,-39.4356049940885,-38.5208602279376,-39.2344096172117,-40.7244945012593,-41.8353304618993,-41.8383257982103,-41.6246653424051,-41.9185276619153,-43.1227070680335,-44.9255938370721,-47.5112896408888,-50.5109972977445,-52.1964296662393,-50.6357033891341,-48.0168984173008
-46.6782678194807,-45.7808697089362,-44.9720376688991,-46.8338043575793,-50.6437104183608,-50.5640834442504,-51.3153043918464,-54.455613660056,-53.3419191781588,-55.3179852193667,-55.24310251752,-57.5007783344781,-56.7707497388606,-47.531465047328,-45.8438919477569,-49.024816975731,-47.2865977792187,-45.1086473246392,-43.0181210038739,-40.6002657553737,-39.1514216250873,-38.6262906038188,-38.8103282331514,-40.032455971391,-41.4554568568162,-40.8107812124186,-40.5115954079492,-41.904654792077,-42.906160884457,-56.0463492135,-50.5931704426462,-59.2300916339572,-51.2034820524809,-43.8300519452761,-42.2629421708034,-43.3522380004717,-42.3550993009022,-42.0102653741087,-41.188246302957,-39.7489918906062,-39.2597040616075,-40.4630659873976,-41.7871432766258,-42.1038840321634,-41.6696203147538,-41.5656403979132,-41.7534544889692,-42.797259716881,-44.1553606678416,-45.8713349478653,-48.4494054993233,-51.0159963762755,-54.6733211799036,-58.6365506755212
-45.1049143779985,-44.9593464523424,-44.3292357014415,-44.9763665025157,-47.8001954402989,-54.0389657100491,-53.28754826978,-52.1920111600828,-53.9301342335663,-52.933206219202,-55.4186689481223,-58.1655954698486,-57.8754938168293,-47.4698178840141,-45.0558563438824,-47.3318575416003,-46.2561851772329,-43.6037120341569,-42.1408242125666,-40.6511965559908,-39.1491641866411,-38.1983411307021,-38.490417848803,-40.6871504398729,-42.7194832674915,-41.7236712284256,-42.1323840561454,-43.9218311785662,-43.864048948954,-53.0630898545929,-46.3898562714705,-46.5916241120663,-48.6308462979934,-44.8594308121343,-43.8199039381992,-42.9769599410286,-41.4421505591203,-41.8702825610482,-41.5307701653945,-40.8920587569408,-41.2420368063895,-42.492082560056,-42.6039672089455,-41.7922686907111,-41.0286432374586,-40.905823579974,-41.0883048071406,-41.8294543459756,-42.6332375392998,-43.4292577448612,-44.7767108094969,-45.927721066337,-47.8919448241126,-51.0318803612984
-43.7315048345736,-44.1846028430342,-44.2502949382642,-44.0049180543088,-45.2123122352491,-49.2432690177611,-52.2712818653468,-53.1854158138496,-62.3639137782165,-51.6884262326969,-55.0189799976411,-58.5661484997719,-58.1534822684707,-46.7556994697842,-44.2126446764301,-45.5307023522791,-45.088107326355,-42.5486790385213,-41.6304276658361,-41.2075985677545,-39.9796230330628,-39.0126776526627,-39.4101457802926,-41.6607032606403,-43.3047741250065,-42.8423955811298,-44.6429063055169,-47.1368256677405,-45.8435308622323,-49.5020637327117,-42.9870761033154,-43.3053655259363,-44.2296089989815,-46.0648231534944,-45.9342206195553,-42.650915812849,-41.2614063103167,-41.9736599660173,-42.2111961592142,-42.9290064125938,-44.4816601560902,-44.5562265696561,-42.903856490068,-41.4899398116254,-40.6951303567123,-40.6421282954554,-41.0422918204112,-41.6157556420283,-42.00664218057,-42.2946904869855,-42.8702523233236,-43.5339296837409,-44.5420398870994,-45.751018080831
-42.658140751375,-43.3605468817983,-44.2818323743173,-43.9497287925394,-44.0887404545945,-45.8275143645869,-49.7634854749179,-56.9684909857056,-58.4585507991462,-54.6374342348188,-52.6838808087967,-57.5799158796814,-56.6588947763183,-46.2463829270638,-43.9066282423383,-44.4469810152835,-44.0598929002793,-41.9331103671903,-41.292921124225,-41.8611900353146,-41.7087930374127,-41.3316535446621,-41.8958758805241,-43.2537466951956,-43.7537768012622,-43.8305710992282,-46.9369190246219,-50.0139882371959,-47.9271204639912,-46.2513647983937,-42.074054337252,-43.0036723650189,-42.3983962427526,-45.2806801444587,-45.9366162573367,-43.2625931555745,-42.5266059994544,-42.9962167993726,-43.6644912923278,-45.8975170649138,-47.7739427775306,-45.3183125779721,-43.2302910881874,-42.0493123460333,-41.557847349804,-41.6264374792275,-42.0971604207969,-42.2841042589672,-42.347951176927,-42.5236352160635,-42.8646923493751,-43.6954176832377,-44.4951817681376,-45.1508929423075
-41.9833163029672,-42.5519757251732,-43.8119350198277,-44.430380006632,-44.3165804095223,-44.6281355520838,-48.0629833606976,-54.1832353272844,-50.3850414677304,-61.3404765484672,-52.5887324893409,-56.8579758435164,-53.8455113744963,-46.2985187038738,-44.3336824164644,-44.2120531497474,-43.3002506075223,-41.4502524449059,-40.8965663462708,-42.1627676459978,-43.7314984175573,-45.2552422101775,-46.5685835624985,-46.218269741903,-45.3599084404525,-45.5831702316331,-48.608368508605,-49.8536248201751,-49.1334792256432,-43.5904051206273,-43.0601317869755,-44.7687614552664,-42.8411600993496,-44.2318644713513,-44.9370593413158,-45.7154142218005,-46.2575533883392,-45.6708792130847,-46.3606631537974,-49.5865971936786,-49.1775170930365,-46.1010220458886,-44.9085042675899,-44.3788713021485,-44.0742451864676,-43.5265448686892,-43.1646239976013,-42.6818358806257,-42.9380200997393,-43.7520013908505,-44.5485858298502,-46.0122422459893,-46.8459748938312,-47.241458302372
-41.8117860326405,-42.0141665769366,-42.9329857116264,-44.545888102287,-45.3033201321064,-45.0642814282072,-47.1749768026137,-48.8340673483949,-47.8663265715818,-51.2472265030403,-58.523846262822,-60.696383122572,-51.0330164363489,-46.6750379925374,-45.2773451155851,-44.472555221434,-42.5283391017447,-40.8380650878418,-40.4621448667442,-41.8093393700511,-43.6062853386852,-46.8445929545257,-51.4841135974381,-52.540534780369,-50.6581234206033,-51.5305245544276,-51.2376585999986,-47.0196790537725,-47.5832971870927,-41.8363658293564,-45.6387921057061,-47.8933675540588,-45.5624889338293,-45.3944908329186,-46.2623612794818,-52.0719699976333,-56.9005364265865,-51.7685640851059,-51.0961576241037,-53.2627600606579,-51.0734932458954,-49.6958537858808,-50.405635328851,-49.7454426875585,-46.7890882273339,-43.9903347238368,-42.6921475072548,-42.31993013454,-43.3932705716849,-45.4208488085238,-46.8086532067478,-47.8450869989288,-47.9518878616001,-48.4995805061109
-42.2633776394242,-42.0702249427352,-42.3735514078893,-43.8834105453305,-45.6254032843593,-46.3846023995469,-46.52733689778,-45.9269022904542,-48.0827449199468,-46.6496709029618,-58.3521772204545,-62.5929583084798,-49.3499048534166,-47.6703709933183,-46.6621671530809,-44.5937784077735,-41.5889640962541,-40.3008334344834,-40.2344593260866,-40.8964328613568,-41.3252817489654,-43.0116481122557,-46.0813010499358,-50.1045746427198,-55.2479118542927,-56.0957876345657,-49.1610338603388,-43.9220572748831,-43.7854487318268,-41.2730840515823,-48.7521428713657,-50.436852373841,-50.0517457209549,-49.7119635197983,-52.4080692151969,-64.3433171567436,-54.7153159484981,-68.3278990641584,-60.2430527377624,-55.3760856301493,-53.0336474417305,-55.5632307775429,-63.158320144425,-50.9000050140481,-45.439317981533,-42.882339758561,-42.075149858094,-42.3213384273509,-43.8305142116798,-45.8855703870413,-46.1757492529168,-45.6137676064256,-45.5174821196653,-46.5554993371808
-43.4971783672663,-43.0643022320617,-42.7376634228595,-43.3577401489264,-44.7820362867926,-46.6633003422117,-45.6444472165364,-44.7066729624955,-49.4157477985279,-45.2324635223582,-48.0705826344784,-51.6963285778939,-49.6795461410811,-50.5647691027603,-48.9126376528047,-44.3614832857103,-40.8470765333666,-40.197694900493,-40.3013471229805,-39.8140447218595,-39.2653907806396,-39.8400681354952,-41.5199007196818,-43.0230202712222,-44.2764461403585,-43.8174222904849,-43.6056484325954,-41.8751913769098,-41.1249871011328,-42.1247620505162,-49.0090499663844,-50.2158797273304,-50.3740070137902,-48.5031800746549,-50.5821805609319,-50.555061585285,-48.2029685748027,-51.8850174340244,-59.2438043084224,-53.4116484388862,-48.5926382345063,-47.5523334251302,-47.308578802709,-45.5003640879752,-43.6673787494655,-42.8301890872288,-42.7799415434224,-43.1028635999023,-43.5965476346289,-43.8603276291039,-43.669263864922,-43.5391104706236,-44.196300926717,-45.6935100756246
-45.776523175806,-45.5131814243477,-44.4830177356,-43.8640107309812,-44.1183143692139,-45.2006109147681,-44.5950420376843,-44.567920370568,-47.7334284284796,-46.0411406569374,-44.2217062628254,-47.2346347164211,-53.8363379608789,-55.8759262576631,-51.897660703713,-44.1521403339397,-40.613010337827,-40.5520868876429,-40.4025284558908,-38.8394740682751,-37.9393538733295,-37.9661936071845,-38.8866098978324,-39.429463672943,-39.7982470145602,-39.6015255590391,-40.4716598408578,-41.1984281950392,-40.456825304625,-44.660271266,-46.887559698473,-47.547039353793,-48.1616771603593,-43.8128058771687,-44.2697536457569,-47.4450277190251,-47.1296426611264,-47.9294418244991,-51.8995096360977,-49.9183712644382,-45.1974656997967,-43.7611599500833,-43.6606328143243,-43.55831502428,-43.925655244462,-44.7740505061227,-44.9395905785161,-43.9537076768187,-42.5191365936396,-41.6606761725194,-41.9413797327353,-42.8175535561491,-44.6465956486402,-46.6019001104253
-49.546170317667,-50.8526126589215,-48.1888943540961,-45.608137666356,-44.2093547844755,-43.7891393553735,-43.727669359675,-44.8162657201047,-44.3962118965942,-48.0206211566272,-43.1565432706645,-45.6474270215118,-61.8684099745675,-50.6580213194448,-51.5414113524518,-43.8837269349891,-40.6115101247876,-40.8814939359381,-40.0546097065226,-37.9801703557661,-37.1585686628039,-37.0429525561561,-37.4965504158444,-37.6478188398488,-37.808008379535,-38.1120966374148,-39.5289207639398,-42.0428003488271,-41.9948827054436,-49.3885198750781,-45.2806178924791,-45.0043083332197,-47.3904070619367,-42.5420773500999,-42.4524581967239,-47.1981679968402,-48.4852927864284,-46.3293975718783,-47.6042822333727,-47.4537505099142,-44.3771642232183,-43.2206895692286,-43.4075424527943,-44.3106438345443,-46.442973721739,-48.998420450261,-47.8681103116577,-44.7160137921102,-42.0673199600087,-40.7901041239012,-41.3068606931313,-42.9270993395819,-46.0125745956233,-47.8385048366979
-53.6668430586257,-74.7188522993694,-52.4871534522322,-47.1245362972543,-44.3532738998823,-42.9998593830686,-43.2152943182962,-44.6260776046648,-42.3322392634791,-47.208416804456,-44.2874734617533,-46.0183019814628,-48.8787457864262,-45.7727268944894,-48.0263200205004,-42.7414148349784,-40.1358307057958,-40.4264638696569,-38.9224515351694,-37.0971717951927,-36.6646994774354,-36.6823719200827,-36.781501538439,-36.8265079818264,-37.1941936402302,-38.303591554094,-40.4316835069762,-44.7565774025307,-45.8657573777735,-57.724682356447,-45.1043181167644,-44.3363484677957,-47.0119312443912,-44.4399519892622,-43.6326896858926,-48.3443925349692,-50.9982150208048,-45.6232492306904,-44.9560492496174,-46.1579755087295,-45.7695246155251,-45.2291769179471,-45.7000685269216,-47.6244724841924,-51.5896681117986,-54.9507438500411,-50.9709261557683,-46.6080514109998,-43.2437777253503,-41.4988117772402,-41.6919147237938,-43.4723135003956,-46.7743767359264,-47.3691362218897
-50.5086959368079,-51.3605275641253,-49.0519677990393,-45.7509179782494,-43.658478661787,-42.4809429956032,-43.035872889013,-43.8364029540581,-41.7892193629432,-44.3033103037823,-47.4383046028074,-47.40298355694,-44.0446140648587,-43.65813534254,-44.9276715288689,-40.7721627886425,-39.0742735899578,-38.9892776772144,-37.177099030522,-36.1098716104753,-36.1660113238724,-36.2906847443945,-36.0757440195748,-36.2912239920404,-37.1791161430013,-39.2659806232372,-42.2309377829524,-48.4203770802044,-47.6618211949192,-71.1765659021436,-47.1536478781555,-46.5532445774266,-46.5322927647618,-50.2419096239376,-47.9245599599398,-49.646648741328,-52.3881702442649,-45.804910643479,-43.8734777159888,-45.7373205605686,-48.935856806284,-49.8175660967715,-50.3556835910808,-53.5708554312108,-57.9916144400405,-57.876562376244,-53.9173008880867,-49.0882500126159,-45.535497195668,-43.4925303730565,-43.0583900589085,-44.2459114517614,-45.5862673548278,-45.146901684434
-46.1494525940481,-45.8793285193485,-45.368517898215,-43.703680013997,-42.7427611178356,-42.1133088986661,-43.1415841480068,-43.0690368305366,-42.7352155752571,-42.7389121767809,-49.811337254151,-47.9370316572393,-42.2892585121451,-43.2822231525961,-42.564853964558,-38.9949894501043,-38.0199350632158,-37.1564109358934,-35.3786289378171,-35.0877482898264,-35.3827436014577,-35.3633064587398,-35.0521138840008,-35.6599968765691,-37.0391430129744,-39.5103079081363,-41.728273714354,-45.5480700799909,-44.645322807941,-61.3108125512394,-53.0961395415054,-55.2445267800411,-46.8434304008506,-53.7407579816429,-57.1914039386439,-49.7494416042381,-49.8371798892148,-47.2423463649559,-44.4595266152271,-45.9283563381415,-51.3185334769556,-56.1227795711297,-55.0910948154709,-55.0336532057854,-54.8700099332874,-56.3309193939425,-51.8316464844279,-46.9337066818459,-45.2655588887112,-45.3023047516661,-45.2874850194955,-44.5776931385225,-43.1010774725104,-42.4228817712695
-43.3251169656197,-43.2304942314364,-43.4489030427692,-42.7474917587562,-42.5734178266896,-42.3291768737872,-43.543654593319,-42.8771581371919,-45.357073699437,-43.0854517208014,-47.8392128932404,-47.7046815092783,-42.7386228061997,-44.1770868096975,-41.0825644266089,-37.9751085073699,-37.321787627463,-35.5557478009621,-34.0057801309158,-34.1701942814257,-34.3027375034416,-34.0931305113397,-34.0354424580888,-35.0433425007593,-36.5916706606129,-38.6094810572234,-39.422524641573,-41.6954913743463,-43.4560173330953,-56.3108540311685,-51.147072207417,-53.4693580317697,-48.6792404534313,-50.0369496217254,-72.3435275687936,-48.536290246292,-46.4667925979423,-49.168435089464,-46.9147819445281,-46.5737314219841,-49.7462240356044,-55.1323934055577,-54.6529992655882,-51.126566893624,-51.120604177184,-55.0178420119426,-49.3927396573018,-44.4093341130074,-43.4082133134771,-45.693841520192,-47.7626940240576,-43.9805287324399,-41.1203755331373,-40.5398123081925
-41.5989625343365,-41.8287275191514,-42.4601127164383,-42.7301883449853,-43.278813721534,-43.5268156276232,-44.2054851183518,-43.5925403915881,-49.507321608644,-45.7644074476214,-46.6900262606526,-49.0355311199197,-45.2116104051938,-46.1004407692528,-40.5665148314204,-37.7671265989077,-36.9541143183059,-34.4889350844178,-33.2544344923762,-33.464791203584,-33.2303429276041,-33.0284966767474,-33.4561611222326,-34.7419763326201,-36.2423849384333,-37.7779320061933,-38.2211066673043,-40.1300489077946,-44.4201878259248,-51.8495839607154,-44.7085145342683,-46.1056249291351,-52.1303496668971,-49.8124600807569,-56.5552012963068,-47.503899019576,-44.9914782280249,-48.8260258034517,-50.7188674407542,-47.5469904425994,-46.9425745364248,-48.7664054638872,-49.8447928291309,-48.0699317610761,-49.4469682734091,-59.1665856386853,-49.8669043993169,-44.3290960269332,-43.3951514550085,-46.4661733572272,-48.847251258662,-43.4560502250447,-40.6215167855219,-40.2596236446619
-40.7051185518285,-41.1560386001332,-41.8157755819522,-42.9086727704038,-44.0020556949002,-45.1329993103583,-44.8886191130158,-45.5285481577077,-49.9951068319814,-52.6486938537667,-48.0260459159088,-54.5088044681635,-47.7004032426877,-47.7641790961385,-40.5003023730313,-38.0623572250357,-36.707858836924,-33.9444314009767,-33.0802665971848,-33.0097654124779,-32.4806767519039,-32.512805806487,-33.5108789226674,-34.9516598049058,-36.4029188251384,-37.8138003786088,-38.7669525687959,-40.598812976247,-46.5882046088195,-47.3954704551981,-41.870353380797,-43.9628700247409,-54.9200636677007,-47.3845358774261,-48.91806454758,-48.0788386921888,-46.3867073543712,-47.8573946626202,-50.8604368986581,-48.6329142758744,-44.5995112062878,-44.213612374477,-45.4058281990735,-46.0743341474625,-49.5170993737261,-57.7211293610377,-49.7010354444522,-46.2351432652747,-46.0773564969324,-48.4700240104232,-47.8130314428052,-43.9369550337614,-42.0859893124132,-42.0894788359703
-40.5501068174404,-41.015162036538,-41.3728570905968,-42.6626543771712,-43.612203019176,-44.9760624968255,-45.3345252896402,-48.8512891657906,-47.1335330589645,-58.1682280086708,-52.7231849165181,-65.5726203130483,-45.5584944797885,-45.8814488480284,-39.6198334002881,-38.0857113428849,-36.2189422385276,-33.6675444427061,-33.2546162522008,-32.7710860933092,-32.2059665143984,-32.6717389718067,-34.2139374340897,-35.7206439819769,-37.3081241644509,-39.0856088704426,-41.321190556944,-42.8352877824014,-48.2112583076133,-43.9045811813963,-41.1143410839388,-43.4250814479467,-51.4841003073337,-43.5981751778644,-45.2744713029615,-51.7308873101082,-53.614132394875,-49.2417274581245,-48.4721454516537,-49.4816274276854,-43.5109689292795,-41.9474017569937,-43.0228435914895,-45.3885790107196,-48.9175425720695,-46.9947430378884,-45.5355351033147,-47.7322627513944,-52.7878182427418,-49.1830511172522,-46.3910222090596,-45.3616758537021,-46.1225301427562,-47.0130311740618
-41.1353258402405,-41.3853878376225,-41.3599936675787,-42.2745501664394,-42.768993513974,-43.5498979582338,-45.7297412948277,-51.1947786631408,-46.4743423854729,-50.3029424164123,-67.1712578165894,-52.1260081005386,-43.0882611753243,-42.7419481208637,-37.7925466642611,-37.1626336421786,-35.1829427627715,-33.3511065628832,-33.4362975934377,-32.6560185398997,-32.4098151736597,-33.4500490885297,-35.3022846665643,-36.7947625522285,-38.9571023429653,-41.9139762517402,-46.3303206891381,-45.7974483138,-48.3123793321788,-41.9712074997201,-41.8986788368103,-42.8110956032706,-46.7219208521872,-42.0002053062594,-44.4199398408213,-57.0934714037813,-52.6510346924092,-53.9644041792998,-47.6361362664004,-49.3609000064246,-44.1440069696601,-41.7667472892114,-42.4996531419262,-45.5186074687289,-45.6345077310718,-42.6081724198701,-43.0262067223479,-47.9782212890295,-65.3439250374913,-48.1207928291313,-46.077708221997,-46.7902583385899,-51.9802845851906,-58.0579624523406
-42.516237416598,-42.3555161030296,-42.0684334302647,-42.4012979480155,-42.6843656163335,-43.1244189000208,-46.5410956240174,-49.2423273335413,-49.1532410748216,-49.1199339486621,-60.3541888726954,-48.7006518446118,-42.0603645233762,-40.6420046821393,-36.1811467946653,-35.7376264627837,-33.8226627844673,-32.9371524757864,-33.3255536675065,-32.5510700909354,-32.9362434343541,-34.3661219641016,-35.8376654192775,-37.2818603408825,-40.4019866398312,-45.1117518823699,-50.5761007823301,-47.9710046027076,-46.9309300475358,-41.8024482476053,-44.2157500808414,-42.3847593780519,-43.5657177382861,-42.7951882496056,-44.9088088892749,-49.1650647018656,-44.5163797173322,-51.4797816977728,-48.2571346940397,-47.6977208328648,-46.5313551904117,-43.6598438253076,-43.3983039768681,-45.0641036025649,-42.9342485501695,-41.2511450925626,-43.3068304258491,-50.9784447465357,-57.2193805533427,-48.7797586017491,-47.8946947285554,-47.8930543686387,-51.017656406988,-57.9864264763984
-44.7763249827903,-44.0637545297739,-43.6997595385701,-43.4498109041436,-43.880289171428,-44.4692527877245,-47.8861091268485,-47.6449188236421,-61.2399981017801,-52.5728921612222,-58.5930965993128,-47.2555808553819,-41.6097667961032,-39.3011204524868,-35.2408282127023,-34.5532589113644,-32.6651888386133,-32.5959215957595,-32.8136984543227,-32.3702594601484,-33.3633449527035,-34.3595234996482,-34.9825894673164,-36.537329797858,-39.7619153606303,-43.5912115051817,-48.6848297718363,-53.1575392491492,-44.9170991814824,-43.639097202032,-48.8608916791354,-43.4612360857959,-42.2162582243267,-45.9324286054865,-44.0054158218852,-44.891135462112,-42.0121374605014,-46.3827577807009,-49.2853140665046,-45.5815382901371,-48.2995645910903,-47.8411618679608,-45.0889175888111,-43.9744723335493,-42.1173734600039,-42.4286524465805,-46.3234871399629,-53.252608777573,-52.5395794550473,-53.0938405148981,-53.3796062590493,-49.7340128223663,-51.0225535643029,-65.4489903927579
-47.9803911012001,-46.6337594916393,-46.3905031776495,-45.6987742876624,-46.6675746247026,-48.0093271059641,-49.1883379849746,-47.9459722947048,-52.9107476819724,-56.9623149364551,-61.9740304746416,-44.9917060892268,-40.6821263005032,-37.8976336775327,-34.7361555267745,-33.8472934968908,-32.0161513796735,-32.4079072869472,-32.0188650394022,-32.0764355336038,-33.1278162751901,-33.23930384732,-33.6845239671228,-35.4712614968068,-38.0608218963118,-41.0464194621048,-48.0629137285147,-56.9626490205747,-43.7953183136568,-47.8805817559635,-54.7776936389804,-46.8681947329097,-42.7099655048587,-50.9954969772325,-42.3858235285567,-43.3524810093491,-42.4141236665816,-44.1871888875233,-48.8262700377735,-44.236205689484,-46.6021254319691,-53.3665174777768,-47.1203859864449,-43.7801556317868,-43.3638806594318,-46.5817171427747,-47.7685899715262,-45.6397441057952,-48.6827843590208,-65.8723390319406,-52.6364814525645,-51.5068656364731,-55.9147433352353,-53.3796147785871
-51.9614143586513,-50.0571199946033,-50.2837328117645,-49.5722440864408,-51.5442090942026,-54.5079311957048,-49.8772018063223,-49.8882669248779,-46.3274499690346,-48.4856372840602,-51.791340281581,-42.0925577237517,-39.3955219020107,-36.2566323759716,-34.3118122299187,-33.4806649731112,-31.8776920865574,-32.2489169843374,-31.2097026776632,-31.6792808200387,-32.2338398160123,-32.1270695097077,-33.0540303936686,-34.9947340718857,-37.0325988640929,-40.0014086895826,-46.2840630574037,-44.6972398050854,-44.1818126018676,-52.3993106270315,-48.3303467133842,-49.5626979242893,-45.2406819144478,-55.5950341064238,-42.6401912025671,-43.6004391888972,-45.4582682793872,-43.6011298225931,-46.6895993008004,-44.0822513119757,-45.2926529700128,-52.9779139032329,-49.8656139319639,-45.4516982681797,-46.9940363686616,-54.7450001451815,-44.8122370247668,-42.299812819497,-47.298034461862,-54.9551829378857,-46.4181963371767,-50.9251954281207,-53.5404566498942,-45.6426889101288
-55.4883708282652,-53.9837698867681,-55.4464210991377,-55.6118403903992,-57.5343217927908,-59.3591694171103,-50.577473390255,-52.2414063202436,-44.3524179936198,-44.3024239305678,-45.849626309078,-39.9024111615137,-38.5358958389521,-34.9699012640396,-33.9551181169925,-33.1737798750699,-32.0479344993175,-31.945184732955,-30.639077609297,-31.2389004392413,-31.3038571587767,-31.749829210896,-33.3793440580842,-35.2199705561703,-36.9164937718243,-39.703148363984,-42.8815203218266,-40.8323107761021,-45.92071324295,-50.4604760540911,-44.2094639763327,-47.0183105620258,-49.7923090203176,-54.4584497666228,-46.2933803524692,-45.2382572034929,-51.9233132355207,-43.7954757326132,-44.5740264649779,-45.0783024803587,-45.2200067386594,-49.6842768639894,-52.6507735140305,-49.520988178799,-52.507906553951,-57.4076793430733,-44.3093998392641,-42.1512414284258,-48.2957155117065,-48.9217468151266,-44.0084518417911,-51.5406263556862,-48.7475750089645,-43.1737208793954
-56.3296020152684,-57.804478823475,-59.235589670142,-59.1095680447433,-56.5118986869875,-55.819026660903,-51.8397363835841,-53.1324492571867,-44.6695481978775,-42.7229332359596,-42.8580140315253,-38.7693982438841,-38.456142012095,-34.4752299403636,-33.9390940067618,-32.775553541727,-32.2452406918436,-31.4514514717029,-30.41839326595,-30.8536257051708,-30.8215000370255,-32.213485281633,-34.2922371843229,-35.6831325572962,-37.3081277650051,-39.3795287297212,-41.2236607079703,-40.5215420303422,-47.847402520677,-47.9116635852688,-42.5686727608722,-46.2868973076265,-51.6521977918209,-49.4822432653486,-53.852490849274,-47.7963889533657,-55.9317941628166,-44.7730984851126,-43.2426025814592,-46.5241459872812,-44.6072219709092,-47.1023358999032,-53.3221048778808,-52.6436303884301,-52.329676849834,-64.0986853995052,-46.8711881120668,-44.8368906304943,-47.6534628099057,-44.8615614066712,-44.2016951187951,-54.0431707151493,-47.1773582868997,-44.0254854636789
-55.1166250665613,-59.7486917856053,-57.5397480464855,-57.6386680425186,-55.7618308925144,-53.3529733374183,-52.4511216822851,-53.0148022833323,-46.5796436582859,-42.9368295229008,-41.8505428866254,-38.616488485297,-39.0702486612001,-34.7774809997271,-34.4267639051978,-32.4110609863784,-32.2669280990487,-30.8611353148573,-30.503989001828,-30.6124998672667,-30.9068896885249,-33.1117447151144,-34.6669931623124,-35.7302698540095,-37.6310037917437,-39.486744156055,-42.5858526054085,-43.9540945574038,-48.4570125557706,-45.1011541562096,-42.2026240799686,-46.6871435539587,-49.0060186443584,-47.9628833166747,-47.033765146179,-49.3905080317371,-49.0676890510847,-46.9893989090146,-42.7165520943438,-46.6155312673307,-42.7961232941778,-45.4546322270455,-57.9855482142944,-48.918545485686,-50.5266329585402,-51.288731966151,-46.4293433646022,-50.6448717980527,-43.8990655742388,-42.3353847389504,-46.725168528263,-48.1570379796311,-46.3651571072377,-48.7203658250783
-53.1987544282244,-56.3092880483528,-56.1788843709869,-60.5696290539133,-58.2530693312505,-50.9945535928879,-51.3492894374843,-51.8694448940361,-49.8531584843926,-44.8214682507216,-42.529679757185,-39.1960104667757,-39.9267577584784,-35.4941144034794,-35.2767373406122,-32.3139705833217,-32.0887512822712,-30.3500397841888,-30.7507428082455,-30.5504285035293,-31.3732546659746,-33.3713269264246,-33.8421558542037,-35.2976317930067,-37.5399789305941,-40.6933436763911,-50.9101601193382,-54.0473385190806,-47.9399969125601,-42.491131951932,-42.2438858107182,-43.2978769651613,-47.0606303626269,-52.3437342911685,-43.7298696351301,-47.8326212577121,-44.3250252458994,-47.0001248561674,-42.7080380413777,-44.7521365253233,-41.3305711196421,-43.8146941452277,-56.1556615794295,-45.8123814073,-50.1893210432835,-43.791230621465,-42.33068529325,-56.8737922958037,-41.6620459373057,-41.6825631316101,-50.2488821713071,-43.4139970201282,-45.4292216887103,-58.4175553288994
-50.9277416645057,-52.0739132235235,-55.7553648939561,-63.1490131600393,-54.2790819452195,-48.5909327459371,-50.3012105896852,-50.0255181455609,-55.5141985041754,-48.0228959497223,-44.2287164307207,-39.887620624427,-40.3155468332475,-36.0705416410955,-36.0376834121673,-32.6107006370735,-31.8476167275662,-30.137069176086,-30.9934102030959,-30.6421285647254,-31.7575941063294,-32.401269901348,-32.7577407999219,-34.8016673097824,-36.9271567107604,-40.9481940888827,-47.7743241020536,-44.5842735817668,-45.8921544435539,-41.0305836935868,-42.4513751609867,-39.6366520078774,-45.3437039703066,-48.5631499979906,-43.1914327026831,-45.1650729903747,-41.2906874451983,-42.3845663703678,-42.6891558279848,-42.2946798985091,-40.8531530010026,-41.2356878653423,-44.7734691739042,-43.8703494105553,-48.3188536199954,-40.5950428449401,-40.7448084913164,-52.6342529350668,-41.5253736611142,-43.2018012251711,-48.3870566805873,-41.7941669142661,-45.9632644747128,-52.6049774897359
-48.6462952365178,-48.9625611570269,-52.7009523767761,-52.151327256813,-47.9223545308408,-46.4845048246435,-50.0703342341177,-49.2461975322305,-53.8741145617336,-47.7477698320624,-44.0112326508346,-39.8453594006183,-39.9923049101541,-36.4459189012635,-36.1949029142,-33.242902568767,-31.7549785341282,-30.4171852077156,-31.1337877878049,-30.8347250768482,-31.6404811695775,-31.1539597985931,-32.1948581447093,-34.4074325504876,-35.8450404819715,-37.7205762346831,-38.9415868982942,-39.7751953478319,-42.7027474948369,-40.5438069945814,-42.8817110373967,-37.8872242667861,-43.1644051999606,-40.0912786329448,-42.1630854257447,-42.5383384309148,-39.6808642593364,-38.8931887504614,-41.9870567015021,-40.0895470714566,-41.12697408017,-38.7875747721411,-39.9130648544806,-42.7441647706226,-44.7343326414874,-39.8298482437061,-41.5320737500081,-45.3657240771839,-43.090330344965,-46.8398866221061,-45.2699371924751,-42.964946912459,-49.9759970576618,-51.4326989176126
-46.689508313572,-46.6700638607178,-48.0650632413046,-46.5512223534697,-44.1997979408619,-45.1080179924734,-49.3717892111647,-49.8070565718428,-46.779318593382,-43.9409329397453,-41.4853237213864,-39.2942213392851,-39.4976704691464,-37.1378718309587,-35.7292435545323,-33.9810422162053,-31.9702859191979,-31.2886185793933,-31.2143808532148,-31.0988056435794,-31.1744754524162,-30.5026959400652,-32.2650395468448,-34.0285876792557,-34.7288867730401,-34.8141498968067,-35.6250474882271,-37.8606167235894,-39.7399839105134,-40.0334821026438,-42.0571511175815,-37.8402398005125,-40.604371224486,-36.2511874963938,-39.7831601198628,-40.0147919629805,-38.9772623953112,-37.1283585657292,-40.3779431072868,-38.5207548609458,-41.4692341996017,-37.5341007060619,-37.7756373491794,-42.1776749867861,-41.6227330901039,-40.8969774917858,-43.0904961748875,-40.9618569672239,-45.5645280339508,-47.7297168494826,-43.9858487396496,-47.9133640581289,-52.7565877286669,-51.3225824233018
-45.1313588416184,-44.8484438203883,-44.410783499028,-43.2513994839942,-42.3952490291966,-44.8354349628744,-47.0355799071383,-48.7811382063886,-43.3590661586403,-41.6412408770283,-39.7828326130866,-39.357644843294,-39.3990292907664,-38.5597988179401,-35.2156643409754,-34.5872296628392,-32.5056614051843,-32.6910484567142,-31.423936600398,-31.4670460555818,-30.8792121503409,-30.7489567305149,-32.7772987336318,-33.6672570414697,-34.103028294606,-33.6026055184869,-34.6772108411203,-36.8242077228105,-37.5003560097793,-38.8933593278001,-39.3088444706814,-39.0237202939397,-38.2669317652673,-35.0263741167779,-38.013645403541,-37.9612252267813,-38.4343130368937,-36.696257978689,-38.519823564276,-37.7658802176783,-41.0128076811364,-37.769144364775,-37.5119735696257,-41.4343995989325,-39.7329300624431,-43.532133857356,-42.7375458313461,-39.3565066800343,-48.5980721334813,-45.1474981914334,-44.5311004488894,-64.0203160947395,-46.2302892910811,-48.2566758259573
-43.7592231075817,-43.2689645556719,-41.9366803605011,-41.3881284479955,-42.0997019278415,-45.3955742788846,-44.4906428745161,-45.3385136463138,-42.4960414924707,-41.3367166369605,-39.7542539726922,-40.9491559157561,-39.9931046719004,-40.7480188922908,-35.2797758778827,-35.1016521178537,-33.2535457442238,-34.3292535797594,-31.9877459513538,-32.0346727168103,-31.1619532433167,-31.9801667073027,-33.4245541057523,-33.5405755646126,-34.247317196544,-34.0416288213137,-35.3121012859421,-36.0229611793551,-36.1565667649228,-37.8092291722527,-36.950049851895,-40.5439276887122,-36.8028768505757,-35.9488025104861,-37.3230764927378,-36.8219794067662,-37.8206792624417,-37.3094755896229,-37.200258283378,-37.8293314174113,-39.6929591728291,-39.4677465617661,-38.6675242140543,-40.2021504332765,-39.3488942999743,-47.6945252407339,-42.2517006725806,-40.5085882428162,-54.2739775211598,-44.8239276586833,-47.4458558883183,-51.3596733859152,-44.1701759614984,-47.5076938287277
-42.2864166027197,-41.7936095590502,-40.4514314360765,-40.7005014906524,-42.9478789792301,-44.9550453232726,-42.9342179707605,-42.9166799422048,-43.9448824373539,-43.2435509089239,-41.6428234403349,-45.2058418817931,-41.4843678908856,-43.3764058758385,-36.2585707850401,-35.8472062157404,-34.1586351347043,-35.650014262974,-33.0163776830972,-32.9233738758744,-32.2837612950603,-34.1660776593082,-34.0469100154704,-33.9891004588335,-35.2385755276611,-36.0208320688717,-36.9544340331624,-35.8673646983248,-35.9323537832532,-37.3990938480812,-36.0590281976738,-41.2269292923503,-36.6585774752934,-39.1260481082636,-37.3765200315504,-36.8951171313136,-37.6956834979847,-38.8315750183904,-36.8584400174468,-38.5672027396531,-38.4181839507667,-42.1432922882331,-40.5606555823514,-39.4049677470469,-40.8676668716428,-50.8336481234393,-44.0517849556334,-45.3586323759361,-51.2010978718826,-47.2320782578589,-56.1598267308634,-48.9893877509763,-46.337743644346,-52.1356252175333
-40.6860706458554,-40.4044117057151,-39.803225851466,-41.0194357150559,-43.8159925668957,-42.9120635163436,-42.788715864445,-42.4551023846041,-47.8459190039545,-48.5650088784455,-46.1131563107961,-55.9924212025554,-44.1824013678671,-45.8300597073561,-37.9116956215844,-37.0908827398367,-35.3278499721009,-36.1260989397301,-34.410602816303,-34.2284252528428,-34.4981492913996,-36.873711127311,-34.9763512302107,-35.4443280807729,-37.0876796394776,-39.3063743101037,-38.7945312948428,-36.9040373300868,-37.1357991218287,-37.7267773929517,-36.8394355107146,-41.0454670878154,-38.2427527153666,-45.0011236695831,-38.1294312351391,-38.4356939519706,-38.609516200332,-41.1806053220458,-37.7296474901443,-39.7434000714936,-37.9530086290608,-44.3182599737195,-42.2731905325269,-40.0324724397882,-45.1214565480816,-47.014033851958,-48.7119582406654,-51.7728277361181,-45.2931912603987,-51.1090713027694,-56.7534724066255,-50.6326721256096,-57.6967390175788,-61.5820471973221
-39.1971390565141,-39.2040105148999,-39.7976881827398,-41.7388387011406,-42.9913795398272,-41.4984806913543,-44.5503425619993,-44.3855044023901,-52.0688080440965,-65.0911383974927,-54.0937257118592,-49.7535632730252,-48.1692559870544,-47.4121855065982,-38.7267632764781,-38.566512211513,-36.8247577567208,-35.7708079898597,-35.9143460091318,-35.9477750334521,-38.0614635320029,-38.8653787779882,-37.0756309512271,-38.6209937260924,-39.8489921567253,-42.9304527755818,-40.2645516504483,-39.3276164463719,-40.1185540738482,-38.7864432105472,-39.4155725346315,-40.8854414813677,-42.3260116833265,-51.8443492764434,-40.3424181653006,-41.8295908985374,-40.7677921513579,-43.4800906219271,-40.0367291353329,-41.1771513887131,-38.6292368721739,-44.8446052881777,-43.933184774454,-42.9013810889585,-50.2343648365757,-44.3007834880602,-49.7298718398887,-46.5472679023483,-43.6051384442389,-52.7421461499745,-48.5113993600939,-51.256311612473,-51.637787113678,-48.1047909859028
-38.0424312181364,-38.3154767753798,-39.9658064029303,-41.4232007821393,-41.3417639731403,-41.8578282544175,-49.5539554254557,-50.5078313575116,-52.6318992263859,-53.2771152227514,-50.943248173082,-44.3425813699651,-47.8354970579278,-46.9297383404929,-37.6817275164299,-38.8903163586927,-38.2579155739784,-35.0947062897074,-37.2541773184507,-37.8055003385117,-41.5714559491487,-39.8171469157369,-42.2064308527966,-45.6445470160319,-43.5874328857341,-44.8261624456108,-41.482468520377,-42.8879794038131,-44.0684110429907,-41.0033558804733,-43.6256613048308,-41.5439274936063,-51.4101375816604,-54.6227713055648,-46.1637828601586,-47.6436955341046,-44.2588688085628,-43.5455621148567,-44.1432089904095,-42.7689242064551,-40.472026136317,-43.5833616720299,-46.3691447600771,-48.9208758205108,-45.9542255614883,-45.0014910007805,-47.6745101330095,-47.0291956778139,-45.469736897072,-55.5731970405539,-46.7348595652931,-50.1072773105466,-46.1420552880645,-46.1645055674744
-37.3134364820285,-37.7921743563117,-39.5989783711168,-39.876604390905,-40.4216102048633,-44.2591598512144,-52.4737155012381,-53.568591085671,-59.5255733473838,-50.3108406652503,-45.7769017857138,-41.8632877692719,-42.6399038699751,-43.2708095352601,-36.3142393988898,-37.2920562877907,-38.568163229393,-34.5534421126948,-37.6743634003226,-38.8057683002882,-39.825997469487,-41.3520721918709,-58.4117205100449,-56.8241522879362,-47.5935012474203,-43.7473825148054,-42.2855138740775,-47.8751913612902,-43.9988368910795,-45.462980977954,-46.913626790943,-43.956185665142,-56.1532516941059,-51.5007519212502,-64.9252372349834,-52.4357341392787,-50.3674885366468,-42.6394926921893,-50.2221995742312,-44.056199313768,-43.1183873840572,-41.3007927079896,-48.6909153380816,-48.9472910214829,-43.9882206886563,-52.2488328856263,-49.7775350394564,-61.5977339086022,-52.874015494882,-52.0544560610541,-48.3993551491293,-50.6990580257469,-46.7794600564081,-50.2426376338981
-37.0326642557838,-37.6284121703013,-38.6679515378454,-38.5829491533329,-40.5533285802104,-46.1002762860605,-44.9488186032466,-44.9037588362759,-52.3448585341433,-46.5928817739269,-41.672792875784,-40.0773446922633,-38.7115711214155,-38.7651127307187,-35.4458278537513,-35.1955114010283,-36.9768879419496,-34.2621693623268,-36.1103401892065,-37.6969997208552,-36.8434429671738,-43.2719410861628,-41.2449114983863,-43.8664729868625,-48.412315227684,-41.2360913500202,-42.8785401583459,-57.7171927369914,-42.8677717398991,-49.304151537012,-46.8154767402483,-50.1218419285753,-54.092586589151,-45.6115945455174,-46.8576268949792,-50.3161200099481,-58.4970452761357,-43.2163897613034,-50.4560364473144,-44.2628397826466,-46.0784319496285,-39.8225422707699,-49.0338517154585,-44.8793710901988,-45.5401974475606,-51.7843853087695,-59.4453792111308,-46.7551582659188,-59.9709099544524,-45.420102129122,-54.6562880547457,-48.2700202421935,-52.9117963134185,-51.4859337404932
-37.2456361321856,-37.8541212264761,-37.9800777521077,-38.3272552445927,-41.3286608905155,-42.8843926740401,-41.2544079431673,-41.382886094551,-43.3576215749106,-41.2284738129897,-38.1681468199175,-38.5723021206643,-36.0814856305626,-35.18868416498,-34.9014195928449,-33.4971132970948,-34.2909422263207,-34.0019068666119,-33.6309299899566,-35.261869496959,-35.1206809826545,-39.9746002109537,-36.4674191856279,-40.0596816413216,-44.8162453807314,-39.4264912692278,-44.3651640766651,-45.6384953436981,-44.2853736326659,-44.3006073607743,-45.3526993317892,-56.2996198942224,-69.2211478425638,-43.5064499288211,-45.6996387651038,-49.2146663719265,-46.556662865791,-46.3173442516533,-45.6699490709412,-43.8258382699692,-49.6057686254411,-39.9928935933986,-47.7929918337479,-43.8350669236486,-49.9312376587042,-42.7674877916286,-58.8431678103657,-41.2551267353561,-53.7714440038955,-42.5916790418018,-63.8889667019647,-43.9360334802691,-53.3295349417518,-43.3146331354323
-38.0875521081206,-38.6397639142438,-38.2289113514932,-39.2868597105856,-41.782472442289,-40.0484978145926,-39.8240674276784,-40.1255267624137,-39.3517983976525,-37.6600425306514,-35.7671031142911,-37.5472943586107,-34.4191263213443,-32.8070916953067,-34.3085811219871,-32.2923386142686,-31.7552328425636,-33.3468284673612,-31.6273877127445,-32.9081000348017,-34.2107342885218,-35.2590912902541,-34.6896818841474,-37.5641543243261,-40.4892368527051,-38.9619491826818,-44.806159458133,-40.2993687336988,-47.3123460462241,-41.8085805580716,-42.9911082938171,-48.2387944123413,-47.7257716051788,-44.7061016190509,-52.5470275417505,-49.1157457790143,-42.4130228539799,-51.3517613556258,-42.783158813376,-43.7843336999904,-48.5469180683351,-42.0719576986592,-44.4868491762821,-44.3906257014257,-48.8957478848899,-40.4460466636596,-59.459135289227,-40.6532808576733,-65.7306840335345,-42.631249457139,-51.8783124847133,-41.9739356211932,-48.6506629809598,-40.580579402425
-39.836409127488,-40.3635424793655,-39.8664332631614,-41.4768290035274,-41.5133199102868,-38.9199630846041,-39.8417342004718,-40.2894588100865,-37.7249643590425,-36.0441279787529,-34.6832076365705,-37.0620297622956,-33.5601985125292,-31.5202763790721,-33.3986655603394,-31.4593794796089,-29.9488895884114,-32.0353005982997,-30.3979375645858,-31.1307188646711,-33.2597327838136,-32.2236763836311,-34.326001584441,-35.226794472141,-37.3174407510937,-39.7734498038777,-41.1141612313134,-38.7189736587932,-46.0909744548698,-42.2365796306733,-41.5012821966343,-45.7960124437473,-42.8654970721163,-48.1607906834587,-48.2069574004301,-49.7950750827457,-41.8172590970382,-48.6239161570357,-41.8034253525277,-44.4386057505265,-43.4561873363821,-46.185409306666,-41.3491704973643,-45.4576587638081,-45.4032226686201,-41.7694362752054,-54.668438214332,-44.2712959638962,-49.1635266756814,-45.4381913820237,-47.1860574335174,-42.6392890017581,-47.7943873181621,-41.1117861439811
-43.0415145195468,-43.796679014566,-43.4668924996455,-44.764037626285,-41.3432413678436,-39.0288032533993,-40.8137416056149,-41.379395799044,-37.8474802337367,-36.2574742407955,-35.0332458088112,-37.0578520884258,-33.4264125439274,-31.1489957001671,-32.2000205403076,-30.8166642521335,-28.9679516250369,-30.3288233081744,-29.779165156912,-29.9536572036631,-31.7271465378587,-30.7149609144728,-34.2574168281744,-33.5330724644432,-35.6660173177468,-41.3020565181586,-38.3092506192849,-39.944104129634,-43.986891759959,-45.3337110756644,-42.0137853610333,-44.3506649037814,-42.1063372766934,-48.0837554897979,-41.5427007163861,-51.146547812087,-44.5934585032385,-45.2689861870918,-42.8507374816358,-45.5257243722949,-40.679712772927,-52.3152187832526,-39.9782878050456,-47.3299775097744,-44.2272859625813,-47.8854052743468,-45.5808188463023,-60.7540817252321,-43.0998484968508,-50.7311777331657,-44.1518430960559,-46.2584162741573,-44.4705455978207,-44.5426973248715
-48.8823286916912,-51.5117668983217,-49.8980106291538,-48.4144689073149,-41.7725455191571,-39.9219037689617,-42.1936409530028,-42.5506724979627,-39.6607872688161,-38.5746502750299,-37.0870251825594,-37.6489553548823,-33.9547691398033,-31.4276111502646,-31.0521842166431,-30.1726828767527,-28.6729020145905,-28.7307208810088,-29.4484204995145,-29.2341049863672,-30.0159426315949,-30.4646389459509,-33.5229295751334,-32.9775882120014,-35.5101647514144,-42.1925311847552,-37.9436328927629,-43.619035754782,-43.7993810076475,-51.2388137451229,-45.2601115763711,-42.0747643785703,-44.9256980249677,-47.395465118034,-40.2900374166869,-50.5295815468977,-51.1633630603196,-44.0211759553484,-46.3492242165893,-46.6000803886455,-40.1974445017932,-55.5855605005184,-40.7168266134095,-49.2520923230008,-44.3710232380935,-51.9268278003559,-42.5676155874651,-48.6522490183899,-42.0029126319654,-51.8979201312729,-42.3770360559569,-54.0072078065222,-40.4951145743031,-49.6832021440617
-52.5037939247364,-57.4199958522996,-51.4556035769087,-49.8782750907493,-42.2940082589265,-41.4567723618146,-43.3361849960873,-42.7446038285081,-43.7821763641255,-44.4301173009151,-41.3715206689103,-39.0996128494546,-34.9761210595412,-31.9564893339417,-30.2469192773405,-29.4271336176186,-28.7527772065289,-27.5615199334362,-29.0189743720084,-28.7505702272437,-28.7480135733919,-31.0458419916027,-32.3672764907331,-33.7131706886008,-36.5827803220467,-42.0728354869045,-40.5715966850203,-45.7164232895278,-43.6983057440982,-58.0165991943664,-53.5174016840717,-40.5741084568255,-54.8082298983935,-52.1148418397986,-43.315895395347,-48.803903312916,-47.276935719106,-44.0155873270707,-50.2094094930197,-47.0477856683349,-41.8033579881002,-47.2953487824662,-43.9673758759362,-45.7833484753241,-45.4349333379958,-44.8267282218081,-43.8113820514359,-45.4439667845782,-45.658289528583,-51.7631874831725,-41.9021396833782,-61.6076376989138,-38.7738037476207,-51.2332020104933
-46.5832068315845,-47.026039794258,-47.4051390196805,-47.6255422901356,-42.1946907506995,-44.0319352603442,-43.8240253512755,-42.3440215841203,-52.8435898603924,-53.9732064638198,-44.9468959734503,-40.8613982385739,-35.9245919752211,-32.2881371951907,-29.715198503424,-28.6363723283821,-28.7602737309733,-26.8858673867619,-28.2121849498921,-28.2687024395568,-28.170978305844,-31.3084618834419,-31.6517450993531,-35.3784597528976,-37.8054681059053,-42.9622018998214,-49.2783997410812,-45.1917652862694,-42.614586464086,-53.4024567886961,-65.1979488452197,-41.052082187722,-54.0905186488483,-55.3904799282128,-52.4771000721796,-49.4727751991633,-44.0897156210586,-45.4731464813508,-47.4026078796488,-46.4157148133949,-45.5612651797422,-42.3299883780579,-50.9865382978404,-42.3076967703225,-48.6897799981104,-43.7140327015532,-52.51836826347,-48.5489188594781,-53.1973338958523,-56.223924982972,-42.3010348320291,-54.6395710205236,-39.5111764125434,-49.2351244862695
-43.6583907546809,-43.869081733931,-45.8168354940381,-44.7291516698104,-42.104106844788,-48.1904058049603,-43.894487287193,-42.5768718755495,-49.1331274497947,-43.6922277459496,-41.0481795323249,-40.0157857524607,-35.7707028650364,-32.188769310691,-29.0555250384661,-27.9159037968708,-28.2856978411657,-26.5697189390191,-27.0645733178546,-27.6276977113178,-28.1627994996775,-30.1358176073891,-31.7279410015195,-36.0174256511816,-37.5719455486551,-48.2166906928098,-50.2799303654142,-48.1927528120063,-42.6818726525234,-46.3347224721202,-54.7673195339336,-43.8867283459652,-48.6983406095481,-47.1941815830846,-44.8561993390396,-54.3250367734792,-45.2253221187445,-50.5426732431951,-45.5617392800096,-45.6157729673001,-51.80013212904,-40.4221487602388,-68.7779899503795,-41.4024089745204,-54.3892845009048,-45.6390045468864,-46.4890799631978,-59.6832936564361,-42.4878762626355,-53.3510555384443,-42.5977085453196,-45.7835386039989,-43.040927114125,-43.1905825873353
-42.8495609442478,-43.0668664878006,-45.2269129326769,-42.8379809508167,-43.2134127785212,-49.8430368221223,-44.3436999898543,-44.2269646409529,-43.6060320319558,-40.2547330918039,-38.3906425168125,-37.162073826039,-34.372118657725,-31.6860257003004,-28.0321705997256,-27.2865851072085,-27.2310241839798,-26.3322865751739,-25.8453084766717,-26.7842580514733,-28.1629660345619,-28.4237640585281,-32.0077541177598,-34.2680715110512,-36.3868040422227,-53.4462315940938,-43.8730546822791,-46.1938698597953,-45.2452813804265,-42.6911159337237,-49.6927142343305,-47.197477284437,-49.4982729074569,-46.9153395391417,-41.5878744518599,-52.2965623541811,-51.2480805070442,-64.0349980980678,-46.2129955508485,-45.9983005296244,-62.9103232718786,-41.295386272758,-61.0219543695304,-43.2515065724286,-47.2326985847827,-46.8968949190408,-40.3606245212628,-52.8414121776443,-39.0242427007448,-48.0795266213058,-42.7230656132322,-40.9567492893772,-50.6696997057422,-39.2479090309183
-43.4932360707726,-43.648147450056,-44.6152656447263,-42.2232685274075,-46.2778357867717,-46.1333377893242,-46.0058480114117,-48.2151793882286,-42.2130694939336,-39.5348658192591,-37.742989840936,-34.9490534378653,-32.7184772050662,-30.8401404844474,-26.9220972294044,-26.6215561751317,-25.8447169714413,-25.8393379180341,-24.7765729756644,-25.7747752440964,-27.3527135624384,-27.2085620048425,-30.8629684060737,-32.2780173738019,-34.9382479536412,-40.800487025349,-43.5045477830424,-40.4979176386699,-46.2781714023576,-42.0047086414981,-44.9528297427059,-46.5083670931324,-49.8955993110852,-57.743915706484,-43.0650838083197,-46.4671844927048,-55.4284316311638,-47.4791233601168,-47.8834323387097,-48.6079406796578,-54.2194387735104,-45.8479219139883,-50.6680618284477,-48.6606339193035,-43.1436255684612,-46.2908665695228,-39.2274069230798,-54.101871942682,-39.3358440481802,-45.1887320862359,-44.1953476671501,-39.1129289777548,-65.6902972744559,-38.2025336595204
-45.2647604684859,-45.1603243018457,-44.1715391076053,-42.9398003985484,-49.6355913724699,-43.8019628860967,-49.0494652360181,-59.1584802755687,-43.8323100703509,-40.2166747310827,-38.2715769091986,-33.5612001780254,-31.3884416616998,-29.6800114374349,-26.0599047875319,-25.7439596181438,-24.4489178911262,-24.880541324818,-23.9035611802977,-24.6541861903767,-25.6978852469992,-26.5523408788637,-28.4097590112588,-30.9179405404192,-32.9300933465741,-36.5312155897699,-41.5238845156966,-39.0212530202713,-42.491379334555,-44.3154638153293,-42.762538322307,-47.6389814989978,-47.4001687113193,-48.1085985992135,-48.2984977444097,-44.574116031965,-51.8220680527846,-43.8163768399374,-48.5244152145126,-55.4755926778322,-47.905889808752,-52.755216593576,-45.6125261700165,-52.2860493178382,-42.5864818196091,-48.154874979924,-41.6040989229353,-48.6801138917902,-43.3027502748538,-42.5390285713768,-48.8639320561978,-39.895000912122,-60.493700231581,-40.3066420328194
-47.8009437217952,-47.2186336937108,-44.4480391269213,-45.158548325861,-47.4057035008911,-43.2602153788786,-49.7694282044615,-54.7352217693289,-48.595631788194,-40.9524173633065,-38.7176413124845,-32.4726690797064,-30.3410673944157,-28.2958253404723,-25.4652397347405,-24.6114504484207,-23.2153538460334,-23.5193308556269,-23.1202893380196,-23.4669746424468,-23.9302903384804,-25.906281921043,-26.2413081429045,-29.7261398850484,-30.7475240795341,-35.041206549809,-37.1506678328515,-41.6170093708474,-41.332394478553,-48.8468198807076,-43.3247687814487,-55.676252696803,-47.8431895253737,-41.6505341820864,-46.6347222252443,-45.5281451019618,-55.4878087914343,-43.8982957142832,-49.8816178272612,-63.752100570359,-45.8886653772521,-46.1297200014606,-44.6529443322363,-48.3891359743426,-44.476901479226,-50.3037595375029,-46.1298920712884,-41.2000320760102,-54.7804829924165,-40.5200220088885,-49.5650735957562,-43.8971825231272,-47.860115688141,-48.3220439130912
-50.3864193458942,-49.3251131100794,-45.7132311093207,-49.4368522776916,-45.300446002911,-44.2419603079858,-47.2366774284773,-47.0583395057234,-46.8116052433466,-39.9842758355991,-37.854789050022,-31.2527825003432,-29.2469621289522,-26.8434310587071,-24.8981467052206,-23.3634633506463,-22.1492123653662,-22.0236419898076,-22.2573029894522,-22.2516941515713,-22.5106272799992,-24.6483175584286,-24.8589783204771,-28.1362958462616,-29.0459365507027,-34.42380961042,-34.768335246055,-43.8386909776104,-44.4604477225235,-47.0337236069772,-47.0485808069566,-47.3495623205267,-54.2224812475302,-40.6987637308972,-44.8285170957124,-49.1692149979671,-49.3200626331584,-46.6189484265569,-56.9595545061584,-55.9676558383006,-46.8751494973639,-44.3857560678801,-48.9996024506157,-48.6805757729709,-44.8333594631598,-45.6601497748925,-44.0922625718041,-38.2180349064303,-58.1037436700635,-40.3101384097891,-43.6462461234325,-53.395139036392,-42.9326513401382,-51.243591605655
-51.9340545224136,-50.8401781544186,-48.2884041585563,-57.1377546278546,-45.4986348726792,-46.874763929417,-46.1775330172659,-43.7317159126146,-41.6282073461663,-37.7856574959118,-36.1941787229426,-29.8692077731315,-27.9043103235347,-25.4571215985173,-24.1067504824569,-22.1782947994409,-21.1832711793759,-20.6498204529377,-21.1998213425374,-21.0536978286236,-21.4871654759884,-22.9043945374028,-24.0197254938497,-26.2772976047236,-27.9388235641098,-32.4747392846289,-34.4924537129609,-37.6656288676071,-48.4284781243498,-44.9064998909093,-52.2804156115275,-42.2156038968796,-51.8322603810899,-44.220964200661,-49.8755923686221,-54.5887487427938,-44.0474483447576,-48.6732211643928,-57.6673070354418,-55.081629455563,-47.7141708912835,-47.3950071855654,-57.8362664563901,-52.6507923164316,-41.9488030952714,-43.4861287177726,-42.6795554440447,-38.3786198651111,-56.3845737447835,-43.0418034926371,-41.5214032661875,-49.4684509796252,-42.312930772819,-43.7687200116356
-51.6943890629388,-51.4254168530737,-53.8348079861141,-58.292622206888,-47.3587228811574,-51.4768813716787,-46.7199061011174,-42.1241304733617,-38.9493878197069,-35.8304248066347,-34.6603805174824,-28.5374665169189,-26.5108987317391,-24.2103814682702,-23.0780102028982,-21.152913421518,-20.2707669371894,-19.5190087711786,-19.9727901831492,-19.9205979739809,-20.6758429129495,-21.2685268438324,-23.1885219165563,-24.6405721459944,-27.0924210081659,-29.7653573658509,-34.716924908533,-34.7762801700872,-40.5976166980529,-45.0053027023732,-48.878924321246,-41.5629797672686,-46.1352254032872,-57.5803777933847,-54.4308121992306,-53.3442642225434,-43.6424019585996,-47.8029946864554,-48.2451526353036,-52.131797438927,-44.5987548264564,-58.9768296121292,-43.4618513136785,-54.6211642273701,-40.6597566939688,-43.8945537660846,-44.9256026810046,-41.8298103607647,-46.1525846993227,-51.4492555608585,-42.4884922529655,-45.9185886193452,-47.2194377733191,-44.3800252226612
-50.0918563126249,-51.2724449870741,-66.4124044476918,-54.2155573107751,-47.9159904316271,-55.6043956593138,-46.1446899524191,-41.5112733165165,-37.4519011410467,-34.6478695198891,-33.5301147162943,-27.4970378970282,-25.4149982048498,-23.1587437884004,-22.0212323902705,-20.2897123812529,-19.4113848835001,-18.6229913212636,-18.7127099623272,-18.8807483396468,-19.8041353048948,-20.0641286209669,-22.0071551253332,-23.4349700862491,-26.0967739769382,-27.9053885721443,-32.7614239556214,-34.9107518519717,-37.5299867088647,-43.5386231152827,-46.3877638098592,-44.6191872015588,-45.5293909733896,-47.6714920214822,-44.1177538087031,-49.0916267764521,-49.5358320803986,-48.5693183487527,-45.6203796381621,-47.7095046340177,-42.9611129021978,-49.6629176181134,-39.711125704446,-52.8369127352845,-41.9427361892303,-42.6709840733393,-43.9474279078327,-49.598996454497,-40.1115010896897,-46.5666131524996,-47.114560239524,-44.7666335332254,-54.708000197743,-53.0245523319019
-48.2011340936894,-50.3768584474466,-50.0667985581369,-53.0793651771747,-45.1867700447094,-55.4297217073792,-43.4056403430057,-41.4359384800525,-36.3862032966458,-34.3753303595807,-32.8663436001396,-26.9640769583419,-24.8224621857766,-22.3861760762829,-21.1598291577555,-19.5422110086731,-18.6255129698336,-17.8799499202912,-17.564058504049,-17.9264677485375,-18.7146751525249,-19.2568046469617,-20.653874111794,-22.5092998107188,-24.9104554442436,-27.0905116052084,-30.3159178560675,-36.1932640622861,-38.5107195534395,-41.7679178533073,-44.8307659439942,-52.7972192405031,-46.0156252623688,-45.5143883285235,-43.198032386509,-46.4930678012353,-50.3291397811961,-47.1752807543824,-45.9082037702703,-45.2880318131465,-45.015304457027,-44.3314875867626,-39.5035001123992,-47.5991013007329,-46.1602255658972,-39.6307560260216,-39.6256418237025,-50.3403598706718,-38.2316688432088,-41.7360744148201,-61.2162719716317,-43.3867394879616,-41.9032789724986,-50.296353842952
-46.5698660537231,-48.5035324406385,-44.6907999749548,-50.6297998650564,-42.3875224551428,-52.1286355957646,-41.2350528650784,-41.6626605838487,-35.9467263335277,-35.1596979899492,-32.7930081112905,-27.1089104883708,-24.7565780021743,-21.9883312105043,-20.5960009538223,-18.88244210661,-17.9318224694137,-17.196626756905,-16.6044114632904,-17.0179493751261,-17.4865313680177,-18.5588205004062,-19.4606929352523,-21.5198001038752,-23.7738985265288,-26.5846389550671,-29.3030468658618,-34.4485921563354,-44.8616800405437,-43.8114533045957,-42.8638642779507,-56.6162803066301,-43.1253306613871,-46.3009810177327,-46.0847611267939,-46.2563961502381,-41.3843315455878,-42.945999499745,-48.6213970358391,-44.6249575770893,-51.8537658111146,-41.3127629884839,-42.2431854357134,-41.8554326568269,-50.7982227715222,-38.5859867552328,-38.3381443732271,-53.2209763730294,-39.9943274909621,-41.3862250100655,-51.4953920219323,-43.175162253947,-39.1402801782003,-45.4306747444538
-45.1744418191909,-45.920694294115,-42.0254340778209,-46.0813106459708,-40.606730292192,-45.3784075961451,-40.42477947493,-42.3025830071077,-36.8938212520108,-37.349550984005,-33.5186626189863,-27.9761644699452,-25.0925266361982,-22.006391497269,-20.2818879862478,-18.3462448716876,-17.3371238534495,-16.5196103645331,-15.8307249092988,-16.1083065619742,-16.2974411480631,-17.6115143339315,-18.4948734078862,-20.2432050457486,-22.737696533712,-25.3025590503349,-29.4639225489743,-31.9497839655617,-40.456987379354,-54.5445641356367,-40.9519541153039,-48.7410484149517,-41.0920622305517,-41.7607671831569,-41.0304978743299,-49.1001890345072,-39.1525287375068,-41.3794603318226,-54.7634285100531,-44.843376359958,-44.2923567298565,-39.0791819560233,-47.9636743065846,-38.6827132642745,-46.8865209862442,-40.5903927469544,-40.3518274740767,-52.3582870829224,-47.7578446979231,-44.1801826772761,-47.1787926767631,-46.5685176940279,-40.7680149878798,-48.3794658957476
-43.7641267553028,-43.227163647519,-40.8170924708583,-42.1756547703691,-39.9878493310209,-40.5706900854158,-40.790601006493,-43.2468142153084,-40.5278884510132,-41.8330929644873,-35.1906817643456,-29.2820689705982,-25.5961401495487,-22.358254635187,-20.0774925523773,-18.011309272988,-16.8274673702425,-15.8586686477774,-15.1851803327674,-15.1777540219118,-15.247842088369,-16.3170889825107,-17.5400881177244,-18.7577978008574,-21.5024672446447,-23.2613339045005,-28.2827762850609,-30.658832453186,-33.7846019622735,-38.4837836744077,-38.5807594609516,-39.9871046701496,-40.9736107302596,-39.1893142969769,-37.0182631934573,-53.7541855559703,-40.9203502710221,-43.6063811070342,-49.8160981161961,-44.691552750476,-39.3230856833263,-38.1213833035958,-50.8677873668878,-38.0356237999052,-43.1672411645853,-45.8655159272879,-46.1182147336383,-41.525044145575,-46.3211765811399,-47.4767956612428,-45.4680994440868,-60.192269162117,-48.523509848429,-50.0880784277562
-42.1416222660298,-40.8426411566973,-40.4477126051613,-39.4567914514046,-40.5920641975656,-37.9554884950792,-41.8715370379574,-43.2062827523632,-53.4765560190434,-48.461036195396,-37.0902222214273,-30.2188351384867,-26.0342226156126,-22.8257196308288,-19.9030470962211,-17.9259742433524,-16.3825057247338,-15.2722053384365,-14.6010826107653,-14.2557121760872,-14.3305357202779,-14.9009686151823,-16.3155577954714,-17.2298062147806,-19.7473401774289,-21.1502237584144,-24.7390947875135,-28.3474889464201,-30.2677370238679,-32.0905783158287,-35.4397050434348,-34.5041969386516,-38.5580872563137,-41.2862406219685,-37.2387730309551,-53.4536257753309,-49.3118694630688,-48.1712817374544,-42.2489136882044,-43.3441745420655,-37.5915073437757,-38.9879657629183,-48.7579738303833,-40.1647146076603,-40.9727703980447,-43.7699174517554,-46.9727628046268,-38.3525705959568,-40.9198509861074,-47.3176078552404,-45.1295263876104,-46.4347027417352,-44.8836246012706,-41.771275395256
-40.3557406319316,-38.9526777854802,-40.2588262791348,-37.8110372331166,-41.7347756086562,-37.2317524765515,-42.8507233728804,-41.8465690062987,-44.9573448867733,-43.3911161846262,-36.6453407218456,-30.2836143416069,-26.3277368155604,-23.1981207030319,-19.8428430507629,-18.0540366916468,-16.0270625181198,-14.8285962597978,-14.0528425439412,-13.4146296990793,-13.4906719716951,-13.6109591155628,-14.792804142875,-15.7170366397713,-17.5912678526136,-19.106690228147,-21.3227493942258,-24.2378414928664,-27.15863003985,-28.2479743182752,-32.1476744476694,-31.2482654644242,-34.1429080918925,-44.2745499647739,-42.4287191026284,-58.6626641141025,-47.2627353379973,-40.8053081094856,-38.1502876412812,-41.1446839280398,-37.4606266048458,-41.9214935288117,-43.3659499212074,-45.8971147307115,-40.9623861197047,-40.7816863015153,-44.3409263503225,-39.1937060308606,-41.7457490013771,-49.6749008105359,-48.089448530816,-42.6496739552142,-39.426869812042,-39.117399444201
-38.6496405287479,-37.5916097211148,-39.4954865798312,-37.1153164466717,-40.8351067768764,-38.4335766665358,-43.002929792756,-41.2470846194832,-39.3390688676347,-39.7260926989541,-34.5892148460123,-30.1432340945898,-26.5362316856017,-23.4926717918194,-20.0436381524635,-18.2995381956375,-15.8680577891244,-14.5783591546099,-13.5863151235869,-12.7419025476103,-12.6991757636168,-12.5504124837632,-13.215135554508,-14.2130845277409,-15.4155270559287,-16.9981581538159,-18.6708187354407,-20.5029019755144,-23.5675612150683,-25.0918553669095,-28.781420541746,-28.889787379539,-31.0237265633306,-35.2965576830865,-37.5467537529286,-44.5742393628692,-39.9554465716072,-36.5030695596384,-36.3409379930294,-38.9323925502363,-37.7951748386826,-44.7066631419147,-38.1801843564803,-43.909726617749,-45.5831551973845,-42.4564689738446,-46.3193325043309,-45.15761137357,-46.1704813768322,-45.7815800558604,-71.3328390225903,-43.2174773536072,-38.4450473064609,-39.4303770111037
-37.2599023100185,-36.6956456929176,-37.9426809513814,-37.1802402601387,-38.0872243108933,-41.8716811646887,-42.602974616729,-43.1251179127725,-38.8709410137883,-39.1475835019399,-33.3576105292686,-30.3559577523107,-26.6907549935271,-23.9046578281024,-20.5636866218969,-18.6418046123989,-16.0668619533091,-14.5652839853375,-13.3108543017485,-12.3109757150586,-11.9897539163391,-11.7136378969808,-11.8286301656325,-12.7406825676101,-13.4649934887306,-14.8684003081276,-16.452194624777,-17.7222783183162,-20.1730661608471,-22.0467960335585,-25.3594388519743,-26.3034286228357,-28.9397820875074,-30.8024432465971,-31.4715277458625,-37.3302562042456,-37.2091467121267,-35.3452074774469,-36.5331511317681,-37.2853694274834,-38.2464827305762,-42.0318414489386,-35.2054265168896,-38.5773011554332,-49.7593154899564,-47.9072246827736,-52.8498944741157,-47.0757994471863,-39.7112069209405,-38.7882719666892,-43.5270159038059,-44.2098769980298,-39.8617779721127,-39.3463498365054
-36.3106454381699,-36.1308547709108,-36.1488205098783,-37.4526492647365,-35.9276628175306,-43.6821436892692,-41.9001108878635,-48.5452794207389,-42.7752033846557,-40.6611714384941,-33.0181647996052,-30.608202811817,-26.7478762278207,-24.560774636023,-21.3936083805909,-19.2706738741013,-16.7883347189129,-14.8701794458629,-13.3595723571322,-12.1638395271722,-11.4377626559281,-11.0557048101331,-10.7407968713054,-11.358373044749,-11.7994299762903,-12.8924651194649,-14.3493293254896,-15.6029010125109,-17.4384065044212,-19.2790362810644,-22.2515127146362,-23.5509752182004,-26.8987953141911,-28.9513339533645,-29.282799124799,-34.1580371583336,-36.1535686836541,-36.7512637788319,-38.5925793263624,-36.2884599740823,-38.8881268485826,-38.12773777802,-34.0836357846337,-36.1222210170565,-37.6920692397734,-40.4781920810184,-54.550391075944,-39.6776324539386,-35.1490552194212,-35.0789739633888,-37.0276905172912,-39.7450655592227,-41.6332078170917,-36.8304609333257
-35.8085544709365,-35.7210193543199,-34.6553926002631,-36.9045116103996,-34.8301410596357,-38.4694582081684,-39.9981151268769,-42.5285245890407,-43.8620989576296,-39.836054363695,-32.0515388351237,-30.1929138323488,-26.7042966785628,-25.4307166009464,-22.6649856165944,-20.5798080107843,-18.1949593829763,-15.6451586714026,-13.835591465393,-12.2998293587518,-11.1038946395538,-10.530672615944,-9.93625807809705,-10.1148449975545,-10.3873437014734,-11.1765453012488,-12.3173842773862,-13.749075011941,-15.2939839673515,-16.9740815884997,-19.6885413994184,-21.2800257646655,-24.6779225706333,-28.1287071185701,-29.7379474993466,-34.2245774344834,-36.8880099266949,-41.5542972559213,-40.1426617507537,-35.6477624656309,-37.8839789086556,-34.8053967124377,-34.3463460756588,-35.1409351668721,-33.2597489567742,-35.8181638632282,-44.0422902862554,-36.3977008628485,-33.4130686814346,-33.219798731325,-33.3840841858819,-35.3566923076196,-40.0881968374359,-34.9543765831263
-35.6500789319013,-35.2963741449736,-33.6599535741665,-35.263900717931,-34.5086605728581,-34.4983760310623,-36.9080238823238,-36.4190055974465,-35.7827132488878,-35.0932171407112,-29.6628199092685,-29.119201742875,-26.6402496455387,-26.3676546129766,-24.8474315920921,-23.1787164367266,-20.5154551545466,-17.0869570657511,-14.7298734972299,-12.6522883145563,-10.9731575237761,-10.0898614495139,-9.31908364404721,-9.02368961526699,-9.17268373459459,-9.71788675047931,-10.4853414190958,-11.9418108217854,-13.4689129616656,-15.0718338172063,-17.5685404883839,-19.6156565050526,-22.7737309472598,-26.76605741626,-31.3343418443033,-39.2749153916605,-42.4120261121598,-48.864896765819,-37.2385901718338,-35.0534874271873,-35.11992911809,-32.5843565844573,-35.5368289192029,-35.1049270854124,-31.8832720530252,-33.96496090741,-36.4050170875635,-33.7733353692734,-33.0212118829812,-32.1461418102245,-31.0208007187015,-32.1561455922752,-35.3982117955622,-33.7887514274454
-35.6183941356774,-34.7525373878434,-33.1130480635528,-33.3843215776451,-34.381722515064,-32.2481326885621,-34.0313425800388,-33.269117622589,-31.6406368691211,-31.5237995824507,-27.38518513026,-27.9851542205635,-26.5953309987241,-27.0126335055022,-28.6917208673548,-28.515364961624,-24.1319838774737,-19.1990226687311,-15.7405016125169,-13.03184860109,-10.904677145009,-9.65659803446279,-8.75229861116782,-8.07178166223128,-8.10419687095437,-8.46079720697136,-8.95985243865912,-10.2235733433065,-11.7509304653301,-13.394120317226,-15.629723813224,-18.1384061198942,-21.233106594404,-24.6049525675677,-29.2090760880647,-39.8005251310274,-43.6190234471539,-38.1714954336577,-34.0484714908052,-34.549030513135,-33.2647128656978,-31.9356720033425,-37.383029738998,-36.2555742474123,-33.0096642164912,-33.3313054489414,-32.0226043913726,-31.5780874939577,-32.6700331130617,-31.0298235698641,-29.4039357787102,-29.737705532762,-31.0554961118597,-31.738654595143
-35.4357974832037,-34.0706117560487,-32.8177266726986,-31.8376502752115,-33.6996058975736,-31.2428973237013,-32.0525576327679,-31.9031968810425,-29.8929686312079,-29.7138542055103,-26.2419545206818,-27.2014490909694,-26.4970337131891,-26.7719874789376,-31.8182718993811,-51.3810384798257,-27.8054618715934,-20.6721622132958,-16.0906295530505,-13.0830312095804,-10.6515547703674,-9.12642257717184,-8.11796473332671,-7.24134018126927,-7.14883061566521,-7.35596972642056,-7.75854014835005,-8.74488509988757,-10.139527565918,-11.8393583293942,-13.746692330221,-16.3888904861649,-19.4764172233322,-22.220300700275,-25.1928882753687,-29.8916377839802,-31.8128637020996,-32.1830999352383,-31.8308924173625,-34.2002988982597,-33.0701640382898,-33.2347626712908,-40.2479825887193,-39.5033663579963,-37.1639730530209,-32.7668181446331,-29.9535026932497,-30.3913713706789,-31.2954484978566,-29.4737538628759,-28.2591409341838,-28.0278688647161,-28.1160410288072,-29.2088552947778
-34.9486207773222,-33.2896409369115,-32.5197158462557,-30.7383496778427,-32.2228054966599,-31.1404355252891,-31.0165879333428,-31.8428666198397,-30.0993069835265,-29.6325175247152,-26.5597160073997,-27.0093867034514,-26.2946559775432,-25.634550768975,-27.4283413020569,-29.0888920016991,-24.3994360198492,-19.1428499519801,-15.1924535063909,-12.4846534989283,-10.0494510112794,-8.44119788213824,-7.39334612012684,-6.53029646762777,-6.30556498388981,-6.39713189405094,-6.83812375118325,-7.60094985598103,-8.77576727692373,-10.4602175647194,-12.0558055912818,-14.5011259757729,-17.2661582558145,-19.7396909540326,-22.1289695194723,-25.1318907754395,-26.6176968006016,-28.3163294471393,-29.9924845977355,-33.4263703774479,-33.7326629750662,-36.5582032356648,-45.9185898303798,-47.9545916171194,-40.9074599647685,-31.830308950327,-29.4552745262822,-29.6882450668079,-28.9290934771863,-27.6577650747989,-27.2995112609521,-26.8883507622483,-26.4079751603635,-27.3183333333687
-34.2806799798933,-32.4927269444503,-32.0427093873656,-30.0580540830096,-30.4884727920307,-31.3718298016446,-30.7077361044797,-32.6835303106642,-32.7429171691079,-31.7976790523372,-28.5954267533442,-27.5407249979201,-26.0292847339564,-24.2795070547524,-23.4758982865046,-22.9378058950482,-19.772811003464,-16.3821268667194,-13.5680222951818,-11.352522356557,-9.21475347843249,-7.68080880613868,-6.67842805956855,-5.96530072027197,-5.61854025654386,-5.63030320889315,-6.14474932710599,-6.79684498384167,-7.77469492171619,-9.36747214321251,-10.7648006294994,-12.9576895774442,-15.2132783428389,-17.4610337756424,-19.9256744725033,-22.361412050239,-23.6938831639809,-25.697683247473,-28.199871707148,-31.4683192949957,-32.4020114997247,-36.6893618458505,-49.3628243424781,-45.5653862220587,-35.5065280730464,-30.9465264307493,-29.6086222311817,-28.5698456813953,-26.8655131167233,-26.2587361268505,-26.3747152224907,-25.9207982047873,-25.3640840398282,-26.015434936401
-33.7246824200358,-31.819856431989,-31.399396369899,-29.7323131555217,-29.0384662913622,-30.9853693345355,-30.6609324709187,-33.2539034669703,-39.8125407810777,-39.2693693017903,-31.7628160845616,-28.2703936957264,-25.5234290690418,-22.9866372051988,-20.8349968232635,-19.3471996485513,-16.6352775681634,-14.1535132507753,-11.9695185921336,-10.1400936289105,-8.43674559191831,-7.04276945189563,-6.14267498464187,-5.60679396625002,-5.1766367836605,-5.14065782282762,-5.6608805625681,-6.28470813919037,-7.15165290558832,-8.6081706536716,-9.95379724621526,-12.0307722265095,-13.9090242494836,-15.927365440399,-18.5515074918085,-20.7957586000232,-22.1797859670192,-24.1007570346293,-26.5725509968115,-28.7140944588962,-29.0183125962535,-31.6912459680898,-36.4093059363081,-35.3911978090434,-32.0421618308565,-30.8065574244395,-30.1563734749563,-28.0940705798802,-26.462009419422,-26.058826507912,-25.6198929113383,-24.7096531242188,-24.1940888061472,-24.5421056270623
-33.5543193266498,-31.4402116814048,-30.7518338013443,-29.6372985506168,-28.0683760074047,-29.6120133967366,-30.1857871555617,-31.7144077001528,-35.5022493636784,-40.1094559470894,-30.3519741122549,-27.2418697006728,-24.2562134559643,-21.5360336919025,-18.7700652318707,-16.8351937969663,-14.5889202196759,-12.6139741921373,-10.7458551169618,-9.21973193762347,-7.95583430628129,-6.73670831852947,-5.95605588440281,-5.54855165266825,-5.09887755989423,-5.03249164524044,-5.43237551462509,-6.02234577792383,-6.84277849403645,-8.12735240038752,-9.51916275977359,-11.6570497888992,-13.5231657502201,-15.541482634506,-18.3776463711018,-20.5452452561546,-22.0610073580443,-23.5615576698901,-25.2129378600812,-25.7868982388355,-25.7227225954535,-27.3191595375475,-28.9363448227078,-28.7584872616263,-29.0497194157586,-31.2161400666867,-33.0184050776866,-31.0714904601838,-29.2995039547178,-27.2164466866641,-24.6871641101191,-22.9500173909137,-22.2576265941976,-22.1973602352677
-33.9292628119258,-31.4453994714355,-30.2356987539372,-29.5559540616356,-27.531137340653,-27.9189081722588,-28.9127731106078,-28.9500542645012,-28.8397519707224,-29.7630089141521,-26.3890950925209,-24.4416149458734,-22.2690592939409,-19.8843628155526,-17.077329476082,-15.0916448442016,-13.3213622859043,-11.6423647905718,-10.0177304343982,-8.77184322706281,-7.90045130889811,-6.91991905854677,-6.26344681560361,-5.91722599371196,-5.52279356384073,-5.41867112881324,-5.56572316959069,-6.02703443331146,-6.76994074698573,-7.81004534082009,-9.2132644900395,-11.4190601243563,-13.7078579958084,-16.3548108439892,-20.0957719786933,-22.730771417477,-24.2172440777781,-24.0420859885072,-23.5884540999757,-22.6953600766339,-22.5982051839453,-23.3539869718523,-23.5746572787183,-23.6706270808472,-24.9999053557365,-28.2892966020982,-34.2571460908653,-47.2309892624422,-32.697368135446,-25.8241171765502,-22.2783020669115,-20.3921551523538,-19.5107333766807,-19.1043287906221
-34.6934316804269,-31.6582904626029,-29.7814155919643,-29.2242901966378,-27.2615787203597,-26.4718542717736,-27.2343328246883,-26.6124210564896,-25.575689642059,-25.5227938897454,-23.9380013803931,-21.9840562382208,-20.3740195616891,-18.4211052998036,-15.907983188209,-14.0538724931785,-12.650163442772,-11.1634620112002,-9.82557245649455,-8.85444329404482,-8.31945894644696,-7.69367506289818,-7.19850058218495,-6.88116303960937,-6.61397417885881,-6.42853557864639,-6.20856744596936,-6.38992330255883,-6.9090775830275,-7.576772049601,-8.81068293133604,-10.7215981004628,-13.2698327763645,-16.8754716043907,-23.2081541863854,-34.1434982821849,-29.3703104262856,-23.207187648028,-20.5805743355128,-19.2740634463488,-19.2523233373344,-19.4893135693159,-19.3936024070883,-19.6906350862982,-20.9279170843316,-22.9417660733515,-24.8267478923489,-25.249728186405,-23.4383265393043,-20.8808440533864,-18.8622509427387,-17.4603602372967,-16.5506574271152,-15.9694270612488
-34.7949231005508,-31.48582677729,-29.1229513902952,-28.4965797746445,-27.0890873598962,-25.4846320448615,-25.7527412436112,-25.1430682263807,-24.1290576244379,-23.4720490976678,-22.9237035138102,-20.6260965994726,-19.1967385394118,-17.5614858662178,-15.4404857261921,-13.6951207191015,-12.4775774481248,-11.1612693824234,-10.1639239950742,-9.45783679231816,-9.21093406195568,-9.1097779967926,-8.91464262216389,-8.68575592378884,-8.61575189297641,-8.24086961578413,-7.53509797339898,-7.23582816911147,-7.29902556603186,-7.45306912487131,-8.30175285789039,-9.46570974926132,-11.3943313516951,-14.2330947591942,-18.3675592469668,-21.8762668445337,-20.7630758524013,-18.2786098383785,-16.4611633270189,-15.6544170766927,-15.6982605827536,-15.7890860279727,-15.887680623893,-16.4474426351475,-17.5478194097427,-18.7434184222299,-19.4078364642896,-19.2574496616169,-18.4433620078967,-17.321337549321,-16.1494770784131,-15.0326275371336,-14.0733888184131,-13.3475301106993
-33.041513417062,-30.4821820010082,-28.1771900569447,-27.511068813399,-26.9296680355866,-25.0790033791771,-24.849772105742,-24.5685051001749,-23.9760623404226,-22.8653129395319,-23.0672234541073,-20.4820526836792,-19.0083613669735,-17.5362530528316,-15.7613717221466,-13.9815032549249,-12.7706304339131,-11.638055571472,-10.9753250455556,-10.5173557546451,-10.5196097482774,-11.1306933952423,-11.6071021653023,-11.7637107699357,-12.0080536952291,-11.1586858429319,-9.72442748770882,-8.63140775419658,-7.96231117131933,-7.52459327055671,-7.83436523745011,-8.14543528959844,-9.14729016253703,-10.664603966182,-12.5302105567338,-13.6910524875693,-13.7835433080937,-13.225365757807,-12.4945886832836,-12.1982643706175,-12.2654745711768,-12.3957798257348,-12.7779868778028,-13.6042065213149,-14.7495674176303,-15.7919335355423,-16.4368869862569,-16.630478206502,-16.4676490354988,-15.9221404445335,-14.9336921208783,-13.6802393686032,-12.4420013722507,-11.4136639895634
-30.5148587499239,-29.1186385561361,-27.3077115254768,-26.6434884022358,-26.8112400872845,-25.3699035338124,-24.7254338416094,-24.8597505516864,-24.9104543632889,-23.5372822848126,-24.2348743038551,-21.6431768745957,-19.955362160469,-18.4522742331199,-16.8744155396622,-14.8718708865887,-13.5363434038494,-12.5719785814019,-12.1360827821569,-11.8973186310143,-12.100426309911,-13.4533627158914,-15.3345943562091,-17.0900430016044,-18.2217475585821,-15.6949559760176,-12.7478957507237,-10.3812697596079,-8.78946675344447,-7.82307812794501,-7.51566783767467,-7.18152279390429,-7.45206262813933,-8.06988254423442,-8.83569140038088,-9.27517493520621,-9.50940462251565,-9.45268295495197,-9.2501475605891,-9.20691870406786,-9.26143103147752,-9.45528857829863,-10.0082574282738,-10.9731116944347,-12.2069625104411,-13.4790534360894,-14.7615574878797,-16.0565964007859,-17.1651462542435,-17.2344498574326,-15.7413611076964,-13.5971698340359,-11.5959104727594,-9.97095267006051
-28.4996940450757,-28.0749848139276,-26.989355140299,-26.3084931995059,-26.873716494461,-26.4344531074162,-25.5001309909202,-25.9949183970144,-26.8254238398049,-25.6335499572818,-26.4268892692753,-24.3591406531798,-22.1896167496122,-20.3409913257571,-18.6998047498799,-16.313780326569,-14.7761276271174,-13.8811955559848,-13.4592444835019,-13.3720051596635,-13.6789531389328,-15.24748486162,-18.3715527086648,-24.6828914293078,-35.8260364065792,-20.549982090986,-15.1658034337223,-11.7195019478211,-9.51215576485569,-8.26209265107048,-7.37435354514617,-6.72318218379043,-6.5039283510214,-6.53403112735129,-6.62891146527628,-6.67886571441586,-6.83063094724293,-6.85117797475602,-6.82898401242814,-6.83963742188986,-6.85964727575872,-7.08034323341472,-7.65596663800655,-8.57267381462882,-9.74633887273702,-11.173630292377,-13.0871233732143,-15.9338062545413,-20.6768706101105,-25.3035276746851,-19.0173800749713,-14.0485145038369,-10.7877278034243,-8.47518046661141
-27.3613013370659,-27.6382606578225,-27.5026123376028,-26.8501139954865,-27.3708742078097,-28.2518666566548,-27.2798208920879,-27.9643614828679,-29.5361458150172,-29.7501162698235,-29.8481459537005,-29.2490576194197,-25.8322644367284,-23.0465731950129,-20.9986786276439,-18.1986834454595,-16.4107101998992,-15.3979414636358,-14.7519103614431,-14.6786229871566,-14.9379991863113,-15.809159639847,-17.4308133454257,-19.5209361396478,-20.14980081973,-17.912768174982,-14.5542147668761,-11.9072830027104,-9.94193227581263,-8.70869424595418,-7.46187252599062,-6.77975823986386,-6.25685967885677,-5.89201071571565,-5.54677031075611,-5.35044991786915,-5.32591449849768,-5.25413771800473,-5.21743601409266,-5.16534494815594,-5.13599629182184,-5.33319232374263,-5.81488126879177,-6.53878969455259,-7.4785326126057,-8.73243496753516,-10.5174290606865,-13.1797125755762,-17.2800872001077,-21.0362573239911,-16.7810473772375,-12.1093207446854,-8.84927507844586,-6.49014461710899
-27.1908900657846,-27.8595074598232,-28.8588083608109,-28.5358861917991,-28.6220916957752,-30.6331515963254,-30.2342419397705,-30.7853878417603,-32.4804617374931,-37.8442417952706,-35.2053439404771,-37.2303086832373,-30.0694758476782,-25.7257682027556,-23.2061123044269,-20.2516878133955,-18.1950666295157,-16.9026514555668,-15.9333761159965,-15.7084389751024,-15.7932303568019,-15.7178846111028,-15.677977720113,-15.8010295587381,-15.6981473261482,-14.6921284117342,-13.0385311770828,-11.5671027121943,-10.260436640853,-9.17281492567859,-7.91939445628317,-7.33157290029255,-6.63995260730541,-6.02244744697708,-5.42085390328331,-5.06077549194206,-4.80538317290471,-4.56132813099839,-4.39410836017274,-4.21496780024613,-4.11771643536422,-4.23640881060308,-4.54578735277405,-5.00748705424134,-5.63690166253365,-6.52529904602538,-7.73146065096997,-9.23552265350112,-10.7373185805381,-11.3273735307979,-10.2480736849392,-8.19916533623199,-6.09932564712238,-4.28999176324121
-28.1888097297282,-28.839865789118,-30.6844427205368,-31.4206537955878,-30.8974003608939,-33.1997648508996,-34.8526407490291,-34.6954129794314,-35.0854769745012,-43.1192979589473,-45.1260346660875,-37.2849101482178,-31.0119701569092,-26.7402532956025,-24.5475059096642,-22.0297986733119,-19.8027618436801,-18.3018156590107,-17.1256768268964,-16.6379386489122,-16.466783516174,-15.7860949739196,-15.008904331362,-14.55559679167,-14.1646339508562,-13.3386372086574,-12.4665913842727,-11.6547146612642,-10.8532298832439,-9.88248098875607,-8.94259975838961,-8.39646478260462,-7.63323841722263,-6.87978131884444,-6.18111844431576,-5.6945413050693,-5.17651339005595,-4.72409237792447,-4.35317052601763,-4.00942999871804,-3.81333140219436,-3.79338286200835,-3.88333638246464,-4.07379310394936,-4.40213715393378,-4.91283346114623,-5.56684623915194,-6.25576623557539,-6.75182982694883,-6.75258474547053,-6.11165520327577,-4.99615058289607,-3.6950790348169,-2.43399489815765
-31.1355572533863,-31.0850857955035,-32.3759337870961,-34.3149056131854,-33.9476531306511,-35.2215710318955,-42.1395140620757,-41.9106241747613,-38.9016491434232,-38.2600187612276,-49.9805057763864,-33.0725558549661,-29.2298878627859,-26.280259326791,-25.0281331886307,-23.4511316152045,-21.2804543227488,-19.829383878578,-18.6032450434342,-17.7436253480919,-17.1855119713495,-16.2663067099796,-15.3747411817746,-14.7761639714385,-14.1964091154989,-13.495657693824,-13.0906531652706,-12.5659319784093,-11.9986015944466,-11.1378455781175,-10.716032288547,-10.0801647133983,-9.32037757504893,-8.5116950687827,-7.81645841240504,-7.17857269873001,-6.39354518637103,-5.72455218906867,-5.10449449164283,-4.57152707702492,-4.22967742890078,-4.00937492598317,-3.85887396143712,-3.80184866283194,-3.86979336742929,-4.05240901479233,-4.27918591529607,-4.46182874342041,-4.48580883739625,-4.25559141992524,-3.74096710144315,-2.99975107786572,-2.12929802613716,-1.24032388470381
-40.7312914794301,-35.5329979053706,-33.242446602595,-33.7458037534619,-34.4883963936922,-34.3180213091916,-37.4662118477245,-44.5677210580885,-40.8681101654628,-36.5757154163112,-38.8075292352106,-30.0186967824886,-27.6514925605905,-26.0083150173346,-25.6794387759306,-25.3096800797129,-23.3493681585979,-21.9824705284926,-20.5582305098228,-19.0594521911934,-17.9607893688384,-17.0943553156111,-16.5223033935605,-16.0867292349499,-15.537864629637,-15.117670443315,-14.9641017633974,-14.3943760260933,-13.7928899368678,-13.1558482488034,-13.3687165758091,-12.6276877743412,-11.9601978068612,-11.1040164664258,-10.3596470270751,-9.43862747896508,-8.41786910560813,-7.54137731990665,-6.65982694613866,-5.93125821004617,-5.39052596849301,-4.91840790619773,-4.52287879876843,-4.2402297451556,-4.07209252530867,-3.96649100859296,-3.86569036755369,-3.72358837521432,-3.49548444881063,-3.15849251262659,-2.70088006724598,-2.13385699165846,-1.48635133198371,-0.813034008732074
-35.2388281013873,-32.8091215754198,-30.2105596353148,-29.4840347711002,-29.705017858349,-29.5727796454523,-29.7343970927834,-31.1452786921185,-30.6156260949096,-29.3966091121713,-30.0710046878092,-26.9631808193796,-26.4936088848608,-26.7754172299335,-27.6849725526362,-29.4679446324413,-27.4386123535092,-25.0070329549112,-22.4724395169096,-20.1291760983442,-18.6657732653553,-18.1475068783209,-18.2220440707543,-18.3839650633653,-18.3852625106492,-18.5930326868829,-18.2766611269035,-17.132733235137,-16.1773140577135,-15.9706282581717,-16.88763037663,-16.5076713534485,-16.197646592783,-15.1357800205733,-13.8696341539115,-12.3341163541898,-11.1187634884901,-10.0572585620394,-8.99891254752217,-8.14460003125383,-7.38734078655728,-6.63180241669704,-5.96306065438301,-5.41518178434606,-4.97441129320077,-4.59406066965494,-4.25924191795651,-3.94681167195011,-3.62371590506521,-3.26375009482966,-2.83493337767239,-2.32511956831468,-1.75300424839477,-1.16451165102009
-25.8319130790682,-25.5154372373674,-24.7955142118118,-24.3406644804457,-24.2285925556972,-24.2746162477014,-24.076143165359,-24.2530813753771,-23.9439980992805,-23.11240343966,-23.5481685421882,-23.6318471308806,-24.5954505906078,-26.9019828731138,-30.0585496671221,-41.4351402958369,-32.5700750188034,-25.9066371754936,-22.5674600722733,-20.4133615044828,-19.3213766258437,-19.4386118497087,-20.3380876908434,-21.6285877072852,-23.3331634229727,-25.3539071537158,-23.3242737498061,-20.6272223113635,-18.9706066654911,-19.2483151838462,-20.6847899135025,-22.3415467442945,-24.3661718081758,-22.0097515429421,-18.1376721073045,-15.3968951033683,-13.9472826242694,-12.8418570274949,-12.0287646287703,-11.4109958719964,-10.556443071059,-9.43878205258753,-8.2875461277399,-7.24975543137733,-6.40741099113091,-5.7826071008181,-5.37911587780738,-5.12312520836755,-4.90449134922476,-4.61027921827888,-4.15937339147977,-3.55890304949927,-2.89503080847081,-2.26199428519371
-20.9671109908568,-20.7459456739934,-20.3462048325068,-19.9745696668571,-19.7468206806987,-19.792470931051,-19.6130663732818,-19.4054631473423,-19.2699248957276,-18.7051427899796,-18.8098206317489,-19.9322807273266,-20.8677027019129,-22.4000733182801,-24.4088906998765,-25.8736055990452,-24.1412825879028,-21.8779715847658,-20.6500377153362,-20.0545017515488,-20.1107552879018,-21.1784301160218,-23.0057025127371,-25.5080118039909,-30.196275381135,-47.8437796108786,-28.966805335585,-24.2652322847001,-21.9302248730478,-22.037873566779,-22.4820788308978,-25.4181736925762,-31.7996483426671,-26.5857379325198,-20.1826615349392,-16.9968974560519,-15.4771092560268,-14.950387124681,-15.5460032731334,-16.6432766608336,-16.256135228042,-13.9105395085759,-11.2896117219613,-9.2573213843631,-7.93526353565386,-7.26010914424706,-7.13324215791437,-7.35882952527168,-7.62638566520552,-7.5287878714499,-6.86112960944409,-5.83978227814694,-4.82326272329748,-4.01284201408881
-17.8919397485279,-17.5723415183291,-17.1527476974762,-16.7124161323028,-16.3775355999856,-16.3025902802372,-16.1295320542268,-15.8246307950208,-15.7863794919944,-15.522785597484,-15.3760474860901,-16.3648004020637,-16.8295278893358,-17.4471944202423,-18.4583643725961,-18.8794918574586,-18.2247648864413,-17.7776760533115,-18.1032342881412,-18.9624492065463,-20.4313682365146,-22.9047443606179,-26.4497150233393,-30.3437923857721,-33.9601113486461,-35.7490047707714,-31.8063534950065,-26.8876545713265,-24.1809260249679,-22.5548355769543,-20.8236473463103,-21.1070613257934,-20.229714629516,-18.4947847320542,-16.8392892694081,-15.3974272781572,-14.579086744986,-15.0903585475538,-17.7096528724045,-24.8392757634047,-29.5646868166938,-17.557208226397,-12.7800827743431,-10.1851314615479,-8.90210846741198,-8.64650292746451,-9.31867214418411,-10.8369101074067,-12.7371033713419,-13.1867310050593,-11.2674801734713,-8.95320384462276,-7.24618366927334,-6.20683876863965
-15.9756966134862,-15.5090549613883,-15.001890362995,-14.4657189650907,-14.017570987886,-13.7647351119013,-13.5442311886088,-13.229731554142,-13.1937849166602,-13.176256096393,-12.9421739051224,-13.4533513784626,-13.6658350153772,-13.9436466490661,-14.4926219879852,-14.679659839592,-14.4773685449909,-14.6310035691906,-15.3909159061974,-16.5873999692774,-18.3585239197987,-20.9580076271829,-24.7243962192348,-29.9256716594215,-38.4568892948323,-38.6515684315668,-29.9338596438765,-25.0454793252135,-22.0146654841609,-19.3864468509138,-17.4926140850829,-16.7029801441192,-15.0210697424237,-13.5063890326791,-12.633887954069,-12.1158597057472,-11.9418540815151,-12.6080987860179,-14.2098108216313,-15.7485815147166,-15.1703408526991,-12.8834700258371,-10.7673888054303,-9.42963607032733,-8.97993330203131,-9.48707006415281,-11.1356670739757,-14.5403117140708,-22.3445610747286,-26.1501104815079,-15.7155536301873,-11.5859272187993,-9.46095122901255,-8.47034367549096
-14.9892219843231,-14.3364685867844,-13.7155639237496,-13.0917904188982,-12.5407197755584,-12.1031834566082,-11.7992939014633,-11.488567388784,-11.379390092977,-11.4835809700158,-11.3179451627881,-11.397041171047,-11.5554426859399,-11.7385241855473,-11.9822013868199,-12.0347419420343,-12.0489261330409,-12.3128158026148,-12.8619534428068,-13.6387980428609,-14.7827747765919,-16.292638525439,-18.127530100633,-20.1020650664044,-21.8753834339607,-21.9617672252667,-20.3691207440087,-18.5111219371477,-16.5222256075333,-14.6996997727681,-13.41789193589,-12.161263997126,-10.8067253753134,-9.6792048552409,-8.98662470883204,-8.73279337775795,-8.76397497134401,-9.08936210231702,-9.57028004363599,-9.7723414070781,-9.42130852495983,-8.76943434797687,-8.22780043765987,-8.05760879112579,-8.40700524695377,-9.38666586460769,-11.0890895325342,-13.5499965549429,-16.0311250191215,-16.0418983482258,-13.8790712349761,-11.9060952362678,-10.7414744754727,-10.3768298842757
-14.8432664033863,-13.947551724404,-13.1691886415478,-12.4562440498805,-11.8220239962728,-11.2354318066181,-10.8445840869817,-10.5370369396747,-10.3185512769001,-10.4060193517064,-10.3920195826375,-10.2171354834505,-10.4185563726146,-10.6064499435677,-10.6354566620363,-10.5863564872725,-10.6619786739918,-10.7917075774683,-10.9250390401378,-11.1935862222892,-11.734530400344,-12.452089378935,-13.2396314431925,-13.9643456949093,-14.4685910183824,-14.3851180812894,-13.711918133886,-12.7112717111254,-11.4674980292079,-10.297547108346,-9.30765085639309,-8.07020982206384,-7.18796740583613,-6.48491613238979,-5.95768992118441,-5.78346056001156,-5.86590541924804,-6.01879427300032,-6.1712857645214,-6.27425965489357,-6.28182466560388,-6.28968649970567,-6.45112982383579,-6.87618730148335,-7.585111674506,-8.53982324620239,-9.63525825854065,-10.6764156560145,-11.3779218659634,-11.5699333731035,-11.4181098823841,-11.2329300901435,-11.2727903123228,-11.6940566396238
-15.5202878163438,-14.2842119513262,-13.2619810812643,-12.4233287767275,-11.7225724078377,-11.0646660280513,-10.6314963600594,-10.3541054224346,-10.0467918992236,-10.0116884935557,-10.1327238689335,-9.89075018160239,-10.1421253701285,-10.372836204309,-10.2992231550674,-10.2042841916063,-10.2465173548547,-10.1362914164022,-9.85762801420077,-9.69209980378506,-9.72790879968134,-9.84401227734869,-9.94373063285757,-9.97469399458319,-9.89143953384039,-9.62957408568905,-9.09452563379764,-8.30987000823917,-7.43100137374622,-6.6102583674953,-5.77564689554945,-4.83569739362962,-4.29081456673832,-3.89910592748263,-3.56286055861157,-3.46083122052022,-3.60094487254532,-3.77557703587623,-3.94168256470499,-4.18186415228351,-4.50494543523062,-4.92063056231856,-5.46076565409773,-6.14609422345826,-6.9209246933379,-7.70073955816201,-8.42639447821222,-9.06620897984205,-9.61064373372093,-10.063070140856,-10.4922805871727,-10.9942964963776,-11.6406376449943,-12.4802597260724
-17.0397434169605,-15.2799065433381,-13.8698980103061,-12.8260683696504,-12.0617942843165,-11.4520608450265,-11.0948067114705,-10.9501434334392,-10.6700576176101,-10.4723143332322,-10.6199979159453,-10.4141457386039,-10.6064476950833,-10.8466013555694,-10.8317983505815,-10.8331312280913,-10.8535931546957,-10.5175273678238,-9.88381854952684,-9.29170538215648,-8.78949471103181,-8.31230964173386,-7.81932253653266,-7.33036047940175,-6.83911693321916,-6.36155813904956,-5.77053420968594,-5.0508517279426,-4.36074047979969,-3.73301969231333,-3.06622233016927,-2.48435086193175,-2.15622537294271,-1.96212814522156,-1.8212800647323,-1.83031047884836,-2.06147901083326,-2.36193805213631,-2.68226619881334,-3.12000447646666,-3.70886688913077,-4.41653440531721,-5.19562311201893,-6.00328112619098,-6.77489817743005,-7.47136293292869,-8.1141685704934,-8.74356425424778,-9.38371107050148,-10.0203153563647,-10.6642811151,-11.3708687338141,-12.1697593172,-13.0803511070734
-19.3356371274168,-16.7286087421333,-14.7632294990205,-13.4297193958892,-12.5962107365835,-12.1712107930561,-12.0959239475995,-12.3328386694616,-12.41601119922,-12.1455361368754,-12.1266942889637,-11.8509415589276,-11.6705424304533,-11.7292820919382,-11.9392432477207,-12.3665972828378,-12.6701551148749,-12.3601812429611,-11.3957640110555,-10.1546917895389,-8.8564891749847,-7.63339767991237,-6.5225461108704,-5.57114973226511,-4.75432515413176,-4.06776195038164,-3.40296958508788,-2.74218681716113,-2.17997227003376,-1.68785268187029,-1.21632225139494,-0.945168236789053,-0.76059730434183,-0.694658879899608,-0.739785046968045,-0.897132060476009,-1.24511853832876,-1.71736807990275,-2.25660840195201,-2.91686694876473,-3.74141410637658,-4.6866887110777,-5.66002596543971,-6.58260466543876,-7.41122676323597,-8.15053647446055,-8.84142274198695,-9.52968803086388,-10.2304217090096,-10.9246221303731,-11.5988742533501,-12.307996632396,-13.0966107894389,-14.0001635336786
-21.6447561109764,-18.0181290414611,-15.528220195597,-13.9316890179623,-13.0433619413443,-12.8716828757025,-13.2741978323292,-14.3033589752462,-15.704157337208,-15.9859805696669,-15.3723328747799,-14.337331857229,-13.079363279187,-12.531812725008,-12.9186208784956,-14.1830265068233,-15.8874008784259,-17.088025132802,-15.4971114262848,-12.3731323776103,-9.57780621697657,-7.37504003934241,-5.65884391253876,-4.34643853385965,-3.32604583866167,-2.51546346700821,-1.8431764472122,-1.28299207779035,-0.842990095453851,-0.475925652296209,-0.202791795460968,-0.151349738045248,-0.0683440647930292,-0.0984279595460996,-0.311988062253409,-0.639765909177365,-1.12210050810915,-1.78382830042952,-2.57435424439533,-3.48002053808062,-4.53877583177228,-5.7178206252405,-6.91299573019568,-8.03143751429946,-9.0339335943613,-9.91558488357668,-10.67311361078,-11.3370889947247,-11.9424700048413,-12.54026313438,-13.1548980932402,-13.8509495993299,-14.6823063519079,-15.6621385323635
-21.9031201923249,-18.2749135224407,-15.7453291011849,-14.0896070152637,-13.188822793038,-13.1599781599482,-13.8956035860253,-15.6869034800875,-19.8263050234048,-27.1133086197422,-22.1311249543335,-17.2015742732592,-14.0038815896924,-12.5694532092293,-12.7299047545936,-14.1883368853151,-17.4852045591767,-28.1118515586312,-22.0471443988729,-13.8436301081308,-9.60294971299543,-6.78578639270367,-4.81352750565673,-3.41127885580971,-2.39501982852907,-1.61753881955701,-1.04529197856967,-0.642066026359382,-0.341500983229731,-0.102525747680005,0,-0.0577583771258479,-0.0485800187519626,-0.163127062328088,-0.5201260368475,-1.02349378888826,-1.65377149158923,-2.51079793991543,-3.56963320602215,-4.75129669860755,-6.07314351784787,-7.52936195819929,-9.04294693836705,-10.5199277351499,-11.86572442472,-12.972710527302,-13.7279939758213,-14.1642805987311,-14.4418520910612,-14.7981761649265,-15.3531031186044,-16.1376724705362,-17.14671452932,-18.2914626112689
-20.339833892456,-17.5982448379627,-15.4559132515128,-13.9224833455809,-13.0174552898459,-12.877089439295,-13.3924697306796,-14.7191776092429,-17.3315411011747,-20.6300811208919,-19.5262064989454,-15.8688289296936,-12.894033063464,-11.3034207308318,-11.0460624591506,-11.5352897121985,-12.8975054208333,-14.3373876166853,-13.1738451112599,-10.3947265819636,-7.65767278285693,-5.43320137947604,-3.82248490074434,-2.69814305149016,-1.93078243402455,-1.37921450254165,-1.03519956737523,-0.852528056988481,-0.713644184262095,-0.595746129967886,-0.596627271070426,-0.636461943670446,-0.673018113743194,-0.865747012163963,-1.33271562825156,-2.00116052256114,-2.79234652617888,-3.84753695782667,-5.1839666773751,-6.67831898659604,-8.30970095361536,-10.1137838812149,-12.1044880927445,-14.2178653889912,-16.2204604312973,-17.6999723310629,-18.2984218140775,-18.1511751566098,-17.8034721743418,-17.7864858650362,-18.3144902616263,-19.2996701044074,-20.5565554856789,-21.7953471732323
-18.9917246266163,-16.8955004704083,-15.1098500431466,-13.691295975039,-12.7177036348144,-12.2546661105262,-12.2059635510528,-12.5321436293455,-12.9557124762387,-13.0707173515396,-12.6679816921281,-11.6849445128098,-10.1576146206213,-9.06627127381668,-8.58662984742402,-8.33600068155637,-8.4411802651636,-8.29279356770974,-7.52356383729641,-6.40024330468345,-5.05713565694991,-3.80063132784324,-2.8812741921977,-2.29486488042486,-1.98761549239163,-1.86723774271451,-1.91049711063047,-2.03244502220898,-2.07036406880578,-2.0262383951443,-1.99431225828964,-1.86322446902431,-1.90294068646036,-2.16053911363161,-2.69569499280375,-3.50623271675326,-4.47480737501028,-5.73463679055109,-7.35188453202351,-9.18252719365134,-11.1364732815493,-13.2931237656458,-15.8523647710523,-18.9006707263313,-22.2219896047525,-24.8723916436727,-25.3320425079829,-23.8417964154983,-22.341052107818,-21.7277477707549,-22.1627589745165,-23.2902845796036,-24.5256777844496,-25.4085124584325
-18.5159982689984,-16.7182529965136,-15.0954784042201,-13.6812257904607,-12.5482967663484,-11.6814607975975,-11.0872451313819,-10.6965134800876,-10.20286027506,-9.55273390583397,-8.95948912768472,-8.41833424573232,-7.48056497383522,-6.73067599380963,-6.15613871679088,-5.63296700970782,-5.28362167778173,-4.79195839607652,-4.22070633470122,-3.63080127716127,-2.98932249185534,-2.48072706896187,-2.25226173425701,-2.30594699749821,-2.62641071989523,-3.18195056641143,-3.87342805636105,-4.46588518683755,-4.67272953844924,-4.53319570472009,-4.17889205260889,-3.68839943161865,-3.66326590457228,-3.95824610756101,-4.51789010072547,-5.44491601019473,-6.62122485873457,-8.10263860231654,-9.99047385178559,-12.1226778580353,-14.2742339410231,-16.5061685114924,-19.1570989583535,-22.3688377957705,-26.4319419790994,-32.5911485309274,-42.1478059581707,-32.6303111687289,-28.4330529451387,-26.8555381788378,-26.820974823748,-27.43651648765,-27.8678573341232,-28.2279286363407
-18.9877606304759,-17.2477526532971,-15.6053396868813,-14.0775728950271,-12.716407024235,-11.4524571277518,-10.4228343033057,-9.56949883821056,-8.66149322448608,-7.70160946377732,-6.87875385951783,-6.28123782400417,-5.50287196411588,-4.85532702006627,-4.2092616953644,-3.62739323165477,-3.13802943991109,-2.61498546063654,-2.2133390213091,-1.89436233471256,-1.66322591503684,-1.68607885374435,-2.03156791477089,-2.7156924836644,-3.79065190259838,-5.36082657979504,-7.29284949467756,-8.91605044531345,-9.19926227364117,-8.30693024038299,-6.99250307506178,-5.9710724444096,-5.79966550912106,-6.09743632166901,-6.65971550319076,-7.70132412495673,-9.14925246755733,-10.8835628356299,-12.9984179324862,-15.2990865919637,-17.3679060450159,-19.195910542991,-21.1515090146108,-23.3866163433588,-26.3648910348773,-30.6210815604366,-34.0078991157629,-33.1772857107386,-32.7505962407073,-32.7151079147479,-31.4170966486269,-30.2025442988765,-30.0143472622489,-31.096343749129
-20.4259402899524,-18.5374509161721,-16.7090106633827,-14.9627858168608,-13.3365053442898,-11.7208646336791,-10.3402662227662,-9.14756618370548,-8.00847115616335,-6.8931487414754,-5.86872828652064,-5.08063500745721,-4.31013060460947,-3.64027187212759,-2.93019121766587,-2.34929243077255,-1.83013278421859,-1.37432900399106,-1.1136822663102,-0.968508128612685,-1.0129245102172,-1.39551394708134,-2.138763768816,-3.30910559251013,-5.08044645151284,-7.85562205007007,-12.1694612606604,-18.5018340770426,-17.7935079469834,-12.7853964331338,-9.73862171996402,-8.36141425451198,-8.03345603344697,-8.3298311388051,-8.94826828067381,-10.168749762737,-11.9985401796826,-14.0215569678568,-16.272088773374,-18.589809897548,-20.4618211908685,-21.8863775577212,-23.3269754786297,-25.1163454759626,-27.5390027631374,-29.725163441244,-29.6711834574172,-29.470210570864,-31.7680951179715,-36.5704212329863,-33.9185809689448,-31.3344031499423,-31.9731316941812,-35.4916673437126
-22.8703352798781,-20.5839424027387,-18.3944234560324,-16.3349061366097,-14.4338012828832,-12.5334400254003,-10.8637746966009,-9.38641195966594,-8.07863511699358,-6.87163660069174,-5.6884611081183,-4.68686473644506,-3.87341118954294,-3.13164611689405,-2.37328797972655,-1.79514735464587,-1.27830100845259,-0.911102960976718,-0.749612947112699,-0.720051916191651,-0.944401206859779,-1.51269161253811,-2.41343238427217,-3.74948964266572,-5.70833042323291,-8.62523602952813,-12.7349288896129,-17.8615084764944,-17.7734859253574,-13.5744869281799,-11.0968452014621,-10.2706227932206,-9.98795945255718,-10.3719029415033,-11.2332494040074,-12.7742701490945,-15.1022606211782,-17.4340145512106,-19.7490797446243,-22.1509437080232,-24.1564666184644,-25.6906425604257,-27.2718594818864,-29.1674204366655,-30.8878054477635,-30.8100822713696,-29.495985752645,-29.3504062821847,-32.0177922378836,-36.9811880631427,-34.0701410116658,-32.2862202126081,-34.6402209552456,-42.5594352404588
-26.2666526318809,-23.2399217661462,-20.5320275012905,-18.1092398837379,-15.9587088252912,-13.8655772324372,-11.9736050882924,-10.2475685677845,-8.784843013094,-7.50703206126306,-6.21326820096668,-5.02450171061712,-4.1556010864531,-3.33132086097891,-2.54776787804439,-1.95724603792647,-1.44628241142809,-1.15237700694071,-1.03813661530875,-1.07565506720138,-1.3863065916632,-1.96098312583138,-2.77640234672882,-3.93096668599828,-5.4732032080424,-7.37142942956814,-9.30691899076184,-10.9749680379033,-11.7491910810892,-11.346516710831,-11.0215469420212,-11.2849288970838,-11.375730595894,-12.0441172072779,-13.4221549712112,-15.3914429320709,-18.2118258301085,-20.9023979662876,-23.4927333744299,-26.418659940069,-29.0695204938372,-31.1263807703225,-33.5630414247831,-36.2223159792492,-36.450735020453,-33.8431497381957,-31.9587649701308,-31.9108533314853,-33.8427904147384,-35.1276794590933,-33.8453375326733,-34.3109793885495,-38.8595287377597,-47.8386684367232
-29.8632903458024,-25.9485193499248,-22.7954142902572,-20.1249186028714,-17.8200779138628,-15.6591006223023,-13.6307559278427,-11.6972664835765,-10.0746956844859,-8.71873525517899,-7.36399199090833,-6.04649680081566,-5.13021479696322,-4.23890186487428,-3.45895871726806,-2.83808672458809,-2.32462922321856,-2.06359223125245,-1.93884089342154,-1.99744640251318,-2.30110188147903,-2.74247137529037,-3.33799309509594,-4.1644983536543,-5.17162329342345,-6.28376859863791,-7.40725054407666,-8.49323921340051,-9.33695973404339,-9.8873506544998,-10.6628706424629,-11.5899398389493,-12.2130824966379,-13.3650714671039,-15.3896290690994,-17.6358257913044,-20.7495247057531,-24.0580994471508,-27.7168685058827,-32.0179395217127,-35.1081810420829,-35.5860861135027,-36.262373816117,-39.4759783850392,-47.3353994118394,-38.8508249175229,-36.3385809076916,-37.2219572164966,-35.2217901244239,-33.4081065904555,-34.6194931150264,-38.4267523329546,-41.4458428262081,-41.56749935432
-31.7267307490376,-27.8204375255897,-24.760654109688,-22.2169496887723,-19.9608437011988,-17.8926266070107,-15.8139791651476,-13.7075879903964,-11.9044416292364,-10.4362568100023,-9.06622976446178,-7.71171677551805,-6.78084357170455,-5.87200029345385,-5.13525029617426,-4.46726649888188,-3.92914850932537,-3.62941161702292,-3.42921304176167,-3.46125582456085,-3.6809619081142,-3.94292579654064,-4.33515922146735,-4.88122595654899,-5.50380495368322,-6.19098806715017,-6.98594068341186,-7.7878089880229,-8.52853359362909,-9.38727460177238,-10.5377328246854,-11.6250567455402,-12.7740983793708,-14.4454996206208,-16.8700692040891,-19.0659646809441,-22.4135383845425,-26.5807703198238,-31.9034635870191,-39.7175403302851,-41.8595613422794,-37.4728617572091,-35.366701423166,-37.773296859673,-45.917397299274,-37.3893984308915,-37.0523739200945,-44.8808272791345,-35.715467129391,-33.3044453821404,-37.1101293244518,-42.7446897913956,-37.5919056965118,-38.3558673225908
-32.1374475520746,-28.9016429931209,-26.3694551647552,-24.3578845847388,-22.4494684780511,-20.6866299906394,-18.5952376425506,-16.2741536049359,-14.2131748800717,-12.5586424743932,-11.2051748126701,-9.95324679237609,-9.09259758475413,-8.29068135744579,-7.67041445426,-6.93808525698653,-6.31519115230224,-5.84386324444821,-5.47817590865344,-5.42220362809217,-5.52048904801447,-5.68506000937089,-6.02076615868203,-6.42771765783781,-6.82265359889637,-7.21880188277878,-7.70836371092023,-8.14316395629,-8.65064679922754,-9.55256408242065,-10.6881139096797,-11.7221553839666,-13.3409991463638,-15.3217923169234,-17.7377410935913,-19.9736214776456,-23.7273085537057,-28.1441619192859,-32.721988007664,-42.1644790368305,-57.5342039467473,-42.5016353000175,-37.5199798801011,-38.4077651391219,-38.0318899035208,-34.2504759422618,-35.7114601685587,-46.2348048153321,-37.0435119325851,-35.225590318437,-41.7080557666104,-40.0543816826501,-35.7565362830167,-38.3293982313293
-32.992967413503,-30.1050555594492,-28.0248585901281,-26.7125379425531,-25.5192865900534,-24.4222124212763,-22.2500013198516,-19.4289333620197,-16.867675146669,-14.8874318652131,-13.5596608532733,-12.61756094652,-12.0231698025665,-11.6499346333135,-11.3439590857773,-10.5137958572731,-9.6150522086575,-8.68744022491186,-7.98760914500351,-7.74239026814977,-7.74549097551852,-8.05583890633834,-8.64497402585505,-9.17677410561586,-9.48437010525,-9.50232649324708,-9.41407186795663,-9.23967876152234,-9.37874666395168,-10.1322902192122,-11.0609106688732,-12.0635499991459,-14.0284296015382,-16.0132386157919,-18.4080950587539,-21.1284728849828,-25.169221397985,-28.784341974604,-31.3835587699149,-37.610809751262,-39.6296976756245,-40.7558378033082,-41.8990232413958,-39.5986441193046,-35.702492151592,-34.2042916621215,-36.8157870345093,-40.9200746757472,-38.7350672435512,-39.6736419361235,-44.7340139621903,-38.4951314318616,-36.9347033607233,-41.8202832326638
-34.7704721753386,-31.8578034589337,-30.05655260183,-29.5242085863673,-29.6195738641153,-30.0757731477164,-27.3368342647467,-23.0518095203244,-19.5113938590447,-17.0435065238949,-15.744503834986,-15.350021926769,-15.3650538922813,-16.2631417031146,-17.0957716817819,-16.015461709832,-14.0338999940012,-11.9601644724569,-10.622881717133,-10.0522736465265,-10.0608133043912,-10.9313350278469,-12.4364179830343,-13.9218885895671,-14.4574219920032,-13.4306284063548,-11.9354236427528,-10.7665433674205,-10.4242519524317,-10.8902950464841,-11.6001429042481,-12.6878099718952,-14.7946734616261,-16.7282456236092,-19.4989995910204,-22.9544666490919,-26.7572286670574,-29.5728562196663,-31.2328983162718,-35.29667775527,-34.9241245700748,-35.5516673362244,-41.7260865962014,-40.0795721029694,-35.92022157264,-37.2361192066583,-38.9860254130617,-36.9196727169523,-38.9190470775589,-48.4222523345305,-42.2640364941075,-39.3996653026443,-41.7417884433811,-44.5229649164565
-36.9240597487945,-33.8313305540559,-32.3777424444219,-32.9183656224891,-35.7773699384709,-42.2039609402982,-32.9077212808526,-25.8467829333422,-21.4041639499129,-18.5534396313367,-17.3084174137221,-17.4654082220987,-18.1776997778293,-21.4144992647616,-29.1122966498832,-25.7526238287424,-18.4341292334332,-14.4534102381324,-12.4716835740766,-11.6289277208702,-11.7473642564452,-13.3045796330196,-16.3067132589184,-22.222186443227,-27.6342046935712,-18.7232589037282,-14.2696179299874,-12.0711075009659,-11.3994539508387,-11.5957245749951,-12.2455089171852,-13.5096353802091,-15.6020857262394,-17.8018526291845,-21.3009684176309,-25.2843799154575,-28.5886375361698,-31.7547163916792,-32.9316966176115,-34.9367037384162,-33.9364337236529,-34.0058253996774,-38.9963322967949,-39.2261008461248,-37.5955376125403,-44.490835043352,-38.4610460226097,-35.7419587078088,-39.7413701751571,-68.3511580355693,-41.0945032959419,-41.0890323742359,-54.0534726553899,-39.5983628707196
-38.0862926085863,-35.1463862896378,-34.4394599800179,-36.1788114708793,-42.0107215756515,-38.223362412794,-31.1182318822646,-25.8576132482275,-22.0561143805959,-19.2979411684933,-18.0758091723182,-18.2216279753387,-18.6278235795732,-20.2198761496007,-21.6636690042319,-20.4594020619793,-16.9776004162674,-13.9822875661224,-12.4304434553222,-11.7394173664164,-11.9074762865993,-13.0546749924347,-14.9112736544952,-17.7698243128875,-19.0541959619695,-16.7847720336782,-13.9305158225936,-12.3021569121429,-11.9263268583185,-12.0938826901452,-12.93381206235,-14.4064246705699,-16.5423333351796,-19.3653441372464,-23.3618196485509,-27.3446311785572,-31.3282179588311,-36.7534787557688,-37.0204904999071,-36.3513163520531,-35.5451946458181,-34.581597783308,-36.660687223287,-37.2944233593763,-39.7287937614297,-52.3635942307683,-38.1021711550481,-37.7697264163742,-44.7328327121826,-55.0744133706532,-41.8686383834381,-41.6501567396268,-52.5055606215713,-37.9350329597585
-37.693447312197,-35.4069375611645,-35.4948765217265,-36.4592754214388,-35.5718796578577,-31.7762604741809,-28.2630348300233,-24.9039714148993,-22.1184004604554,-19.6914873321303,-18.3252088604893,-17.7712498363304,-17.2051512752092,-16.5995073974777,-15.887074096659,-14.7892943009114,-13.3458048832507,-11.7260060220642,-10.892121298427,-10.4758928334355,-10.5316907664871,-10.7418400613234,-11.2658838638812,-12.1063106850599,-12.4956197604455,-12.2917386819154,-11.7503230846854,-11.5947695375648,-11.9414090529894,-12.3925519582123,-13.6252255109458,-15.3503704211688,-17.7344942924684,-21.0071136497675,-24.4130350328107,-28.6736545816802,-35.9985170604387,-49.9707338877319,-45.5236486424562,-39.1607417302485,-39.6825338658701,-36.1590667651065,-35.0420927127825,-36.3112354821522,-42.6926993626879,-47.5858888231924,-40.9960434570403,-44.6830419011857,-55.3239108438641,-51.6391926653718,-43.7688844850219,-42.7921240260634,-58.016537960166,-39.8866281429376
-36.7763126800443,-35.1461433581016,-35.1864787618601,-34.0857794142514,-31.4560363410811,-29.1723843413488,-27.113165055189,-24.7489480303777,-22.5097594596418,-20.2676647827172,-18.5429545169545,-17.0447156384447,-15.7417842366208,-14.2940221228549,-13.0644942256942,-11.7561445606715,-10.6470732671203,-9.5409943871332,-8.98534517346355,-8.62172470020653,-8.50779444879252,-8.30058073472711,-8.49612162083752,-8.93990589813395,-9.29200553386157,-9.52789144173565,-9.92556590427853,-10.7712534751989,-11.701486644258,-12.6510799537636,-14.3399358060905,-16.4422858434649,-19.117527044004,-21.989611248513,-24.5221696164148,-29.7294191515358,-39.0594385800976,-42.5094236917166,-45.6669799558986,-40.8765902933282,-45.3042643035697,-38.3007887659587,-34.9598988643192,-37.3244391795839,-46.2871915768736,-44.5895546381413,-51.5105803422373,-44.4425118992346,-42.9475319618718,-49.2528290656939,-44.8553240193753,-47.2935166906643,-49.7060123970591,-44.1548251051969
-36.0477854151476,-34.8168978398621,-34.0082040508132,-31.8439557709462,-29.3838780577259,-28.1574948532102,-27.1768186492125,-25.7209192105002,-23.7839363162885,-21.4644977600023,-19.1653288558431,-16.7328590252311,-14.8756410084506,-13.0035631951214,-11.4868354150286,-9.9076744220224,-8.73888341234677,-7.80300855850775,-7.25631511389071,-6.81345707198951,-6.5654032491958,-6.34108414885152,-6.54594624303262,-6.93096823546414,-7.4024282832264,-7.93828547679137,-8.87741282120241,-10.2356860952137,-11.5244243798824,-13.0760735836139,-15.1700674124194,-17.7973922668107,-20.4428080821725,-22.5475349631789,-25.0720767839903,-30.4139062368828,-35.0862595408167,-38.7385439132417,-39.976206878562,-39.9737891231029,-44.5950486286395,-42.4346933728466,-37.0616971751486,-40.3155578710319,-42.0537194901933,-41.5443437155378,-51.0081747683043,-39.5583293572444,-41.093567705532,-50.0156922259253,-44.32083448763,-57.1831210061294,-42.232684908925,-41.4547036132953
-35.7165651889662,-34.5740151775068,-32.8364598405374,-30.4050813490285,-28.5784862321971,-28.2311939867887,-28.1210598525958,-27.8337666094879,-26.4152720210717,-23.7581867267699,-20.5063644830469,-17.078178090453,-14.6414967251956,-12.3755432477776,-10.5804312189163,-8.74947394011739,-7.39601659012093,-6.48186412177466,-5.84970272728116,-5.32890454175833,-5.01496873641211,-4.92944837680742,-5.19934475682426,-5.61814857834833,-6.27699789048286,-7.1471504571301,-8.48286336548668,-10.04498202739,-11.6676698910819,-13.8183583161694,-16.2467817964406,-19.4354120242061,-21.6611125017848,-23.6814192059388,-26.4992527585074,-30.3358211521457,-33.0831204649865,-39.1938249977153,-38.3347199254771,-39.7588571808426,-41.5591753999008,-49.6685100939575,-42.4682404238517,-42.0006373994744,-38.3978010302687,-40.9767995832525,-46.6100893003992,-39.8998153676845,-44.9639741591142,-53.0067933809743,-44.1422055189799,-50.0320316499502,-40.6333237747622,-38.7409671828979
-35.8830470367523,-34.5084614306281,-32.1774078990061,-29.8052369668219,-28.7043224576261,-29.112728367531,-29.5553330043528,-30.7902665807378,-31.3690949856672,-28.0140096893062,-22.6373989071138,-17.9193120464998,-14.8214017682585,-12.1240373204669,-10.0180378730491,-8.0203401273373,-6.48272353611855,-5.51346255338461,-4.7799789804954,-4.23691412880247,-3.92996795132758,-4.0090898218351,-4.32210030811732,-4.8224254674642,-5.70373977384041,-6.93622009494875,-8.54410194126497,-10.2089228176771,-12.2938266813075,-14.9196033492044,-17.6841161879385,-21.3009044283782,-23.2028282939299,-25.9880079005585,-28.1845244963704,-30.3435529855111,-33.5139435443755,-41.896374504612,-39.0893303528458,-41.6783077416752,-39.9194246201678,-42.553817077696,-58.1949987888052,-40.7660748014413,-37.6817341106419,-43.8792461551016,-49.3029493641051,-45.3233191759334,-54.9733635544964,-51.7904804711763,-44.6713933634874,-48.9863522563086,-42.7320813997455,-39.2635037002887
-36.6335678582679,-34.7259229592586,-32.1483199322003,-30.0203071355485,-29.5480741982639,-30.3342241398699,-30.5716978021533,-32.5807192669984,-39.845786517472,-34.9507727961019,-24.5118867842785,-18.5361253213882,-14.976878035009,-11.977281957668,-9.58105395398658,-7.53141916069109,-5.90012997430802,-4.85102510014756,-4.03256417491768,-3.52278416315729,-3.28454865933781,-3.49084216007339,-3.83225592688138,-4.46281834414243,-5.57090406624184,-7.12976849782178,-8.89160681287009,-10.7811623016673,-13.4123419606213,-16.3138150772098,-19.5263147972,-23.418100507353,-25.6811431408324,-29.4838460409763,-29.4834311768866,-31.4784142385678,-35.6494715311275,-44.1500301095468,-41.9940417495772,-46.5826162552305,-40.4120532097749,-38.8887451972417,-50.4397430931883,-41.33972757255,-39.5168451477508,-44.4812812009521,-45.3600458353916,-49.3515643212596,-42.4626580409693,-51.604617873827,-44.0472350035648,-51.7554064612469,-44.1128099425521,-43.0324556200314
-37.9985656909651,-35.3516901411849,-32.6952152274249,-31.0094635169996,-30.9110672455329,-31.1938178272841,-30.3582162497146,-31.1807411598214,-33.8498190132133,-30.7375176743548,-23.6975837229281,-18.1286961109365,-14.7131671896538,-11.7468116468354,-9.18452671910881,-7.16806315053166,-5.56824119483774,-4.46192641413726,-3.59348903992981,-3.14724034599154,-3.01432924027861,-3.28413669110161,-3.67989436054373,-4.48287868881691,-5.78187995788881,-7.56167276889075,-9.44946873266839,-11.7869572524624,-14.809214189502,-17.8966971163365,-21.6967117115853,-26.0152696483133,-29.6218718794728,-33.3832929306831,-31.3062455769323,-34.2301140510902,-37.2463397845346,-43.5992290813618,-44.4841648248869,-49.8493219930829,-45.1316721283788,-38.8129163228972,-44.7202429814746,-43.5189667444592,-43.7440516211549,-39.1003109085867,-40.9473216337284,-43.037131799443,-39.2250196292031,-52.6052441104754,-42.4098678949185,-47.2318038754986,-40.1012054631944,-51.0246714680562
-39.87426943995,-36.5113369644915,-33.7311183481555,-32.6692067659,-32.538307250513,-31.3421824078944,-29.5951088909921,-29.2342300053065,-29.1088140873475,-25.9050207597752,-21.4853732130656,-17.1058506821418,-14.1459875408433,-11.443206640766,-8.88025918592689,-6.92515989500198,-5.43671222482064,-4.32005771612693,-3.4509265725778,-3.06816188006088,-3.04160175300928,-3.31846717408006,-3.83022798791249,-4.81418093228299,-6.22783777065936,-8.11029247458177,-10.2346227892523,-13.0901322775123,-16.1339797037688,-19.6163415345632,-23.9551296499237,-29.3601093319169,-34.9117674614091,-37.1476352306816,-35.5505237124348,-38.5712564485855,-36.6840867876086,-42.9074792289812,-41.9635309113286,-43.9322711721488,-56.0749407720138,-41.906205088253,-40.5160367034204,-41.1547798703361,-48.5451618996808,-36.5989168911046,-39.8586716219799,-41.7494062646474,-39.4472738930307,-44.6692696330044,-41.9698481556158,-42.964241410922,-38.3033230285969,-58.1518476389085
-42.0139781978462,-38.2294778651833,-35.1746766925648,-34.7481945807929,-34.0632102747922,-31.0906997155792,-29.1708953525593,-28.1581412510522,-26.9204464401186,-23.6523481067254,-19.9460575865326,-16.3650126081538,-13.73318982107,-11.2488998567822,-8.78035843245312,-6.88398652017421,-5.49761182775769,-4.4031494533384,-3.58671464808827,-3.24483334994639,-3.28973721335946,-3.5548646713931,-4.24309421966371,-5.36354094632952,-6.80705747205233,-8.75002893907648,-11.2538923537428,-14.3553116464607,-17.3101679937208,-21.4222891642967,-25.9652937886057,-32.882368290809,-37.8571375947947,-43.8922338263511,-47.5638889473526,-43.2581824295288,-36.8715050541953,-42.9277471141073,-40.2543341265134,-40.7262245351227,-40.7986959909471,-49.9959599835714,-37.8513958671025,-37.891167284306,-47.5228869416663,-36.6310574543902,-39.8651723150617,-41.4090815391809,-41.1684893737489,-39.7930345627248,-43.6489249696805,-41.3394928899369,-39.738695180012,-54.8920616452104
-44.2407767219008,-40.1304741186977,-36.8490219821755,-36.8021011357116,-35.1024117576053,-30.86121227294,-29.2978536529033,-28.0242437085172,-26.0923849144499,-22.9183443712189,-19.4531881499738,-16.3249381893604,-13.8126681891916,-11.3702970514161,-8.97809363203532,-7.13617601814867,-5.77661819360613,-4.6943566674259,-3.96838609188237,-3.63574178419386,-3.69629356698504,-3.97960401172723,-4.8536467791943,-6.02854807378344,-7.47023559534825,-9.52778366709569,-12.385100670761,-15.3659489490237,-18.6625321834451,-23.1048364564983,-27.5693858882356,-34.1933501507148,-38.2077666056353,-54.6120270975866,-43.5557806655497,-48.5068311902601,-39.7876565112731,-43.1828001653632,-41.1602833964394,-39.8052242309675,-36.6733079543031,-47.2612381699641,-37.2519114004711,-36.745890735585,-41.9758170080762,-38.4909957804665,-38.142273244071,-39.4452647026969,-41.3409786054356,-37.9571840881807,-46.2562236885329,-41.3163426115087,-45.0250447659483,-46.9245600394693
-46.2960625737172,-41.2118846581252,-38.3368624122535,-38.3911074991541,-35.5226708330147,-30.9626642599409,-29.9052714582561,-28.7188037302923,-26.2520733868352,-23.2878259745774,-19.9894132879239,-17.0981822666485,-14.518847962581,-11.941051193719,-9.5202390505599,-7.72167232634812,-6.30314181890231,-5.18338122517905,-4.54727512995958,-4.19679471390832,-4.22307909788228,-4.58118834836675,-5.56677827947101,-6.73590266747508,-8.23079079388018,-10.4567484649021,-13.408567861653,-16.38218781744,-20.383440303837,-24.5037895394353,-28.9632717629088,-33.9780377732097,-40.4450803787022,-42.2782025304684,-39.5444456008038,-75.467626134812,-48.5472365567465,-43.4389913822052,-44.2963482679592,-40.6669471237411,-35.8075568388697,-40.4721017556873,-38.4796073358073,-37.2282712472552,-37.5525700279544,-41.0049064002177,-36.1772000624575,-38.206642763314,-40.3645122062622,-38.6564597113215,-44.2772027834421,-42.3973695907459,-47.4051956146841,-42.7946005810051
-46.6523054101004,-41.1669469307359,-39.316546345726,-39.3727024944737,-35.4861424384178,-31.6325139867334,-30.9988322187966,-30.12969134949,-27.3312298478463,-24.6316651831773,-21.5408136133864,-18.7091001660692,-15.8526581168146,-12.9942507745091,-10.4092761302105,-8.60580362186697,-7.07748149779597,-5.86248709653084,-5.26468752266011,-4.88292430871208,-4.85540659190839,-5.32309393884916,-6.28059523898385,-7.46429188138723,-9.10327783742401,-11.4299167260166,-14.2633484529301,-17.7949179734436,-22.1375212431239,-26.0184652064275,-30.51656507244,-34.6673449243674,-43.2273900795911,-41.3036042133479,-41.9795289964388,-47.746607405754,-47.9403753490823,-43.9523653533056,-44.1181535511403,-42.4973302467943,-37.3054489843252,-37.0689705887913,-39.8674803251051,-38.4241199497399,-35.2676253493647,-42.4063463599507,-35.8355053767185,-38.8239462236223,-40.4124459160875,-42.080931524754,-41.7019662187136,-45.2681606242489,-43.5191570581221,-42.3040973418157
-45.0943813005825,-41.0997737152067,-40.2000867959977,-39.8551692899544,-35.3003181179633,-33.0075828518345,-32.7880013051117,-32.186520715685,-29.4347298393444,-27.0269604357645,-24.1161656057662,-21.1154319002766,-17.6914163478093,-14.4351323738446,-11.6018798770894,-9.6893653743202,-8.04917929569125,-6.71621939036983,-6.06477081652803,-5.65188110474528,-5.58736502595898,-6.13044561069107,-6.93518015970611,-8.21506687334357,-10.0202722004434,-12.2658949632559,-15.1452264135604,-19.5227908946956,-23.5523320772053,-28.3860738381918,-32.6350190812259,-36.3328424084187,-41.1827175588844,-46.3914630261326,-47.5307716935423,-44.8694516228438,-41.7763622299642,-44.9975820552055,-40.6851347776961,-42.4300977089649,-41.240106184369,-35.6142407944473,-39.0493133211141,-39.6026538956149,-35.00053189133,-41.7896343833633,-37.418394331038,-39.6688133593926,-41.2836424523676,-45.6470000696835,-41.6071831946631,-54.1961133091174,-44.4726840689413,-45.8675101463465
-44.0437850863351,-41.8820435887541,-41.7533798262362,-40.1070423132067,-35.349401632778,-35.0987616320033,-35.6085685512335,-34.9278177725744,-32.8785695959557,-30.8002661803826,-27.5398568578438,-23.9953615642594,-19.7267523304186,-16.01052981,-12.994392010214,-10.8550692826159,-9.11758721000581,-7.70818365433975,-6.90802947764157,-6.46720134613566,-6.4010045296538,-6.90927587331552,-7.54157667034638,-8.95573062779531,-10.8221605406983,-12.8843718315522,-16.1471821757618,-20.7501603617272,-25.0360500831548,-31.9186415842077,-36.0101087113199,-37.038447931776,-39.0080538721953,-47.8192686674974,-41.5412759413536,-47.6658021763357,-40.7641488340768,-45.6239176265869,-39.2268194184042,-40.5509319432131,-47.1840424095959,-36.0592538592625,-38.1241638317816,-40.9157439394938,-36.741051930375,-39.335495713411,-40.5611551186618,-38.1575725068855,-42.162045355004,-42.0118096583398,-44.4840154068638,-51.4672063037588,-54.4053784723106,-62.6585726046214
-44.6884906070701,-43.9288631501075,-44.5612011177271,-40.4624564656551,-35.9794083385229,-37.8491223174565,-39.6696283686834,-38.5103007423152,-38.6189566582341,-36.2615935743295,-30.5624600096266,-26.3511495519806,-21.5011085527103,-17.4159413738697,-14.4270471845252,-12.0351867440005,-10.1711900313736,-8.77248374814931,-7.77583937524082,-7.29920063298273,-7.25309359487243,-7.59788772623263,-8.15140883991046,-9.60403926746497,-11.3795756034175,-13.3621499627101,-16.8933676408895,-20.9278913435826,-26.5645676983417,-34.080476768581,-43.2790750093925,-35.8341930824726,-38.3525440247486,-40.1283240557311,-38.4768027858807,-47.0573209279554,-42.2491636763634,-44.0663789752798,-39.8808840961964,-39.8190599982343,-46.8877719168537,-39.0024479223671,-38.8443882316887,-41.8587308342003,-40.7734251059146,-37.2584217786849,-43.3298553248164,-36.7763352404598,-43.2055981501766,-39.5840521005575,-49.5973753017252,-43.6212404929124,-49.1180548971661,-49.5898796438942
-47.7224833043412,-47.698216658786,-49.1520437896667,-41.1181147386595,-37.3389656153168,-41.2721385272976,-43.5831925891704,-42.3811982614655,-51.621900371723,-38.3687788574079,-31.214688080467,-27.4788780049389,-22.8358579449789,-18.6109440956468,-15.7688470560695,-13.230463998001,-11.1561143386264,-9.82075235609841,-8.6595844293475,-8.12501616116458,-8.080226981543,-8.20560574922041,-8.79779874014579,-10.0921588119154,-11.7328706146206,-13.7678208769375,-16.9038696335932,-20.6691505432076,-26.0707376009305,-31.6335412154794,-48.2789896453027,-34.5900846338473,-38.0279124789743,-37.3683580878709,-37.5257192817838,-40.5813126651767,-44.8095117163614,-42.1592783353012,-42.4152995294745,-41.1788029937862,-44.2151704988639,-47.1725178178352,-41.2656299388425,-41.0889051350774,-47.7259603528174,-36.9624759779749,-44.2014742084617,-37.4855559927903,-43.4791474233283,-39.5076187392987,-45.32886382958,-41.1979296717197,-42.1710707597536,-45.3496813344519
-55.3551477819779,-53.8976514291434,-56.429168062526,-42.0499814239576,-39.1452997016484,-45.054683922835,-43.1880232189536,-42.7342245881584,-43.6263982167902,-35.1006752830505,-30.9583879148842,-28.5405550293245,-24.1576928295691,-19.8854088088465,-17.0380859098187,-14.436759681175,-12.0984799681953,-10.7706524686017,-9.53944715187682,-8.9276245876596,-8.82407519701802,-8.79380889647582,-9.46633522746554,-10.4550074792883,-12.0429234282575,-14.0793883762827,-16.4875063086185,-20.3823131671197,-23.9606489820486,-28.5982148814804,-36.0542405794828,-34.0383168779851,-36.7764610140791,-36.8195794344502,-36.2642067833642,-37.8462495739234,-46.0891052274645,-41.7977379553749,-46.2904908031687,-45.3159378609539,-43.5667638438433,-51.6554360788141,-44.5164532877143,-40.3147898644349,-56.166687834269,-39.1025176192579,-44.164363876624,-40.9377186668408,-41.3290351112919,-41.0418414151477,-41.1670734324682,-41.1154239365561,-40.1150939691728,-43.5916698056363
-66.2376111281447,-56.5150960708413,-63.7715743955476,-42.9310987773135,-40.5113250554448,-46.3314208158051,-40.5799849545532,-40.1849150351468,-37.6488167566187,-33.2859177547994,-31.7525066659626,-31.0625491972983,-26.1155829074123,-21.4768672809233,-18.3464879843957,-15.5482632050374,-13.0245841126747,-11.5784209016769,-10.3708499550314,-9.69278134408688,-9.46385826266757,-9.42438015461754,-10.1171576214739,-10.8275506166214,-12.4387256602561,-14.3171433500453,-16.3186558654668,-19.9938953327174,-22.5641534951728,-26.3713070166026,-31.3257120361494,-34.0246898273643,-35.0114491172052,-37.3226563432974,-34.8031404190943,-37.5935313866385,-44.8864980982727,-43.2771284692601,-48.7249456269772,-50.8088075452544,-45.1152810525201,-43.3379580287271,-48.1291908541248,-41.5481964573098,-55.1195241549838,-45.0974501370042,-42.9107269469258,-46.1486976088806,-39.5575621032025,-43.1901753415726,-39.3058745685614,-41.6776151724316,-39.531875570025,-40.4947660119779
-55.0820885346344,-52.3176693169954,-58.7025357007782,-43.0665341840079,-41.0532322752345,-44.2207149729958,-38.1456331527411,-38.0608295317886,-34.701614227889,-32.9417800851036,-34.6388329804539,-37.0840935382121,-29.0571315658534,-23.1222285226711,-19.6140930855431,-16.3598119272065,-13.8530898662897,-12.2413797130233,-11.0996809837413,-10.4068048218973,-10.0329109199794,-10.1272951131237,-10.7363581863085,-11.3537255641347,-12.9580045356675,-14.6441731096422,-16.6891375309474,-19.6754082319788,-22.3803222150842,-25.1460599914681,-29.0080292146347,-34.331402094462,-33.7930566365965,-38.0214026122247,-34.5127788392719,-38.231248965539,-42.6089858303116,-44.2331625120925,-48.0586041088718,-46.520117647361,-51.1020816905767,-42.2514862202746,-58.0691995926789,-46.406813112979,-49.1733727001081,-51.8606242896677,-42.4458624139969,-44.4167824852824,-39.9434690146929,-44.7248591806112,-38.6967384218795,-41.2652870753591,-38.993193432693,-37.8197547388126
-53.6729657197755,-50.129837388538,-54.6174119964713,-42.2870008311309,-41.7554817581364,-41.7947769675671,-36.4387917463412,-36.5391316365513,-33.0959120606186,-33.4536842088513,-41.5932592148328,-41.2595311760695,-30.9979052722227,-23.8002508252056,-20.3371639827613,-16.7265319287794,-14.4113192069588,-12.7709617707159,-11.7049516041229,-11.0624750024348,-10.607500564106,-10.8981766812395,-11.3697386507105,-12.1107689059292,-13.5870235365649,-15.2639730541244,-17.5121645006123,-19.8669735925674,-23.1798991294194,-25.1158165202962,-28.3474356462573,-34.8595318508903,-33.6356778239794,-37.9007898902058,-35.9417748859728,-37.5491076355223,-40.6930522399419,-41.3067556553388,-46.922690006314,-43.3163114354878,-54.3859141593642,-43.7707256090556,-52.6007167596723,-56.9812607413426,-46.1677649073428,-45.6077499978267,-45.4216840279126,-43.0086433859854,-42.8879613649371,-45.0896086570883,-38.8375795000166,-40.5370649132841,-38.6749158518495,-36.8695770212534
-52.5092902247682,-49.3670300091537,-51.3051524694854,-41.5706206341216,-43.5892426621174,-39.7459427385997,-35.7198913073373,-35.4186651422566,-32.3809917452607,-34.1031697445802,-38.9999391145932,-32.1161964291568,-28.3760076877821,-22.9601023130067,-20.0732065762981,-16.7066041949912,-14.6377158081149,-13.1829215509248,-12.2282808579249,-11.6755283047511,-11.2787723233651,-11.7152369976057,-12.1094861392248,-13.0898402098173,-14.3292208040233,-16.2725563020202,-18.5218136621123,-20.8604693334917,-24.5087770354859,-26.4364289625672,-29.2270009728147,-35.6848927481068,-34.7728407667425,-36.6505940327061,-39.054651905983,-36.2030077522526,-39.44528248913,-38.5590082007224,-45.5857191251458,-42.0915506942737,-44.3668044254151,-44.7897115786344,-45.1349382208322,-47.906255344672,-46.9033064758898,-45.2005993689637,-64.8227988441508,-45.1016133497364,-44.9345876149502,-44.3403169496245,-39.6600611807939,-40.3563787173313,-39.268568113403,-37.6251202017289
-49.3791728855536,-49.493003956098,-48.4029721173258,-41.9225461606083,-47.2530787651262,-38.4827119966879,-36.0037405991042,-34.7463021790055,-32.2955638410146,-33.9750385018269,-32.125551515884,-27.798368968185,-25.1842834091054,-21.5383199380153,-19.216239081965,-16.4906271189601,-14.7094290267393,-13.5270623411299,-12.7567430902467,-12.3011908229776,-12.1252823103663,-12.5734669357097,-13.0519449676738,-14.2232030583029,-15.2426603132298,-17.5831480263034,-19.5439255692978,-22.5544873245409,-25.9151304887287,-28.9853598523602,-31.758155290569,-37.2507419456336,-37.4210707004478,-35.5220126182008,-42.2189652700569,-35.9125714643288,-38.3399471365683,-37.4396697467351,-43.623535216239,-41.6187973881839,-40.7848031563321,-44.453509968118,-43.145032826991,-45.3657239449057,-51.3383422667441,-49.0540412635751,-45.8196219831839,-51.0100189577564,-41.7068747254941,-43.4529318693583,-41.3363310979878,-40.1119926217655,-40.5922618580414,-39.453582062813
-47.0444065134543,-50.0233910458491,-46.2338236000245,-44.1775661075556,-54.0269987386384,-38.5138222735565,-37.0431092717751,-34.6468128655632,-32.5394177974684,-32.8097423607045,-28.5482162283705,-25.425048422105,-23.0729495380324,-20.3430584111343,-18.4101637951324,-16.2777243537908,-14.8831109715989,-13.9125780031693,-13.3845983153356,-13.0347856499613,-13.1940698652678,-13.5252379703614,-14.2570089399469,-15.4536883585665,-16.4163949946934,-18.9373049718153,-20.6791804620854,-24.1960319850348,-27.2789803142257,-31.1616328192636,-35.3274768825394,-40.6923083813818,-41.7062920818461,-35.5644070629073,-41.6470265627633,-36.9655901661793,-37.0696551800779,-37.6839678563734,-41.4117122366837,-41.384265716743,-39.6741442980777,-45.6169324015576,-43.5116672207517,-46.3837972484012,-48.3088476775587,-50.9150480325128,-41.0585484774801,-60.2357086821538,-40.2080409097606,-43.3634109624062,-44.021358999508,-39.4375560010891,-41.5416150264481,-40.9227952020077
-46.1451267056415,-49.5728531051578,-45.1705719471025,-50.3693851458127,-58.1248231366312,-40.1633459580492,-38.201283460578,-35.0318261309057,-32.7359678364958,-31.282114977345,-26.4530893582977,-24.084725000481,-21.850888924079,-19.6160696449092,-17.9465288672626,-16.2435138523206,-15.3205667826813,-14.4856133843017,-14.1954997423373,-13.9936728868272,-14.4924093059142,-14.6926216703467,-15.7220286504604,-16.8104895505559,-17.9115802706581,-20.1145744675322,-22.1261993826348,-24.9369800669487,-28.6179409288425,-30.8360445155659,-35.2815914992504,-48.5069362587541,-45.37416365644,-37.069843244008,-38.9105935445071,-38.7219727668537,-36.1587750894643,-38.7993646603349,-39.6486883842687,-41.4637152169038,-39.6624005467953,-48.8672303066349,-43.5551307671374,-48.6853490309494,-44.1019592744996,-48.377883426384,-41.0302362702538,-63.8981482490283,-41.6697733941607,-43.7619925807506,-47.4513699856922,-39.3810847232137,-42.0718354111974,-41.821764353605
-46.1835887442285,-47.5766151747351,-45.4262426601668,-62.6108458714264,-52.0923413145106,-42.4862364131232,-38.6195721943014,-35.3203563690679,-32.5853049774313,-29.8753848856585,-25.1356553653094,-23.4040881858912,-21.2576660620555,-19.3854261011005,-17.8722062651638,-16.5383875287331,-16.0718709260039,-15.3828658550031,-15.270934214552,-15.2941734995962,-15.9994611262679,-16.2344190158009,-17.3881797445192,-18.4141862644033,-19.7180414595032,-21.2388387767474,-23.8986844534863,-25.3864473551073,-29.7028630426961,-30.2461209777785,-32.7317982725989,-43.6443763403046,-43.2897499093853,-39.3458805103897,-36.4871829255107,-39.9048159923675,-36.2347903382176,-40.1191597414721,-38.7072119676454,-41.9408694326782,-39.6934189411753,-49.5749950073362,-42.0851581916128,-50.6178244355706,-43.8570691638391,-50.0808676352621,-45.5338110012838,-50.8887035077414,-46.898630933657,-43.4960591147031,-49.6463830938048,-41.0655859159297,-43.4324607487611,-43.7232505033152
-46.5012323897546,-45.7294595408842,-47.0207335654481,-47.7344523156683,-49.3168777137445,-41.2527964963637,-38.1205330836066,-34.7772480924367,-32.0858853855421,-28.6374913497216,-24.3121954567649,-23.1905235712781,-21.1214206873434,-19.6129510607396,-18.1651894751634,-17.2738849780771,-17.1298779581236,-16.7039639521192,-16.7094774812221,-17.0381186547572,-17.7154780699648,-18.2932478061566,-19.21363391699,-20.3962524068999,-21.767424158431,-22.7058416251926,-25.777403825624,-26.6672247294086,-30.6058915564815,-31.07976683702,-31.5819844406191,-37.8931212638716,-40.1478176822964,-40.1751427556568,-35.3283078475809,-40.1478097307854,-37.6400652352329,-41.0561720470154,-38.6317182542473,-42.6094388422471,-39.7076109561158,-48.0099527102946,-41.4639730858878,-56.4134662771532,-48.2592912360821,-58.7954381578394,-55.2975857301379,-45.1980134926021,-62.3331687181441,-42.9505828996779,-48.477081852921,-45.7250615489791,-45.3908858587675,-46.3401588183495
-46.9581539799113,-45.0862521583706,-49.3320007429598,-43.8607421503077,-48.0392291531066,-38.4596848052673,-37.279489741039,-33.6975546346789,-31.4730708753663,-27.5581644322388,-23.9279117889508,-23.3246159067536,-21.3443788211271,-20.2174225916362,-18.8165338487655,-18.5040556117228,-18.4854865985572,-18.5096258387482,-18.6476934491294,-19.3180048872949,-19.745480182661,-20.9408916227891,-21.2872502178876,-22.7855815357041,-24.0148185201168,-24.847428637169,-27.6269952149694,-29.3717228969586,-32.1458969224677,-33.6714536818122,-32.090406683743,-35.761425028825,-38.0520990937989,-39.9088350980131,-35.9487372090795,-39.9859801309924,-40.5344354912838,-41.4534733803758,-39.2898181499294,-43.1391398948801,-40.5581706499436,-47.5048739540625,-42.7897375519692,-58.4180345912467,-65.1568300111623,-53.9288305457574,-45.379602732631,-43.5583524586885,-56.9572924355541,-43.6748331068798,-46.5548976475397,-57.8018790350912,-45.8275863647874,-46.2281640174268
-48.1431822975559,-45.9359055236069,-50.4732377473726,-42.620239094487,-47.0580175440442,-37.0290815668126,-36.6688887570731,-32.9380604402557,-30.9848761321169,-26.772066174487,-24.0215653962507,-23.7122109349778,-21.8650452305365,-21.072339936363,-19.8470447684609,-20.1950775044078,-20.1617301067577,-20.8307808577757,-21.2861851578694,-22.2585685715814,-22.3786221023704,-24.1144984398068,-23.8505344726021,-25.3819236210956,-26.494183613218,-27.6274073150763,-29.7608367170306,-33.6386746629393,-35.4312821392929,-38.552980811605,-34.2311646009402,-35.8048574258444,-37.2593843732611,-40.5250233279811,-38.9738525079564,-39.7817606698039,-44.6935319785217,-41.5614467762804,-40.5721047727784,-43.3015946875618,-42.9892213764673,-44.8159335405099,-45.5794605978322,-47.7210216977387,-47.4415058136519,-51.6413795224501,-43.1898265134957,-45.4213797233926,-57.6344702702841,-46.9272736565177,-45.733927476764,-53.5791780506189,-46.3379261440154,-45.844499271348
-50.7456502756907,-48.3332603098754,-50.1925661083605,-42.7843832006557,-46.0176080115114,-36.9618073146512,-36.6936549098944,-32.9226639873135,-30.7759335376814,-26.4690073079193,-24.6190728566063,-24.2602028519551,-22.6138610793242,-22.0155392536321,-21.2671804256674,-22.1566367939079,-22.2010836399862,-23.6611434667707,-24.9201052740711,-26.1588030257664,-26.1974200871427,-27.6240868410889,-27.1633819672391,-27.7247780028092,-29.1811370189035,-30.0946162680797,-32.7112127217005,-37.692597816302,-42.5128943601368,-49.646354177639,-38.464015394645,-37.4338072699093,-37.9843219194277,-41.3810669217892,-46.4847983852615,-40.442182923853,-48.3735913432343,-41.9985546005063,-42.7095370304173,-43.0713364866122,-47.5214132196201,-41.4319583026894,-46.7443155714856,-44.7186719542302,-44.1269107128146,-58.0757706494171,-45.7245722621198,-51.7126719573127,-51.6717517091295,-55.7088951917393,-46.5015205170194,-50.647641715307,-50.9718556066651,-48.6717407708946
-54.0641226565437,-51.5203152487802,-49.746125394385,-43.961827636766,-45.3441452689171,-37.9042872612786,-37.6626456949601,-33.6791985620617,-30.9381682990553,-26.7449218535077,-25.6849314645846,-24.8761312803681,-23.4869285978537,-22.8931628860139,-22.9683578829103,-23.9534317154199,-24.5262979606802,-26.8125987699351,-29.7259496157318,-32.001591666921,-32.6502378411008,-31.4389052932724,-31.1523377976472,-29.4624547908156,-31.6568060736581,-30.9702920397675,-36.0557045646402,-38.2028225924132,-50.6389473657238,-46.6307343900199,-47.3801596332871,-39.7149755195293,-40.4526824027181,-40.8855004765926,-60.0439314442661,-43.5329896442912,-49.8401822669857,-43.5108647964592,-46.4371020165477,-42.7978534769647,-52.42296703899,-39.7870485906042,-46.3454879093139,-45.0911361895011,-44.712922383507,-51.1449995279708,-53.3521108854124,-50.8686778011015,-46.4549426096968,-61.9211793969921,-49.0561115099318,-50.9230013280516,-62.5413744339923,-56.1312647574601
-52.7247705962545,-52.696855429978,-48.6844629895634,-46.3796346122602,-45.5314083558924,-39.6602033856419,-39.8186781262908,-34.9649095864415,-31.4934530003845,-27.5313330978577,-27.1194262332924,-25.4931066081636,-24.3609383284662,-23.6320115066969,-24.5612188289603,-25.0463707928608,-26.5171124262109,-29.2540499409341,-32.8268679917114,-42.5054571925944,-45.3441165144779,-35.0763407281187,-34.3053673801293,-30.6591110792429,-32.9821862210965,-31.1512126007902,-36.0683579005766,-38.0725668931298,-41.9644196711577,-39.202267561727,-48.5292851344806,-41.221125265718,-44.4493724819881,-40.3931545409413,-48.155258041946,-53.7561496908099,-50.8238958934605,-46.7003089994034,-50.3353795406255,-43.0334597426206,-49.2812935302817,-40.0623475095841,-47.3126737541788,-46.7606264461787,-48.4220987801718,-44.9165393748842,-48.959238862729,-47.2679716860058,-45.8516531602393,-55.1168458061625,-52.7972612834456,-48.1536822734635,-47.5027193663611,-53.0067307577292
-49.4885813233424,-52.0762672206047,-47.1856325988109,-51.6132262127342,-46.9677237489817,-42.2387349969773,-43.0239575372313,-36.2688921018495,-32.3250845981955,-28.6073877097698,-28.7825104292698,-26.0981121250655,-25.1477976464459,-24.2771663662041,-25.4606825940133,-25.329681593126,-26.9895700948439,-29.1807614846947,-30.4928654152335,-35.1141799387944,-34.9849796877936,-34.0848231953313,-34.0540557107094,-31.37275027094,-32.649758319495,-31.8565612337386,-33.7350670895126,-37.9177964803025,-39.8994945212429,-36.5864628756613,-40.5752792354538,-42.4861902872365,-46.4640776823748,-41.3033712263359,-48.3974952155129,-47.6480989073835,-52.4776772781207,-50.643907672458,-46.5844167178572,-44.0736210760154,-44.8739934413697,-42.0285899990644,-47.7929385165006,-45.0923588565989,-56.5217606521304,-43.4582300889983,-45.9953227567865,-49.34132381385,-50.7583789717538,-59.9878133161539,-54.7730775248074,-45.716651675026,-44.3135065097409,-51.8064544454297
-47.5805303024853,-51.0066746376448,-46.4568810686467,-69.884321895069,-50.580508620561,-44.4044312956049,-44.8911689596531,-37.1097302800408,-33.1553759110579,-29.7829339785974,-30.514565764748,-26.7333927292164,-25.8459133966963,-24.9421245748698,-25.5495463438263,-25.205897488734,-26.129180128753,-27.4435070667793,-28.0024745145855,-29.797977551102,-30.7050198462226,-30.6541447244725,-31.7857277576085,-31.5908549156747,-31.474730725623,-33.1857710803535,-32.5111200837556,-36.7710228583317,-40.3138330251163,-36.4157970442777,-37.4136146301658,-44.847135850297,-45.0202553972603,-43.1040657172297,-49.6472631956187,-41.7288384189102,-52.9950603759392,-49.3885658419811,-43.1527159572696,-45.551124563075,-41.9844225895316,-45.0594937194624,-45.8274747643931,-42.7920120699997,-65.7960860012248,-45.438487661294,-47.8942868757691,-63.1655711602616,-60.1344281351185,-59.5011415678336,-56.1618698034935,-45.8168645234353,-44.815600983899,-54.6594321283344
-46.6742655175087,-48.494769158773,-47.0391716492875,-50.3183386841929,-62.8808340238014,-43.053232790728,-43.4821325344204,-37.6137837815036,-33.8228914097228,-31.1846550634939,-32.1310146955745,-27.4753444064132,-26.5394983409068,-25.7169470967163,-25.3070335717523,-25.0618201326931,-25.1681090367601,-25.7683050996506,-26.4215263807144,-27.1554720770246,-28.5990891398868,-28.5310371129609,-29.6279582659254,-31.5313447729581,-30.5777860059166,-34.5958518475078,-32.8874661032294,-35.8118629338035,-41.5397733683885,-38.4379971077631,-36.2165760503653,-46.1062230495747,-43.8728640826866,-43.8588551316956,-46.1041255697292,-40.4283370312234,-48.0192581626289,-46.2017238670232,-41.8979463066436,-46.2474245119795,-40.6990625150606,-48.2237733626383,-44.8289753174783,-42.7584375405812,-52.7971634651148,-49.6949094194959,-56.4773443343043,-49.3346999139525,-46.6366601496582,-50.9371775685592,-60.6542704575664,-48.5865414269449,-46.8157657967928,-47.204797398974
-46.1326339103065,-45.6713826531222,-48.2705413594206,-45.1111221017116,-53.1752095124821,-41.0788623410256,-42.1753162764603,-38.3782390329771,-34.6553515614307,-33.2408270054502,-33.4720442965911,-28.4129718311137,-27.3458756798324,-26.6075334207401,-25.1533411751648,-25.0667226233687,-24.6133228321514,-24.6466134391056,-25.4201775025753,-25.7907912763183,-27.1767344597828,-27.717168932237,-28.3354911477787,-31.3693802147469,-30.5681220419851,-35.4570439749671,-34.8859464975795,-36.2413545334646,-42.073405793813,-43.2112843631423,-36.4238937621598,-44.2291346357886,-43.1408551632349,-44.253048787541,-44.0321737941977,-41.9885052689506,-43.6754653141133,-44.0122398947814,-42.2653959209474,-45.7452028820613,-41.0515764112327,-52.0347731164269,-45.5737831041556,-45.6022882679578,-47.7361425648702,-47.9341732395693,-57.741684701294,-45.0368305750608,-43.9667847892301,-48.5296673709488,-56.6408262175495,-53.6252991251335,-45.950383042911,-42.5126239055793
-45.4409176627541,-43.7791289576814,-47.626226380161,-43.01505137606,-45.580969188895,-40.9718713017953,-42.2224579748706,-40.0420915242024,-36.3028435083957,-36.4121327520173,-34.5475271278398,-29.6162550942507,-28.3400288508477,-27.527813669835,-25.2700556799641,-25.2465768928595,-24.4587491019377,-24.1103926383838,-24.8070455819525,-25.1974652102505,-26.1391813347538,-27.6760130881987,-28.0789820350708,-31.0777417085842,-31.5823254303903,-35.8864169060982,-38.1444314796421,-38.7711374427404,-41.8956848253166,-54.2049319402046,-37.9839885453215,-43.2056243577028,-42.9551504010609,-46.3930573171177,-43.7745713061573,-46.4276350137406,-41.6715346037299,-42.8280857119588,-43.9451855190474,-44.9712646443838,-43.0771553731545,-51.508160012736,-45.5635536364312,-53.0693279903425,-46.2031613992182,-46.0688382550814,-52.9661711260559,-45.3807578833178,-45.4321112048656,-47.9733331476896,-50.602454969993,-57.3060882542681,-44.4703033169226,-41.2159872377248
-44.5196987387901,-43.0048077385592,-45.2415780557217,-42.8218390474507,-42.2638229391365,-43.4527928082882,-43.6718458911026,-43.4461428086335,-39.4151072168427,-40.8031388826107,-35.4915420656149,-31.0620912954671,-29.4768748253624,-28.3440806413032,-25.720546559188,-25.5520824972834,-24.5850120120339,-24.0931767411617,-24.5211915027098,-25.0805818614401,-25.5850570938341,-27.702875575697,-28.7292075265875,-30.7662995010001,-33.1660066695285,-36.7137363726343,-40.2385844625407,-45.1107536171571,-42.3854525853211,-53.5820773086548,-41.1196961591019,-43.7716334952893,-44.2459503414984,-48.721465746611,-43.7392836018899,-52.9902220276129,-41.9783235685563,-42.9921309804192,-46.8882761821743,-44.3539675971682,-46.8070976170953,-46.2625398578896,-43.3960361688716,-56.6622083448634,-48.5897421777989,-48.4557245168138,-55.7156666976353,-50.162074313937,-50.3253245800909,-46.1474716390883,-46.9916935840418,-54.3897172248528,-45.3185539387233,-42.712707914131
-43.6731343714186,-43.231919637017,-43.4708643661933,-44.3312767267852,-41.2700764569515,-50.1962033129425,-46.5501417894228,-51.0199324749364,-43.9230099103067,-44.4160473194448,-36.2580679511421,-32.5234325998593,-30.5539827195437,-28.9585207843103,-26.4906446555143,-25.8873381747604,-24.9058970865723,-24.483101889204,-24.5412798773736,-25.2107914893288,-25.6046834524339,-27.3832956383737,-29.7602390863723,-30.744183972802,-34.0371014856194,-38.632582543324,-40.1442423482241,-64.4946134301565,-44.7457414337878,-46.2138480415241,-45.9253670718759,-44.5010693443665,-48.1075618382801,-47.1200447593507,-43.7303257944252,-53.6033820024889,-45.1720002959817,-45.1919628261994,-50.4269834734379,-44.0634229102707,-52.0662489107466,-43.4032493257029,-41.9972237805569,-50.2200064747762,-58.0658855111307,-55.1825013889888,-59.9877154194763,-72.2081196657858,-48.3680810240148,-43.6080442432264,-44.4106550898983,-47.4778540631931,-47.3770789995244,-47.3356107226912
-43.1897092889432,-44.2674351929246,-42.9638580146896,-47.4700293985397,-42.4634108508901,-53.3166707274069,-50.8348935535426,-59.6047585993541,-44.6991809111707,-44.7171180302933,-36.506033694504,-33.6095400560835,-31.3354165762812,-29.3721411564601,-27.4679214373839,-26.1658511245668,-25.3875094026278,-25.1258109054954,-24.8442190557451,-25.4337802544727,-26.1408450654784,-27.0290809838323,-30.235325707181,-31.1382983266673,-33.8163156222242,-40.5738768247468,-41.0353732343964,-46.7863088426952,-50.3279116081614,-43.0384807446261,-47.6698853122254,-44.5157376628637,-53.2734046075919,-46.9221718667101,-45.2382719369223,-55.2437150125844,-55.1871300520339,-50.3964147960095,-49.2718359619842,-44.4681705119343,-52.6920982254717,-42.3231660661082,-42.3998081466677,-47.1533239477515,-47.4223950328565,-48.21991424375,-56.9970759144812,-53.1368546278162,-44.4358850941039,-42.2725709235711,-42.558166601643,-42.9220074723431,-45.387002286811,-52.4662139482821
-43.1563709483355,-45.6226457262203,-43.8852914398401,-49.9311859514407,-46.8728559853443,-47.7016489917129,-55.4291042928599,-48.7314557460125,-42.3032382513689,-44.7179950522172,-36.0080543130534,-34.2048811771896,-31.820166933902,-29.6718323608565,-28.4646048535816,-26.4221058542076,-26.0175909325131,-25.8484769597804,-25.3934933217674,-25.7230054908925,-26.942556006251,-27.1229550154574,-29.874021121225,-31.5998813072718,-33.7437803297339,-38.8431749999429,-42.7314675246019,-45.2594257027765,-54.1253403844534,-42.0046193321219,-44.6595655369665,-45.6291752802498,-50.1989513431272,-51.5902797941112,-48.899162286467,-65.816175823061,-53.091718831747,-50.6519741102428,-45.6595734036431,-45.708445411384,-46.5920006701591,-41.987566710504,-44.5284641426154,-44.5326477841545,-42.1684105060271,-44.2648644514706,-54.4899660462089,-48.1001860120849,-43.3751730295113,-42.5302544012603,-41.644184775051,-40.7281679484155,-42.5642815320128,-48.820896121836
-43.4532503747661,-46.019348593215,-46.4875790767774,-48.1866305158535,-63.346212453103,-47.8760215749029,-58.3522131508981,-46.3629022665404,-41.2299502838221,-45.3317238517421,-35.0639110132009,-34.6893165720196,-32.2692028326408,-29.9869110794328,-29.3433025020939,-26.8553294145243,-26.7891274404268,-26.5252471127068,-26.1292815657641,-26.1589090198998,-27.5969467129098,-27.8145841220637,-29.440954560561,-31.5633118212309,-34.3831873110143,-36.346454439527,-41.2689532238588,-48.7752914241736,-50.289125856867,-43.1624346661808,-43.0257422301068,-50.3723870635657,-48.95301888215,-54.1623751750251,-49.3660335659774,-58.5812268790649,-46.4624912180101,-45.6808759104585,-43.7813644849006,-46.5923613525428,-42.4924882169318,-41.9178327904642,-47.6591696174682,-42.8345160604254,-40.5640476757881,-43.3492030422803,-47.3483614844874,-44.400303739213,-43.8411261188977,-44.2837246137968,-41.866822992706,-40.4167488219659,-41.4951172786906,-45.3129054317009
-43.7552710030776,-44.7149222477088,-49.330980996689,-46.455246126095,-49.0348069622067,-53.4953018807967,-58.3457105235264,-45.8150509015214,-40.830350599961,-45.5906415395312,-34.2187717328831,-35.4936725386076,-32.9694688598993,-30.4894120087718,-30.1521293913409,-27.7290565817393,-27.7015064452064,-27.1504343142735,-26.9727185243961,-26.8267656499648,-27.8437411588354,-28.8558543156561,-29.504600567796,-31.1394658657615,-35.2219200928511,-35.5056863012547,-39.0477638435224,-49.5985699942966,-51.6747230772657,-46.1313151909247,-42.9952529116052,-60.0598993700283,-51.9371072934279,-46.6768914683447,-47.3649027145,-52.9923697425082,-45.246957353372,-43.9048437134966,-43.8022594577865,-45.258192120299,-40.5421790025865,-42.5743822291395,-48.9757713573886,-42.5147294605998,-41.3248216216665,-43.6563031506841,-42.8134185771167,-41.9895669577046,-44.7376436651825,-47.1702896512791,-43.2687913235382,-41.5954791852242,-41.4183558795791,-41.8858337263492
-43.658538559127,-43.0310898836916,-46.497825895711,-46.0049247736955,-44.1199595140898,-49.5461649019827,-51.5367540456016,-44.2521551297626,-40.1508723164284,-44.3874412708176,-33.9161062158167,-36.8184398276642,-34.1374281871552,-31.4310659854652,-31.1278462074887,-29.2534499271927,-28.7454976232826,-27.8456012827402,-27.8653961216583,-27.7292142503854,-27.8876162531969,-29.6729996345108,-30.0899252611079,-30.9783068713479,-35.3476621969956,-36.0750703081157,-38.7370985312392,-44.2522254164575,-66.9814016975405,-46.145774602848,-44.0685479197018,-49.7401791191602,-55.3686596767576,-44.9863367926361,-49.4060934488148,-49.9665476717442,-46.9156593637568,-44.6594164512149,-45.4098881084283,-43.2647760691332,-40.4221972165912,-44.298154414255,-46.0454842117083,-42.9510856100041,-44.1040246771087,-44.3542610710109,-41.3947901098933,-41.8364997237251,-46.5951239501242,-50.2195560092231,-45.600525900909,-43.4832572565723,-41.1295666490888,-39.2151272961176
-43.1021842998121,-42.0316459470032,-42.9410711071052,-45.7317295999062,-42.8506932585834,-43.1237450600141,-46.0249679913222,-41.9331000621082,-39.5560185316204,-41.8771271319263,-34.4959331751431,-38.6496604512016,-36.0196009645529,-33.1852989775966,-32.6231804672803,-31.5063416331222,-29.8847407490673,-28.7753863566138,-28.7950644281466,-28.7607625376485,-28.1333113578381,-29.8901299128355,-30.8097890710571,-31.4464041944316,-34.8655426133813,-36.4801598309159,-40.1538791965307,-42.4904693851624,-52.4851441635705,-43.361301067931,-45.7948995069556,-47.0265584837928,-50.9358277319823,-47.5745734952574,-64.5940381238419,-48.1078258554794,-51.9709981588646,-47.638778473532,-46.7380549225234,-42.1326682321779,-41.917945205126,-44.7303238878079,-42.2010270232949,-42.4799772847865,-47.5956061689569,-46.541779981502,-43.2269365534862,-45.1160167856322,-52.56857798387,-51.655477418059,-47.8415200774894,-44.5719541910659,-40.5969597297414,-38.0382319818793
-42.531482858939,-42.0173253618065,-41.2764054051537,-44.6557194829669,-43.4707819870505,-40.2847843199066,-42.6299414616108,-40.4335268263022,-39.7960266999768,-39.4502344925054,-36.3638882166853,-40.7061778841401,-39.1297050004578,-36.341372438489,-35.0180502268065,-34.2325808295386,-31.0715477120777,-30.0125209165024,-29.7284089605998,-29.7417995068774,-28.8315942543576,-29.8293203493038,-31.155571587658,-32.4885760503485,-34.6079816333386,-35.4326169940539,-41.0277205925348,-43.3438872757701,-47.3943632485126,-42.179458041471,-47.4059234445814,-47.4761396008834,-50.060431106669,-57.5013965567597,-51.6518504215175,-48.6725596063641,-61.3314565658679,-50.2150681481866,-44.9114488044415,-41.9620117755143,-44.0399497733291,-41.8468983622682,-39.4573747736226,-40.9574263865939,-46.5897818656209,-50.4836380657935,-49.599553619729,-56.0743133005109,-55.7378687189223,-49.5919773298913,-47.9914902035247,-44.3489513844631,-40.6822191642949,-38.4957422466389
-42.5014280586272,-43.0713667305889,-41.3900294958146,-43.5499620259402,-45.0835963325852,-39.4667836343778,-40.8358421047099,-40.1085337120354,-41.0011248505896,-37.9095875282656,-40.4311916126603,-42.2737344926367,-45.0605090443222,-41.6966101390388,-38.1345359252399,-36.3700960773647,-32.2468263081343,-31.3798162970168,-30.5267175722589,-30.5057850404198,-30.0151770171221,-30.0321934019975,-31.1852847464916,-33.7460204088281,-35.0301280780074,-34.5511297678265,-39.615397284757,-43.8576270924457,-46.1756769163724,-42.526360635793,-46.2150576507529,-47.159060543369,-53.5415259359281,-56.6247114056149,-47.8679240823125,-54.808505076035,-50.9301393359977,-47.0134314932364,-42.4740743311318,-42.2879872703759,-43.4868601101619,-39.2029611218583,-38.0432801579529,-39.7721410915539,-43.0458288540329,-44.8515549034024,-45.4003502130402,-45.660678222163,-45.6212906843498,-45.9477917892728,-45.7337435204414,-43.5458322412234,-41.6714062238857,-40.5834865462866
-43.4558266314086,-45.2837213673913,-43.3496605406945,-43.4436202059716,-46.5608925868027,-40.1205916114754,-40.3582566180534,-40.7737883099479,-42.3963576449579,-37.4239480273422,-50.6265354718878,-42.6617358704787,-57.3013555093101,-43.4712137588761,-38.8288074390476,-36.725589912256,-33.2409342770376,-32.3975564850894,-31.0532959942095,-30.9980305048476,-31.4896736145084,-30.8242533407076,-31.5146547396191,-34.8290529969438,-36.2138120809681,-35.2510369894918,-38.7862796018718,-41.6977804386989,-44.7919373162594,-43.8388690910088,-42.4633087802223,-44.7176482302245,-50.1781440079251,-53.7863775734552,-52.393516331972,-54.2783444122468,-46.2042766992017,-43.7518389382083,-41.0862086242935,-42.1198044552686,-40.6754750641211,-37.7841685072968,-37.7787921422097,-39.3253363617271,-40.2870423568809,-39.8621385576282,-39.8960245980395,-40.6907140305662,-41.9753592621212,-43.0722615043943,-43.1511577215867,-42.6188840800181,-43.1028855541528,-44.1682572223841
-45.8381283167886,-48.8322809712275,-47.854658340609,-44.782794452648,-47.3022589992562,-42.0352385444379,-41.0177324130983,-42.0456507000057,-42.632924103479,-37.9912892715001,-46.2016148279351,-42.1713463631268,-44.2247289280982,-38.7657673344871,-36.3609747420148,-35.9670194439956,-33.7532717113456,-32.7176418265213,-31.3874407729809,-31.3041854798452,-32.7608569780209,-32.2849060986855,-32.6494870054076,-35.7557589298938,-37.9157658995899,-38.240359893032,-40.143643673705,-40.4068251161243,-42.2448036119345,-46.5984054853506,-39.4210770206951,-43.3229632701544,-44.2457350661414,-52.3665002066124,-53.0251232896401,-44.8849238560359,-44.0961758308054,-41.9125927867096,-40.5956492337191,-40.7613240146455,-38.3336064043411,-37.311366670816,-38.3403875833287,-39.3323450539689,-38.662556614788,-37.6934112542772,-37.9965344325011,-39.3303234914582,-40.8297960401593,-41.4401180283711,-41.5783382839358,-42.2019227416843,-44.4148167545276,-48.4912840346385
-50.17163922952,-53.7493016454521,-57.9091492774134,-47.5483670759714,-47.7916948522836,-45.0755294809664,-42.565208267275,-43.4107543555487,-41.9550066838249,-39.6766364457387,-39.660598230908,-41.5016739537441,-39.5939710005335,-36.2578956790322,-34.4241755001825,-35.0595203815777,-33.6864631816998,-32.5724537515501,-31.7289208705439,-31.5761320086811,-33.2142892243078,-34.013520561902,-34.711044578885,-36.9057993208083,-39.3883808707693,-44.2036890643202,-44.842201863783,-41.5894271879668,-40.8354746061134,-51.7749823564299,-37.9163590457706,-43.5174548977686,-41.4317394880858,-44.2510212806763,-42.0878022613041,-41.202781842158,-42.8948470896089,-40.9654269717598,-40.4274529225427,-38.9811057025891,-36.9985460046987,-37.5321413391477,-39.2574860124719,-39.4190855129206,-38.1398972742319,-37.4879086598087,-38.3474753482727,-40.0564577384189,-41.1689387699852,-41.144011791197,-41.4921454208678,-42.9910038860964,-46.0178423703887,-51.7870030998147
-53.7969843300609,-56.2321118713455,-55.2603194488227,-49.402680319816,-47.8284122590412,-48.9996925442866,-44.5003215824433,-44.4124678184775,-41.5162553852215,-42.8192342576909,-37.3288118892772,-41.1005910300785,-37.7122088983826,-35.5185305517664,-33.613188709008,-34.2293019353029,-33.3128359542041,-32.3343749279754,-32.120526589707,-31.9237636415573,-32.8579583496959,-34.7622961388916,-36.9364372840412,-38.4565974341122,-39.9891421105052,-45.3411637957275,-53.3751720355992,-45.6624975156419,-41.5469006356746,-46.7303846785295,-38.1212054113846,-43.9761405575758,-40.6163634839183,-39.8019689659148,-38.2102660971519,-39.8543788325709,-41.3543673402366,-40.3211876407189,-39.987636453682,-37.7550986035809,-36.7560588037906,-38.3731611812767,-39.9417023889576,-39.3492540875797,-38.4496578006526,-38.6926198487123,-40.3644445603442,-42.2055333675855,-42.5982925145254,-42.4052839103663,-43.2716979930549,-45.6344175924654,-48.8052989129285,-52.4981080942729
-50.5215736722677,-52.9159728532118,-50.0176227908842,-47.3427869773174,-46.5279128778986,-53.3689387145111,-46.2961583911212,-44.9893168138201,-41.9083650559152,-48.4629020415148,-37.1487501107325,-41.2902473678018,-37.3508949446297,-35.8895698904043,-33.6064500336957,-33.5039255819269,-32.9266271206418,-32.1667384301835,-32.4165643767413,-32.3529677738743,-32.3623536798735,-34.0842389619615,-37.2684868336249,-39.5340793000198,-40.0357095411444,-41.8868397029624,-46.4192784111287,-47.026835889815,-44.4661875848799,-41.475926396716,-40.5131659312354,-43.0267631083366,-41.074335900282,-38.1038570116926,-37.2490674716364,-39.7054600835931,-39.594718317191,-39.6687421930559,-39.3232440701312,-37.5341579781975,-37.7224704230521,-39.683003281183,-39.944720980421,-39.0543556727081,-39.0358152207218,-40.503610269901,-43.172926546407,-44.9126865920809,-45.0232023333133,-45.6266593800573,-47.730382865584,-51.4872393482449,-53.0032053863336,-51.6633056907041
-47.8758016502626,-49.7559591925262,-48.3329545901483,-45.1329976714787,-44.5726536120031,-53.1990323365937,-47.9936744904262,-45.7069426349448,-43.7581244577504,-56.9287190411571,-38.5606028473109,-42.2114345929857,-37.9146765242944,-36.8402223488252,-34.0839763798757,-33.0046411272624,-32.6916688583563,-32.1479749955956,-32.5132243592567,-32.7704000696253,-32.2763509017022,-33.30673600339,-35.9900319245306,-38.5812742177277,-39.5950928259321,-41.3655331261561,-43.636650999971,-43.4303429609411,-46.5672226775424,-39.5820326267341,-47.1518014372922,-41.7462962656975,-42.1091809037889,-38.4846693593687,-38.4527716512596,-39.9472534972709,-38.5746718374261,-39.3007527025267,-39.097584253011,-38.571772311607,-40.0159437918878,-40.7904542544704,-39.4676170704661,-38.7816546832752,-39.4904912603902,-41.8105637394638,-44.6916345053393,-46.1726724887795,-46.9902008325556,-49.3113725120878,-54.1601785241202,-75.1193290537237,-57.4143493285932,-52.8562413705533
-46.7159215845337,-47.4366731841734,-47.6107267807165,-44.1836880261011,-43.1887523632111,-47.5919221990384,-48.9875653206861,-47.5064007186503,-48.8060503414758,-52.7485155343082,-40.5012803827925,-43.2746755831765,-38.6933405116281,-37.8566941081531,-34.9060984726301,-32.9323610568504,-32.7384711653459,-32.3509556792754,-32.5080731671637,-33.0572814115994,-32.7743617385981,-33.2723785307884,-35.0228711449909,-36.7383304750722,-38.4485652954584,-42.4420643595228,-44.4300952497118,-42.8689866901027,-44.9025672686568,-40.484987100688,-54.3027314684128,-41.4922544122739,-43.0129952666713,-40.6558632232292,-41.5479891636774,-40.3265496401659,-38.8273189035997,-39.801630432977,-39.9696328089242,-41.2487770704733,-43.4366475498545,-41.1231452018306,-39.2844686719301,-39.0511177258933,-40.107725168498,-42.35957327421,-43.8551146790509,-44.5262219386348,-45.2587969473659,-47.0862215535099,-50.0367781674675,-55.7290042159869,-60.0490727500464,-61.1395786366953
-46.0085420114698,-45.5708090798373,-46.4497367275477,-44.2315216451207,-42.8751071472305,-43.6626142275808,-47.4359232050594,-50.7382095788951,-59.8273622625638,-51.886345779339,-40.5402296866109,-42.9473867594154,-39.0479710453394,-38.62497214794,-36.0961128941917,-33.4559802443881,-33.1635527245044,-32.7922788628841,-32.5957593612054,-33.1985026851998,-33.6974319489602,-34.0864978343662,-34.9418002224299,-35.6355718484076,-37.2852079223844,-42.8765281249847,-47.2874686138792,-46.1659913879089,-45.1923266465166,-45.2017348179466,-43.7696051808194,-42.6196572137245,-43.4497947500991,-44.1628265186344,-45.448106477939,-41.1589576323494,-40.4477594909384,-41.6377899750512,-42.5328777179835,-46.6590479657376,-46.3953405170276,-41.5452675677248,-40.1159576273962,-40.3278405832506,-41.3130012022197,-42.4629481519958,-42.3397730315698,-42.5192138146318,-43.1871088398793,-44.9530086629659,-47.7015133835668,-51.9673818603476,-56.3883016679715,-58.5248863924774
-45.0084197952655,-43.9314263448376,-44.50556104763,-44.5277918787139,-43.6290044907442,-41.7247040849267,-44.996083759145,-49.974622750342,-46.9608486240913,-56.4194352746595,-39.4901207054314,-41.5744608051614,-39.2242796234127,-39.1923129518118,-37.6343386431063,-34.6215425946291,-33.9266232987708,-33.4305985513874,-32.9529554644855,-33.3571220957701,-34.6082110324642,-35.4545918374871,-35.6924215499276,-35.6648255626346,-36.9247623682045,-42.2098288417347,-46.6943019671,-50.9614864694949,-51.0860529626215,-58.3270082107836,-41.0941878471219,-45.3406579064417,-43.4404381042739,-47.0226251787634,-46.475892371823,-42.2429269178422,-42.7703666959514,-44.5782916972416,-47.1329981706651,-62.8562410693329,-47.5600469731264,-43.3150301005774,-42.4885188944216,-42.7474877953793,-42.8465579814975,-42.282426849963,-41.598132546098,-41.9706453896842,-43.1736023304175,-45.6903174623974,-49.1402706463078,-51.9083362637327,-52.6598529498616,-50.9209575153658
-43.7635381772069,-42.5099787133213,-42.4244941665916,-43.8960533225643,-44.5341637845245,-41.4906134177904,-43.4698003663027,-45.6454564377549,-42.8347178463475,-51.8941888880367,-39.7879701790148,-40.9180471939854,-40.0004783085431,-39.8073300280994,-39.263340489364,-36.2611778452913,-34.8266579038962,-34.2623294168777,-33.7317918657754,-33.7996482011504,-35.1760232506654,-36.6610179096134,-36.8736314313308,-36.7324685901635,-37.7031079144914,-41.9072454123965,-43.3786007360641,-44.734707703775,-55.4268640659783,-45.0643160040911,-41.835639728708,-48.780710109134,-43.0765081859728,-45.6262188276314,-44.0108470481359,-42.2237210563104,-43.6330117228932,-45.3248989088162,-48.0641970602763,-52.4663083928427,-49.096227215455,-47.4266243117912,-46.7127437056059,-45.4048791767709,-43.901232852621,-42.4904499473212,-42.3073828622132,-43.2928013356198,-45.6670607614593,-50.2051449480718,-56.3824959403024,-54.4983734297277,-51.9558190472784,-49.7976129096829
-42.6697849469156,-41.4380950266596,-40.8237214485415,-42.2424832219586,-43.6215313744986,-42.6739681990506,-42.9696427842456,-43.1148680568893,-42.1163176814288,-45.9489205958155,-42.5538921926362,-41.8291933705864,-41.917842409439,-40.6739008625131,-40.4878184192934,-37.9156908152459,-35.7097349557409,-35.3677956791727,-35.0410345482524,-34.7744859437002,-35.6562107335773,-37.135401839447,-37.7983360259564,-38.5064330263238,-39.6741429163865,-42.2675733703658,-41.6585591223498,-41.457468058834,-44.3165818824935,-41.1309663772158,-46.4378386775375,-46.0613869582571,-42.4673506756514,-42.0486369383069,-40.8753515045175,-41.1156332216499,-42.950183490224,-43.2504721196637,-44.4240832901286,-47.5333541332467,-51.3332184843102,-52.9309319244899,-50.1755142834885,-46.2801571983296,-44.5915408685939,-43.687624814078,-44.4285724033533,-45.7048779239142,-48.9432881629415,-54.9717419275104,-59.8199212848155,-57.568856089625,-54.2496872761332,-53.1988271180413
-41.924073736047,-40.8561054991081,-39.9884312358335,-40.6843326269161,-41.554711255218,-44.1224755628082,-43.0655281556004,-42.3660856766116,-44.0888798976189,-43.67675354846,-48.8701589681754,-44.8004439281281,-44.9755186964857,-41.6363941525596,-40.7793455805565,-39.0494075425889,-36.6986807127126,-36.7831124538944,-36.8387262605542,-36.455089023738,-36.6160928464975,-37.4628127496394,-38.4417868354169,-40.6166666827433,-42.7723245037029,-42.9302363511622,-41.5929278582804,-41.0145595367956,-40.9711982372322,-40.5410098447972,-51.2672196772975,-41.6614431526779,-41.6390117615108,-39.3779538221307,-38.7646478380554,-40.4909585153131,-42.7147774692783,-42.1436614120642,-42.8587489789383,-46.2849884236406,-50.6897852701041,-49.8941847871982,-48.4056003373205,-46.1649326788336,-45.568519326463,-45.2986397429336,-45.8656412624758,-45.6199282648453,-46.4135693393372,-47.9520054499971,-49.8819834800739,-53.5110394529375,-57.3865891659719,-67.7332348265463
-41.5508927844692,-40.8397483280349,-40.023093273277,-39.9195661113742,-40.1738321781436,-43.5683850546427,-43.2089169597441,-42.9735925831551,-48.7271041410722,-43.9895000221907,-46.9314175670139,-48.473471448202,-46.8105893565545,-41.8308858947284,-40.0247889037688,-39.5155880626274,-37.9847217904616,-38.282123996734,-38.7313428700307,-38.9012706454143,-38.5875906746993,-38.7419937994392,-39.8855836662063,-43.3508274687184,-46.9485567151271,-43.7776922951744,-42.8615275207574,-42.5579885359751,-40.315761360132,-42.1326454366775,-42.7991976553924,-39.2019251363917,-40.6984350611939,-38.2642346705213,-38.2082011804634,-40.9565980210965,-43.2732162779726,-42.6868420642472,-43.3632232948472,-46.6082708183679,-48.4311872388617,-46.8229774984082,-46.6180653944122,-46.3589103289776,-46.293604105218,-45.6214296567535,-44.959588729241,-44.0885601215487,-44.0519644652437,-45.0566336070539,-47.1513936167747,-50.4486236106255,-56.7526649783121,-60.8218021348554
-41.5476923842235,-41.3813600770652,-40.9601950107485,-40.1993282876944,-40.0353197024472,-42.0351819920325,-43.2417188606286,-44.4068996190909,-48.6407247169023,-46.7471864260696,-42.0207108892439,-45.3738569893402,-44.8836524981283,-40.7245816981855,-38.8394660896854,-39.4658995474505,-39.3650109548501,-39.348842494481,-39.9984488747532,-41.8183740756614,-42.2709101505804,-42.137688122096,-43.6892698527267,-48.2230477208725,-51.5460044030556,-44.8550593831094,-45.1520937266304,-45.5958471622326,-41.3612111300575,-45.3556887986883,-38.9127314223083,-38.4749945500386,-39.9974404553336,-38.7033882690952,-39.2521968044934,-42.3675252703047,-44.2131983868841,-44.6912664321089,-45.6505813341238,-47.8865255074465,-47.2036286352846,-45.6983163611632,-45.8418821216237,-46.5306936796328,-46.2622196009402,-45.477564990063,-44.7007438857653,-44.2844943483112,-44.1762624231024,-44.9623314613944,-47.137510330501,-50.1289800167708,-58.0857138092648,-60.2424501150278
-41.9368700197158,-42.3773406974307,-42.7621493284517,-41.7095825840576,-41.3329198078117,-41.5427969279215,-43.5772526341723,-45.8200947735884,-44.5104743253644,-50.622656256212,-40.3423495254351,-41.7186760835489,-42.622335279813,-39.2775154046455,-37.9173278527636,-39.097122192737,-40.1096459572438,-39.6797944402069,-40.4165305056158,-43.7894079969243,-48.4354231985517,-50.871470949773,-55.1887389144002,-56.8649047069725,-51.1668532907764,-46.0570879590036,-48.0368754213761,-49.3775258819779,-43.9201124523675,-46.5511955359659,-37.6407363034469,-39.2761115849029,-39.8694985529308,-40.5095465775633,-41.6870895423665,-44.1503318296351,-45.1758519508761,-47.583917768092,-49.4980515702065,-50.0346669468899,-47.2945271737737,-45.9631237934238,-46.0637177797553,-46.9753686586271,-46.7147076408945,-46.6199340812773,-46.1365950959821,-46.4410972380034,-46.3724751418336,-46.8623676487787,-48.8403864069891,-50.9431343122634,-54.971539969373,-54.9332007177626
-42.7369248756733,-43.6150501695454,-45.1158489420577,-44.7776134098873,-44.5373490956654,-42.7171851060508,-44.7612869085256,-46.6793356719944,-42.7107894594776,-48.3457571608586,-40.7831330262272,-39.9798297618078,-41.2264880435929,-38.3664203920818,-37.5554258731681,-38.6544774412802,-39.8120640613525,-39.535543131203,-40.5177181785206,-43.3733106409657,-47.1996911593218,-50.6962127189967,-50.9991391979799,-50.7586782931318,-48.4948394413117,-47.7325697279488,-51.3393030638173,-52.0423916821878,-48.8170267653919,-43.6186551960887,-38.3382051272583,-41.4354900776366,-40.3867651419267,-43.0703453237401,-44.5928926730832,-45.0672851043694,-45.3375582439831,-49.4213526186422,-53.3600659954148,-53.5608998973204,-49.2413768773707,-48.184553378032,-48.1361631643295,-48.8472071634255,-48.4879101684599,-48.4031173670546,-47.5389629206798,-48.5160535755865,-49.3218229902955,-50.2135779656605,-50.6037448546633,-49.0409544135544,-48.06757109771,-47.1395611300459
-43.8945408072981,-44.8075634446249,-46.9080591986049,-49.6973702109269,-51.5174849173159,-46.0476498515398,-47.2385044440708,-47.3961658558867,-42.5359847999481,-44.9223845131741,-43.015066742537,-39.6953886381217,-40.5075029615718,-38.2329974680524,-37.7889055169456,-38.3192877387702,-38.9605955256674,-39.3125579600414,-40.7019090552881,-42.0358426510701,-42.6056624776513,-43.6618527341492,-44.9467002712744,-47.540334403383,-48.0122359137766,-51.0753439016039,-56.4283446720274,-51.6917731475971,-53.1833114915952,-41.575206838941,-41.2907781296891,-44.1600841947014,-41.3156827598448,-44.8075749786431,-45.8902236981359,-43.879812182595,-43.8406746504159,-48.3722301061183,-53.3476096969605,-58.401937928503,-55.3406743489818,-55.3630677192102,-54.0841413796081,-52.2416065997928,-50.2464883637853,-48.3523591382483,-47.2558145389226,-48.339791367761,-50.7961910422384,-53.5581400607974,-49.9600776037232,-46.1696954862617,-44.5033878975479,-43.6178959242007
-45.1931624831975,-45.7073678868006,-47.0433329580332,-51.9025136787042,-62.3703200189396,-51.6817779219911,-50.9791713983287,-48.1657314223684,-43.1585300780039,-43.1041249871659,-47.1223366999818,-40.5668410695233,-40.2695149320867,-38.8448977797525,-38.5666268188211,-38.1702753986281,-38.1587930932875,-39.2352773700535,-40.8758378071057,-41.0630851294389,-40.8247710593848,-41.9113194881143,-44.1750368052073,-47.7442999298937,-49.7338192504809,-56.9753506122633,-75.7273885372205,-50.8694994726198,-46.6081383431074,-41.4911936582076,-48.2718650147544,-44.9701069792549,-42.2340454649283,-44.1664431109665,-44.4307518666392,-41.8478662682381,-42.0456075852016,-46.3630979208779,-51.1047117257502,-54.107062708872,-56.5472502221566,-58.6239072279764,-57.5352444471155,-52.4538452581666,-50.4599454565565,-48.571840692681,-48.1765190162203,-49.1062696854843,-51.9309421690209,-53.5667299359978,-48.2574279567968,-44.8975085587455,-43.5192548256257,-43.0049123832321
-46.1479099595312,-46.174536525895,-46.522204747115,-48.7800814527092,-50.7949068693871,-50.8090337360458,-52.7053451816967,-48.4586246716809,-44.2118026069973,-42.4416002910295,-51.6238256081726,-42.4223619210787,-40.4426469135737,-40.0373545344824,-39.7472311281271,-38.2811992723759,-37.7966303903589,-39.2902799833942,-40.5711723904049,-40.5571006284842,-40.9438759388174,-42.6971455965444,-45.7787944967131,-49.2858249042858,-51.1626756251031,-56.6797178956282,-56.5877020268494,-50.7322041298837,-43.2024726475109,-43.5453580449713,-49.5286996690736,-43.4940798011707,-42.8458525160434,-42.1122132973074,-41.9448563639312,-40.6602598365587,-41.2838159658161,-44.8831590358694,-48.7569971290744,-48.6146903505145,-47.8251981066022,-48.3862899603041,-50.5602414328152,-51.1342119906036,-52.6412686869533,-53.0949707797136,-53.4408804904571,-53.1499649546578,-53.0587330512747,-50.6032065691613,-47.011663144666,-45.3738961408214,-44.8419792381254,-45.2009130392041
-46.0932704926593,-46.0957527080523,-46.4005215362663,-47.2210967466314,-48.5077367018879,-47.6551540542335,-51.112941457772,-48.4344883377361,-46.1902202604984,-42.8200887317307,-50.147199691364,-45.0352588348534,-41.011382937903,-41.4831739825507,-40.9100959935123,-38.7319257383212,-38.0819893221537,-39.2616726600814,-39.653835271655,-40.2336680662207,-41.974791317966,-44.4997242521691,-46.615749031879,-48.647444398275,-49.2312594042503,-53.885847728869,-49.9303166501486,-48.1018883869082,-42.5465204667835,-47.1775418261068,-42.6145542158607,-41.9542258480521,-43.1085839462735,-40.5622618108352,-40.4371842193734,-40.9705775459975,-41.9444714341746,-44.1757294335577,-46.6113108643216,-45.4670412766645,-44.2008545161812,-45.0424802697144,-48.3877571483593,-52.8986810045303,-67.3312435738663,-61.5571771234757,-58.6596518337846,-63.5411997692014,-52.1583593500231,-47.9668738751868,-46.3932996712739,-47.2759286414524,-48.9176784710311,-51.3451125619744
-44.8778738158087,-45.3711830017978,-46.4510576415004,-47.2638924159158,-49.5091614396693,-47.8189581844005,-50.8927755339933,-49.3775946944043,-50.3522741771939,-44.3701521972853,-47.9405478362911,-47.8293096554242,-41.9092130460221,-42.7031228509059,-41.4508830504604,-39.510061830147,-38.9899380420489,-39.0692692144757,-38.7571464473297,-39.9303704638701,-42.2261451521427,-44.218785552212,-44.7638474904855,-46.4695179046211,-47.4698955853815,-51.1173474114178,-46.281181525132,-44.2623553345603,-43.7151247291433,-46.3076774798407,-39.9025985303749,-41.1831478462372,-43.1733138693638,-40.5082039995833,-40.7576568177786,-43.1986141427731,-44.2198428981659,-44.2274971802494,-44.9667797072975,-43.9770415904095,-42.8891085102221,-43.7756064051563,-47.2330942174664,-51.8299251287814,-50.9519639971814,-48.3366520097374,-50.2926530730668,-73.3582158075466,-51.0679226084062,-46.6278956755155,-46.6625027004449,-50.1696157585003,-58.2793568456157,-55.5432422673411
-43.192915717323,-44.1296419418353,-45.6541836387575,-47.2586296275173,-50.3050566952611,-51.8009044530537,-52.9512995174037,-53.0957111181047,-56.3243883389294,-46.5964943686445,-47.3667588604924,-49.6228888349984,-42.9407449705532,-43.3500184292091,-41.4128786144968,-40.4768358745415,-40.2088763380036,-39.0228200904477,-38.5417084456161,-39.8523659538872,-41.3289893976129,-42.4119776509793,-43.3502237448072,-45.183623053778,-46.8926901183425,-46.9629928468534,-44.2721273725375,-42.0312318957527,-44.9014211123527,-43.0271330245159,-39.2802113402629,-41.4310528437232,-43.4887570786417,-42.4785966827304,-43.4524666941798,-48.2494864758629,-48.7086618279835,-45.2712094720631,-44.2085731907718,-43.7958941311297,-43.0334415945929,-43.2102717405799,-44.678479604087,-45.7452432535996,-44.6809723386926,-44.4987978734697,-48.045024021662,-57.1230728665305,-49.9356037456326,-46.6676191017595,-48.5298971412403,-54.6600642288311,-64.2937543873353,-51.0806109544262
-41.7544195349206,-42.7836741298342,-43.9665741674377,-45.6365992996249,-46.9153816151471,-53.5937971648641,-53.6061076129814,-69.8959622212541,-51.7705939826363,-46.8557715625934,-46.9101770108588,-49.4248792953086,-43.8608643289842,-43.4799768884258,-41.3832568784236,-41.4993748138874,-41.3241305473095,-39.5227767445535,-39.3236139135647,-40.345363076456,-40.8097212617656,-41.6265354941604,-43.4455662869003,-45.2478893765871,-46.9443402377216,-44.3622829268151,-43.7202989381619,-41.7654910216311,-44.1620969661866,-41.4972732379898,-40.0812025912867,-42.8190993999671,-44.5463937187422,-46.7557482469897,-48.2180165022783,-56.5317692538944,-59.1568551812342,-48.1707209290968,-44.6772192767267,-44.6435826144482,-44.2283508824278,-42.9881600456603,-42.2589620457919,-42.2339031391149,-42.196696123322,-43.5639426354502,-47.0129723824853,-48.3719312960594,-47.6857549676872,-48.2630931305624,-53.6318844975947,-66.597203186488,-57.8669701963569,-52.3958501272074
-40.8933446592594,-41.7497540011258,-42.462843454177,-43.6656290189522,-44.0170901886418,-47.1099179557102,-49.9323899857868,-54.6632053429833,-48.7611195245775,-45.2794696878827,-45.2105919223889,-47.9514666042915,-44.6723640562779,-43.3887266022031,-41.5904040138038,-42.5529278696037,-42.2460464183438,-40.754180854662,-41.1877861802049,-41.6131158049284,-41.4662587765709,-42.4444582347161,-45.2603168164814,-47.1563266335509,-47.9568594623529,-44.3166313575435,-44.659177312993,-43.4626201032239,-43.2860993705568,-41.3932174625752,-42.2143243377044,-45.2208074501203,-46.0574848425794,-48.5467535208978,-46.8468453057086,-51.8608105096933,-57.2074490970012,-54.2420258090729,-46.410152994636,-45.8177206633045,-46.0140840637225,-43.4580512017465,-41.228032300126,-40.8965895636885,-41.7299097015654,-43.7188966561142,-44.184313730148,-43.6873580774189,-45.961000222812,-52.1240599360252,-58.1019819974296,-56.1842662140194,-57.6416247489976,-60.0651696718378
-40.6735733752209,-41.2620048047224,-41.7720238256838,-42.6602259488428,-43.1150492081769,-44.2352398835796,-47.6021127435774,-49.0989277572335,-49.0823451156626,-44.7730183000249,-43.4963212320321,-46.6026046143264,-45.7194146739836,-43.4405877958017,-42.0097895272962,-43.5834324396032,-43.1053294628636,-42.6503954963528,-44.0050045123062,-43.6145563161431,-43.4530573928341,-45.1150633851948,-49.6748159975819,-52.8845662066943,-51.9232379754179,-47.7838622942073,-46.7665642665963,-46.8002900402478,-43.5944868784793,-42.2723834335841,-46.2569564348913,-47.7633170622396,-46.0244953143134,-45.5748594356768,-43.9167813074195,-48.7926757837875,-49.4233775,-50.2934819805058,-47.6058409428377,-45.8427733667945,-46.4752055419305,-44.3855022567313,-41.5818753652709,-41.1289057558333,-42.5003976658653,-43.3981814955474,-41.5617629740672,-41.5616967435576,-45.7458710234816,-54.4001133283094,-49.9058204080174,-51.0594104487924,-59.6316833951127,-52.091274358224
-41.0036252282752,-41.3721570671149,-42.0236841872042,-42.91606540375,-44.1967155014384,-44.2588053177861,-47.573931115843,-47.848926903305,-52.8545208263069,-46.1517282031621,-42.8994371537763,-46.0504746386943,-47.3846194843859,-44.0438883368741,-42.9677464310279,-44.5788251355251,-43.9558694697792,-45.0288727586815,-47.1886255451148,-45.9586378242448,-46.6535968937711,-49.6921079866966,-54.0958221372703,-56.4818707854717,-62.1041669304385,-55.9060714747288,-47.8576870916974,-48.9284220245605,-44.8748550155614,-44.1969751250361,-52.6385215344694,-48.4178563990521,-44.3364356736796,-44.454400264464,-43.709271831913,-48.066530887431,-46.5038074659924,-44.7798572946707,-45.6714258907722,-44.514191483705,-44.1737006338349,-43.9563799487591,-42.7020988988289,-42.4133021229817,-43.6344227047685,-42.6258607534755,-40.572939975218,-41.3249453531434,-45.9408850465491,-48.094504917129,-46.2661328644451,-50.0574130000737,-60.8029357167191,-47.4799212279663
-41.6860042279406,-41.972556382932,-43.0644228326867,-44.3264519675505,-47.1837577353783,-47.2715618569033,-49.8915820586906,-49.8539719874003,-65.0253542407497,-49.2673663823809,-43.4728922928014,-46.3421905867967,-49.8001867720326,-45.6534678103698,-45.3386114013452,-46.0708750048558,-45.2215228486077,-47.958773493483,-49.4653418488475,-47.8472284217532,-49.750646983028,-50.059908514911,-47.3059814990877,-47.2373183355576,-49.3948898566207,-47.6717058285588,-46.6823059807787,-48.1138764189583,-46.5268586876769,-47.5379806273633,-48.1924451750345,-46.5595834294175,-43.2310163419632,-44.8667447837427,-45.7507311370057,-47.877970413763,-45.5510130022193,-42.5324794959198,-43.56832757273,-43.3397129600847,-41.9156580020277,-42.1942313851862,-43.4450916711962,-43.9919336871941,-44.1709095520234,-42.3156448074338,-41.3003414320627,-42.4932301608853,-44.3634181443203,-44.1297770630948,-45.1543638164215,-49.9256452517739,-51.7983342589122,-46.2505332558912
-42.4977714646185,-42.8073113148607,-44.2875823945572,-46.0357226748706,-49.4036155865023,-53.8206692564585,-53.5851674397893,-57.9818083489953,-61.6185540972313,-51.7987198131212,-44.5689221612059,-47.2088542093783,-52.451727440124,-48.9551859057107,-51.0616725020444,-49.3799729531373,-48.0749581337468,-52.1025342987746,-50.0476556062337,-48.6175181706114,-49.4128578054841,-46.0618460605014,-43.432372985855,-43.6085731278993,-44.5962807755943,-43.6490224371775,-46.0726623624885,-47.5814491270888,-48.3315126502983,-49.4370780487896,-43.4966204938826,-44.2642288272454,-43.3975395170387,-45.2628139880938,-49.0863562573347,-47.1741613818311,-45.5341060217007,-42.5431403429093,-43.0739630712435,-43.2523045367984,-41.2378960063827,-41.2344813619509,-43.4510580541191,-44.8677840682613,-43.8127865192052,-42.5347666304888,-43.5803808788929,-44.298115702083,-42.4839845358162,-42.6113691611515,-45.6447544896604,-47.2731679230353,-46.0153826491392,-46.3784651438191
-43.3133178923823,-43.5742008789019,-44.6746513795266,-46.0790535141288,-46.9006611034191,-49.8629298211363,-52.0452222978392,-59.0273361098082,-58.0531257112866,-52.1254187674876,-45.4375571048444,-48.4980361980001,-53.6875405659647,-55.9267457455417,-74.8315982115478,-58.5828307517614,-55.1745999472946,-59.1575058836454,-50.0283433536601,-48.5796762012805,-47.270492227697,-43.8129976257308,-42.1054150332527,-42.5549011630606,-42.9947898337478,-42.9995221494963,-47.0358990875483,-47.0675805030954,-49.5948316554993,-46.6706527606701,-41.8083239596036,-43.0815277995715,-44.5851870820377,-45.1358570862141,-50.4625073945817,-45.7981356359143,-45.656726288742,-44.6295388467275,-44.4900033697014,-44.8100210931474,-42.6754725643664,-41.9829332499919,-43.5111802418011,-44.5316715500633,-42.9543275269924,-42.955170131003,-47.0149657170453,-45.8275784425553,-42.2802890971236,-43.2625390224809,-47.1522155424116,-44.6689618835477,-43.0361225330417,-46.2061804794101
-44.1188119894982,-44.1470210364095,-44.1798083553858,-44.7426686622829,-44.6617986393969,-45.483884899728,-48.9099053825757,-50.206440654657,-64.2427015751239,-55.1047272618469,-46.8045498386726,-50.8368191189843,-53.050988869588,-64.9417607299476,-51.9102895287691,-58.4941470776146,-56.7293665461954,-87.0784316244461,-50.6832630824061,-48.4890161116708,-45.6768951753827,-42.9768133043619,-42.5250591055513,-43.1589046437793,-43.1353380900616,-44.1005583859294,-48.0885295784154,-46.0376978415514,-49.3126764718029,-45.4228720212207,-42.5978286631536,-43.6998941793698,-45.920964308789,-45.1708852136522,-47.7036652243212,-44.3429886522421,-45.9128790638356,-48.9994766402319,-48.1198488733639,-49.2360573883035,-47.5277230121782,-44.9981930832942,-44.0561148248022,-43.5288954914012,-42.2201279734531,-43.7252830925433,-50.2622451026291,-47.2277539814665,-44.6754539334127,-46.7093802445044,-49.3118281988436,-44.0620819364888,-42.0482824036081,-45.294805759405
-44.9265081434315,-44.6504392875533,-43.790606694815,-43.8493986859464,-44.0568501133939,-44.2341411825548,-47.5572401615648,-47.8277397539543,-56.7004308229039,-83.2854825314386,-50.886037830659,-56.3983950469239,-52.455715622904,-54.4656282283867,-48.770637712764,-50.8822402279496,-49.6457963530584,-59.0809817319098,-51.0362376115392,-48.3318772607525,-44.6486157191063,-42.8253210922842,-44.1379739463068,-44.7413026853832,-43.8875039202894,-44.7202678426754,-46.5659137988617,-45.6986416641117,-50.0634573850955,-47.7508656527659,-46.7604161972077,-46.7641932376568,-46.4099644289639,-45.1128575867842,-44.1558570235778,-43.4573747299282,-46.6741371385175,-53.2001811454133,-51.8215147805234,-67.2734666135592,-61.2298589090385,-51.8835858051855,-45.1690634917056,-42.7967193416326,-42.1541001061396,-44.9935098763965,-49.1131688640207,-49.0789379253955,-52.2247438837244,-57.8103977540035,-52.8688425996448,-45.4302817270474,-42.5784841997056,-44.0697230522332
-45.8454113214473,-45.3252098831056,-44.1193335724602,-43.9544589698535,-44.7874899868994,-45.0103782487421,-47.3382618224631,-47.8792090602409,-49.2539651698165,-52.1905620851434,-57.7903600258405,-65.2548851027902,-53.4487277874714,-52.0054054679614,-49.2468899939078,-49.5162971459389,-47.7596840891911,-52.6918417440378,-48.4103172247158,-47.2406080328659,-43.7885378156802,-42.9462359515969,-46.1028810532393,-46.2132736852862,-44.224700398411,-43.9283351284243,-44.5510122428481,-46.7029880666799,-56.9726165658694,-60.0606751418546,-57.7015238571345,-50.9356940555642,-46.1952322184539,-44.5106287954955,-41.7501391502955,-43.3632316013352,-46.6625882374166,-50.2300471888567,-48.6414024115896,-51.6052281767846,-48.1748554303309,-53.9432662589699,-46.817660576038,-42.8579969362741,-42.9945613789538,-45.2775276686867,-45.1247550411276,-50.8025127609433,-55.1151251616538,-52.9366933185877,-56.3704530603851,-45.9797940472694,-43.7911074593433,-42.6009442589509
-47.2675273597519,-46.4792592375243,-45.3343150120913,-45.0281104575104,-46.4269351987013,-47.1478229570715,-47.2937243903056,-48.4524950017343,-45.9640758119247,-46.7595811916239,-48.7993930324694,-53.9041730384487,-58.1998503209481,-52.9709157105336,-50.5471389629983,-50.9408986388599,-48.5321259555013,-49.0946107871259,-45.3638887555471,-45.4385719655104,-43.1184433524773,-43.5245405332254,-47.2625388350708,-46.3916903754533,-44.3792662930266,-43.6943552494319,-43.8312790697922,-48.031133936635,-53.776762063436,-49.7602366650486,-46.302960425479,-46.8728249048,-45.7182410625421,-43.9922964212472,-40.8505900789382,-43.7484313252611,-44.4151935608792,-46.9691088733037,-45.6618480587579,-45.985240030808,-43.9933094482852,-46.8048593615343,-47.3955714935803,-43.6821613339215,-44.5780731634781,-43.683828401691,-42.4107456124738,-50.4574994937315,-46.4515150018043,-45.9058860722305,-49.0040467523303,-42.7952834633287,-43.8919836407415,-41.1429290255226
-49.9688997319207,-48.5487238049108,-47.3882909952361,-46.8475143551921,-48.1218963868107,-49.0989581582723,-46.7551810995434,-47.3988806078287,-44.9419243291297,-44.9398956499769,-44.7865452741014,-50.5912428534174,-69.2202472404615,-54.969610141014,-49.0735382628201,-51.6518378638474,-50.460863678301,-47.2230872612089,-43.7992316486235,-44.1322951707956,-43.108048977805,-45.0206084180057,-46.7153470883122,-45.3288625158373,-44.9221494207317,-44.7258665698929,-44.5028426777498,-47.5709810909549,-44.8396573810657,-43.2502365490406,-41.4134988129302,-43.1257398746682,-44.8974357610242,-43.7095359360745,-41.3920703920489,-43.891556430441,-42.1463449362553,-44.7881776012914,-44.4856266157792,-44.0271314221987,-43.0534579693876,-43.5573438526104,-45.3277863433211,-44.7676283246365,-46.2351046363458,-42.4523951143579,-41.4744064115443,-47.1178360691259,-43.5429225024301,-43.367417245636,-43.6803254905369,-40.0220707335084,-42.2848068715214,-39.9432839710993
-55.7696655816596,-52.0685771116658,-49.8363534649506,-48.8729634619946,-48.5650592716233,-48.3553635336836,-45.744841491873,-45.4808008531834,-45.5687987460334,-45.5227688421254,-44.1528239688506,-50.6623535756854,-53.5107108117199,-51.1529977477044,-47.170913164633,-49.0995648970393,-50.9965178564709,-46.3897675368306,-43.8254416340137,-43.9108886482894,-44.2288864432935,-47.2527535920222,-44.9960480239901,-44.1829309669106,-45.549413285623,-46.157204831405,-46.3149632311949,-46.4436070286093,-41.4892817617741,-40.9746634485044,-39.7475147367724,-41.5342889361301,-43.706445046535,-42.8403925387108,-43.0669678446266,-43.4759329130007,-41.2075225961911,-43.5413413428234,-44.5450317197208,-43.9402265323173,-43.9615623555344,-42.333191844172,-43.4061895515498,-45.6868666476775,-47.1460576974564,-42.6824416545854,-42.2482046797549,-43.5929791760983,-42.2765528583749,-42.5314020896723,-40.7300465592526,-38.8276507438189,-40.3106989613923,-38.8335744530188
-67.7852888079886,-55.5399777703347,-51.3173566168208,-50.0664429962635,-47.6091933321518,-45.9703744899895,-44.5936952950207,-44.0910488444495,-46.9709978529083,-48.2879160271677,-46.5749594550967,-51.8933806951613,-48.5794937252104,-47.0709567535604,-46.9877073589462,-47.2698456767982,-49.934181163332,-45.8560799379736,-45.2963516351495,-44.853046592091,-46.6522326350607,-47.915816363861,-43.7718063685935,-44.0497195342628,-46.1246548343316,-47.0226394680492,-48.8386576539483,-46.0065067101086,-40.9266866111017,-40.9587835307889,-40.197119482878,-41.286542126657,-42.3889718465571,-41.5074842598874,-44.9951414212016,-42.9240773664771,-41.7402655002025,-43.3193717094094,-45.4343988773121,-45.2645101600034,-46.3356452091757,-42.8445859654794,-43.1584245735393,-46.7551895323337,-47.1519356646963,-44.2912611113723,-44.7481682477438,-41.6300858370808,-41.634908390249,-42.5546222190756,-39.336682489268,-38.9021027504008,-38.7258444682365,-37.6620195258307
-54.7272484681738,-52.7664712596967,-50.8732310125767,-49.6107186362512,-46.1111697088252,-43.8394981854212,-43.6216235614083,-43.3854593408481,-46.7995622785117,-49.7331224275672,-53.0806353778332,-49.3763287609263,-46.5570628151404,-45.2487058683921,-48.822438851157,-47.1247746066649,-48.5899773128328,-45.4054422701757,-47.9246382495804,-46.7546308510478,-49.2084689199457,-46.4470326885364,-44.0664534603701,-45.7435879725974,-47.8490250933274,-48.5843241301225,-51.4794208961611,-45.7887741766216,-42.7322696514777,-42.8892188123837,-42.7910087400819,-41.9026521646901,-41.2577642451184,-40.7245509574187,-45.5197900893276,-42.5888509090271,-43.6332975218881,-44.0225415191826,-46.9621624699964,-47.98136226575,-50.4612268096064,-45.5876030509712,-44.8847080009273,-48.1871499585649,-46.7260582547982,-46.5636076592169,-49.2111315479054,-41.7086726541842,-41.7536711066807,-42.9652346018313,-39.0670587509789,-39.7336790047661,-37.7993705169501,-36.7449811492546
-50.4706162272073,-49.4370792555647,-49.5897702098745,-47.9943510324561,-44.5695920847166,-42.4922311071047,-43.0789928615099,-43.1956151010283,-44.657173209399,-45.6775630326967,-49.1054280548139,-45.7889290385525,-46.2823307351066,-45.5734382004257,-52.5661833699772,-48.2219118738908,-47.3293097541854,-45.6013745541832,-50.8745447326264,-49.0064910330784,-49.0049352081894,-45.6006936313863,-46.5120220185699,-50.3194222352906,-53.0020569295895,-53.2743417728078,-53.772615930419,-45.3985355123497,-46.8963766611193,-46.9690349512613,-47.4220257709198,-43.0525008549513,-40.5968560168288,-40.8144713531305,-43.9788165643786,-42.58880679524,-46.4167293044756,-45.0483527924498,-49.3595401925103,-52.7419480069128,-57.022031875003,-52.7999312432461,-48.7723931837843,-48.9556465581316,-46.7466918189862,-49.2374090066855,-56.7154109668125,-44.4833125490625,-43.1698090508531,-43.287545956014,-39.5448894560573,-40.6256418634387,-37.6389116540633,-36.5425509161454
-48.9814690155243,-47.8121983304413,-48.3343591800154,-46.2454947221604,-43.3407037106967,-42.0237856058343,-43.0739411022291,-43.3957979431947,-42.758051838104,-42.5271440955789,-43.5532537217896,-43.9164118115588,-47.1675497533077,-48.3741592989977,-54.4262348111941,-50.0536293774489,-46.9884329273835,-47.136359707637,-52.2892103174493,-50.6245532230097,-47.7523017310857,-46.2547037721345,-52.2511229467889,-55.1425355154917,-58.2534906102564,-62.9599924956018,-55.2616362784596,-45.499864803345,-49.6400003832747,-49.7685002365502,-46.4523055846602,-43.9248342977648,-40.6131935040582,-41.3420637232846,-41.7898458771742,-42.9858221393956,-48.162892586885,-45.3937473781345,-53.2189961726135,-63.5882488277267,-55.1374232811052,-57.2856624028922,-54.7080715890962,-48.4772066540728,-48.1419579898508,-55.8229469095542,-78.1376949974514,-51.2075485046965,-46.2538412249009,-43.0495854844622,-40.3307457079036,-40.9672269153982,-38.1523816716035,-37.3132925065561
-49.0628440231095,-47.5670260393714,-47.3790891166303,-45.0194437974587,-42.7579478210487,-42.3997477992888,-43.5325654837307,-43.8118614042896,-41.8506151911722,-41.2340623941359,-41.304773936223,-43.8458117625424,-48.3190310196778,-54.43517300344,-52.1342179224856,-53.0276844212582,-48.5805186200647,-50.5842332253697,-51.204859130661,-51.0009562028202,-47.4587617134433,-48.5166950550495,-58.7572241425165,-50.3271495999193,-50.1546200191125,-53.8849864959403,-54.6921490412578,-46.5835537029561,-47.2933897425945,-45.7731958870256,-42.4841344380675,-43.3627058430273,-41.4091802445925,-41.7623553832702,-40.2819641622749,-43.5250288557594,-46.765317312204,-44.8942233527349,-53.3890687771314,-57.52947768139,-50.5608584150884,-48.3137668467089,-61.7891210550488,-47.972769186184,-51.0581357627975,-58.2710604182978,-60.6094339428213,-47.7996227652626,-49.2940563473325,-42.3147043777811,-41.094607817042,-40.7402063832523,-39.0277158386051,-39.0672998031554
-50.3370548273766,-48.4924594172253,-46.9594895469131,-44.570328759203,-43.0219413166607,-43.5139784604801,-44.2022411006504,-44.1049734065766,-42.006861705588,-41.5852255696311,-41.2336505852213,-45.5774698110413,-48.6592280780602,-53.4815753845903,-51.6141052285391,-60.2578175496495,-53.0532839379759,-56.4299062449312,-49.45208580029,-50.3427465074432,-48.1134856428694,-53.0523641638506,-53.5837541020524,-48.5367977394103,-47.7403656741145,-50.563703698508,-52.2097214399743,-47.754559163379,-46.2044868761931,-43.0671411336617,-40.8846006733241,-42.2251013414005,-42.9823247287262,-42.3415890921558,-40.01812767677,-43.4826554539339,-44.2734298797283,-44.2440675009112,-47.6417486438007,-49.9800660369838,-48.3796594506211,-45.2421484196912,-53.6275089915891,-47.7067066938424,-50.3952964949405,-47.0412082822553,-54.4874563580706,-42.9347293001134,-47.3977513883204,-41.6241653789727,-41.8793380411718,-40.4077243768708,-40.0029954527361,-41.4570056799077
-52.773946703532,-50.5392759243932,-47.291508766269,-44.874866533634,-44.1525005188205,-45.1608597664734,-44.7235777158491,-44.0681451089473,-43.2948463642425,-43.685466572429,-43.3300754616431,-49.0404817542541,-48.4768535885749,-49.1358586356856,-54.9478634985275,-62.1670598691656,-53.8648609444145,-63.3457694882463,-48.4704160074675,-49.4195396731319,-49.6798971447898,-64.6069726945391,-51.6716486094897,-50.5167648309904,-49.2446287421311,-50.2454914632673,-49.8067857632814,-47.3135161179879,-46.65990050264,-42.5268718789411,-41.3431693053047,-42.0778926564376,-45.2360211811181,-43.7297983565055,-41.3012850226729,-42.9078281273209,-42.4399924959225,-43.8717402198802,-43.694624626668,-45.7464937009941,-46.6767232340772,-43.9649903790706,-46.1737443537377,-46.9489082968167,-46.2158735794444,-43.1765825574934,-49.1481071203671,-41.5265193371459,-44.5574348233092,-41.3871769947137,-42.8430801038154,-40.4639740965403,-41.2662283800771,-43.6184205703817
-56.8982460429916,-53.4280351734921,-48.2800329293138,-45.6032719270814,-45.9055564614545,-46.7639094053988,-44.828534399176,-43.9542957244832,-45.7736926114431,-48.0845752637217,-48.9479238526566,-51.3215597750138,-48.8967934793541,-48.1910784561971,-69.3304353539849,-53.2050047436896,-48.8107601242983,-59.2985669219807,-48.3148879894713,-48.8041163236886,-52.8200567236482,-54.4035800615093,-51.8322877690203,-59.1934855047675,-56.9038860835606,-52.0563963033675,-48.2398041367174,-46.3470198819244,-47.7124128215632,-43.8663193106244,-43.6367451014163,-43.6811058807129,-48.0464562048991,-45.8858920786335,-44.6962190240011,-42.942874382571,-41.6867113354575,-43.8277647479193,-41.4648466983174,-42.8674897035163,-44.4159957104157,-43.2768970972444,-42.1668261645135,-45.6916955791501,-43.5603902275096,-42.1556982719002,-45.0134455438083,-42.402994506187,-42.8662492469916,-41.7708270919904,-43.7617271854811,-41.2027818923398,-43.1071610712812,-44.7718510770002
-63.2636590719776,-54.7782570582466,-48.895188681869,-46.1420113440391,-47.6034241551789,-47.0689440758355,-44.5386073394016,-44.1143912802212,-48.3659389042443,-52.4245622205281,-59.149846057913,-49.6230226710921,-50.7432071738314,-49.9882025814845,-54.2449496262124,-50.1109057663361,-46.4896317856147,-51.3742014368617,-48.0847684923447,-48.3217159762606,-53.9836848834697,-47.827819660498,-53.9510378452472,-58.1899117559197,-56.4178270857233,-59.4761293851294,-47.1199105811354,-46.252184764241,-48.6872751589667,-46.9038422589403,-47.565817462177,-47.407250810184,-51.4763424714938,-47.8483239491523,-52.5701894057757,-44.3786310430782,-42.0518126394961,-43.6107329743346,-40.4249625961704,-40.8667514534904,-42.088456717765,-42.7210943824615,-40.3018799006838,-44.3981518212751,-42.5503614883472,-43.2385983268731,-42.7788500717689,-45.2113347116308,-42.4017562269205,-42.8152340043553,-44.1351041541568,-42.6099741928913,-44.6769677700032,-45.0552464594779
-58.5482017444298,-52.5789683764705,-47.9567833467656,-46.2208811982229,-48.2430582549516,-45.7963618517561,-44.1088581038946,-44.5928048099658,-47.4659013299352,-48.0331522295464,-48.2644097574477,-49.2457205227362,-55.5314357643079,-54.8379529813589,-49.3022141468341,-48.5574171280435,-45.9952972367619,-46.2516013228091,-46.9491952852999,-47.2571284727302,-47.8835566258144,-44.7480186593357,-56.7324078413437,-49.3277686139294,-47.907325921303,-56.4114268814744,-45.6926675915062,-46.7920918314876,-47.7234767915558,-50.3382170350204,-52.3124251667431,-50.2115375264682,-55.3720252505409,-49.6855529315693,-55.6581766612705,-46.1439748459257,-43.2407091921735,-42.316434415924,-40.1399635695049,-39.5369903895765,-40.1701845625629,-41.973829905966,-39.8886566349275,-43.0389839684299,-43.0427631576197,-46.1182013590278,-42.829948227111,-49.6777654133978,-43.537004862456,-44.3959711689662,-43.9105157994358,-44.2703723833585,-44.2003352546223,-45.1322167356786
-53.084523334167,-50.2253505457353,-46.6493957391715,-46.3442877046764,-47.4638010130264,-44.2920872417968,-43.7874188474679,-45.0716820342093,-44.8097800364405,-44.7248120502992,-44.8728841293068,-52.8559700971852,-75.6609516516928,-59.396929988177,-47.4092442734963,-46.3328874918965,-45.9398042198145,-43.1445988860563,-45.2061677131694,-45.3122004937178,-43.4270621869435,-43.5048908058067,-48.7118744899699,-45.5302289474265,-44.5578223679067,-46.2618344502424,-43.993943527994,-46.708960099686,-44.5228777798547,-49.767883394245,-55.1220106297776,-47.2921920536348,-53.7512626426098,-50.5776303153172,-46.7334981332382,-44.1384444847891,-43.9157180982562,-40.2658952652018,-40.0513347376837,-38.7025655573046,-38.6579077512996,-40.7249608183086,-40.1730506879468,-41.5482764771505,-45.1928393058483,-48.6048409168551,-46.4363018401275,-53.3289279659482,-46.7643274813401,-45.944929560774,-43.3242103942729,-45.4282699188943,-42.887818453594,-45.6169419538333
-50.4879170248659,-49.2114839989959,-46.4429345687478,-47.1144381171458,-46.1513200915082,-43.3026816173687,-43.6508498765025,-44.9704685573249,-42.937448149581,-43.3694426192747,-44.6536312664963,-57.044388326824,-52.6716480022324,-52.5231283771124,-45.3880485659977,-43.5491330794869,-44.9888081609374,-41.3655114899531,-43.228160015121,-43.035334842222,-40.9494922389898,-43.2682951987731,-43.0385654783988,-43.3385504678878,-43.0415601002669,-41.871382146408,-42.7316908931372,-45.2613975388075,-41.915842540311,-46.0550700889227,-49.4103419701856,-45.0351488639782,-48.2200120559123,-46.1575261912273,-43.3867297241796,-41.0080641000626,-42.4238908182465,-38.5655957573164,-39.5382791208921,-38.1753455210059,-37.5168703810632,-39.1554726442959,-40.1544876670797,-40.147352489577,-47.2605176368134,-46.6738427819204,-67.7129074334532,-51.5786123845785,-47.6890877641828,-46.2608931274233,-42.4042364565531,-45.0996893246922,-42.2504489696764,-45.8423634492785
-50.0643929874373,-50.0379748128766,-48.0914958886689,-48.844788661759,-45.3066574038846,-42.7881975599007,-43.5531937803398,-43.8975239552318,-41.858152029301,-43.045482911749,-46.015862472461,-46.4554585577018,-46.0305091662064,-46.7323854954467,-42.2721367392988,-41.3646039915395,-43.0823554569354,-40.46293268293,-41.2664123167944,-41.0883610554879,-39.937986001705,-43.0083133103875,-40.14031945476,-42.1557494586609,-42.4963655233101,-40.0304162850442,-42.3040408096579,-43.2891009645949,-40.8047415800534,-42.6860850681148,-43.9419046737917,-44.0361119568494,-44.2771589649646,-42.079264314715,-42.1192126096985,-39.3059548580557,-40.1005297038164,-37.7163063205868,-38.5110043963785,-37.7977921002993,-36.8522203397242,-37.7224396957362,-39.4069869108991,-39.0071334437858,-43.4484454927879,-43.7822385008925,-45.0111408027978,-47.7988615162927,-42.793636003217,-44.6022110217276,-41.3261698878556,-42.9705542692318,-42.3257837113248,-43.958048770855
-51.7607104536665,-54.2050691060143,-52.4327304948331,-51.3292166124909,-45.1230488429344,-42.3904892504483,-43.1531005497677,-42.1897368077261,-41.1509778136313,-42.6056046221975,-44.8706311895877,-41.1281012842331,-42.013377129536,-42.4026050802061,-39.6615993412356,-40.106903510357,-41.0151394286522,-40.1919596509733,-39.7993592410405,-39.8959979261818,-40.1427120446297,-42.1233328210392,-39.2354293536887,-41.8291858287697,-42.5781573633815,-40.0891052707761,-42.6683924479746,-41.8109534388717,-41.180025793123,-40.7022484328315,-40.930390291328,-43.3886599986088,-41.9464319167436,-40.0944894420222,-41.8350834997494,-39.0216524761732,-38.4924332482713,-37.7682936936666,-37.5240833002364,-37.5253637240731,-36.7725242613331,-36.6875988136636,-38.3607155956822,-38.1200742123788,-39.209432697684,-41.4577178626605,-39.3748591410968,-43.9065835530303,-39.5285590384541,-41.8921441863997,-40.4526462303569,-40.4887111749089,-42.6247672913244,-41.3318598109132
-53.5916372994657,-76.0243811457699,-54.1505907603396,-51.7190542825271,-44.6754328371382,-41.8300103151123,-42.174848507758,-40.4747852699122,-40.4197486815728,-41.0460112808889,-40.8157772343557,-38.1884272547101,-39.3128219825207,-39.3268724119185,-38.3110014597382,-39.6302661674418,-39.4228304649491,-40.4953685313694,-39.2887731238288,-39.7431496103981,-41.4192366294852,-41.2694748770464,-40.0401197150327,-42.1018265238246,-43.0003729408394,-41.8889019589916,-43.4962632941119,-41.4993223243222,-42.9686388915273,-40.4625430468305,-39.9633991780804,-42.8663276174931,-40.9770208421139,-39.9027195918358,-41.5591974439967,-39.8835596054472,-38.0490749466579,-38.6063287032806,-37.1471648813095,-37.4603542662945,-37.219622049751,-36.1710564623923,-37.3669389711044,-37.4637296822987,-36.7367035164586,-39.4802340258301,-37.0816535083376,-40.4695795709342,-38.0859119896001,-39.4223816109685,-39.9251924666029,-38.8167190109749,-42.4484252343692,-39.7250110341804
-49.731770664586,-51.4630471348667,-48.2006024473497,-48.1459010283606,-42.9814519258999,-41.1910012385433,-40.7963168439638,-39.0956033725374,-39.4619340547206,-38.8776631491208,-37.5752688446204,-36.6694060333671,-37.5496944095585,-37.4024088044276,-38.1546468349503,-39.6087072298453,-38.6990410332725,-41.3535878889618,-40.1134996990237,-40.9447680684649,-43.5851616607594,-41.241855605538,-42.431853284041,-42.5312525254911,-43.4371273299433,-45.3904849499726,-44.4751226969432,-43.0238519706298,-46.3364466369527,-42.4522542816492,-40.9821204049591,-42.8128547594048,-41.1986267753372,-41.2236397621359,-41.0144886201064,-41.6534733112618,-38.9822131584347,-40.0581053176698,-37.7532798669959,-37.7979905168204,-37.8955752423524,-36.3047976068667,-36.6060674573997,-37.0810871707349,-35.7273953920464,-37.8253929947824,-36.5547653897047,-37.932086791011,-37.88285984119,-37.85365728833,-39.6097249396232,-38.2790914808781,-41.3660957407693,-39.4385795301497
-45.6589631291779,-45.6776352989657,-44.6542356217176,-44.6021662176064,-40.9897137271886,-40.7340406406223,-39.5025795359732,-38.1469147560887,-38.3886237313455,-37.0734739781871,-35.6623550590765,-36.1828566758881,-36.5727536272721,-36.5088669433492,-38.6553930486532,-39.637775761032,-39.0472991282098,-42.4993429452072,-42.8602348123977,-44.1678306109284,-46.4392941851824,-42.3286323409512,-46.0195604936407,-42.8631280073582,-43.7965695532581,-49.877359798351,-45.7154919472798,-48.0080723626078,-52.7912359322233,-48.4516048599427,-44.5994361342512,-43.4289384609722,-42.3965575300124,-43.6738825516609,-41.0639467599397,-44.2037894695966,-41.6691729094664,-42.0271537088799,-39.6522712389013,-38.7413711380406,-38.4489381794566,-37.2108237923613,-36.3113449573723,-36.9982834848316,-35.8957964846843,-36.6780232975729,-37.1678463533193,-36.5359628645526,-38.4503350563659,-37.4382856877581,-39.4182797891625,-38.9271642915924,-40.0157967321148,-40.371362125042
-43.4290951138152,-43.0062511851897,-42.9804137043472,-42.2358748971782,-39.7869022578442,-40.5869311852856,-38.6735391342314,-37.6712847601653,-37.525373670845,-36.0628887905664,-34.9671498031939,-36.4966812824708,-36.3065248371067,-36.5173072876083,-38.7914180023939,-39.4473884838764,-40.3979230046773,-43.2106146066978,-49.2612943093638,-52.0679147103011,-50.5821083044878,-44.1242406367214,-48.9272894580344,-43.2285011866487,-44.0943809445444,-50.782190816022,-47.3516373842462,-61.7155760275915,-61.3338479442481,-56.7808266879424,-53.6522301038857,-44.5667894892285,-44.1661289576133,-46.3399677295166,-42.6708052330526,-47.6579803528865,-47.1196919253953,-44.7097716023029,-43.0800587261602,-40.391364278837,-38.911970453996,-38.765465599157,-36.7083787160624,-37.1803973483975,-36.9987316753319,-36.2628095811083,-38.4002850660439,-36.4064371756461,-39.3915296406122,-38.3092670859303,-39.5928319248239,-40.781710964027,-39.4229352946659,-42.3156706631471
-42.7680215850851,-42.1289563733645,-42.5221369162538,-41.0024632561122,-39.6640381474399,-40.6860389118758,-38.4910004450049,-37.7661911405701,-37.206853256403,-36.0072744080873,-35.4770703100135,-37.3959848372936,-36.7056835873215,-37.2575639613791,-38.1708906269868,-39.0950441385617,-41.841790542113,-42.8621082355485,-52.3241569028195,-54.8155429776395,-56.346155569189,-44.7539445418836,-47.80799040504,-43.51358509989,-43.7716792716687,-46.8167790324234,-47.8591397298126,-46.7701557225487,-49.2698697093896,-45.7050872951581,-49.6800278506886,-45.7605090223585,-45.9218170283602,-47.8486741240728,-46.2843725100661,-51.844248622718,-55.6581925713427,-48.6235274497798,-46.426167713214,-42.4256412611992,-39.6842403603737,-40.154329319345,-37.9236636649549,-37.645805543674,-38.7213485942098,-36.7904311374396,-39.7100979578348,-37.6423792902822,-40.4893148967216,-40.5621282927235,-40.6060187011113,-43.8690974948511,-40.3123379977251,-44.9310004531037
-43.5244299803335,-42.6969106888061,-42.9353115452218,-40.7818120138379,-40.5763486387045,-40.8901736719142,-39.0194158587816,-38.5927256415123,-37.7036344934474,-37.0638022824128,-37.3351429335286,-38.6632625462816,-37.745224255432,-38.4605380153163,-37.6257362497938,-38.8230159298071,-41.6063774474753,-41.7042015014835,-44.3170439443758,-45.3718789837683,-48.2223194099753,-43.3857838053058,-44.0013920605911,-43.0839581331589,-42.3865926225012,-43.0107910607689,-45.5475681607885,-42.3628537016185,-44.6822259704203,-42.196343202571,-43.4569967502121,-46.1207919503736,-46.9491166839595,-47.5476805904956,-47.6552661839412,-52.1292771503318,-49.9541288288919,-51.9300410108039,-45.1684575476714,-43.6201482600779,-41.0895071490276,-40.4826372347465,-39.9663973717632,-38.602852438365,-40.6349585241818,-38.4802747511726,-40.7727596044186,-40.2951539751126,-41.7728386174708,-43.9223882726158,-43.0310315298085,-48.02735264188,-43.5325359015922,-47.7145588516102
-45.7683732346169,-44.6170161295926,-43.9712761257993,-41.4354259789445,-42.2983525750158,-41.1613939672714,-40.2845948810988,-40.3394320452389,-39.2854924106537,-39.5395626200349,-40.9255693570215,-40.2080576178173,-39.4286750539943,-39.789549840786,-37.8160261767108,-38.8270299271123,-40.1909369613847,-40.3444839246372,-40.6773076294542,-41.5810140524562,-42.2659524500078,-41.9050488839695,-40.6701312037378,-41.8801385369827,-40.7877237240069,-40.566837977165,-42.7498702085263,-40.9834622570588,-42.5934576711934,-41.2150882197543,-40.8358299531003,-45.057893397828,-46.1976182797882,-46.0943869047272,-44.3330026489104,-48.3912792175726,-46.5637466146558,-48.547794318014,-43.2971597879478,-43.3931987881115,-43.138018422101,-40.5848798149049,-42.6939837379535,-40.434018611429,-42.3839983409107,-41.613911880425,-41.7273023125765,-43.9875288536149,-43.4076486937832,-46.3947218893833,-47.7856327367233,-51.9388662352169,-52.0444700649929,-50.0497744014249
-49.6578497968914,-47.6103906294862,-45.2613234217912,-42.7317796728642,-44.3143073436773,-41.6587316931143,-42.3350398261447,-43.1483432144216,-42.3880183451562,-44.1986510052222,-47.1857920638541,-42.2320848402726,-41.7947547037475,-41.0965233543094,-38.8586495514534,-39.2133727583575,-39.0857743938488,-39.2570764568832,-38.9640493019467,-39.5941295267529,-39.0059078183303,-40.9090405204265,-38.6592462734447,-40.5959523815343,-39.8035910869147,-39.467433205154,-40.8592791398181,-41.2277203922815,-41.8500501514365,-41.6000277433276,-39.9613974937661,-43.5347555390906,-44.1946252842184,-44.7576243881261,-42.742476746442,-45.5594559619238,-45.3981212707911,-45.0974486547055,-43.0709878827374,-43.1278741276964,-45.3414895036715,-41.6836391998312,-45.6482698111186,-43.6194537618732,-44.0175688339434,-46.5769102541715,-43.0932555056578,-47.2351255013274,-45.5826568925131,-46.6060533122486,-55.0305553842655,-53.3355903969573,-54.6107489611645,-51.397252583537
-52.9287136085222,-49.6898297313154,-46.0750084922462,-44.3134955126347,-45.7468319102884,-42.6741139599394,-45.2584274713266,-46.7885112618276,-48.1477602230903,-54.016482487787,-56.3986836040662,-45.1551070799494,-44.8572735226668,-42.5785267877165,-40.5776325976923,-40.03548291955,-38.6038297916764,-38.7110530910255,-38.3141128558339,-38.5407488284906,-37.4380865897128,-39.975709173738,-37.9605708318298,-39.6451959451204,-39.6542958175627,-39.5077227286278,-40.0793398247146,-42.3447693911555,-41.9099951843936,-42.9261041614103,-40.4265119801306,-42.6411402235602,-42.7003410029073,-44.072895868347,-43.3771895087511,-44.0593415690537,-45.1777607369376,-43.4894787725107,-44.364455229637,-43.7855406919333,-46.7018016586235,-44.176743546003,-47.9243283786323,-48.5479125427583,-46.1380843014202,-53.5102741416143,-45.6602203922227,-49.8820756827845,-48.2773601144635,-47.1360681199586,-51.2992542853337,-53.0486787966428,-46.8878647012688,-51.328019785224
-50.2502386508302,-48.4993411401774,-45.826650541216,-45.8782430344975,-45.966640501999,-44.5831174395092,-48.8209822967461,-49.8641372795699,-62.9841114886873,-58.2329221870143,-54.6580624276736,-49.0832324818148,-48.276836427255,-44.3815344852223,-42.651809077448,-41.236386120455,-38.6395784225284,-38.7091122853453,-38.3021065453703,-38.0931076317844,-37.1447011801094,-38.8999666879308,-38.4225172051477,-39.1399434799929,-40.3276377270519,-40.4511904655248,-40.5447222284652,-43.6964690704465,-42.5875834570444,-45.0192911602987,-42.3341086076974,-42.719282471971,-42.4993273927123,-43.9124301655881,-45.8744394693889,-43.8987317379873,-45.6942633555136,-43.5185861421865,-46.8595002692552,-45.5014683726255,-46.942772382346,-47.3099061967207,-49.2275721355376,-52.7953482354697,-50.1548536751906,-60.7604693517923,-50.8241531987497,-52.8229344795499,-50.5118380725086,-48.9589748224969,-47.8911686328959,-51.5757074356641,-45.5376729308361,-49.4107040847447
-47.0975277281559,-46.4599194104578,-45.025786234455,-47.2002813937315,-45.465882011124,-47.9187738414377,-50.9165940263592,-51.6313165104767,-55.5610250841001,-52.4730025037426,-54.6641584687735,-51.8950576351757,-50.7413588857043,-45.8928010268332,-44.7588653690059,-42.4022563393054,-39.1500051745879,-38.980176899767,-38.6337309740644,-38.0779350422415,-37.8496869077798,-38.0562066832705,-39.8004127786965,-39.2006039587174,-41.8291225200067,-42.1333970446858,-42.612503156277,-45.1696121887684,-44.0789005100781,-47.0385243368785,-46.2298133179331,-43.6641380249634,-43.8250113288065,-44.1756930899667,-49.553845770729,-45.3358068545785,-47.1620399873684,-45.2593874479642,-49.930641394388,-47.9582124504692,-46.9499305627217,-49.0752756884749,-50.5473153285236,-52.1607947143748,-62.3804847784321,-80.1815402160869,-63.6836325092284,-50.5310586119543,-51.2511963667677,-51.1887073964782,-46.9515214144339,-49.386145299977,-47.1595096155622,-46.9405912035038
-45.0440150028412,-44.8361585777833,-44.4217266755182,-47.3436486609823,-45.2295770925945,-52.4942435183026,-50.2291664381807,-54.3450540814411,-52.623581997529,-54.4457717419041,-55.953653145543,-51.6822211423113,-51.2181074500538,-45.979290877516,-46.616934554618,-42.7821078466907,-40.1859462631675,-39.212086273811,-39.1174568656281,-38.3753090000297,-39.1839221401449,-37.8875682616471,-41.4852525208018,-40.0071602183016,-44.10675548978,-44.6396867468449,-47.2306800719778,-47.3900688120688,-46.8176284625113,-47.0122045443156,-52.7468539400945,-45.1424947055508,-46.8101882347481,-45.1815603453149,-53.6126726122678,-49.1608812019462,-49.7438838502356,-49.3656714093321,-51.9407457122668,-50.5304508540039,-47.3372879937603,-50.4299864984476,-51.5878938609689,-52.2797091317546,-55.4270327803345,-59.8981816942289,-57.5463878837051,-47.7271320642251,-52.0983574807111,-52.6741170995818,-47.3173043232723,-47.8369415125883,-51.082126256325,-45.5248928069006
-43.6395168150364,-43.5709592509131,-44.1596239208637,-45.6904424238915,-45.7580804715262,-50.9271192347985,-49.5878558573829,-57.5288814989686,-56.4578593541138,-57.7012870349703,-54.3324829220757,-51.1013889811314,-50.4545655040355,-45.1692514502427,-47.8388982148162,-42.442650120471,-41.7324335519359,-39.4787206039362,-39.6854981740871,-38.9232879302908,-40.4955741509008,-38.6237153428896,-42.2627923255675,-41.6728885283737,-46.0829486393154,-48.317083579138,-56.0997480681121,-51.2426238405706,-51.4445242810796,-46.0060768139346,-51.4799079468832,-46.9521460564504,-51.069622985125,-47.4205356303032,-58.6735609949371,-59.2060109577303,-53.8408151987309,-58.4732156725927,-51.4018308993918,-52.4964490511766,-48.0798532820727,-53.1289539385779,-50.037626873486,-54.5711516784523,-49.1751424833392,-54.431283429141,-54.4041882460063,-47.840160982933,-53.7352554635069,-53.7466080465806,-48.5600739242347,-47.5897941883567,-56.1883947089407,-45.8600922625089
-42.6161773888164,-42.6175806747851,-43.8944602618071,-43.7109523153218,-46.5183304443506,-46.725431014273,-49.5339097767744,-53.2867017728909,-67.2855574145259,-51.7414878055959,-55.2890952905026,-49.9291881568199,-49.2414862466803,-44.785805277475,-48.1505603612802,-42.3832080986351,-43.5223830750654,-40.1840546039452,-40.3064707471361,-39.7213489766214,-41.0905429733753,-40.3089516713515,-41.7676001553929,-43.9503181066471,-45.6322836898555,-52.4536468602369,-51.5466476818882,-55.2229788128391,-60.2856296166726,-46.2044768466696,-46.9415512200572,-49.3036733851771,-52.9230214419263,-50.9195467271345,-54.1866679376766,-58.4458080670269,-62.5192457000459,-56.7003973713238,-49.8435490817598,-52.2036078465521,-48.8261936597825,-53.9056648025098,-47.7878742490745,-57.8145846639577,-48.0967504610963,-53.0986243399471,-54.7398373589752,-51.4084711170181,-52.7279485625219,-53.6779605937517,-50.9681903030999,-48.831611866553,-58.4362019519821,-48.5715464077572
-41.9877951850246,-42.0637896725318,-43.2972984314374,-42.4625717877152,-45.8184102237245,-44.3855516296081,-48.4016428140395,-49.0769984976098,-51.2146788100433,-49.2262727467033,-69.2895967325832,-48.3213287290118,-48.5566325072191,-45.5056706854001,-47.9237274950268,-43.3140899893289,-44.9723847702182,-41.6155764320538,-40.883504176586,-40.7606919471013,-41.0058558098306,-42.6632688116255,-41.2274614845442,-45.7293253676065,-44.3400524453012,-52.3967424725354,-48.0851486287566,-51.83442594145,-63.696209710827,-48.4675341833614,-44.9457761573308,-51.2370283788436,-50.5602091251035,-53.8123954721824,-48.6807516784953,-50.7040577736388,-55.3951421135415,-50.3236616398391,-48.6790350204492,-49.6601113359154,-49.3893294815703,-52.0443975891698,-47.0262512319088,-58.1933981167489,-50.7810877953214,-53.6957467559117,-53.8029849046044,-60.1216423154627,-50.0153121437938,-52.1863133944635,-55.6699722333346,-51.6646270830645,-55.4994908225066,-55.6000483357607
-41.9479796723699,-42.0340118912461,-42.5820339547468,-42.0824066538539,-43.8279580507707,-43.4346385146133,-45.886983694799,-46.710344544599,-46.6389005410441,-50.4378787671259,-53.7179611515723,-48.1294599394721,-49.5442705864474,-47.835044325915,-48.0455182827503,-45.3442796564278,-45.5458866890941,-43.6612391009346,-41.3778950838439,-41.931420938957,-40.8835897850813,-44.4797050426681,-41.5892301926944,-46.0413281409218,-44.1795762747101,-50.430284270256,-48.2673233884703,-48.6860028095563,-53.1971276102533,-53.7513010723324,-44.8618594045891,-49.5855190554383,-47.783339277806,-53.6195687915421,-45.9216965579517,-47.6490939742505,-47.8929315883028,-47.2580815237954,-47.9482435783474,-47.2974092387561,-49.7255146159387,-50.9007161173383,-48.0395516798594,-55.8624040962827,-61.0965526362635,-54.3763308742866,-53.1489284713066,-57.9135675752347,-48.907073579786,-51.218404656735,-60.8446316397598,-56.6215594371806,-52.8730027658356,-62.4353895914129
-42.7747337985395,-42.649169129112,-42.2294436256822,-42.3612542581848,-42.1382387295634,-43.206907197384,-43.5423937718959,-45.3216177569213,-44.9955341016238,-52.8757662358949,-46.9833853681059,-51.1972571387799,-54.3069985290867,-51.9338207235717,-49.2359585702724,-47.2569566148498,-45.2872342154033,-45.5446060779311,-42.0046830960244,-43.034361916208,-41.3119364554503,-44.4267601440395,-43.2053894757544,-45.8429576717664,-45.3487797733928,-49.4998931563094,-50.5937743635177,-48.0830709314257,-49.2917330193939,-58.8831375758952,-47.0548286303393,-47.0512428212867,-45.7062841940357,-50.025068194208,-44.6095071834565,-45.6915525450923,-44.0852387368795,-45.2872582930526,-47.089832297831,-45.7310346900023,-49.2646263134719,-48.4979749069728,-49.9400968491686,-54.2107684029846,-55.1132025722117,-53.8907646623176,-56.8603827249847,-54.9483168460748,-49.778093917652,-51.1979694583345,-54.5316583674462,-71.3057016403948,-53.3809687700073,-54.4649855191357
-44.8364563681891,-44.0069892876364,-42.4770686417082,-42.9157614882682,-41.1720560763964,-42.9011065143951,-41.9493364105665,-44.0896093597335,-44.7355667076063,-47.5429760999011,-44.4006883525488,-60.3820941393217,-66.7429807974097,-51.3954749495456,-50.1154532504174,-46.7347855266103,-44.6447695300079,-46.0371692830862,-43.0878003043935,-43.9493043085706,-42.737227051288,-43.7252088585795,-45.9546716458018,-46.1011763362122,-47.0214043854457,-49.399166156343,-51.9164520797111,-50.4722222503789,-48.6741766485916,-53.561546564755,-54.3875587578596,-46.0175805296815,-44.6405243544364,-45.6483542980304,-44.0098120393022,-44.0895081440051,-42.2177652586816,-43.8797678527146,-45.6712099773498,-44.5865643773571,-47.6162773615596,-45.1416859405087,-49.6811267778869,-53.5669159717548,-49.3249652969755,-52.1341769419436,-58.5638992139735,-53.135414384094,-52.2666738891328,-51.2419051284773,-50.4943645595641,-58.343618513925,-58.0498164643238,-53.0508565802901
-48.5247094802434,-45.9729030646639,-43.1104753431317,-43.2589133084744,-40.742010638169,-42.0170070208404,-41.0284852674156,-42.5429165461453,-44.1699007327835,-42.9572677022352,-44.133075739671,-48.900260270859,-49.7472771684768,-46.9682796252746,-46.9493950616031,-45.1886067405856,-43.9913232146342,-45.0414174096243,-44.675135158244,-44.77772148146,-45.5556429367247,-43.9344239341234,-48.5349251319856,-47.1612576035598,-48.043935487515,-50.0202187322417,-50.5714438521862,-60.2488189408317,-52.0742931760496,-51.3324149586838,-56.5408559144185,-46.7196336684248,-44.5239769718272,-42.7293127483415,-43.9054057395884,-42.8131335320612,-41.5912788340731,-42.8345049365412,-43.8452458178614,-43.492574560749,-45.5026080603994,-42.882479353177,-47.5897268210931,-51.394570051826,-47.8744078122172,-49.7831555362159,-49.4212708606417,-49.5351566882537,-54.8191243283026,-50.9450533901074,-48.6956653770298,-50.8597105301649,-53.5720762172992,-53.1776202622597
-51.2050662391436,-47.261448442366,-43.3990848840974,-42.9823327031242,-40.6214586315175,-40.865185437824,-40.5782801485904,-40.9350172239474,-42.3276220168669,-40.6624737609559,-45.137896873167,-43.328213360747,-44.563780133668,-44.4642381948463,-43.3272987903714,-44.2451427993904,-43.527223771993,-43.7116989002123,-46.1175954851039,-45.8041547032681,-49.590903033288,-45.9444986773344,-49.7892113203158,-49.4034228313241,-49.3516402548225,-51.1907027025509,-50.0378348711809,-56.0690811820117,-63.9743502642027,-52.4711784266414,-46.8959443111957,-48.8143723792137,-44.8326509528223,-41.4547532102323,-43.9595058323226,-41.8745441897904,-41.6386463613405,-41.9460498800879,-42.0618190908046,-42.4810046004829,-43.5700270013633,-42.0586728553096,-46.0590847032599,-47.5142153896196,-48.222110494238,-48.2499180709245,-45.7851134545442,-47.2582182776372,-54.8060038267972,-50.9423198221734,-48.3824718108192,-47.4102889920146,-47.8611160950732,-51.9948109596248
-47.6016578949749,-46.0066709634777,-42.8652387655421,-42.0984036156883,-40.7455532628389,-39.9745459619924,-40.4302074112767,-39.7905535138729,-40.4291849933939,-40.0008369401105,-44.7864314337467,-40.8988955546589,-42.1342260340674,-43.4758894600804,-41.3509473075768,-43.8198398438353,-43.433207152276,-43.0036979188351,-46.4651402116222,-47.3592363152478,-50.980724222074,-51.4796633492328,-52.1491702402701,-53.6463504606765,-53.0724931650522,-51.5432495883546,-51.1192717349811,-48.4652794445295,-50.2130413216527,-57.0032607572976,-43.9478896922682,-49.1095623538515,-44.7333946746774,-41.5186870977582,-43.0865311164434,-41.2383641781349,-41.7984826888871,-41.1733251732391,-40.7367698005613,-41.8117050222545,-42.0738653910697,-42.4097102436584,-45.2528957466246,-44.5978961691554,-48.4564761634016,-48.2694504063029,-45.2547431170477,-47.260873698799,-52.7482980972773,-51.2985602509733,-49.3439931530633,-46.2195311160914,-45.6813370278258,-50.2458538618924
-44.3034466278201,-43.7747532427315,-42.1153878052951,-41.1336375000546,-41.1564867839789,-39.6413507689509,-40.509361623864,-39.4331059162577,-39.436160150553,-40.5766586128308,-42.30998682688,-40.3168669478302,-41.2448669434028,-43.1640775509969,-40.9958574963497,-43.5181478978577,-43.8977733883312,-43.3493111265242,-46.168024348517,-49.3765055938192,-49.3610505029438,-71.202464589755,-60.3234262097909,-62.5770295636851,-56.7855562202941,-50.7303521459388,-52.8577942873313,-46.0771748617808,-45.5770418721157,-51.7798804394912,-43.8948966493882,-45.6842601222788,-43.9830159528312,-42.2829643255268,-41.2617014168255,-40.9271490884663,-41.7745475292734,-40.7418930837764,-40.1817582388184,-41.686460163453,-41.2380939830512,-43.5307206546643,-44.9086541770162,-43.3116304358008,-47.6130386693317,-49.4959015171494,-47.4111242292322,-49.6959240181075,-50.8296953591574,-51.6125629697232,-51.5469745859968,-46.8646427266802,-45.77531406519,-48.4022178175982
-42.5853661765716,-42.2341201718588,-41.892761687951,-40.7127146260762,-41.8679382916373,-40.0387429813157,-40.8667968099543,-39.9921620709232,-39.5634227572248,-41.977206778663,-40.340321965311,-41.1266099697662,-41.4473292933065,-42.8135805687482,-42.0588962681968,-43.295627696146,-44.8381555197622,-44.7604058519733,-46.2779039112567,-50.15063457302,-49.2416552033467,-51.5113763314313,-59.8556102365142,-70.2000894639282,-51.6399313329073,-50.8857943303462,-53.2861200408877,-46.131357173739,-44.5207061852229,-45.7293500290061,-45.8794080248284,-42.7353655391649,-43.0519312004517,-42.752846419826,-39.8835760204332,-41.0117190628466,-41.6754363225205,-40.9411220483925,-40.6376416651697,-42.2349937808946,-41.3448547081869,-45.0584022197399,-44.9761150542702,-43.6153067603063,-46.7696774885154,-49.3915254784169,-51.9468913345559,-55.0541120188491,-50.7022996513356,-52.8003921142256,-54.8236018435512,-49.0901503450637,-46.9063004240036,-46.1433979840143
-42.0393935021352,-41.7431557873486,-42.5078825164728,-41.3103222122566,-42.8985713074743,-41.3562060462204,-41.6689887342452,-41.4903641262375,-40.8266837070471,-43.4351421422177,-39.7852647522569,-43.0032096011847,-42.5121212643898,-42.485993455645,-44.1341118376269,-43.4144726239975,-45.4701256020736,-46.5377027648488,-47.1530011042265,-48.5410536105286,-51.389560278573,-48.1667430315036,-52.1156950048139,-60.0212120519877,-49.3241095120006,-53.1581978387913,-52.2500334170125,-47.7573997115496,-45.5974265595606,-42.7979575280421,-46.8401421586944,-41.2297595899567,-42.2744102003151,-42.5760149227869,-39.7023728577808,-41.5433606292537,-41.7649424230793,-41.9529730023504,-42.359259434239,-43.6234008242887,-42.7500350381028,-46.8152340813711,-45.3606551468162,-45.3557647239544,-46.6417798945404,-47.2717647161292,-51.9841005118801,-62.613229653626,-54.2193946638084,-57.7800925610702,-58.0153324840232,-51.7686210869426,-46.9396608236909,-44.2832936799292
-42.3585527193729,-42.3770238702194,-44.038226921564,-43.3953440249351,-44.4656607502592,-43.866654349031,-43.1386909939072,-43.8366662272466,-43.2273116822813,-44.1430434530486,-40.8045119315964,-45.3899033894968,-44.3581409132248,-42.8922364144474,-46.2568831438128,-44.1041177021853,-45.0965138289557,-47.2353392417161,-48.364959503969,-46.8903299591208,-54.2924881574632,-48.9265918880216,-50.3926697100478,-56.5680060118551,-50.6379575743382,-54.581092614466,-51.2558814546516,-49.4902515085853,-46.7798344111694,-42.0215688671733,-44.0180044308433,-41.0488745017564,-41.7928323198766,-42.2744877139792,-40.8352398722341,-42.5595891115572,-42.3119718806934,-43.8100342594274,-45.7705307495563,-46.1851897479116,-46.087087503152,-48.2064575535636,-45.7787241310841,-48.0196168035167,-47.235179290382,-45.9504900068374,-49.0321835842285,-58.0860535198155,-69.6185170422852,-63.5322069411446,-57.4644166122288,-52.2901571940289,-46.0663271551888,-43.6172940789845
-43.2683398599786,-44.2063063134541,-46.4945186403287,-47.912255996556,-47.1126884617282,-47.9932269120554,-45.4462312867842,-46.6974867083044,-46.6935446115222,-44.4192787722337,-43.7506457123357,-47.4705343977387,-47.1623260277639,-44.7683061755122,-47.8018015124881,-45.4379400247901,-44.5975346006198,-46.8395911174283,-48.4156988038931,-46.2758639742269,-51.6904975081573,-53.9127112822327,-52.1299399844381,-55.2242461241428,-57.7349132850105,-51.2504219888873,-51.1278620124523,-49.4930810298394,-45.5981557089078,-43.0318284129918,-41.7133042072507,-42.0261288320534,-41.7738965147795,-42.0826435352482,-42.9850687521745,-44.0997004009002,-43.5664848434195,-46.280033228233,-51.7983832145145,-50.7466132783434,-53.2999978531549,-48.1523941758801,-46.299182498347,-50.2753326358147,-48.3190100073813,-46.2528468715575,-48.3991180282067,-52.196707365526,-52.3263050672008,-51.9636294986509,-53.7399012407451,-51.327132519182,-46.2572973469114,-44.458576980806
-44.4107040946526,-47.0573746797749,-49.7769512057805,-59.4071070560512,-51.620849005501,-54.3561865266464,-48.3913745486318,-49.3048103777654,-50.3637640608216,-45.1647084897861,-50.0733150285367,-49.1821202801193,-51.7390104141733,-48.9763463736368,-49.6475279457239,-47.3122589804089,-44.9525968528335,-46.2510716774168,-46.7515799739885,-46.4740273447108,-47.9971637672556,-55.1221228118394,-59.7467705222725,-56.6431040664081,-60.7012093492885,-49.0453607212312,-51.5710736057134,-48.6184263621202,-44.2346659045075,-45.3303075924082,-41.1160744089437,-43.8547155356762,-42.398347806708,-42.0823446322655,-45.2233132746704,-45.9306450276068,-45.5689223867794,-48.4970114345188,-58.2212332449902,-60.1545859090528,-59.4071282610776,-47.5512642395823,-47.5695621927219,-50.8347477046614,-49.1021651020122,-47.9291922313842,-49.5232093526621,-48.7239115428325,-47.5454403172709,-48.1198918502831,-50.7629915010489,-50.673412790147,-48.3239400581039,-46.9308682174946
-45.3737560831336,-49.1793606561508,-52.7147217229132,-57.0923651861327,-55.2346349178046,-61.4587918043973,-50.708302544345,-50.6882542574666,-51.3450868172018,-46.8925542667886,-69.9289046788551,-51.5030989384702,-61.6001778454154,-54.3249882009014,-51.1820536798907,-49.2688992549605,-46.101021928461,-45.4599537993317,-44.9556584895388,-46.7516172007676,-45.8886247062013,-48.0950686283452,-58.4500236158521,-57.2043287747267,-50.6031360792008,-48.5444471719561,-50.0869275911656,-47.8051633559825,-44.3015672791457,-47.0561054216543,-42.183808739724,-45.8645823813709,-43.80185684244,-42.7466942324126,-46.7924819793921,-46.9031142158525,-47.6074219349769,-49.2638292741522,-53.6267082292172,-57.0985545403399,-50.9503974281473,-47.896660642751,-49.760391096172,-49.263550890614,-48.3889544217012,-49.8657277303576,-51.3032527971803,-47.5515485558701,-46.5503070083181,-47.5267968233883,-49.5964563388062,-50.8493898876869,-52.7946585413348,-50.6782132005193
-45.9723780649674,-48.5664955915924,-52.4138931688882,-51.3711835057678,-51.7971882601783,-59.8451029902877,-51.3998420834526,-50.7543346946391,-49.9187189538472,-49.8533588851438,-51.3071978371059,-55.0178451419077,-58.3857350626358,-50.3935983622349,-49.3191812493049,-50.2791928067566,-46.7389935067338,-44.5845402973064,-43.9220940994467,-46.444358872872,-44.9953171547673,-44.8062334810373,-48.9296549925904,-50.1131973170369,-47.1555791517266,-47.9834983429994,-46.7728972501611,-46.9018634071727,-45.6867527167858,-47.0615285371683,-45.046218154324,-47.536649789552,-46.112551785938,-44.8221556761045,-48.0011133529421,-46.3194003638521,-48.4132768780618,-48.9393160082497,-50.707961206335,-50.5928975820613,-48.2768765710492,-49.4115589504984,-50.1676935787593,-46.8635304044997,-46.9550667311176,-50.4322345917409,-52.1452050663732,-48.3650890839036,-48.1745931048108,-49.6780033048716,-50.7182635660345,-52.8232498251967,-62.0171150186045,-52.954059241796
-46.3595250500423,-47.7229221641225,-50.6951570240556,-51.1207631525722,-49.804427230803,-55.668146917405,-51.8749839923993,-50.4348749274168,-48.6823194216285,-54.2115755461778,-47.1170060919865,-55.4680627536887,-51.5583414170284,-47.3257908224733,-46.7898026594386,-49.7313657743059,-46.0828464082985,-44.1919639162509,-43.7224936702915,-45.5716198073107,-44.8081503186921,-43.5409312189534,-44.6322452328718,-45.2455152066335,-45.6970124349488,-46.3253900763562,-44.2965029950585,-45.9581207882084,-47.3881169714136,-47.4746805369103,-50.240988077706,-49.6428565676099,-49.6109015410755,-49.154921143611,-47.9137515641758,-45.6582929750624,-48.3605776035916,-48.4763100023418,-48.9906961622343,-47.4167125087749,-47.7307344409291,-50.9118157980094,-47.9536406649071,-45.5004307510707,-46.3298042347686,-49.8371805370667,-50.6131559216901,-49.5825880329536,-51.2733150854125,-54.9468955397294,-55.5824544052279,-59.8023770856371,-65.8248328608247,-52.088037865044
-46.6854384402638,-48.2361066239586,-50.2043812310414,-54.2036527659767,-50.4736726419647,-52.7717109765585,-53.0057393901266,-50.3662978774998,-48.1327664065086,-57.1142460673532,-45.5655394167175,-51.3120006522105,-48.781348401681,-46.8140022918462,-45.6610843384871,-48.4972383256399,-45.5152102261077,-44.6384082954137,-44.130229224322,-44.4488262410032,-44.7128258656293,-43.4600086641201,-42.4803724484898,-42.7063396435042,-45.061530851181,-44.8345167321598,-43.2877787893614,-45.3065807498311,-48.1398349609694,-48.3947474646277,-57.0931092770601,-53.9189103972509,-54.8839144890398,-53.0743222551946,-46.340730573394,-45.9003782063992,-47.8896185115028,-47.7436365297316,-47.3901386566372,-45.6698875426796,-48.0691771490801,-50.8756482899142,-46.7526032192314,-45.9708853928234,-47.1955152569245,-49.0119344074845,-48.2972523588224,-48.6356641444686,-51.3472158659884,-56.2708764620729,-60.5374033085794,-60.0938864458198,-54.7958331402567,-50.7983840673061
-46.8640012749326,-50.029658180106,-51.6308298679441,-60.7702760358251,-53.8207912014983,-52.0141574900742,-54.2984294704844,-50.3145823255543,-48.1670839438006,-52.905391578297,-45.5725081457788,-48.440576231349,-47.9936642904551,-48.380023248665,-45.9929852363891,-47.6133158719981,-45.9880825515972,-45.8923760129397,-44.7892301373948,-43.3939503006419,-44.2520265094348,-44.0079238340017,-41.8330833742118,-41.8552266063535,-44.6968379035783,-44.1758487603528,-43.6530972050514,-45.2073143551026,-48.2304402555021,-47.3288785398449,-56.927978649549,-59.6200662994131,-58.2836090618699,-49.4222888009574,-45.387144144934,-46.6240936895792,-46.2978030220015,-46.2655567349716,-45.7717527878958,-44.8528877476573,-48.4206752397755,-49.9493470472085,-47.4308340500976,-48.9244964694622,-50.0453380199606,-48.7130812417632,-47.2795139978474,-47.672021986744,-49.8330634636962,-51.632791102929,-51.2965964961906,-50.7053236612728,-50.0725453196127,-49.4552845909398
-46.7485990817853,-51.1099844530188,-54.5317349344685,-59.1157342669714,-56.3453024174526,-52.7476822029108,-54.2761588016842,-49.7741194259459,-48.805805407804,-48.8936424516633,-47.4700511059927,-47.4624833251623,-48.9291913288875,-52.3851904783662,-47.7327821537517,-47.6527029832288,-47.6118790852514,-47.5261964855842,-45.4019263479092,-42.7946587444299,-43.5988610793868,-44.5301225033266,-42.414704174062,-42.341359217695,-44.3663737633406,-43.9824142998682,-45.0719543621711,-45.8685026083476,-48.3460065129218,-45.4502136522791,-57.7125101051867,-52.7168879958023,-53.6250939827826,-47.1498279036976,-45.8633611278256,-46.3573908953813,-44.2705158690844,-44.4782430534286,-44.3398020682224,-44.7382104324405,-48.1596952161079,-48.5892071802626,-49.2074166043453,-55.6152449824097,-55.706340171364,-49.8522522171631,-48.3664635717051,-48.741193170358,-49.56575256991,-48.8403825934918,-47.1607863115703,-46.9082035453275,-47.386740440336,-47.6740214671137
-46.4423365695123,-49.2347513809175,-52.9162241948404,-53.7640959710344,-51.9046827073643,-51.0100043857799,-51.7113570801908,-48.930793375526,-50.133412754651,-46.6435423547356,-53.1693274279502,-48.5077143795718,-52.2388285724044,-61.5111210988428,-50.8982918163685,-48.8880402111771,-50.1297604489253,-48.6366057474253,-45.9165609695948,-43.0001105346978,-43.2338510757292,-44.4572947169717,-43.8443357387288,-43.8469531383477,-44.1166438571515,-43.8180895700683,-46.7642750577222,-47.4621225412177,-48.6890433516624,-45.0748240471412,-57.4444424559297,-48.2243258504256,-50.0871945169167,-46.9811688986078,-47.2868345756361,-44.9900712061832,-42.9385207547727,-43.1219416074239,-43.299982672299,-45.0535934868065,-47.3020095218371,-46.9492938813538,-49.1556327179113,-55.077961926615,-57.9480125698205,-53.0358108434444,-51.7245750201341,-50.9672509528985,-48.8316252202807,-46.8556355771957,-45.3605369188306,-45.1525552434691,-45.5704891728221,-45.4727993432585
-46.254872110969,-46.931671481567,-48.5495150696544,-50.1119831274502,-48.5809292661458,-47.1417969227342,-48.246468021014,-48.1051806170677,-50.9381236639993,-45.9726992758073,-58.3589126569299,-52.5863836525058,-61.6824282610174,-65.9620092642289,-54.2437186410755,-50.9132250429542,-52.3989442015149,-48.5401981325134,-46.5056785124933,-44.2678981451502,-43.4595480834324,-44.0427189519831,-45.3375246484424,-45.8291758462254,-44.2190798581361,-43.9482912729333,-47.7867201471066,-49.7046297556563,-49.8101286474417,-46.9914263905996,-50.9099440460302,-46.325987689302,-47.9241875931103,-47.8467411160941,-47.7597449991166,-43.8387533966229,-42.5920690402518,-42.491188661498,-42.7908733565743,-45.3765932158392,-46.2090793590375,-45.6427325614312,-47.2952353639544,-50.3798518966868,-53.089620549045,-54.7599998614686,-52.9233084464734,-49.6351428896168,-47.1151184295455,-45.6177772613679,-44.8863596444828,-44.397318082794,-44.0174897578719,-43.4060342014893
-46.4085527162699,-45.5770885194411,-45.7883462835645,-47.2635966789339,-46.8095100198794,-44.5525317537711,-45.5295909757398,-47.0589725307018,-48.6490052077992,-46.7235403725656,-48.2805737502202,-59.1879464235812,-57.2414571369448,-58.7626557771353,-54.4259309190635,-51.5056592144827,-51.9680018181419,-48.0367299118526,-47.5516271750218,-46.8487613181637,-44.3907941283951,-44.0272392404179,-46.1564746011576,-47.2978377312353,-44.8918143036354,-44.973370856809,-48.4328581652246,-51.0286288016186,-52.6387308602035,-52.7862398755713,-47.1808761581288,-46.354034282559,-46.5942666545175,-48.043033394046,-46.2658472677238,-43.3766348024502,-43.0675208950103,-42.5577439208816,-42.8502135884915,-45.2451117175649,-45.0108198527811,-44.8542047317897,-46.1531916084829,-49.0655906224606,-50.9966306303526,-51.8141110244397,-50.1853170590952,-47.6340481982953,-46.5429030229592,-45.7252895635836,-45.3521143494469,-44.2113130618769,-42.8722085946832,-42.0714331880263
-46.8603647589526,-45.1393565993229,-44.4703551984059,-45.2510028084531,-45.7419853734585,-43.5567953232945,-43.9327521223617,-45.6470278970246,-45.4347918333699,-48.1387334398725,-44.3490619163886,-50.3617655499373,-49.8243160469992,-55.805272792747,-54.192843526506,-50.3346927645328,-50.1715394714633,-48.5569249066569,-49.8423979108905,-51.0755938364938,-46.0030989256837,-44.7523276686165,-46.3445024774019,-47.2064372633825,-45.8504166540389,-47.1432014427352,-49.6148966337329,-50.8851423147522,-58.254883302381,-67.9404897685398,-46.1443800758473,-48.1158157190099,-45.9261049221217,-46.5154316634036,-44.397294886264,-43.4801902530516,-43.9830936427638,-43.1501208251676,-43.3846099451522,-44.5377129163136,-43.7945947407987,-44.2902131276657,-45.9661561592258,-49.3599651521373,-51.0313735628233,-50.7060429896413,-49.8420596205097,-48.4064093052456,-48.5245047859175,-47.8543295171916,-46.6425487371063,-44.5971409449305,-42.5877997481388,-41.7660943770995
-47.3019816802323,-45.4383947293462,-44.2751614970079,-44.2194377381439,-45.0083622932246,-43.8732106571906,-43.4076120588275,-44.3041715900922,-43.2622639600412,-47.5892707638078,-42.9435555659376,-45.3952963078005,-46.4577928065322,-50.6851525362454,-53.679633843311,-49.7873775831281,-49.466736669413,-51.5543616977606,-55.5802463936327,-55.7222912112445,-47.7954079124957,-45.7059764822157,-45.783204114747,-45.7327927615687,-46.0490780941246,-49.5931797349262,-51.2847390976995,-50.9022272953852,-59.2543085907449,-51.6293923588529,-47.5558838882443,-49.9487008525145,-45.831409640823,-44.6456467207815,-43.1558764867982,-43.9724374845097,-44.8046742331368,-44.0089371394409,-44.1517925473264,-43.6542832786737,-42.9154705065873,-43.8702579719618,-46.2144007031914,-49.5112468742604,-51.8602735703754,-51.7844663399003,-52.6058298319805,-53.6089085644965,-55.8944440358436,-52.9960114720161,-48.5823929857631,-45.6920626619063,-43.4131663167604,-42.524731819397
-47.5148649751496,-46.4209524979044,-45.1462707217354,-44.299331914048,-44.8020040178797,-45.1467446086549,-43.7904737686211,-43.4517184693683,-42.2770188534933,-44.9320178833967,-43.1385286845412,-42.9993827122595,-44.7075753785829,-46.1162078118637,-49.0092289769629,-49.5112868177327,-49.8094767858918,-57.89645639936,-63.9869209364072,-53.2156204349672,-48.1954891875076,-45.5447858729204,-44.3798487044903,-44.0067147181284,-45.0700482058298,-49.5618679276166,-50.8984143550496,-50.1866365569874,-52.9759156524818,-47.5697752156107,-51.4773474508145,-48.3092358913023,-46.1607273093286,-43.7277995187063,-42.977527099582,-44.7478955476733,-45.0546806692161,-44.7817463824655,-44.8246859121925,-43.1666810591918,-42.8331797649725,-44.0456215568069,-46.6621899230364,-48.6240202724705,-50.626646939962,-51.0455851248244,-52.9671817327222,-56.7738435734174,-60.0597289081827,-55.3409193849941,-50.1366372029643,-47.2683373773269,-45.1978145179164,-44.0932386463021
-47.8155247298637,-48.2804935579017,-47.4138486741473,-45.7489987267262,-45.5377737294043,-46.9072089433177,-44.782666746263,-43.166899369525,-42.3081197853854,-42.6941863197764,-44.405806827454,-42.1823300452799,-43.8157613676274,-43.2909369917556,-44.7168047171785,-47.402771703949,-48.6953378739543,-50.8251667845681,-50.4413585608377,-48.8759361953785,-46.6400491221569,-44.2300967469342,-42.8816686913527,-42.691971432032,-43.7995265561605,-46.9271553201079,-47.4358663612371,-47.3273529893501,-48.6286978068652,-46.3092090946634,-53.4097474828177,-46.4401714024007,-46.8602954048338,-44.3549395261009,-44.2609701695854,-45.5564169399427,-44.7743238872107,-45.1795764408902,-45.2498840281303,-43.5335372350204,-43.9498119319277,-45.3920084507614,-47.4888782153689,-47.5227823921282,-47.9183597988685,-47.7666914195576,-48.5347889094171,-49.2044144788954,-50.1631684848597,-50.2258109583983,-49.8891420125877,-48.349529042469,-47.0344559858605,-45.7457634673337
-48.709842571841,-51.5108458723767,-52.4526636614916,-49.1277605637252,-47.3836043585927,-48.4496223767654,-45.8122581662474,-43.3084499399247,-43.1528278819261,-41.5641485064807,-45.6514708085455,-42.6250378753291,-43.4970806329808,-42.0821353885839,-42.3679510469825,-44.6095297153881,-45.7000888512178,-45.3483859933128,-45.235161858845,-45.535656830469,-44.5634152909924,-42.8980029997476,-41.8329467860099,-41.8494982555161,-42.695263016212,-43.9116860594726,-44.1122246092292,-44.5072774290614,-45.7087693975982,-46.681027964868,-50.7762666831431,-46.907284724104,-48.2274496519941,-47.0933500589997,-47.2755080806194,-45.9708845111999,-44.5701311605093,-45.3875434787784,-45.6911860986075,-45.1508148849839,-46.7338230637787,-48.2996207290273,-48.5705364845895,-46.9223863811925,-46.2038698222177,-45.9063649319171,-46.4182502622873,-46.7531339949223,-47.7413937230243,-48.0751107459067,-48.8702823687343,-48.2551953182633,-47.6526310369512,-46.5835689111874
-49.7665987944401,-55.0438256352206,-79.9516709684875,-53.621159497911,-48.8484856826734,-48.3818272887281,-46.1034563390357,-43.7139592938357,-44.528629084348,-41.6209920125903,-45.3748974449514,-44.202201877161,-43.8045338068938,-42.3811448664081,-41.7743800510842,-42.8645889254372,-43.3542005338636,-42.5817299309986,-42.3116477993055,-42.8796235722014,-42.6025577904468,-41.8229051056157,-41.1789050699262,-41.2605774980847,-41.6768435248912,-41.5104597933442,-41.9294371634325,-42.861947482333,-44.0136314237973,-48.1559515140307,-51.0873450241788,-51.3481179138127,-50.6248247029088,-51.9581643544693,-49.874150503085,-46.0314210080167,-45.0393574087969,-45.9966258219248,-46.6894566646217,-48.6053631128403,-52.2057188459563,-52.0967355405043,-49.2011930933218,-47.0783500467768,-46.0280966138313,-46.0679744096689,-46.7110194331462,-47.2268765238148,-48.1127462672792,-48.0935858056527,-48.2942105657873,-47.6290409901334,-47.1795660821086,-46.4463216327515
-48.5363265741582,-51.4077802206537,-52.6841827144306,-50.0593811278655,-47.0273899332034,-46.2543355440228,-45.4129973703982,-44.3133481569033,-45.8370091250796,-43.0560247442792,-44.4014324574873,-46.7490320381711,-45.0783982578569,-44.2522306518825,-42.7850902574224,-42.4233654888222,-42.2336290516415,-41.2293647572784,-40.6075298408355,-40.837211435701,-40.8589400036808,-40.7822576400085,-40.6090998894316,-40.6720565325367,-40.6977680807566,-40.0142458487607,-40.809713679064,-42.300533845104,-43.272268653255,-49.3759571190276,-55.7296323293603,-65.7443740603419,-52.052260030494,-50.4160275298482,-47.8116020968408,-46.2911052083648,-46.4098851923513,-47.3794164393315,-48.7289591574356,-55.1755046136889,-63.1824758274607,-52.9971611770289,-49.3785273482605,-48.1620830207001,-47.4107601711916,-48.180627126448,-49.1000953768012,-49.9830174792786,-50.3013674711678,-49.4350093953378,-48.2110439341572,-47.0376541408566,-46.3082751272331,-45.7547104377537
-45.4349345670762,-46.7580861317574,-46.8866987298428,-45.830673002643,-44.4261864479111,-43.9153559906487,-44.3033362276825,-44.9772842809474,-46.1007430344982,-46.3847376890717,-44.4610150468331,-49.8527092072448,-48.0039407721842,-47.9364200625848,-45.2441878318047,-42.9951747517697,-41.9561843768682,-40.6844486375193,-39.7974212669264,-39.5043909942407,-39.5277792595151,-39.7688167803271,-39.9489831764941,-39.9911343679138,-39.8596890167885,-39.3708352307067,-40.4692805543043,-42.375025082211,-42.9026839206298,-48.3945244050328,-50.5701595607864,-48.7198410718452,-49.1005680547301,-46.3225955648806,-45.682355522144,-46.9112955879091,-48.1981552970132,-48.7860170221342,-51.1831455479265,-57.8631675714894,-58.0128315976987,-52.2224038245636,-50.0777022873166,-50.2941482542037,-50.322993858514,-52.137691606799,-53.3133726436233,-54.5689932111627,-53.4036452756885,-51.3391025459495,-48.5107450828616,-46.8462188196966,-45.6806962680071,-45.2097264502117
-42.9327265136205,-43.8410984733649,-44.0735580505442,-43.6256605580792,-42.9195866701444,-42.4302982493047,-43.3607714894359,-45.2358338248089,-45.2481473851806,-51.3990655313018,-46.6853442683139,-53.1333395715751,-54.0824960534793,-52.8814591451226,-48.1820622254586,-43.8635765990413,-41.9317931320693,-40.6864321618517,-39.7952742796051,-39.0001557270014,-38.8486215704178,-39.0581577961192,-39.3380682936116,-39.3648796672995,-39.2965535174927,-39.363458269936,-40.5388627197147,-42.4519532618684,-42.3635265593559,-46.1369889230243,-44.2006990266328,-43.8310635902868,-45.9122418630632,-44.3024097360464,-44.7203543204115,-47.1379473770968,-48.7200770226872,-48.1151419339767,-50.1615535910016,-52.1122653547338,-54.0960075625416,-52.7925092828238,-51.8412345193352,-53.318568726519,-54.5481724830252,-57.1012337237637,-57.9372068446743,-58.8376695616416,-55.6725205007551,-53.0927127180144,-49.4852806460529,-47.6172289937014,-46.100844454642,-45.5815429610003
-41.6065961076896,-42.2627486514011,-42.6607111269225,-42.7038278386493,-42.4899032217016,-41.9373193730525,-42.8500372273577,-44.6664499018003,-44.3688094378009,-49.1261189809879,-53.313939689584,-55.8861513157653,-55.8453984857873,-53.0111812111726,-49.0523499542317,-44.2516646841341,-41.9525148341549,-41.2611630041753,-40.5978611571879,-39.4227235202748,-38.9828482741854,-38.9243908898913,-39.0778163335215,-39.0957812594733,-39.1738446121442,-39.8049578458003,-40.7717997757635,-42.1608245897424,-41.8475067009544,-43.9113128364103,-41.0076557453369,-41.8174664437826,-43.8881875300031,-43.4027693200983,-43.9825491995832,-46.1011804528162,-47.2677050917674,-46.1440728381259,-47.0714214483743,-49.3500950660616,-52.6069070570809,-54.2199331481304,-54.2562446697852,-56.0365726618329,-58.6233979600359,-59.8147654582185,-59.0553534003044,-58.5611058530317,-55.7306872420739,-54.3110264825695,-51.6546307043764,-49.9568071021756,-48.2513050694837,-47.4125966025183
-41.4553805866357,-41.7924152896923,-42.1847015481419,-42.5509633025516,-42.7773327177878,-42.3050640792568,-42.8143105069144,-43.7093384318069,-44.155552094037,-45.1521261421324,-53.6374038235855,-53.0293152917917,-49.3474098384157,-50.2471383753941,-48.2636031012586,-44.4603648908692,-42.4788160323278,-42.5902268701573,-42.1991907553358,-40.8418724697206,-40.0058944387562,-39.545197621339,-39.4699994768766,-39.5159422752073,-39.7376755065456,-40.7518229159376,-41.2931334841817,-41.809435948517,-41.9100940153317,-42.140687917602,-39.7888474167933,-41.3306483907376,-42.6424220916179,-42.918408689203,-43.095817918488,-44.3622604251611,-45.2308703368563,-44.7133087528653,-45.0505276822619,-47.9480628412911,-51.2678244935332,-54.4534062131734,-55.5876267045737,-55.889267340198,-57.9257856398833,-57.7077009951927,-56.832599448345,-55.7560499234783,-54.9235857667823,-55.2095315645874,-55.2040143924571,-53.8631097366404,-52.003945892258,-50.5851317110275
-42.4839966878247,-42.366615411916,-42.4959610225409,-42.8569544604498,-43.3443646026692,-43.2824876878753,-43.1943702485917,-43.1142299426627,-44.628042524324,-43.5198658637771,-46.0484004839395,-48.475247767941,-46.4267484866646,-48.4610267127205,-47.6477005544379,-45.4545240583485,-44.1920921371259,-44.8636251034402,-44.5155345812185,-43.2531596447564,-41.9254695668428,-41.0742129847725,-40.8137630811061,-40.9556656276836,-41.3277511467666,-42.5203756040333,-42.4759147996426,-41.9676352672227,-42.7461883714825,-41.1997213528719,-40.169437257246,-41.9024549661837,-41.8925895267487,-42.6725063769482,-42.5041522101434,-42.8206670459936,-43.4738366969452,-44.082731248471,-44.253672156911,-46.928337113494,-49.413535599585,-52.3188784994595,-54.2069069398043,-53.5883904115022,-54.7334441678939,-55.3336617174392,-55.8307716315082,-54.6564194230101,-55.2904107377941,-56.8085236014423,-58.4864142459465,-55.320655095963,-52.4443203293116,-51.825007368297
-44.7992161421953,-43.9873127606249,-43.5371212365278,-43.5141501079126,-43.8955869632309,-44.5024377082746,-43.9392249941926,-43.2991454069848,-45.3317143197418,-43.635087307182,-43.046495314672,-45.6057191006002,-45.6091213003407,-47.3633249277923,-47.4682828192073,-48.0063687704913,-47.9118185657763,-48.2367758565639,-47.2759646535738,-46.3652886228475,-44.679406135911,-43.7498313459957,-43.508103812422,-43.8472130951626,-44.4607322776952,-45.4773406762718,-44.6332311065101,-43.0887522515887,-44.0698469430587,-41.4848253840792,-42.234432042025,-43.3131818769772,-41.7199604663558,-42.674418742796,-42.3864306899739,-41.8463927859887,-42.331881223356,-43.9647911029898,-44.3469931934147,-45.9697339378437,-47.4728908188339,-49.4320082576956,-51.5095995133735,-51.7157597944201,-53.0667333834709,-55.6328284063832,-59.2211046232893,-57.2635534859304,-58.0652399125317,-60.5976028536182,-60.1306267144896,-53.8722842896708,-50.1556065297934,-49.9281971499672
-48.5521916145939,-46.5037578628648,-45.1471044605426,-44.5470055104416,-44.548613633259,-45.6653098117381,-45.1455344781337,-44.4617501808812,-45.7896162734528,-45.022241210471,-42.2837815656307,-44.2112341804734,-46.1195797782386,-46.8371151102716,-47.9776031980442,-53.0597654160742,-56.0077371113289,-52.8516563607207,-49.7155539286913,-49.0989356288594,-48.0938021565657,-48.0134533803905,-48.2957751023875,-49.1239981046656,-50.3291814142147,-49.4989071508915,-47.7586410138147,-45.5801495546494,-45.579820566865,-43.4953053563474,-46.6033815044682,-45.1908843275045,-42.378476839128,-42.7163751179809,-42.3896695210478,-41.5448168706023,-41.9295240267915,-44.0213914766877,-44.9381358035108,-45.2645086050872,-46.1415222423663,-47.4500778437055,-49.4955607663589,-51.1629271637842,-53.3351044446158,-58.2812131817018,-71.6548887481207,-63.6760529237886,-62.3391981403024,-68.5112087387018,-61.2974292068722,-53.4582517972545,-49.6082017609659,-48.8424040607678
-52.4898632483727,-48.8671673293677,-46.8635698273867,-46.0095706755409,-45.7928295276181,-47.0269145881638,-47.2175546016803,-46.7690862834125,-46.1852310056231,-46.9651664927567,-42.9981691244586,-43.9221556722449,-47.0455664420838,-46.9575962416752,-49.6112289448325,-58.6785556964374,-64.0800929962852,-56.1694861657127,-50.1394315169604,-49.8565897167707,-51.1540475957811,-53.247216927951,-55.2467103396342,-59.9248772524061,-63.6002700566266,-52.2467092341166,-51.0219838608785,-50.0097925877957,-47.9660663760066,-48.4357278429666,-53.3965479920009,-46.4963832153047,-43.9285194628574,-42.6043135107812,-42.245943886113,-41.8869299254292,-42.156134565333,-43.9952341778648,-45.5791496954341,-45.1839028719557,-45.9183855806687,-47.0670402783236,-49.003702974527,-51.9723394117391,-54.4346684734823,-54.7676913444417,-53.8828527787262,-54.463110161049,-59.5343195872302,-64.0288379942286,-55.283418247057,-51.7540028893045,-50.0321116180077,-49.0216525779942
-51.1564341626796,-49.0948684978013,-48.1152801123418,-48.0309703845882,-48.4227714503993,-49.7221607402542,-51.1777054088752,-50.3159226693233,-46.8104833697626,-48.097896614578,-44.7607897444089,-44.4119111907232,-46.8810160210192,-47.4605951959,-51.5966955044849,-52.9261255704136,-53.0133772775426,-51.8182477302282,-48.2604670826755,-48.54949547191,-50.3723417714575,-51.2130298961491,-52.2902709578047,-55.9171863777101,-55.613882820608,-52.348573325953,-53.2955230483604,-57.6501692447233,-53.704248455742,-64.5320061917169,-50.8832126684756,-46.6094563052942,-45.5206556768567,-42.5766950310914,-42.2209146213321,-42.6566061416105,-42.6466149022448,-43.7541066120565,-45.8516675886057,-45.9841098049268,-47.0550172539265,-48.672942694242,-50.5072702573988,-53.7289010562621,-53.9589180582208,-50.3911566798346,-49.0133139474956,-49.7737455219559,-55.6413731183754,-56.554446755401,-49.9131470921754,-48.5835602761876,-49.4527557690335,-49.6045010036626
-47.5666944800601,-47.6051141152233,-48.5781305770768,-50.4839579558661,-53.7450795498845,-57.0823659843136,-58.540757116345,-53.3326604220206,-46.9632059615933,-47.5618863645012,-47.0698746144845,-45.2815094899667,-45.4758372030702,-47.4072595678967,-50.0084911004532,-48.6686066666234,-49.1216598756753,-47.4228528802519,-46.0612347815737,-46.4890346448664,-47.1101396066858,-47.2146892886571,-48.4119635007591,-50.8640948102185,-51.4573569158016,-52.4461809876132,-55.1625522412434,-75.6098959655955,-59.5875776644809,-52.6740720148191,-48.1252571835285,-46.5698275904678,-45.3513299535632,-43.0072517950791,-42.6079210517094,-43.4132262852474,-43.0167038521039,-43.391356454696,-45.6420506277415,-47.4524208116334,-49.089229867108,-52.2235645806718,-55.0034000873618,-56.2476179768605,-53.1744780195577,-48.8755124591778,-47.4220377486833,-48.0513519968084,-51.9587035364637,-51.123322068914,-46.9345158495201,-46.5413052431156,-48.3121770103294,-49.5418251844578
-44.5788658450968,-45.5583029685229,-47.467609066656,-50.2193173518007,-53.5506924719384,-56.681618357704,-52.8691542570115,-51.2445979283809,-45.9365960903216,-46.1021888919655,-48.6039170335221,-45.9705667841221,-44.1641264640114,-46.1978425368295,-46.5246740526496,-46.0749777795888,-46.566205216847,-44.6456881694211,-44.5061431651842,-44.7422396067416,-44.5820075001832,-44.9078251847,-46.5774210013943,-48.6091525828573,-49.7658345844117,-52.3907116602828,-54.1971078386081,-56.3055619772771,-49.2767206698457,-47.9852433037642,-48.5287115651571,-46.7118748804168,-44.0857770949265,-43.9336395028413,-43.2903415841663,-43.7521842897413,-43.2889607238057,-43.2204620031469,-45.2644178058898,-48.187439367357,-49.3617643721549,-52.5022480849853,-61.1620062525974,-62.4618261114772,-54.0849528396682,-49.4938889385557,-47.8215978829049,-47.8721972367914,-48.4103919906972,-47.3289764566089,-45.703235802618,-46.1373175169489,-47.8547786080483,-48.6448021221697
-42.2235214915331,-43.3346482877853,-44.8632256033608,-46.3561224102431,-47.0501235927383,-47.6961888076349,-47.4252188631676,-48.05611974783,-44.868417597822,-44.7715180641682,-47.6906810028759,-46.0806886671199,-43.6288812026132,-44.6879225767164,-44.0145964004057,-44.3666155375528,-44.5919977556543,-43.0919379305763,-43.6738114621641,-43.6702697799118,-43.224934356593,-43.8953253060668,-45.7115729020641,-47.0276853857313,-48.2868442405316,-50.5775906111524,-49.6134860688956,-48.8507654256194,-45.4234610796751,-46.7787065152782,-49.4253525921116,-45.9104854019957,-43.3404558375923,-44.9170447566932,-43.912652197095,-43.7158085518571,-43.782583622333,-43.5671087974367,-45.1304421360117,-47.2449190564441,-47.5223307469646,-48.9585783611907,-53.9336341044484,-61.9414603344836,-53.5271434967198,-50.0425915633334,-49.2686887476687,-48.2842718109673,-45.96541030442,-45.1180906750392,-45.8188189832712,-47.0213431908533,-47.6721660623806,-47.6583993735166
-40.4854700538325,-41.3896959682265,-42.3625611492937,-43.1915433548443,-43.6252691217695,-44.0546038806197,-45.0112919780741,-46.1204627408007,-44.951070452005,-44.3170283171967,-45.9695770473636,-45.9498019887974,-44.0207308111296,-43.7567044553362,-42.6616211009268,-43.3123581843692,-43.1629335060336,-42.4579680760489,-43.3864009983314,-43.2371024671961,-42.9216332246863,-43.871864940351,-45.1931245426162,-45.555834197366,-46.4636474322877,-47.4072835970822,-45.8821841694518,-44.5750056863443,-44.0178774880526,-46.4094721452206,-46.2598073028387,-44.1241536154461,-43.3688796982684,-45.2582631046231,-44.3099993656952,-43.7057999297829,-44.720314582889,-44.6524709977756,-45.4885189239741,-46.3324004968797,-46.486034334617,-47.090578921543,-49.5906018970268,-51.858188199104,-49.2078313279437,-48.1540389192479,-50.0791862873647,-48.6423900935771,-44.9172684539103,-44.3735027118969,-46.920163123207,-48.1195831994386,-46.9500196859861,-47.3537536516256
-39.3689133915114,-40.0610551398278,-40.7682710328686,-41.5095120691498,-42.2607157329809,-42.8401212757694,-44.518525988889,-45.5555046588309,-46.7774015900996,-45.2745107564959,-45.3450042281742,-46.3052270318783,-45.3852417762153,-43.7434117481084,-42.3888875385426,-42.8859712103088,-42.3245616965707,-42.5236935340013,-43.3737601276981,-43.2619646118444,-43.4647266963041,-44.4352369220445,-44.6672946858045,-44.3813458841999,-44.776452021086,-44.6191723873252,-43.6376132687864,-42.3681017921351,-43.7735410319371,-45.2198300250984,-42.7000135538066,-42.5959406075977,-43.7344776788355,-44.6853230298441,-44.5689659896806,-44.2269591657496,-46.2764099636386,-46.6879275680748,-46.5271874462329,-46.6808720410897,-47.0684567139311,-46.9064014397071,-47.5005527935545,-47.5461496356312,-46.2024020001219,-46.395945603328,-49.362687149797,-48.5546791635596,-45.1521527819526,-44.9706606237051,-48.2598177609625,-48.0794711867957,-46.2165989585742,-48.1089053646943
-38.8315084719335,-39.4395910965206,-40.1668873469702,-41.1429165868054,-42.46683391352,-43.4749750460817,-45.6318982651023,-46.4971201235354,-50.9945210168485,-48.295854392046,-46.3916825652887,-47.6826845961805,-47.8097072095445,-44.7835467625614,-43.2461549594048,-43.1379883847265,-42.1520945034162,-43.0811709218202,-43.3676969014134,-43.5136639757802,-44.4120863101402,-44.8842919451843,-44.2682686571091,-44.0111107805025,-43.961362548746,-43.1448983521438,-42.7255156724684,-41.7851791831775,-43.7865186248401,-43.257736977616,-40.6463142852369,-41.7320289645568,-43.767282322085,-43.6515309599353,-44.9236781390347,-45.8621384227375,-48.9192669740731,-50.2190770531107,-48.7218502617922,-48.6296549868017,-49.2881041366813,-47.9150296478075,-46.7780738614486,-45.9013345841014,-45.3872242088255,-46.3558034438583,-48.236951139779,-47.6911766038821,-46.3004828475571,-46.6920081646903,-48.5248724214251,-47.3007033969319,-46.3329249666362,-49.3828064035525
-38.7893463433155,-39.4554364388149,-40.3986750834663,-41.801161049984,-43.9020356092115,-45.8044284559325,-48.1232057601771,-49.4047269901401,-57.5521567916886,-54.9893286587688,-49.2061253775642,-50.3683499547676,-51.5200761126406,-46.9271032169832,-45.3277257278798,-44.110014472105,-42.7330871129448,-43.8577884510981,-43.265313403901,-43.7510522264501,-44.9597897454412,-44.8279823541236,-44.5788193719284,-45.0711059936993,-44.7217810463526,-43.423472373666,-43.056880171726,-42.5538667460038,-43.4805847416124,-41.5073983126734,-39.8754842955448,-41.3019088190342,-43.1515899291462,-42.787264809172,-45.7579018706936,-49.0406780841323,-53.5876461695477,-57.6957217207661,-53.6177050047855,-51.7668624050915,-52.380270219719,-49.727164821487,-47.1446803383241,-46.2817323711507,-46.8553698314926,-48.3034132891357,-47.7601169894719,-46.7060050901177,-47.6339991815792,-48.9244471083185,-47.4643870207713,-46.6156259272941,-47.4383287099181,-49.0150187345919
-39.1438864539636,-39.9374573655989,-41.117616363891,-42.8565485924098,-45.4766127582612,-48.6746413069293,-50.611440894722,-55.2542849543501,-57.5977258820297,-63.3793863397161,-52.6014661064121,-54.2765385245305,-56.8913621485727,-49.6978268012148,-48.3199777678779,-45.6662988522928,-44.0737029651368,-44.5228155479727,-43.1991496017142,-43.8265390111712,-44.7023046730191,-44.8217750920857,-46.2697603417103,-48.6491935140556,-48.2598164192933,-45.9879307979463,-44.4878317116232,-44.2789636238963,-42.8841223242604,-40.48717047899,-40.0991987333327,-41.0723439203297,-42.2439538792304,-42.4093695360986,-46.7875186688324,-50.3278947229169,-55.5282677014868,-64.1191368705407,-60.9911093103792,-52.3365406832956,-52.107466582909,-51.2434345715172,-48.333835613849,-48.5673533611234,-51.3704611899311,-52.2831784008835,-48.977177994705,-46.8032812484308,-48.449556052471,-50.318703845586,-46.1179237601294,-46.0746354046646,-48.8830788148476,-47.0964418184318
-39.8211826958612,-40.6562420367538,-41.8132965533436,-43.3026479162259,-45.2578585246125,-48.203209330901,-50.5007036175995,-57.3646791883741,-58.0988406028657,-57.8032847884286,-54.0103104292149,-57.864811428392,-60.446665665494,-50.8712406000185,-50.1874983422336,-47.1768169586059,-45.9170600671304,-44.8825605984812,-43.3787442922388,-43.8193044326804,-44.2612750401435,-45.5193589445626,-49.6788757504621,-57.2901822403682,-60.4457948846135,-50.6486302523164,-46.2618378029798,-45.9276696176805,-42.3402179120951,-40.3783490107765,-41.1353724922946,-41.1055022736398,-41.5653885268541,-42.4076061670297,-45.7967757754998,-46.4051884042986,-49.6973016293728,-51.9635423034272,-50.6562110603425,-49.3383943528618,-48.4662789220548,-49.7244095829355,-49.5668027834381,-52.0509150259136,-56.5075997706628,-54.8993398456104,-54.5143686849173,-48.6969792360018,-48.7269073161533,-49.4392614045556,-45.0231182692963,-45.6652753753759,-49.2016115717152,-45.7537266077741
-40.8080103296075,-41.421257032211,-42.1644635961802,-42.9540561063035,-44.0089939766184,-46.1975696308027,-49.3613608488182,-52.5115307126901,-72.0389392617022,-60.0747301135463,-55.9018750862289,-57.0079968555316,-56.5787490887986,-49.7890866614914,-49.7849008904896,-47.7495030363652,-47.5308029900964,-44.9900419960098,-43.9051765123194,-43.9608935960586,-44.2752761649226,-46.9110999176222,-50.8280774188151,-51.0469313117697,-51.0532694826243,-48.4303518177214,-46.6970179581518,-46.0723720124948,-42.1758196223214,-41.2171610366204,-42.7522190150087,-41.5537278095363,-41.4053081086767,-42.4202271453838,-43.1243846803994,-43.5065624695066,-45.9116162809651,-47.5318468770185,-45.8194687547254,-46.66980815554,-45.4061725229604,-46.5014591896113,-49.4420133386406,-51.7177366473293,-50.2055003797332,-51.3745963625472,-60.2515077718112,-50.5712056534144,-48.4647046089949,-46.7065052488937,-44.2352393594965,-45.3982160167441,-47.5714129030611,-45.519800352113
-42.1438860234158,-42.1876256622943,-42.3489065389363,-42.6338556805453,-43.3829813603563,-45.3551294345319,-48.6219031440299,-50.3834150640816,-55.9800601986581,-58.0021127491164,-55.4013800633347,-52.9785877455964,-53.5094086671795,-48.989223879475,-49.5006354200403,-47.6148416039549,-48.0767016792802,-44.9569701072578,-44.7070098126836,-44.4067305230133,-44.8670222122477,-47.8005140834305,-47.1763209414827,-45.7982677623558,-45.2754455405651,-44.7006182267547,-45.955407349481,-45.0488912597005,-42.5941420333292,-42.7978278633702,-44.0885407891774,-42.3101125496907,-41.7873725465752,-42.339293181182,-41.2884462764011,-42.4230856717448,-43.8876642008987,-45.266581103864,-43.7397446020015,-44.9592998720573,-43.5896135866338,-44.0372318890282,-47.5184988716769,-47.8888528399274,-46.2987140399091,-47.8414289013721,-47.3643427869606,-47.2243513119834,-47.2488538454198,-43.9067163028,-43.7383079467972,-44.8887998867719,-45.1601807721208,-46.1831166940085
-43.8289279497275,-43.0209752738171,-42.6735159623622,-42.8151017881168,-43.6366394533396,-45.5391385384606,-47.6430316432317,-49.4010444344395,-49.5995432289356,-50.4722281393921,-49.7344777165403,-49.8378713631197,-52.0274527875151,-49.4818489348312,-50.1112297160065,-47.6847877237785,-47.6183402103423,-44.8968847908723,-45.57601460105,-45.106102067636,-45.7243927211374,-46.8769275004723,-44.7384721135246,-44.0279186520293,-43.6099496305756,-43.7081963285258,-45.6622261010669,-44.195365932188,-43.5680209041013,-44.3461366788662,-43.8068134385304,-42.9632334832709,-42.5023029951236,-42.4782850905096,-40.9634588288835,-42.8186276325219,-43.1348191253274,-44.332772673303,-43.5022738860509,-44.2285275320752,-43.072077277044,-42.7232578849695,-44.8993194283313,-44.6038100136007,-44.1861991700843,-45.235569499598,-42.71456901383,-43.6102750634677,-45.0878309507085,-41.9669859436071,-43.4870424008103,-43.7939505082097,-43.2548371341629,-47.1810010992562
-45.6215723671466,-43.9443907599103,-43.2135075306406,-43.4234920186937,-44.31035961888,-45.7423082270166,-46.112171735612,-48.0142369323118,-47.169820623462,-47.2901894171863,-46.6400488801731,-48.6186753225773,-51.8092483620882,-51.5285407123115,-51.2222047298731,-48.3889484319608,-46.9432919010854,-45.0512420375888,-46.2835848878103,-45.8218154930349,-46.2566393706148,-45.3026883914934,-43.9921020465922,-44.3064104989241,-44.3007522572747,-45.0092694569997,-46.384302527765,-44.3604301051429,-44.7992381083817,-44.9422951847386,-42.6553213104838,-43.2482438665991,-43.2206880779449,-43.0512678613217,-42.1637752170973,-44.3591644895328,-43.5951408260849,-44.6955762091773,-44.9848502655859,-44.6002107058134,-43.8646962693322,-42.5172697990487,-42.6600089537257,-42.1980413057302,-42.7823591973188,-43.1972929794845,-40.6111167372649,-41.5527994984195,-42.7209094933246,-41.0712958498454,-43.2852302826771,-42.6035452971455,-42.3614165698389,-47.3125269808935
-46.8908738908196,-44.84438272917,-43.8558276630678,-44.1014746877157,-44.6230398503041,-44.9699482860868,-44.6613792159375,-46.2354512904397,-46.910694612052,-47.0418901549073,-46.421654894565,-49.786045665835,-52.9165628946463,-55.5373855853633,-52.6959131224107,-49.8004350108248,-46.7861252166428,-45.7410679574372,-46.7249483461121,-46.3140422985196,-46.1790162431792,-44.3143361923964,-44.5161373125918,-46.125534950013,-46.8942657048502,-48.2524619796722,-48.138870428605,-46.2722376625698,-46.1110225283339,-45.1116030866907,-42.2033247500142,-43.375246599451,-43.7235265372918,-43.804276515253,-44.6496572529872,-46.3327480426231,-45.4610780735653,-46.9205620837237,-48.6009676361233,-46.1479794905725,-45.5897172429911,-43.3408170347578,-41.277060208696,-40.6483597663278,-41.6455440200075,-41.4796661678947,-39.9780819852304,-40.5653360283522,-40.9098349376441,-41.185069273645,-42.9089863569303,-42.0297943658268,-42.5469839569719,-45.8684169943346
-47.2363349509623,-45.5306984830078,-44.4640066539027,-44.4469087021729,-44.1906593512824,-43.6107536289838,-43.7560338541337,-44.8755531611611,-47.7980030567519,-49.4233353128448,-49.6593884881902,-54.9983287656902,-56.1229771537989,-62.7054502663862,-54.4795580183656,-51.6373993537449,-47.5012051370441,-47.2121843666956,-47.0212316428989,-46.6176928065826,-45.9274965712874,-44.2741114658392,-46.0371563187229,-48.9696052876644,-50.5273054342068,-51.4176507287054,-50.934781826028,-51.4629074515962,-48.0094729999126,-46.0400429381884,-43.1505063978011,-43.6503987601462,-43.9048588663758,-44.2064637103318,-47.190974842904,-47.2215079283425,-48.7154764529057,-53.3513584662151,-54.7198673768489,-48.0141474951367,-46.1805757906889,-44.569549340702,-40.7828061506308,-39.900708053862,-40.645640917739,-40.0666390352921,-40.2827324450656,-40.207265002031,-40.0878184810631,-42.1979848129373,-42.5413806518153,-42.4745911476556,-43.6643269086456,-44.1912584937514
-47.177955619379,-45.9107254366792,-44.9567243814904,-44.3071689464239,-43.3862730251935,-42.5456919077022,-43.4490998606717,-44.2505861071589,-47.748140246547,-51.6719359393288,-61.1358510903112,-63.5708027951669,-65.2844152895542,-78.6425018182763,-54.041036466458,-52.4310804551426,-48.8269357940945,-49.5480664578492,-47.5358912680497,-47.112657068277,-46.1432815888015,-45.3667355771331,-48.4132907895974,-51.4715008608383,-52.3939597457592,-51.4057095906662,-54.3224594123412,-61.3600275728512,-51.0565953952513,-48.4768765491568,-45.9141090256619,-44.2267595975265,-43.6224564227379,-44.0349370154165,-47.2585520249784,-46.3361042513301,-49.9171325678988,-56.7677476361013,-51.925509451063,-47.0860202545809,-44.2296572307606,-44.0532215641248,-40.8372506010964,-39.8087872361406,-39.8031866330941,-39.1660030181252,-41.0543897742354,-40.317576979818,-40.464791587858,-43.8367111804157,-42.788052947519,-44.2309170661788,-45.5034562540407,-43.5581287684119
-47.316821683975,-46.0630723942715,-45.2741470996123,-43.896873778433,-42.702720100492,-42.1618308445339,-43.6041117958758,-44.277554859747,-45.9564029175613,-47.9220746770925,-51.2290253459184,-51.7534262076184,-59.9414635937258,-62.6696361273048,-51.0490584398645,-51.1609109653243,-49.8584984073111,-52.5333988604829,-48.7853299899008,-48.375757136521,-47.3232934812808,-47.8822179065736,-51.1264125384101,-51.6208796958099,-52.0799058308012,-51.3427092506795,-54.5811739070385,-51.249732934369,-52.1926771024667,-51.7350287550357,-49.7210104551477,-45.0314163605329,-42.9855447548951,-43.3923467423747,-45.0331726247289,-44.7120760511286,-46.6299091936428,-46.4086943772744,-46.5826322226219,-44.1382845476359,-42.1143239874549,-41.6518230388883,-40.8121765253259,-40.1393544593351,-39.2716213577875,-39.008466645134,-41.7583868069221,-40.972347246782,-42.0718774821235,-45.4426477714106,-44.3690359370955,-47.9023704303501,-48.2842295548102,-44.5747174257657
-47.6948166696593,-46.1134594377449,-45.3601027145175,-43.5769119042033,-42.4753052775866,-42.5664256015756,-44.0211086862481,-44.695754901264,-44.3935035306855,-44.9065595335843,-45.8261605960235,-47.9493999341518,-52.2856033320387,-55.012323455584,-48.8385839161801,-49.8245745276012,-50.6573180665891,-55.245008445111,-51.444854107518,-51.2062698549963,-49.9089406678719,-52.3573883921552,-52.2779861620275,-50.1314558314165,-51.1086919541214,-52.4146769860121,-51.938944466172,-47.6596010741092,-49.1809188232314,-49.7397339557469,-47.9393449664982,-45.3741217579066,-42.4640466538837,-42.5176641091667,-42.4333601387304,-43.0585405794869,-43.6275645743148,-42.1427729422951,-43.3347208582681,-41.7948261474774,-40.8739109151407,-39.6717028440382,-40.4518811698973,-40.644040583449,-39.2979227592848,-39.7024193383178,-41.9624170715975,-42.2608610662744,-44.2948471699127,-46.2349527311541,-48.2840368811241,-55.9652831772421,-53.8094121048128,-47.791798218398
-47.8751873592363,-46.1199305865641,-45.2337612286072,-43.6309788141953,-42.9742786535959,-43.8043731129313,-44.5547208191106,-45.2120413694985,-43.9920633427688,-44.0238090412657,-44.1670892864065,-46.9771538389672,-48.6854160267682,-50.2714109033149,-48.1788760934828,-49.739744755866,-52.8997005759473,-56.3589762159668,-56.9589460485522,-57.4783523617547,-54.1435835498455,-59.8038791060098,-51.7910684057815,-48.9918384949829,-49.8448699208777,-53.183431808703,-50.3444998267141,-47.0369776683863,-47.224496229178,-46.1406968685734,-44.5347657911175,-44.520976892122,-42.4655399186627,-41.883386165884,-40.520240042373,-41.6268070531954,-41.5120638803077,-40.0771388596981,-41.208180921577,-40.4060161506096,-40.4135390768455,-38.8953412141012,-40.2663380376071,-41.2133493974715,-40.1586976194092,-41.1989113752121,-41.8236373423164,-44.0537624329546,-45.1696602113718,-46.3057127576729,-54.2641546349514,-60.2437869221721,-62.1839813550641,-52.0480332946933
-47.4299880088267,-46.0793260724012,-45.0653388620781,-44.2536518319695,-44.4704079941874,-45.8986701438631,-45.3086659497852,-45.7838806605155,-44.8651960056607,-44.8774223241722,-44.6337890477698,-47.4783440225347,-46.9407293555689,-47.5115029474836,-49.0852119257273,-51.0214041564107,-57.1217690888506,-56.580493604046,-70.5330399485546,-67.4351096688778,-57.1726557664943,-70.4218517591275,-51.9336271257494,-49.1465457881551,-49.3582101459151,-52.8876565231207,-50.0673532383427,-47.9917099696769,-47.2573511089317,-44.6500693994767,-43.2385573604646,-43.3884821337371,-43.1375203355615,-41.8822200156419,-39.7067153599447,-40.5804851780501,-39.9947159542576,-39.2728531381214,-39.8030147430098,-39.7828102782767,-40.4495373946774,-39.3551228733822,-40.789298933273,-42.0228556838349,-42.1965953849638,-43.3738727862273,-42.0681702623292,-45.8365016517906,-44.5853300908278,-46.1324259585071,-49.1443836479107,-50.5800612245939,-50.4912285611434,-49.0825137254818
-46.5180086247775,-45.9789567597036,-45.1289467624933,-45.6375150270437,-47.2467459419554,-48.7524367117357,-46.7702793322699,-46.8300856490593,-46.9605283961635,-47.0898337621779,-46.7166568979575,-48.1090264351969,-46.3787919953174,-46.3572766903021,-51.4144038214882,-52.4450060691985,-54.0321633139454,-57.5734320427305,-58.8107283280079,-56.8005038069976,-56.0059548112158,-68.9578162627893,-52.8781787569394,-51.0319156153582,-50.3792691521557,-52.1088213673918,-50.4151907027622,-49.8549345258574,-49.1790644781945,-45.4839950403064,-44.171235197666,-43.2421731724592,-44.3851270073198,-42.430068762161,-40.0733743497434,-40.0455719512644,-39.0700373046759,-39.2767466879516,-38.9964550754922,-39.6804359091275,-40.7104868255529,-40.8750869626842,-42.0443980440555,-43.5428323497773,-46.1024279951685,-46.4757227045915,-43.4957227593513,-46.8481333056067,-44.4566380214706,-45.6854283547799,-44.8351882796938,-46.7803045502594,-45.7364661621782,-45.6168946927753
-45.5767868587971,-45.81005507365,-45.6338738734707,-47.9301462558139,-51.0425482152573,-51.8837680487864,-49.9650133004225,-49.0998584366973,-49.9811936458577,-49.8463572586928,-49.6549202168501,-47.6072021542673,-46.5712123464008,-46.595484063948,-52.8357037997595,-51.6356159249998,-49.9639266236109,-58.742107098065,-54.6479208162283,-54.1004167392528,-56.2976138956992,-59.9104141634203,-52.8747557137351,-54.8508902573035,-52.9992993938344,-51.1442378656593,-50.8900610986427,-53.0070498517964,-52.8959323106081,-49.4898952316382,-48.1585796788833,-44.7622327761886,-45.7832913022727,-42.8209715172813,-41.4871123798517,-40.0696904696261,-38.8560442172735,-39.7294093421838,-38.7736855288655,-39.8483585545699,-41.0099774145423,-42.888781279936,-43.2824029731495,-46.4092024069151,-54.5924094887445,-52.3547580250724,-46.9774746786496,-46.8369377336453,-44.9223994074314,-44.87791757653,-42.8505615272527,-44.4992646202708,-43.3757778981975,-43.8804488685619
-44.831908665502,-45.53514413853,-46.4561560617361,-50.1458476826729,-51.9476695502891,-54.4056490437234,-58.2101760183322,-52.99987750904,-52.5300178843103,-51.2267679480814,-50.5656994051099,-46.4079836665195,-47.0322427910385,-47.8688757393641,-50.1961333259863,-49.9923540107503,-48.9007615975241,-56.3846010821884,-53.9329057198791,-54.892818510175,-60.1150672453308,-55.2345840850518,-52.0616427205294,-58.7770426738565,-56.5678522187845,-50.7913826422718,-52.0446993535509,-60.3210619390141,-57.3054341221786,-63.682315320464,-61.1776573583856,-48.3757838444173,-46.5459104668741,-42.5545881472463,-43.3597820007281,-40.5497802069036,-39.3985733965446,-40.2915009896737,-39.1563490893759,-40.1402082497697,-41.2879485939023,-44.2652249604206,-43.5252579988684,-49.8359887035803,-58.3764501925421,-63.6643099285461,-52.0254153093784,-46.3169945315453,-44.6708753601619,-43.8904920010719,-41.9999865791758,-42.7238083283083,-42.1308246862645,-42.8325134260324
-44.3085220594572,-45.0809203972731,-46.7813265583502,-48.8286784610927,-49.27728112864,-54.8412366133161,-57.1200106354117,-52.6278133905329,-52.0326764699962,-49.8411711173932,-48.1800125247635,-45.415855432218,-47.2562757035501,-48.9657132567238,-47.5574305233659,-49.399341802181,-50.4430378463371,-53.2603188005849,-55.9630393908648,-59.0863237676485,-66.4818221499507,-53.9206730940801,-52.4763997762703,-59.1834156449454,-60.3140854233284,-52.0935912604637,-55.1250040364791,-60.7262933675282,-59.1743150988898,-54.8846974619728,-52.3649259457472,-51.3587375430233,-46.3571335113431,-42.2825729713318,-44.281985851771,-41.1723666369002,-40.5782320565424,-40.7444961952897,-40.1563467296403,-40.6498856224198,-41.6436681632004,-44.5804042559266,-43.3636331607358,-47.746234079499,-49.0443270036124,-49.9513963557057,-48.3369697589262,-45.5975664634665,-43.2823308135057,-42.7507963534144,-41.5492029579962,-41.2302680008065,-41.458795337372,-41.8493170602144
-43.9771361863665,-44.4219480895915,-45.774545323953,-45.745755761511,-47.1407880401046,-51.3312444650552,-48.8526009161752,-48.1301693141737,-49.371003737401,-47.2628885229092,-45.6602538682927,-45.0414528492316,-47.1452817287076,-48.4827837180368,-46.5556346332833,-50.0491866977265,-53.8220408207493,-51.9715659816435,-62.7283258769395,-67.9911881001381,-63.1634522169508,-55.255526356055,-55.0910764196178,-59.6607984369617,-63.337301044066,-56.2419475902254,-60.9135726085504,-53.7685370748415,-60.5640224145072,-50.5089669106921,-47.6274798239463,-48.4257746012527,-45.8572275302672,-42.7371923387159,-43.5665728747136,-41.5827796693464,-42.031142962703,-41.1153593524269,-41.7124777248366,-41.6628698225576,-42.354781156633,-44.7231414564031,-44.0528381262557,-44.5686839487266,-45.8219510726044,-45.49870287204,-44.1706731711542,-44.2271326474825,-41.849840769832,-41.3387404817723,-41.0664211302126,-40.0780506173026,-41.0742797444784,-41.0064799440925
-43.8112882053301,-43.6690429122325,-44.0796181672821,-43.5201425460113,-45.6743744021974,-47.0027286300004,-45.4184019705243,-45.5250062290425,-46.8359910122291,-45.3220118338453,-44.3100018538142,-45.6451127068767,-47.1823070578683,-47.5756765132855,-47.1837141201649,-51.3686908036632,-53.6022888492375,-52.5756561933364,-61.8540912551423,-61.3489868828773,-65.0832465424098,-56.118894489564,-60.3972390996459,-58.3808852343328,-59.1436266080491,-66.2986264948696,-60.0581121739291,-52.5708554961391,-66.807869218483,-51.7891428641693,-47.7593942216913,-46.3393988706705,-45.5172921304464,-43.9690933648297,-42.4037653096342,-41.790596814715,-43.1408299815859,-41.5758920174724,-43.5662369236918,-43.470968958305,-43.8218694498172,-45.5649672161893,-46.4748008130087,-43.6275956425767,-44.6294042783413,-43.6296636580352,-42.1882632462647,-42.0874043068816,-40.8781755770319,-39.8413526872709,-40.3856781616189,-39.3230643451039,-40.6706222459684,-40.5847717490706
-43.7590649023055,-43.0180792984315,-42.6281976033599,-42.3079865540873,-44.2670607979812,-43.8130479898163,-43.9054082114256,-44.5864172703391,-45.2591343612894,-44.7829719735739,-44.6199583896482,-47.8574332566836,-48.0835803448814,-47.6759830097404,-49.2158834923955,-51.8836999538266,-50.5366175467046,-53.4364653515943,-53.8362778338954,-56.328726560446,-66.6452513215463,-52.9173849661199,-70.6154036560809,-54.5845258543275,-56.1505703276946,-64.2105831590984,-57.7228909894314,-55.7137843801148,-68.2631388904283,-56.81020824835,-51.8565382869229,-46.3349134849585,-45.1927343673611,-45.2615314092138,-41.7626057155817,-42.1073005659628,-43.3834846496627,-42.207091397982,-45.0921732592972,-46.0762905809839,-46.3618075674475,-48.1529694753888,-52.1362578422319,-45.0064245640033,-44.5742798084402,-42.6862901156994,-41.513358120201,-40.0254212592686,-40.2472285938524,-38.6656452572783,-39.5134938427031,-38.9574855647743,-39.9653869311446,-40.6664948743849
-43.736425213247,-42.6347926650043,-41.7448575762235,-41.8551217889176,-42.769253136909,-41.8411549995338,-43.3467357665343,-44.5445457835143,-44.7937746835282,-46.1021003026833,-47.5770177506396,-53.3992347599695,-50.7772132357726,-49.0122616570373,-51.7891979871862,-50.4936131728455,-48.5189840805936,-50.9203461614744,-50.0428531250566,-53.0635391132076,-53.9763921243276,-50.6883369761621,-62.5587672356189,-52.1385980759097,-56.5715056283445,-60.6228047140034,-60.2502862993013,-59.274264672329,-57.181533550387,-51.9150981652888,-52.8531117870361,-47.79787838169,-44.672018394382,-45.6023509870977,-41.9868611334252,-42.6906597451718,-42.8923829284469,-42.9035522421102,-45.5233575783232,-48.0691473827359,-48.9160783549706,-56.1700004976751,-58.8684012530751,-48.0818012837026,-45.0789131439813,-41.7326155467393,-41.4636115614509,-38.6916077118358,-39.6954983782237,-38.0688949282774,-38.6313704900979,-38.9413734271207,-39.1288366702536,-41.1220331089885
-43.747366313118,-42.626786516652,-41.5012449374063,-41.9155398363891,-41.5122152884999,-40.8954327405207,-42.9910993007362,-44.274342812987,-45.1293711705613,-49.6507627464309,-59.16219275676,-65.4749327408229,-56.0360646331762,-49.947624154436,-52.6624237433662,-48.0173494946482,-46.8794923206223,-47.2711574310172,-47.7555871734195,-49.9240202476778,-48.4550518735912,-50.4866772599971,-53.2307982094772,-51.3607221334021,-56.6355520422335,-58.4256047031217,-61.7414232401983,-52.619289042156,-52.9188526033003,-47.6959858307775,-47.1863890915599,-49.2029306471142,-44.2462126518804,-45.1057176650187,-43.0603085973204,-43.4251949919646,-42.3379348674906,-43.5235835748119,-44.9040249587961,-47.1400810134734,-47.9152989476562,-55.5131010761484,-50.18481276884,-47.0445283157153,-45.1603044022681,-40.7044723914433,-41.2536590951369,-38.2353824013144,-39.0574837476667,-38.0767341389548,-38.0355397070611,-39.197762260203,-38.6854437109223,-41.6377116938582
-44.036201560292,-43.1141692950581,-41.9709728595471,-42.3205976360292,-40.8284315309694,-40.7530654624148,-42.2984169872326,-43.0376381902654,-44.9968257184858,-49.5580477275423,-50.5283061440096,-51.1508730976349,-51.9227112226707,-47.7441783296688,-49.8339679490198,-45.3748355130784,-45.0931557300541,-44.5304990359818,-45.7973624273591,-46.8731308278583,-45.546385231551,-50.2359810628029,-48.353229543654,-51.4410288548516,-51.6020927973134,-54.8504994370836,-54.3062384155763,-49.6363999447492,-51.4142228638331,-46.8641877340421,-44.9433485171928,-48.6327302475443,-44.4359412366203,-44.5538871925634,-44.4619234225709,-44.1360803912847,-42.3214519053747,-44.1148959332865,-44.0780504416665,-45.2449546663951,-45.6823251250518,-46.2575499485118,-46.3456234139009,-43.33028761957,-43.8865795229556,-40.0432616711983,-40.3406556747261,-38.5373081158456,-38.4024807818365,-38.5313731826959,-37.9770144563752,-39.5774679981463,-39.0529186320924,-41.848618868496
-45.1062753796122,-44.34757403892,-43.2999483247901,-42.9972553885436,-40.8295034011169,-41.1243160775053,-41.2970969681493,-41.4071662476087,-43.1702762687893,-44.0051365545311,-43.183424581275,-45.8595390377132,-45.7880025581321,-44.6682216336055,-45.3480297671595,-43.037388820063,-43.368929850609,-42.652313042135,-43.7855966533477,-44.3038385370447,-44.1680120366282,-47.2984140883395,-45.9481161796485,-50.8875066137087,-47.920193328311,-52.6438621722929,-50.7185712739311,-49.9226850125959,-51.9499635129397,-48.9299151956647,-45.5876295107826,-47.3599337586777,-45.5557871540161,-44.4537816099893,-45.2899937646544,-44.7599294636341,-43.1572721960309,-44.850938408981,-43.7797310790373,-44.2152748030669,-44.7619076243043,-42.879532757937,-44.6307409909248,-41.3702645271846,-41.9290479715502,-39.9659196233036,-39.1276465601737,-39.292297168198,-37.9975000731422,-39.1530708400729,-38.5910297200069,-39.9359425585281,-40.442633270422,-41.8288349210785
-47.8500888552113,-46.8657307945305,-45.6570267071938,-43.8381084875933,-41.3591521181613,-41.6020929299709,-40.3255833634548,-40.0568470986144,-40.7900197303716,-40.3701290793172,-40.026016424073,-42.650242458986,-42.1647761835119,-42.346066847433,-41.6659111505868,-41.2470772418136,-41.858440834391,-41.4385613827073,-42.0102737179077,-42.4731331707368,-43.7109299413778,-44.2193183610349,-45.2418413034599,-49.0570034522096,-46.4273104094227,-51.8970138198432,-49.8784864492488,-53.5862539108605,-54.1449636492643,-55.2537645879028,-49.5481269831305,-47.030398665639,-47.5773976928409,-45.1248642987779,-45.5776531098907,-45.2755760201915,-44.9253283895051,-45.8275396034538,-44.4539791261837,-44.4215863296682,-45.2233092157308,-42.0795166231138,-43.7298170021324,-41.0689373440183,-40.3961074653055,-40.3544820820765,-38.339036211225,-40.033376631023,-38.1098269210888,-39.6865489392234,-39.8925042514184,-40.3573287649028,-42.8809433634883,-42.2404064180511
-55.2749785527029,-51.5448304728112,-48.5002134949997,-44.3579108255818,-41.9267833994175,-41.734918466,-39.6115011757061,-39.195488583392,-39.0307998980958,-38.4687907963502,-38.7732102850448,-40.3742973702799,-40.0075410411651,-40.7046077708897,-39.3002949448862,-40.0803651517543,-40.5647388136327,-40.7974616097331,-40.8474087205413,-41.4936399329924,-43.5956856521895,-42.5842537316962,-45.4207742085984,-47.0782985101202,-46.572064408985,-50.6473355195755,-51.2336060256187,-60.6669888747285,-57.221484686114,-64.4959967992102,-62.4760778404798,-48.1563216886607,-49.8249002623031,-46.5652547760749,-46.0887041902107,-45.7839215791207,-47.471538942562,-47.1488567766146,-46.4677680490047,-46.1113403877251,-46.5945136112598,-43.3650054132036,-43.1322743218585,-42.002175012449,-39.7546886342688,-40.8882280197435,-38.3423547147194,-40.3185879589685,-38.8478324026944,-40.0869086827749,-41.6712367357601,-41.1971885745531,-45.884373504778,-43.8937362477846
-58.0102965070561,-52.3342238650223,-48.2342098232953,-43.7707986259395,-41.9840963528921,-41.3254852900815,-39.2711443770172,-38.8789520202189,-38.192290472677,-37.881446721601,-38.7344773450675,-38.8743668990056,-38.8357148862062,-39.5138853102846,-38.1740658913919,-39.4952643306085,-39.605548065919,-40.6342884758939,-40.5026819592929,-41.4049034962904,-43.4589205840215,-42.5325413958434,-45.4255574499153,-45.8099205843748,-47.6116306356108,-48.1442332920683,-54.4062517708661,-54.7562949695179,-60.2817644504089,-53.8889616329045,-53.4510102804592,-50.5032559498976,-50.7861812421261,-47.8974631980909,-46.8209548055403,-46.726487128299,-50.3397638942183,-49.2143475959256,-50.375408544395,-49.9100065740085,-48.1807764869586,-46.9849708227888,-43.0489201438486,-43.6356767832108,-40.1175519075723,-41.2378907673629,-39.1852803460836,-40.0771264204492,-40.0539678402929,-40.5094152703979,-43.1565028039885,-42.8240567470099,-47.796914341621,-47.6810417573669
-47.0931303286457,-46.2748007222042,-44.9973458879863,-42.2780290270342,-41.6104597461769,-40.643057501378,-39.4330732892454,-39.1997190757028,-38.3486305353097,-38.4430505858341,-39.4646105028083,-38.2162191619406,-38.4275075915835,-38.7194658813876,-38.1199428506022,-39.361752898865,-39.1894067418086,-40.7568381136148,-41.0701306931326,-42.194815256313,-43.5499800449713,-44.1670640017878,-45.2233580792401,-45.5461903010568,-48.5657911442926,-46.1390966779791,-54.7272753734483,-50.464486886825,-57.2493738531918,-50.7360286253975,-47.8188268536478,-50.8178070017838,-49.814285095327,-48.0779589920378,-47.2223600698952,-48.6786287485648,-52.9816415915228,-52.7975914864404,-57.3401246203049,-58.0193449201045,-49.9465489814273,-53.0157915978362,-44.0472701786771,-45.0940778257894,-41.3995998382337,-41.3043879953867,-40.6520452980808,-39.664099445317,-41.2254079982728,-41.1093161317746,-43.3223327977369,-45.1385644954644,-48.0031550901272,-52.9063707783601
-42.6884823725801,-42.4451908192037,-42.2427009052089,-40.881175734084,-41.2820980983512,-40.1894727107108,-40.281811215899,-40.3242817434154,-39.638248424083,-40.1345268643987,-40.5823329765479,-38.4539441524033,-38.6728066774271,-38.4064119079387,-38.9034619241455,-39.498452059991,-39.4632287031505,-40.9575116706184,-42.5389874071304,-43.7513562126255,-44.5435579408562,-47.9594163690622,-46.0337135100847,-46.4454588261007,-49.1486567399942,-45.46392491902,-50.2206778801988,-48.5257805972674,-50.4155091574461,-49.6101836480355,-45.6784779083397,-47.8406104147086,-47.843114828762,-48.0070991736862,-47.4534378574943,-51.3420248292678,-55.3763346439287,-57.7711295648314,-62.944869012734,-67.6067552684327,-53.2473263666957,-53.0713645933974,-46.6774877755334,-45.697963776234,-43.1013581524894,-41.2822405372585,-42.1591793819282,-39.5263188816944,-41.7903425183214,-41.8234307996345,-42.5793993658512,-46.3797120750368,-48.1782911503023,-49.8480456679093
-40.3474854835532,-40.2896985454638,-40.4360817212397,-40.1382602903592,-41.1851804763718,-40.3956453995577,-42.0266361425789,-42.510834755994,-42.4357252373704,-43.0669570582899,-41.9552977203513,-39.5606871092963,-39.4863364484602,-38.6665030728472,-40.1188646823993,-39.7618203997267,-40.4397512820857,-41.2444162688927,-44.4948866323561,-45.7048012939359,-47.3059833150902,-55.3260242962965,-49.1782510939793,-48.7090704837528,-49.4563247034152,-46.1762224568519,-46.6603100924813,-47.430854072395,-45.9098919097825,-48.5585473696793,-44.96590573139,-45.389979385647,-45.8767947791017,-48.1390991088789,-48.1631825990451,-51.1998701756677,-58.1124743478273,-56.8951263392376,-59.3817855976069,-59.8389501312847,-60.5636217436121,-50.8424491593691,-50.189258247724,-45.8521913673297,-44.1266875611489,-41.4542269694294,-42.8573504179632,-39.9374349794055,-41.693726465024,-42.2287736880896,-42.0022568200044,-45.0494046202633,-48.4763824092684,-46.7513767975008
-39.172697332278,-39.217375187504,-39.438041569232,-40.124095420931,-41.2039443439729,-41.5369341542151,-44.7011128537421,-46.1540343743194,-47.9013073238708,-47.6485888272549,-43.7371616272839,-41.321331567434,-40.7011113126749,-39.5004692124501,-41.1532286976523,-40.1430112389368,-41.9198074097513,-41.8552867422653,-45.5817979951802,-47.2957424316203,-53.2878165499573,-59.174066540431,-55.4007996705757,-52.5261125885299,-48.6618239195292,-47.988293985251,-44.5537877933112,-46.4211354129172,-43.3606273188473,-46.4461263826152,-44.9824347058081,-43.9457773151859,-44.4449907451006,-46.8426946202813,-49.350454900366,-48.6662213257573,-59.1823131231499,-54.367345279539,-58.4165586323831,-63.5558211626489,-57.7664473657959,-52.0731396739592,-49.0226850150738,-46.1636677508678,-44.1296873951988,-41.9374551354973,-42.4750883258192,-40.9264913621428,-41.2599078959752,-41.9261043753682,-41.9292347617817,-43.3425957756919,-47.0726012451404,-45.9125551123578
-38.8012203326681,-38.9133796072998,-39.1452665695439,-40.6008239808205,-41.2576356195259,-43.5848609392423,-47.0881597123852,-51.0485284461438,-65.314117279574,-55.0028813813773,-45.5145492486197,-43.1383340377175,-41.9506996036461,-40.7681861155678,-41.5581633018164,-40.7455455121646,-43.2928832091409,-42.9575885357923,-45.1494048070968,-47.9440015842957,-54.8052598335741,-54.6795093652195,-52.2486868210173,-56.0055607380807,-47.2064635656283,-49.5483428913541,-43.7047765546895,-45.2963096716625,-42.2773735605926,-43.8187606582604,-44.9464428151407,-42.9736909849342,-43.6114892367187,-44.3124427749611,-49.816212732421,-47.0584594251153,-54.0736869629053,-53.4158746060206,-56.2509186500681,-64.6697281537196,-52.316511041264,-56.0256526443915,-46.3968790316396,-46.508449360527,-44.1106157162527,-42.5660393037609,-41.6913129384915,-42.2338437928097,-40.8167037392422,-41.236576036812,-42.1165729630852,-42.4036751546497,-44.3285649055809,-45.8558378056337
-39.0347670424751,-39.1952988815707,-39.504764365599,-41.1132315011437,-41.4995457910347,-45.3709128904754,-46.6718857726136,-50.9982235885903,-52.8985386054936,-54.6571984606172,-45.4224281594558,-44.2856907828657,-42.7928392085159,-42.2005862541341,-41.5010604974437,-41.6615975208533,-43.6951283190115,-44.3253562256213,-44.6332261680304,-47.9368018274455,-49.068077491156,-53.9941239186672,-48.562704939079,-54.2488197478832,-46.71238231125,-48.9178780264421,-43.9731093469849,-44.2861262488647,-42.3114088648387,-41.7035537065684,-43.8071770678669,-42.1523238284385,-43.1257214003786,-42.3747888763747,-48.0300143229611,-46.3995477380865,-49.3023529279959,-51.1684350323649,-52.639768132695,-54.3114611210669,-50.4499243790863,-53.4086221488655,-45.8554516772812,-46.3485398502551,-44.7615088831061,-43.0676754685813,-41.2972315078705,-43.271815395835,-40.6629084446662,-40.7704090347395,-42.1373478848101,-42.1960321475112,-42.2160213861288,-45.1912699849869
-39.7467666027931,-39.9722941595419,-40.4817552342117,-41.4269144392254,-42.1847960193676,-44.9907717173587,-45.1853090564796,-47.6179178675316,-47.8450700306913,-48.5710367608223,-43.7925907799832,-44.8729289318686,-43.2351407727644,-43.5349066980796,-41.5197235753255,-42.881994197795,-43.2302429042096,-45.2752832070889,-44.8990900732754,-47.7392316367311,-47.0132432740071,-53.6762646047486,-48.607167868197,-52.2312510944418,-48.0766519727855,-47.5688315601551,-45.057333563701,-43.6976710072938,-43.071104392023,-40.5334691869577,-41.8607218267362,-41.5343919084505,-42.6088671640349,-41.5049567663548,-44.976109708101,-45.7159395222392,-46.226799982937,-47.6873301892232,-49.8617101112692,-50.4997429757964,-50.5365300546268,-49.4737440738914,-47.6786084498682,-45.9947974348264,-46.235813726746,-43.4953551760111,-41.7128234420981,-43.418305574229,-40.9819199911809,-40.7972924273526,-41.8797495229844,-42.4541027381628,-41.3648198894632,-44.1977436305641
-40.848440850197,-41.2263178807469,-42.0365708047006,-41.9472491926968,-43.5029937904254,-43.9266246339742,-44.6233648284742,-45.7574299184903,-46.228070536856,-45.3956969098985,-42.7539670074369,-45.4946842412828,-43.7921883905473,-44.6703739492665,-42.1529311559328,-44.2939435071918,-42.8959051115529,-45.4635950624055,-45.7694590192293,-47.5124295407237,-47.4810840872799,-51.5461749822257,-52.804272111572,-52.6363174429161,-51.5846007328665,-47.3358110015359,-46.104924388452,-43.5645391498206,-43.8843879163931,-40.3725972407599,-40.2568115587302,-41.1853344934929,-41.8523281294433,-41.4908102634257,-42.3190661792272,-44.3935701425954,-44.3270655835011,-45.0777776599465,-48.0742825640995,-49.0995457615025,-52.0256848836688,-48.5844005607597,-52.8556708431634,-46.5424506925697,-48.3048875449885,-44.2090715694304,-42.8854745895861,-42.7231971770777,-41.7277741535779,-41.2737433261104,-41.6312337409685,-42.8329999388569,-41.8406026790377,-43.890415878878
-42.2556011571709,-42.9677628374363,-44.103557905822,-43.39443488176,-45.6072528983619,-44.0252156068128,-45.2612334108998,-45.2579110975299,-45.8180056712061,-43.956447465221,-43.0309820788982,-46.248025843611,-44.9794910520934,-45.7162096549648,-43.9113616662709,-45.773521789888,-43.384380813721,-45.3629031528531,-46.4331163679019,-47.2474573270728,-49.5444393696759,-49.7344613611768,-74.9043581667584,-57.5709546442672,-52.7546614561229,-48.5938199691767,-46.1249374229217,-43.4911096012744,-43.8581894601932,-41.0988435930247,-39.5243534807797,-40.9656559599153,-41.0003514037792,-41.889248473552,-40.6648636611805,-42.9050597995465,-43.1181019578336,-43.7256161574375,-46.9146595091688,-48.4505454588486,-54.7742687920152,-50.5872801120561,-65.671478494072,-48.8943344647011,-49.4486730083712,-45.3696231932174,-43.9589356156673,-41.8591315777796,-42.5957037172202,-42.0301186807461,-41.6968386006463,-43.0300020318436,-43.5662571047876,-44.7466483027078
-43.8198205383308,-45.1127887469163,-46.5151213195346,-46.6515094640389,-48.9013085811701,-45.9254997668586,-47.0539009485896,-45.6842202187238,-45.7521022764261,-43.7178960919538,-44.854246979073,-46.8271176175324,-47.1707365843255,-47.1609059851322,-47.4992379448556,-47.3389555167692,-44.9684200758065,-45.3256171941715,-46.3306726828089,-46.8630469104775,-49.915604048828,-49.1304322680891,-52.454528369238,-65.0278211557787,-48.9559448993956,-49.6180125295643,-45.5455125413263,-43.0726075150194,-42.9377985498987,-42.334434271584,-39.7777968430278,-40.7594388276899,-40.3747999381157,-42.1785439972957,-40.1066058082947,-41.8679794478361,-42.3403127077677,-43.4324001740797,-46.1185851879126,-47.3301154595779,-54.9718164006976,-53.2268248590813,-54.9553499984049,-51.7443277820915,-47.902593253491,-46.4982776137332,-43.7677773174139,-41.3787955350863,-43.1252257486557,-42.8495796774604,-42.2557726005858,-43.1133107842402,-46.0473863290609,-47.112515326949
-45.2256973641221,-47.1089505687647,-48.6471921724966,-53.8783746808076,-55.2251080932085,-49.9302722042769,-49.6504410182049,-46.3893208452644,-45.6173555560937,-44.3491325496151,-48.3972957624797,-47.1865722962444,-50.596646808875,-50.2243694168525,-54.6671025588087,-49.1178265353049,-47.4997012681302,-45.3212798230495,-45.8374564872115,-46.2807555444923,-47.1930962837412,-48.8302487600425,-47.5099937931237,-50.7027723367742,-46.6337489090269,-47.2922320180684,-45.292622117993,-42.6736502502073,-42.0867804289522,-43.3703539476095,-41.0475314446887,-40.7408880849958,-40.2549081740123,-42.0567280150886,-40.5495813388157,-41.5452829916549,-42.0496403282183,-43.9258802917943,-45.6403006894624,-46.0578540640197,-50.245027807756,-49.2509374075544,-50.628119209836,-48.5004060408808,-45.6161984249741,-46.3965537829495,-42.8258850096362,-41.4340338013165,-42.9679087365135,-43.3260255506288,-43.3583702624962,-43.5149336277502,-47.7432334251652,-51.8921975343876
-46.0136943365485,-47.564888678383,-48.9907759268636,-55.7649210307449,-64.6353952001115,-51.3461153524908,-50.3610333478605,-46.3315586512852,-45.174036081585,-45.5410392489762,-50.4626845513011,-47.6604151002373,-53.4703906857651,-59.2221275267819,-59.8102535394538,-50.5695775916616,-49.5893431173041,-45.3520779512816,-45.3042449214006,-45.5355744927658,-44.9067062614657,-47.4488988659016,-45.6424482437334,-45.8059990051241,-46.0087176415926,-44.7010835882521,-45.6493536507379,-43.0967122351296,-42.1512254055795,-43.7916080344557,-43.3175650453751,-41.2308380446147,-40.8159157283445,-41.688649711767,-41.7374937260974,-42.0114331617587,-42.4767398110949,-44.9466155290877,-45.637928677383,-45.6503901402457,-46.8815631319755,-45.9700313419802,-48.7527510209923,-44.8525164191941,-43.9609142111378,-44.7059960039776,-42.0910612435855,-41.8142988173278,-42.1880446723046,-42.954521500712,-44.5619040637101,-44.5369672680639,-47.9078625085498,-58.0050436558552
-45.9303705405306,-46.1283403264719,-47.2010790561354,-47.7321608830467,-50.6786033052217,-46.9790316169881,-47.2252913411613,-45.1883328952475,-44.3695179172943,-46.6402724523119,-46.6275315407815,-48.1497760663897,-51.1098955729978,-56.2958595951508,-52.4809427830402,-49.773156538841,-49.2099382785229,-45.5634909375667,-44.7634274268931,-44.8034901711137,-43.7700751538775,-45.4524285378754,-45.231601693977,-43.6946024923404,-46.4508050966268,-43.781846834118,-46.5471779913896,-45.0518265684409,-43.727791854473,-44.2016035701078,-46.0159485572098,-42.4645361584249,-42.1206028905269,-41.5233907847768,-43.2341388758383,-43.2016044024802,-43.8138550436031,-46.3154155009516,-46.4196395613158,-46.777148053005,-45.7161049236748,-45.3370844950476,-47.3645589394253,-43.1665757653596,-42.8660880109428,-42.5861628391702,-41.6889036094531,-42.0804714007765,-41.2381321352287,-41.9257078976553,-44.4528369166229,-45.699327113068,-47.9204839683202,-52.0965963993185
-45.1448962974741,-44.220604189866,-44.8392196102616,-43.982617959415,-45.2097225824929,-43.948156798908,-43.9621026100235,-43.7641428195442,-43.5132454115029,-46.1543784453295,-43.5003117204225,-47.6034641014627,-47.8942266475377,-48.0259617361968,-49.3799581181461,-47.4075309046428,-47.5736105340099,-46.0079103827561,-44.3778226234836,-44.3096920049694,-43.5692790437312,-43.9990778612685,-45.5889273319917,-43.3964044060743,-47.2919486261156,-44.6694380806672,-47.9078808050372,-49.4705747031327,-47.7337300140265,-45.6235605966595,-47.0589897524082,-44.5877941372317,-44.0520080436717,-41.9558464365131,-44.5912858225821,-44.6781298740361,-46.0523573415797,-47.971427317308,-48.4447467888899,-50.3225852503763,-46.8629555677881,-47.1858267531492,-45.949771980909,-42.9671965526312,-42.0315330716673,-40.9523926590404,-41.4348630874435,-41.8908830166857,-40.5417081303171,-40.9711198527421,-42.7912675671621,-45.4081221842321,-47.9919611669506,-48.4106864275944
-43.984761163206,-42.6492388057489,-42.7585555254708,-41.8642297381426,-42.0176258410735,-42.2567244012757,-41.7491152832553,-42.5996298555051,-42.9392504204607,-44.0653228606607,-42.2200039861011,-45.8695231683473,-46.0023076179883,-44.9743601299155,-47.7636705314347,-45.6922885349639,-46.1769809389529,-46.5140971754895,-44.4290700815173,-44.2242190014731,-44.1396211702985,-43.4885157698441,-46.0965877886732,-44.6404305066591,-47.8687244589984,-47.1849841324958,-49.7700267708237,-57.2453722712931,-57.510562350967,-49.4126453124841,-46.4028975950838,-47.6257740820049,-46.1092097861889,-43.1526250423926,-45.4329283120273,-45.4157421156472,-48.5631528163385,-49.7773348706833,-52.1176739185144,-60.6570311786767,-51.1702982761931,-49.985853020229,-44.8300936585987,-43.6871137676546,-41.4344742604813,-40.1418270752867,-41.207886652547,-41.2519071909631,-40.2423200177312,-40.5080988927678,-41.1539288392998,-43.6203459737118,-46.8408933477021,-46.9026452126989
-42.7523155698101,-41.5282712372062,-41.1377209954852,-40.5872535623725,-40.0806104239096,-41.1728111080942,-40.4950502890591,-41.7395198343655,-42.6299718413868,-42.2083372446627,-42.6273405839196,-44.3731660818876,-45.4016619107905,-44.4434838754167,-47.035010810975,-45.3186607572655,-45.5355884856337,-46.8046294380508,-45.0369029037098,-44.6107583865517,-45.3587782298425,-44.0122836676226,-46.2659566772322,-47.3535367719173,-48.0600493697988,-50.0780154869212,-52.1614403260825,-54.3025138501742,-56.1801798316437,-60.1142355474409,-46.6012280443849,-49.8620304515254,-47.2231318320506,-44.8896697818614,-45.2245950135881,-44.9349484201709,-49.2572603606298,-50.5654327184487,-53.316776123519,-57.6344069296529,-55.6288998897685,-47.715226511201,-44.3712938942791,-44.5575970594375,-41.3325860792138,-40.2279269242457,-40.9519137134973,-40.4525872096023,-40.2660239346902,-40.5482566207199,-40.3003636502518,-41.9209969699806,-44.4274941449746,-45.5724788998104
-41.6988137568994,-40.7868752014624,-40.0164481830309,-39.8612992217871,-39.0733648894963,-40.2718483864953,-39.9932274987817,-41.0958776874182,-42.27589580392,-41.4660811201849,-44.6715734146793,-44.048522376826,-46.1354226536747,-46.1668944100632,-47.4833855210628,-46.4613515650427,-45.9349634791034,-46.758805865421,-46.0549111219234,-45.4226069784005,-46.8201063622346,-45.6991551940963,-46.3526754613708,-51.2846848612013,-48.5651355516335,-51.2833328415503,-54.6261347950445,-51.2904980117264,-50.7485197009414,-52.8280816627225,-48.6708717015416,-47.6568448662163,-46.5740751989141,-46.19796621527,-44.0154516510497,-43.9945514604144,-47.0837265123333,-48.4905684484364,-48.7524961946857,-49.8465194734049,-49.3314548014002,-44.8433635571398,-44.7107754602814,-44.9173475654678,-42.0202394368179,-41.138333764326,-40.7012587418445,-39.9086923083152,-40.4903785318804,-40.8672320351936,-40.2580804211494,-40.9338729907039,-42.1863438371169,-43.4931063431753
-41.0029168427793,-40.3851527717695,-39.4536358166845,-39.5835507112882,-38.8731693561566,-39.5602348171774,-40.0258338440315,-40.656415453608,-41.7238220235412,-42.002912245319,-47.2700372971529,-45.3647390511134,-48.6196496554149,-51.1956656065585,-49.6066181202136,-49.2506241678915,-47.3317638392258,-46.576156022,-47.1678532680447,-46.5527309519519,-47.6376454136751,-48.7123714439994,-47.1315282447269,-54.7470704142466,-50.4270690099582,-52.9703275576748,-56.1730996982629,-51.7441563691919,-50.0669638036839,-47.1103750059046,-50.245793889035,-44.6482695779059,-44.7951479936049,-45.6888084796469,-42.6202174509462,-43.1038377698418,-44.1907255992568,-45.2426227438407,-45.2978681905732,-46.8199108558873,-46.1380629713562,-44.2682485896475,-45.8798543976289,-45.1048720786125,-43.7470795726857,-42.6148643932157,-40.6746119034009,-39.9592805493208,-40.8292293847081,-41.1457954994067,-40.8057386847802,-40.7140171294825,-40.8913855318099,-41.7129822150179
-40.7789747038412,-40.3912037060233,-39.5582023278624,-39.7757451634386,-39.4410616142585,-39.3134096501754,-40.3877987313635,-40.5033001596665,-41.2322350116942,-43.559219257009,-46.3606271972374,-48.703104305566,-53.8309053310126,-69.65716057437,-52.991363008738,-53.1672009509953,-48.7689292485954,-46.6977743246015,-48.1952348452383,-47.9634405907717,-47.715934362861,-52.0811342960694,-49.1668366775039,-55.1077157047157,-55.0020164829705,-59.3120006298026,-57.8035558802196,-54.125366551147,-50.3873660358757,-45.4349561357939,-46.6176892259958,-42.9074371031839,-42.9385200449069,-43.5825882011622,-41.5024982806175,-42.2710843747685,-41.8836754770978,-42.6287948067833,-43.2879165924237,-45.3902001286762,-45.3475417625695,-46.0850427827484,-48.1583918800577,-46.2354425048,-46.7814234331973,-44.1138719781644,-41.1336772034507,-40.6683428515893,-41.1270460693803,-41.1613884377401,-41.5809104884793,-41.2335558835864,-40.8103417614565,-41.1881994141515
-41.1086247243621,-40.9629801232055,-40.5045516142553,-40.5991068504962,-40.7954818001519,-39.8189370361313,-40.962397592839,-40.7300868299814,-41.1227511588799,-44.6863097766617,-43.7546568787821,-50.5691545920723,-54.1943558927166,-53.2261921635002,-51.6757162687646,-54.4267360559177,-49.0957867725125,-47.6676877540742,-49.3864428053216,-49.8781082500314,-48.301269136441,-52.0644693217601,-52.315477965509,-53.6988575730091,-57.4925266127407,-66.4572286251902,-64.2579416757042,-53.7140581990142,-48.4294946789159,-45.7729394738228,-43.2326317512784,-42.2500508508268,-41.5148356014077,-41.3132407741467,-40.741677512777,-41.4534119048741,-40.4315685697876,-40.9645249596787,-42.169536151184,-44.4792767399395,-45.4208759325366,-50.1059408200513,-53.25483875992,-50.0398880394604,-50.6408608995713,-44.9383506756952,-42.08718871035,-41.6051338038265,-41.1318762534523,-40.9520362945466,-42.1695915714354,-42.4047046238217,-42.1437204736595,-42.4040154789169
-42.0463923432245,-42.2802130334399,-42.5824270828846,-42.4002372037548,-43.0555756519488,-41.3003441474966,-41.7749017188182,-41.3627747927332,-41.478543765598,-43.6359617451091,-42.2852104400736,-46.0911671597324,-47.7708840017076,-48.350065598308,-47.9000740101836,-52.0909052936659,-49.5013377625486,-50.164139817162,-51.6032505972796,-53.1626035226001,-50.564655065541,-50.8673722242729,-54.6006637757052,-51.7162086543364,-50.9264672122011,-54.4433964217098,-59.0201048383863,-49.989451618565,-45.7058135680458,-45.9775220575272,-41.5567961344591,-42.1019477621928,-40.6664966084189,-39.7812478860427,-40.401485808051,-40.7293217345386,-39.806482531533,-40.1743820589519,-41.5512005454866,-43.4446183016978,-44.5805959635833,-49.9837961344204,-68.312030377813,-59.0487465544111,-49.5324596842813,-44.7451219006882,-42.9978903923169,-41.9087899237052,-40.8270898940805,-40.7573801177455,-42.366585725019,-43.8318630576534,-45.1010799675822,-46.1840011322769
-43.5232163422261,-44.4127124489391,-46.32591158545,-45.9225072959308,-46.6198647277184,-43.8867172512784,-42.8877457128564,-42.2968950051994,-42.1182498817029,-41.8537088329537,-41.9337134810112,-42.6217034426602,-44.0119459846312,-46.0850429740299,-45.7028301536356,-48.830165966965,-50.5908023796768,-54.3464886753841,-57.3321229827532,-62.1118638553262,-54.1458068877851,-50.825102560542,-54.0168718152309,-49.3201946560708,-47.0966590000205,-49.6387899003719,-49.5172767081747,-46.8312158132274,-43.8767977364906,-44.0031063403801,-41.2101035933543,-41.9269192599629,-40.4551126667433,-39.3518500582004,-40.5936085360453,-40.2975061553853,-39.9279962868385,-40.1272982216443,-41.2108710446163,-42.1952789468032,-42.8202488780546,-45.6630529922496,-48.9821439420088,-47.7983023095886,-45.1431729577213,-43.6734468233438,-42.933056801971,-41.3715922547959,-40.5143767313355,-40.8011028799663,-42.3371120163436,-44.601000027907,-48.6199137896279,-56.5956613551596
-45.0319579340354,-46.8029832552917,-52.0434232660895,-53.796362486291,-52.5750952510568,-47.0709355374471,-44.1014372015326,-43.2170456538209,-42.6649608887439,-40.65206963306,-42.1324221366568,-40.841404226499,-41.9064898393774,-44.2199256477049,-44.5801283122589,-45.4792259690378,-48.5815665766921,-51.9862719254096,-58.2442516043776,-58.4099180977996,-50.9891136990257,-49.189633466873,-50.1755908704949,-46.6963596303248,-44.8928145798947,-45.6070044977451,-44.4242103895673,-44.3928677507373,-42.8647694466253,-41.7646355672071,-41.786961412483,-41.7639765969246,-41.0039336417105,-40.2184168452494,-41.3781468107996,-40.4521709071912,-40.7527844583132,-40.6915425461918,-41.0737307953732,-41.0688156289474,-41.4060445218052,-42.855642844032,-43.1072131901609,-42.1144414019111,-41.9380538536134,-42.0753691670974,-41.7538681963231,-40.5718816506399,-40.3749999061355,-41.1087220054089,-42.3345870498376,-44.2470793673672,-47.6974102616278,-53.5045873861458
-45.5742703556968,-47.5945265803674,-51.6590129691853,-58.75640944828,-55.3640648938701,-48.1615268934254,-44.6873995867436,-43.6293754810216,-42.7446699516399,-40.1567312265856,-42.1676579113598,-40.2581079796926,-40.8531767853783,-42.3326678050953,-43.591222533543,-42.8798326484295,-44.5248969022139,-46.5486005988518,-48.3399487256425,-48.6526966001246,-46.0580492924581,-45.1597820969578,-45.2901454737551,-44.1200697812797,-43.1985601050477,-42.2238929833418,-41.3518272671301,-42.3979711547256,-42.2799336824303,-40.6154839007245,-42.8450694819352,-42.0672443957388,-42.5253900429292,-42.6236524219717,-42.7600077016864,-41.5542473714946,-42.2695501412404,-41.72263402047,-41.1363509909897,-40.395400926645,-40.7527802025685,-41.1586965154287,-40.072581791138,-39.3707387227318,-39.9164183159229,-40.4011111324905,-40.2120769391611,-39.8220121424196,-40.2981046237182,-41.4424296040626,-42.3484830490123,-43.4694119570374,-45.0816746246621,-46.7483485077246
-45.1729985100697,-46.6674041981932,-47.6838421049515,-48.6522548717982,-48.9986449448316,-46.6299255536051,-44.1696018245226,-43.3145590656823,-42.310309801434,-40.2872767468342,-41.6931364920367,-40.5502084563769,-40.594156985909,-40.9127749998559,-42.3324590122914,-41.3657670078981,-41.8190565572546,-43.1384998472333,-43.4625664000723,-43.8639433713963,-42.9268862135815,-41.7859443392796,-41.5453711844226,-41.798927316958,-41.4998900641333,-39.8975107244964,-39.6042507323119,-40.8137738050349,-41.8242927651762,-40.578053609752,-43.95538698947,-43.1035449341391,-45.2552116691933,-47.1017681402491,-44.8880340693319,-44.0375340429125,-44.3098821198195,-43.0010729319031,-41.4217529191386,-40.3409772791781,-40.6711715531598,-40.0746907425787,-38.6538779015473,-38.299964761407,-38.8288403998304,-39.0947238362062,-38.9840561334712,-39.2782526217512,-40.2120150913427,-41.5240024335374,-42.1631616893989,-42.8536768817155,-43.6706619133339,-44.4238217910523
-45.0172407565437,-46.0150002526416,-45.9089956545884,-45.3328602645512,-45.4698080800181,-45.1960998802468,-43.2624034512961,-42.6592903089324,-41.7140318770003,-41.0348429746893,-41.0787429273762,-41.4694516371092,-41.042136511437,-40.4157127253779,-41.3242213992654,-40.9742223007166,-40.6780862980144,-41.2263173849867,-40.8223766996945,-41.0596363245405,-40.9903169937361,-39.683018641522,-39.1423424378935,-39.8359485069139,-39.8347665385034,-38.5950145697076,-38.8414467557721,-39.7403635036933,-41.4009481368831,-41.3232473139469,-45.0182594099725,-44.7770119853714,-49.0460294863823,-55.3491060001923,-48.4026642002737,-48.3472664193984,-46.2423021161701,-44.2482568841454,-42.0156666353211,-40.9211459869877,-40.7548042170241,-39.4436098471377,-38.388374370452,-38.4033179740244,-38.5581334729842,-38.5121704418876,-38.5321245824657,-39.2951231667672,-40.4051764733885,-41.4856422389746,-41.8371235242341,-42.5306536603577,-43.1821089734385,-43.6882681480417
-45.9170611247111,-46.4203803680315,-45.76943551467,-44.2763614855662,-43.87653140818,-44.4486725749477,-42.7588742519708,-42.1975248546076,-41.4063594685523,-42.370647620427,-40.8887641072579,-42.7477793539624,-42.2327743888468,-41.1385298085,-41.2455770502436,-41.7121814522266,-40.8588319864305,-40.443333844253,-39.6434139021711,-39.547630853116,-39.7962543139584,-38.6277631186071,-37.8619170127835,-38.3210698139297,-38.436365246099,-38.0643602988176,-38.7834764198791,-39.2558508183061,-41.0719356671861,-42.3211962020542,-46.2772649413196,-46.7759888815367,-52.1793702615781,-76.48410928483,-55.220994518096,-53.0511192627659,-47.7031902307347,-45.4707074695905,-43.0584768075324,-41.9129698468397,-40.6588907113935,-39.2272187615232,-38.9261265431716,-39.3056500825497,-39.0805758291717,-38.9374476573395,-39.2470527280028,-40.3712867784882,-41.3762757605567,-41.814997235702,-41.8150416008033,-42.509106880111,-43.0933607932285,-43.5429096933696
-48.3351896379877,-47.94698660645,-46.8285408276378,-44.6165130761982,-43.6010512583166,-44.228840130077,-42.9306133476593,-42.2444118871943,-41.7014102819254,-43.9498151286772,-41.5293891953211,-44.1079455507811,-44.3320162059312,-43.4951703284707,-42.6142002860293,-43.6416545610154,-42.1043934384773,-40.6069909368034,-39.5754757711601,-39.0024676373838,-39.1008539019211,-38.3425293287344,-37.4831156566333,-37.3760949169023,-37.4970561157887,-38.0040899677854,-39.0763252282075,-39.3012867322912,-40.8866447618454,-42.9774570323302,-47.3042811000683,-48.5308612030365,-54.0216170200255,-65.2144133094046,-71.6882139036214,-53.8308182398132,-50.0360878232451,-47.0876543010892,-44.4243033572092,-42.5974354970283,-40.345562712568,-39.3339293980855,-39.8083112381018,-40.5111141064611,-40.3586065527741,-40.6311517395651,-41.6465743758388,-43.2162820185096,-43.6370229459456,-42.9058845468968,-42.4454745129142,-42.730231803878,-43.0268502424155,-43.4277948813158
-52.8771499668668,-50.3628142246953,-48.7710694445982,-46.0520667594459,-44.3529646057963,-44.4441255181554,-43.7649360563967,-42.9225179804951,-42.751599999091,-44.9475792240105,-43.3344550638164,-45.4517356865476,-47.6841040690529,-48.6739045272877,-46.1127500004349,-46.747750067821,-43.9719872867635,-41.5620594468854,-40.3185638561163,-39.1595008993796,-38.8027597663919,-38.5680066434318,-37.8190537849064,-37.1320707688,-37.1731345100095,-38.2226888550035,-39.319940643994,-39.6157828251733,-40.7338179409845,-43.0488088130638,-46.0522442235214,-47.9953716332701,-54.8687915265074,-71.4204377881499,-59.5079513142403,-56.3810486136101,-53.8991123464816,-48.2782109189198,-44.8248689302882,-42.0951103995447,-39.9607846418845,-39.5554790353382,-40.4064497604963,-41.2650496498131,-41.925458621364,-43.5676424981895,-46.7889810750345,-49.8496621545881,-47.5506088300807,-44.6883138955636,-43.5396520114624,-42.9736756802202,-42.8474850672527,-43.182121755056
-59.6328266151846,-52.8910054548985,-51.0731137548459,-48.4117038540401,-45.9097548749535,-45.1049827273595,-45.1297288131701,-44.2380668543717,-44.5654980348849,-45.0648787710449,-46.6578027467099,-46.9665465635071,-52.4948510403081,-66.8466413978014,-52.2928123692035,-49.6435415309423,-45.591155076687,-42.9973612399561,-41.4326821051526,-39.7406237094254,-38.8991518593879,-39.0906663101236,-38.709043274789,-37.7055059031788,-37.6247455308395,-38.7453595212526,-39.384499938489,-39.8851326769795,-40.459030727402,-42.7430677635972,-43.0976967858606,-45.004582630941,-49.2518721440657,-53.906907646794,-55.5482735128793,-53.4607705237732,-48.9513355482135,-45.7554547591459,-42.982271703208,-40.686637430691,-39.5514460805429,-39.5792191699533,-40.2044547279117,-40.8791418855149,-42.2451430343701,-45.1448976108923,-51.1889031761671,-59.0321475243609,-49.9227464551684,-45.8749500349553,-44.1395022642641,-43.0105121405205,-42.6928714090926,-43.0264002686401
-59.475205964105,-54.5294917747455,-52.8120989256923,-51.4080620027599,-48.0239998950456,-46.2087764045508,-46.8256764530298,-46.0993795851543,-46.9403177948648,-45.1413965875569,-50.8405923358666,-48.781999287679,-54.0848464814699,-52.8980205023021,-50.6182547031393,-49.0012392811371,-46.1907585516383,-44.226066630957,-42.3439895949985,-40.5226582277973,-39.4424864725232,-39.8041655675039,-40.0082241747803,-39.1979482072607,-39.0425570936893,-39.7389927860872,-39.6067215113956,-40.1556814019872,-40.2093987417285,-42.3096602315132,-40.7045179396696,-42.3516191074242,-44.2014674345526,-46.8529820502472,-48.3410225723998,-45.6510295338014,-43.3484939468602,-41.9606261324411,-40.4923412325613,-39.2518310621561,-39.0316106743653,-39.1436111502998,-39.2612573869721,-39.6057836855601,-40.7841724298547,-42.7393831256686,-45.0916206366282,-46.9325937423199,-46.4820332528551,-44.995890270504,-43.6901446729215,-42.9416491921386,-42.829756423376,-43.2919380981224
-57.6858587466813,-55.682097883644,-53.6320538970169,-54.3456031320728,-50.4719668681958,-47.6804104975401,-48.5919611666625,-48.3052438332948,-49.2722858755876,-45.9459073191757,-50.5774349170367,-50.3675678072892,-50.6480604080791,-48.0615454380059,-46.5699272147497,-47.0727108350701,-46.0659611111419,-44.5325045014014,-42.7887347403471,-41.466158389725,-40.5047251199086,-40.754936870208,-41.583764782688,-41.6990853566119,-41.7077746117689,-41.4112991542186,-40.5141932527541,-40.8703799621468,-40.4238384000833,-41.8083819193062,-39.4847843311098,-40.8571990432599,-41.2267062167376,-42.673208190267,-42.9151888944246,-41.2964616372263,-40.1797352194905,-39.3087194294511,-38.6348200601127,-38.1988296887181,-38.3640012355289,-38.3223650260689,-38.1145063539643,-38.3169833651746,-39.1936785498419,-40.3943426634783,-41.7081416267663,-43.0079263916357,-43.6014886591552,-43.4808720266837,-43.0549246701388,-43.0581985639641,-43.3873453805598,-44.1015402471243
-59.3753152554177,-57.2658356118175,-54.3952122799263,-56.2496997292988,-53.1721747337129,-49.4389475519841,-50.1307609268697,-50.5682950102403,-50.7152180119898,-47.8977135933409,-48.2979195599208,-50.8724918792082,-48.5269811791734,-46.9975418441434,-45.3280409966708,-46.0097887305862,-45.8232708982082,-44.189164172363,-43.0759697652905,-42.6775099153243,-42.1522106204349,-42.1198977396569,-43.3502347979343,-45.2295422740145,-46.2087247786379,-44.1087269616988,-42.6179406786784,-42.3996954234608,-41.451003363505,-41.2556111747883,-39.461534128556,-40.3724414681239,-39.7726355356694,-40.1765974621354,-39.7323595195348,-39.0600304471435,-38.6057007932798,-37.9019405942835,-37.6149714178967,-37.598826160887,-37.6892368117662,-37.4985526027566,-37.2779803079975,-37.5712823957536,-38.349490298353,-39.2869288369925,-40.3429522479131,-41.3826077775334,-42.1369093772959,-42.5528206162794,-42.829950750915,-43.4051347215357,-44.1362102530692,-45.1127824411136
-66.0807149606823,-59.0579624096612,-55.7576786968475,-56.7628589690268,-55.9539709452061,-51.5625689109933,-51.3795625709396,-52.6411554829497,-51.384814414011,-51.5521595427862,-47.7720277528501,-50.8757016230338,-48.0413312279509,-47.8250640413752,-45.988986927637,-45.8267155958477,-45.7417614906628,-44.0484769362109,-43.6704343625411,-44.2132073526854,-44.4049617858984,-44.1276294505558,-45.3261927989864,-49.3314017206836,-54.7121037585349,-48.7449043555771,-46.3601140996993,-44.4606331008523,-43.1085534425155,-40.8555936722477,-40.5318291815595,-40.5147857183076,-39.4480989376391,-38.9828252400956,-38.2780557724932,-38.2940450611401,-38.166942151391,-37.5511062787214,-37.372316287707,-37.4357505809911,-37.2468646138994,-37.0380011523797,-37.0315379752119,-37.5408612136027,-38.3379247433819,-39.1910936735675,-40.1228813828318,-40.9075307333167,-41.5859998380864,-42.2219118798886,-42.8503964723512,-43.707504356067,-44.5702050989291,-45.6128919929562
-74.4883766128612,-59.8560973677909,-56.9719241346168,-56.2115114044392,-57.6424441831895,-54.4005616070628,-52.827251437524,-54.5149480811842,-52.5764707035108,-58.6901723430243,-49.0293302263276,-51.3812916076759,-48.81556938746,-49.8155517982955,-48.0343946923728,-46.3407734031401,-46.0291198660031,-44.7232562356534,-44.9450926271816,-46.0014277055787,-47.0882342120904,-46.8869418995986,-47.5250581021005,-51.9603545264832,-64.4715116951225,-56.6575051817735,-49.865404832689,-45.4238958117661,-44.068612510339,-40.9465721773686,-42.2796207122378,-40.8666634422625,-39.9743938896604,-38.9366625968579,-38.271191559256,-38.691203502121,-38.6014293232546,-38.0927792144548,-37.8215725247535,-37.701859552153,-37.2512977566446,-37.1485718617654,-37.4738141200228,-38.2008403815369,-39.0340207388821,-39.81782473639,-40.5878902758981,-41.0935917517298,-41.5869389826332,-42.2253750349531,-42.8782447072337,-43.7983205161773,-44.5830821798427,-45.5275499285727
-62.6231938820837,-58.9254020550054,-55.8976244756112,-54.9198841464686,-56.454322958797,-57.8989326430102,-55.0580168849218,-56.4059640905503,-56.1646177440771,-78.364689494373,-51.1470585740847,-52.1206273930158,-50.34648532078,-52.117990546156,-51.1203093136957,-47.6591712602895,-47.0529435298422,-46.7006801670798,-47.2557752591217,-47.994370788011,-49.471322560533,-49.7963832659407,-49.5340899178728,-51.8226907995584,-52.7542143859927,-51.5723445473992,-47.6640650233322,-44.7095507231798,-43.4898492192725,-41.7816348200112,-43.5258708695199,-41.2906123351758,-41.1249161572619,-39.9713195634198,-39.6038107970927,-40.0784534603841,-39.7542774256304,-39.3879133409682,-38.888207812601,-38.4268944065063,-37.863613660579,-37.9317038542925,-38.6019823927952,-39.4328325497262,-40.2490124939983,-40.9285505591912,-41.4817830316876,-41.7232305903466,-42.0537357183335,-42.5616961291971,-43.147815153557,-43.9634078149775,-44.6650606836905,-45.5469722064543
-58.6982592091022,-56.3784903653951,-53.3514295042567,-52.9561660660648,-53.445253710026,-57.0466728442772,-56.5865877557437,-57.6846708960661,-71.5827501112401,-60.8191978610584,-51.2524426509144,-51.6969231538565,-51.6931857518673,-53.3603787368246,-54.5679591100142,-50.314705303128,-49.4959986689252,-50.7924562536565,-50.9574922003571,-50.2160373003097,-50.5387075647831,-51.0260065615058,-50.4932754593088,-50.7328182974873,-49.0318967901465,-46.8593216139887,-45.3165003542461,-44.1379117319658,-42.920734989466,-43.3790080402402,-43.4822705675397,-42.0382216106624,-42.7399675397123,-42.0772817807721,-42.300611367611,-42.3490378815884,-41.5723266700626,-41.3030304646323,-40.5076177759176,-39.6864635022968,-39.2222460361117,-39.4574087087034,-40.3526142650354,-41.0834540285726,-41.7803857088123,-42.3826414837072,-42.7937849515231,-42.9278209062514,-43.2669650963411,-43.6084109832595,-44.1214675177942,-44.6067749001484,-45.2209857324098,-46.0978556433512
-55.7796198202919,-53.2491576312811,-51.1750399563946,-50.7153359391849,-50.5652780169426,-52.4507932852397,-53.9455857863252,-55.928115916028,-57.1715514728342,-58.0412254465887,-49.5587229543706,-50.2480091830907,-52.1991333261863,-52.6069667488246,-54.806172891654,-55.2902222693934,-55.1297757080669,-59.2478403012244,-55.2714698442461,-52.133227288925,-50.6236645859705,-50.5752172512339,-50.405280613272,-49.4600436652899,-47.1711054103078,-45.1292125970843,-44.7598852595271,-44.5558999529002,-43.432522754855,-45.3722115283623,-43.2553494474792,-43.4362673620126,-44.7794737301504,-45.3400063991674,-46.5741799619334,-45.467613834446,-44.1321105511189,-43.7125389700586,-42.6294986907423,-41.6073638569923,-41.4762054928652,-41.801177848644,-42.5984736220292,-43.0054906221591,-43.4920918136989,-44.2224194880393,-44.8761404478023,-45.3348430674326,-45.9093477439767,-45.930114629953,-46.040616003232,-45.9070917021473,-46.3495433016857,-47.2371631252747
-52.6676692600923,-50.5987266290891,-49.7254731744907,-48.9021985470234,-48.5859282941732,-49.1759772015999,-50.6639438534786,-52.4948056650652,-50.6104344170376,-55.4065246380052,-48.825059313526,-49.2296212179907,-52.263487983734,-50.9814775157654,-51.9795733791298,-58.5975387623421,-79.4208457423682,-59.2060484271978,-55.5643721883118,-52.5316003279715,-50.6237158369298,-49.9151157367005,-49.8708054254884,-48.2413446316875,-46.4611057064079,-45.2306190372889,-45.6335509005152,-45.9042546746893,-45.1521603106292,-47.047524199671,-43.8002115208363,-45.6171139142676,-47.3317918554137,-50.1391652473733,-53.1389882728123,-49.5633174997212,-47.6846284318292,-46.5338125470688,-45.2577502119294,-44.3843521892521,-44.7754484471119,-44.9674485603991,-45.0631868542837,-45.0363507890254,-45.358853387853,-46.6286466035715,-48.5150279637107,-50.6250749284404,-51.6116065792043,-50.0481393617754,-48.6105361810343,-47.8004635187973,-48.0431378836889,-48.9825431900496
-49.8882178048848,-48.8204679311252,-48.9421604441306,-47.9738948534402,-47.7046427615966,-47.4496832726355,-48.6166262888082,-49.7099013275079,-47.747227479755,-51.2918974982452,-49.7509126848691,-49.233623617779,-51.8207428919845,-49.974746029778,-50.3990508787807,-53.9395405076997,-55.3763332746891,-54.0877845636854,-54.1530757794536,-52.0637626945975,-50.6393160986526,-49.2742216214527,-49.1231684202098,-47.5478761965943,-46.8456253208505,-46.753244544351,-47.5132492946323,-47.7569213716116,-47.7091078616876,-47.9758557216471,-45.2030935226054,-48.3225673900033,-50.451172846785,-58.119935545885,-62.5885474605319,-55.0108117067804,-52.664081425661,-49.7809441604455,-48.5711579855107,-48.3330159924587,-48.9965263017645,-48.3738377169617,-47.174293097663,-46.931925347666,-47.3114221461122,-49.2612980147849,-53.6180214085129,-65.2302782762588,-60.7116481434915,-53.5896661664972,-50.7535109262679,-50.059467075736,-50.2136076927751,-51.1513667613747
-47.9985256860673,-48.0170811318577,-48.8208755881147,-48.1416068499365,-47.9737889014574,-47.0622033716434,-47.6560101022319,-47.8781231654662,-46.6209326330845,-47.948059292055,-51.6557888977273,-50.0723241209442,-50.4450171938871,-50.2181818059135,-50.9448435216652,-51.7972688101709,-51.6312346510104,-53.3511783606574,-54.3279999978788,-52.2362319218303,-50.4892727505567,-48.7995250859392,-48.6022846418985,-47.8658410213026,-48.4454099777278,-49.6059964069815,-49.9620430609461,-49.440065376892,-50.1899090158068,-48.0714749003221,-46.995913922415,-50.6124366248389,-53.0977776125852,-69.0827784179254,-59.1878693789552,-59.2095554482795,-58.0054839175356,-53.6180752435865,-53.2528908539304,-53.9839027370399,-52.5112732434672,-50.1937918530939,-48.3936578994254,-48.4167478110194,-48.915875574292,-49.9360246689102,-51.0664950140514,-50.9664613863459,-51.198830365716,-51.3137263583434,-51.8956242451215,-52.1901009833849,-51.92727144229,-52.1725459647204
-47.1893464336645,-48.2728039534915,-49.5650403065986,-49.6319371573249,-49.4740539356001,-47.8687789609233,-47.430453353666,-46.7868418527276,-46.486114599051,-45.8675123753124,-50.6511252226257,-50.4108016981914,-48.8870467830225,-51.679695150669,-53.6783759670803,-52.3634951103146,-51.7491181688622,-55.4584858024708,-56.0464703448964,-53.4000903364791,-50.4090905581904,-49.0029635588672,-48.9533759420915,-49.6121717604272,-51.5784630845789,-54.1738150959612,-52.7031961329261,-50.5490978862929,-51.3309835473124,-47.4902160725837,-48.6901598842847,-51.5696121082188,-52.2667190880315,-57.3025766031474,-55.6766041717761,-55.8789081281511,-57.4605447269034,-58.6682803540947,-62.3610874818958,-60.3784301397833,-53.4541357230418,-50.3916541351287,-49.0612592709726,-49.3391114960783,-49.5795913986497,-48.5374058520774,-47.3017840952997,-46.6784042204192,-47.6595647898292,-49.376560185254,-52.3448558728226,-52.7527499661038,-51.4165274380306,-50.9853695484773
-47.3836332664661,-49.6537490412104,-51.7660145384921,-53.1911879114361,-52.4507092920942,-49.5818421004069,-47.5136013613271,-46.136867094673,-46.7277712382454,-44.8351381232535,-47.1367615572712,-48.797472832369,-48.0367393309332,-52.7957227344519,-55.6837345681022,-55.6338807690486,-55.4738574581484,-60.5317891561226,-58.355319746358,-54.9309870820413,-50.8930756547914,-50.3326721858984,-50.6647893623861,-53.2506186247203,-56.867501088888,-62.3051182464235,-55.6565442488538,-51.5986003004072,-50.4451417514026,-47.1341016841111,-50.6872458494689,-51.4021530315761,-49.5592727783304,-52.2432314142397,-53.3186153192831,-52.9232994353987,-56.0235570351935,-68.2710268499996,-65.6720494493282,-58.5632314562975,-54.0044132581347,-50.9698661490185,-49.9820084093438,-49.8259241935807,-49.5859979839737,-47.6947440054801,-46.071155361165,-45.7047001940401,-46.8243473076829,-48.7520847467083,-51.1172581286613,-50.9050743527462,-49.7787048096242,-49.81665041269
-47.9138741380829,-51.4543343822582,-56.6778953732466,-63.6145356735077,-56.5329334005032,-51.0684619424269,-47.398341843669,-45.6301964304631,-46.6642437322756,-44.6059924085119,-44.5931908187455,-46.6400590941257,-48.0886221522223,-51.3807348827959,-52.977453889777,-61.1721265463974,-69.7483428140093,-66.3292316423016,-58.950172638231,-55.6413129760244,-52.2958708579651,-53.0561089296223,-53.9495007094192,-58.7097956500362,-62.1974250638323,-68.690582616259,-57.7869206893312,-53.1288408419391,-48.8013860104021,-47.7805383464759,-52.2527382294026,-49.8811138741564,-47.343468661412,-48.6419968993963,-50.6769906576476,-51.2391459141406,-55.0985688734969,-61.4090234799712,-55.7700129680003,-55.3215436850298,-55.1193744838424,-52.652303109639,-51.6629702624971,-50.4353655045,-49.7763015297985,-48.136442499439,-46.7758090589753,-46.6819209430103,-47.331864364782,-48.2341726716072,-48.5948989565052,-48.4926610190516,-48.6514093852784,-49.6628880424669
-47.2558790816674,-50.5223001121798,-56.338196899887,-58.1952837165775,-54.2103666755811,-50.2422811430727,-46.7281419930649,-45.0819147363875,-45.8018885259435,-44.9088444382434,-43.4402248072829,-45.2821265671852,-48.538824983903,-49.4829073196883,-51.1744568443508,-58.7472741359304,-60.1713095444252,-62.5857902249535,-57.2827761548719,-55.3779101516046,-54.7309828629629,-57.0015464953192,-57.4792520967881,-59.7853078683241,-59.4776415040914,-61.6746175363595,-56.1792189292206,-52.8198127540139,-47.7559874821051,-48.8957139684361,-48.9911314525204,-47.1005349946872,-45.7454221205627,-45.983466574427,-48.113263677703,-49.4404924862077,-51.4605422920522,-53.4028589203706,-51.8951165414505,-53.291538842107,-55.4705388596688,-55.1645357240064,-54.3313191717566,-51.9880600343873,-50.6596281567226,-49.4079542678191,-48.6077100550935,-48.7476182862475,-48.2491424425681,-47.2971580064767,-46.4165170134515,-46.7057892794773,-48.1991687364327,-49.8672625582552
-45.3065764351468,-47.2484275469275,-49.1828634648621,-49.5082502142967,-48.8225473067554,-47.605483337883,-45.5821227599678,-44.4915883898031,-44.3770385368144,-45.2410662507608,-43.5414626776389,-44.918156903981,-48.2298310732833,-48.5865856112034,-51.4469156837567,-54.8646049183924,-54.9497953254254,-59.0584469306941,-55.4317185170691,-54.9844711745543,-57.6901665871985,-59.1945357729901,-57.4876599348502,-56.7603955974804,-56.5640102880437,-56.8155734401014,-52.0104531264305,-49.1355463258981,-47.2291837021136,-47.8141503318973,-44.8692082167989,-44.3864044730132,-44.4825603138408,-44.1684825232984,-45.8753300488218,-46.8602876957863,-47.2690341230747,-48.8867759449362,-49.6760590532257,-51.6592723475912,-54.1652888388638,-57.2143871546895,-58.1134077466726,-55.5367810240264,-52.4115351682746,-50.1844624668092,-49.5889044541963,-50.1014733255751,-48.6624984164985,-46.366883308603,-45.0997303593671,-45.745750313169,-48.0093468410288,-49.1926459964514
-43.5152552196572,-44.5383429050046,-44.9942737693767,-45.2972984669903,-45.1348810662346,-44.9793167228982,-44.3398754015737,-43.9833621499835,-43.1306883345184,-44.9788794539549,-44.6739470052444,-45.2712937081313,-46.8822237342034,-48.3715574714013,-52.2245848640305,-52.6754951098824,-53.621324560997,-55.9434674733413,-54.3183845629802,-55.0472726702355,-59.249228321143,-57.8411878470622,-56.4027382525537,-54.0475474967182,-53.4411273413251,-51.5071293960444,-48.2115219416187,-45.8571075664391,-46.2691317011897,-45.0725405675936,-42.3918184599488,-42.5365123886951,-43.438284954501,-43.0178816995412,-43.8860354247059,-44.35383049942,-44.3903985291514,-46.1145335713778,-48.0872394629935,-49.8209851662754,-52.0886048709142,-57.244638172857,-63.2306103285355,-63.1000514942525,-54.2632123188067,-49.8117145584564,-48.862676352572,-49.3842759458275,-47.9031002864566,-45.6806027967343,-44.6654886277693,-45.549658153253,-47.5683031776425,-47.7518810986078
-42.4969673206393,-42.8318218342058,-42.6316034505037,-42.8982159894509,-42.8627730186936,-43.0635507232485,-43.3914532072374,-43.7311694886011,-42.674809135661,-44.3011179449495,-46.1761016933981,-45.7923152416398,-45.5445454238624,-47.8171131709963,-50.1553720230959,-50.640568329144,-52.4422904046904,-52.8700077508859,-53.9186507259507,-55.7984164552256,-59.4547871541183,-58.0896060584115,-56.0198206447429,-51.551841292374,-50.1292377772755,-47.5487374265789,-45.5142681638679,-43.9600505516598,-44.7312205927314,-43.0803714316391,-41.468248913825,-41.7455186126767,-42.7220745814152,-42.3928827364882,-42.3091108347104,-42.663600036058,-42.8442179747365,-44.4689381400895,-46.6299966769997,-47.7486898459889,-49.7764749703995,-55.0292803798991,-62.5167061230931,-59.0738103001668,-53.0536764483114,-49.2739110192198,-48.246879553433,-47.8440900539797,-46.362760385594,-45.2276561380299,-45.0881644173091,-45.9397267800613,-46.736468782261,-46.4920952409315
-42.2213469208523,-41.9422376119433,-41.4727265969778,-41.6593508507528,-41.7130144793219,-42.0660938644922,-43.0422803712142,-43.9557795285195,-43.4374918687116,-44.1472802884802,-46.9421280940752,-46.1146567035155,-44.8781566534977,-46.5237822727355,-46.8942878333564,-48.2106441532559,-49.6442167477645,-50.1444263907526,-53.2868884682365,-55.8213977854683,-60.3109669464279,-64.3576209193718,-54.3740273410533,-49.4374116620286,-47.5399624898321,-45.1509158427823,-43.9192660714125,-43.25634441468,-43.5034238596208,-42.2747794445679,-41.9237571171576,-42.0376843744244,-42.5229822006027,-42.328995268089,-41.5164522463358,-41.9836750605608,-42.4022318323259,-43.5478678972913,-45.1724866797862,-45.8607589109123,-47.4589243912972,-51.3749822685206,-54.9870144365216,-52.3695691352656,-49.9007648831887,-49.1331681203157,-48.4568807401791,-46.64117025906,-45.1949409508319,-45.2063959575577,-46.2949873870901,-46.6152873062698,-45.9433158411554,-45.8532929828527
-42.4296522761928,-41.6432243060429,-41.1746062331164,-41.2752607274916,-41.5150329638487,-42.0654057952303,-43.5166501153869,-44.9393522504276,-45.9569379821697,-45.3789153557261,-47.2412650963595,-46.560703175441,-44.9914771511276,-45.2362392845024,-44.5756004807791,-45.8625301930997,-46.6404532160782,-47.8050830664382,-50.8639934030345,-52.3316733693621,-56.3246828268205,-56.7597808311234,-50.3358798604657,-47.4556576828904,-45.7668153201262,-43.9603112410416,-43.293760971684,-43.4815463450962,-43.0846630929541,-42.5572273190859,-43.6704118314084,-43.4181075875314,-43.0227454998466,-43.0046958596044,-41.8318627491725,-42.2881853680164,-42.8272742096514,-43.0674449506701,-43.8919754074114,-44.4709429367525,-45.4396365917436,-47.8373787203958,-49.8975653840593,-48.7679673712678,-47.8188551952896,-49.4250906936525,-49.2846274794128,-46.3840745170667,-45.1733264950829,-45.9849786572855,-47.957166478642,-47.275591233461,-45.7608162273175,-46.098538407469
-42.7532011663736,-41.708679507939,-41.4449992122166,-41.5183033320824,-42.1021765313781,-43.0485529404701,-44.8992512846833,-46.9867692317507,-51.6090385258208,-49.0097089913834,-48.5369954636135,-47.577325739856,-45.7521405529879,-44.5162750421092,-43.3152826676154,-44.043492706525,-44.3589487490642,-45.7317704101963,-47.3160689866196,-47.9404057731122,-49.66383493438,-48.2263106189252,-46.2813575953382,-45.3962197425128,-44.5225165498655,-43.5725427593781,-43.4768058547778,-44.3546615372095,-43.4538846174931,-43.8551580441505,-46.5735489835794,-45.9004118661621,-44.4437987733138,-44.5812806222454,-43.468429455421,-43.4533254879194,-43.8277802562724,-42.9482301916201,-43.0387822926862,-43.6501371246469,-43.9661527784966,-45.2029321640347,-46.7557864976074,-46.9923676332909,-47.4102837327849,-50.3195432310283,-50.5032605392012,-47.5461792055153,-46.7192512748109,-47.8119302153525,-49.3071469756578,-47.8638696844774,-46.6009406011678,-47.6737669230181
-42.8599256230517,-41.9102592387431,-41.9566624024041,-42.1389311955392,-43.1484126384886,-44.6908310496598,-46.7307050349926,-49.9450558660277,-61.0222195374803,-57.2024598232923,-51.315569654134,-48.7860294838909,-46.8311225701341,-44.3766454407771,-42.9072375028468,-42.8957856237821,-42.8409002047057,-43.8736357509413,-44.1667332134387,-44.526807067142,-44.9576361193563,-43.6685222834288,-43.350474264072,-43.5889214864104,-43.5853573842808,-43.6372275979939,-44.2396023411643,-45.449484316521,-44.3846622373061,-46.2125946681224,-50.134290650499,-49.5119490308489,-47.2023814802154,-46.9561421389465,-46.3387106970834,-45.2156940933063,-44.9837452526252,-43.2949500898184,-42.7805092320316,-43.3443194614368,-43.1753576116605,-43.6035598257305,-45.0437734500907,-46.7398783402021,-48.8081468199781,-52.0388976370927,-52.2996290783359,-50.543988627084,-50.2489331447953,-50.5472103126529,-49.7388439007425,-48.4843140212764,-48.6998674845462,-51.2757051734486
-42.6314409313333,-42.0409994409991,-42.3564440118356,-42.7824876583523,-43.9988631183961,-45.8495117301377,-47.4436323808152,-51.0982203281401,-52.5317589234204,-53.9107518665859,-51.7203434185095,-48.8253008055,-47.6963675449345,-44.5329369746903,-43.1470730054268,-42.4027331737121,-41.9825344882181,-42.3305330394846,-41.9134963682678,-42.1769580358103,-41.9677304727772,-41.1845194053105,-41.6378261937832,-42.4140218111892,-42.9572919095116,-43.9397327875792,-45.1253334971238,-46.1013584944379,-45.7260097961746,-49.7874877676164,-53.5175020577091,-54.452858567295,-52.3578769610136,-49.3928747112906,-48.9317256139956,-47.1123001795951,-45.8244003855975,-44.1739604265432,-43.1875198026133,-43.4833952249421,-43.1218311552323,-42.9758949131222,-44.3794715367718,-47.6149202507675,-51.2958288236287,-53.9197905132412,-55.7226253289865,-54.1507974911153,-55.1831306948118,-53.1997518724349,-49.359117269438,-49.0566724960412,-51.6946705227459,-54.6941809795942
-42.1319218746793,-41.9540700867381,-42.3722859112217,-43.0231760787425,-44.0914073711467,-45.6149189041064,-46.7941005277072,-49.3945444485592,-49.6767038360583,-49.1826147465402,-48.6636267013943,-47.8084848998441,-47.9487698074878,-44.6972161388246,-43.8251918922686,-42.4723448641128,-41.7101117126866,-41.2826243438254,-40.6107265661953,-40.7654777158494,-40.3246082024628,-40.174454799546,-41.0252206352018,-41.9389865329059,-42.72193497164,-44.2926503255398,-45.4802589257402,-46.0572692093709,-47.6024358791569,-54.6327421862686,-56.7811642450813,-62.4819322392374,-62.7901163872935,-51.0720244379112,-49.3061904771473,-48.7092365575549,-46.2736022565513,-45.3504782220996,-44.2386390150681,-44.0169004956433,-43.768485285525,-43.1995724779425,-44.3220712646118,-47.8563469323262,-50.2240286695957,-53.3435290926201,-65.1049714330161,-52.1616462135086,-54.0104407441441,-53.4759077903479,-48.3050285715848,-49.2816161514246,-52.5724437515611,-50.4752765807126
-41.4587271390959,-41.5922775992728,-41.964071936375,-42.7309707589226,-43.7857191248176,-45.1791174815004,-46.7082973821335,-48.65152868266,-50.3503916316971,-48.4070439146294,-46.9744113191046,-47.1256766831532,-47.746574046494,-44.9000392040257,-44.7386481935497,-42.980622701361,-41.98835652007,-40.8916337741408,-40.223863324795,-40.194034011712,-39.8013350045907,-40.3285061829556,-41.2789922301442,-41.9593371425513,-42.8569315406765,-44.4204720777311,-45.306981157385,-46.0888925712174,-50.2693694993131,-58.8910539783621,-57.7774956180417,-71.6510265188402,-56.9590445400331,-52.5858828722426,-49.7728879562083,-50.0990782926146,-46.8932180894182,-46.3354611755841,-45.7629555995922,-44.8418397823009,-44.8653235072938,-44.1050835155151,-44.4052564017811,-45.9402497262903,-46.7882774342694,-50.3267007706528,-55.9707070783112,-48.9059067198859,-50.1643677324991,-50.2196818501238,-46.9257288120767,-48.8490429650979,-49.958054272321,-47.1114327684947
-40.7110298470775,-41.0126174596542,-41.3526688516821,-42.2603197705283,-43.7775174586924,-45.7225436315976,-48.3342235184439,-50.4644165484201,-54.5865819144927,-50.2462749352512,-47.0121443726522,-47.194712903641,-47.5079658743605,-45.4828994867238,-45.7775865650468,-43.8561359443031,-42.8241145186547,-41.2585027938329,-40.6929639952524,-40.3739938924549,-40.2087462802953,-41.3021469835415,-41.9386834241381,-42.1800088375592,-43.2453215341387,-44.3945733389389,-45.5347287765498,-47.1681668523969,-53.637145276258,-57.8717972498752,-54.153247778719,-58.7008442554102,-52.8747879245574,-54.4919651964155,-52.3864689752951,-51.8640846447171,-48.4827539367146,-47.1393124213612,-47.3172660771511,-45.6720670252867,-45.7531706088575,-45.3901207885729,-44.4702983717063,-43.9075296024642,-44.652362650437,-47.1985615854734,-48.463099606085,-46.9675742752967,-47.3576078902809,-46.4593494230072,-45.7998174935991,-47.5837089657457,-47.1639604829115,-45.7984778632289
-40.0251331810019,-40.3884164206642,-40.8408973308181,-42.0001521694596,-44.2246285911036,-47.2955625072496,-51.5602859690335,-57.1146145439406,-67.5738830345209,-52.9886490009217,-47.7911227564732,-47.7677735380457,-47.4976870907721,-46.8322152934785,-47.0018860178296,-45.223740353922,-44.2933068718519,-42.3983897443664,-41.89791992242,-41.1741270001849,-41.2752402296557,-42.4352500374026,-42.3660700266028,-42.4872339605004,-43.843130627971,-44.8995434692906,-47.2049627404199,-50.1199224420455,-56.945730804026,-54.639239411067,-51.1238354484318,-54.2009366651213,-52.2591104348897,-56.4325760959795,-58.6431068722419,-54.8109108862099,-51.8343449515734,-48.5118235238885,-48.3169219317032,-46.15060341616,-45.7834717566383,-46.3676541388461,-44.6971310861577,-43.0052812159431,-43.8833942559334,-44.7902233356425,-44.6067706003301,-45.8718175206833,-45.3398255363846,-43.9207175760734,-45.1774313341804,-45.8330906736807,-45.156832452872,-45.8374724255694
-39.5741273637831,-39.9545223799192,-40.635288829289,-42.0383460368941,-44.5210456614044,-47.8568134149494,-50.7313535906645,-55.9588053166605,-56.4676327604422,-51.8700907435058,-47.9456205022925,-48.5698126380675,-47.7965379653025,-49.1789893716941,-48.6601246629272,-47.5761053558254,-46.5563175359346,-44.1325917748961,-43.5270474755637,-42.344425413943,-42.5115269542373,-42.8418328207641,-42.3229448572093,-42.9841994580342,-44.6718512053555,-46.6627731724361,-51.6621702034126,-56.2755173116966,-59.7942593753495,-52.0159097242858,-49.5346015486331,-51.8578096470312,-53.6165643072306,-59.855259635206,-67.1751214287947,-60.4222432038981,-56.1240082235831,-51.0337017344715,-48.7120842451551,-46.3547211204903,-45.3567658313483,-46.1846952649566,-45.084138321489,-43.2879551742311,-44.0742928312487,-43.3597575146564,-42.7732785051677,-45.2515327585555,-44.14066372169,-42.8232322493289,-44.9486735026349,-44.3433587507553,-44.0741130157841,-46.5387597357137
-39.542374558432,-39.9415004218216,-40.8284438207627,-42.2280752874277,-43.9151518657894,-45.6510268474967,-46.660793347668,-48.1895866750026,-50.606442447009,-49.4326488939552,-47.7530180877974,-49.394844251296,-48.3084505059622,-51.7492255882308,-51.2569229483478,-52.2944773238888,-49.5854032978704,-45.8065717771998,-44.8703172419821,-43.4281032545724,-43.2403155522829,-42.3570679469241,-42.1514394842057,-43.6465837588936,-45.3817904673425,-49.0775856883562,-56.9607942816146,-61.2247027128186,-58.6663932468095,-50.4676380589174,-48.992512447906,-50.4598131540652,-55.8560551848959,-64.5674556569276,-60.6042202757324,-63.8356475917638,-53.7726536908993,-53.5754627269825,-49.0391906844273,-46.8319201262139,-45.3806141456382,-45.2660787956217,-45.260941444322,-44.4720060435687,-44.7771889701955,-42.9938035197909,-42.5114969736869,-44.9298709881946,-43.8486317949782,-43.1561054922488,-44.965095567546,-43.661068979978,-43.9615167394348,-47.0183879872538
-40.1165247379528,-40.5649582716465,-41.4917460675482,-42.4860360410977,-42.8982417087917,-43.3817759376163,-44.1563283438408,-44.7404651609238,-47.2403124426635,-47.7588387915391,-48.1046420695072,-49.182557003666,-48.6256494827563,-51.3031452120333,-54.997824862602,-65.5766715136278,-51.204294893655,-46.4024455986977,-45.1318203410849,-43.8378476117034,-43.0646500349989,-41.5747479067618,-42.126135324862,-44.0511480055474,-45.0940811464094,-47.540045350183,-49.7260734431514,-54.0530284424797,-53.1176778535192,-49.7566367159128,-49.1981894376232,-49.3750671231668,-55.5862901691045,-54.9230162502434,-57.8497588901995,-56.090760865584,-50.6646417962948,-53.0482546853161,-49.7448952226018,-48.1194632330336,-46.4789564475959,-44.8684470337641,-45.1659246436674,-46.0181432787913,-45.5273261256049,-43.6540872281169,-43.6315245187771,-44.8410310762606,-44.5274021006557,-44.9996471492283,-45.3756689078948,-44.0696503909745,-44.7597945761004,-46.6426877284126
-41.509403303498,-42.0843828825042,-42.7998216349565,-43.0366382610521,-42.430309076011,-42.2895326580329,-43.0897830893957,-43.2536002576511,-44.8123922645323,-46.0200864809084,-47.7647930313029,-47.1368086249141,-48.1519693346308,-48.797368293604,-53.8815532042036,-53.1261615970191,-48.7913814896847,-45.9104825896051,-44.4751230673274,-43.3819475682107,-42.2540103463855,-40.9828815724391,-42.2143326104485,-43.7138695081469,-43.83012258114,-44.1408950305023,-45.5366202206705,-49.1345164381527,-48.7469237765301,-49.1593449924087,-49.6937953099433,-48.2832204345275,-51.6529719717369,-49.6501032539116,-55.6650572615086,-51.7895737430587,-49.8025572529427,-51.7764214264404,-51.092603787397,-50.6572878162872,-49.1844666627929,-45.8390488283979,-45.4202171302072,-47.2467795578939,-45.9859254781942,-45.1322883901638,-45.8508175967568,-45.1094783083546,-46.3856640204357,-48.702002053371,-46.6706090296588,-45.7623431360869,-46.304223250275,-45.7385259579123
-44.0145843224556,-44.9750447310093,-45.1574269255336,-44.2801449691051,-42.9220642510246,-42.3409147870153,-42.9653303908142,-42.9105242481598,-43.161079572744,-44.1539449457141,-45.515043242273,-44.9286876507807,-46.9805388379799,-47.0292082395368,-49.0336566456353,-47.3952369875054,-45.9735020269023,-45.1903185105742,-43.6676524613694,-42.5635819540095,-41.4186828155952,-40.8558812287612,-42.2649541896547,-42.7831548053991,-42.6039746650916,-42.1563348376956,-43.5235334247167,-45.3980268846546,-45.7732169120878,-47.8786133332378,-49.1566680706795,-47.1329490131274,-47.8345372174007,-47.0664965516801,-52.6589307762681,-49.5224466758227,-50.7860553863908,-51.8098278126001,-53.556599875504,-55.1315420028284,-54.1532234424345,-48.8937366710924,-46.6912965871564,-47.8474023399713,-46.1304455565055,-46.971152437678,-48.2483071063377,-46.0283895568327,-50.1086990878686,-55.408138751305,-49.6450374727632,-48.8114808300392,-48.4379301705399,-45.0066372697962
-47.9419785544519,-50.6174636703072,-49.3989975064525,-46.3905565279935,-44.2555124997048,-43.2323149422193,-43.3395721060936,-43.2111260347119,-42.365784913458,-42.8727087728494,-43.4126395926943,-43.8067108783059,-45.9363737750068,-46.3704734757665,-46.0944488357478,-44.9583362092458,-44.2746077133405,-44.6939632404415,-43.1609541661141,-42.0134111618833,-41.0685087284103,-41.3601506512593,-42.2138813208238,-41.8409952921643,-41.9570415025167,-41.5976510991646,-42.6293094086865,-42.84622793415,-43.807428180555,-45.8926887571437,-46.8150745787405,-45.945053116211,-45.1865238341757,-45.8530702940791,-49.302961138839,-48.5833380548115,-52.888278378953,-52.5280486901757,-58.793624564957,-63.0710973158301,-57.1580097468136,-54.6171254716949,-49.3597334345089,-48.0784708279944,-46.2910640672894,-48.594110951581,-49.4377844667297,-47.7831817907104,-56.2912221112315,-62.2150619580124,-55.4098986231532,-51.7607002829042,-50.6218951411405,-44.7808662252811
-51.272017988064,-64.9687340128413,-54.9760825369473,-48.1882570953794,-45.5726296569201,-44.4336334031466,-43.8046429939569,-43.7152470379082,-42.4629753461465,-42.62395109787,-42.7132000324515,-44.147886745165,-45.7154339063288,-46.7312443971753,-45.045776917478,-44.3807921686073,-43.706212494894,-44.4907733914443,-43.0834756920076,-42.0918229095029,-41.5026110199234,-42.5384361035761,-42.2154245936432,-41.4089351743135,-41.9729117160055,-42.1373545752418,-42.4059845918153,-41.5608629961938,-42.6360410369848,-43.8022222230272,-44.1268510327193,-44.7266140295369,-43.6711337919133,-45.0890363100473,-46.4151676151627,-48.4421439619473,-53.2195966723723,-52.0680517099061,-70.0571501216434,-61.642237416068,-53.2224190365123,-54.2276212657549,-53.0882414600526,-48.464265736054,-46.9670623427042,-49.5654830146888,-49.5386692304021,-49.9363124436073,-52.793673367419,-55.3970975998538,-54.5582472354834,-50.6591272731839,-49.8608698938391,-44.8589644319838
-48.8256838502848,-51.6485679230547,-50.5581221713478,-47.2057220937108,-45.7021126522483,-45.2819826192979,-44.0774058115448,-44.0705153777101,-43.412239294945,-43.5833289017079,-43.7444868124267,-46.2733445280385,-46.8246763113208,-48.1718052372017,-45.6976397022732,-45.2897254172676,-44.1785619938241,-44.5635341440123,-43.4366080439495,-42.9245884034257,-42.8743955112526,-44.2295591874425,-42.6495543963137,-41.9177664520192,-42.6861775686001,-43.4478954872284,-42.7507721413829,-41.4738343607396,-42.1507449839044,-42.1502099444653,-42.1403624283134,-43.5721648696121,-43.0825716892752,-44.2925282634033,-44.4977382085043,-48.14287733243,-50.5457461446801,-50.2849158408397,-56.1293157364259,-55.8420837441366,-51.1208690688174,-50.3438201707022,-54.9375833563601,-49.5057412035817,-48.6641369843815,-49.725415529893,-49.2092784572622,-51.2923849381687,-48.1044896666041,-51.6856196560953,-48.7842138490362,-48.1225547166408,-46.4025825695033,-44.5848934094294
-46.0303774182382,-46.7823633319011,-46.3249930288795,-45.2114231126319,-45.1135992331892,-45.4652326791144,-44.1245551676655,-44.1768098525925,-45.013935085792,-45.8114989445739,-46.9811279133547,-50.7936347110514,-50.0771462466856,-51.2120411407015,-47.9431755199033,-47.4120817296168,-45.5976925211081,-44.9334750195206,-44.2105139254247,-44.4790305807343,-45.2249177702071,-46.0160657592646,-44.0324046602892,-43.8666166463332,-44.3097757500216,-45.2020810074134,-43.6842219903212,-42.4092607381583,-42.2765129077293,-41.2745405654669,-41.096715919803,-42.6870521797666,-43.1283802257145,-43.6883674834137,-43.6985627633541,-47.0047749342242,-48.1425938061458,-48.7087472693845,-50.9271908412358,-52.7229417604716,-50.8864320084516,-49.1397492025231,-53.8688389035291,-51.4348858917542,-52.0183134988763,-49.8728728177783,-48.8904797256929,-51.9112632713419,-46.2888185654566,-49.3304256726494,-45.6962269632666,-46.2853902255523,-43.6504390973253,-43.6678925145358
-44.7520226903121,-44.8160708619719,-44.3821235017184,-44.1613965518778,-44.8410357968968,-45.1675498952769,-44.1587821721724,-44.2369067090253,-46.6193912697835,-48.681593691977,-53.1219469442474,-54.8240414214372,-58.5412561768819,-57.8422667719223,-50.5801895217732,-49.6574524654403,-47.7190647014648,-45.6615423887853,-45.4291276219097,-46.5530027740983,-48.2392797837047,-47.5322757560223,-47.0784558968073,-48.256953332754,-47.4066886019234,-47.2048435919786,-45.0479107993195,-44.0026484468707,-42.9556912061063,-41.3686866728053,-41.0390790605229,-42.2775804566369,-43.4724918521694,-43.6898794950568,-43.9403278687433,-45.80503715002,-47.0563283875149,-48.0260367044253,-48.6397253028297,-50.8576186426162,-51.6292301325102,-49.462018634213,-52.3957584591145,-54.1530040745346,-58.7059519511394,-51.5995396373021,-49.5496725158273,-52.3365513764764,-46.4051382438041,-47.4507910016612,-44.1114332984085,-44.9097051650929,-42.1192921425441,-42.64556945928
-44.7126990475775,-44.3844617799701,-43.9859915773394,-44.3041824989507,-45.1001247683367,-44.7846406360378,-44.4730070190364,-44.5762217239634,-47.1521857389992,-49.1452060368684,-52.0202333778226,-50.7989088904454,-58.3705501386685,-60.5896269534095,-50.2706981396466,-50.0319302042926,-49.8746915730967,-46.7577912390757,-47.0998319589803,-48.6637854935724,-50.3570956663961,-49.02648290239,-53.4483035378793,-59.8782816684645,-53.5610964723007,-49.6055149019689,-46.3253613386408,-45.646166842705,-44.139592165267,-42.5168992290803,-42.0037632704739,-42.4761709291625,-43.9221375042759,-44.4794258455114,-44.939431634223,-45.5106186368471,-47.3829707889916,-48.4916926217207,-48.253501461554,-49.9119509372843,-52.3739756851475,-50.1909585414424,-50.7008361847618,-57.8157342121307,-68.1228433435228,-57.9676849416635,-52.4261759291532,-51.0897234871697,-47.5156388324219,-45.8347785204153,-43.266776180032,-43.5981804967979,-41.4967175232382,-41.9703106741822
-45.666537573934,-45.1304583983826,-44.8952243370378,-45.5494692957073,-45.7551260830576,-44.7707748298119,-45.2645585846109,-45.4428200474686,-46.6496762020001,-47.2338652336182,-47.3980173413482,-48.336611431997,-50.6667943380706,-52.166942950394,-48.7458852270629,-49.3379067000074,-51.0395840907133,-48.0959413935099,-49.0445093410585,-50.0376475648654,-50.2371428171453,-51.1895268590333,-64.6512117669891,-57.0669954568672,-64.3145237865512,-52.7166641235087,-47.0769777919831,-46.8679661654374,-45.6217379390464,-44.5987114993884,-44.0091812011871,-43.3463178542003,-44.588516861508,-46.0337482706258,-46.2723805576282,-46.5596278194458,-49.0807908327929,-50.4120041569661,-49.7341458027094,-50.0684954278343,-52.4452791771263,-51.275338505641,-49.2409663539114,-59.5273331863948,-56.4968135239306,-63.0502731887526,-56.099993987597,-48.5451814995416,-47.2563804386472,-44.3315599610637,-42.6106011733414,-42.1827776413151,-41.3514210161296,-41.5932180102578
-47.5200114685755,-47.1296580884337,-47.2477471285445,-47.8087238112641,-46.8084497137694,-45.44177947365,-46.5321458203726,-46.8958126673086,-46.3052700225757,-46.1634697179842,-45.7809591674618,-48.217951451411,-48.1455026536273,-48.6365876866343,-48.3841041298432,-49.0593276846608,-50.7254349829383,-49.5239530176459,-50.7064918045618,-50.5035443617012,-49.9587716274121,-54.6701586298264,-55.1462712055183,-51.385911594158,-53.8552285674898,-54.3173373972104,-47.446482620578,-47.6750773458806,-46.628040317492,-46.9110350972266,-46.8361121743683,-44.9160774070613,-45.7828091966478,-48.1961178507968,-47.8677958138283,-49.1011055119102,-51.4206844809417,-54.3424855430066,-53.8845760974934,-51.9495896233988,-52.199479124581,-53.5027673645727,-48.7414844140407,-53.0155391794278,-51.3126124096569,-51.0193382946676,-50.0217501714378,-46.1374743583563,-44.7321326761883,-42.6804634007696,-41.7711585385785,-40.7263222461083,-41.2542898811304,-41.1854466566089
-50.5127667293853,-51.2003646361283,-51.9132491749993,-51.1262307945073,-48.2616808042982,-46.7451436850257,-47.9694332350201,-48.6267580818409,-46.9745179534603,-46.9257097501257,-46.6309282604929,-50.1242360699142,-48.0379982491415,-47.3580893909196,-49.0740171302485,-49.0243398498418,-49.270827411182,-50.9742984680599,-51.4535744737179,-51.1821761360867,-51.5852048548708,-59.6951836988524,-53.2441289601498,-51.1296927288847,-50.1674747191017,-50.7638657125615,-47.5110464585008,-48.0063248064738,-46.3727666264406,-48.1501625089003,-49.4339154095884,-47.2027010556538,-47.9134150691101,-50.6236917504685,-50.4517324925527,-52.7417012752867,-52.1160040036696,-60.9521625610639,-63.2449319389272,-57.317375909678,-52.53881253977,-53.6157606198065,-49.399756502592,-48.0733908876096,-47.8189379696101,-46.51554736083,-45.0268292863592,-43.6892677487796,-42.1052993884782,-40.8032310533155,-40.6311806193032,-39.3916291975985,-40.7945411911225,-40.5170492756236
-54.8319765882119,-62.2649541038421,-63.3351876788692,-54.8473574087962,-49.0495347791413,-48.0044736198054,-48.8099099276732,-49.6249243961462,-49.1601490937659,-50.5518103634352,-50.7338672658753,-54.5841749813152,-49.6548227717955,-47.3607746301967,-49.7502915281305,-48.4905581722783,-47.4283468714806,-51.3360199888092,-51.2340315821709,-53.2271197761459,-58.4574439653732,-65.7242982378581,-54.1411315126307,-52.8250325263884,-48.9254144437011,-47.0935982633269,-47.0897215513727,-47.5287590049412,-45.6039832997549,-48.046805124835,-50.4193392168676,-50.1719015143706,-51.7260881478382,-52.9221963476633,-55.1923737818409,-55.7743773668825,-51.4297809926461,-61.6310960151178,-56.60850333361,-60.4404119887597,-53.7230102108496,-49.2330211138585,-49.9926819847865,-45.190384099464,-45.1601164435011,-43.7364253959145,-42.1209335787926,-41.1341339705279,-40.159191315727,-39.0108965487525,-39.2990283253721,-38.3235098068887,-39.6879770393727,-39.6631814674016
-52.8099528913587,-54.8895554997028,-54.8066285112672,-52.3419205271002,-47.6135152740406,-48.2134754349558,-48.1664010626914,-48.8587017364624,-52.0990174033132,-61.4713938103868,-60.2199116906032,-61.8696956687223,-51.3154039899556,-47.5671542424358,-48.9898372629114,-47.1376381120926,-45.7760745047342,-48.7587198720283,-50.0457181614102,-53.9576991499136,-59.5856944174201,-65.4673305570704,-51.7250987783541,-51.1847543506556,-48.309666075902,-44.7763812059101,-46.3158866416984,-46.2593779864761,-45.2787592234269,-47.1424995892986,-50.1314837688469,-53.3884055945108,-59.1046731462281,-55.8442689375026,-58.2817905316352,-57.73378650249,-51.6578352849555,-56.0479391421477,-51.4411264779012,-51.6324501575118,-52.6769753601698,-46.0427046712351,-47.8208553286319,-43.5393960092321,-43.1309649749719,-41.5134105427152,-40.4486753808356,-39.0354215403135,-38.8599373276947,-37.7005275646138,-38.0353957185422,-37.6119246333307,-38.2007143014941,-38.8200357802212
-47.0094708108527,-47.4165686710631,-48.0679076924171,-47.2036895191675,-45.3872919230644,-47.1573514262071,-46.3206998076481,-46.9809863505195,-49.9866499373857,-51.5834648142905,-50.2402830644856,-54.3980967138244,-49.29732411433,-46.6800775949356,-46.6624944489972,-45.1987664009356,-44.4413862256774,-45.3131173642378,-47.7247920155437,-48.8545001116656,-48.699475852674,-53.6489457600533,-47.0457791343279,-47.1930345735893,-46.8378489784623,-43.5129017459134,-45.306382565256,-44.7469088938362,-45.3671909044466,-45.8994187497799,-48.9977882566216,-55.0947100398482,-58.7353123994457,-63.2703956420293,-54.1474447356469,-57.092521308202,-52.8984013523421,-51.7068138034899,-49.3430808635415,-47.513164489713,-48.3660537203942,-44.5519267102922,-44.511130116284,-42.3946750256252,-41.6243973863876,-39.7680067806197,-39.5413483932388,-37.8242690079787,-38.1169597587498,-37.1137320101921,-37.1577637698386,-37.3097702012647,-36.9851129807701,-38.123004096014
-43.2423122636054,-43.7000894299407,-44.3862762171787,-43.7418917303814,-43.7747833430202,-45.2813060464041,-44.3800430482076,-45.1154149760536,-45.9444797887457,-45.6596207354128,-45.3801636952911,-48.4656499396693,-45.9520188806765,-44.8612944515606,-43.9261443167112,-43.1506299826425,-43.2928057110283,-42.6914417921808,-44.8351564206958,-44.4212849915338,-44.1874588504265,-46.8476862923264,-43.737853464925,-44.1552959873321,-44.4067418576381,-42.9318957433146,-43.9411067489634,-43.5696527123917,-45.1504247560266,-44.9637070926824,-47.3898870671416,-54.0390436802976,-52.8420293149632,-60.799260643766,-52.3830929399511,-52.8901879492829,-52.8850875478197,-48.7082444399306,-48.5301969413381,-45.6135627214086,-44.8302541057203,-44.017087368631,-42.0941003855613,-41.3058237688469,-40.5552124251243,-38.7612076673086,-39.1179307723873,-37.6442227595699,-37.9208100036367,-37.3619627206385,-36.9495861789824,-37.4679331207153,-36.5178690463914,-37.6654956634413
-41.0659069880132,-41.6609838914404,-42.1616100774511,-41.7998483497561,-42.9053001075741,-43.3150916563156,-43.0134347682294,-43.7512522511373,-43.4736283889043,-43.125049423949,-43.5103995420911,-44.8917407945088,-43.5572729584569,-43.1291570049317,-41.6921592048838,-41.4580682305187,-42.1885945258102,-41.0326333491529,-42.2042965050772,-41.6477239282107,-41.8017119934363,-42.6262370850003,-41.7755563497579,-42.1030845779528,-42.1247178154081,-42.7005194602579,-42.4797743293324,-43.0012446228459,-44.3541607857846,-44.6484079296889,-46.0196306554497,-52.042166562423,-50.8701310769524,-52.9477366858634,-53.4396205422479,-50.3108671285692,-51.0824595858595,-47.2396888051951,-47.8496437322339,-44.9135926956939,-42.7624137871774,-43.4187437060871,-40.7738128971463,-40.3662085482553,-39.8793315434682,-38.6644049591135,-39.07276652529,-38.509244663442,-38.3706074192703,-38.5095687982252,-37.6471962715764,-38.1691191654903,-37.0224731567687,-37.566752074835
-40.1071639066556,-40.7721664340973,-41.0593417683032,-41.1374960124821,-42.5946543135376,-41.9750404212328,-42.4376171974533,-43.018954449228,-42.4355315749302,-42.3962770175069,-43.2681021734588,-42.7847445028808,-42.2355107807362,-41.9569695203311,-40.3373340087858,-40.394280866166,-41.1233664004758,-40.1492521416712,-40.2464423904455,-40.0811073594251,-40.5718812573793,-40.1228948877262,-40.841018566987,-40.8606860344064,-40.6700040045881,-42.5799515850412,-41.5089991773625,-42.9785183312696,-43.6361528663766,-44.7312293765708,-45.1031604127295,-50.2845967972882,-51.1975270451157,-50.3993310001707,-57.8700441494065,-50.4309682225038,-50.0262308656047,-47.2371550373028,-46.6184431347305,-44.5953964945154,-41.8739590579923,-42.225123245178,-40.3383537579659,-39.8986907920517,-39.6230689943688,-39.499064800611,-39.5218219247246,-40.377069046677,-39.6994764129346,-40.6420739662505,-39.4959691557756,-39.5538299664032,-38.5918863453245,-37.9988068781818
-40.1848508963868,-40.8674004840207,-41.0550904818532,-41.6624632530121,-42.7542875692532,-41.6642999988003,-42.6816292064214,-42.9297267080201,-42.5621545907728,-42.9665111591005,-43.9487951299901,-41.9265391828987,-41.9236832295667,-41.5169117394675,-39.9778412662719,-40.0594068553317,-40.2281172907205,-39.8124407353773,-39.0656189567342,-39.3751443846391,-40.0058634038421,-38.98320400149,-40.6935058492092,-40.4400658012356,-40.2898038933407,-42.5302618687959,-41.458214169524,-43.2220560877763,-43.537583581966,-44.7999843374754,-44.4439098070706,-48.8129815166841,-51.8487309523683,-51.1919162782858,-73.0434363202023,-53.9137586026902,-50.6297691470363,-47.8626390630952,-45.1064358525212,-43.8884258161405,-41.7223891410372,-40.9440118622025,-40.4628749611261,-40.0359251813923,-39.8861706065209,-41.1149395142031,-40.7709124513704,-43.1396793183952,-42.3480681413202,-43.9582179851211,-42.8552509437238,-41.8391597654121,-41.2207977328887,-39.1826384606995
-41.2003485859959,-41.9337931520813,-42.2735764906162,-43.4053767983709,-43.5242825798489,-42.5925240427624,-43.69574910731,-43.463844911562,-43.6596106769865,-44.4972540260022,-44.9016060330061,-42.3538059717128,-42.6900045202622,-41.9825906310009,-40.6468194341416,-40.4551425330272,-39.6820716157822,-39.7923748799729,-38.6262957011894,-39.2526016232317,-39.7756305608645,-39.0380693936701,-41.0740966095838,-40.9702050968043,-41.1622107854814,-42.8064179857642,-42.5797554867563,-43.6047406297305,-44.0939051357277,-44.8209287622899,-43.9602692371056,-47.2407673989356,-49.4849881358252,-53.8598488419168,-58.845973908804,-55.1460976572128,-51.6583412144554,-46.8341616891028,-43.7769087782232,-42.7007638203111,-41.7189771650083,-40.1253884254178,-40.7776805714215,-40.6262057380764,-40.7948997303101,-43.0597789933309,-43.2102174243004,-46.6219193583717,-47.2835258885943,-49.0089547503017,-48.3846627468254,-45.3153164588739,-44.6818013861972,-41.369606891043
-43.0572433119764,-44.0550580473802,-45.0378871623634,-46.5675926065021,-45.2654904055934,-44.9424203641985,-45.3707899782758,-44.5861018214046,-45.4366840918735,-46.3804699534669,-45.7766681009817,-44.3716110982682,-44.8220143251547,-43.6135561649272,-42.3327335944216,-41.4859581619418,-39.6263951310118,-39.8887937916669,-38.8040981171393,-39.4386007866562,-39.6979690737958,-40.1401438056645,-41.6614193452189,-42.6996506513071,-43.6244145246549,-43.9926225306341,-45.1122576384335,-44.4300393949118,-44.9357350663488,-44.9584254153518,-43.8677981479745,-45.3882856358744,-46.2004915073487,-49.683641451226,-51.9936107996782,-48.2665713830838,-48.8580171511508,-44.2682054228187,-42.7202841603463,-41.5334682432123,-41.41856425219,-39.9066044182149,-41.0595455709318,-41.3243052618315,-42.3559288369181,-44.6308323868459,-46.8329070462457,-50.7929309040887,-57.2589407008375,-57.4698867869172,-56.5632494064756,-50.0503647070304,-48.4048869115428,-44.6754323295136
-45.5330706070569,-47.3171009270923,-50.1488679207736,-51.8038108377368,-48.5839068575629,-48.8163620410136,-47.4973190624121,-46.1700263974887,-47.2173783440577,-47.5514497038679,-46.8634223161701,-49.0302093669011,-49.1539525191242,-46.6922762592044,-44.8212312455895,-42.8099485682009,-40.092182997315,-39.9754426218886,-39.3768635501775,-39.6542735463888,-39.7283518339987,-41.8188522417678,-42.1928758889224,-46.0173121690586,-48.4238186871942,-47.2522334485506,-49.2041138925895,-45.9460823414029,-45.4130739815404,-44.8415668742424,-44.297490391877,-43.6309731286995,-44.0077742601779,-44.8675314536335,-47.7136158844381,-44.3022513244142,-44.8076925119374,-42.2318281373083,-41.8519689142195,-40.7545801052421,-40.8993148228291,-40.1994665459949,-41.2963854584065,-41.8747293879751,-44.0297390629003,-45.6376861608494,-48.5797172527366,-55.9086919631319,-55.3396187526562,-61.358585883009,-59.2641691956472,-53.8894203184301,-52.2120777116553,-47.9310029746785
-48.0851907602875,-51.1079648757049,-57.7727707665721,-61.4853644405179,-54.0282182185334,-52.8170312484563,-49.5282155471431,-47.7920354118387,-48.0669264690886,-47.6532847180506,-48.7090080331113,-62.8656407456984,-57.9835514029958,-50.0130862989495,-47.0629575571002,-43.6451769063528,-40.9048377184394,-40.0268544121334,-40.0279359578423,-39.7155053358623,-39.884655468743,-42.6683094330733,-42.5721043771791,-49.5231870863159,-52.8763393034447,-57.3933187491912,-52.0367552183396,-46.8986902631014,-45.0859691065397,-43.9374503401369,-44.7674313516267,-42.4318820256988,-42.9474681487956,-42.4072741901102,-44.7134492807547,-42.4719520023762,-42.1760923343235,-41.2844723683029,-41.189367439542,-40.4712168877772,-40.4727028110288,-40.8224464599111,-41.4251750840126,-42.3303443148577,-44.48632655689,-46.5684871570959,-46.9145653209033,-57.6988429405121,-52.0342575266563,-56.7649351823481,-61.3778472271769,-54.5600616890214,-57.0022562668424,-48.3843553288186
-50.0372231749385,-52.4874393716277,-54.0034785169659,-59.3603116147769,-54.2432117044544,-52.9264963363391,-50.2688543613244,-48.7476223345197,-47.9752340406238,-47.5800856507627,-51.5219800853759,-53.3284476677391,-53.6613425975946,-48.5746513240312,-47.3152263196626,-43.4197105801281,-41.6300340533153,-40.1004648062111,-40.4488171134848,-39.6589277890831,-40.1568405046408,-41.7838112358939,-42.6798082635385,-46.5858403339878,-47.7897132955892,-51.9888948568325,-49.0144473647797,-45.2518710254779,-44.182940533666,-42.7183546933515,-44.3083878563537,-42.0118286042512,-42.7778435483265,-41.7413226565629,-42.8622908830389,-42.1264631421281,-41.0753623202337,-41.3689668715154,-40.9042812496963,-40.669720687291,-40.3249579921711,-41.5277541012829,-41.2888571913723,-42.8274920040063,-43.6674885190807,-47.4169918371741,-46.119964363943,-53.691300254801,-53.7279930717909,-57.2064193807345,-71.0683020478499,-55.7048468935906,-60.1847641163037,-48.1697094541924
-51.379145965972,-51.3722088730768,-50.4459822952865,-53.1588454614202,-49.9503701938998,-51.608952063007,-49.4394222936038,-48.9769643784547,-47.8115438701399,-48.0879212377203,-53.3542521879914,-47.8710673660335,-48.2329742729897,-45.79055049571,-46.1493813668672,-42.7017575636577,-41.9001527337719,-40.2935394091613,-40.540983008347,-39.6979917756764,-40.476222733755,-40.5258733889713,-42.3387140580889,-42.8972943365032,-44.2347057880502,-44.4710899632124,-45.7723848999182,-43.0375986586233,-43.2273394361746,-41.9646402097199,-43.0889348140813,-42.3910588275696,-43.2727153527652,-42.5501883400044,-42.2407944604038,-43.0311360854958,-41.4565611818721,-42.3524736860869,-41.2057430395243,-41.2867874427147,-40.5686360524834,-42.0367332334193,-41.0254704584616,-43.2939268580571,-42.9540443391184,-47.0991425207703,-46.8414359202492,-51.0354102531783,-56.1180315272657,-63.1387699141431,-60.526823358536,-57.0601923375289,-58.2297981502418,-49.7977258559771
-52.126910223721,-50.207411552214,-48.9901564148399,-49.8897059795227,-47.945106885559,-50.6444804312885,-48.5658695294663,-49.3038745740572,-48.3247551587382,-49.5401638467798,-51.482419413228,-46.2426432513854,-45.980926722045,-44.3429420959444,-44.9510732251969,-42.255317207392,-41.916432052535,-40.7189249122437,-40.5157957647078,-40.059914347778,-40.7839983885492,-39.9372461789904,-41.7253759389403,-40.9790167408439,-42.5502922986763,-41.4998112482492,-43.6079991122845,-41.8955318575767,-42.6006735558116,-41.9669004442963,-42.1535338851491,-43.4582896743008,-44.2407025637682,-44.7344875927769,-43.0586921070402,-45.2186096704955,-43.4785841110792,-44.0893546868431,-42.2541579858391,-42.2146098205821,-41.3248366035032,-42.2162652539526,-41.0836756155255,-43.4664525812088,-42.9606457503156,-45.4321454903295,-47.5989683385035,-50.02425069772,-51.6425952861253,-62.1303841998705,-58.1753775374986,-56.4547690848334,-58.1188497519885,-54.0317265456196
-51.0478313686026,-48.8410388346942,-48.1766681795536,-47.7193326855928,-47.6186236190053,-49.5209508280362,-48.7756528044974,-50.4708147594767,-50.2618713515206,-52.2710979943208,-49.5821854704009,-46.4147512311928,-45.2621026357931,-43.983293792372,-44.0931963855525,-42.3789031842166,-42.1670488255627,-41.5150644104993,-40.770123676557,-40.9034002049327,-41.1606263427908,-40.2634655582412,-41.3207135679382,-40.4989263792749,-41.9744449908849,-40.6466631752338,-42.338716618526,-41.9664327350136,-42.507174264178,-42.6973686803194,-42.0124906115424,-44.9930163518936,-45.5240092023449,-48.3422794979681,-45.7985500861451,-49.1405214997073,-47.646898974293,-46.3167822566172,-44.1290792420697,-43.2990866338495,-42.622362006832,-42.2496206066066,-41.8180179142306,-43.2287597189648,-43.6196877306766,-43.8508519181794,-46.6911884390327,-49.6858692235003,-48.5110827677034,-54.124965310592,-60.1571204938751,-57.4279683339919,-61.1392127253538,-56.8341746819052
-48.2729522005406,-46.9397857756868,-47.1502234483964,-46.110521111439,-47.9691648263908,-48.2849038437837,-50.4340026137407,-52.8453654614374,-55.3925207913799,-57.1101328415077,-49.3023986010587,-47.3367023479295,-45.3458853964314,-44.3025051028267,-43.6450314079488,-43.1346360264702,-42.9649745239356,-42.8711158972922,-41.7257232110519,-42.335404904855,-41.8532653077235,-41.5214415981348,-41.4551358825155,-41.1747127903009,-42.1114177225841,-41.3029149475317,-41.9432135326529,-43.0630091010559,-43.0725983870692,-44.0549844218546,-42.7548882771631,-46.6645473480263,-46.9659411432337,-52.6529464782286,-51.5067508261302,-56.9160650888385,-53.6340577128711,-48.3474349172453,-46.6481152785128,-44.3816723573064,-44.1566041357651,-42.4990446356187,-43.2988118678624,-42.9201692771315,-44.5915669608346,-43.2228795275384,-45.4707746383508,-48.4824630611996,-47.4864508764828,-50.3983524664449,-55.9461340028412,-63.8404002079503,-59.7050291020524,-52.5609797102407
-45.5211322279321,-44.9496960802076,-45.6075183476272,-44.8443123549903,-47.3395835321863,-47.2820849368238,-51.8778604001448,-54.7447001044238,-69.1512526145709,-64.0508057216628,-49.5876529761569,-47.7939544514862,-45.7258133243446,-45.0596705094975,-43.7196491788424,-44.577702731981,-44.4697668353755,-45.0573698337057,-43.8179135699533,-44.4629867674317,-43.1521595485633,-43.6299062691435,-42.2019474443652,-42.7616959451504,-42.7598268725659,-43.1861458508762,-42.5386336878844,-44.8917785759208,-44.4418907712237,-46.0043859520044,-44.4117710451636,-47.9769853933809,-48.3159803118939,-52.3533431462586,-54.4224053052332,-64.8969689133734,-51.9587489462432,-49.0971871005025,-48.5865257398434,-45.3692422271249,-45.2621090622218,-43.2676411877221,-45.274886331268,-43.1349855232454,-45.5621219594491,-43.830014864871,-45.2567903303275,-46.4709555242152,-47.5104554858441,-48.4833226366235,-50.0811350857509,-54.8798955928635,-52.9934964197438,-49.4171724821302
-43.4671789507034,-43.2917270317568,-43.776899648891,-43.7740981880555,-45.2127803316122,-46.3986056954542,-48.9385288023939,-51.3749205652452,-52.8898474582909,-55.2832602226937,-47.6212853309145,-47.4385501249451,-46.1300710178863,-46.1378806809893,-44.5144765964239,-46.8120603813526,-46.8833301392906,-48.4989831879621,-47.6837607741189,-47.4558197717079,-45.223597203757,-46.2988517508577,-43.4999398866747,-44.9030416594257,-43.8792078468798,-45.9661021950084,-44.3716697875254,-47.1367904272608,-46.8636164327181,-48.5429770544065,-47.2390033854771,-48.4754688879773,-49.2242895671428,-49.3380942776382,-49.52117329366,-53.5056685332553,-49.0217206751176,-48.5520754464847,-48.1848604896857,-46.2383852039188,-45.7306490640653,-44.7078876695116,-47.2603680792143,-44.4402110590476,-46.6263495958284,-45.9051047092899,-46.1880612642346,-45.1519706920006,-47.7170442617793,-47.4350668122645,-46.7382650230391,-48.0385966180029,-48.4538355759053,-47.308527178202
-42.1549976853096,-42.0832184277215,-42.0904563909636,-42.7555466455708,-42.9415656615953,-45.0901608059832,-45.175122024272,-47.0438222547604,-47.5539642651408,-48.8718328298672,-44.6669615236872,-46.8757040437836,-46.5095564305699,-47.1691612006063,-46.3066139036119,-49.6513084069233,-50.6207455379635,-53.9428529935015,-54.6573419349298,-51.575129991078,-47.7891622198946,-48.8645789271447,-45.3045550959043,-47.05236390783,-45.5274327193654,-48.9630464947069,-47.9122776695309,-49.798568782598,-50.8072283696446,-51.3511605285121,-52.2515022050491,-48.5240757022647,-49.6182482293269,-47.7903564584568,-47.8615607613241,-49.7569553986094,-48.4070927587125,-47.7638951082113,-46.7910991128525,-46.9716694832476,-46.0624314968809,-46.7636211951913,-48.8143824478992,-47.440480331112,-48.4102155998453,-50.0932319620353,-48.0325671270843,-45.3276396470829,-47.913500934658,-46.6870549697576,-44.9876690494115,-44.5083931291992,-45.4934685079813,-45.5748401956946
-41.4952860096072,-41.3089807334099,-40.8487462774894,-41.7099224977866,-41.2708560845634,-43.1732453586197,-42.6605885672076,-43.9726010076563,-44.7259109297609,-44.9431542712006,-42.9612888616231,-46.1859790459147,-46.7312031775712,-47.4394385141435,-49.3342270016724,-51.4349431840852,-56.0224104757809,-59.9216451451823,-58.75945171298,-56.1933176339502,-49.6507134072736,-50.3839045009042,-47.6584797711295,-48.5655788012673,-47.6146043641683,-51.1399039320874,-53.4432404977279,-53.6669770267417,-57.2101136837885,-53.5396362562608,-61.7619191012327,-49.0630535824185,-49.9222726549274,-47.9021243082377,-48.639284508007,-48.3143089739838,-49.3180418870409,-47.4568170306421,-46.1281311867467,-47.5520534413594,-46.5046077214197,-48.9873078260417,-49.1978265541106,-52.762925858509,-52.2001342086916,-59.8222209047952,-50.3758579799677,-47.2080208948813,-47.8250734694567,-45.8760249983503,-44.1155608731739,-42.738275865138,-43.5708525399924,-44.1155522686024
-41.3716717050263,-40.9197288594758,-40.1538958057118,-40.7123958847394,-40.2764662744127,-41.2055565839794,-41.2233735056945,-42.0094525091311,-43.0055153976638,-42.6572950745039,-42.8863855090324,-45.2746693834784,-46.6055289788741,-47.1005087412294,-52.4321972533987,-50.920375449266,-57.9730904986699,-56.6465396326161,-53.9664861663727,-55.9379201767361,-50.1785303536329,-50.229766679325,-50.4750402158924,-49.0188213303401,-49.4743621842026,-51.8696105189003,-53.9909672109049,-60.9901752252599,-62.4376844108454,-54.8490770689641,-54.7059879135401,-50.6508480166246,-50.5351409324358,-49.4646646803645,-50.8643375622773,-48.4368413881595,-51.1396312442478,-48.0605327338445,-46.7707700668954,-48.0474131448986,-47.0526374776041,-50.2973476705556,-47.904669275508,-54.445039564845,-60.0436442058765,-59.3666098733849,-51.8204770483489,-48.9563258239912,-46.3192025170573,-44.8226266748987,-43.5778980426799,-42.0671406952918,-42.3783248029238,-42.9661219388699
-41.6469565538612,-40.8432331153791,-39.969052001466,-39.9357816927497,-39.8411173577455,-39.7483751335327,-40.5457958181874,-40.9403644315163,-41.9314235120293,-41.759202857963,-44.3026309038274,-44.6285868943883,-46.4146486679568,-47.2393372515838,-51.7328224238932,-50.4449433270007,-54.9768457689426,-53.8940254436437,-52.8319424656082,-53.1058800971693,-50.7485186690607,-49.1621927909894,-52.8920589134314,-48.8009177968694,-50.2808022533944,-51.4593023336468,-50.4711877499965,-58.9794693816425,-56.7321254609101,-55.5636169149172,-49.9651273819368,-52.7821990117202,-51.3466277640949,-51.94958200474,-53.1303277432661,-50.1409999183348,-53.5195736623256,-50.0965962648254,-49.1399479722836,-48.6652151386527,-48.007399059172,-49.6409778605725,-46.2737497388186,-49.8917682787357,-52.3391807853243,-50.5999993043568,-49.8595383264854,-46.2708147723274,-43.8051912669724,-43.4994477596179,-42.9959628715372,-42.0513346347444,-41.770607140437,-42.1974646696918
-42.1607596448848,-40.9827770321126,-40.1729481325417,-39.5187837634475,-39.7900199615969,-39.0359327594937,-40.3559011712005,-40.6259375109606,-41.4323603731719,-42.1748973397973,-46.2050968989326,-44.9284404678852,-46.8414259082694,-48.6651692752759,-50.009846211689,-51.3667716214731,-53.5741320218013,-53.2369242083525,-54.2718472343154,-51.8258695855283,-52.3927254393036,-48.569852133626,-53.4714586125186,-48.7794733992736,-50.4658032131914,-50.4876983458821,-48.999205864846,-51.9973419601548,-52.4280358966879,-54.8288097905776,-48.3850520932508,-53.3144501955494,-51.8569298132514,-54.0580424799376,-55.0285152643985,-53.9130442537838,-56.6875152930307,-54.7849101606012,-53.9060935724509,-49.6658063760895,-49.5288001954608,-47.7266893193032,-45.4363603346355,-46.7351674595467,-46.2962759712654,-46.5578188004987,-46.2528668120714,-42.9518688533276,-41.6695052052199,-42.0317199402649,-42.1911947312864,-42.2838732653753,-41.7438530844266,-41.9831168762532
-42.7522326298261,-41.2489847849592,-40.6022848503248,-39.507591260016,-39.9402787058248,-39.1006638107886,-40.4402222943189,-40.946684787366,-41.6060291273,-43.8264431717316,-46.392484643289,-46.748911066446,-48.5466436090094,-51.8944443128339,-50.0057778564532,-53.8112790963216,-53.7520408043146,-54.2042399635265,-58.089391097721,-52.5377402930191,-55.3582946433134,-49.1386845276249,-52.367472834208,-49.3872892310868,-50.4740557198581,-49.199798913316,-49.0229290515236,-48.5920015291981,-49.584466172625,-53.0760176867967,-48.7912098171387,-52.4910532318611,-52.1117154408496,-54.9941206164246,-56.4986084564168,-60.858666538649,-61.1205737900977,-68.5795282041664,-57.2569796282937,-51.0132337883801,-49.9245370334764,-46.0207508690631,-45.5116823426279,-44.3974104233344,-43.1063003022525,-43.8975183434358,-43.1074081415903,-40.9167457373051,-40.3148612503968,-40.6502490513831,-41.1710805536286,-42.2913599599051,-42.2700634207113,-42.5194465184408
-43.31324934769,-41.6118595758774,-41.1039467753855,-39.8725295548489,-40.1722790453145,-39.8632297101069,-40.6899696771379,-41.7261763904184,-42.5269410629323,-46.0690660779561,-45.7368199456927,-50.7726087715781,-52.2849441299855,-57.2744202529913,-52.1114079972027,-57.0343845064011,-55.1218165652774,-56.8415001808902,-65.8790659839274,-56.010594086812,-59.2958574741617,-50.7783957881125,-50.6045290061135,-50.4713318336081,-49.7392854562458,-47.9108936074003,-49.7333199542899,-47.1845259187393,-48.0671552336843,-51.6070054739852,-50.9846429068749,-52.3996839691088,-52.9449454178511,-55.325305593473,-54.3943000970171,-63.3242586728031,-60.8831976358156,-58.0117952923663,-52.9673894082648,-51.5579818328901,-47.8622666930297,-45.2197970603575,-45.852359331746,-42.6452883528512,-41.4249401527834,-41.872041842967,-40.7763457144966,-39.8699179936838,-39.5997672137793,-39.5578107286697,-40.1028984854421,-41.6483264522452,-42.861732400291,-43.7341825810874
-43.8240447587953,-42.1056766015538,-41.5903883624676,-40.5507421452466,-40.4885105472201,-41.1211990001801,-41.1331015255182,-42.6622441218256,-44.043581692782,-46.8608767727265,-46.4730615131721,-55.7629401261602,-58.8961513561158,-63.2060621658593,-56.510603757634,-59.3160569495271,-57.7304990055831,-61.0913089691609,-68.5364861805422,-63.9673491455511,-61.500644551203,-52.0778415346061,-48.9833323504715,-51.3731401045366,-48.3265717885607,-47.1142242763758,-50.1799149206552,-47.2810850107273,-47.8942019354216,-50.6459857223168,-55.2103649261154,-53.2366787225033,-55.1795137169664,-55.355166355139,-52.046869143391,-58.9035699112599,-55.9113638987136,-52.6959189241413,-50.4854850686378,-50.095931978908,-45.923628944627,-45.3660203957666,-45.3647518862114,-41.6996133346805,-40.7128698387958,-40.3438102472512,-39.2890971859414,-39.4150193679281,-39.2536625582197,-38.8401626272895,-39.2086142071806,-40.4588555106777,-42.4057408160132,-44.568679661712
-44.3176460558455,-42.7648049363922,-42.0632535674862,-41.481216021386,-40.9938438354386,-42.4906105782737,-41.8897505069889,-43.4344081010114,-45.5158206788818,-46.0378428084186,-49.5067602165184,-52.7917004636716,-58.3021080537734,-69.6940150061005,-60.8935702789447,-59.9895472890813,-60.1206905639204,-62.6726210661214,-60.5767342151317,-57.5226200919813,-58.7395424459555,-51.558877584672,-47.9637144206581,-51.0283950516627,-47.1681393756401,-47.070483840759,-49.4984158961897,-48.5070300770203,-48.9739248809913,-50.0073078531658,-61.8891067047057,-54.1566772362105,-59.4284995319501,-55.8395987600388,-52.2887640217999,-56.254825392781,-52.8416856080917,-50.8521496058667,-49.8213281520928,-48.1527493195663,-45.3337416449152,-45.9233529038464,-44.1626274137445,-41.719377686991,-40.6793334097144,-39.4481208598463,-38.6716077642557,-39.2672491183809,-39.0406436527528,-38.4726931359995,-38.6327354291707,-39.2697834129651,-40.836218915943,-43.4552956654258
-44.8080279141112,-43.562352448501,-42.595729613173,-42.6041900743844,-41.8350237778152,-43.5046065316426,-43.0766404009504,-44.0547965386114,-46.1885139376099,-45.7694596869235,-53.5258126809159,-50.0831279711533,-53.8773415534007,-63.9053476800631,-60.365197314289,-57.2343959922719,-57.0025586916445,-58.8867229396435,-56.5081674733431,-52.29528869291,-54.7610841172507,-50.8073683982818,-47.6489133033217,-49.2889079386692,-46.7910233769868,-47.6190565088682,-47.9852635419972,-49.8531746120065,-50.8045203151582,-49.5371013809281,-67.445844959005,-54.618878863023,-63.5678071554196,-57.4517793075335,-56.0293565229665,-53.4743818213613,-51.4862645017851,-50.5817362039399,-49.9549948684522,-47.113321817592,-46.1358460090438,-45.9933435191865,-43.3724988841261,-42.7078536135999,-41.2003132042085,-39.3903269831636,-38.9386823405475,-39.2812481106415,-38.8794462390882,-38.3918985188851,-38.4020180667402,-38.4755895946112,-39.3034655101249,-41.3615824808282
-45.2715056710246,-44.4302977233918,-43.3103311960446,-43.8382868535934,-43.1709755355039,-44.0816105735608,-44.7120253748455,-44.9155062321752,-46.4309096354167,-46.922611130775,-51.0479189272321,-49.7741805277373,-51.8528911773974,-55.068262860576,-58.6224443906264,-53.117494976735,-53.0414652936844,-54.6993732425584,-53.4701660262256,-50.0784431422881,-51.5263052877709,-50.9837826255357,-48.0744280416945,-47.6182832376877,-47.3633487708444,-48.2340854014724,-46.7081200610911,-49.7877258224445,-51.7984461065758,-48.9355182199065,-61.8900434405528,-53.8693131204493,-59.0448290935153,-57.9064364687991,-58.3444359991311,-51.0475495144402,-51.2528023464928,-51.1252997039571,-50.1892216049655,-47.3753271717957,-48.0479787953824,-45.6544011205664,-43.6568453124297,-44.4921000404728,-42.3346054362818,-40.3712238423862,-40.051747173252,-39.4880512962677,-38.900041790243,-38.5846993728968,-38.4636607586577,-38.176985871945,-38.3939410699801,-39.6504085050454
-45.7181010859472,-45.3611254187438,-44.3908281819589,-45.1362822425911,-45.1675988366858,-44.7285035481429,-46.6401527536587,-46.4056225082601,-47.1652703480608,-49.6781340683849,-48.4328731926595,-51.2413486111176,-51.2198066901713,-51.07886182811,-54.7568009390243,-50.2529165318375,-50.4425976824132,-50.9537988337706,-50.7418567474506,-49.3465612610153,-49.306760721652,-51.6089740503283,-49.5997875323116,-47.2701526332308,-49.1314986920854,-48.5792869857084,-46.3173316038805,-48.6253725717925,-50.4756948000553,-47.8952961480113,-54.0694247698006,-50.7747601380715,-53.4155837285912,-54.9944885430861,-52.6354976027948,-49.8316078701548,-51.5529496634483,-52.1182827510629,-50.7226856845294,-49.1968380996775,-50.2568879539004,-45.917117948035,-45.2821964808041,-46.6395873311032,-44.320134874784,-42.6256915429614,-41.8769628368134,-40.1167647250645,-39.370975769343,-39.1064210581856,-38.7466782859148,-38.3058283533315,-38.1249132627401,-38.5803641144418
-46.2659538417725,-46.4750929808184,-46.1419306385524,-46.694958237404,-47.9780457000358,-46.1033287559585,-48.5686027654283,-48.633555580063,-48.8648084932276,-53.4360674812279,-48.4404047795961,-54.106723666292,-51.9517880297598,-49.609557356585,-51.0792181763061,-48.7089869439378,-48.6203864659121,-48.0203990951826,-48.3708580144232,-49.2010901129424,-48.1208123269877,-51.3273030457202,-53.4274819029641,-49.2685818492303,-52.8325582371481,-49.0139323207496,-46.9028748944445,-47.2415487768733,-47.8010426131355,-46.618546513986,-48.3779525917014,-47.2526005136727,-48.9663282218011,-51.8902046795572,-49.7452340254451,-50.0996464953027,-52.3090762136119,-53.9056755762103,-52.6091009732644,-53.1320875101413,-51.511173239715,-47.437377671986,-48.298430678959,-48.6215621518525,-47.5987191355102,-46.5435813271574,-44.214173128367,-41.5267106111052,-40.5385725361582,-39.972664365886,-39.2049005840904,-38.728999178789,-38.3128307782792,-38.0613416451433
-47.0591820067096,-47.9298476310407,-49.1212828811816,-49.2097829920257,-51.7611080482513,-48.7434735301791,-50.279123148068,-51.1685013241471,-51.5224045902823,-54.3011851261114,-51.5285790086848,-58.7631844710646,-54.8712320146146,-49.6971424400123,-48.8648041025226,-48.0385464729859,-47.0177836206976,-45.9926318278073,-46.4761074371884,-48.6772116962815,-47.8090861453532,-49.9595989558563,-60.940866952458,-57.1351507357815,-58.3845369433087,-49.9125134882954,-47.7014433706583,-45.6062988724364,-45.0522399621927,-45.4014299436645,-44.4846506747014,-44.6588733883697,-45.6854654625796,-48.7981316281099,-48.2209339922552,-51.459342571864,-54.3870261203521,-58.2058738702685,-58.3845747217964,-58.4121781315044,-51.6791448277059,-50.3202802970524,-51.9381823618817,-50.4474044874781,-53.0527334240367,-52.7601058761092,-46.9771998987231,-44.0181544971715,-42.3702213076937,-41.0043916432947,-39.8216225243364,-39.300725156548,-38.7337499742738,-37.9855105199599
-47.9218238084916,-49.5681742263703,-54.2421043167058,-54.6124855072004,-57.3011310928563,-52.7826068833221,-51.4557423018966,-52.7223101614848,-53.7299862177718,-52.2706476979847,-62.7517885609392,-67.863759812295,-58.7141300572234,-49.8691342683193,-47.625394660249,-47.5803272909406,-45.5248543932629,-44.7254513472835,-45.0270179382552,-47.0955798671632,-47.6478113889695,-48.4284405474061,-52.4985305866641,-56.6920986272487,-52.959724969524,-50.303570972444,-46.9317269081609,-43.8373068277642,-42.856172360601,-44.0799764181071,-41.9426280918751,-43.0131479606787,-43.4339273227268,-45.5280976397564,-46.0573148098872,-50.823569949482,-55.7053822149849,-61.6051365598355,-64.2366763948155,-54.3072742279804,-51.2594870670195,-53.6136922094018,-54.156332404704,-52.4072180410527,-60.1028263797398,-56.9806601477921,-49.9738623565441,-47.0130998235936,-44.064357891101,-41.8924802816722,-40.6100976800721,-39.9119195303124,-39.2386799462756,-38.293025782422
-47.8973313943552,-50.1281954775322,-56.0465778283041,-73.4750822766457,-65.2911683336011,-55.3138712128487,-51.2940139307599,-52.1789785261991,-52.4655151701525,-50.9404324817466,-55.372021528077,-58.3104387126732,-53.1402250792016,-48.5189365399421,-46.4208746936527,-46.625223132,-44.3118934467338,-43.9671487158991,-43.9077992441468,-44.8677142449486,-46.3451157145885,-46.8771570825564,-46.8584870800052,-47.0104023162729,-47.4695524540003,-48.0102574594785,-44.7616132642412,-42.3748056974205,-41.4347790606273,-42.4698189753243,-40.5025231996879,-42.0139974605469,-42.0113400325424,-42.7589668084749,-43.4771093753401,-47.0505115577554,-49.8146648890955,-51.6709626342823,-51.4457919668353,-49.5535527635611,-50.1352948409832,-54.1706472800265,-54.2608127353294,-52.9778950082624,-55.5434730184579,-53.2740673256039,-51.3302618112856,-47.7432945549366,-44.6221332843112,-42.6971799397137,-41.6604217903748,-40.6053010492144,-39.8525757642121,-38.982725027297
-46.3147777995268,-48.3922616037765,-50.4064789548068,-52.6215093460209,-55.0217722538501,-53.3450116900633,-49.9663516315631,-50.3146618093118,-49.8232891266758,-50.5893259234179,-48.5538150301386,-51.9947883497306,-48.6207949541908,-46.6292540707368,-44.8891004185081,-45.1206486010805,-43.4961998624404,-43.4407588815053,-43.0069851417071,-42.8143438563451,-44.0246768301487,-45.0118140678787,-43.8692692927782,-43.1946180886229,-44.1690891077091,-44.5715733760167,-42.8032811781373,-41.5168289875504,-40.8037040578246,-40.9272297857576,-40.0268581843697,-41.3524218952607,-41.2053317728281,-40.9174490739409,-41.6021995015025,-43.7160485012394,-44.8498502550398,-46.1316458706476,-46.2532052082002,-46.5338627058788,-48.2733008204237,-50.8626520571244,-50.753175865448,-50.3548047293124,-51.4951039230658,-50.9560910976827,-50.2618243346009,-46.9649350484217,-45.0553355139397,-44.077952781544,-43.2073504524688,-41.6674912123291,-40.775058938482,-40.0913125639292
-44.1962323545393,-45.852767740972,-46.9145336797597,-47.5145241668276,-49.1827508207204,-50.8003252786834,-48.7418735854571,-48.5631538834682,-48.123544993563,-50.6812202394245,-46.0705230496042,-48.8110830531761,-46.5003886188601,-45.5047150269995,-43.6442359707392,-43.7013709018799,-43.0774443648144,-42.9376609074916,-42.2604477774711,-41.3593036487951,-41.9005990450237,-42.9415527460709,-42.1892156814989,-41.5092131309412,-42.1742277711306,-41.9814768898861,-41.6282194581119,-41.355845806071,-40.8982455240777,-39.9828537882125,-40.3923711970113,-40.8581590558108,-40.8211166563631,-40.0521223000648,-40.7378203106505,-41.617606480832,-41.9384058242227,-42.9379442852652,-43.3734025798721,-44.5153824220034,-46.144988602205,-46.918650014632,-46.5482626948145,-47.3316536430934,-49.0786981549074,-49.864480405364,-49.446425463951,-47.6190383061946,-47.1026398686887,-47.0233728147779,-45.645540819572,-43.5291136837764,-42.2431126313348,-41.5738832276294
-42.4555121143369,-43.780360882046,-45.0275428786889,-45.4064127162707,-46.2600123224595,-48.5589119562163,-48.3052269835998,-47.7621872396614,-47.7410418655266,-50.5879053952102,-45.8243710262235,-47.3940488179132,-46.0117648687403,-45.4729574120006,-43.3301549353981,-42.9452341326049,-43.0198086854173,-42.405900301724,-41.6579041738128,-40.5835688804129,-40.4835163227008,-41.1242467795065,-41.2274074622066,-41.0831533232582,-41.2026964377459,-40.6796442898013,-41.3493092424036,-41.9005539987083,-41.6382000936138,-39.9670912658642,-41.3470729091448,-40.5606470942949,-40.7195447054483,-40.0597540428544,-40.7453897662459,-40.611600777894,-40.5519327149973,-41.255737013941,-41.8650542505565,-43.2394998269119,-44.3345645362777,-44.108192618668,-43.9239924656852,-45.3934544008046,-47.3597035234962,-49.029329070895,-49.293672465803,-50.1721247623794,-52.6939366108783,-53.5430546948903,-49.327839700335,-46.3981690373644,-44.2171178327332,-43.0333154188846
-41.2710713866103,-42.3911508153996,-44.0015900772867,-45.0098809777098,-45.3602731540015,-47.161195451146,-48.9162656783136,-48.3530274381082,-48.7278322519872,-50.2089860857481,-47.3808157918912,-47.2484816819422,-46.8109823249035,-46.6523469320805,-44.3391985023791,-43.182673836485,-43.2742465945679,-41.9410989644957,-41.2228343841594,-40.382337863972,-39.7894667736511,-39.9092458121861,-40.7162393868498,-41.4949857708309,-41.2480512378894,-40.7916219128142,-42.1115229090215,-43.1745192467952,-42.9685972108741,-41.0759422608383,-42.3681987085928,-40.6295344621417,-40.8605142525985,-40.7643129456256,-41.3169872613442,-40.5113095941574,-40.3705328268238,-40.7670060895289,-41.4213379299009,-42.664054414254,-43.2168643331264,-42.714025655281,-42.9577625328878,-44.6468950054398,-46.1734555389614,-47.8354260262537,-48.5549286468744,-51.427755611578,-58.9009623206313,-61.5371036807689,-52.3010279284716,-48.7422624304079,-45.791007784407,-43.7783506374347
-40.5290340301257,-41.5683186852948,-43.3233361399124,-45.6065780877682,-46.3402597882455,-47.4085354354646,-51.0979471053032,-50.8996250929909,-50.9948989297087,-49.9112538302219,-50.6740719953197,-48.2027099689587,-49.0331449667795,-49.5018066479675,-47.145450138963,-44.5703528285007,-43.6560761855359,-41.6570917940147,-40.9523066279391,-40.5184509700978,-39.703502666232,-39.4527165115912,-40.6229947835512,-42.4174171751667,-42.4201421928648,-42.564084997461,-44.2619415228864,-45.3112570455606,-44.8983783409232,-43.514753607425,-43.0037481163555,-41.2993112022015,-41.3203974332917,-41.9101193317051,-42.0632881165651,-41.1324021601851,-41.1746403644051,-41.3164831551958,-41.9301068074041,-42.8251572751977,-42.9697663495515,-42.6942789111975,-43.5047773516183,-44.9964818049441,-45.6446373825114,-46.5963167665046,-47.2324229110637,-49.0490652504804,-50.8885615177731,-51.8807539453497,-50.4011536266482,-47.9268219514883,-45.9266704093566,-43.9327283734534
-40.071061690326,-41.0950920939012,-42.6485820082876,-45.7638346675421,-48.7830139565662,-50.3035520417095,-57.1920102349888,-56.6227174846384,-53.2812471258844,-49.4871184118408,-55.2043808018362,-50.3686465181753,-54.2503458499109,-56.3727158449918,-52.4948127005408,-46.5605537363528,-43.6831570450053,-41.5206926248435,-40.7435928673652,-40.6669968810329,-40.0677062378156,-39.7918157304546,-41.0367831530502,-43.4975507745772,-44.7644070938031,-46.6205747093165,-48.6953111635969,-48.7018231318857,-47.5343028254555,-47.5255916916394,-43.6342023111807,-42.8498254144011,-42.2661111405884,-43.1548887120419,-42.6875723153692,-42.2625153354062,-42.7332074529646,-42.7910737855883,-43.3647519492793,-43.8148341946585,-43.7018053928482,-44.0153971167001,-45.4906359289262,-46.2895544910064,-45.9271058339979,-46.0519639667648,-46.6322146064092,-47.7049632852367,-48.2371100182085,-49.0195026384767,-48.3657341795912,-46.7412364624726,-45.6997498481202,-44.4633234285257
-39.8205097086946,-40.75246720023,-41.8727723408185,-44.2301310221838,-48.3252248482461,-54.0080353381989,-60.74452735755,-55.3870138920063,-51.980350790934,-48.049625502796,-53.5574303587555,-52.6681399249737,-60.3057896425063,-62.2709004983009,-52.8580613454928,-46.2696735375744,-42.8769775737342,-41.2773627060762,-40.418980465541,-40.5507946738017,-40.6209625154521,-40.8248920060349,-42.02054003448,-44.3891686320223,-47.4272648782314,-53.3612063303588,-59.3836076104722,-54.1873708622404,-51.057208609813,-52.3147597058686,-45.2057606573611,-45.5834549331993,-43.8979547596253,-44.1821512419529,-43.1922717282458,-43.6718306115467,-44.7091726833349,-45.0256588487391,-45.7512111957907,-45.8328057479783,-45.6077964061903,-46.7878466183523,-48.8568368377032,-48.2242302490089,-47.1037390795403,-46.6602064783992,-47.4420983176264,-48.4632237532089,-48.5933951686422,-48.962125020927,-48.062662998804,-47.0390247446782,-46.4070825570234,-46.0565666543771
-39.818056434649,-40.4420629783205,-41.0875730458919,-42.1362990290537,-44.3087277898359,-47.2495278032534,-48.921240229434,-48.2227539877589,-48.1004482691012,-45.7160485187375,-47.2985334769734,-49.2030923997754,-48.7179772848235,-49.3111735746721,-46.9008435505751,-43.4259616955836,-41.4530781715187,-40.6642623027106,-39.90855850024,-40.1118236446567,-40.9126730071689,-42.0591099400585,-43.3676611444602,-44.9216728390523,-47.752319293853,-51.7610642117477,-57.9511346165465,-59.1790527715326,-55.3327868782627,-53.4149227005435,-48.8775716959201,-49.3382728080395,-46.3227226270472,-44.9722128770313,-43.8480679837285,-45.1564858106324,-46.6000685016537,-47.6444407987488,-49.1409144051623,-49.3521806445832,-49.2978448552843,-51.6964245964089,-53.1721262438856,-50.200956328714,-49.0495305403763,-48.5733308658194,-49.8431361938632,-51.4156241369959,-51.3988628569006,-50.8424545584993,-49.3852110025079,-48.8970379381213,-48.3708620765135,-48.9319432334411
-40.1428517686292,-40.2175560969154,-40.4216040760611,-40.5420374229692,-41.2723813546746,-42.3186872333058,-43.604874309679,-43.8576174734052,-44.3104537476029,-43.4178995318592,-42.8123548298062,-44.2582431352304,-43.3703339372116,-44.0887838988017,-43.1068384107646,-40.9280558464359,-40.013218623717,-39.769257342331,-39.3460072074565,-39.518505415905,-40.583241203801,-42.4135621453306,-44.1593033518476,-45.0442019073705,-46.475931390777,-48.6426808984121,-52.0780963361589,-55.6656240424481,-58.6951156948235,-53.3670354604446,-57.9192304139661,-51.1877430760976,-49.0562950789803,-45.8757133414022,-44.9904189243049,-46.4921314563938,-47.8190533224321,-49.8121709052068,-53.2084513157564,-55.4424736950907,-57.4671267217855,-62.4881671253166,-55.2743054849028,-51.3559931686132,-51.0627588302817,-51.415164269488,-53.4387734871309,-57.0445127376113,-57.345576319872,-54.4998821906006,-52.1312817957147,-51.8931231949284,-51.1413880639703,-52.5318536264372
-40.7738433225374,-40.1460732526791,-39.9243116118865,-39.5680776467511,-39.5005638059351,-39.6278487528323,-40.4933052155263,-41.0174434674395,-41.3255518833233,-41.5635584216394,-40.0860025302469,-40.9754690966373,-40.5099324920337,-41.0289826309755,-40.6858265041534,-39.3633594017771,-38.9235797381222,-38.9152824595932,-38.8969695203046,-39.008677112602,-39.8843744299349,-41.5637639592657,-43.4836415395026,-44.6609773339284,-45.8291369335086,-48.4081630847402,-51.5674984150229,-54.3506979737194,-60.8737694008151,-56.7775130305423,-58.9193136616318,-50.1767924542166,-50.3184014342009,-47.2693148881287,-46.8174222701002,-47.3283082552751,-48.0215512470893,-50.3868713400586,-54.535015149434,-57.5047399854889,-60.0153107483324,-56.3384270113749,-52.4861355894901,-51.1862198214029,-51.8760831880195,-53.309146165127,-55.7560755152082,-64.0191294894639,-73.6216396182411,-59.7981149433109,-55.7644162249477,-54.7197924804398,-53.2094500158782,-54.202579075483
-41.4444282639489,-40.1489254486461,-39.5289219830903,-39.0171844666468,-38.5930886930276,-38.3036040237432,-38.7188635517777,-39.2470515950215,-39.36593685716,-40.233651254594,-38.8661977923832,-39.2106318215193,-39.1885743317639,-39.2744981632876,-39.1701478245774,-38.5718073856022,-38.3000967946199,-38.3208558115376,-38.6084353069405,-38.7523696652999,-39.3796681198026,-40.5898784175128,-42.2456552460659,-43.9502169371688,-45.9340637514503,-49.6785533278422,-53.7203207893443,-56.2099776378851,-67.5950349188805,-71.855005846615,-52.1162992445044,-50.2458185852026,-49.8242912432751,-48.9772991195158,-48.8913554075264,-47.4022769686353,-47.3521933134632,-49.1700758393372,-51.2196415406952,-51.3476520485829,-50.8186687826247,-50.0321500565792,-49.5187294946166,-50.2086013141916,-51.3300840031182,-52.9001679010274,-55.2554441969176,-60.4039813603228,-65.4358138149748,-62.7241035387529,-57.9054933426417,-54.7918614549219,-53.0817316040591,-52.3768584765271
-41.6411247921035,-39.9871832312273,-39.0897697788146,-38.6324765990035,-38.2021798288928,-37.9014798707242,-37.9752453505539,-38.4347349376124,-38.5390974142451,-39.5532557882379,-39.0382697922457,-38.7794656977621,-39.0601651793929,-38.5672097690837,-38.4142851961793,-38.3774457358501,-38.1520383035896,-38.0677439657872,-38.4727946642141,-38.812184611538,-39.3934995058069,-40.2647374254017,-41.5878188046575,-43.4426353869942,-46.2751517156138,-50.5710286234241,-55.3997833990603,-58.7224442036999,-68.9699205950029,-57.3076664753738,-51.4088861680884,-52.2455293465485,-49.3845473806265,-49.57029239393,-49.2976460995817,-46.8683426394326,-46.2410627992963,-47.1527995555763,-47.817172283707,-47.7640710667054,-47.3159053685901,-47.3251791755893,-47.8666499999563,-49.2870145946903,-50.367979206046,-51.8724161329899,-54.3325930172867,-56.9852612623012,-60.6452597316353,-59.2637865225566,-55.8424396764174,-52.1750407588056,-51.0564324702214,-49.5385109813282
-41.0719152986243,-39.4724018891998,-38.508154798865,-38.213245242847,-38.047242016939,-38.1164577370229,-38.1210014607901,-38.6066263304409,-38.9813711993169,-39.7943874899973,-40.6061447915278,-39.635534106762,-39.9329964864638,-38.7997115340819,-38.3900502156189,-38.6877265668573,-38.476732157738,-38.2395759277002,-38.5797756595015,-39.1810252627215,-39.9272432309517,-40.7061525456754,-41.7956433089467,-43.4984108479645,-46.5516785311191,-50.4896834321143,-54.0013756128901,-56.7528978595428,-59.1924344443981,-52.8364296426942,-54.7985726006844,-53.4762477079477,-49.4226837412138,-48.3180110326386,-47.5697460143565,-46.1097355982704,-45.18234486157,-45.2853441758076,-45.404463236312,-45.7270533802722,-45.8140257262834,-46.3498624027596,-47.3980432388145,-48.8518423743184,-49.7531246296711,-51.3122995846354,-53.957187951863,-55.5118289324179,-58.6924652854432,-56.0159674831088,-52.9157052630845,-49.8011875617649,-48.7328296737216,-47.2999188568071
-40.0322825054345,-38.6903566081234,-37.8412044268229,-37.7052983929254,-37.9244501844882,-38.6169527015788,-39.0199672945419,-39.8688492225602,-41.0034605605624,-41.4463765459023,-43.7242486128213,-41.8118714070335,-41.5844556694948,-39.8768030862637,-39.1229124207043,-39.5163958189016,-39.3367710811751,-39.0187770036395,-39.1598264353527,-39.8628694293135,-40.7268866881202,-41.5511165131259,-42.4967563100648,-43.939035028448,-46.6919169010818,-50.7416500406262,-53.9946281192878,-56.9182165759847,-56.7539857575142,-52.6923964955452,-58.1238721524028,-50.5300151973995,-49.2754370260826,-46.8273708118797,-45.7990710250107,-45.5172242233724,-44.6356632569093,-44.1131109838869,-44.0012027910291,-44.6275571594626,-45.3425380470234,-46.3052751912667,-47.5942256336749,-48.8607738692741,-49.9442289827005,-51.8836679077744,-54.7287188583833,-55.6690152310056,-57.4827523477979,-54.1720053007435,-51.128678734024,-48.6573113645546,-47.1939044249886,-46.106363932462
-38.9492816101638,-37.8901050068755,-37.2460597678158,-37.2012215975106,-37.7360086412195,-38.9599720468019,-40.2957898631694,-42.2597828330125,-45.3347351145979,-45.7202739722105,-48.9898839103385,-45.1833025855038,-43.5154835861285,-41.622110069324,-40.6964229857514,-40.9996255842716,-40.9419742616008,-40.717649116344,-40.5161970810452,-40.9325055461948,-41.4632073747337,-42.0567593080968,-42.7543725532307,-43.9816696590189,-46.252857961389,-50.7961573397581,-55.9647626106814,-66.9633987491473,-55.5527275313877,-54.0340691042017,-50.4816703290423,-47.6135237645191,-48.3445901691883,-45.9898455610088,-44.9342968658957,-45.4888059081744,-44.9710121791463,-43.9754552048258,-43.6280847194853,-44.2135640981513,-45.2537478922541,-46.3508560271436,-47.5383755930815,-48.6524524641156,-50.3632505973816,-53.6012653704817,-56.8565076517354,-58.0189023222179,-57.7638370658427,-53.3995980939958,-50.2373542719995,-48.2844939056999,-46.5384825674418,-45.909282369488
-38.0465015243131,-37.2618977154296,-36.8498352390215,-36.841372813479,-37.5033011782273,-38.8124384408046,-41.0160563277579,-44.5605641373172,-50.4504532015699,-61.2125245398397,-57.5918618700664,-48.1846472986539,-44.7535037305647,-43.7083715776253,-43.2655889913691,-43.4118631937382,-43.7797286003148,-43.8757583824613,-42.9774771536297,-42.4777643790687,-42.0552244170783,-41.898745956073,-42.1122345190857,-43.1025625488178,-44.7952239145053,-48.1297974318011,-50.8746758217073,-52.7592102413995,-50.5815563320245,-49.8847321436938,-45.8695063972774,-45.7569913689784,-46.903172043877,-45.8225030908202,-45.2227980496193,-46.4879833663713,-46.5503919103886,-45.1991846141707,-44.3539949403261,-44.290596843748,-44.9012109001242,-45.6092804298986,-46.3236150633095,-47.0606618916164,-48.482226203395,-51.6753154068679,-55.2481369716076,-63.3872867684581,-60.0369034165144,-51.9241313217885,-48.8269882340778,-47.449674302692,-46.379473777997,-46.4351392037068
-37.4202397632736,-36.8932001567308,-36.6987399105692,-36.7188551791145,-37.3247139973121,-38.3247461271613,-40.4717661225282,-43.4254481117066,-45.6846454275096,-48.7086345922185,-51.1927416663645,-47.7114078842361,-44.6928069117551,-45.6162157424018,-46.7671101463208,-47.0749343146076,-49.1354792370657,-49.727707276723,-46.6760460293988,-44.287728066634,-42.5863646014835,-41.5214011586441,-41.2012739126592,-41.7883281950869,-42.7732445564724,-44.2285215621226,-44.8696463708842,-45.206623923324,-45.5139682388789,-44.9970545687498,-43.293897511411,-44.4590431433695,-45.4629260427063,-46.0623593648527,-46.7826700257765,-49.340879401504,-49.9965344254975,-48.1189934010008,-46.0741738928703,-44.4866017084616,-43.9078879486684,-43.8952318240225,-44.0753826568986,-44.3156844106001,-44.8942367280422,-46.5531102454835,-49.3573265692513,-53.9003109008661,-53.6064863084364,-48.2387972917329,-46.2121033391419,-45.7583697658422,-46.2146084060778,-47.1607427070147
-37.1527883997108,-36.8284058236011,-36.7877644228508,-36.8514221168983,-37.296165430514,-37.9094772469744,-39.3743697816688,-40.8420011184965,-41.9424354373527,-42.7024234608007,-45.1635090535921,-45.4538557674613,-43.9952582060502,-46.4514534597482,-48.7516328491639,-50.5696367816448,-60.6128897471695,-55.7460493248306,-49.1059636579388,-45.2396708739583,-42.7678792036456,-41.1334547045354,-40.4436835278242,-40.5402164741909,-40.8462694232202,-41.0917798051406,-41.1414754768246,-41.2484604549573,-42.1132207113779,-41.9339779071012,-41.8717948924705,-43.3858028127412,-44.2346119010178,-46.2635265471589,-49.0689199367799,-56.9069418496591,-55.6108026253346,-50.825584992444,-47.3220133552709,-44.2007658973316,-42.5267219342789,-41.873661455879,-41.6971134262235,-41.7068736841521,-41.935271733605,-42.7641172663171,-44.6619308959249,-46.4286454488827,-46.3888035342617,-44.3503221159869,-43.5733153361835,-44.0019274483427,-45.5471159467891,-46.9697707126446
-37.3630468076469,-37.1303592558289,-37.1188357219977,-37.2087398787507,-37.4574870147833,-37.8051464733177,-38.5632204208994,-39.1888986918254,-40.297610575129,-40.5350942130094,-41.9611212351581,-43.4260130147715,-43.5023414914308,-45.660684306325,-46.7656099791387,-48.8479456950951,-50.9263289612974,-48.7767502535871,-46.7009522658603,-44.3286252107914,-42.120435731225,-40.5441199622805,-39.8029493560819,-39.5147989344194,-39.3547913635461,-39.0381686854887,-39.0437040872104,-39.1889305293519,-40.1106021042015,-40.2288626354113,-41.2094808401609,-42.5070224292604,-43.2281774639422,-45.9202226094345,-49.0636454521862,-55.7608453794919,-52.0603060077785,-47.7423908841928,-45.6909556448858,-43.2013953712288,-41.2907688710131,-40.2427144864472,-39.8535237445462,-39.8302741926985,-40.0169765420577,-40.3815546394172,-41.348561003982,-41.8589034199663,-41.8493773124685,-41.4641303438757,-41.6135960797121,-42.4431986377049,-43.9290108096981,-44.9993801312196
-38.2347281555251,-37.9192313849048,-37.7441828432602,-37.7578922009105,-37.7879969245963,-38.0016735862767,-38.2667030879079,-38.6072792702402,-39.8748670636897,-40.2911289575576,-40.6553628328975,-42.2795942762673,-43.6694666554959,-44.4546905049647,-44.7403063060313,-46.0548695298714,-45.995007235913,-44.9437211082607,-44.0505265342179,-42.7111742675625,-40.9996857443156,-39.8555225765612,-39.3215906794019,-38.8576103981178,-38.4881000826186,-38.0535233222532,-38.2029462938261,-38.4727884722485,-39.1833505551966,-39.4848726133094,-41.0700917167619,-41.8844957929482,-42.4140101390382,-44.9192626660534,-46.4685116753983,-47.3099564228406,-46.6277235460786,-44.3829401318852,-43.235735105487,-42.0072240484878,-40.5384170909928,-39.3451871016374,-38.7985881704024,-38.766747451049,-38.9744257087934,-39.0296750282719,-39.1728767650607,-39.0956366833713,-39.1498450959109,-39.6545410239286,-40.3161243144452,-40.9406582868373,-41.7149233422355,-42.4071498162247
-40.0771889035573,-39.3882865365716,-38.7520135857923,-38.4673831442215,-38.2201517312437,-38.3380923697992,-38.3893792127454,-38.8490422588386,-40.1321509021133,-41.3780006790671,-41.1206830476635,-42.4969535339107,-44.8062821071758,-44.132881742459,-44.0015074311433,-44.5694335234541,-43.7668654624001,-43.041936462479,-42.5127340767567,-41.5037304326632,-40.2018896492123,-39.5360848651102,-39.2601553817849,-38.7839698631154,-38.4009013071047,-38.1341341353297,-38.4541450722265,-38.8413012401687,-39.1099030962033,-39.4935972239932,-41.227497519238,-41.5230006725022,-41.8155733548707,-43.6531040276797,-44.2609145372425,-43.5783548655595,-43.668211261088,-42.7274749459628,-41.7900488947342,-41.2040997355526,-40.3428513955814,-39.2374963355263,-38.5470771490147,-38.429246161948,-38.5881880465926,-38.4430250790955,-38.0205577551781,-37.7420404994696,-37.8850461403763,-38.7956121398814,-39.5180325255988,-39.6429517321869,-39.8219410042726,-40.4031133996295
-43.5157963317553,-41.7512236357844,-40.1380514816196,-39.2180289018554,-38.6314287694259,-38.6112168417327,-38.704227664528,-39.5378335504604,-40.6730270777103,-43.1660192106545,-43.7244499758947,-44.7321562613205,-47.3585739443278,-45.2281939030646,-44.4067205949834,-44.0797611887553,-42.7876019231197,-42.2397195896595,-41.87137042068,-40.9872803670793,-40.1403331818973,-39.9304136459116,-39.8432138747357,-39.471448990334,-39.2353928704434,-39.3323028571585,-39.757220859972,-40.1579448511664,-39.794295588383,-40.1968856406187,-41.43448240451,-41.3741997708737,-41.5107134044224,-42.5668951043121,-43.0079152607368,-42.074734876601,-42.4919164994175,-42.5276256841064,-41.6116518690211,-41.0783320772711,-40.5762390150188,-39.7409688243758,-38.9586284742859,-38.659893653353,-38.6573401971622,-38.4452037034187,-37.8382849359387,-37.6377038125553,-37.8855362384996,-38.7790628925707,-39.1912879860971,-38.9323435457603,-38.7943722932279,-39.3300885064815
-49.7532481424858,-44.5947532630096,-41.4450259441253,-39.692315023565,-38.8371720968052,-38.6628486731814,-38.9485184497819,-40.1171045668712,-41.2325112146173,-44.3727539106859,-49.5702434842716,-51.0151677196967,-52.4321455057328,-47.7338702404619,-45.5893007052826,-44.1976549676555,-42.6782215533664,-42.340560467942,-41.9694270738156,-41.1916810188554,-40.8838946503027,-41.0634772426705,-41.0536199298757,-40.9617561058337,-41.1236783312976,-41.7875760011018,-42.2099084437644,-42.394800901196,-41.3211165825079,-41.5791095973002,-41.5322367852089,-41.3749544026425,-41.5536472914782,-41.9354448072299,-42.6605157939016,-42.3312570946069,-42.9948237095275,-43.7035039211916,-42.7288833359007,-41.7085259812436,-41.0000034973633,-40.4349544948065,-39.7421656090548,-39.2520357732967,-39.0270534547647,-38.9238906591015,-38.598606238087,-38.7453120464322,-39.1123374420902,-39.5766569859115,-39.5011332238599,-39.1003891194898,-38.8092446708158,-39.1868201895026
-49.614722471636,-44.7392284609091,-41.5615871888314,-39.5509060956478,-38.6903612404899,-38.444479411733,-38.9362988669783,-40.1001242766233,-41.6030752657858,-44.1583588257013,-50.8519486986647,-61.6067948129305,-58.6933702767008,-49.8542703351219,-47.0644036216013,-44.7987999040063,-43.5193159690013,-43.4179517194722,-42.823459815002,-42.1383860690826,-42.3058637856811,-42.600988916401,-42.5204263565778,-43.0007273381802,-44.0939396502133,-45.7607826077586,-46.2469443802402,-45.7578767440877,-43.946537335547,-43.3357102202501,-41.5739772710679,-41.4699202165279,-41.8919382646449,-41.8820052595891,-43.2648248601084,-44.4604961554032,-45.6155435480204,-46.5707027067242,-45.1475884710507,-42.9847080434557,-41.4468032980282,-40.8867130855569,-40.5213090804065,-39.9873953169689,-39.6205220910551,-39.8300530640931,-40.3015165973037,-41.1374505680104,-41.6387452241015,-41.3177249508517,-40.7277430179013,-40.2805017891578,-39.8970457636474,-39.8766490447713
-43.6707942168166,-41.9505085278267,-40.3114317663921,-38.8900013018832,-38.2496671958191,-38.0504651472293,-38.6476664245994,-39.5443547310755,-41.477714359353,-43.3002275030742,-45.152090055551,-48.1178225668867,-51.1851402189969,-48.9917894624201,-48.5235056196933,-46.1106961611541,-45.7147385508841,-45.7572673813559,-44.649524095804,-43.9011624380811,-44.115402747357,-43.9273080648491,-43.63510483151,-44.7709778969139,-47.2941223006256,-50.8699140759438,-53.7540666531187,-50.9520030655791,-47.327409611067,-44.3477990135846,-41.7432605861458,-41.6310416300555,-42.3408315824254,-42.354302740029,-44.7001429483691,-48.5095942191777,-51.9834658509907,-52.2959480225216,-48.0286929718434,-44.399593955506,-41.9634990134727,-41.1166120523891,-41.0658967980429,-40.7081633736415,-40.4483352921295,-41.1905602694349,-42.995063394511,-45.0310353615357,-45.7141410635631,-44.4460915102046,-43.1883525518938,-42.4385272479586,-41.9822898689845,-41.2503885702457
-40.5600176765762,-39.6232513528576,-38.8627418810537,-38.1453925662799,-37.7474909939861,-37.6565161007219,-38.2076063213399,-38.8609523546616,-40.6702475999344,-42.2610277825995,-42.6111488488729,-44.3678043211436,-46.6066314738489,-47.6483724529422,-49.6765620520896,-48.5440647871632,-50.1650574271267,-50.1732839873363,-47.9540801704534,-46.5593993536311,-45.8677509820506,-44.6166022252246,-44.108311339411,-45.3281709054618,-47.7366994625877,-51.0144146620901,-58.648880872806,-54.3161860130175,-47.2593304333931,-43.7880496439849,-42.1412645587993,-41.8447679696133,-42.6518249019693,-42.9998577372586,-45.5639208396964,-49.1723190824919,-54.0518128054658,-56.1891044501896,-48.0687891914041,-45.0270796823367,-42.690551117539,-41.4858485992188,-41.4345373675274,-41.3762699464441,-41.5643444539428,-43.0555531356076,-46.594769892777,-50.4720271414252,-52.0285343122124,-50.2395714999518,-46.9811007798664,-45.1818463775724,-44.6909880466886,-43.0474103790438
-39.1059685831395,-38.355320154369,-37.9075393087566,-37.6373092028627,-37.398364832928,-37.4069987990277,-37.7946099057195,-38.3468944889152,-39.5243594342166,-41.0052656907426,-41.7796476322676,-42.9859335615816,-44.214005235851,-46.7651364624279,-49.2146162702941,-51.6480921051176,-57.3881389015114,-60.8875604362371,-53.1106301930939,-49.4930947702287,-46.8991507105915,-44.6077887201171,-44.0572554954521,-44.8039678924069,-45.7425217434197,-47.4010965959641,-48.973029612827,-48.1910942376821,-44.0730929173662,-42.6842185764596,-42.6087902924898,-42.0411775954697,-42.6420924952517,-43.2178978394363,-44.1363427008547,-45.4099399773923,-47.0641172288693,-49.302479296587,-46.0395036765873,-44.7188096316119,-43.6359404538591,-42.2329526257924,-41.826894022584,-42.0664088281367,-42.9572917793921,-45.1409354019732,-49.1187965062307,-53.0386282834216,-59.9395892216776,-59.1970354558651,-50.0647631369004,-47.6222772330388,-47.0124947233051,-44.7481260803956
-38.7156189195042,-37.9826881560933,-37.5724145866352,-37.4761740573839,-37.3148753262533,-37.3773123191603,-37.5776817536235,-38.1250391419343,-38.6138375068149,-39.8076720151302,-41.4930487016553,-42.4289424243367,-43.0618882109157,-45.4883588625419,-47.1667498401706,-51.137021855773,-53.0816588141519,-58.3517729386082,-52.8149496831309,-49.6928427479179,-46.5764668787667,-44.0362226451109,-43.6617011486506,-43.8567048216358,-43.7985414251318,-44.6471428743855,-44.5373916022205,-43.750782233972,-41.7994121536243,-41.8708027432378,-42.6866365302449,-42.0694263140484,-42.2800703674786,-42.8416698430899,-42.3204267015271,-43.4032484471664,-44.3024434176618,-45.8378671945719,-44.8293905194658,-44.3763823612283,-44.5845457271312,-43.372065257122,-42.4445445566221,-42.8981453141634,-44.3930584053795,-46.1622204792021,-47.7054574001725,-50.6374948348731,-55.8606378799632,-51.9570426988468,-49.6251762676298,-49.5166418171009,-48.1637993401441,-45.7904267815358
-39.0708380522457,-38.3066701049133,-37.8049001065541,-37.6683797847841,-37.5435360365537,-37.6193707479451,-37.704546066476,-38.2565630937122,-38.3314392848472,-39.1395844839288,-41.0583372416546,-42.002214919028,-42.7526125753492,-44.013645245667,-45.4911669334669,-48.1725775886419,-49.0426192679134,-50.7898511143585,-48.4713888291311,-47.4888866285912,-45.4473462424563,-43.4632933507924,-43.3039538478869,-42.9977374792608,-42.452419413712,-42.6941096958567,-41.9501511747558,-41.0690262158332,-40.6515407308242,-41.3561549442986,-42.0377013980394,-41.8306321053366,-41.7124826140607,-42.3882524303507,-41.6805704893304,-43.3061877566022,-43.8667727008583,-44.642457392935,-44.8854735041441,-44.6298761084356,-45.2227280185982,-44.7075497738381,-43.4387229793431,-43.9438227764998,-45.4083587858202,-45.497516403998,-45.9319041309762,-49.28162793657,-52.2668139609813,-48.9668962868422,-49.5547354287986,-51.998860575961,-49.0471535078665,-46.5273146074614
-39.9268967690726,-39.1373932110923,-38.5157184559897,-38.2083661118657,-38.1230937989462,-38.2146240231866,-38.3143562280451,-38.8280033890866,-38.8942538971587,-39.3459139670328,-40.7169708112862,-41.8037704452031,-43.0662388457344,-43.2674451930719,-44.9937091405533,-46.4400743741606,-47.6456386580741,-47.9449121712553,-46.342495968359,-45.9743302764256,-44.6818947599842,-43.5662011703867,-43.4763327899335,-42.6452892583794,-41.8156604729672,-41.4232008365755,-40.4691982263901,-39.6170697473752,-40.2373225906461,-40.8918836313545,-40.9379005551222,-41.3825125816263,-41.2031690917598,-42.3292639078727,-42.5073714613044,-44.8820196383363,-45.264245416234,-45.2664010254672,-46.171534797141,-45.6294716635806,-45.4518876097098,-45.7131502182499,-44.8017199839018,-45.1556933979349,-45.8295842485182,-44.7990983460544,-45.5960368153737,-49.1290228574778,-50.6609518924492,-49.2169309559231,-52.0282622867315,-56.3348901454993,-51.0317573010938,-48.1130585411221
-41.0589337311072,-40.2871020581274,-39.6157712773901,-39.1286090941656,-39.122192142016,-39.2895085647294,-39.5558934057605,-39.9940471082624,-40.4578805997994,-40.6597434361064,-41.1246207068535,-42.3013730654372,-43.8923340020056,-43.7409879519441,-45.6775540921451,-46.1604908556979,-47.7074916567524,-46.9920146535191,-46.0671130219602,-45.8363761825033,-44.9445820459605,-44.7861509377103,-44.5206723008509,-43.101598554448,-42.0012507082607,-40.9189264978028,-39.9028291543362,-39.1933237606771,-40.2086852740702,-40.3364019428075,-39.893716092705,-40.8314985460788,-40.9688470635973,-42.7790374972547,-44.6997191424487,-47.9123098099315,-48.8048419460477,-48.1704592094313,-48.6324976295051,-47.205180390952,-45.5038653846662,-45.8615338581047,-46.243169300417,-46.3659535028633,-46.1177490500117,-45.2377571445567,-46.7041496165548,-49.1612891097709,-50.2578562784519,-52.0401909428035,-58.8497388327048,-63.2813013232254,-55.8849336940721,-51.6328368556378
-42.2972056045869,-41.599825204779,-41.0295073366187,-40.5149561496299,-40.6579641848565,-41.0161330229269,-41.6121880370394,-41.9970334587719,-43.1782901416746,-43.3238115567517,-42.7767692099653,-43.8858708723979,-45.2648619351757,-45.6233915251716,-47.1731024092031,-47.087747527956,-48.5389902237972,-47.3103805605992,-47.3759642310785,-47.1862505740246,-46.588467483227,-47.4316185153541,-46.6202274270896,-44.5703103845135,-43.1166605964883,-41.3260736437257,-40.2228913593127,-39.7083161228747,-40.3447844184039,-39.7967082511084,-39.2269677829905,-40.2704440424541,-41.0552673166059,-43.4678639515472,-46.981012990411,-50.1827299965032,-55.3088214656253,-56.4374970205062,-51.406152930704,-48.6221833667996,-45.668268073992,-45.5263993393638,-47.3332747224697,-47.4102261530037,-46.8846447077332,-47.3134686462862,-48.8504244827142,-48.9111789392871,-50.7277625158627,-57.3131793169803,-60.4179956837791,-63.1462393019834,-67.7502038012386,-55.2566368330271
-43.5819070560298,-43.0027298093752,-42.7124318600246,-42.5021171174843,-42.91991729526,-43.6537395677778,-44.7493427232255,-45.2096300159615,-47.1707899154242,-47.6808834280151,-46.1588884529939,-46.9305705383232,-47.4142915427219,-49.0349823330142,-48.8134806434912,-48.937037835134,-49.6147892700051,-48.7435637271887,-50.3225498238484,-50.2945697628222,-50.08747482567,-51.8970980578518,-49.8511325757775,-47.1646675728639,-45.2136438806738,-42.7603605029501,-41.4362610378336,-41.0743870381092,-40.6113592454307,-39.5531979762218,-39.1216128298163,-39.8695197944873,-41.326776081415,-43.6152576231071,-46.3068478153912,-48.1183492300668,-52.7506446800111,-55.8541209610437,-50.9887387811627,-48.5524977091807,-46.0299335524143,-45.433335852739,-47.8867705867235,-48.3161862036453,-48.698160393337,-51.7960899827249,-51.4500727798231,-49.2766101243702,-51.852414090021,-58.6420815856972,-53.7239171605901,-59.0131641496895,-55.5324104654605,-51.8357679798656
-44.9233337577984,-44.4986028282022,-44.666055078025,-45.2665460039966,-46.2313176131715,-47.7000408559651,-49.4462791805532,-50.297353208995,-52.100406504288,-53.8408378169371,-52.435147666128,-52.2180945020796,-50.8514504571645,-53.9689333457237,-50.38728912762,-51.2832176530255,-50.7229839483609,-51.4342021071284,-55.2230564620888,-56.0352115351432,-56.7758895871005,-58.9924157019891,-53.9051065993727,-50.5097667991812,-48.0156786412924,-45.1102033002395,-43.4703914274204,-43.0938501741671,-41.1564806573998,-39.9141255254479,-39.7333546831512,-39.8858528492743,-41.5753712593983,-42.6579047258593,-44.0217281814732,-45.3015090636405,-47.0976328404414,-47.1606531754245,-47.9460630535219,-46.9822131494726,-46.3999228406215,-45.7028848852996,-47.8011496613261,-49.3125470437045,-52.4404755824652,-61.9526526621998,-55.3742384838133,-51.5043286115968,-53.2721438147844,-54.6461938634131,-51.1457447239576,-56.2530376031152,-50.8976062971884,-49.2152596326827
-46.2587163146102,-46.0445685297643,-46.8506104805482,-48.9130933072707,-51.0348733394824,-54.2114337034913,-56.903365834134,-58.9127839180886,-56.3493649409995,-57.8657472694148,-70.9980059495679,-63.150644865746,-56.7425206940861,-59.7774930373297,-52.5956909185889,-53.6212342442171,-52.1337828450185,-55.9255699193637,-61.0831681025461,-68.6313802132393,-71.4006823563234,-71.4238459858138,-56.9515618804434,-52.6515148838139,-50.2128250727095,-47.4295430139866,-45.979455130158,-45.3176569607172,-42.2301461319954,-41.1434335233258,-41.203381767239,-40.5529888375921,-41.7134515508201,-41.3202331346775,-42.2486550483357,-43.3178488163679,-43.9844209848812,-43.5289955415617,-45.2378697694962,-45.151066206691,-46.4168748564285,-45.8490343708242,-47.0102464136981,-50.3682397171426,-58.051425130188,-61.367469918615,-70.4905541729022,-56.2847744614864,-54.2363067266591,-51.5393881319126,-50.3788946341699,-53.4800097729678,-49.3073310934122,-49.0301057591772
-47.3163515000248,-47.3628096554177,-48.7195906229407,-52.0658678066635,-54.8054382126181,-58.6406672503798,-69.4602531722927,-74.7954217195008,-58.5836588098523,-57.0349447906782,-58.2719990863634,-63.8625235241655,-64.3966701734673,-62.5884921778055,-55.3914267529691,-55.7350247600811,-54.4783857760636,-61.3710770378492,-61.0041800314146,-67.4304842977794,-62.5248619314931,-77.2349223527691,-57.8577581663268,-52.9911382280236,-50.7852010197208,-48.3963485660531,-48.3132688205048,-47.1398037774658,-44.0660040001918,-43.4279030571229,-43.5090051200777,-41.9735452893307,-41.8596682945778,-40.5389218625445,-41.2457473378167,-42.0204355564852,-42.2315769818795,-41.7979070579127,-43.2557911002673,-43.6728463046007,-45.8025578867746,-45.4866123939166,-45.9786874579855,-50.3226138044966,-53.4906700740214,-55.1334956978166,-56.6711116709866,-55.1018281277895,-54.1773551258595,-49.298979906888,-50.4783268561883,-50.7080596655558,-49.245473064105,-50.6496007068314
-47.6318018893412,-47.8745764737416,-48.8014423334411,-50.6142361569587,-51.5409948451127,-53.6591367825387,-60.283171494582,-63.0895018017178,-56.9713425121169,-55.7202712609367,-53.7377498135987,-58.2211523881065,-58.212858156246,-58.1865678759582,-56.0629289174272,-57.6511438008669,-58.7746777848232,-59.1782354711739,-60.3715425537316,-64.3770131638503,-61.4355299493396,-70.7089177059987,-59.348895897011,-54.0591708873183,-51.3653205566004,-49.1434298443635,-50.330134394435,-48.4336731256869,-46.6523567722703,-46.6518048229778,-45.9056872482553,-43.9878733316517,-42.2602984392345,-40.7551233988253,-41.004312934207,-41.2899371041171,-41.3004751026259,-41.1352010877786,-41.8902402020374,-42.6270859148829,-44.6069209186881,-44.9210556586551,-45.268386742708,-48.471431083713,-49.0850007698772,-53.1742032644885,-50.3378858895591,-50.7190684056961,-53.2724053089383,-48.0869791681067,-50.7729158515764,-48.5342647485878,-49.8245055922612,-52.3409895937008
-46.8769363149789,-47.130852305252,-47.006624855867,-47.4678535073673,-48.3977698181398,-50.7731763703246,-54.1113197644518,-55.324888199769,-53.4012898794016,-54.1923080093331,-52.4641368767998,-56.743780074806,-54.4904050764663,-54.1118782041982,-55.5176558806732,-59.1919437066285,-63.7227009601667,-57.0212573556718,-64.0063009371615,-68.3482766554119,-63.8713529054619,-71.0539512643573,-61.6853065395841,-56.6636671526772,-53.4416470510829,-51.6425505589212,-52.7862567409421,-49.7397519668468,-49.1512106609749,-49.5671160168064,-46.987671890196,-46.0805158639874,-43.2430854347216,-42.1666460821246,-41.5772316825914,-41.1538542945815,-40.932036514216,-41.1174182799688,-41.058815139985,-41.9330466823133,-43.217837066215,-44.5637021216264,-45.0223836415486,-46.5299289659748,-47.4528016875269,-52.5194226377632,-48.4220498026229,-49.2032641876268,-51.7630514640626,-48.062111713728,-50.5857522768329,-47.2350091942161,-50.1927618233285,-51.3995144086839
-45.2470991925931,-45.3874007179672,-44.8927038001213,-45.1822430911185,-46.5629063345296,-48.6371378000771,-49.8508611114562,-50.2728934377784,-50.8988172613192,-52.7984747627207,-52.6752882755182,-54.3322702955792,-52.5328937650614,-51.7404290396752,-56.1194290439256,-58.9085781252892,-57.8958854572258,-57.7704371573589,-75.8729245154005,-68.8739442613769,-62.5052400201128,-78.4798189266226,-59.2177457773548,-59.1602553501968,-58.1149597939976,-58.3405861268067,-56.4764576982998,-51.5761831179784,-50.285620255149,-50.7306028353491,-47.5619487906757,-48.0564015559775,-45.2910296308091,-44.8388461803138,-43.0605404251127,-41.6420532627772,-40.9899795743854,-41.4082728396239,-40.706334342269,-41.4990241982077,-42.084226300934,-44.4751473813507,-45.0478643415419,-45.6453464992093,-47.8818876550493,-52.3294548804283,-49.3930780950553,-50.092565888398,-50.2202031487992,-49.1300558250331,-49.7282390656225,-46.7574643703897,-49.552369753868,-49.1124257547591
-43.2871752380136,-43.31907504489,-43.159268839635,-43.7529687539099,-45.3498034361793,-46.4495982504901,-47.1541832942017,-47.5855466778167,-49.5475508437331,-51.2632597253043,-52.7589927465926,-50.9665040289821,-51.0517499836937,-50.4340099519678,-54.1631153460914,-54.9553505508784,-52.9204917113408,-57.4218574161602,-57.9640131397638,-58.9920386775881,-59.2892175978876,-59.5588374299994,-55.6336745669571,-62.1831694951305,-67.4958873395903,-63.8655669540747,-61.3955520147578,-53.1872324242786,-50.8370940117022,-51.4731834684248,-49.6424313652105,-51.2733688125835,-49.2294269773047,-47.9631214696182,-45.4520949865969,-42.5472238251468,-41.374326417387,-41.6709402252411,-40.77161958545,-41.2918835802981,-41.4794631745451,-44.4670427482383,-45.1100786297202,-45.9861043181204,-49.8257023507819,-52.773758323644,-53.9903324534389,-53.6934828238799,-49.3972732914697,-50.6909207833634,-48.6154447076272,-46.814407269431,-47.7849015662772,-46.9413925103874
-41.4601759846951,-41.4587500646686,-41.8766688123497,-42.8093760432745,-44.2090270962236,-44.6290553577116,-45.9016226630689,-46.8725056247937,-49.1519184937646,-49.8451170921732,-51.3254957617107,-48.6339589874493,-49.6668443008292,-49.4636198859803,-49.6724833796733,-50.3033728429655,-49.5729886594434,-51.8934065851851,-51.4386139003808,-53.012484422021,-55.5748630503784,-52.0643594127632,-53.1894447136227,-65.7513267806689,-58.0268655239709,-53.6367384010384,-56.6639001816355,-51.5630107383719,-51.422812535058,-51.4441975378384,-53.1644805016269,-61.3755565897947,-54.0035022949401,-48.3330348399205,-47.4943336999401,-43.1878107564857,-41.9491706876953,-41.6743474211735,-41.1760077934108,-41.3552704687784,-41.4854393271575,-44.2798349734304,-45.1923278018522,-47.0901966732224,-50.8869113012946,-54.5297369748924,-64.7957486725955,-64.6158892740232,-49.5328942259269,-51.3587061819537,-47.5022529095237,-46.9867039930645,-45.8644027574277,-45.2304787383585
-40.0191667837143,-40.0738424792976,-40.9605642506854,-41.9579217330495,-42.9839008005441,-43.5861140055388,-45.90646928563,-48.0786951987058,-49.974458465018,-49.7819314591803,-50.218514463771,-47.7144499451646,-48.3857464755076,-48.2286302744197,-46.3333732719191,-46.6151837492369,-46.8952722523921,-47.1054507719387,-47.2651066970737,-48.4947918152395,-50.0372042098144,-47.4086210389441,-50.0125331230153,-52.3308355272874,-50.8649258294721,-49.2605822711253,-49.7193757741885,-48.1423950013736,-50.1211288358864,-48.8202057623433,-50.1128367786778,-55.102472682012,-49.2689686487801,-46.3701344511059,-46.0484142626845,-42.9865973391122,-42.519941048679,-41.5296521214404,-41.8398580580251,-41.7873729982169,-42.0766026371855,-43.8448432542103,-45.4442242012497,-47.5902637894138,-48.9407952048974,-56.2878733296264,-54.1346778317114,-58.6719686948581,-49.853328058577,-50.3964365816117,-46.4278035241397,-47.0069892796986,-44.6553180516371,-44.3060535137102
-39.0725368511055,-39.2567031235107,-40.3128579943506,-41.0684430142766,-41.9113625316113,-43.3177087827925,-46.5577588866433,-50.8968111388885,-52.7368526480847,-52.8674879391707,-51.0694533134496,-47.7265886875213,-47.1254776483633,-46.5173004919328,-44.1288081609411,-43.8744915372834,-44.4814594342208,-43.7229523594861,-44.1572122981507,-44.8044256709298,-45.130830400884,-44.3084803237068,-46.0543449308388,-45.8575634004931,-46.2385640347284,-46.3414408174314,-45.2113902981708,-45.3164121012793,-46.9403777076975,-45.7646557257792,-45.5756712079417,-46.8184448386401,-44.866941380064,-44.6752916893414,-43.2066864250016,-42.4566669109144,-42.9214561986735,-41.6370911795324,-42.7326208145879,-42.7249797807521,-43.2416529937913,-43.5135813911637,-45.9594937810633,-46.8738715389036,-47.0228972972962,-52.220024708664,-49.6384884643547,-50.694922927393,-48.9229079264839,-48.6903445091972,-45.618397446744,-46.9204480068583,-44.4727878558149,-44.4191517404451
-38.6511051137819,-39.0068964337779,-39.9020057327228,-40.3877659444575,-41.3020767609846,-43.4823739267852,-46.3169820629909,-50.7666447759272,-55.4478337139129,-67.869693194223,-52.4998328248659,-47.1792091270224,-45.6191442264266,-44.506388362726,-42.4086864881892,-41.8277790139637,-42.2443895369119,-41.3044447358655,-41.7225520065697,-41.8749837937428,-41.6621168373881,-42.2387637573524,-42.7359016415401,-42.182537146047,-43.1128273675649,-43.9680188579389,-42.4081150507887,-43.2573169869558,-43.954852675965,-43.5837395555542,-43.0377918773979,-42.9566020881855,-42.5085502236058,-43.4653892693958,-41.3370800586781,-42.3104697642636,-43.1665454452059,-42.3823708043756,-43.9432378429244,-44.3764086082518,-45.1441514699576,-43.8915352387801,-46.7016267147773,-46.2436989490343,-46.3044599085399,-47.7240153728541,-47.7588391548093,-47.0182744819942,-47.3131866168364,-47.0888623388418,-45.4719435667239,-46.8682615062811,-45.3909567305832,-45.7116870145161
-38.7361070758724,-39.2670730769596,-39.8082196033178,-40.2743849239359,-41.3676116871938,-43.6264388295269,-44.8018265432354,-46.9695150803816,-50.4053547084511,-51.2814294713359,-48.3635664361417,-45.0217207460874,-43.7195637981267,-42.4574865401571,-40.7974680960925,-40.256577632149,-40.265759372771,-39.6132920873309,-39.8767457398692,-39.776425841733,-39.5407223565953,-40.8937465534851,-40.5514847579019,-40.2384707791198,-41.154054287935,-42.0499047508673,-40.8870447741682,-41.7986655193685,-41.7661764330791,-42.1912170958232,-41.8192148658946,-40.9684087080998,-41.3918638630402,-42.4756559387309,-40.6668169270298,-42.6283216418223,-43.4404984636806,-43.9472557266953,-45.7187551594203,-47.1448164743873,-48.3268737280284,-45.6613345827105,-47.565369901008,-46.3973375397665,-46.5440861105315,-45.1273661444807,-46.9825555705627,-45.3040895726238,-46.3633185322807,-46.0578688279605,-46.3153051659915,-46.9948511507121,-47.4969741371291,-48.2833657202102
-39.2562498294176,-39.9233453894801,-40.1788280043286,-41.0005170959778,-42.2607556244007,-43.77442998424,-43.6835362970169,-44.547661085995,-46.1811203067064,-45.138493686385,-43.7707183655519,-42.4974246912748,-41.6373442709852,-40.5353416280385,-39.3471180594602,-39.0243322432687,-38.678681731253,-38.5508473275141,-38.654307113976,-38.5818398626423,-38.6478968603688,-40.1190403476906,-39.5313615514521,-39.6234740090647,-40.1913282289486,-40.7122649226402,-40.3871604526163,-40.8931020935267,-40.4403859441304,-41.3372438027943,-41.3258395979083,-40.2106063564187,-41.0601048672746,-41.6261589056769,-41.0262209760747,-42.9773036680449,-43.8815359297869,-46.0122813159184,-48.3300034851493,-51.9949534826261,-54.3028392563701,-49.9436582631656,-48.4283098992567,-46.944077380623,-47.1930102017425,-44.1492620030303,-46.7003826866254,-45.0194526357485,-46.3144026317625,-45.8659127893474,-48.2132195945862,-47.5527654599856,-51.1672469832216,-52.1783759363867
-40.0677197508335,-40.7841854104321,-41.1097836747814,-42.7298680961326,-44.1580691296758,-44.6550368937475,-44.0767751284488,-43.9293096833903,-44.065233325154,-42.302952309261,-40.9191426309302,-40.5217192674841,-39.722380734446,-38.8476415436345,-38.2281341764012,-38.0727186590684,-37.5937308944621,-38.0446891188065,-38.119867077989,-38.3554212261107,-38.9544964805712,-39.9639056876357,-39.6870820296024,-40.1666503049547,-40.1400009443395,-40.0945333578046,-40.6889570685054,-40.5789633493734,-40.0313918643192,-40.9293124870953,-41.2109889599489,-40.442388488002,-41.2396816876545,-41.0669200528588,-42.1088592911739,-42.9646777883286,-44.3117932168499,-47.1113929313283,-50.7313316876772,-58.6425359594747,-60.8129433542457,-57.8387265394319,-49.0692791694741,-47.1020361757292,-47.5842945408538,-44.5544144050734,-46.6002903464655,-45.9212627244712,-46.7672060657532,-46.6709075385868,-50.358287112643,-48.8623270125856,-56.9592648827869,-56.7501519973271
-40.9445312029131,-41.5690308623219,-42.4451398888203,-45.2259269792831,-47.1573424993341,-47.574622304456,-46.8256577438406,-44.8489399901495,-43.2182169533309,-40.9487335460773,-39.2963304720561,-39.1641589770117,-38.2119731674182,-37.512450269487,-37.4765635633396,-37.3900796076017,-37.0703487690112,-37.9786801812237,-38.3255891716263,-39.1605829665311,-40.524935466187,-40.7230350731342,-41.1618648811515,-41.8288359760421,-40.9889695384801,-40.2994960187929,-41.5347644259304,-40.8824496035552,-40.6112300026431,-41.0937937228275,-41.5068350468866,-41.5886428120409,-41.8376890554488,-41.0583938049977,-43.4125630690408,-42.7757051187978,-44.2271278949436,-46.2627762677535,-49.0486121176222,-52.3878541478643,-52.3311027819315,-51.5436719653759,-49.0844420957324,-46.9292195354802,-47.4026988359911,-46.2080443917077,-46.6028045947422,-47.8049820541342,-47.3660492962995,-48.6013300628848,-50.8712302684259,-51.1304095171005,-56.4033107875839,-58.6473304716614
-41.6175183831149,-41.9720445330334,-43.4465770743383,-46.3287835292382,-49.3725426729339,-57.5186426134751,-52.4651427538676,-46.1540490469758,-42.5665734646041,-40.1193618204593,-38.4169824214315,-38.2737245543211,-37.2082292803291,-36.6506767713968,-37.0165909018837,-36.9852471102383,-37.1073670728949,-38.1852118698433,-39.2479410690744,-40.9923806041396,-43.4247657409933,-43.0304410704377,-44.4231505216214,-44.6562409216156,-42.7539898848918,-41.3564517017724,-42.5677852448343,-41.7644123601068,-42.1987130885757,-42.1305367686011,-42.624346196977,-43.7280201683236,-43.0045293443114,-41.8580021891365,-44.3380353381063,-42.7707355529237,-43.4865129691831,-44.8584372244131,-45.7403831761313,-47.5584007243353,-48.1707720384388,-47.0231880790888,-48.359899723335,-47.1470723536152,-47.0585229833698,-48.9808777120376,-47.0020489259321,-50.5106440116851,-48.4814437197828,-51.7862383118842,-50.4326090957426,-54.1074393192862,-51.8009125822297,-57.5180524481777
-41.8501393553194,-41.8157211938345,-43.1179358210785,-44.1926768068048,-46.6826004652573,-51.8172483059411,-47.9324230103902,-44.8077089625486,-41.2148755444969,-39.2599539764051,-37.9878493692697,-37.714450313909,-36.7332614358966,-36.3441559933344,-36.7897198136641,-36.8851716516537,-37.6254036182877,-38.522657522001,-40.595369265441,-43.3178438432878,-46.7610359081663,-48.6345237179402,-50.9700748244659,-48.2244755533962,-45.1260859084896,-43.11630068125,-43.3554980247133,-43.0978413017377,-44.4615334438964,-44.4579682655652,-45.3390413957926,-47.2573767152551,-45.1058525698943,-43.6355759215153,-44.4420833223783,-42.9675408561885,-42.6260788447373,-43.7444250034797,-43.4634072471278,-44.9111680891663,-46.0985263027457,-45.2487387098502,-47.514203542738,-48.0253634251846,-47.2563829310273,-52.5659049900647,-48.4109819612843,-53.9798084206526,-51.0802610362504,-56.004013774853,-51.024760391271,-56.5923798526013,-50.0532297968276,-56.3695983878199
-41.5098818327573,-41.1478146855188,-41.6910850774295,-41.5942018377133,-43.0716138007184,-43.6075056804293,-42.5207834394762,-41.8686463871358,-39.5895176345458,-38.4863268365451,-37.927065876414,-37.4343453828749,-36.7696486402944,-36.6075417154727,-36.8399780172579,-37.1416237483022,-38.4418853876879,-38.9862072898841,-41.5599519069235,-44.2413010135323,-46.9100732274644,-60.2186125573244,-55.919699514616,-49.0167650015938,-46.2934890176605,-44.9909583946153,-43.5897111960562,-44.5399204672308,-45.9558852699777,-48.0537524746168,-51.2930651640663,-53.1532339682604,-48.1638362418198,-46.0656917295503,-43.6619369186852,-43.0866089036719,-42.0972261909989,-42.9202980120042,-42.2885993868578,-43.4590950523032,-45.1459610466613,-44.8519971344333,-47.2549075677144,-49.195292062791,-48.6196940689561,-55.6805759485403,-51.7301128321582,-57.0505193420165,-56.6844860108917,-58.8989539923461,-53.4866736634359,-57.921237736261,-50.8274179776155,-55.2292459131127
-40.6730018502653,-40.1837754065527,-40.0699411840527,-39.7557072756483,-40.5232491505093,-39.9473933447587,-39.8148547949329,-39.767030673843,-38.556723118141,-38.2247445335967,-38.2673652622939,-37.4814724121232,-37.2839978370398,-37.3779735497194,-37.2910994978074,-37.824487163298,-39.3094594195281,-39.7102708335232,-41.5704273128347,-43.3125031084965,-45.0364631286054,-47.2723646130659,-48.4202953918793,-46.346893011571,-44.8528868886027,-45.7794023194812,-43.2896607535542,-45.1505707255712,-45.3696231603181,-48.2466898318091,-52.338213182414,-53.8742536842326,-48.6187741662248,-46.9659301550865,-42.5363936707797,-42.8993038810029,-41.9458918973874,-42.2917791712663,-41.9860317956628,-42.8085368295483,-44.8528225664879,-45.1237356832953,-47.8185308074325,-50.0922976847024,-51.7489262429693,-56.2748393296681,-59.2422339838256,-56.8788484948906,-68.1047983565652,-58.8084746834206,-58.5866143193953,-59.4804235479286,-54.3587161601977,-53.7210679256842
-39.6422406060546,-39.1908745648498,-38.7317942586187,-38.6666106314544,-38.9442615417606,-38.279641837996,-38.7720022535356,-38.8738590002926,-38.5334326333646,-38.7571024639822,-39.0264851295155,-37.9906842071472,-38.2468171235019,-38.5276341384489,-38.2720086470604,-38.9938266526188,-40.1104826309924,-40.8595449793557,-41.4011437378548,-42.6188783028419,-44.0566837941726,-43.3232742202611,-45.1628408124761,-44.1643195013991,-43.0342340443893,-44.7598122174506,-42.7046562125397,-44.0637996828111,-43.9919597407584,-44.5235440902981,-45.2550177317467,-47.5417255076879,-45.1732897758976,-45.0846469146538,-41.7508698488785,-42.4902614765746,-42.0297134765317,-41.9075829412664,-42.3538179338178,-42.7959569377218,-44.7816741555135,-45.6675244907675,-48.5775260244027,-50.7092752636953,-55.8955597013534,-56.6878931168272,-67.670835573218,-56.4744114969559,-65.7346246876051,-58.8735448212913,-62.8440261258407,-62.0665888268645,-59.2870557432424,-52.3178144596617
-38.7557303523837,-38.4006942629961,-37.8817521803979,-38.1915549509396,-38.1812037753123,-37.9924497963945,-38.9367959235858,-39.1353350487072,-39.6953320738321,-40.2083420505851,-40.224962580103,-39.1620147256041,-39.6525539498638,-39.9235096688883,-39.8541285060775,-40.6466320788969,-41.0286589886931,-42.5452573817369,-42.0807832083429,-43.1567066343462,-44.3151573269972,-42.4705504097999,-43.9258501580808,-43.0776210333436,-42.0579673993637,-42.8394969229692,-42.0922708799451,-42.2192290798473,-42.7987308157493,-41.9879953208699,-41.7742599689337,-43.7415220591054,-42.4835041994146,-42.9523504636415,-41.6535972224817,-42.1592640396495,-42.331301932437,-41.958940286466,-43.2446205805737,-43.3775586328756,-44.5998136187721,-46.3972574825736,-48.0417368443063,-51.1691751380544,-53.6943934454536,-61.2644446705998,-57.9640023676397,-58.4327279260908,-81.5662657740082,-59.6389009859717,-56.7527740041922,-60.8583555999991,-55.7364833793587,-51.3995546232017
-38.2305190167917,-37.9732233382198,-37.6359285229487,-38.2262820861229,-38.1756996570246,-38.8449314246114,-40.0529251321811,-40.5282785506518,-42.1995501083135,-42.7054747708014,-42.0750317086345,-41.2576680581175,-41.5242887266176,-41.500941783561,-41.9578424848093,-42.6163151251824,-42.4099329285198,-44.7906818315093,-44.3344859475236,-45.3702659615364,-45.877048508906,-43.6668443648619,-43.8675072393052,-42.809639347086,-41.9868999875244,-41.2156801071466,-41.6411676165595,-40.8011726439476,-41.8545261349626,-40.8244288429505,-40.2595256168823,-41.5172690918537,-41.1525896130736,-41.5836574905465,-42.3013246272298,-42.242635110364,-43.0971079695295,-42.7598267887385,-44.6218233617059,-44.5983477639895,-44.4686803086579,-47.2885392985572,-46.4564414515046,-50.761299414069,-50.0147146210952,-60.1868657621885,-54.9710755395326,-58.2196131903335,-58.0427043028259,-58.5377971473662,-52.4036740530251,-54.7554361430276,-52.3458452565927,-50.6787799325033
-38.1563641177702,-38.0005308546135,-38.0399582739029,-38.7050795786224,-38.9317259757067,-40.6115437190526,-41.8515223836027,-43.0501982394872,-46.1227158873436,-46.6545846282997,-45.2061417485827,-44.6130948752311,-43.8498873106552,-43.2020094880592,-44.1263239359004,-44.434153826753,-44.4491699369942,-47.3720165981311,-49.3667892131614,-50.4445502650062,-49.1520209789482,-46.3377663625465,-44.6040717755618,-43.0329240755993,-42.6225654657821,-40.511923958184,-41.507922847138,-40.2266792319901,-41.1435717208624,-40.5827773444743,-39.9992550189105,-40.2950314286501,-40.8094731723627,-40.9808294432687,-43.5465680840338,-43.0531444026514,-44.7095538337261,-44.8365575171077,-46.6720413966677,-46.5794662101755,-44.9063420261931,-47.9532624406232,-45.2998254020085,-49.0191163294034,-48.0395614676647,-50.8454581412261,-52.1317430532351,-52.8522780453761,-50.5506592927939,-54.5323496141933,-49.8031188025005,-50.1013575348753,-50.4807766829586,-49.7033787106637
-38.5388447795942,-38.5192337432003,-39.0412680868096,-39.6033989441755,-40.4616013294855,-42.7642456762213,-43.93479642985,-46.398597316129,-50.1339557436365,-53.6051194123533,-50.9304919668981,-49.2323520876929,-46.2988058781573,-44.7235480021437,-45.4455896369733,-45.4219391325176,-46.5999555638747,-49.0910792185546,-57.7373440426339,-70.2579041361452,-53.5168087521467,-48.361480729585,-45.5666238944625,-43.5530182759524,-43.6645550909349,-41.0275709930813,-41.8824473227611,-40.597241143672,-40.8035470734611,-40.8431068844726,-40.5599594996452,-39.8032215759172,-40.9735305250157,-41.0045190552436,-44.7981331071764,-44.8050953162881,-47.4120860046521,-49.4638419381309,-49.9724921815597,-49.3184522518916,-46.268647823189,-47.6555134267899,-45.0532796961086,-46.8799089343473,-47.138176975717,-46.4488644685933,-49.1002495676448,-49.1520631753117,-47.0810889041843,-50.4811387854882,-48.3908069495412,-47.2186343233355,-48.8802937998151,-48.5902660621228
-39.3288866224877,-39.5069696176799,-40.4411912318053,-40.9303158761283,-42.656135770031,-44.4676853732498,-45.9767596954374,-49.1617061264012,-50.751580755657,-62.4123432087436,-54.6124027330436,-51.2818359262871,-47.7244621348326,-45.4866178864889,-45.4801865780887,-45.2792798088868,-46.8902026077201,-48.0883276557395,-49.5560641884481,-52.0742372995078,-50.2585724137827,-47.6373515135339,-45.7774113693241,-44.4388307549251,-44.884651290367,-43.070364014578,-43.0698988650891,-41.9778267360816,-41.0769230802919,-41.2560130501343,-41.3947838747114,-39.878858225469,-41.1362076601213,-41.4349157661001,-44.7440604881559,-46.9599854278545,-49.7168750500221,-62.1680378787776,-54.9174097252246,-51.1455141960479,-48.0752475816947,-46.3435895989384,-45.5103700609036,-45.1834049085101,-46.7061594081879,-44.5651849457305,-47.0254889124256,-47.1714366971471,-45.8520269041263,-47.5580780976481,-47.8079829397165,-45.7887697306801,-47.394677209812,-47.6581376474468
-40.4364832921462,-40.8514913774774,-41.8922235925328,-42.6677016122071,-44.9638268812614,-45.7756092117411,-48.2702161955188,-50.5037529714843,-50.6343302347609,-53.7059203650359,-49.0379610713959,-48.962758436648,-47.276931141237,-45.3416154527825,-44.6513913909253,-44.3141573933743,-45.0635078761493,-45.5065321722756,-44.9509281208169,-46.2117905706755,-45.6363185967369,-46.3661549905232,-45.1364906303925,-45.8417042235121,-46.4805000239282,-47.419676389134,-45.6740530494954,-44.4444855543882,-42.2014389003953,-41.6515481086265,-41.7635738348836,-40.3645952347981,-41.035621704621,-41.920460403597,-43.1772995247582,-46.7080838800334,-47.7108626540095,-51.1041784027785,-52.7096248423427,-49.0630983787511,-48.0006792585834,-44.8203399888089,-46.062994775643,-44.2091247357863,-46.3441129262883,-44.5238293274128,-46.2356850385699,-46.4411800957098,-46.3916304172133,-45.9820546878991,-47.6750035910958,-45.5593568011596,-46.3289569521352,-46.8321824241401
-41.7454326895729,-42.3173241995632,-43.102870839329,-44.5891933124468,-46.3566283420597,-47.8646126345321,-51.7775575932141,-52.8504540128571,-52.5033081119578,-51.0137680778021,-46.5002874999767,-47.2394626819275,-45.9995390254375,-44.7500809592895,-43.3650017951161,-43.0360291210158,-42.9847600984201,-43.0800654740604,-42.6838908164736,-43.2757525943187,-42.9550683989563,-45.0963299884785,-44.5902424072557,-47.2816703127755,-48.9280144886659,-58.4082786048238,-51.3261642133325,-47.6236044120287,-44.0885129652653,-42.0463020489635,-41.3707010782556,-41.0089056418468,-40.7739976010422,-42.0835805616591,-41.535268961717,-44.0995994968323,-44.5768524077554,-45.5642111547857,-47.2948901782865,-46.0235696929272,-45.7971548515108,-43.709009935227,-45.9667815221346,-43.9780886359289,-45.9104814660029,-46.0224401014174,-46.8391529290696,-46.9655104409854,-48.7385657905065,-45.8874602432633,-47.7776851851284,-46.2206321289511,-45.610891728792,-45.8688865457392
-43.1464359161847,-43.6264581113,-44.1119850600726,-46.0483383838859,-46.7791592332395,-51.5679381393379,-56.7575393162123,-60.5288804731623,-57.3059164607815,-50.5846090650291,-45.8370812095621,-46.4708592656934,-44.8081238534748,-44.0475075560853,-42.043768505426,-41.8767117069662,-41.3605357282626,-41.2939053082197,-41.5101978261145,-41.571027874794,-41.6031531367492,-43.4272646765686,-44.3858119690018,-47.0210856834648,-50.4575761153172,-55.71868258317,-56.668360712596,-48.7145779850089,-45.1853892710331,-42.4561976268583,-40.742447892882,-41.4388653806929,-40.5498312220832,-41.7982213526973,-40.6262702893154,-42.0113547496609,-42.5969144563708,-43.276653578009,-44.1451556539797,-43.9808984802272,-43.8079725180352,-43.2392224249071,-45.0304365241819,-44.3160031488968,-45.4558492157951,-48.1524681923525,-49.2562214563443,-49.3177914129597,-53.6762808029681,-47.4676994644295,-48.1477709386388,-47.1661621154092,-44.8897830623758,-44.8084402935033
-44.5851514540646,-44.7169867090212,-45.1781574525666,-46.5453147544976,-47.2045298437062,-53.2598589397463,-54.8124028875722,-61.8164233164226,-58.5444210865281,-49.6685802682468,-45.5576109769194,-46.0070475363843,-43.8802204771359,-43.3079710081241,-41.1384139958368,-41.1038131944049,-40.3398493608103,-40.2400623983774,-40.9194782182003,-40.638838250391,-41.1392694495035,-41.8561994220825,-43.8278096375247,-45.0806019955308,-47.2135994044791,-47.9593242637001,-47.7045737976536,-46.5316166621939,-43.7940977701064,-42.717996377935,-40.475620020459,-41.4210104056322,-40.5127464486667,-41.2799241667121,-40.5713829769888,-41.0957973032202,-41.8277656963987,-42.6774424295523,-42.7050789459898,-43.0700634133523,-42.7643347441579,-43.4189452998124,-43.7738338057516,-44.7822957228259,-45.0323312667985,-48.2618628358643,-53.8108020173787,-54.3138830564623,-60.3277185934065,-50.0688840177306,-48.2058914661032,-47.2744606541256,-44.0150603272309,-43.8409315560235
-46.0882810187808,-45.8493535830413,-46.522122148947,-46.6917119425116,-48.0983381880707,-49.8175222021993,-50.5903133948246,-52.1201219611665,-52.3067642433294,-47.3165141074628,-44.8433346542507,-45.3108457340155,-43.204764441548,-42.6003468856139,-40.923079662977,-40.8472544508083,-40.0311589234226,-39.9450786886824,-40.6900357719864,-40.3555897530284,-41.2383686235091,-40.9864394050287,-42.6342929311324,-43.3217287786887,-43.7719290374702,-44.7351406609101,-43.5731620865135,-44.3412658870001,-42.0181056191928,-42.6011018531301,-40.8485514034258,-41.183111686515,-40.8115000263992,-40.9137409398058,-41.2505947923018,-41.3306506489216,-42.1745672945847,-43.2927214055111,-42.7044186644817,-43.2789675763977,-42.7900367250608,-44.1125328842942,-42.8557090730732,-44.8644310801149,-44.5862707620074,-46.3771463572961,-51.1061524103695,-52.0199215123153,-52.6616696771583,-48.6419892917349,-46.370250489848,-45.7118288563484,-43.1192111920781,-42.9788945775413
-47.7360268299954,-47.4053718456361,-48.308916099566,-47.4616891500819,-49.4535631622208,-47.632662213568,-48.547095614045,-48.6193758746163,-48.5605377664154,-45.2342292785946,-44.2186588809656,-44.3333751036921,-42.8322706275136,-42.1192201105397,-41.4889178680286,-41.167204074337,-40.5328190255553,-40.4246967540809,-40.8059927827957,-40.7156247436535,-41.6525368118597,-41.0455585933169,-41.6473430652046,-42.4387966568165,-41.953360671638,-43.1620195940889,-41.8178572003172,-42.9636968458643,-41.2817833373366,-42.2211658255451,-41.8937487682466,-41.209284351819,-41.5994276257734,-41.1010372317255,-42.4850411809636,-42.649488723043,-43.5951739958023,-44.9141797095317,-44.1655820531929,-44.7409231908157,-44.1192591902967,-45.1019124059546,-42.7703969545763,-44.5391427013485,-44.0683336787929,-44.6110966032098,-45.3724326759405,-46.1191432725095,-47.1898641756233,-44.6684179565059,-43.351975358511,-43.2225945661714,-42.2690464172323,-42.1220076040031
-49.573168625783,-49.7921789385072,-50.7596020824523,-49.6431989800406,-51.3699997758236,-47.3859369749584,-48.0727034531067,-47.1334385466231,-46.5145330110285,-44.1741013424553,-44.3661632448539,-43.508201708652,-42.9148518075734,-42.1571748354194,-42.805074377951,-42.1094858941131,-41.901544185222,-41.6907945092471,-41.4123271282318,-41.7494496395019,-42.3008575106431,-42.0819312384863,-41.6119397543489,-42.5072287089451,-41.6725698188306,-42.6515634351204,-41.5873958236028,-42.304387183655,-41.6930618581499,-42.0585008848522,-43.4320700472911,-41.9070005798117,-42.9949588864242,-42.221311754083,-44.2074144895067,-44.9014782287864,-46.0183004263746,-47.3330615554875,-47.3405985028939,-47.9490225847173,-47.3748026974899,-46.2851672964892,-43.8627737653323,-44.14526356272,-43.5621253988211,-43.2259852840467,-42.0092124601397,-42.7616438819212,-43.6031473861512,-41.9120512960573,-40.8802555319101,-40.9454259730021,-41.393139713331,-41.2752251036319
-51.3395280892404,-53.4589379997805,-54.190155439649,-54.6698377746135,-54.3069395413509,-48.585274538092,-48.5265047923443,-46.4970621723907,-45.501752273118,-44.1160628099645,-45.3878851157674,-43.3406203551456,-43.6821892275099,-43.0558372776698,-44.7590600646293,-43.7437572176021,-44.1205683765721,-43.7473660335918,-42.7479557289949,-43.5005170690119,-43.336667300821,-44.0915894646437,-42.8489462719592,-43.5390220573778,-42.8546321584103,-43.0336453377263,-42.5795356806521,-42.3352227045206,-43.0277243836436,-42.5301148322209,-45.0977863620701,-43.5636389422979,-45.0885393699957,-44.7250058427564,-46.6121631538194,-47.6305026387978,-49.1091840355782,-49.8918565960689,-52.1590206988642,-54.900582761919,-54.1928418154084,-47.8573209065278,-46.1662268577425,-43.7535110892232,-43.1225019488382,-42.0215711553095,-40.2395938181555,-40.830824436651,-41.060696109346,-40.3201093681369,-39.43353355708,-39.4210214379971,-40.5165166363224,-40.562791018518
-51.8939712619589,-56.1639701073379,-57.1039365337841,-65.3983177463608,-56.9017871681388,-49.7710336087365,-48.8538166391922,-46.0935907063541,-45.1161535425534,-44.9466774318755,-46.7613873673399,-44.2377805259135,-45.4476217383298,-45.2548535538111,-47.2487383676437,-46.1968678529189,-47.0569327266127,-46.5696630565967,-45.1071518655926,-46.0320775178982,-45.0787889319821,-46.951386827908,-45.5445598316669,-45.6260829350271,-45.5694519734169,-44.332731136777,-44.6465071795575,-43.1651950560758,-44.8962721235636,-43.7585586984186,-46.5409314755436,-46.3413526190797,-48.0022163492531,-49.4894610371145,-50.0902567703629,-50.3224883997502,-51.7868913005017,-51.020583389222,-53.3981964257452,-63.3514851620294,-55.052940438966,-49.7027113525236,-47.6189556006818,-43.1480725977549,-42.551707262639,-41.0108604275214,-39.5607056678014,-39.6808331474755,-39.3705739116963,-39.51635770196,-38.986313211768,-38.8195929817963,-39.863778832231,-40.1305005305842
-50.2878080247671,-52.0211971238617,-53.560653456245,-53.5986470228048,-52.9652556277203,-48.7635661690931,-47.9351379323136,-45.7826891398429,-45.1258720940017,-46.5627379314592,-47.5118545124271,-46.6355651385853,-48.7178252517574,-49.5917051884543,-50.3910784744986,-49.6969479060491,-50.4663635203215,-50.0305644886824,-48.874906382046,-49.4415104913152,-47.9437210381437,-50.1291415129947,-49.9334833435287,-49.0285306015928,-49.9422582410625,-46.8613289283516,-47.638165408757,-44.955976761871,-46.8266272187418,-45.4854067111366,-47.4326499800049,-49.7183004046291,-51.6429708616909,-58.1892247822828,-54.4150936679811,-53.5555236192484,-52.3867252432782,-50.2082996023103,-50.4622288673876,-51.099182171202,-48.630244676193,-49.2568886746479,-45.3517150549629,-42.2990180263836,-41.6498641906758,-40.3371656760028,-39.6414391959633,-39.075767739981,-38.5322378976675,-39.2769023940077,-39.396846558846,-39.183554038609,-39.7331582364161,-40.1506599721978
-47.8121191969036,-47.8160104673289,-48.931817987402,-48.1597679110733,-48.1796624804419,-46.8052432690721,-46.2303867172466,-45.6790961951596,-45.5370231536345,-48.3866045787399,-47.5921867278327,-51.1880784918718,-54.5139009387027,-59.2056607117974,-54.5778355338574,-54.6425931399001,-54.0020346987664,-53.7298039342898,-54.6605412020247,-53.8095805934987,-52.5804717659535,-52.8631356251418,-56.6012894117209,-54.4095646758027,-55.4700453048606,-51.5439718966886,-51.2585711250745,-47.7423178811337,-48.3221535754577,-47.2026917266542,-47.2461408749525,-51.0995994967284,-53.3365219734381,-54.1445845722669,-54.6854126326626,-54.9771641570153,-50.6947946438465,-48.6117087548084,-48.2238583982242,-46.5645563340756,-45.4662730332002,-45.8721377707184,-42.7661106507657,-41.542476352216,-40.7027291164957,-40.1306693003269,-40.2114905369917,-39.0675736949103,-38.5986079178576,-39.5410936247793,-40.428550341365,-40.4955697239528,-40.4046580077486,-40.8798960872008
-45.6643903227879,-45.1104660528872,-45.6949283775318,-45.1954001647995,-44.9010517312838,-45.3244656160707,-44.7174304861268,-45.6998608993384,-46.4053726076899,-48.6327694915485,-48.1408922669311,-56.201742886975,-61.0163837824006,-64.2665604791595,-58.9124485002258,-61.4966777966649,-56.6164060282063,-57.081470128172,-63.5291201665426,-58.6879237528071,-60.8233027808762,-55.8962987086906,-69.8090139469647,-64.123852782107,-60.1336924433299,-60.015850132446,-55.0053580726951,-50.7756362003505,-48.7568243804843,-48.8513702413369,-46.2743558570896,-49.8724086261488,-50.6336901325682,-49.1593010190979,-50.5174211851665,-49.4739074107296,-47.9976079540256,-46.6691772990716,-46.0462511978481,-44.0072916843727,-43.585421833782,-42.8684895616873,-41.4040722202873,-41.2629625514692,-40.2740921999977,-40.4985408464194,-41.0770383535251,-39.8169078824689,-39.6402923861243,-40.3559796522201,-41.7223740328123,-42.5930379041563,-42.1594400780982,-42.6982101178763
-44.1380300203476,-43.483973920408,-43.559305739441,-43.3872898059068,-42.8218900510384,-44.1790983503323,-43.6956473919366,-45.4422405348969,-47.1745061764666,-47.2480704418207,-50.1774606415543,-53.370845968847,-57.1016492514178,-57.3565865462811,-59.2701945734027,-67.4691628275092,-57.5116098657387,-60.3459010246099,-73.6568649722213,-61.7196641301104,-72.9968180068461,-62.4046982165243,-67.1927839796329,-75.3263692687484,-67.7645217110276,-57.8011696621712,-58.6113365851601,-51.9942644255633,-48.2688282382095,-50.1437939565548,-45.6060858232687,-47.8989081882889,-47.4801712793791,-46.5865992199731,-46.7123390822531,-45.0078641686281,-45.2695681650294,-44.5371480040461,-43.7117455714812,-42.4233251696425,-42.2645463058186,-41.0966916740343,-41.1661625019668,-41.6812165427091,-40.7978490820361,-41.5668178971694,-42.2100954138241,-41.47274721466,-41.739632372136,-41.7927171347867,-42.946815583611,-44.8367479106557,-45.2345700428885,-46.1889048691784
-43.2051949077869,-42.6136702700274,-42.2245228114476,-42.2716811627887,-41.6990832599346,-43.0221519920481,-43.0931627803517,-44.6790768957297,-46.5349184039324,-46.2269263450597,-53.4042329077427,-51.2486518934393,-55.7732238853164,-59.6751306246333,-59.9063639128432,-68.0381813083333,-58.782852862701,-62.8727774342112,-65.6048324343276,-61.4801530016818,-60.2908230734854,-72.0602179713107,-62.8138046622883,-64.6333158573153,-67.5379629463201,-55.9534544012182,-60.9283834049965,-51.5029001574259,-47.8110612255367,-48.5233893432397,-45.6556743246964,-45.4091168807632,-44.8352458059706,-44.7570184450406,-43.8269054995453,-42.3640015206448,-42.9598612278796,-42.6230190895666,-41.8278469589796,-41.5370249669907,-41.4589538479074,-40.5036546281741,-41.7995745711337,-42.8054943140539,-42.5574920529276,-43.547912882534,-43.8567411118178,-44.2183313056147,-44.9785848043399,-43.8639435552713,-44.073931103952,-46.017192504826,-48.5816545564024,-51.6473181244186
-42.7521992649198,-42.2702889415558,-41.5153579212987,-41.6685047980188,-41.3845752497362,-41.9979651932239,-42.7850880423436,-43.7688255259654,-44.8441083633435,-46.169543855256,-51.1731210466887,-51.2747464624944,-56.2876636462617,-65.5764085929923,-68.5698889926327,-65.30058513376,-59.8076725661005,-58.6979833604608,-58.1138940225273,-58.7797525724155,-55.0240455677315,-57.787008238834,-65.953766887106,-58.7719059810183,-57.441190916337,-60.7268943773809,-56.3695932849293,-50.5190339910931,-47.4142375567688,-45.1801615524466,-45.5541654139132,-42.9549475902165,-42.5735461226118,-43.0090463508634,-41.8119240529219,-41.015546166144,-41.3339234595144,-41.3193752828381,-40.8137799666104,-41.312091359901,-41.3149752079341,-40.9901047642204,-43.0267715212502,-44.2695453692568,-45.6374454347019,-46.9189585297186,-46.7161562157568,-48.6934865346669,-49.311615751906,-46.3921183727424,-45.2336012064304,-45.9179830924626,-47.8571087077665,-51.459338729974
-42.6531210475176,-42.2940107422177,-41.3894592635925,-41.5592196779805,-41.7575372260467,-41.5292280118972,-42.7544234444364,-43.2089543348956,-43.5730415346112,-46.490211024458,-46.8515261746081,-51.2915328551562,-53.4696407353709,-54.2510549888209,-60.3905603222514,-58.8531517065782,-55.321501501205,-53.7800410672011,-53.3306709128928,-54.7584194112164,-51.4365195266563,-52.4920804879699,-57.3518289631008,-53.5280295680843,-52.8985867342904,-54.160524842044,-50.6963120391237,-48.6345458163334,-46.053626270304,-42.7146473627713,-43.9003956670066,-41.118909318821,-40.7926848706034,-41.2978207340925,-40.5506483064814,-40.6282223706524,-40.5786992708036,-40.8667618085522,-40.841632640058,-41.8257844375877,-41.927050325695,-42.494598377289,-44.5066045228141,-45.2390702107557,-48.6657284562293,-52.7505503299508,-52.8051503991095,-58.9325723416546,-53.2574185186971,-48.7015584814773,-46.2258057436604,-45.4389311905564,-45.4369083955541,-47.3775811627801
-42.8287198195505,-42.6114402950815,-41.9229813130092,-42.0409462416655,-42.7149279438548,-41.9526510676312,-43.1332185022385,-43.2813084585207,-43.2956827719916,-46.1377609993385,-44.4799488368998,-49.0384378321848,-49.2777121806444,-49.3780458930638,-51.8654500456609,-53.6109786714257,-50.9670134796931,-50.550665328413,-50.128228756577,-51.106625293807,-49.0904035101905,-48.9638257922631,-49.9016827432995,-49.7160227028693,-49.5127939000383,-47.0210531962686,-46.6207408970931,-45.9983746105302,-43.7909166509663,-41.3762455870714,-41.5073394844983,-40.0472448322752,-39.6524673337069,-39.9177044944578,-39.9133626082207,-40.9410300298494,-40.8009639833144,-41.4236867875817,-42.0601894591898,-43.26613276158,-43.3873997831207,-44.9932153859091,-45.8571631233195,-45.4032266736154,-48.2622436935148,-54.3995710360457,-58.5167759354809,-56.4026291538253,-52.0870479095785,-49.4276220415299,-46.4781200172591,-44.9652771324061,-44.0451746085535,-45.050162489355
-43.2839291547974,-43.2488153535792,-43.2501953698923,-43.3036642318182,-44.2391219097437,-43.5239101214874,-44.1489096524924,-44.1113676001849,-44.0609801386925,-45.2015737880443,-43.7836880612814,-46.3282185455019,-46.4977078489921,-47.1447046662175,-47.8142612054305,-49.8907833962377,-48.4438937660061,-48.6033731168696,-48.0041939315407,-48.4037888112198,-47.7660428965977,-46.5454811951312,-45.9565615214878,-47.1179535328008,-46.6127892385523,-43.5347006689857,-43.8571324825233,-43.4957753162172,-41.758540957606,-40.8214508553817,-39.6967734796084,-39.6440791576569,-39.2082936540979,-39.1524970614893,-39.8089561560281,-41.6205727010419,-41.9586555876521,-43.115379852311,-44.7542311716031,-46.0536885479469,-46.0365194252269,-48.472052261324,-46.8232945851373,-45.5573367375494,-46.6578595086971,-48.2457402122952,-48.5575107219921,-48.1763067605783,-48.4783925669926,-47.9443034654753,-45.77083427228,-44.4411545569868,-43.4984677765724,-43.7725285682848
-44.0731543620855,-44.3064124104455,-45.4431253327908,-45.6495886702515,-46.5317671055113,-46.6096029726305,-46.0811673320336,-45.7812445229627,-45.7341804752711,-44.6084381768882,-44.3863922717627,-44.592236686966,-45.0821995871282,-46.3012177970914,-45.8676012583014,-47.4069442326396,-47.2474846602744,-47.6006100945689,-46.849842895054,-46.7393797878637,-47.1935876554211,-45.2789776589736,-44.145234404745,-45.4331456240229,-44.4509795553076,-42.0994616989231,-42.1188538997592,-41.6435723832327,-40.4873546615537,-40.6345180006011,-38.8307014110972,-39.7219915351009,-39.3919789073658,-39.1327760588635,-40.1972049569834,-42.2159136365378,-43.5633270043172,-45.8140419803112,-49.4097096979057,-51.4037290868511,-51.1244907937663,-52.2347453074418,-47.4774982771247,-46.3129139420712,-45.8652216972614,-44.9350283173124,-44.5689939088691,-44.8667369587604,-45.5258144807809,-45.4386797439235,-44.4732014809592,-43.7614890191806,-43.3123238892954,-43.0805660730711
-45.2052642880996,-45.8865394855346,-48.1778538880312,-49.5886326474934,-50.2252875779118,-52.1825502091574,-49.2614574575417,-48.3662032604401,-47.9444939486736,-44.7189561147013,-45.8801123773394,-43.958368088422,-44.7220926635875,-46.1602222881827,-45.3730442839168,-46.0185573206879,-46.9142888571557,-47.3430121674638,-46.707398943215,-46.160682844428,-47.1519298559499,-45.2324519288553,-43.9360950077911,-44.4955557961398,-43.2482381879882,-42.0604704483211,-41.2488919694637,-40.6260198563269,-40.0502352802573,-40.5400590093333,-38.9120111572288,-40.0752896257056,-40.0279070323235,-39.8271874237826,-41.0429669514395,-42.4656553532082,-44.4311454241002,-47.9077838298589,-53.7756734295485,-65.5642026570997,-64.0153034721539,-52.6561066644769,-48.1564609079452,-47.5627845523268,-45.7421275208441,-43.6289706711158,-43.1126263797204,-43.4919548330106,-43.4669614309569,-43.1306431010645,-43.0292343477595,-42.8769515960718,-43.0795736056162,-42.7765480858798
-46.5820370708315,-47.9535297699322,-50.2285595711566,-55.4720919545763,-57.3735399169486,-65.3762996885424,-53.5641845621492,-51.6154952404355,-49.8165701404664,-45.381782527067,-47.5808235668429,-44.3396215369293,-45.1547712140433,-46.2015884013954,-45.9494030705547,-45.6607549421342,-47.1405849293367,-47.7436263664552,-47.6520612817915,-46.79972186234,-47.6214930991491,-46.4404726078947,-45.0137239439119,-44.2630421920998,-43.0727188924269,-42.9389785757935,-41.2013605740886,-40.5193390026359,-40.4235160100324,-40.5654720882121,-39.8787078599118,-40.5584959766132,-40.8784370745797,-41.0318064797796,-42.2370484644976,-42.6225283918649,-44.2442710840627,-47.2445574191598,-50.872378724812,-54.5106854333279,-53.2241105657117,-50.3762802949159,-49.1267609564814,-48.6641695847497,-46.0772318270703,-43.8584286011191,-43.2909851153032,-43.1749272441365,-42.2406998469973,-41.5662189952755,-41.8001286595825,-41.8731010438212,-42.4602068884025,-42.4682465152123
-48.1311702505993,-50.1356017997601,-50.9476265746984,-56.2781522084355,-66.7964017649271,-59.4889582162227,-54.7887718652157,-53.2749271286201,-50.2847959019058,-46.3865175816311,-48.6372307390264,-45.6730619232965,-46.142053723511,-46.2284594291624,-47.044316584065,-46.2683072363567,-47.8247541622331,-48.8240841007954,-49.7666129443657,-49.0166830535067,-48.8860881516879,-48.9144924980947,-46.9493497775483,-44.7571490799015,-43.9254863453225,-44.2400566956652,-42.0407299129747,-41.3792325139477,-41.588713597223,-40.9504674034028,-41.6040118605142,-41.1599120214076,-41.7603134372466,-42.4058299565905,-43.5437304821104,-43.1273878802344,-44.19734358589,-46.0526787570124,-48.4254609598575,-49.5402731291558,-48.4293911238509,-49.0056236598934,-50.2327830350956,-49.2414242737337,-47.0293347824574,-45.5159861017158,-44.6848798054397,-43.4155483884233,-41.858216078441,-40.9346049671888,-41.0458498379913,-40.9923496125226,-41.4173317188412,-41.6843396335228
-50.1811255396355,-51.974827985452,-51.6102344955776,-52.5882234763158,-54.8779181469877,-54.3056079362738,-52.1503408072539,-51.6058989880655,-49.6671556121914,-47.9002468001186,-48.8180089292563,-47.9260135594804,-47.4978889959787,-46.4656005670927,-47.8709638471799,-47.6683988094388,-48.97012303537,-50.632722649674,-53.0335726862167,-53.9828615745862,-51.4994810963147,-52.5285507052003,-48.9708239201394,-45.9773341722767,-45.7359130194013,-45.7002716791055,-43.9734299768845,-43.2855886527797,-43.508289765477,-41.9835362520733,-43.7193707180913,-42.0008368189199,-42.6592939162318,-43.6943235077224,-44.6778110179985,-44.2224760098065,-45.0623086751839,-45.9463973335347,-47.7977888635232,-47.8645868700759,-47.1610178107574,-49.0671323674325,-50.9114911076217,-49.7839228570424,-48.9653065005671,-48.6627614077424,-46.8280626143896,-44.1109301457574,-42.4053194807511,-41.2883174764489,-40.8984905387995,-40.5057786661967,-40.4007360102214,-40.6334832643852
-53.8454676570264,-53.8298526042211,-52.7578581661941,-50.6029222896222,-50.7381867143738,-52.2999800870094,-50.4310267774802,-49.778988133878,-49.2064367309282,-50.551482725602,-48.7852646173791,-51.0584628963444,-49.1996327529762,-47.3055807231431,-48.2738086890751,-49.4064465072859,-50.3906026902684,-52.6727394966701,-55.8937278326672,-67.0161763018513,-55.1573842414709,-55.4668866235419,-50.3857725412581,-47.7903969070883,-48.2242625876644,-47.574211547501,-47.495369760168,-46.4168595143612,-46.0063508092598,-43.9855519721324,-45.4222308157457,-43.2528438771703,-43.7140828790272,-44.9274659786496,-45.5655701399637,-45.9388953700183,-47.0133446029676,-47.081716993454,-48.3571447290622,-47.8350258974187,-48.0080396136626,-50.3437047489023,-51.1975214254574,-50.8907886157612,-52.3202117600206,-53.3849668850784,-49.1772204863491,-45.6067031464975,-43.9809345884981,-42.587556001182,-41.3856952290457,-40.6006098661117,-39.9245250626143,-39.9493676004985
-61.5933150541944,-55.5789872169624,-53.2675495885238,-49.6761943737775,-48.7098058523204,-50.8490981921112,-49.9579121384767,-49.1224388490675,-49.6817749431162,-55.1313499140373,-49.5705180445645,-55.0300259110164,-51.4837763311139,-49.066650336116,-48.9015377903021,-50.7403269527383,-51.3734790216622,-52.6752475187029,-54.0390776512539,-55.333757305873,-53.1137199218182,-52.9528678987556,-50.9701361216065,-49.8037759519921,-50.7967309008652,-50.1470356316106,-54.1399488961103,-51.1571702713055,-48.5530028079655,-47.2966594897659,-46.1414164229278,-45.0272590352006,-45.124182376911,-46.2958055811219,-46.5471074780206,-48.293476684501,-50.0711992085853,-49.3815958543151,-49.5464307190571,-48.8402368736022,-50.4530687907261,-52.353296047606,-52.0213066034915,-52.9004902512291,-57.7520769780968,-58.9593353564943,-51.7246056833482,-48.4309552286045,-46.5427194933392,-44.6145597443243,-42.4763579879568,-41.3586399392577,-40.243147833526,-39.949322727846
-56.9341657232515,-53.7130081282221,-52.0842440695638,-49.3052025295011,-47.9223487275523,-49.4823126306816,-50.2139546106606,-49.6787213253836,-51.441181806251,-58.4205130033814,-52.5289908560393,-60.3541120165869,-54.7146388775451,-51.6499811973872,-49.8387125693961,-51.0646091117593,-50.9632359430825,-50.2411135671667,-50.5122471287046,-49.7751820737665,-48.6520101747993,-48.9065672244352,-50.1581131601774,-51.1638188185796,-52.7457917232644,-52.1462854490926,-63.8108797465305,-56.0646779290468,-50.2190720854493,-51.0026000967091,-46.3827190375429,-47.2347630263239,-47.0368898971207,-48.085666085232,-48.2699343469253,-51.6865080119589,-54.4372102322559,-52.6803358486499,-50.7938472441807,-50.3862115942393,-53.5417537021469,-54.3221641099451,-53.7879566474131,-55.8714095165361,-64.6217826318615,-61.6597577061337,-55.0384172157417,-52.7861922928786,-49.4980442485485,-46.8814737573193,-44.1280133926952,-42.746898904187,-41.3238014555073,-40.5355298922812
-50.6531371981273,-50.1534978329093,-50.309724192821,-49.4818971320758,-48.3395364088188,-48.7377786990105,-50.6840185305035,-51.1997793977131,-54.399607806548,-54.7575038729013,-62.4871935444822,-72.7223372382157,-57.2797420494019,-53.0709376576746,-49.8811462189889,-50.0718233428664,-49.2561274402273,-47.8194496837224,-47.8611969155608,-47.0182390501746,-45.9332623967875,-46.0746794668733,-48.1302030276776,-50.4317797387174,-52.1763352355023,-50.8524018896502,-53.7846578708288,-53.2300454297197,-50.3652747388749,-50.1107321741639,-46.775890026605,-49.3697584743225,-49.1837718044856,-50.5780923905018,-51.3386082953632,-57.6611441144027,-60.6167866350875,-55.7363558823345,-51.6025437564217,-51.8051346211132,-54.882631136153,-54.5961233024298,-54.0015242406123,-57.1624202263,-60.5851309849915,-61.1515101098989,-58.7001564253854,-56.3476326236841,-51.8303739324085,-49.0533063919066,-46.2981047128371,-44.549479271028,-42.8024182567456,-41.3584525439629
-47.5370482313783,-47.9423845435411,-49.0355925432029,-50.4055563898026,-50.2793459703629,-49.2702659165111,-51.3198938872952,-53.1073560214177,-56.5975965103573,-52.2037978827326,-58.4109608350433,-61.9956856813363,-54.2131940979712,-51.4549809355407,-48.6023514873404,-48.2187138210932,-47.2902757978345,-46.1736041071832,-46.1234361622918,-45.5087739055192,-44.6260357452516,-44.4916428250147,-46.0236556277262,-47.8069730257141,-48.6917162337096,-48.2413051134024,-49.6574499374274,-49.6916210911353,-49.374122954947,-47.432983208916,-47.4704470631514,-50.4754000671152,-50.2391694527365,-52.2556607988585,-53.766563224442,-63.0897071693703,-61.3625668144611,-55.2288433091455,-51.7970929571002,-52.102083969822,-52.9023482267028,-51.8400260775958,-50.970675178068,-53.8250972355482,-55.5930450416871,-59.7063993705485,-60.9640517468648,-57.5522719435483,-54.3919080197044,-51.6429204491458,-48.7545605539374,-46.2816120097284,-44.1130327456073,-42.2190932623135
-45.841856722647,-47.1330557249179,-48.5977306593746,-52.142946783639,-54.569298871571,-51.875212742885,-52.7346460060075,-54.6983102614239,-55.1449817488778,-51.1348790106332,-50.4307989926072,-54.0759346032097,-50.3364334497577,-49.511165160315,-47.466913148144,-46.6165725953018,-45.8837828296369,-45.3090331212453,-45.1115799905515,-44.7602198149592,-44.3051903103229,-43.9199920361605,-44.4343663262971,-45.1979827860115,-45.4512098578801,-46.1759620208286,-47.3496381827904,-47.6075610547396,-48.067010038714,-45.9810679939026,-48.3292517306241,-50.0306200176942,-49.5474464329315,-50.2498362233952,-51.0554037445372,-55.0701147086287,-55.9159089625856,-52.8050556836086,-51.4671041009068,-50.837482056691,-49.6522848481832,-48.6553802040193,-48.2933018481036,-50.5195972126983,-52.1526405792149,-56.5853979983549,-61.5794374315762,-62.7830355807821,-60.5032030786506,-55.1860575493333,-50.516588506673,-47.4172608001083,-45.1757946804243,-43.4260152010661
-44.7169712947512,-46.967497923451,-48.7974245219664,-53.7042075364381,-61.2368426410815,-57.8933818455052,-55.1898745659179,-54.9858451071741,-52.1205591169476,-50.5590372454709,-47.2465908874966,-49.5445588099062,-47.9014310544684,-48.4535612710508,-47.3405016608461,-46.006298514729,-45.4706665929322,-45.2266617258034,-44.7356353646029,-44.5921737569131,-44.6029855438593,-44.0702793822581,-43.5175420128074,-43.4764702853298,-43.4702102482261,-44.849859109323,-45.7098643720264,-46.1987614732825,-46.8673496155818,-45.5104900835458,-49.0243950826981,-48.7586770454772,-48.6863440434416,-48.0383956415143,-48.6719098915051,-51.3575725108298,-52.3622511609107,-50.9925998572501,-50.6773013678848,-49.0448688696885,-47.1459269757144,-46.6124533672151,-46.9140926442229,-48.3946910699061,-49.6461013397005,-52.4632058736885,-56.3345807363694,-61.567247088527,-62.3289170626574,-55.9395906389848,-50.4063581622641,-47.902677515864,-46.468775730983,-45.5094082445641
-43.7312478964726,-46.1992198580121,-48.5434102617579,-52.1634247096464,-55.2993079916347,-55.3986864453313,-54.1605985285486,-52.1406116734629,-48.9594177106294,-49.5751195336442,-45.788672539548,-46.6623963616705,-46.7356817888214,-48.0899516190819,-48.3539290599197,-46.8154040774503,-46.3745580569512,-46.0483462195088,-45.0302424945863,-44.9374537464288,-45.137017370148,-44.5809366050295,-43.3006041460898,-42.7733060311232,-42.7246105366567,-44.1994549767103,-44.5660751686658,-45.0822857411118,-45.8934856767622,-45.6525306104384,-49.1646610171647,-47.6985561162538,-48.6793480677638,-47.6317028646681,-48.5481943843764,-50.1420844099464,-50.3444808439743,-50.014374447498,-49.5663181912111,-47.7209862181956,-45.9096918457374,-45.8062557160189,-46.5371910713569,-47.05935505835,-47.7778793915168,-48.9444285338495,-50.870921889061,-52.2836308840537,-52.9403550127647,-51.7015423113707,-49.0578229312638,-47.9167615424242,-47.9604672322991,-48.5817785427562
-42.9451497167267,-44.6443107842565,-46.8866008050658,-48.6604529870028,-49.9119816708972,-49.0965248055089,-49.3013348150698,-48.118331316176,-46.1658434447158,-47.6874387197259,-45.1730490368627,-44.9590954021473,-46.4897204551428,-47.9640831791866,-50.1711224423815,-49.7211666881135,-49.119753844361,-47.9871511874447,-46.0595348784671,-45.7017726027109,-45.5557720961411,-45.0517298015003,-43.712380533494,-43.0319006833412,-43.0858102155048,-44.1595290552114,-44.0960348853314,-44.4734535293604,-45.3580515570519,-46.4056001716754,-48.8088198458441,-47.4285702266959,-49.7688900489144,-49.3725380686507,-50.9910440823111,-50.8688196539,-49.8034589042703,-49.7266480239905,-48.5548705090246,-47.1810463754754,-45.8820474716714,-45.9383144086386,-46.5947300835199,-46.0865512038046,-46.3521999276154,-46.4624535501761,-47.3131349071416,-47.787114979575,-48.3088633732604,-47.9037940513455,-47.4188444355474,-47.4249427225824,-48.5001489279083,-50.7272785754637
-42.6965350265324,-43.3831228196669,-44.9012843153652,-45.7260347253027,-46.5347817900076,-45.707819767799,-45.6099475117622,-44.9466492652985,-44.0420998932725,-45.2668495134786,-44.9922234044864,-44.1995463834726,-46.5081447480975,-47.6933020856326,-51.3989961647462,-57.3000153750632,-54.6595604260223,-50.9242206363163,-47.6210502115767,-46.5511066153999,-45.6390424090444,-45.1999616510405,-44.5244326853653,-44.1374381054557,-44.4421144028032,-44.7516835986938,-44.5683606820731,-44.8404362437868,-45.6300153285244,-48.044228363696,-48.5110054328439,-48.1350360404627,-51.9572448574262,-53.7557915955264,-57.5888832934787,-53.9866617443552,-51.1149968906613,-50.123260580327,-48.124673434684,-47.3340172377125,-46.6763735651692,-46.35720714546,-46.3140665376017,-45.2065789760001,-45.2179381773332,-44.880700071189,-45.1461529923149,-45.2683444908542,-45.6200147693334,-45.3917929396377,-45.958335280216,-46.5618195661499,-47.6572140605925,-49.6113540436177
-43.3154000511588,-43.0848882170924,-43.647175011093,-43.8131292403243,-44.2574461309949,-43.7903365253922,-43.2664313277309,-42.8251988642568,-42.6370247543797,-43.0531549343325,-44.7662534085301,-44.0986962251649,-45.9022027652924,-47.1729075341377,-50.5238446564465,-58.7003589399626,-55.123334387181,-52.0427441754935,-48.6836031188639,-46.821908401533,-45.3592618958062,-45.0377886357397,-45.3778737448732,-45.8953311985271,-46.6974318230544,-46.2128474237722,-46.340521601166,-46.6666468214042,-47.1064000933477,-50.7153735457953,-48.7148779147573,-49.7383425917424,-54.5468812443723,-59.4919547618626,-71.9031707812616,-61.7817205111384,-55.1182816528674,-51.2867427087437,-48.5447058807199,-47.7007045980039,-47.2694861289909,-46.1045354676363,-45.2356380575244,-44.3151203575015,-44.2531675517661,-43.943616899552,-43.9667107046493,-44.0158019643883,-44.3200148658547,-44.2467333038714,-45.1578217042245,-45.8591401484345,-46.6248188242558,-47.8336802026866
