-45.85792298208,-45.2650678721179,-45.3267511004983,-45.8644942535879,-46.8176040539427,-48.1598386821467,-50.0817299124626,-52.3399064346545,-55.2775635531431,-55.9415013428394,-52.9666681885182,-50.28744798018,-48.3175935026547,-47.0806247530294,-46.6291620169389,-46.610235265169,-46.6194293729163,-47.1354676325235,-48.5203389878894,-50.6852376955496,-51.4774888253902,-56.8905287290247,-50.7458658279186,-49.277764226758,-46.1634522480792,-44.4427539241557,-42.4555155006074,-41.0597201536125,-40.7447210081508,-40.6311273017078,-40.4634042562791,-40.523709973894,-40.6476104139308,-41.04489493096,-41.8479056833517,-42.5837082429408,-42.6999464793764,-43.166392660488,-43.9511908041986,-44.624613655381,-47.515967663784,-46.048519961797,-47.3310672230298,-48.0845916954922,-48.9505838588917,-48.9931929060328,-48.5076559693499,-48.2384789598317,-47.3942644534355,-46.5539434206701,-45.8702683873945,-46.0418118360069,-46.6826965315044,-47.2572391152759,-47.9705350140201,-48.6304796796087,-48.5805610053604,-48.9500453969267,-48.7746577206187,-49.4874847277294,-49.9325443119704,-51.367678808273,-52.6443537361311,-53.0353218467802,-52.1108471528689,-49.5992256120512
-46.9988671223505,-46.3941953253001,-46.1680999939813,-46.6204187064077,-47.0727412068924,-48.0783493091755,-49.4298570661856,-50.6891938327993,-51.8995269026334,-52.1936767049307,-51.6902528492897,-50.5559470149029,-49.4467650225592,-48.6624779900314,-48.5723095569679,-48.1511484381097,-47.4432208529879,-47.8598800358356,-49.6154171690608,-51.9420318246761,-74.9231716327965,-65.8595856926746,-53.63383924259,-50.7173018744391,-46.8784325655712,-44.7794395537993,-42.6442397063072,-40.816885297663,-40.414791572941,-40.3948169089962,-40.4289612922644,-40.5361213882705,-40.7166443225862,-41.1050601300813,-41.9162374042167,-42.79378122105,-43.37755696888,-43.8238897219003,-44.3247604110485,-44.9768217719377,-46.4172134417401,-45.8549096506534,-47.1592323156617,-45.6890101124237,-46.0890178812495,-46.0013748493416,-46.6921421323647,-47.6809644321147,-47.0823264823527,-46.5068713220805,-46.1078873564209,-46.6512531981152,-47.8277704856583,-49.3269420575624,-51.0716511910312,-52.5376169600797,-52.3804233384076,-51.948817111191,-50.9860369340378,-51.705582560799,-52.1725915950956,-54.4763841486801,-58.9555525192338,-68.2101627087691,-58.7265090389127,-52.3583993515979
-48.4068285755443,-47.7512850372124,-47.1146120372126,-47.2065672707127,-47.171441728096,-47.786976742614,-49.0944972392343,-50.5720233498004,-51.7525270121612,-52.3550124461827,-52.7129235536502,-51.8711375740221,-50.7518259704303,-49.9944570665343,-49.7950295280685,-48.6147241260538,-47.5733239616069,-47.9314263895725,-49.4424405022281,-50.7253471167305,-51.8873730855229,-54.6862907522709,-51.5442973640789,-49.6890602957937,-46.8905596957416,-44.8427276951914,-43.1332955521457,-41.3582604881961,-40.8473654491421,-40.8340361733727,-41.0555886007935,-41.2181766553937,-41.5192452988529,-41.9295864888794,-42.6705458962369,-43.6347670542296,-44.8318925010805,-45.3308322656285,-45.4884479006647,-46.0251057996492,-45.6627366050434,-46.4952989841088,-47.7905154318187,-45.0176134801999,-45.1759006720151,-44.9809197165494,-45.8403869255205,-46.6595689452714,-46.4126313367195,-46.433671623531,-46.6059779945812,-47.4267940488069,-48.9396555367025,-51.451387127336,-55.1149574442018,-61.2193069589708,-59.2694097288702,-55.3785794120987,-52.9837744769516,-52.8424495150714,-52.9645901188583,-54.4103386657371,-56.1200665384858,-57.5457025641898,-56.2356211683519,-52.3984506101109
-49.8190831697672,-49.0622976505377,-48.0918331566941,-47.677538921975,-47.3644609622955,-47.813207374774,-49.1857412456573,-51.2252524345373,-53.6090514936746,-56.1133899559974,-57.567367268574,-54.8288440964654,-52.0910952566799,-50.6909921308674,-49.6739866426551,-48.0895204416914,-47.4490461768366,-48.0253599550582,-49.2013296006011,-50.0142655720152,-48.0791614521473,-52.1116981922785,-50.9700821757809,-48.1792940427459,-46.461483103223,-44.6253412447122,-43.7019440385824,-42.4654141101631,-41.8354140791311,-41.745030704749,-42.0851205406786,-42.3891321795816,-42.9986812100394,-43.6336492464117,-44.4255419000291,-45.5433243238002,-47.2407727090641,-47.6991888149891,-47.3935238990031,-47.5949027673428,-45.6326499737977,-47.9296349964809,-48.6933652311979,-46.1094844066845,-45.9911275971366,-45.6044348586761,-45.8421294438084,-45.6808384438585,-45.6798782601301,-46.1994318966931,-46.9833999550839,-47.8473949609021,-49.2557691699626,-51.5573539367179,-54.9617054483001,-61.7840406887344,-60.2705055236408,-56.0894520570546,-53.6429133282261,-52.4128560781315,-52.2375254054518,-52.367124313763,-51.7633206936313,-51.4600278925094,-51.251403864378,-49.8238474068569
-51.1511252222611,-50.0465231716894,-48.9263075973007,-48.0480887242685,-47.6702713638193,-48.0656238715047,-49.1291154631965,-50.7785256850931,-54.1730328124765,-60.4681428905284,-66.8674993508065,-56.5996386791786,-52.2874563472766,-50.3212186630573,-48.4447060403294,-47.1494929062798,-47.4278058110192,-48.4358780951768,-49.404071305221,-50.3680279622131,-47.9924251810213,-52.0373422815501,-52.8743852231255,-47.9592891154839,-46.4749709612399,-44.6429342669826,-44.2826820904618,-43.7940640696677,-43.0532670115364,-42.7913998614438,-43.1000246622365,-43.705652410755,-44.9250620001579,-46.2889283023934,-47.6952871910638,-49.4139290275566,-50.9357117450414,-50.670292456552,-49.7201401315805,-49.382805715685,-46.6281988111184,-50.0716133223245,-49.6647468732855,-49.3813317899427,-48.6842880469384,-47.8539473510652,-46.6448082712936,-45.3403970916809,-45.3231917828044,-45.9159585640877,-46.9930573774877,-47.6778950450814,-48.6642779951965,-49.8988014771434,-51.6189996394629,-53.7296314811244,-54.5306299875565,-53.7634447271929,-52.8612841491182,-51.215456105928,-51.0550781687672,-50.6821918156895,-49.6890532920883,-49.0344024191247,-48.5584206347885,-47.5643662913862
-52.8999278352891,-50.8457511998577,-49.4517663831365,-48.1883866892483,-47.8635838252543,-48.0907809488204,-48.4000531374515,-48.8079438423418,-50.8062272037392,-52.838495169345,-53.9492281282352,-52.6158505975212,-50.6044236253186,-48.9447320207607,-46.9458995548452,-46.3992723909256,-47.7093637910072,-49.0149587963747,-49.8934352487492,-51.3853182489178,-51.1119560069077,-53.6203732545297,-57.314381899402,-49.4780611028291,-47.4428310298345,-45.3438041502026,-44.9390652854348,-44.9079257722188,-44.0522808044239,-43.5396406753542,-43.676308818482,-44.6826011097905,-46.6034231255303,-49.2335299581964,-52.7055624661173,-58.6485316105849,-56.1299116187114,-53.1544928454259,-51.7294564421308,-51.0577696771338,-48.9371821728254,-52.9999250209058,-51.5131496680297,-56.0897921252582,-53.5052337274568,-51.6471818056622,-48.2511501416106,-46.0256255623051,-45.6779842509209,-45.8697826181214,-46.7022704085072,-47.1548339220653,-47.7539997283933,-48.338120766937,-49.2811083572185,-50.4526431789318,-51.8380283653702,-51.9091714138169,-51.9927488354312,-50.5395776585969,-50.3591805569101,-49.7987957846149,-48.9653255964036,-48.0726562874729,-47.1109297374543,-46.1283704736525
-55.5755417285185,-51.8395491327844,-49.6651461648565,-47.9970137051128,-47.6452619386666,-47.5032810648311,-47.1351120744166,-46.8402852127803,-47.653951077623,-48.2546832218998,-48.8261417121213,-48.7883204850608,-48.2528556450011,-47.2104613473911,-45.869305135901,-46.2721425888724,-48.1587359094738,-49.2651531347449,-50.2004083535882,-52.3065043615815,-60.2166329102229,-56.8935725599994,-63.1896195086489,-52.3425273859224,-49.1517497428054,-46.7046367986733,-45.7335616734277,-45.4981430200905,-44.468507135132,-43.7368599367173,-43.7155235982142,-44.9576857716835,-46.956909557559,-49.5220268877872,-52.2080557927368,-57.9108559926039,-57.7384836403748,-53.6471436013747,-52.7319104063033,-52.4782287031868,-52.5855938117719,-57.7292215685872,-55.8778942048595,-60.5890790314867,-57.2558604187065,-55.0774805588765,-50.7438897898811,-48.160502385756,-47.0816207974221,-46.3858555456122,-46.4156533587977,-46.6098950751481,-46.9414457080157,-47.3105215246885,-47.8873263234809,-48.7592781883623,-50.5035951573355,-51.2471141444594,-52.106862941018,-51.4325150902517,-50.978088805603,-49.943867892003,-49.0233991201359,-47.7256155429681,-46.3049330770058,-45.3103609965768
-56.6123275463391,-52.6139734062087,-49.619076281206,-47.6081242589542,-46.9712391382685,-46.3976573122552,-45.7806324245465,-45.4632206601877,-45.640713195856,-45.7776077273791,-46.0939180116795,-46.2809103410428,-46.2622961199367,-45.8056779035545,-45.5791243274794,-46.9051121722827,-48.3099358064276,-48.9749346782797,-50.1353471180039,-52.5845562366862,-57.1506231446761,-61.0904679455122,-65.0166308014103,-52.9763277320888,-50.2478922188292,-48.0500609080162,-46.6425854693273,-45.6386986549422,-44.3808096009177,-43.5581763196164,-43.4657076509141,-44.566827449397,-45.9373451935327,-47.2142024128,-47.7020784990526,-49.9644992644019,-53.5211550277447,-52.4132822859473,-52.4707327935847,-53.2767835217757,-54.915707582073,-66.9926389835958,-67.2903673927038,-56.1141481231108,-56.1129780756814,-55.5603983198212,-54.3607539877784,-52.5680298854597,-49.923358950597,-47.6686692782684,-46.4485321289125,-46.2503219239273,-46.3454163880867,-46.6716172901366,-47.0391770128742,-47.6870199303622,-49.4848900462566,-51.4604191541394,-53.7342712693181,-55.4365999481394,-54.0644350976409,-51.3291340289432,-49.2672081997774,-47.3196165672253,-45.670433475986,-44.8158000384033
-53.5155497256278,-51.8585530820198,-49.3036682076525,-47.2915105649618,-46.1711884741639,-45.247348438437,-44.6441324486272,-44.5740029312031,-44.4307987848666,-44.4203993647617,-44.5598433218714,-44.7731786841864,-45.0068967293183,-45.1720339363149,-46.2356229037139,-48.0337237418327,-48.1319092748716,-48.7358639481067,-50.1387322426226,-52.5108444688035,-51.3740664180908,-58.8887511439399,-62.3056489926184,-50.9535577887888,-50.0817492023506,-48.7992238423911,-47.6105141979834,-45.7597253384961,-44.2539674179399,-43.3933882221053,-43.2259597915415,-43.8125820360597,-44.4562081904266,-45.0382868586776,-44.9454625219781,-46.4297888606247,-49.742795973232,-50.2438173427259,-50.8057913049293,-52.2894072813585,-53.0747982357399,-58.5946536502885,-60.3238915412709,-55.7179274528499,-56.8748428409168,-57.0126022989736,-59.3453705612916,-58.4511808081118,-53.4671190140779,-49.4521816081378,-46.9710313144789,-46.1931497999149,-45.9903828709863,-46.2483780861133,-46.5040003576751,-46.8859686500357,-48.3613949077142,-51.4300966268747,-55.7522821498008,-69.3343840052481,-61.0167192406066,-52.980143133789,-48.9143484201625,-46.4878473440362,-44.9079279874783,-44.3610295005391
-51.061901095315,-50.2629604349388,-48.8773931463927,-47.2558726981129,-45.6569711286436,-44.4833676104765,-43.8730641523181,-43.9560219603285,-43.6907270699116,-43.6971734161618,-43.7820903553672,-44.0862451379405,-44.6448764390597,-45.5762097599062,-47.8488871200872,-49.0829742457537,-48.3860332223966,-49.2821147512394,-50.7422229307487,-52.5806826150316,-49.9489143194524,-54.8649465205883,-56.8782615040195,-50.2908097300939,-50.4358193523198,-49.8062669494895,-48.7151742632769,-46.3044687999851,-44.4978659216797,-43.532210179947,-43.1880045095543,-43.017332046319,-43.0701925259169,-43.4265204996423,-43.3807412793798,-44.1431312142602,-46.4779942713125,-47.6530351552108,-48.3889807495311,-49.7407451941465,-51.1490136402207,-53.0587525428128,-55.4862687695924,-56.8335653462181,-59.43391420603,-63.3351925588567,-61.4424865523914,-54.2517267263238,-52.5182728012326,-50.3939333337204,-47.9005777174006,-46.4969452149813,-45.9059440557202,-45.962055306931,-46.1721518790102,-46.3485965601313,-47.2978547564929,-49.9623903654592,-53.0742497852615,-54.4817763453942,-54.1964859723655,-51.1363976739562,-47.6603050421722,-45.4157420274448,-44.064054557424,-43.7969132268947
-50.5662502184156,-49.577963864998,-48.805891252244,-47.5874113427487,-45.6483745484987,-44.2728544481288,-43.4977436300965,-43.4628208579971,-43.1972937980203,-43.3221154317637,-43.536571739208,-44.1313623567832,-45.2484001463283,-47.1904021368265,-50.132368747572,-50.0988989554794,-49.9424387122915,-51.0776323550456,-52.159436121307,-52.913436595077,-50.8869213470818,-52.7089913918979,-53.1708525647302,-51.985793405188,-52.9227913375554,-52.545915267038,-50.2527980992362,-47.369908285043,-45.2124200660355,-44.0691753056505,-43.4237255940079,-42.4308442034538,-41.9803760591011,-42.1847122382849,-42.4158154745544,-42.3905970190274,-43.7033912490712,-45.1643908499736,-46.0782090136997,-47.1569863396417,-49.9485517063181,-50.2742157802801,-52.8957470865313,-55.1309069319504,-56.384535781045,-61.4041744217676,-57.5073335882884,-51.1076071393595,-49.8897879411203,-49.7747347240342,-48.8112406929088,-47.1432841344142,-46.1313227104241,-45.8347372399263,-45.9964505144272,-46.1432445751155,-46.5693609670985,-47.9082329335943,-49.1261080454317,-48.9462211452637,-48.6472524040889,-47.7239427703639,-46.1085249482873,-44.486409112077,-43.3972837847903,-43.1879159157921
-52.3993054064007,-50.8123215326591,-49.6307219649796,-48.1974313569368,-46.0328339717395,-44.4582158425608,-43.4445138065804,-43.0617011325907,-42.8520445897773,-43.1371386695491,-43.6613839130415,-44.766119472559,-46.6696232823688,-49.7734468490668,-52.317342605839,-52.3822074832576,-53.7415312332635,-54.3804016435657,-54.1762776681514,-53.322642864198,-53.9192460796341,-52.0982376557037,-51.6416514371487,-57.2725592277756,-60.0207489675481,-59.3580380647261,-52.556277328957,-48.4606934033613,-46.1454522942194,-44.9030095244673,-43.8793416726027,-42.1910079390609,-41.2727782316691,-41.1928053360172,-41.6526130449428,-41.1064983079408,-41.5985438703364,-43.0894331055249,-44.1903889902417,-45.1442781757134,-48.7844626344678,-48.4048397320984,-49.8921703828719,-52.4868437554415,-52.6461598564448,-54.2438324855441,-54.6949315668179,-50.8444562003902,-49.1834525597331,-49.1952568625511,-49.2401511361741,-48.0004856376778,-46.6776718343695,-45.95272218726,-45.9794359313169,-46.247197158831,-46.2870602758127,-46.4402233623803,-46.7504698591753,-46.6246132697964,-46.1459330350246,-45.5421020332049,-44.9299767695025,-43.9413784479832,-43.1168103855274,-42.7276037454609
-58.4578371268845,-55.6503055004585,-51.5498310257262,-48.6354062687787,-46.2640173893903,-44.5952672507752,-43.5689734663779,-42.8122648607582,-42.6724640174147,-43.0903303183051,-43.987300633518,-45.6111338616844,-47.9689316066616,-51.0494413318128,-53.8396568628567,-59.2354940091509,-60.1360118290696,-58.4498211678268,-55.8458162038674,-53.5001622738616,-59.375505721585,-52.8465905931104,-52.2368219514927,-73.390590959676,-68.6995058537568,-71.6310945504537,-55.3130369004761,-48.9664531665426,-46.9172731494764,-45.766080005677,-44.3405950226251,-42.2655438055878,-40.9609234630679,-40.457333851699,-40.8673058261244,-40.3129571225967,-40.2389517631341,-41.5329906673758,-42.7422548940132,-43.7224320099134,-47.2170961553051,-46.5997456111309,-47.1360576772388,-51.0425502509578,-51.0374350158116,-51.4003443786604,-53.6919426181264,-53.108893663806,-50.7508172063623,-49.8183832984392,-49.3926640632823,-48.8295088092224,-47.4794612046147,-46.4109481168567,-46.1871781862846,-46.5614755966914,-46.4465467597991,-45.9174184480477,-45.873134151106,-46.0849508838902,-45.5093693667602,-44.8258560501915,-44.4787227735161,-43.9035532183341,-43.3196330811767,-42.6157968248975
-61.6007454168604,-62.2112847198507,-52.390750230778,-48.1658206805917,-45.8064774309641,-44.3816431269735,-43.7432111028061,-42.8216870552106,-42.7538146087334,-43.2140754211331,-44.3427724625899,-46.0338439437889,-47.6562333258378,-49.3755990450086,-54.2793026650884,-63.3301455600218,-56.6748649613614,-58.4279773224548,-55.5165484789526,-53.1795294700756,-58.1430423941687,-55.0622065832354,-55.7666262695861,-59.2954364687227,-58.5404462072379,-60.0930002222942,-56.5551598096569,-49.3436920492175,-47.5106475696968,-46.3597943706848,-44.4712866467979,-42.4002119233496,-40.9546480312859,-40.0302876615132,-40.0630966961786,-39.924977278792,-39.5947718629686,-40.5147285670891,-41.7088267195141,-42.797422955613,-45.3596198277563,-44.9241322394482,-45.3822596354693,-50.5329728892108,-50.8454386029372,-50.81664651928,-54.5484500883829,-58.5816236615012,-55.4232842282511,-52.1316884716026,-49.8918401373395,-49.415699361943,-48.3690979675567,-47.2557574372593,-46.7418215020543,-47.0493652466291,-47.0409414170805,-46.4067445266124,-46.3159279244227,-46.8781675637555,-46.350522401195,-45.5190763119468,-44.9697123502226,-44.49681808464,-44.0518496190923,-43.0135062720355
-51.7371616160259,-51.2643746595492,-49.3467612273843,-46.8184526389087,-44.9855364184797,-44.0906043007175,-43.9536709443569,-43.2020359477747,-43.2188966621958,-43.6025827496696,-44.6597871589528,-45.8169176578702,-46.451540757734,-47.6587113704797,-52.1606236138085,-51.993276374916,-52.3092327501412,-54.63688519508,-53.0686274952052,-52.2551407982781,-52.202587322517,-57.8461660277037,-68.6223571744664,-56.4146097611691,-58.7413749976786,-60.4691969059402,-56.3157383972411,-50.2249881879103,-48.0925518621828,-46.5263581732198,-44.0944096090192,-42.2594449786438,-41.0558147437224,-39.9351159803557,-39.4343014213093,-39.8049953847289,-39.5816917485036,-40.0431477378308,-41.1131683233292,-42.3053579600762,-43.6525125684306,-43.8371520653228,-44.6370221732453,-50.2158084177848,-51.0379599347669,-51.4997543197676,-57.7460032870356,-64.982755813859,-62.8674409210869,-56.1430288939465,-51.0260302074311,-49.7233431883229,-49.1334614216997,-48.4411882374343,-47.7926837160545,-47.8834360987968,-48.1756132628458,-47.9853595367238,-48.0230734185175,-48.7593634254794,-48.5181345883849,-47.6995832260853,-46.6812747379953,-45.9533741732394,-45.3771202722175,-44.0273780506545
-47.3309691656907,-46.5766154816706,-46.2402866998461,-45.4805202830076,-44.5055306230213,-44.1806426981263,-44.3080874958309,-44.0387538643464,-44.176746563863,-44.3958354682654,-45.0884815316894,-45.5553929433079,-45.8360440811033,-46.9806408763958,-49.0893644725451,-48.0529221628687,-50.1259287762782,-50.9254581987616,-50.1943796010573,-50.8333764716476,-48.8281573200324,-55.1020622101443,-56.9160443523492,-58.5075677577734,-72.9852262388469,-73.4940998418306,-56.4409939567138,-50.4608189607825,-48.2411091337999,-46.2176841488859,-43.4056200789463,-41.8285541085265,-41.0801609448657,-40.1417556357087,-39.2258293929941,-39.8992130252975,-40.0910918673184,-40.1435737941022,-41.0266259032658,-42.2461898539584,-42.5342982447641,-43.630901293949,-44.6968147690783,-49.3973486506365,-50.6992069879732,-51.8920633577286,-60.0687378664825,-60.099674488458,-55.9510507592584,-56.2976610377476,-52.247235141247,-49.8072613980132,-49.6277020781387,-49.7965583907126,-49.4811419302955,-49.4938688957014,-50.2335641525615,-50.8979635403546,-50.9887500682921,-51.3583344509258,-51.7937982455745,-51.697603846508,-50.2729535951871,-48.7798821791243,-47.3888905575792,-45.6002572259565
-45.0110395901866,-44.4549361504834,-44.5893884769251,-44.821071476257,-44.7551034218152,-44.8757544909833,-44.9568693294829,-45.3651539436112,-45.6892031552402,-45.7684641696311,-45.975346104774,-45.9545971528414,-46.3217026631719,-47.248862347993,-47.0241244190308,-46.5089908032877,-48.7781473341593,-48.0764252237786,-47.9046258649007,-49.1762804176948,-47.2698243087015,-50.4069464245889,-50.3198685480475,-60.169960194013,-57.0003418061477,-57.4461916170718,-54.3476177057601,-48.4218434921621,-47.3333128184444,-45.4315825801312,-42.7227398444539,-41.4624816459256,-41.0602833943694,-40.5981313960922,-39.6400600443086,-40.2942302530545,-41.016513547557,-40.8606628708829,-41.5341452431338,-42.668485504589,-42.2996561453183,-44.4166792632643,-45.4661000073273,-48.1615093982651,-50.0145349174179,-51.025039777428,-54.5743556488278,-56.6119439573673,-52.0244123233799,-51.9054296010943,-51.8930563088117,-49.6142180271968,-49.741497900938,-50.9221751624759,-51.7710274574125,-52.5815381304737,-54.3723492822637,-55.8043758727505,-54.8633490109935,-53.7479690253981,-55.203240989083,-58.2393612101701,-58.5392215450168,-54.2127550682284,-49.8853595889295,-47.0979823192542
-43.9367679080795,-43.9434020393901,-44.410576806583,-45.1788176005267,-45.8855308749761,-46.2010586153892,-46.0245728867555,-47.1117723160487,-47.7093483457433,-47.9164135596015,-47.8035640135331,-47.5766698746055,-48.0890508725885,-48.3103256840866,-46.2856814552622,-46.3436240937732,-47.6490605897085,-46.2395837450841,-46.4327218450804,-47.5820907996151,-47.0086922838584,-47.3114189272708,-47.2615864408899,-52.0355169228321,-49.8585367948658,-50.7057403123464,-49.7939445097261,-45.9307833794713,-45.8253387951405,-44.3132013272034,-42.2391838849519,-41.4893088629569,-41.245992083716,-41.3198207615523,-40.8426584765626,-41.1632603002489,-42.2960129339332,-42.2477769641483,-42.6901799323856,-43.6201473995547,-43.1106684033958,-46.2277903202514,-47.1452286692391,-47.3480640162709,-49.7063536205008,-50.2868153070971,-50.5404673368905,-52.9502942336463,-50.3336519696768,-48.8033864489208,-49.7240857987291,-48.9907556227394,-49.2692020661649,-51.007638940003,-53.4703272280659,-56.8792736280052,-68.010841934131,-61.1969078932953,-57.0163834196065,-54.3992339406037,-55.8972677054165,-60.4880078139028,-62.6270452403684,-58.1865444883732,-50.8566068779652,-47.1698716678606
-43.7995838463162,-44.761429124023,-45.7464232053999,-46.8762136024814,-48.043432970163,-48.1547229607587,-47.5721008699556,-48.973857548945,-49.9077517579406,-50.970908902999,-51.3577800642435,-51.3250216423435,-51.3971134770368,-50.0537013993447,-46.6921295575688,-46.97112434614,-46.6613671924977,-45.3464055131103,-45.733776967083,-46.3157018127183,-47.467927248538,-45.6932627751084,-45.996626522269,-47.1377188007003,-46.5141844704793,-47.2301354043354,-46.1173528308168,-44.2770011136556,-44.4152625140438,-43.1353501625392,-42.039702337423,-42.009687415718,-41.8966221062214,-42.4801588138029,-43.0336136280342,-42.759229934642,-43.9744795750227,-44.3423221098194,-44.4575026562381,-45.0606098613792,-44.9549412451548,-49.0098222596203,-50.3401149715936,-47.8518957676415,-50.1968788943417,-50.646530303852,-48.5101461997048,-49.315229866178,-49.1716804433171,-46.9218787407506,-47.2981163401472,-47.8737126341031,-48.1284557859726,-49.5876908358165,-52.1018118213138,-53.9637797373743,-57.4331633349284,-55.9649344594706,-54.6647961915826,-52.8089488549316,-53.0631764568601,-54.1743944054633,-52.2313844210919,-51.0636307418575,-48.582309572121,-45.8516069064944
-44.3875864013855,-46.79131017293,-48.8752794055163,-50.6323142917195,-51.601439532597,-50.7314612332707,-49.5281697382318,-50.2975054336212,-51.4312532599177,-54.2634460923794,-58.2968384189173,-60.9176948746061,-55.9898166237355,-51.7370808771666,-47.6409574052068,-47.7496107096097,-45.8826112177947,-45.2239284387478,-45.6693823406181,-45.5959134553477,-47.7384315564951,-45.3774711839951,-46.037335277362,-44.7049031890145,-45.0304374063367,-45.315955400426,-43.7929994843199,-43.4311261839074,-43.2402607646761,-42.1340114061623,-42.1436024245073,-42.8773185393639,-43.1054229245682,-44.3956102043153,-46.6121890598264,-45.6135268259207,-46.273159038489,-47.0638254065415,-46.6030997627318,-46.7081228698519,-47.2707198948672,-52.1830469646005,-56.6421558623887,-50.8825663683847,-51.7006037459284,-51.3777169444925,-47.7636570290635,-46.6364821803543,-47.5131197691171,-45.7481619239573,-45.3413337702873,-46.4253989118481,-46.6496367720429,-47.5380467669186,-49.2188898660609,-49.3161698616905,-50.3432599136901,-51.3174045087557,-51.2300324158357,-50.2819556235286,-49.7456783740616,-49.7869115721127,-48.3480168909011,-47.0611849923899,-45.8768576881304,-44.4704934709372
-45.2766258755169,-49.3717315562837,-53.6358635076125,-59.520363515437,-57.018789895123,-53.0649333896238,-51.4910869481193,-50.6087235176342,-51.5220462151404,-54.6254396446214,-57.9101942664488,-58.2863585682731,-55.5978797982789,-51.1279113786539,-47.9424696664947,-47.9696915821939,-45.3298024109314,-45.6377134118119,-46.0454867331587,-45.6012984685057,-47.4013789101172,-46.4015039859141,-47.1965257614828,-44.095434879225,-44.7839276383777,-44.3806526172652,-42.5625448611816,-43.0173645031669,-42.2108492184648,-41.4307624307634,-42.4252855013919,-43.650836147118,-44.5788050783602,-47.1830037261528,-52.6026168594502,-51.4513742164841,-49.5822272665137,-49.6909515138155,-48.5313905698374,-47.9263620897307,-48.6213250502467,-53.2357155629807,-68.0403828482991,-62.5080426843201,-53.759939145196,-50.1924701137789,-47.521047972288,-45.0298283296694,-45.4885819584314,-44.8890897878418,-43.9954935958892,-44.9701657310226,-45.2962490956248,-45.8022901301525,-46.8920672592307,-46.7295487368015,-47.2014484178621,-48.5035944191897,-48.5204430316387,-48.0903308447763,-47.3555208274989,-46.9532436073622,-46.3230620670882,-45.0486278170207,-44.0743384631326,-43.6059979032224
-45.623736000739,-49.8818475568127,-53.437370333032,-60.8488575939073,-57.5010806318445,-52.7374633388017,-52.5542595547545,-50.33320467609,-50.7223886307521,-52.2323041626745,-51.7950225292179,-50.8954102292782,-51.4346661671449,-48.6290335743247,-47.1597684815856,-47.2808435871278,-45.0258612098325,-46.2722154349445,-46.6030053572638,-46.4609530390181,-47.287906871793,-49.1451446327214,-49.5355498909611,-45.1483260716117,-45.3815004916927,-44.0404881292451,-42.1298228270056,-42.6150415672975,-41.3182124609053,-41.0433067252834,-42.5044592233579,-43.7381462954464,-45.3448068921493,-48.7795231477049,-57.3033602769128,-68.5253375488889,-53.0922908532948,-50.1246728969836,-49.1507804754141,-48.1080639145238,-48.7274791498033,-50.9097411760309,-56.1286653478058,-54.5349891907687,-52.8476575936853,-47.6835778956668,-46.8288529110859,-44.3276862637361,-43.784624645616,-44.1274181400649,-43.2808618995109,-43.8331523098803,-44.3595784891635,-44.7267104847939,-45.4807649355254,-45.6663150319442,-45.9384072603455,-46.9507818964834,-46.8969117875982,-46.7787790676815,-46.1283000246363,-45.419401136105,-45.2719352861312,-44.2210814207472,-43.2336072499467,-43.2956749827754
-44.9882662331768,-48.0128497081379,-49.8102095805584,-52.43224333782,-52.8945575414078,-51.033452379314,-52.2589060363591,-50.1566578075215,-49.9857919883776,-50.095414748521,-48.9726911342176,-48.0020418234363,-48.5364540515601,-46.4611758702255,-46.1836606177758,-45.9912403933379,-45.0069960037335,-46.6402495864013,-47.0060644790507,-48.0980322558741,-48.4797619919867,-55.0642253558336,-53.9699849652692,-47.6312550118136,-46.2802181690449,-43.818673582145,-42.1694377374818,-41.9894136348484,-40.6492063168273,-40.9109444639402,-42.0200239638305,-43.0440413118048,-44.6933278497839,-46.486299071916,-50.7275795684779,-50.1263408474867,-51.2135659440243,-48.2682795069713,-47.8814144672877,-47.3016451854438,-48.4404667819854,-47.9575221065148,-50.4673050524412,-47.1690069399572,-48.9705897315683,-45.7400271527991,-45.4981025292774,-44.2697743243223,-42.8147241897659,-43.5185342537676,-43.1931339919737,-43.2537324294748,-43.9686402199337,-44.3631834191436,-44.9535577940894,-45.7461737687365,-46.0257367641294,-46.554293032132,-46.5203030090416,-46.5796928534692,-46.0758006484666,-45.0861278032102,-44.8987078294549,-44.1655495284994,-43.2326406241293,-43.4523099636437
-44.0888692966504,-46.4216019554401,-47.8687511870585,-49.4543409272505,-50.4765217584348,-50.3227260967844,-51.5388503191686,-50.4698678005399,-49.8425586886453,-48.8948365575495,-47.8730373916804,-46.9699664853977,-46.774282068913,-45.1705993576338,-45.5343549600304,-44.6897790262692,-45.1935839224145,-46.2242452501605,-46.9207678109738,-49.481813065844,-51.9955709145128,-62.0726920824518,-64.9092431049992,-49.3102281233411,-46.6052233297122,-43.2943139213703,-42.3254826382874,-41.2410641505762,-40.2967119261018,-40.9290719307887,-41.1884562727772,-42.0943559844364,-43.4306602011382,-43.8671579471865,-46.6679159141164,-45.372004491206,-47.4673160117517,-46.3440570299117,-45.9596307057773,-46.0584274729462,-47.3067266484532,-45.6069302980509,-46.5785476594488,-44.1437572321643,-45.7607510746692,-44.6520185020333,-44.2549876171575,-44.5102674162477,-42.7441952804537,-43.3149576263588,-43.7251509695053,-43.4000690563491,-44.1796157075561,-44.6716294513363,-45.2155487487378,-46.6818547166942,-47.2061177436532,-47.4486085309366,-47.6715381702353,-47.7652759672017,-47.2134174644523,-45.8736911034082,-45.0665430344193,-44.5539645666191,-43.9042582346148,-43.9860017107112
-43.6784855575248,-45.7971636747428,-47.3244494030753,-48.4830769958133,-49.9703673916955,-51.1529646382119,-51.4602818847568,-51.526059238401,-50.5731651682608,-48.7403672493705,-47.8234262806654,-47.0465162407348,-45.8701589452597,-44.6939407882449,-45.1852632086333,-43.8065739194751,-45.2967791431705,-45.142463080771,-46.2552253435291,-48.6223189779818,-54.500803656832,-52.4219978971082,-54.1985498066796,-47.6173901380066,-45.9079496903898,-42.6039678974478,-42.3633830012394,-40.6793568615904,-40.3303237290332,-41.0113021822362,-40.554481376015,-41.3648004672359,-42.4018237481749,-42.3971393911601,-44.3615844750819,-43.542541919506,-45.213347055399,-45.2584645835969,-44.6861736159219,-45.035727865218,-45.4261633311458,-44.1012239373489,-43.9117106864742,-43.0126236566145,-43.7205907887397,-44.1752330829496,-43.6248246738305,-44.7724655050309,-43.6638389344413,-43.8194004406707,-44.9084321621422,-44.4307159937036,-45.0358331360463,-45.5769206934352,-46.0898406873196,-48.0517759858754,-49.0614404775022,-49.9735095253504,-51.2029616103851,-51.0007956345653,-49.4545833564274,-47.5247356343715,-45.6263513368642,-45.07762083081,-44.9829228497606,-44.8056351220839
-44.0336179416291,-46.0328173238456,-47.7653723854553,-48.7880775206557,-51.1100569415395,-53.6871186632333,-52.728392016946,-53.65912649852,-52.3704045395104,-49.7167436967824,-48.4798331388913,-47.8104138278695,-45.7257512779391,-44.9139423356601,-45.0541867117881,-43.5435346036476,-45.0393321666405,-44.0782780265447,-45.2763307652254,-46.4327166866027,-48.5277393985173,-47.9606141339051,-47.8281377468307,-45.8532348070881,-44.8686349614425,-42.3065620953045,-42.3774654763659,-40.620836139175,-40.8096502542496,-41.1553812785301,-40.448816653949,-41.0373796796058,-41.8266426503736,-41.9450703420229,-43.1339509957095,-43.4093016960173,-44.4036086469819,-45.2684814689538,-44.6521679380757,-44.7764414821496,-44.0090695376341,-43.5169351714945,-42.4541669113836,-43.0259774713246,-42.6581133778193,-44.0343267860381,-43.6897998786605,-45.1247838707062,-45.6749434529168,-45.3825598879525,-46.9222018075855,-46.5921739687788,-46.6006375080358,-46.9512856382958,-47.2484605968395,-49.0830580000377,-50.4956180754535,-54.0612394001317,-61.8485109554142,-57.9917650995765,-51.5761505289057,-48.9454947070047,-46.3068360013086,-45.512202295224,-46.0368690042625,-45.7519341590598
-45.1775737895024,-46.8813626507718,-48.9237683383985,-50.1110416246839,-53.8092363574373,-58.0090343739182,-56.3019252027541,-57.4339570400492,-55.1860893355855,-51.7888130804416,-49.6796260537583,-48.9277595254314,-46.3225676394956,-45.7444424333678,-45.1727038685115,-43.9529701169188,-44.5472120082172,-43.5311759075212,-44.3811669768823,-44.6590471682524,-44.4774338560337,-45.6298043472522,-44.7355616695092,-45.363834574056,-44.3073760803642,-42.8978571016247,-42.756005402853,-41.3267949985709,-41.7873331773944,-41.4474704650399,-40.9205210734076,-41.1051669879451,-41.6516969392506,-42.2037385005819,-42.7413043082996,-44.5660900193175,-44.9062550268776,-46.6736135300738,-46.3098708378899,-45.6855716451486,-43.7764194620988,-43.8569277630889,-42.1699288837024,-43.6693317798861,-42.3797673749172,-44.0003732404102,-44.2234066166601,-45.812755944534,-48.8627496925681,-48.5817425549178,-50.4085652307457,-50.4070820670504,-48.9057565344359,-48.481233420202,-48.2325078292282,-49.0154641625916,-50.3642766859395,-53.7466990541095,-57.2710807044128,-56.1363267274856,-50.7582369080468,-48.5035541631103,-46.7246250610508,-45.7806076208898,-46.5545334598975,-46.5166642243912
-47.0306803403018,-48.0460641971411,-50.5120566417181,-52.1034244386974,-56.9570999639739,-62.0019334871104,-66.2013349888477,-63.2366506433902,-57.7483782672188,-54.3398168715048,-51.4634305841322,-50.2070008762615,-47.6292917562136,-47.1065334277602,-45.5744306113166,-44.9845747895463,-44.2225794040797,-43.6772811401645,-43.8806989929652,-43.7129034436985,-42.6077837156548,-44.4585998262469,-43.4920536667144,-45.8259087410781,-44.6956475066517,-44.8178062338888,-44.0310766211164,-43.043809891933,-43.3006002295431,-41.9870827877347,-41.8021025551475,-41.4593111157419,-41.7364128979133,-42.7978025283106,-43.0108905341045,-46.6134378248019,-46.6717128936646,-50.2946188959747,-50.6910867169877,-48.0916046956313,-45.0604518688842,-44.9276340135265,-43.0036320494213,-44.3576863571962,-42.7243679154758,-43.8655708159879,-44.7509398000054,-46.527077379222,-52.2842656717019,-53.9943509238603,-58.1923377137069,-56.065061826249,-51.2870192826764,-49.382785737618,-48.6120595491367,-48.055200574404,-49.2679145795035,-49.7523520711506,-49.8965165687352,-50.0735333333559,-48.596020008946,-47.0865879631669,-46.6736258791008,-45.9142655855415,-46.3331177900046,-46.7443324001335
-49.52203548495,-49.3845905261767,-52.0936504378106,-53.7547424027529,-56.6417944627231,-60.8470400763741,-64.4654263398581,-64.7697051031456,-58.2699376113291,-56.1692120553146,-54.1183644802144,-51.7354001152538,-49.4498583048703,-48.8401660171358,-46.1953775875356,-46.4710663270593,-44.3787155300951,-44.5251228489612,-43.9832710838944,-43.6253984153877,-42.3784738579863,-44.1233668698807,-43.6734303588679,-46.5154340336442,-46.3863238410676,-48.9229518698057,-47.0317372888996,-46.0263145374196,-45.3315143391792,-42.7603591729811,-42.7176534566536,-41.9070623133609,-41.892788935178,-43.2773408645951,-43.5956066964154,-48.2842714672271,-49.0364630207184,-59.8238186617724,-61.0184244157873,-51.5023670419494,-48.1197451803055,-46.0682629107451,-44.8351533039121,-44.5622772669692,-43.540253849557,-43.5648126694226,-44.8547128035506,-46.0562075418375,-51.2972532525321,-52.8885334458977,-60.1124898109983,-53.721348063598,-50.915381499257,-48.7700402704121,-48.1097789352699,-46.9381033463777,-48.1341116247835,-47.434935324346,-47.2972298326721,-47.5277691408126,-47.3478538871768,-46.2717825206123,-46.3958926559715,-46.0015652423012,-45.6860047379661,-46.3759481633615
-52.8486065553841,-51.2110597163248,-53.2424909347649,-54.1044516988196,-54.3774706287977,-58.4179266269923,-56.9754364174214,-62.4750662459506,-58.9889210102202,-58.2579734723574,-58.148561841165,-53.7509560219109,-51.1563381227615,-50.5332135387857,-46.9494622898595,-48.0784352345619,-45.1936846753019,-46.0303870717679,-44.8660341542068,-44.4564683513824,-43.6258386746381,-44.5086179121143,-45.0559434663397,-46.8079725267615,-49.6064305002507,-58.8578111762567,-54.2903348913881,-49.7771267494032,-47.391913796961,-43.4629040208971,-43.1566462253058,-42.1588165204518,-41.9134253761242,-43.2522143492386,-43.8401752615026,-47.6416285525686,-49.0425934631307,-56.5638676639364,-53.7763002714537,-51.660696493829,-51.5464289863545,-46.5343747599083,-47.1349085829932,-44.3660505975872,-44.6302605858653,-43.3406292372561,-44.5997335270917,-44.4214827746306,-47.5969976033829,-47.636525703141,-49.8507428174292,-48.512333583036,-47.9350573106754,-47.037718896456,-46.8352096356333,-46.0736014895564,-47.2321261539769,-46.7120152542154,-46.969936989297,-47.1795296032191,-47.4839069874997,-46.6322580807399,-46.3504309433498,-46.1380001636092,-45.0599910760329,-45.6627390400839
-57.8754534579476,-54.2507501787759,-53.7911847213534,-53.7671740464363,-52.7554993965712,-55.8798093635392,-54.3749288611587,-61.054671626163,-62.4564163268907,-65.1271095993193,-61.9316887974222,-55.6259831929809,-51.8512238148029,-51.4005898100223,-47.8685009261389,-49.3241927245766,-46.8516017743285,-48.1922115535167,-46.7888662713402,-46.4082684321168,-46.3910431535505,-45.5622198669584,-47.2440238540201,-46.7593459319315,-51.7647362982131,-54.9027057615326,-56.9064701952943,-49.7530616916386,-47.396174815771,-43.4932596968561,-42.794245842898,-41.9266081038804,-41.6551633112396,-42.6245499413281,-43.2927600550509,-45.6334611400791,-46.5790439259987,-49.4346682250493,-49.0730549376382,-49.5230434378544,-50.2787783331721,-46.8727875028366,-48.4593558528201,-44.4426127676436,-45.6448380848869,-43.55567236382,-44.2819617025651,-43.0452403309698,-44.6667424944694,-44.6322491484315,-45.3374186547643,-45.2909111136889,-45.1856063858247,-45.1795314059064,-45.3235176560262,-45.5050704161227,-46.5488415864853,-47.2094942895132,-48.4828441092601,-48.9629885850107,-49.4036546271925,-48.4819159140042,-46.8665342397387,-46.2794812599731,-44.6738140376104,-44.8103892417396
-62.0677953760936,-57.8784035658502,-53.4321616201066,-52.9621521848263,-51.6855771736755,-53.1726839035465,-53.1328437348321,-57.2687975635455,-62.1726951500101,-64.2355551854043,-58.3495884614236,-54.5622969349213,-51.508816931379,-50.8862469421522,-49.0632257206539,-49.8331320215221,-49.7243934588872,-51.1619711374616,-50.3772292654646,-50.0034909030497,-50.7478634663907,-47.1623240009809,-49.1267233933923,-46.6736282036089,-48.601383120007,-47.8975954518797,-47.6118167795723,-46.5493916367444,-44.8025601827542,-42.6423737591982,-41.7965806713272,-41.2030063299615,-41.1286236923817,-41.6223231880476,-42.3116570950861,-43.8318297447247,-44.5207096787382,-46.6695187781455,-47.7579788546476,-49.0364873535177,-48.6770518271481,-48.4476309063488,-48.4090875508846,-45.4609106181695,-46.1269742893776,-44.339257036145,-44.0071748307913,-42.573448534863,-42.7933776810062,-43.075599077188,-42.859918802254,-43.3406546787264,-43.3067717967549,-43.6855277746008,-44.0280767472415,-45.0543610725424,-45.9334804243163,-48.3367685121362,-51.3264715357527,-54.085041452547,-54.5792769727194,-51.7984893381583,-47.8575417887009,-46.1094109100919,-44.4611814398594,-43.8974050372107
-55.9776921473676,-55.1153171737867,-51.9742670238851,-51.3087495947215,-50.8113429888351,-50.8381837067282,-51.9891907361213,-53.1001232668893,-55.317724205311,-54.6919866379224,-54.0733975704096,-51.4753441693163,-50.747946818589,-49.5021403998687,-50.4135895001536,-49.6795683469917,-54.2022978904497,-55.0419723081378,-58.0802255217812,-56.5881662705316,-55.7532269403779,-48.8234150501021,-49.2518029929506,-46.5409148970534,-45.4904089666684,-44.7253572714189,-43.8145949342882,-44.0608416916721,-42.1376224633365,-41.4610210700325,-40.6323744541541,-40.3115963639653,-40.4820900034348,-40.5900854592992,-41.433945710157,-42.5113742375232,-43.3759881345765,-45.6295136913602,-47.9927810694905,-50.5308501242074,-49.9052717934752,-53.088495628167,-48.7741599651188,-47.7949748008676,-45.9956661998125,-45.2809304447004,-43.759025713991,-42.967963471816,-41.9117645997283,-42.4485552093726,-41.6996107498421,-42.3118624379049,-42.2713025544023,-42.7052062057672,-43.1139106000337,-44.4953951950445,-45.1825355779418,-48.4647496968439,-51.3982211153631,-58.7810744821526,-61.0381877567795,-52.1229582031794,-48.2045641156521,-45.3312492787042,-44.1859340482262,-43.029311554471
-51.4192412907815,-50.8880150886897,-50.2003925581951,-49.5540882290488,-50.0885986548388,-49.3404549853369,-50.8771241464832,-50.4023943340738,-51.3164973991094,-50.6154529486703,-51.1322691859828,-48.9616273836508,-49.7777536957086,-48.0760418231666,-50.9891411506194,-49.268097799931,-55.0056237257872,-56.6870002164286,-62.5269702891367,-58.6651561410371,-56.8043424341922,-49.4686344493823,-47.8814824065927,-46.1939587416527,-43.720685859616,-43.1333817310228,-42.0293802825188,-42.4186456884239,-40.3788509695611,-40.4998443662688,-39.714033510007,-39.6131573687013,-39.91222464118,-39.8163036233707,-40.8698598830464,-41.5325142860751,-42.8865095666392,-45.089783791744,-48.0824192038228,-51.8723417240938,-55.1202245223945,-66.4774207097946,-50.7453752600626,-50.2180111306072,-45.6866622424298,-45.5217712637567,-43.6312465668439,-43.8361718530877,-42.0039564069983,-42.5200513888403,-41.6630048698702,-42.089440165221,-42.0260977730123,-42.2917571543074,-42.6113505929815,-43.7925975279497,-44.2772552037785,-46.6206422193788,-47.8723067802368,-50.1312352853784,-50.772856980193,-48.0276241451242,-46.6831309520834,-44.1986900086443,-43.7090178119829,-42.3971832639877
-48.5733091817487,-48.3341667017745,-48.9445863628234,-48.6423435008173,-49.810140381159,-49.0239308103297,-50.3957467933867,-49.2700309979276,-49.3333855783456,-48.6819664790282,-49.0358889909469,-47.3702422572706,-48.5239400520194,-47.0143887415806,-49.6439245216339,-48.8617500087152,-50.3589056270651,-53.0456027254047,-52.5838707615189,-52.2866424849131,-53.6555315398322,-48.7289941890068,-46.1848749448962,-45.6484689298713,-42.9106899128979,-42.4971378948905,-41.3604337843796,-41.3618831877165,-39.5956949077464,-39.9840748118802,-39.2882905858618,-39.3358091611014,-39.6070701309408,-39.5004282672214,-40.6358584842137,-40.8303803675672,-42.740436686554,-44.1615572406787,-46.7459279515696,-49.0978152142202,-52.428903400478,-52.3907997937745,-52.5205162902288,-48.7361678177024,-45.5777931973395,-45.0469243707852,-43.8582784257824,-44.6759879686526,-43.1094582324055,-43.2682338305041,-42.7459228154097,-42.6757311631986,-42.5619258775966,-42.4877454680095,-42.5665857238733,-43.1603967678479,-43.4648191984816,-44.4461739612132,-45.1193425712112,-45.7818874660869,-45.9846645310329,-45.0026572827459,-44.5397162561253,-43.2622000959829,-43.1835751995846,-42.2058920491031
-46.6815049245318,-46.9072622772552,-48.4553713266336,-48.9117330190875,-50.493845427894,-50.3958627192445,-51.0993692385499,-49.6616316909564,-48.6811225531535,-47.9443209219664,-47.4595170377939,-46.4519131231194,-47.0403676670011,-46.3710121094319,-47.3599240780353,-48.3557835472722,-47.453673121418,-49.7233371438918,-49.0278358084274,-49.1793864319104,-50.1739772308792,-47.6850645675436,-44.9293896040523,-45.1591877712099,-42.7897552856087,-42.5606862064492,-41.4269211459343,-40.8279286062859,-39.7194044245857,-39.9717723145075,-39.4804103443103,-39.5968120440855,-39.7332446153184,-39.7825795831536,-40.7406763851515,-40.5616728891658,-42.7409191363427,-42.9994438699765,-44.9875612072962,-45.8933301244874,-46.1321570217951,-47.2384923927664,-49.0194419079701,-46.0970179707987,-45.7488366032661,-44.7784412533541,-44.7001445795754,-45.4615559060011,-45.3357920372827,-44.8564116484596,-45.0555795843713,-44.1648733651173,-43.9122662803171,-43.3523986319713,-43.0783449335565,-42.8795233467296,-43.0327192779464,-42.9863832742414,-43.5439113782826,-43.5803191324632,-43.5503948844942,-43.3966901486979,-43.0756173736288,-42.8952945148623,-42.9296003401852,-42.6189533493938
-45.3336911690554,-46.0214779462968,-48.4175724597558,-50.0144631383273,-52.847281421072,-54.9700389767361,-53.5114740721368,-51.5144537523845,-48.7102232765916,-47.7060373373242,-46.2094333022221,-45.8694111319977,-45.5794315961607,-45.9973731755957,-45.5437986053719,-47.5517789698746,-46.41567564126,-47.8644040280697,-47.8600662413008,-48.0305541089624,-47.8384656625399,-47.1928827399905,-44.5011626254238,-45.0366486907036,-43.3128745216933,-43.20523762292,-42.0742131406092,-40.9108247282026,-40.6723011285744,-40.4842957413769,-40.3380036123439,-40.4476683008707,-40.4365660282423,-40.7767141094691,-41.2753200821885,-41.0234706660212,-42.8923643584282,-42.3412941954267,-43.833609551273,-44.0514866674885,-43.1500962933842,-44.9438738232385,-45.4399999587735,-44.7269227600141,-46.1755176785366,-45.2971172732925,-46.3969009486289,-46.7297122985672,-48.8914676451787,-47.6188579861648,-48.7627262882047,-46.7791579561968,-46.1547101071981,-44.9764507541964,-44.2360819646334,-43.1525637089099,-43.1200979773874,-42.3763249670132,-42.8121233880683,-42.5951820572779,-42.4794433849533,-42.8671055131312,-42.6243320581804,-43.2810854179181,-43.2621895269271,-43.7713753373508
-44.2597362369469,-45.2601855928058,-47.9197279339336,-50.0979212789347,-56.1922671516788,-72.3458034592101,-56.3831175338993,-52.9383120709751,-48.3705468361051,-47.142159528113,-45.1549012936853,-45.2986011254013,-44.404273489796,-45.6403300226167,-44.6929459038583,-46.6501515525854,-46.9754382581114,-47.4323966019222,-48.4395459900746,-48.430296974485,-46.9552325359958,-47.5518051563942,-45.050160911843,-45.5083964509264,-44.6416887519104,-44.4040136931227,-43.3275766921388,-41.768804873472,-42.3614058620428,-41.544118856832,-41.8236767222195,-41.8808586858763,-41.8372112585484,-42.5971676403236,-42.4488901512432,-42.5678857330413,-43.384929454488,-42.6533738160128,-43.4724318566129,-43.3799172324074,-42.1468941998788,-44.0028451988334,-43.6109368050722,-44.5062593392964,-46.9307139412251,-46.7221190293279,-49.2239990096529,-49.0018735620614,-54.1211057532764,-52.1144465655569,-53.8381180895425,-51.037118004777,-49.4352619952801,-47.4774351716162,-45.9652112353784,-44.0619853804452,-43.6559364969508,-42.5026722816133,-42.6401674748265,-42.4093303855187,-42.380001498622,-43.1778322509917,-43.2261835027997,-44.5378159152433,-44.5030649695497,-45.8331977807859
-43.3681791212843,-44.5309943188186,-46.4506753083418,-48.029185125849,-52.3077719941868,-53.100999205817,-52.2978268630127,-49.990063454723,-46.9478491135597,-45.7932243216429,-44.2220981268591,-44.5396874960047,-43.6543577072332,-45.1014396746083,-44.8702033988893,-46.144781734744,-48.9227275807429,-48.6072883316369,-50.8884260002303,-50.5502009705391,-47.4738332397853,-48.7944244247439,-46.6151525567624,-46.7032335782918,-47.1217209877975,-46.2467781235405,-45.385257801662,-43.5583589909496,-44.6274306183487,-43.1460807971908,-43.7434446778502,-43.7947099849678,-43.9846039039833,-45.3858436379209,-44.6457851223543,-45.7055046871026,-44.5525369982183,-44.130764801652,-43.7940139678278,-43.5428277722949,-42.5295559146768,-43.7928456488125,-43.1069958202654,-44.9399189405089,-48.036096794202,-48.8469003169635,-53.4993957408595,-52.5204332943742,-60.875221494091,-59.2650751937806,-59.2920975164924,-58.6419572441963,-53.9758395452289,-50.7799449779702,-47.7166288932465,-45.4754637411388,-44.3271537687708,-43.1539172389552,-42.8140730949508,-42.7506911821968,-42.991639064091,-44.1215034492656,-44.8408449092119,-46.7768253534388,-47.1459546083409,-49.1694357511178
-42.8077440003884,-44.0195207556444,-44.8066985864944,-45.8326293884678,-47.3999655181123,-47.4736851809897,-47.4639217664024,-46.3023085750609,-45.0828147199936,-44.106133928963,-43.408053810536,-43.6104492322656,-43.3218878105059,-44.4091945897344,-45.7615903550083,-46.3859049863054,-50.9677450823917,-52.048051572149,-56.3113740332622,-55.0131862211297,-49.0027766715868,-50.6191200311872,-49.2780169395975,-48.7441121974501,-51.3880258963082,-49.0492305855618,-48.6834540120934,-46.3154032982113,-47.1568493154514,-45.1627360746588,-45.6694840463578,-45.9138315668216,-46.6467188169186,-49.273548106679,-48.6222704373602,-51.6486440015018,-46.9049502088307,-46.644250151573,-44.5540793911064,-44.1225613908114,-43.8856110971813,-43.9106000286842,-43.3343340158435,-45.4778345984792,-48.8008964947753,-50.7688922722711,-57.5937259715469,-56.680675124049,-63.3803517554979,-69.2859944126928,-65.696534686013,-71.1814911829996,-58.4072798106297,-53.1916295531813,-48.4972565201544,-46.794917988665,-44.7294735144096,-44.0186836313832,-43.1847690870937,-43.3758887345301,-44.0074605553313,-45.3517958102022,-47.1324261279674,-49.8922535897746,-52.3570971198053,-54.985027678583
-42.8686261981806,-43.9471535146964,-43.7896410050522,-44.5307413739209,-44.5608975225631,-44.7536484389125,-44.4778834150831,-43.8683442212239,-43.5523076984707,-42.7202589159141,-42.7690690627463,-42.7162084484491,-43.2670213831638,-43.7782094482942,-46.2657709744754,-47.3075063210744,-50.3228766748699,-57.8774204502184,-66.2571562891015,-58.5498450825778,-50.2830191900066,-52.1441940244793,-53.5897502309487,-52.0301311547387,-58.2237266549128,-53.731889758696,-54.1652537032443,-49.4267596017135,-49.4192138599437,-47.2064514647158,-47.1056346804351,-47.6819343677842,-48.8154588228519,-53.1387569822795,-55.082165501151,-60.1791162695789,-50.9406439160407,-48.5861405756916,-45.3149879550066,-44.5283566271753,-45.4569960518715,-44.045005690896,-43.6836175705719,-45.7812974598259,-47.9481160723328,-50.8436845442486,-55.2567619753492,-56.5247152060721,-60.9236267226948,-76.2741224824138,-63.4017052961321,-58.9462932980014,-56.1307399018158,-52.0395909439499,-48.246751390078,-47.1584711630242,-44.824020734325,-44.7489829356309,-43.6750072220518,-44.0492870862271,-45.0001395424851,-46.240340960381,-48.7726511884975,-52.10272449113,-60.323656110249,-70.9260411755331
-43.8578114503625,-44.4485700403845,-43.6900828605437,-44.1410939578415,-43.27987118647,-43.5390901255526,-42.9254090461326,-42.6133171466701,-42.6278537802343,-41.9577553144495,-42.3872117560178,-42.1198751598177,-43.2859080284343,-43.416491476897,-45.4122828251646,-47.944630342483,-48.464623805747,-53.6063947882925,-56.3184068120614,-53.9275016833231,-50.4977077818207,-52.7749586484276,-60.8605122908337,-57.8417722419753,-58.8125414371431,-62.414846451733,-59.7126651883725,-51.0610138260881,-50.741914395673,-48.7065159351744,-47.8551112595526,-48.4028846028239,-49.3085537551062,-51.9956483269393,-52.6449306880208,-52.7822527482449,-52.229440778357,-47.6092519701686,-45.5456936921613,-44.3402142568069,-45.7443447198168,-43.9977745962131,-43.9580134732337,-45.8379940254787,-46.0912736349282,-49.290867181917,-51.6696410361584,-52.0944895692603,-57.7681185553288,-60.2323120784353,-55.4690855667268,-54.7510053815154,-52.352555217339,-49.9532948532152,-47.8609450500812,-46.7552238042638,-45.0109656139355,-45.1764317923599,-44.2769330505587,-44.6164252498768,-45.5828487270277,-46.3053288640231,-48.4565936643558,-50.7621076604724,-53.1478863444015,-57.0509170525293
-46.0792348688206,-45.5848998061277,-44.5677114565719,-44.4892638447376,-43.2352077474392,-43.3618130182156,-42.532792762137,-42.3508621647197,-42.3571834296771,-41.924935255408,-42.3514626799224,-42.0403482380328,-43.2789344149871,-43.4232538710695,-44.1741955389343,-47.0158213429651,-47.2863553700862,-48.8552309504476,-51.2230755891359,-50.8619072639896,-51.324732656999,-53.1829247001339,-56.8758535858382,-60.928934695224,-55.2482391018598,-57.4992486277306,-54.7025019221305,-51.2156350753096,-50.6492857100845,-49.4308839471436,-47.9692274726496,-48.0326789229539,-48.6851340571317,-48.6671544517339,-48.0317726819008,-48.8785476454335,-47.8260461723626,-45.8493624283972,-45.1792993337129,-43.8451609643117,-44.4034857406247,-43.774720574562,-44.3887039034577,-45.6674684701705,-44.5941499412764,-47.5996698956393,-49.096174286431,-48.5320915631792,-54.3661483647357,-53.3759642311261,-51.6027814286894,-52.2808321378488,-50.0937105499219,-48.7775589056396,-47.8766853084727,-46.5630031025439,-45.6850259989565,-45.4606654130608,-45.0270462679956,-45.0969354071119,-45.7344130756159,-45.9005571468935,-47.4020258375798,-48.5153482041698,-49.1002978832814,-51.5402490982499
-49.7693897685852,-47.3753873722384,-46.3783238124118,-45.4124770098736,-44.2587100769683,-43.9923944523654,-43.158588061506,-42.9495193762184,-42.7517547150531,-42.645577347569,-42.7668779717455,-42.6317333809407,-43.385140705862,-43.8086981311056,-43.6200531352342,-45.3902795248716,-46.6668803230896,-46.591309620757,-48.3651213121688,-49.5503670955603,-54.3603052494735,-53.4437548686841,-51.5234138472228,-54.498572865656,-54.6687387051859,-52.6021143564193,-51.7893908269068,-51.7014192489672,-49.5531463425042,-49.5787964837655,-47.6322104639374,-47.2933252498071,-47.76486300018,-46.3959065282297,-46.0190884404739,-47.0079985420087,-45.0107432070384,-44.9870636362067,-44.7516329365043,-43.6543482159746,-42.9640278925641,-43.5743826134278,-44.9021710720249,-45.2009269245564,-43.8771568981161,-46.3309586565019,-47.2758694945341,-46.4495441615053,-51.3660536850167,-49.7866286313388,-49.9281331171608,-50.7671785685049,-49.2687257573093,-48.7478314734922,-48.5320191945042,-47.2017666926693,-47.0310618185712,-45.9470150412638,-45.9639938462794,-45.638435830361,-45.7552536172297,-45.6753532000988,-46.7368560334766,-47.068290956255,-47.6030737699262,-48.9952463880394
-53.9177364667726,-49.7952355438181,-48.9086408241256,-46.8631979269417,-46.2137121811813,-45.2776290902794,-44.698730844544,-44.2980358825059,-43.8418546224688,-44.1179913390078,-43.7791994535367,-44.008769906792,-43.9075272177988,-44.5752632552794,-44.048380477903,-44.3866736912263,-46.1685677412074,-45.7963283484332,-46.6590284677788,-48.9131472274733,-54.6224421736484,-52.3176569683964,-49.5296688424756,-51.8274943983891,-56.8694871491229,-51.4351921206512,-51.5591202512169,-52.900979062303,-48.3855478732115,-49.2986436969653,-47.1589769099709,-46.6875574064952,-46.7714946075321,-45.2945445432353,-45.5795684766352,-46.1719379781863,-44.1917253875212,-45.2347479438698,-44.8239505328088,-44.1656320942438,-42.4041815148274,-43.6304830585697,-44.9323135203314,-44.5261603087361,-43.9253611567494,-45.5679893945451,-46.1322711934988,-45.7356242617047,-49.1218859434067,-48.1053493228079,-49.664243609366,-50.2041088587207,-49.8263074564382,-50.0228646643529,-50.1498873013206,-49.0315443970047,-49.0347224499092,-46.9534008139198,-47.0828597437044,-46.3649341049474,-45.9535440104893,-45.9560931601346,-46.6271027307962,-46.5302855901231,-47.517382754866,-47.9701259478463
-54.7867623654553,-52.7507657633993,-51.6825729479229,-48.9978976984413,-48.8512054884644,-47.070728731039,-46.989305757266,-46.2736127090334,-45.689907437954,-46.3411202468613,-45.610259479868,-46.2879519412413,-45.1811314585441,-45.8079181256444,-45.4587368024615,-44.4182834632337,-45.7881238350151,-45.9160307861173,-45.8534910979903,-48.1378678569155,-49.0899097667945,-50.1114529462455,-50.0470580538697,-52.1698767786334,-63.1629363380084,-53.5533662209113,-53.6409007569711,-53.975597288765,-47.5621419580698,-48.5172581525817,-46.6947333824161,-46.1816065915112,-45.8781789765737,-45.1881675909985,-46.1941108314359,-46.3095062690482,-45.2513557693747,-46.6903586640999,-45.7472996365306,-45.5031511236023,-43.0578441852357,-44.0821735860064,-44.4520959820164,-44.0001047609093,-44.6652847865016,-45.3762329563248,-45.7553199455085,-46.2935400545819,-47.7729537090806,-47.7471224549223,-50.2848406576413,-50.5309949053313,-51.8353515613818,-53.1097433183032,-53.4344020358182,-52.5100957555512,-51.3824615687466,-48.6275995741782,-48.2957533707608,-47.2847666958725,-46.5218691815406,-46.7887900141651,-47.0105576787173,-46.8569993750696,-48.3235919583638,-48.1109164160791
-54.9424679311207,-56.2087494821349,-54.4155497605946,-52.160651988181,-51.6003998331138,-49.1807661802413,-49.6461489209951,-48.7307476893858,-48.398504975433,-49.3403685726754,-48.6399739845464,-49.6559444278719,-47.5748830797625,-47.6996319858933,-47.744205026665,-45.5496713086398,-45.8530208896805,-46.5634463332335,-45.8760639458162,-47.1748904195646,-45.7557881510814,-48.2573908501796,-52.8291811447494,-55.0431311251171,-60.6264089136839,-60.0005491908179,-55.2212328743379,-53.2352152233397,-46.8166172232719,-47.0220721378716,-46.0406834780225,-45.4822739915262,-45.1545595550451,-45.7774713541622,-47.6992037052513,-47.7829825307979,-48.8064988496453,-49.7078006893968,-47.6786341312892,-47.3565356256601,-45.0425278243415,-44.9218376118129,-44.1995913208187,-44.0702108775472,-46.0971883568212,-45.9240601095474,-46.3050284295629,-48.0778535501266,-47.3535730086317,-48.3354336407939,-51.2024207804553,-51.3527161497201,-54.9724132351282,-59.5066924069923,-60.8010501325338,-57.6774042161128,-53.2206585585096,-50.6498595183307,-49.4145489412973,-48.3016383174041,-47.5385340162486,-48.0656257189395,-47.8679379549641,-48.0796605176744,-49.7096212900771,-49.3563199183344
-57.9082261403038,-60.8518356200882,-57.7999736101288,-56.2719582177414,-53.6299087713383,-51.3503100788196,-51.920456853835,-51.4586137972384,-52.1026140873605,-53.1785671410572,-53.7125794383218,-54.5631574527461,-51.6367802428275,-50.4286851478545,-50.6483119748477,-47.7576957036297,-46.58983146153,-47.4663315156332,-46.6607143663793,-46.531688482691,-44.5747219956863,-47.2481108290938,-53.2763368697985,-54.049885932404,-53.1826570338989,-53.1586391257831,-50.6516208155342,-50.1939546720606,-45.6051588267213,-44.8917880128421,-44.8644101830693,-44.3826036274407,-44.3610195806092,-46.2645776223254,-49.7776231965203,-50.9689718235043,-58.6664268478685,-54.0185809570399,-49.946893274791,-48.3743122537378,-47.9817098153765,-45.9670342207275,-44.6438024292295,-45.153829610484,-48.3931514278516,-47.5245347050314,-48.020682775024,-50.9503744077136,-47.8113423669388,-49.5394850382919,-51.7411402239012,-51.8799231922495,-56.1858585838283,-62.4642177496897,-69.1167747043038,-57.4940094240416,-53.7168211511435,-51.8163952729822,-50.2051975960758,-49.2821879171614,-48.939248092605,-49.5777393867385,-49.2321542303053,-50.3401920308346,-51.6008017355632,-51.8294580679525
-62.906152348041,-66.6423886730023,-61.6813505562599,-57.5249089579034,-54.6137566631675,-53.342873317449,-53.1947952209365,-53.9720267833427,-56.676240135689,-57.6664143369713,-64.2357598272423,-62.6288619280727,-58.0378174789179,-53.5702790127203,-53.6048227323492,-50.8701452202806,-47.9914149926345,-48.5324842080925,-48.1032681619751,-46.6291378018432,-45.1707741572698,-47.0787846066811,-48.922862418728,-48.9854907238467,-48.9562328555452,-47.0440795972747,-46.3383126396957,-46.4865263298777,-43.871817307473,-42.6354745612703,-43.102324703564,-42.8613753274849,-43.1316974698064,-45.3461270656806,-48.9861721321198,-51.1195505839144,-53.2674609262102,-51.5876285364987,-49.4576334482402,-47.3016437418934,-49.4804729196198,-46.8948093169255,-45.6542184660693,-47.6376692153324,-52.1669140603927,-50.8584851517985,-51.3077836613619,-53.5922087008203,-48.9845462175148,-50.9928923135423,-51.5631385721817,-51.786070972556,-54.2776530815079,-55.9195490854727,-57.0235223041262,-53.9809906536398,-53.3061132232372,-51.5213182065581,-50.5499879314161,-50.1008482523139,-50.431053009978,-51.0180256253415,-51.0509751914651,-53.9534074667609,-54.4130452392712,-56.0640063960831
-57.0973087276658,-60.3354816403816,-59.1377463799212,-55.0613887802177,-54.8526261785004,-55.0940045229317,-53.9133794444828,-55.6125972457236,-59.9326036033932,-60.738498198792,-66.7763750243292,-72.6802633242468,-60.4455250561827,-55.0363260141486,-55.6594880803037,-54.3108104290768,-49.9357773937727,-49.8662654100739,-50.0850568772508,-47.7293985533066,-47.5115887659449,-47.6553704552647,-46.0453521064669,-45.9127183850986,-46.3018152495409,-43.9217785957902,-43.5621599110728,-43.2501527059954,-42.0545744531708,-40.6971274966964,-41.072062266182,-41.0565590647457,-41.4608627278933,-43.0222305818563,-44.5332077807228,-45.5384003077364,-45.8556788324559,-46.3623258660598,-46.301491888869,-45.2592867490992,-47.7593330924408,-47.3348973762658,-46.5004847415065,-51.0937356209662,-60.2283045417184,-58.6234503778294,-56.2322292581603,-52.8531877643229,-50.5730852641569,-52.159672086466,-51.0386425872356,-51.7534189666425,-53.0698334204133,-53.468697880938,-53.723701949976,-52.5726943251143,-52.7917173545828,-50.9883632494705,-50.5675865719125,-50.6324344872495,-51.4570889906277,-51.9031139332155,-52.7938401608655,-58.8247061711227,-59.7825027882196,-65.0599926465563
-52.6183639640604,-54.9465184552001,-54.8383418550019,-53.2932735451794,-54.655773984821,-56.4994635769473,-55.0547103864877,-56.8271712089708,-59.8220749855185,-60.6518307720869,-60.2626650923955,-62.9474063457304,-57.2801115239504,-54.5100846855393,-55.9758925053219,-57.0656071460781,-52.5374695920505,-51.7418080011987,-52.6224740856187,-50.1340795129809,-51.8676128535643,-48.8606612456157,-44.9440687497691,-44.5305882491026,-44.6709169190065,-42.4257754483627,-41.8295676748643,-40.8072766766671,-40.4834310601655,-39.2505242416192,-39.1912782207055,-39.2633219371534,-39.701040818972,-40.4796424636958,-40.7150307831661,-41.334255941996,-42.0660645500733,-42.7958830292555,-43.2937081730258,-43.2708467598892,-45.0552065847265,-46.8150082052235,-46.3983686289245,-50.6902771843248,-62.8333081160967,-63.2687050045887,-56.1093517808374,-50.484367153979,-52.0986682214566,-52.4294406018609,-50.7743825652167,-52.4264616163491,-53.5683715098567,-53.6694779908227,-53.2828256997863,-53.0111583221755,-52.4939441347986,-51.0589181373725,-50.5002183649741,-50.7902698682438,-51.5281775392489,-51.7289615242849,-53.2014734002751,-58.3567019865131,-66.6898641330404,-66.6387874628227
-50.2967417742665,-51.8293924215826,-52.1002389003045,-52.4892476058629,-54.3462445231971,-57.0007558438745,-57.1758255466795,-59.1536173762255,-60.1333615486546,-60.8248860939359,-59.4960539789152,-59.5300537562288,-56.402831005223,-54.2332808412356,-54.9043500402905,-57.8887679259076,-56.6007684048306,-54.7075437203767,-56.2275163639822,-54.4433874194331,-58.8204855965043,-50.4310517284462,-45.0692295514799,-44.2287558378495,-43.8412179227955,-41.9644899842726,-40.8182868804616,-39.218422963878,-39.2899648899326,-38.3045045848579,-37.7480520452265,-37.7855752449903,-38.1605335685163,-38.3688639591503,-38.1790716060394,-38.687345903654,-39.7020080804396,-40.3930288194624,-40.9658189080104,-41.5782171544578,-42.4464145117568,-45.1518397269324,-45.5712151110835,-47.4435171993935,-52.3063601191769,-52.0039579213289,-51.821968227183,-48.8656946085656,-52.7464867795776,-51.8652497558077,-51.0782236891241,-53.8998093849842,-55.9438090182534,-56.5240996085959,-55.3407498550033,-54.8812548612952,-52.5052822899513,-51.8138432526833,-50.5097300062391,-50.6003453758081,-50.7518150357466,-50.6936663819931,-52.0683291435193,-53.8249248826319,-56.1329998103068,-56.431338775679
-48.9552216292841,-49.8854160633374,-50.3880297310355,-52.0032084060271,-54.2488714799005,-56.4699735201023,-59.2531403008032,-64.4282845435467,-63.4606944651934,-63.4882937203192,-59.923886262974,-57.8576278290361,-57.0983939746007,-54.7965908033039,-53.6575536248054,-56.2728888887045,-62.676159524536,-60.1398658969674,-62.9812372286471,-60.8158201980626,-66.6524443401687,-51.6633889268896,-45.7570459324627,-44.4918146863424,-43.6599161375696,-42.1704979169124,-40.4030190960015,-38.493537900864,-38.5475743506039,-37.8059601175109,-36.875066839223,-36.7949367819504,-36.9887658073894,-36.8710881575521,-36.7062668565368,-37.1649544615396,-38.1814883679414,-38.7941957292326,-39.308991448108,-40.2917071474284,-40.4091144307378,-43.0853654348524,-44.6797250700609,-45.3439826938121,-47.850992289624,-47.7407759114774,-49.0391236634053,-48.3035172476394,-51.986304068029,-51.139499626525,-51.8413010633614,-55.6314304589761,-59.8064200749309,-64.4150571173883,-61.7629765426222,-57.0383056701328,-52.8445195481655,-52.8656167037692,-50.5752677214913,-50.1544286078356,-49.6676248766863,-49.5401954478185,-50.6103239507452,-50.7400938785362,-51.108650192583,-52.0128504898261
-47.9912164706731,-48.5160580153802,-49.258436638752,-51.3741864411981,-54.3013118128161,-55.7894461476985,-58.3826907638657,-67.533000913037,-75.7277324612411,-70.2894841769897,-59.1373836966002,-56.7661094902581,-58.1561027316909,-55.8961267641315,-53.0885983450452,-54.3096821534943,-59.4965665384358,-67.9080835399839,-67.9100392325878,-58.6489373267638,-65.2900353688069,-51.6393902125537,-46.328634941978,-45.0212775212323,-43.9764379017062,-42.8201500522237,-40.6123275318356,-38.6392193049664,-38.3184451873195,-37.690903345448,-36.5947975987326,-36.3253034936216,-36.248371618978,-36.0166693518046,-36.0840818414329,-36.5131331272551,-37.3196265655441,-37.8581512091899,-38.3603817136038,-39.5384864796902,-39.2586826195457,-41.4558354145965,-44.0001327735579,-44.3627974329952,-45.4159026725183,-45.5727920150473,-47.4474031075752,-48.6851161883836,-50.7961693820863,-50.7492693701605,-52.7221515167879,-56.6703486872777,-60.0837169309068,-65.5088452902361,-67.246145189432,-56.9225418802249,-53.2463811238736,-53.0672824790546,-50.5053103918224,-49.5309711584657,-48.7307222241622,-48.7359355735693,-49.4633709181912,-48.9836331624653,-48.6581033511389,-49.6367937321564
-47.2243336663096,-47.4934125961294,-48.5208710627121,-50.6373333101933,-53.7202927775752,-55.2688873826177,-56.3607707085781,-60.9576735969061,-64.4968243607328,-65.083757882974,-57.9860409155914,-56.0751444798613,-58.4605770023039,-57.1010362598073,-53.5814196816724,-53.4057103024368,-55.0539398252774,-59.2222219297245,-57.9856851631395,-54.3924360418326,-59.3119225554569,-50.5570048267656,-46.8539067853038,-45.9986938982618,-44.7344104929974,-43.9216060055673,-41.5788104133609,-39.6513852487952,-38.6220746122045,-37.9057944170952,-36.8500581592516,-36.3183544681862,-35.963195999874,-35.7798842796186,-36.1356100909438,-36.5691502999944,-37.0910723874614,-37.5873602554777,-38.2159034244831,-39.4477901553238,-39.1452082536802,-40.6440614851636,-43.4862539418719,-43.9932747358295,-44.1236458932858,-44.618914576064,-46.6607762540081,-49.7612335963267,-50.3177782385131,-51.0167001548652,-53.8303930060817,-57.1743062304465,-57.315187351726,-57.8795397516141,-57.0245758422055,-55.0204418161928,-52.9204053741308,-51.556678500183,-50.0779749888532,-48.8205452673332,-48.1457704662647,-48.3791066505369,-48.7486092014569,-48.3098902608384,-47.9103816704893,-48.7007964595526
-46.7768880574743,-46.9428716681968,-48.2077301207592,-50.0936219131637,-52.1106182385626,-54.2116283040591,-55.0444072930172,-57.6413100514212,-58.7974814551593,-59.5646763766484,-58.1100174222539,-56.2141477807929,-58.0106133137516,-58.0630166097423,-55.2833180525978,-53.6993472696572,-53.001407396108,-54.4561007730278,-53.6363896825634,-52.1586244994151,-53.8962292149802,-49.3926222961291,-48.2122502831764,-48.0338467811903,-46.1762882952973,-45.789899484766,-43.4875725059148,-41.4576605000418,-39.3852278297822,-38.4083139616902,-37.5059226564894,-36.6621500111545,-36.1199654087473,-36.0876697238394,-36.6860227450213,-37.2084274821995,-37.5580442635075,-38.100449066199,-39.0306195695812,-40.1673811053063,-40.188158158261,-40.7680548977347,-43.0013947566193,-43.7933514599342,-43.5019497810552,-44.4806086431094,-46.4508176879369,-51.0130485715049,-50.8600844986321,-52.310583269002,-56.2607228564375,-58.3700933389887,-56.2002746873602,-55.2743207537487,-53.5287724853882,-53.1194612166858,-51.4667356953216,-49.4733710039252,-49.2579636097485,-48.1454347373864,-47.9141385095814,-48.3849204980865,-48.5383510577234,-48.6344697413317,-48.7043030070336,-49.1461175848827
-46.9052875713846,-47.1710249390758,-48.524943731213,-50.0141814591791,-50.4920772688592,-52.4631724003527,-54.0669476536381,-55.8815212730624,-56.4787464066471,-57.1917703956239,-60.2867837108071,-58.233173910719,-58.2329766471839,-59.0736797774279,-57.9982010312695,-54.6347995781361,-52.0548659771032,-51.7817641256567,-51.3084140765269,-51.0025480212724,-50.0513898508269,-48.7785614237464,-51.4169277226563,-52.0308807562988,-49.0377103164805,-49.116468270058,-46.4303960075495,-43.7563708872827,-40.4117703453464,-39.1410645249389,-38.3373230296534,-37.2175205941582,-36.6458181793641,-36.7990639601562,-37.5351735160144,-38.3035053312928,-38.8238800820395,-39.6412127852875,-41.0994189892876,-41.9337662643398,-42.6163742524086,-41.8549099539011,-42.5559032380241,-43.5092137031508,-43.2046230903573,-44.7933535700972,-46.5450749230759,-51.5473292683738,-51.6232743292395,-54.7147152323065,-63.0187635208088,-60.909717187623,-56.5858326456779,-54.358521454035,-52.1755695580564,-51.4161989543951,-49.6873897244782,-47.9020357594309,-48.2487927938961,-47.6091906541713,-47.9019926634546,-48.5896411036939,-48.9063916097905,-49.9011563041564,-51.2553122933974,-51.3118533321278
-47.9065139602274,-48.5596806404628,-49.8404073000584,-50.6508637822557,-49.8052063849535,-50.9629122645337,-52.9187214256613,-54.2052653074202,-54.9721929470539,-55.9152959106745,-62.887424991746,-66.5164141154012,-61.7169098936708,-61.425366286806,-59.8312210708452,-54.7496118891959,-51.2570874911812,-50.0020947157344,-49.9594796347894,-50.4118975004661,-47.6863997567005,-49.0841447794749,-56.125415555288,-57.8738979871986,-55.3147610245786,-55.4543371664824,-49.5606141763505,-45.8175657291301,-41.4269812040623,-39.9627261484331,-39.0453786251317,-37.8308325940369,-37.3791179834597,-37.6797133310094,-38.4465236984803,-39.6243160845371,-40.8867730296,-42.6319233016735,-45.174554119856,-45.2458341631104,-46.7719632212773,-43.831363212267,-42.3657524322221,-43.1640579746719,-43.1073931659912,-45.1797898986562,-46.5722361080449,-50.7359366121305,-50.7091997056719,-55.2948227629713,-65.049311321863,-61.1731581844724,-56.4070421533852,-53.4578544192578,-51.3178736665669,-49.889521568524,-48.3368115908541,-47.1062373856385,-47.346207462339,-47.2680992296784,-47.9223923561961,-48.7682860948569,-49.676400536092,-51.7375054151525,-56.0377584478701,-56.7020593808968
-50.0474432942745,-51.7224523386255,-52.9083149471782,-52.3789364711241,-50.4389118359263,-50.2952887527345,-51.5799313833594,-51.9797780761532,-52.6078591378206,-53.7165942094814,-57.2834629241823,-62.242521366684,-65.4318367699438,-59.9692759077326,-56.6751211392052,-52.9094744601986,-50.164556361067,-48.6856388625971,-49.0655698277477,-50.0475370720282,-46.9407416205237,-50.7293677682705,-54.2450445385561,-56.1424603988154,-72.0081835921883,-61.1070605307435,-50.2695570325279,-46.8970632472977,-42.1715509266035,-40.5598892373478,-39.3648860322414,-38.3351914627079,-38.0652792945225,-38.4195776384097,-39.159199716834,-40.6615669564132,-42.9921415623588,-47.2705662254768,-54.3984228539229,-51.2117118985482,-50.2358310635308,-46.160471985971,-42.6740082460254,-42.9827807437492,-43.3369853766778,-45.4247528831338,-46.3250237178443,-49.0747605939123,-48.5854019987765,-51.9759077997347,-55.3008518120503,-56.436750157236,-53.9644044292314,-51.8692902870281,-50.0919332549364,-48.7169303214305,-47.6610565969143,-47.0455659653067,-46.822913709521,-47.1717381170944,-47.8698986060416,-48.684202176987,-50.0588069433731,-52.6503797003052,-58.1282639145569,-72.5723908983363
-52.7873969945806,-57.7476338787117,-60.6233500271884,-55.6944374581714,-52.2700886707629,-50.2230291191229,-50.0129877909852,-49.5115772649763,-49.6383983186533,-50.4452408614278,-51.5585832198114,-52.3098051841384,-53.4184614249779,-52.3996794081434,-51.4008353000376,-49.8533751708913,-48.6666134768701,-47.5934034325668,-48.2611191215612,-49.4523454169038,-48.377432254363,-54.3712897989033,-52.0197272112583,-54.4666438158958,-56.4924709014686,-55.0036657132108,-49.2590444740113,-46.9172894282618,-42.3707097621386,-40.5436744384318,-39.2199859468534,-38.5707552447501,-38.4387042448191,-38.7579775144634,-39.4508381811517,-40.8236438114335,-43.1577698487289,-48.0384776975694,-54.2146916550146,-53.7930980925334,-47.2281236712791,-47.1641543971653,-43.5952242011943,-43.2163362172639,-44.0657453030767,-45.5697394325968,-46.0217346034886,-47.4532490174029,-47.0077014074962,-49.2456687552075,-51.3576092352964,-52.5176262109804,-51.3127973888548,-50.2494911588832,-48.8770480371356,-48.1067705572435,-47.6949450018008,-47.6311647033936,-46.9181690167298,-47.4264489201751,-47.8379823251148,-48.3231650807914,-49.359391628707,-51.4475438915132,-53.2759036776944,-55.0574481235774
-52.3904800807912,-57.5185116697032,-63.2926243508543,-57.4618260091512,-52.9084166524355,-49.653938346659,-48.1286904464325,-47.2519797885841,-47.0321356940027,-47.4218289454721,-47.6459786615834,-47.4071235445351,-47.4365681815019,-47.111235172088,-46.9766687598069,-46.611134753827,-46.6097486161085,-46.3364921477795,-47.1081285473956,-48.0824642699022,-53.2137623315109,-56.5827543371217,-54.5624138169972,-58.0257825514452,-54.8797925157995,-52.7721176697733,-47.929754172775,-45.791131738562,-41.7915703806989,-39.8714544430332,-38.7420214571893,-38.4570557247375,-38.395132752198,-38.6664659661954,-39.2966744217921,-40.2830192534191,-41.7998921215504,-44.3547834414714,-46.7092710181056,-47.9019671026611,-44.529116595938,-46.1326661587964,-45.0466618149156,-44.0130391990571,-45.2998202610226,-45.790649186514,-46.0878421881527,-46.4450026471009,-46.5508045309273,-48.1327212409925,-49.6062152907876,-50.0971904438675,-49.6211675458276,-49.2120878506433,-48.3319764838533,-48.2035393569252,-48.4515322926769,-48.8496387344348,-47.8867735249128,-48.2251897074606,-48.0832684377516,-48.0196405900966,-48.2990997231236,-49.6387000390155,-49.9706506172597,-49.8130602119172
-49.3221756314692,-51.4865102365524,-52.7030005390057,-52.3870816691124,-50.0259969136516,-47.9364531269493,-46.2352584880541,-45.4563927564414,-45.1185633143207,-45.1685910664359,-45.0094671698389,-44.4890405366227,-43.9919978838924,-43.7559535788414,-43.7581588823959,-43.79491570141,-44.1924057024198,-44.5626921579691,-45.236532867142,-45.912498977012,-51.1455049915031,-50.4634832097806,-66.7876526063339,-55.8446984439167,-53.6285060009375,-50.0282897416591,-45.3816580437638,-43.5620995869184,-40.6160085079754,-38.9255363710633,-38.1409983208707,-38.0709989227061,-38.0838714725637,-38.3814806672759,-38.9720908349698,-39.8004566515002,-40.8973155744361,-42.3894078619277,-44.028914864687,-44.8756325576378,-43.6708969770962,-44.7777253584846,-46.6222615303439,-45.3389485874053,-46.8090259944351,-46.3462840381555,-46.9097343137886,-46.4269327410614,-47.4343453675447,-48.5406109819798,-49.121068660204,-48.8431803005,-48.8761337828695,-48.8694171549858,-48.6775180793363,-49.1068909391685,-50.0159335196649,-50.8847570951277,-50.1100288043284,-49.8363935153808,-48.8797067689097,-48.1815278816931,-47.7684209803581,-48.2849368636792,-48.0701131968742,-47.2451965627015
-46.9802895508162,-48.0561505894175,-48.3088229842863,-48.109372191995,-47.0163275923109,-46.0326949872935,-44.8041855807373,-44.2760294566334,-43.9358237116713,-43.735255369444,-43.3958031288443,-42.86034344259,-42.1174655639928,-41.7926767791338,-41.6476179544168,-41.6843573134365,-41.9709701387535,-42.5020594577809,-42.9461886570606,-43.5259731321227,-44.2623100054439,-45.578855304734,-48.4874281118544,-47.0184155962135,-46.8884798537629,-45.1400982481858,-42.1572167509783,-40.9672387746443,-39.3017543133856,-38.0682828201877,-37.6034713407907,-37.6282663486363,-37.7940539620765,-38.2375747198061,-38.8899499344437,-39.9061855166354,-41.074828089189,-42.2176240752778,-43.3850325397348,-43.7879623272967,-44.3276735125369,-44.0839695582617,-47.4598844840553,-46.8806047767563,-48.2113677401433,-47.5509678893471,-48.9020784582976,-47.8643636961586,-50.1960185461618,-50.3676110423553,-49.4102551832889,-48.477528401223,-48.796359447086,-49.0578452279191,-49.7225556559758,-50.8718828701173,-52.6419021763035,-54.3090149599709,-54.41793068706,-52.5148732024425,-50.3616536334005,-48.9990423328464,-47.9596102505499,-47.4946981786758,-47.0127736091691,-46.0450843667454
-45.665558293323,-46.0440999073349,-45.8637230192237,-45.5029629316962,-45.1270004279064,-44.7706975549855,-44.1219741409633,-43.8331961206941,-43.5251590981029,-43.1371859611635,-42.7282194386942,-42.263881240126,-41.4392428391169,-40.9351285913004,-40.5170248329939,-40.3612373109723,-40.3480659262781,-40.7083474765351,-40.9090008706898,-41.4588160847032,-40.5798770958252,-42.346956652503,-42.342409897418,-42.2172479660244,-41.7958570492593,-40.9980182657923,-39.4525325793269,-38.6806390080928,-38.1235163587503,-37.4353529994237,-37.2539838561542,-37.3664636893442,-37.7806668286526,-38.5003689369091,-39.3941801259891,-40.8491254849485,-42.451165452262,-43.6255036241163,-44.1862214013934,-44.0808589063298,-46.157260812808,-44.260159938511,-46.9952719512625,-48.0175485765662,-48.9962419921264,-49.3783991788128,-52.6697039797403,-51.7799618082492,-56.8832513485434,-52.9752236680637,-49.9972362203911,-48.6869134862508,-48.9732990925778,-49.4180253138658,-50.7673716417691,-53.204010982613,-56.7242965651667,-60.722316576004,-63.0450884765805,-55.7132555303047,-52.2432779561518,-50.2836453338778,-48.625852557126,-47.2411673645292,-46.5862267864306,-45.7647341455887
-45.0997137983658,-44.8791239311562,-44.522834023428,-44.1287889741721,-44.2460819895186,-44.3424109431579,-44.3090436692925,-44.2600311510729,-44.012276689367,-43.4740550698286,-43.0350240784568,-42.5966665238948,-41.7582480000652,-41.004538046897,-40.2577821729258,-39.8249604728717,-39.4855375112917,-39.5446010097753,-39.5440569163501,-39.981034944927,-38.8278882433123,-40.2452798066177,-39.1833439998747,-39.4969819376818,-38.7552149701165,-38.2654498863892,-37.617870891513,-37.0016168481154,-37.1557923229971,-37.0093793954614,-37.1311191453564,-37.4268793284781,-38.1665279728255,-39.2913420700265,-40.7017749279605,-42.791250450393,-45.2100768695426,-46.7573446448791,-46.356979192926,-45.5988040641357,-48.1953755937597,-45.3399748556147,-45.9731913160907,-48.2323028908749,-48.5644421112275,-50.2219070463477,-56.3946250881786,-58.7623008797971,-60.8868746151613,-53.2337271559168,-50.2339671638088,-48.9666651348084,-48.8970903710317,-49.4251494002764,-50.8005288801197,-54.1663463772051,-59.2042741572426,-64.171952338298,-60.8513052714327,-56.2516968748566,-53.6113729732312,-51.5035431267895,-49.4805820232263,-47.6222842912992,-46.767667023851,-46.1508971874638
-45.0466371216669,-44.3416207923165,-43.9714304509335,-43.7121622222449,-44.1699916978447,-44.6915489682321,-45.4120104700405,-45.7418993206086,-45.65722154731,-44.9844189987128,-44.4351165091288,-43.8214581169396,-42.906410335257,-41.8444150185727,-40.7729667839554,-40.0505218347442,-39.4338913362233,-39.1645883889104,-39.0111602724369,-39.2108650946657,-38.4372260302396,-39.0596022259132,-37.756292818423,-38.1461179528303,-37.2284947810479,-36.78252464803,-36.6283724996898,-36.0329193343796,-36.4496981545379,-36.7384667200865,-37.1765036145083,-37.779798518866,-38.885910599394,-40.5101447549266,-42.8226656259144,-45.8388308075441,-49.9353436825268,-52.4733791519486,-50.0173534502384,-48.3322066251562,-48.7613079503628,-47.2971719841874,-45.413949141616,-47.7362074148564,-47.3071312214622,-48.6774918160091,-52.2014268790573,-52.0468712224201,-51.6780251334171,-50.4779434200124,-49.4519535195973,-48.602384989541,-48.1516712547995,-48.6503481964196,-49.6818304297023,-52.0366920250231,-54.7421673362415,-56.3918815826945,-55.6231366066433,-54.8453914418172,-54.3825597623509,-52.6558417660138,-50.7080278531663,-48.8205986868485,-47.5593174965996,-46.9400904372714
-45.3529733038657,-44.3437789309397,-44.0384116224587,-44.0502065415667,-44.7208047231464,-45.6631791608713,-47.3819876319174,-48.5687387231374,-49.0346655618855,-48.2054028577644,-47.1238728846529,-45.8640200816081,-44.6256994843699,-43.25169502385,-41.9574338728476,-41.009583147519,-40.21980982049,-39.6434373399119,-39.3679923293102,-39.2124933201377,-39.1314632504351,-38.7144501148316,-37.6584715316461,-37.8556969155639,-36.9205242120734,-36.3862993152295,-36.4009504525504,-35.8059713314545,-36.1110771192478,-36.6267191079838,-37.2824975531398,-38.2097189109806,-39.6388179603547,-41.6776481904561,-45.0167976390594,-49.2244927428913,-57.5220563479074,-65.3863413235668,-54.5183668676141,-52.0329363406686,-48.4525172647872,-49.9830515789548,-45.9373111641442,-47.2748531748204,-46.4145675804674,-47.0230027202814,-48.2125583965442,-47.2491180781247,-47.8908923558557,-47.753828998276,-47.6244603742566,-47.1959950956917,-46.7135694434566,-47.1454118343847,-48.0504176345232,-49.1901686855385,-50.7459075959175,-52.2474084275247,-53.7227211364327,-54.8296494222971,-56.3982469721556,-55.0628338173628,-52.9618552506337,-50.7816849672629,-48.7249277199971,-47.7280248884297
-45.9111365170108,-44.8187613588184,-44.5849194237135,-44.9278879334996,-45.7151647128286,-46.9970766148028,-49.7371866651417,-52.8781758501639,-55.9370534614902,-54.6695298870069,-50.9531490455492,-48.2655800279317,-46.4366410928072,-44.9236750952137,-43.6770221306082,-42.6774050966738,-41.8880479206804,-41.0627930375917,-40.6556022715307,-40.0430879424625,-40.6980719811245,-39.1930098120143,-38.7289285495036,-38.4673490739428,-37.6783934988286,-36.9820296924038,-36.8734115258917,-36.3271242882106,-36.2705374613379,-36.7581744353602,-37.4131894284582,-38.4694727755949,-40.0259798744492,-42.0755356640295,-45.3408194297161,-49.2989831852769,-55.0989803577002,-59.3228968752025,-55.7609784547161,-55.2528320632764,-49.1093418503301,-53.0951832387113,-48.1611681256271,-47.5450168028532,-46.6035882527055,-46.5075705886287,-46.0399512732772,-45.1976919726347,-45.9365057881807,-45.6196862665298,-45.4036966900412,-45.1732258875839,-44.9444073448966,-45.3348430744665,-46.2905308934093,-46.8634921214986,-48.0909396660472,-49.6001667713117,-52.619400296844,-56.3179605430107,-63.0715089193418,-61.629508680316,-56.0106169023081,-52.11954747653,-49.4622687529066,-48.0699939596124
-46.5794372266247,-45.6503755476358,-45.4722972025106,-46.0932969915702,-46.9432827162864,-48.3357080839533,-51.0404144170142,-55.2409918298921,-62.9590514375195,-60.9557157200394,-52.7986889852489,-49.638884568058,-47.7457349990142,-46.5051755038241,-45.7567637720229,-45.0355436192916,-44.5305843449837,-43.5724279178432,-42.9355545251703,-41.7756836333934,-42.8471465649663,-40.504786906564,-40.8776648542763,-39.8948052991435,-39.4201825058534,-38.5338247804362,-38.0293897859016,-37.5920075981703,-37.0371915419534,-37.2529038917513,-37.6781633014208,-38.5678495663806,-39.9670241319187,-41.6405740507301,-43.9290209840195,-46.757122024432,-50.0368956137555,-53.6633744632934,-54.6724638327629,-57.0718078195509,-51.7106744240822,-56.7339628103911,-53.8169173693043,-49.0001933066067,-48.0225483658853,-46.9113086644463,-45.040071598024,-44.5972930580859,-44.5873190658914,-43.9389283940018,-43.4167174916628,-43.233336831556,-43.2723558090864,-43.6229396713742,-44.5458186389297,-45.0457512894305,-46.1893898216941,-47.5284475531226,-50.5853823743976,-54.7414192640155,-59.7562060849988,-59.192905537157,-54.6863366653749,-50.9421485800445,-49.1151766362051,-47.968810627448
-47.1243271000077,-46.6405899870153,-46.579654103719,-47.3386315631819,-48.2277204635621,-49.4512752246747,-50.7865281724523,-52.7374384935473,-54.0291795139828,-53.2988140598735,-50.8946730045546,-49.3213713609922,-48.409490742044,-47.8009804744749,-47.980379053321,-48.060463687277,-48.3235924721516,-47.4927673722811,-46.3087769087494,-44.5044367370895,-45.1491132340016,-42.6647018257079,-43.9256337534272,-42.0956006950862,-42.0979036621751,-41.0720955142916,-39.9260664912272,-39.5882729832041,-38.4756702144566,-38.2061830072467,-38.248522984665,-38.759047346686,-39.7711044728685,-40.992820568048,-42.544198974092,-44.6451298603829,-47.1969260822738,-50.3948759498182,-53.7083789423981,-58.7039491050065,-55.1120944740589,-61.7278992414792,-66.1267932696923,-51.3821979445351,-49.6756056228622,-47.1342801118816,-44.7314015913619,-44.5260486732087,-43.4165648647335,-42.7095496860559,-42.0234204732104,-41.8213033502171,-41.9911510681974,-42.2549499722061,-42.954290762661,-43.5690849483025,-44.6231666004403,-45.7135843742404,-47.8979962107628,-50.1237036710132,-51.6678218205528,-51.556570258791,-50.8264991187756,-49.0970915138844,-48.4224074029553,-47.9490182114846
-47.3300136916704,-47.5670932655521,-47.8517042630148,-48.6812707608609,-49.6191717015871,-50.5917274196678,-50.5862852422312,-50.996772127721,-50.9492192742127,-50.2944535716894,-49.3885018908994,-48.7231004583236,-48.8351545833539,-48.9195049756344,-50.1085272659122,-51.6425610854909,-53.5693045384895,-53.6537365633872,-50.8924334365744,-48.2823925922618,-47.2539581723125,-45.6554774283443,-47.2773699486362,-45.0547001291701,-45.6848441655623,-44.7667918112681,-42.7466996215703,-42.2929977092411,-40.5775620913549,-39.6363170893517,-39.2115134029559,-39.2413100049422,-39.729731843283,-40.5517719684332,-41.676672597695,-43.2415970822625,-45.3529782740784,-47.703409777754,-51.2086175053405,-55.1576343762452,-51.6484968083237,-58.3324963244231,-51.6147433211631,-51.5254425891352,-48.924453723542,-46.3157905331459,-44.7697905005494,-44.2788130741084,-42.6468189224628,-42.0883180323829,-41.4192697212037,-41.1486811789582,-41.2598928940702,-41.3572281390763,-41.6898244839705,-42.3629941030003,-43.2291352618801,-44.1461562163265,-45.5782595958561,-46.6960881041842,-47.6649223654142,-47.9149751896874,-48.3748690344635,-48.1360571143345,-48.3247669261911,-48.5447420211382
-47.1945634844629,-48.2766293991472,-49.2881904891582,-50.4803089339263,-51.65241894205,-52.5206060952511,-51.5260092141769,-50.8189116350302,-50.0897202821023,-49.416705675485,-49.0233801074929,-48.7449494450057,-49.4323965225289,-50.1561470476694,-52.0351885967783,-55.3576150985286,-60.4052632959441,-65.4167835139778,-56.3975104847805,-52.709412058189,-49.1465805243726,-49.3350338846226,-49.7551878110692,-48.7577810279426,-50.2128313947474,-50.2626304159739,-46.8709532614213,-45.6131938310661,-43.1532481417847,-41.4073381239075,-40.4652166343375,-39.9980009333985,-39.9372580458705,-40.4124741286886,-41.2422965766337,-42.3556753920471,-44.0385381281685,-45.5953120523872,-47.9641939504791,-49.9101519416376,-47.7270830156377,-51.8941074287774,-47.1423772576722,-48.7041635981387,-46.8047502186835,-45.3288347940819,-45.0557022751705,-44.0324241222041,-42.7145881929189,-42.3056246251585,-41.7385585116742,-41.3152372546908,-41.1549848743737,-40.9910206893753,-40.9121597566869,-41.4768848801924,-42.080776264336,-42.918586676543,-43.9339673155093,-44.6559932016724,-45.5815102093479,-46.2622250772208,-47.2901213469458,-48.2291411280562,-49.1755092298038,-50.1029379171345
-46.7966730239664,-48.5208949252899,-50.6065655004331,-53.2266967992982,-55.7384674747105,-56.7686219143882,-53.9339752341479,-51.5947604570622,-50.1416684987855,-49.4097463389617,-49.3340722452827,-49.4399715219819,-50.396290780253,-51.8235332931748,-54.0885229101971,-58.4573712381974,-65.0917030082703,-65.8814693567735,-60.0670945944292,-55.9774452900766,-50.6577793692811,-53.2796334645884,-50.8188838908455,-53.1596369056344,-55.7875243333137,-61.1394439477679,-52.134195536742,-48.8159890023213,-45.5413532182607,-43.0946888265345,-41.6772185316499,-40.8347640197706,-40.3641677438807,-40.5545947065425,-41.1279882975831,-41.9078736979822,-43.1723138520615,-44.2541799642596,-45.6117615131741,-46.5981099517565,-45.9931695394799,-48.0312842537187,-45.485978891544,-46.4782830041375,-45.5001310429191,-45.1394041719487,-45.7926193163857,-44.5531167819789,-44.0377586451058,-43.6472141522163,-43.1061622512306,-42.3584241817784,-41.6966211576632,-41.1796078325231,-40.7263138299313,-41.0070336417324,-41.3277334502006,-42.0942977967458,-42.8947984223842,-43.628111748017,-44.6785252515851,-45.8784058695326,-47.2668271612194,-49.2685917545059,-51.0340975376446,-52.8993753517051
-46.0439838715596,-47.8150843415766,-50.5409835444391,-54.9717279540293,-62.6837610187965,-64.4299114794793,-55.7408579647053,-51.8543825657301,-49.9897222022213,-49.3678148009634,-49.6337971437877,-50.3524255599799,-51.6347296472243,-53.9388204559673,-56.8274715901392,-60.6487890706662,-64.2913072459598,-61.6765241611334,-60.0168420069046,-57.1565169283159,-51.1271781117145,-56.6773139345994,-51.1423106545419,-57.8869144935233,-59.9421224630735,-61.6296602288051,-52.2634438984659,-49.4207096022081,-46.5959065645914,-44.0342249789645,-42.4497086769972,-41.5270703711878,-40.9396385312957,-40.9514553345067,-41.3183871761294,-41.9591457238775,-42.8891133439167,-43.8045933412007,-44.5561019886019,-45.0193562838371,-46.0323754699767,-45.8947863101935,-45.4918727555257,-45.4731646020225,-45.3446211326959,-46.0336689386503,-47.3477855234971,-46.5478519543054,-47.2238478019784,-46.534427087021,-45.6081123266293,-44.2001179769948,-42.8346781297454,-41.9093622186532,-41.1656104357946,-41.0172431469661,-41.0584854924756,-41.6714508291998,-42.3071712621556,-43.2456789758524,-44.4823942305477,-46.2353402278244,-48.0732422673894,-51.1577853694187,-53.9997074801115,-57.4677471368378
-44.9262814723874,-46.2400215274986,-48.4807554357911,-51.1570479190652,-53.7987762891052,-54.4522286044903,-52.2727741535757,-50.1426977182304,-48.8682615342887,-48.6799538280447,-49.2187910055577,-50.4851577608845,-52.369905774488,-55.1105702372942,-58.9321189306353,-61.5855892687954,-63.7783568651342,-62.16580586739,-59.2927332303152,-57.7893038886843,-50.7632575843059,-57.9442254521333,-51.6195019017809,-59.0726484809965,-57.0296708153434,-53.8495170067525,-49.1379332956701,-47.6187762191292,-46.1666173287895,-44.0181339286456,-42.6960790983775,-41.9700547540157,-41.5700870874818,-41.5689095084427,-41.8778092891928,-42.6625642019505,-43.4683261754936,-44.4538403571867,-44.9199130179895,-44.9586787498904,-47.3582430969012,-45.0152824937299,-46.6042418334313,-45.4292545010157,-46.1573002432244,-47.9197497096093,-50.0726866435697,-50.8252155555416,-54.1353905138018,-51.5691713728782,-48.9148149140562,-46.4393299585666,-44.402073596564,-43.1067346207375,-42.1653987697809,-41.4948884399989,-41.2614735727631,-41.5937446414697,-42.034286055474,-43.1397527913161,-44.502971761474,-46.5976040523856,-49.1897672972521,-53.4776333949297,-58.4645154278298,-67.256120236275
-43.8413383554626,-44.6491321438731,-46.0809777390305,-47.1475699171673,-48.1284558191336,-48.6660609033859,-48.2598903025949,-47.5934955426133,-47.141205986655,-47.3810200173849,-47.9863827849763,-49.3286627628359,-51.469192240809,-53.5688642328195,-56.7215439702637,-60.7755381035847,-66.0301865716044,-65.0127945558464,-58.3262699815769,-57.7132175333614,-50.7073906333925,-56.0505480661808,-53.2014195007023,-55.6005063392929,-53.9583651374743,-51.3239297636934,-47.7567131520794,-46.1248022240228,-45.3394256391356,-43.6048745870843,-42.6730504282643,-42.1834454335297,-42.1170965895799,-42.2918858522183,-42.8270411696993,-44.1599781164657,-45.3599413830879,-46.7643663542439,-47.0699076445719,-46.4098474203084,-48.4487106778596,-45.0678985182714,-47.8817115423794,-45.9879045276429,-47.552876019268,-50.1615687591764,-53.5652162899714,-56.8507985931269,-70.9488393128227,-56.0050972083192,-51.2748640937287,-48.3039491650314,-46.1164372322763,-44.6010601446598,-43.5061108310041,-42.3321972692224,-41.8348305484345,-41.7808919701363,-42.0002708724728,-43.0333279394276,-44.3225663876106,-46.2525328829891,-49.2180792369595,-53.612502569789,-59.1397757996659,-65.0030775340454
-43.3201265011123,-43.7081560782324,-44.4213450782948,-44.7033989833093,-45.1101688614377,-45.4890249204781,-45.5684636073862,-45.4846725600129,-45.541445304606,-45.9795097412012,-46.5554402161161,-47.7529973405205,-49.5618503870881,-51.2796246332177,-53.7272529369018,-58.8309405058774,-72.6069766671621,-63.2900570111843,-56.5186173195278,-56.0239385506279,-51.7223258744422,-53.2897266044233,-56.8642114667511,-52.9702378809036,-52.6790854861782,-51.096116359358,-48.1313727170029,-45.7366521365826,-44.8684442993754,-43.3558988931277,-42.6346633880645,-42.2224000632183,-42.4020487445193,-42.843853861829,-43.8813663610315,-46.121042400601,-49.10639863977,-52.8180790463968,-52.1133173042524,-49.1282891306886,-47.2303398384202,-45.6263529222651,-47.9030646229514,-46.6976195792683,-48.797128044916,-51.2606878004924,-54.0620239519701,-54.0471958374342,-54.8141828158814,-53.7765276086664,-51.9268241341101,-49.7112375487219,-47.7864688987574,-46.1280432785006,-44.8083312631437,-43.3461865366721,-42.6277051673871,-42.1746295708443,-42.1997291693996,-42.8968260407837,-43.9057349661826,-45.3232064067776,-47.5243510258416,-50.3963994763646,-52.8523195202972,-54.9810161445399
-43.7617297098234,-43.7149627209561,-43.7344679021004,-43.5751331900745,-43.6312111803102,-43.7887868143489,-43.9980967740114,-44.146723100804,-44.4617381081697,-44.9526388051952,-45.530446874719,-46.6010252029504,-47.9423890810826,-49.6881202926734,-51.8187765512675,-55.8125569152988,-59.7247795730606,-56.688676582412,-53.9162974868069,-53.2575774061845,-54.0326186515075,-51.183886386385,-58.5008520972286,-52.0215385288597,-53.309273597642,-53.2451177609748,-50.1487765390079,-46.3999053840691,-44.9049293000756,-43.4132828103801,-42.6156186119685,-42.0971389432577,-42.2790041697283,-42.8671064709558,-44.2136037802303,-46.482431127186,-50.704771617108,-59.5278167800106,-54.6949117082636,-49.7572714975887,-45.0901539438678,-46.0061384002718,-46.5192916300062,-47.0313379082059,-49.0223428174221,-50.6577654735213,-51.6486806616754,-51.2069635259916,-52.4589007410314,-53.4492586183525,-53.5008070275825,-51.737549942376,-49.4998358158156,-47.45815993535,-45.8042471855963,-44.3895826977683,-43.532925814663,-42.7858382139296,-42.6738192567224,-42.901568726369,-43.5405682970801,-44.4291834781395,-45.5545578633091,-47.2097752117932,-48.4249557090494,-49.8995790216395
-45.4993855880661,-44.8171529217007,-44.009626969663,-43.4853224291114,-43.2177706668812,-43.129957952372,-43.3360930846134,-43.6165086656275,-44.0633943210232,-44.577221565118,-45.2179435391248,-46.1759008397658,-47.0938221238339,-48.8467572308491,-50.5710805537407,-52.4141424514503,-53.0466166110778,-52.0513507246232,-51.2793243556516,-50.5737572285499,-55.4605874626443,-49.9731775146124,-52.8698594107689,-52.4739882544289,-56.1695797250624,-60.5689069660037,-52.8985209220546,-47.3156120984107,-45.0381914429439,-43.4707527744527,-42.4058116921646,-41.7355521944718,-41.7273307195875,-42.24063102395,-43.2754297458491,-44.2578996349594,-45.7411646927197,-47.4569205162062,-47.4715203429597,-46.2977476715824,-43.487331305438,-45.5208191342629,-44.5977596365251,-46.5973787487224,-48.0926558779079,-49.4063120416231,-49.8358441891135,-50.5881259050191,-53.48461732348,-57.4618655166591,-58.6565755034354,-55.1508474366328,-51.195036650583,-48.5501205255277,-46.6790981290417,-45.5084645794707,-44.5921518639474,-43.7147914765844,-43.4773721876625,-43.2256439965506,-43.4780895518636,-43.9136053796469,-44.2228279987057,-45.0587502959985,-45.7350224658137,-46.7604526480732
-48.8823227773594,-46.9885912886297,-45.0727034387881,-44.116403155285,-43.5097083527753,-43.2302098564406,-43.4237107090176,-43.8718774846824,-44.4408180180118,-45.0226062008465,-45.781827646483,-46.569663358025,-47.0974892443985,-48.5227899863761,-49.4995972372576,-49.6707529292782,-49.3293337416396,-49.1968319946389,-49.2884991433005,-48.709591666295,-52.3526657975517,-49.5937629033133,-49.1545589807965,-53.2846318518757,-58.4328321621995,-62.023214713723,-51.684420505438,-46.6828508691342,-44.4390777837387,-43.0007358950656,-41.7864256097729,-41.092338922723,-40.8875372199879,-41.2058494662151,-41.7280919348835,-41.8800537550474,-42.1400264830555,-42.8270308178414,-43.3553337213074,-43.2163644599561,-42.5687509433666,-44.1641162812364,-42.735109562223,-45.4030020492915,-46.5291049683229,-48.0124334774322,-48.6650514573438,-50.4004196159916,-55.0330649609659,-65.4812232649246,-65.037116546892,-56.6830360821134,-52.0708227725938,-49.5187473191761,-47.883297394293,-46.969968018949,-46.0226213644823,-45.1375737270737,-44.6570438934797,-43.9583135350862,-43.8003957427781,-43.829415836886,-43.6557391426194,-43.886038040324,-44.2863897092602,-44.9130732542582
-52.7905279731592,-49.1134876686899,-46.2848852813245,-44.9284709962375,-44.0830364510492,-43.779355905727,-44.0613350541214,-44.8183982922721,-45.6758292750763,-46.4924854160094,-47.4626606899093,-47.9262685308146,-47.9835309675633,-48.5452920550528,-48.5575205133022,-47.9033620800837,-47.3693609138644,-47.7497256735123,-48.3083561629966,-48.0562799082872,-49.2079154101528,-49.9504229462042,-47.5416497094538,-52.6026698376093,-53.7958800438616,-51.6946118657849,-47.8985637487062,-44.5679208784477,-42.9853784783664,-41.9556286771239,-40.8860704869527,-40.3104469824353,-40.012951056357,-40.1350449458161,-40.3435944027943,-40.3455050518389,-40.295684094036,-40.6278151123188,-41.2024090422672,-41.3662499351139,-42.1898116422374,-42.5430280751569,-41.363424683887,-43.8433969341878,-44.8419038198304,-46.5210830370601,-47.5180535462052,-49.2386390007097,-52.6588714337688,-54.6390125496841,-55.0335801774562,-53.406351955919,-51.7953569520985,-50.580156131267,-49.8209691112205,-49.1958495937365,-48.1933420061972,-47.2704267495813,-46.2277290754944,-45.102807758198,-44.4783046560932,-44.1236343722396,-43.7600010978611,-43.5636805405111,-43.8124416314754,-44.0875239413909
-51.2278819172672,-48.5326737954295,-46.4649531649751,-45.211787025992,-44.4719659077927,-44.3717235665298,-44.8876391668651,-46.1080290665055,-47.7194952256633,-49.3531326488498,-50.9944354242882,-50.7610440231166,-49.8402784299881,-48.824809759921,-47.8802378387045,-46.9958037284279,-46.695642860227,-47.5275733190892,-48.5488663811641,-48.9840033749869,-47.9780101924155,-51.1079785756918,-47.5762635163538,-50.8484525409947,-49.7026332485835,-47.2674598772636,-44.9482462026101,-42.5844634144369,-41.4544270396973,-40.8292091953914,-40.0572661541941,-39.648446944476,-39.3672921572852,-39.3640035911464,-39.4887016255675,-39.7137560178937,-39.7709265198812,-39.9286336519913,-40.3501042890762,-40.571877629907,-42.1220821133865,-41.2317190891286,-40.7521941885544,-42.4158245304923,-43.4001798089352,-45.0566290285779,-46.2507318032781,-47.7489750213845,-49.6309148929872,-50.1151234516851,-50.8011743166014,-50.8290241855775,-51.4259576336661,-52.0780449034004,-52.9285312503909,-52.9108443515097,-51.6820620556856,-50.2139477243779,-48.0962844663442,-46.5761513417558,-45.4521416837645,-44.7630414186623,-44.433120229092,-44.0214593653536,-44.168918088591,-44.1513811097785
-48.2389060238163,-46.5612247500045,-45.5353486593388,-44.7813867858268,-44.4262177822079,-44.6145110154325,-45.3494867164808,-46.8668950357213,-49.5905476201487,-53.4226890351944,-59.9391021893653,-56.64864065616,-52.2408996651575,-48.9752763001175,-47.3108043282002,-46.6292055317425,-46.9642891489985,-48.334315321714,-50.0583226573724,-52.2189059441019,-49.1607828664879,-53.6213686878669,-48.8710352377889,-49.2753525022565,-46.9417958563711,-44.5812441079128,-42.8957922687424,-41.2584127698806,-40.3585993799107,-39.979302343721,-39.5167076969595,-39.2849869681549,-39.1433701903613,-39.1645760735235,-39.39879685966,-40.0004433888893,-40.3923842800123,-40.4549712428203,-40.5620544977635,-40.6831278183345,-42.0381635485514,-40.5485693208547,-40.9853975197736,-41.4950512436717,-42.4551020948162,-43.882372331164,-45.2145968378021,-46.8563766632129,-47.9338277747944,-48.1730682216338,-48.8604648824117,-49.5705269339993,-51.4896605969813,-54.1685018162068,-58.1478552890527,-60.4801902619839,-57.0299607175016,-53.0059876937519,-49.8695968503935,-48.1633078281398,-46.679843053845,-45.8001307611655,-45.6550617643379,-45.2769390368202,-45.3137326498656,-45.0675115381551
-46.6905916427445,-45.3379920452175,-44.6542292641605,-44.1990665834119,-44.1077741624962,-44.4140980251963,-45.0990466001723,-46.3453500124468,-48.8771438325998,-52.2509990864972,-57.3891621298148,-56.2868675077438,-51.439312675734,-48.0107566278466,-46.4042295705414,-46.3564255110268,-47.538133325641,-49.280394906152,-51.5867262508578,-57.6733592357471,-54.37150412835,-58.2893083352643,-50.1746136214105,-47.7212249839908,-44.8343442610987,-42.715357112431,-41.5124137116518,-40.5240393058212,-39.7570679580408,-39.4444966468907,-39.2539197573175,-39.2367199368193,-39.4229690710447,-39.743234059939,-40.3519320269884,-41.4065174874621,-42.2281349747315,-42.1595619205799,-41.727262424292,-41.5387979289222,-41.7471342414557,-40.6195825776458,-41.9853485013712,-41.3167463461851,-42.1863398056638,-43.2932455874769,-44.7683854778253,-46.6879477875543,-47.2978581442236,-47.5120231829968,-48.0857970463281,-49.0614104058188,-51.4099355316025,-55.2768198717686,-63.6957979273295,-68.0642828182266,-57.7310837223768,-52.9447333435009,-50.8096958802473,-49.495005358817,-48.1182024857443,-47.3515976356739,-47.5259727025629,-47.4867778334447,-47.3661114524671,-46.9212242901996
-46.2183539722185,-45.1691225784226,-44.5133209248266,-44.0711297355255,-43.9414162852058,-44.078554671994,-44.4435843719433,-45.1234595926313,-46.4344963024114,-47.683353186941,-48.7308899466765,-48.5444981549182,-47.2565205409549,-45.7466109727716,-44.9877258443177,-45.6942948071637,-47.077782346115,-48.2134364646276,-49.7350416191341,-52.8713132520693,-55.4894644515061,-55.6667572704503,-49.6830088044385,-45.9518206588134,-43.2599455975183,-41.4898617598571,-40.7111347360618,-40.200988094436,-39.4934859577542,-39.0934108192977,-39.1058656280965,-39.3623404828326,-40.1099538479593,-41.167319140197,-42.736555268345,-44.5830909974036,-45.7599612115186,-45.0318840886841,-43.5745971858899,-42.7592835049826,-41.459470194093,-41.4468384230394,-43.504004919877,-42.0532375480433,-42.7798842013796,-43.5776563080638,-45.1203938546474,-46.9765133739839,-47.2470830075715,-47.5136915051677,-47.9691881359331,-48.8743940045403,-50.593431235618,-53.3260425986156,-57.151915177465,-56.3926227860271,-53.3979592936639,-51.3075973823247,-50.6885191457729,-50.2400083236152,-49.6279181957999,-49.4614332384393,-50.1685877710795,-51.0734331904023,-50.8338125967375,-50.0282086034456
-46.4373356382533,-45.954653550349,-45.3519006133655,-44.8012904382539,-44.3842846402919,-44.0823883598871,-43.9760012771799,-44.0834477296225,-44.3516627190292,-44.5982999706424,-44.5905641202443,-44.1694300299225,-43.6861264538734,-43.2611426952079,-43.3319577408117,-44.3059779959707,-44.968336553568,-45.4285136885098,-46.4177289789919,-47.8897625474568,-47.5472544757421,-49.6163390604995,-48.5050652137664,-44.5302051728549,-42.4810300362896,-41.0436770947964,-40.4993147502855,-40.1186464577394,-39.352517056261,-38.7727161254054,-38.8738625881886,-39.4046901905061,-40.7646602222707,-42.8506390273503,-46.4173372666977,-51.8943917695149,-52.4865114041378,-48.0276951771104,-45.0330238984992,-43.5825074281037,-41.5228926670214,-42.9082104681358,-45.1712362128776,-43.8915656240206,-44.5399717469066,-45.1022836067219,-46.4111843030628,-47.3660966575439,-47.3788615399608,-47.7900736497025,-48.2180963007266,-48.885976029661,-49.6305416411509,-51.0274578428067,-52.8580567892617,-52.6269187834984,-51.1308292514954,-50.3865253687923,-50.2109368917057,-50.3951504053391,-50.858965627526,-51.7458693434175,-53.0756957156396,-56.7610399715199,-57.8431609559585,-55.0306044736937
-47.1692468112607,-47.5987070602291,-47.3402800433852,-46.7469991366103,-45.8622915879891,-44.8653771991805,-44.1320990681801,-43.611997733347,-43.0567637276273,-42.7259725506138,-42.176676694808,-41.5437540193041,-41.2263206651398,-41.2118248587162,-41.6804165635527,-42.3189581973896,-42.4215327738364,-42.8824039796225,-43.9073250210473,-45.1655109576588,-44.1687707924446,-46.3057395389909,-48.040606469155,-44.2071709897926,-42.8658217688115,-41.6019410570316,-40.9017221083472,-40.1666624132334,-39.1775868922088,-38.3978518978306,-38.4471255504098,-39.1155125404911,-40.6218971678328,-42.7204198138323,-45.8374552675875,-52.232847978432,-52.2255742228721,-47.1947711736627,-44.5819892662898,-43.4574107986401,-42.0260392242306,-44.6468543164792,-46.6916762314814,-47.0537907628412,-48.1494592559176,-48.6309772497156,-48.754919412029,-47.7085036230483,-47.5306817515501,-48.1018107321533,-48.6467632601826,-49.1809575792258,-49.3220598972061,-50.014204852358,-50.992588683429,-51.3142987039377,-50.6489856206469,-50.5186150067002,-50.0302547798044,-50.223659297474,-51.3232550117714,-52.9121706970905,-53.7411967982052,-58.3859080646812,-67.855981397011,-57.7099718980954
-48.4080892938864,-50.0709352801055,-50.7697203821924,-50.4425516318246,-48.8604550822285,-46.8295159489487,-45.1618447765835,-43.8211300914781,-42.5014810406051,-41.6481392260896,-40.756979338981,-39.9923924161517,-39.6534590066127,-39.7049592481485,-40.1320981101803,-40.2748636785031,-40.352253755628,-41.0893204565567,-42.2264807322138,-43.5326291006369,-43.3314336686038,-44.9519451287497,-48.1581766140048,-45.7306292978001,-44.9020946314397,-43.3444992080595,-41.8359684211866,-40.2806834500152,-38.9170969905435,-37.9674911767888,-37.8540483968059,-38.430200532706,-39.4510904909294,-40.513368058992,-41.5890334912215,-43.8376246254838,-45.1087471939284,-43.9645934812064,-42.9065425586307,-42.7158902962368,-42.6613144622411,-45.8524670742282,-47.7141789803383,-51.0621752749729,-55.4745651283031,-57.2642453383847,-51.898989648103,-48.1874168132975,-47.8000798488743,-48.3708533648811,-49.138582575721,-49.8310138948265,-49.973203656771,-50.4688019139018,-51.0114470162021,-51.7557113588593,-51.6447590334966,-51.5792641575405,-50.4296712591354,-50.052290480284,-50.8827255293291,-52.0839117841701,-51.8696389589979,-53.0963653613831,-53.7453893246913,-52.3593647682038
-50.2481932086809,-53.3638976110927,-56.2539275667395,-57.1201963537684,-53.9916149347954,-50.3203303963915,-47.0856414821341,-44.6609184646853,-42.558953229207,-41.1119725998521,-39.9956431451403,-39.1724565299018,-38.752049461475,-38.6824196310361,-38.8000187227673,-38.6439383581225,-38.9807023343184,-39.9507938849483,-41.0666637220108,-42.3257730291914,-44.0764829053278,-45.0208788681374,-48.1102289435528,-50.9584065182913,-49.2265176633392,-45.8624192026366,-42.8175496706711,-40.3264702401788,-38.5729052707045,-37.5342232771091,-37.2138322036248,-37.500341605799,-37.8887515570821,-38.2852029569816,-38.6512818457627,-39.7801377224864,-41.0663074728951,-41.2457228059402,-41.2641825531888,-41.8003658774079,-42.9334219953318,-45.6552901161027,-47.3983887610881,-51.5119974503717,-55.6327164259796,-59.2695972839515,-53.5948239233781,-49.0742384871305,-48.3652787623314,-48.7236728054137,-49.670833851409,-50.7996079320267,-51.5628612255956,-52.3653511544008,-53.0036612759067,-54.1797283090887,-54.1819630225135,-53.3798160815457,-51.5086829239552,-50.1771308812093,-50.008067910272,-50.3094321321883,-49.9402016327284,-49.6944063665525,-49.0418974826796,-48.5090305962523
-52.893351017651,-57.0878194932631,-64.7204272784218,-68.0546139242631,-58.6612612122815,-53.9977684624622,-49.0872561221761,-45.7399292178052,-42.9894715095589,-40.9736008473688,-39.7023427208542,-38.8653494076335,-38.3533760980744,-38.0815837211352,-37.8403666332088,-37.642851402248,-38.2649698517878,-39.2581897078037,-40.2087757118922,-41.2981998476254,-44.4699797064159,-45.6073129466663,-47.5533500072616,-66.6800499205451,-50.9743771527854,-46.3992390276865,-42.8581220289371,-40.0586860595286,-38.1700916263182,-37.1767542498983,-36.6613746478432,-36.5623623676348,-36.5093460746037,-36.7079327776133,-36.942230038363,-37.4786995589574,-38.5493604610413,-39.3011792521914,-39.9848085405512,-40.8804529395003,-42.7470907072207,-44.4409261331606,-45.7001492928321,-48.8302565145999,-49.3551923686756,-50.4023880790854,-52.1011113488782,-50.4296179845014,-49.3550001863643,-49.406099371821,-50.3452952122995,-51.990317084077,-53.7784860184058,-55.324331264573,-57.3508430139592,-60.2054701970278,-58.6951818966708,-55.619786314551,-53.1556635621333,-50.7179446398226,-49.2672461259106,-48.6029466927004,-48.4593101165587,-47.6039231917132,-46.5666447929465,-46.2244615875363
-56.899977648192,-59.9886418858275,-67.1801744941643,-63.1112297562128,-56.2064744374613,-52.7496105356589,-49.166866887214,-46.1726972551746,-43.3951897545446,-41.1509655245552,-39.7841713781681,-38.9432530646259,-38.342145362863,-37.8754560406274,-37.3845939733883,-37.320630509798,-38.0667576646952,-38.8316856054595,-39.5974300914171,-40.5429851645899,-42.738551114358,-45.0683243798493,-46.6865337272477,-48.2721374409526,-46.1583312292337,-44.3096785166781,-41.8248783186993,-39.4237580043913,-37.7980125892406,-36.9727158169594,-36.2978488662402,-35.8218247341962,-35.5431639646245,-35.7418056243682,-36.0421159346596,-36.2100295982111,-37.0202564305793,-38.0603088363324,-39.12054724843,-40.1408236370458,-42.4454084685723,-43.2343629315361,-43.8454661745844,-46.9734140746044,-46.8327068142349,-47.4874340677604,-50.2948515823588,-51.8809390944058,-50.80511753817,-50.5763439505024,-51.3349761042191,-53.3419595325317,-55.942532891085,-57.6106512980859,-60.5191555164514,-76.173032278282,-63.3749761328322,-57.5388321295477,-54.5388919819766,-51.3649911674937,-48.9219947612767,-47.3936971821749,-47.2556738977081,-46.2407431357083,-45.2445728927088,-44.9506597511333
-62.9567949919907,-63.0198837233276,-63.3312773509922,-59.5006575402718,-54.1030398023695,-50.411191516719,-47.8183298064131,-45.6144996723219,-43.4940322521548,-41.5952601255137,-40.2303882779771,-39.3739336160229,-38.6735041614877,-38.0709892604994,-37.5061782961965,-37.6422655376713,-38.2238238375741,-38.6206546607273,-39.30255430963,-40.2360507377631,-40.8941589529181,-43.4925773251832,-45.6298647500104,-43.8957622286495,-43.4608655761981,-42.7181472573527,-40.7884703182346,-38.7861551330582,-37.6113769769302,-36.9671067492202,-36.1681360489811,-35.4128164220447,-35.0565672344372,-35.2743204560592,-35.6829370609396,-35.7084094570358,-36.309022827157,-37.5051233273152,-38.7466174989734,-39.8352569148231,-42.2995204049434,-42.5600175685431,-42.6430146029958,-46.1497563641693,-46.2994854531657,-46.7538970374593,-49.3030045615489,-52.6707970803678,-52.5669401299487,-52.1324241299287,-52.7644219025728,-54.8840438393901,-57.6284582250141,-58.3008406689207,-57.708751561672,-59.9394381905095,-59.9842502630781,-57.6968567574888,-54.2270627440762,-51.3778124912081,-48.8939897107441,-46.8353792267895,-46.2989046260273,-45.368116903088,-44.6601279231717,-44.4011390326821
-60.0275866340953,-69.5478859094994,-58.9666213105568,-55.1414036830521,-52.3589267309412,-49.3431105677213,-46.8966036409512,-44.9563495258427,-43.5231802503607,-42.3082343819054,-41.0879580775486,-40.2028103733252,-39.3776291474114,-38.6982288534805,-38.2321109191358,-38.5245712766529,-38.6469761910292,-38.731026601218,-39.4292241944986,-40.4539658989207,-40.316995875378,-42.4259025857299,-44.6345566357214,-42.7826540029148,-42.9961520343429,-42.4886040459145,-40.4909530011584,-38.6005224445059,-37.7486108319195,-37.1497189975646,-36.2571342370561,-35.3929391027876,-35.0583984571783,-35.2411497346732,-35.7259135041147,-35.8762579520473,-36.3726257253289,-37.6452814316171,-38.9622316692368,-40.1670297857892,-42.4169522936105,-42.5463723782323,-42.3961445720739,-46.0962120595324,-47.1236266796217,-47.398273150822,-49.0846654757977,-52.5298096246727,-54.1826952700193,-53.6986005503311,-54.555765066459,-56.6930143114713,-59.5630759764617,-59.9654678831236,-57.013615706847,-56.582789016292,-56.8212936795807,-56.0919406640456,-52.8007253655475,-50.6233695125557,-48.8858575936891,-46.8960334711657,-45.7370192527539,-44.9469381645714,-44.5863338408393,-44.3977161786853
-54.1764264358792,-59.425488571061,-54.7968609537991,-51.5395656344582,-50.3583293923635,-49.0393950715655,-46.875476710597,-45.019105484227,-44.030764826222,-43.3934660882783,-42.4331515216289,-41.5071218913716,-40.5371243949485,-39.805188768315,-39.565996867919,-39.854303974389,-39.3979831414739,-39.3503837637393,-40.0599276679128,-41.141235423704,-41.1910161973593,-42.5001093035698,-44.1920008618429,-44.1380259579142,-44.6695828075146,-43.7417468707104,-41.1628783953285,-39.0996858825899,-38.2417397620684,-37.4524706153877,-36.5044320922839,-35.7484877915186,-35.5263265081319,-35.6302411535119,-36.1507954673275,-36.6958253054771,-37.2169775528867,-38.4860951259779,-39.8479352402745,-41.2363195624602,-42.872320837474,-43.1958812048893,-43.3076871027473,-46.7156445161746,-48.9851495981759,-49.1493978748175,-49.5661645138518,-51.977799293154,-55.1098395155895,-55.0023394100507,-56.2483618366934,-58.6094459830203,-63.2751610094056,-65.1749399302463,-59.9686422656502,-56.5731885321436,-55.6157386826698,-54.3357715463794,-51.7086233511106,-49.8886334760115,-48.7279231416104,-47.3868623088769,-45.7460882707472,-45.0435068003513,-44.9096510607285,-44.810334877497
-50.7838777551187,-52.8920747982153,-51.7611521297331,-49.5150855808077,-48.9339985392306,-49.0239613037926,-47.7238186016177,-46.2021260769926,-45.5181069281203,-45.085713088216,-44.3518744545604,-43.3441788988729,-42.2425046814432,-41.4581290644809,-41.5046640151639,-41.5217243062219,-40.6632985964117,-40.6736004826284,-41.2502355444262,-42.1563357067696,-43.3774124459209,-43.7061522601699,-44.6832516027625,-48.773295549715,-49.5837288791002,-46.7255352892219,-42.6636466888235,-40.1805652098434,-38.9549030124032,-37.7713201204461,-36.8399110856056,-36.4077099689513,-36.4042415925405,-36.4641537977747,-37.0469810252266,-38.2020955611948,-38.880806890653,-40.023256515084,-41.4366017320531,-43.0200620575641,-43.706727705649,-44.5267110580917,-45.6757874317352,-48.1305589210813,-51.5982759345332,-51.9994400204727,-50.7937900443912,-51.5203491803547,-55.2173459635353,-56.2334349027397,-57.2543121184556,-59.662550766976,-71.8574719579497,-71.6778737919165,-66.4453086750349,-58.570632632032,-55.7932706185348,-53.2728393874268,-51.3691784610386,-49.7489926575517,-48.6520240190962,-48.0754442758595,-46.4504753684451,-45.7707144988509,-45.6327834767406,-45.559311965918
-49.0001521999352,-49.4276517316729,-49.810647848258,-48.8313327996096,-48.5745366771396,-49.3248007787096,-49.4416091505711,-48.8895733782251,-48.5347056267893,-47.7651204301425,-46.9149065339719,-45.6769434709648,-44.5187635022685,-43.7361702273084,-44.0316281917329,-43.4905542241597,-42.6870215560873,-42.9028064349723,-43.0646989460063,-43.4010009405742,-46.0467938721058,-45.5256679297479,-46.1347638070354,-56.6794802247527,-69.6798720618773,-50.5283270121735,-43.9205294308233,-41.2201143978517,-39.5753379804041,-38.010729837113,-37.2237384861997,-37.2622554706468,-37.5854230685953,-37.7758086182697,-38.5902198003663,-40.4935771824595,-41.4784824598785,-42.2964885496562,-43.6845404293619,-45.2840982956683,-44.8210986393233,-46.6077876757635,-50.0090980208428,-50.7483878932854,-54.643337085551,-56.05275737125,-52.8708688603498,-51.4740917102138,-54.6728522489692,-57.62980965062,-57.7929369359706,-59.1717158087902,-67.8187099219823,-63.8669619760075,-61.2117021950396,-60.0618676717202,-56.8215578615363,-53.0607944549597,-51.6265251961449,-50.3021166444465,-49.0510589909174,-48.9252899537624,-47.9250264758539,-47.2717042864442,-46.8781212734019,-46.6497081208399
-48.4577484807619,-47.7888758576961,-48.7523603332925,-49.1021014549989,-49.1774711912991,-50.1364442822226,-52.1577573242739,-54.0731926658566,-54.3790720183616,-52.0638483661387,-50.0487604568967,-48.1940874709013,-47.177166594756,-46.6963700584142,-47.0420315073599,-45.8980901944838,-45.8137378314927,-46.331769723601,-45.6499397046901,-44.9646234594555,-47.1764285039192,-46.7207229840789,-47.7432916337184,-48.4067515051514,-50.3135843748674,-48.0990632010293,-43.199089226139,-41.3291616628936,-39.7604922267866,-38.1271028663877,-37.6477397271534,-38.1686870524466,-38.8759194248245,-39.5493130921966,-40.9684622747383,-43.7725621176404,-45.3991584879021,-45.5995795468975,-46.4593827119079,-47.4525582092136,-45.9163997729778,-49.2974787125436,-55.6047739374258,-55.5614938318741,-57.9098669901872,-59.3175455571902,-55.764430390436,-52.0396487496601,-53.8798240825037,-59.0058345900032,-58.6862944868672,-58.5762379092883,-62.204694791898,-61.5330831923642,-57.8053452261085,-58.5146798239305,-57.6891249186025,-53.5144912458961,-52.1119873067989,-51.3672979668009,-50.1793563290588,-50.1719303144324,-50.2356106435568,-49.7566993205975,-48.9049248538022,-48.2080644520102
-48.9455483068991,-47.5269984333818,-48.44190524012,-49.8494622162692,-50.1720794625009,-51.1551726194871,-55.3516632248622,-66.1677158355309,-70.9491800617171,-58.3810624728431,-52.93076350093,-50.1139853667215,-49.6478098188514,-50.2156293858831,-50.1203740340056,-49.1906154198462,-50.8747009705479,-51.6153281296911,-49.3047850539974,-47.0388962087166,-46.7291723103145,-46.7066085879126,-47.8397810908425,-44.3205317104489,-45.0431776157307,-43.9250681867831,-41.371477403581,-40.5594227594038,-39.4109569305595,-38.1361554452554,-38.0807814155696,-38.8969268337741,-39.9514257015668,-41.5208058366469,-43.9304893465381,-48.2149592080568,-52.2531526354716,-51.1437165035244,-49.5656049381511,-48.8270948819241,-46.6879692703907,-51.211982494168,-54.6551593255855,-61.7597044931342,-61.0519173467666,-57.1034261870952,-58.5606066421833,-53.1986529193158,-53.3812483158944,-59.7430099984874,-60.475469715793,-59.3203600389822,-61.0474238393738,-62.498781400806,-58.0077602251199,-56.9735379730724,-57.1803074955253,-54.0991558618049,-52.5790387620901,-52.6438359454725,-52.0834645912797,-52.0578552214763,-53.533176217653,-53.6542055159965,-52.2391588642113,-50.503256049076
-50.0798959025424,-48.4105859086874,-48.7591189106935,-50.5063058364129,-50.7799842828859,-51.4603542161587,-55.3502963472531,-58.7738889618702,-57.9099355924117,-57.4885815810064,-53.5774617368518,-50.8690723774669,-51.317520471638,-53.3447327351709,-52.3949233061512,-54.4484670754669,-62.135765897374,-60.6474476508633,-53.8331178335213,-49.3532856483286,-46.2177560162394,-46.3220780798557,-46.6457819015724,-42.8821162862715,-42.8062606744185,-41.3857083105632,-39.9542126641849,-39.6287229590116,-38.7305895440291,-38.083301464643,-38.4144129232494,-39.1521276682114,-40.4365136593312,-42.8048628598999,-45.2317624535607,-51.2345585418436,-63.1892605239376,-60.4720639358193,-52.0943498544909,-49.187070288593,-47.2267744292487,-50.7099394331536,-52.6033600543616,-55.3517626917286,-60.207203502501,-54.1834306129937,-58.3238658865301,-54.6021517447774,-53.3486080618752,-59.1668061738906,-62.8700279191,-62.1533341555491,-63.8883894572756,-64.2723990577933,-60.8573091235955,-56.6640262525443,-55.7676365116974,-54.2976009227069,-53.2132842953592,-53.9281711859107,-54.5506962555231,-54.4474010215411,-58.1308778717351,-60.2919271950913,-58.3306839022178,-53.8700452643235
-51.0327977635793,-50.1939871832128,-49.5691123906235,-50.7154689382194,-50.9621712423235,-51.026930448627,-52.7792371406695,-53.5790952459,-53.4545114037331,-53.2191802906581,-52.3111148328197,-51.0163787836713,-52.1141287053398,-53.9095886118627,-53.3926349853104,-61.0646962522901,-59.9049101211853,-61.1335433444402,-54.4477497392696,-50.3849444391066,-45.9104792428266,-46.0170287060103,-45.4772793605752,-42.8879866262084,-42.0276489541838,-40.1402429288425,-39.2894261578194,-38.9159920531341,-38.0376889218751,-38.012713771537,-38.5055196539007,-38.8715169677405,-40.2208517296614,-42.5052073158821,-43.6254458516914,-48.2779780503932,-50.7811540877116,-51.4708957934353,-51.2989148526265,-48.7892450871901,-48.016577684854,-49.5275540022773,-52.459930614667,-50.6773589177291,-55.293582691394,-52.3715756727924,-55.0685285286038,-55.6746412083721,-53.3190149782345,-57.2581421426915,-62.687409487533,-63.5451170898514,-72.8572434870803,-61.4462900924923,-61.8073008387684,-57.1377357529943,-54.6689935193284,-54.4241775070955,-54.4472329657853,-55.2606038248131,-57.0481192649758,-56.6083459163641,-62.2696281980893,-72.5342758331029,-70.0775309154944,-57.2629497102746
-51.2241106205587,-52.3527968995874,-50.732362945098,-50.7248332335771,-51.3669156540437,-50.983494745848,-51.2466233077225,-51.7441127130269,-52.0743030465668,-51.1046390866449,-51.0650416319075,-51.2237511574459,-52.036830944597,-52.3084684695784,-53.5876946077814,-55.1974286519244,-52.9837238777328,-55.5774613624164,-51.6581172952671,-49.7572482753987,-45.8687131633287,-45.9082013157014,-44.7443877319434,-43.789424364168,-42.2006493143993,-39.896032554311,-39.3139257011349,-38.5491351175924,-37.6065039133041,-37.9601474940447,-38.3238819144663,-38.3755953199725,-39.5883322690224,-41.2675549044786,-41.8717175129099,-44.93484475866,-46.3520669763654,-46.8139386554042,-48.61929667994,-48.187176554043,-49.5083654768152,-48.9660911583205,-52.4375251028149,-48.2157032144498,-51.1938439059809,-51.2734151460801,-51.6819662875987,-55.4213871986096,-52.6807760474113,-54.6238976054103,-58.7022927398963,-58.1292412498607,-61.1472983529447,-57.7557000662517,-58.2209564883504,-57.5721275831715,-54.4846996076905,-55.3053761502784,-56.6369056377586,-56.8644145279246,-59.0686767588112,-58.2466783031052,-59.8525169693805,-61.7496874541203,-59.5470605085993,-55.7667866084382
-51.2855925709875,-53.9186333526054,-52.1723646723941,-51.1820033763023,-52.4557051738443,-52.1316073029748,-51.3017247921147,-51.6298214026363,-52.0772401041624,-50.5000319891388,-50.502534968791,-51.5938638246721,-51.3044537809951,-50.710943620227,-53.295082278193,-51.1876887376891,-50.9551774137304,-53.1051298271642,-50.2306383285891,-49.4134988669338,-46.4576227683188,-46.3916633062481,-44.6635258030825,-45.3231321130796,-43.0794476178657,-40.5013389227317,-39.9027400669392,-38.5978572834002,-37.6061974240245,-37.9649817013556,-38.0160230347509,-38.0248754300398,-38.9053006928393,-40.077092292745,-40.8911694755855,-42.6853833187857,-44.3332702328413,-44.9179107392926,-46.8523608061457,-48.047983003655,-51.5333092263388,-49.0087995601114,-50.7917767653856,-47.187201265488,-48.4932874100911,-50.397078495565,-49.1283615097695,-52.8876115707164,-51.5741140911246,-51.8883468847925,-54.5807007507973,-53.8138522838007,-55.1811120695978,-55.3210855573662,-55.5257517453552,-57.424155077599,-55.5314396771541,-57.6060246462368,-60.0441385209263,-59.2496540020455,-60.6243586271333,-60.3411151293766,-57.1641196971074,-57.4110194597489,-55.4794771649342,-52.6932852230837
-51.9912154843735,-54.2858259187031,-53.8940777935408,-52.6972340149033,-54.5508634086592,-54.9815095858984,-53.1183856345421,-52.8970396329987,-52.8548728481711,-51.0665313176594,-50.6812425219638,-51.9036007249823,-50.6328644227876,-49.9674926478595,-52.5363930168185,-49.6774798744657,-51.0962778550104,-51.9229062294949,-50.4420154757106,-50.3896675966533,-48.1380118397221,-48.067140187353,-45.6338176810443,-47.556310677069,-44.4908241663298,-41.8407146776891,-40.9125326311016,-39.0472853445185,-38.0897725387155,-38.0810989097054,-37.7892501044019,-37.9653679745096,-38.3962414734504,-39.2719005351195,-40.4767140085332,-41.3256928047118,-43.6111618960273,-44.5866763496669,-46.5284021670786,-48.9209160031319,-52.4966768848901,-49.495248600733,-48.7371858957026,-47.4211318035301,-47.0254271114837,-49.342782810755,-47.5297488255308,-49.6161388725236,-50.3495842838246,-49.5280909902991,-51.2869193881325,-51.1176321323817,-51.9330568787051,-53.5821026676779,-53.6018085269637,-56.644019535746,-57.9897771111193,-61.2487558083112,-65.1930667136727,-63.9604890319992,-61.6153214209221,-62.5972964400064,-56.2937297404342,-55.550894328301,-53.9321361671291,-51.0345493474723
-53.61558386553,-54.0126834425365,-55.8086919248812,-55.6516869816822,-58.3131411672108,-60.574490104917,-57.5992681580018,-55.6875860976897,-53.9385719753572,-52.4267450547487,-51.4155088629646,-51.9147456280289,-50.5089565828974,-50.3243292935687,-51.6694581465339,-49.9444077158046,-52.5471620888985,-51.6013242719463,-52.0581623107564,-52.9944993526406,-51.6317909429045,-51.7995250910684,-48.2133514475634,-50.9295202707295,-46.2508061303463,-43.6989204029515,-42.1546299334757,-39.757117869693,-38.9961578548407,-38.3682317897877,-37.7908879059186,-38.1485293532036,-38.1506294690196,-38.8541059766657,-40.294837346752,-40.6917687985241,-43.6834435467622,-45.2008123385067,-47.6351514883214,-51.3596015020101,-52.0729761739907,-50.5718419955195,-47.6839415194661,-48.8852797244974,-46.6695130541864,-48.0731456392734,-46.8158327090548,-47.1014726757075,-48.9913685482765,-47.8366701296082,-48.8806480611882,-49.4658946668899,-49.9445096762743,-51.9656825359114,-51.7897433906615,-55.1776499285488,-59.8069327132363,-61.0162536248484,-68.5945926372099,-74.1119781559674,-61.219320646694,-61.1244319601204,-56.6815667996111,-55.0338957712794,-53.4438014106321,-50.8877190871443
-56.4420048288093,-54.0010265377825,-57.369449544086,-59.1627538173738,-62.9397775467235,-78.0720769786012,-68.6585111319544,-60.2506372981354,-54.4796180127572,-53.3786617692625,-52.2066576072001,-51.5743240263151,-51.0351201957416,-51.8616314573443,-51.4240335671089,-52.0223039655523,-54.3522263989133,-52.167942235092,-54.7127620802266,-57.0551059303502,-59.617997046758,-60.3060286912464,-52.7507058851263,-56.1732620059203,-48.061373824319,-45.6259392559464,-43.4065756870967,-40.5811852117019,-40.1574856231995,-38.8595288802011,-38.0766923865989,-38.4240068471899,-38.1684400011249,-38.7126543540971,-40.1273518453323,-40.6147625785105,-44.0030692857595,-45.9904175790527,-49.6187068454098,-56.1937281984454,-52.7373443205239,-52.5522492560931,-48.2075802476573,-50.9277256275293,-47.3766292058929,-46.9737490492775,-46.8392046752602,-45.670305312889,-47.5987633470627,-46.9291379007725,-47.3604361846392,-48.5234712178454,-48.7058387432006,-50.3901110454413,-50.2704275582789,-53.1816389607756,-56.6096083135097,-56.7827838431671,-61.1476827867769,-61.5442093316037,-59.1800049945648,-57.8427475729636,-57.4264649434039,-55.5844197088165,-53.8179681827214,-52.4216621801336
-62.0698405021936,-55.0034528859564,-57.4327571654367,-59.171809278381,-58.0186748431342,-63.2907818176181,-59.1552623271077,-59.5698705585645,-53.3886485783261,-52.4706877430363,-52.2886560964665,-51.0193606177368,-52.1949675395135,-54.2167623534626,-52.7019110727634,-56.8737202608814,-56.3142176811086,-53.6554284952769,-57.3038841176041,-59.1174611601391,-60.7715375736813,-62.6677993387687,-53.9699233529223,-60.7597096381526,-49.4691299265787,-47.2493966848372,-44.5763859501683,-41.5918444862294,-41.3421818258745,-39.5136680479509,-38.6120258735891,-38.6357976265984,-38.3754163070739,-38.7026138709135,-39.9233595789727,-40.8152407508958,-43.8694744773766,-46.1240333414262,-50.0884003752316,-59.0577429821814,-56.6331123322511,-55.269691418478,-50.9705875243038,-51.2165758853715,-49.073610071507,-46.5009649732002,-47.3612579464128,-45.3065392256502,-46.5428139442752,-46.7809400671518,-46.7158091903473,-48.1320766654253,-48.121507529463,-49.2026324102962,-49.4826613667392,-51.2618793479016,-52.9994188523855,-53.5900715690853,-55.6958133492847,-55.4530031951845,-56.379275536841,-55.1506004261483,-57.5603770561142,-57.023504730807,-56.0692000617176,-56.700734973341
-65.1922797804301,-57.1103154575403,-55.4311427414981,-56.1608029755771,-52.887344523165,-55.4785913528661,-52.8978424932385,-53.2978778312914,-50.9712723211687,-50.4354171748776,-51.1711334135684,-50.3746062958054,-53.6165820957992,-55.2257593057172,-57.2940968287611,-68.8810373776827,-60.1053166472464,-55.3868693863304,-57.4753300801708,-56.3443988635366,-52.1260573582735,-54.7172727755602,-50.6241561624255,-57.3255662400778,-50.5053074321399,-49.0839850663074,-45.8859016841021,-43.0424557491236,-42.3491994179441,-40.1735283247006,-39.2606448788624,-38.7026185676858,-38.6293565995951,-38.7102710058643,-39.7184734020774,-40.9371323804535,-43.055987164435,-45.5938686949539,-48.2591830071307,-53.7820030403024,-64.0750154295978,-56.8735507347342,-57.137415624229,-49.9264777855627,-51.1918174510049,-46.9822240827016,-48.032748982827,-45.9729862074235,-46.1047124485531,-47.2340529857247,-46.8994652191136,-48.2672906321665,-48.3274158490669,-48.842210540598,-49.7287478785511,-50.0481996754761,-50.8329627198271,-51.5793792526935,-52.1920220405287,-51.8960263727732,-53.430157940033,-52.7381200781609,-56.0451483098569,-57.6120399879374,-63.9090624906168,-64.8291025448639
-55.4329964557435,-55.7871063996491,-52.3367930263006,-52.0610176947848,-49.5919284005025,-50.396412679332,-49.240801064075,-48.7834264216599,-48.3516650242493,-48.2517094429824,-49.0800289180698,-49.48145028574,-52.9778516812961,-53.2836685440832,-63.8480943789401,-59.6785557547497,-59.0319900142155,-55.2926192413086,-54.7683219410413,-53.1403853155407,-48.8166128734257,-52.0062279225979,-49.3324295448483,-54.309543435458,-52.4830478026947,-52.5341506638253,-47.6676003690343,-44.9091182586174,-43.0494153949211,-40.5915849481227,-39.7739438215947,-38.6329068801829,-38.7554676695714,-38.6909367842176,-39.5347368677332,-40.805164104157,-42.1040350100701,-44.9943241233883,-46.6771491795893,-50.6499417526077,-55.9416590467085,-56.5156264456195,-56.6279149453334,-49.660017444172,-52.0509151262219,-48.6503165007019,-48.5433655252849,-47.6504334786119,-46.3307068169534,-47.9644724047698,-47.7442108144999,-48.9488989018693,-49.5781242852703,-49.7982276631944,-51.3488430487977,-50.0418896784534,-49.9337076131964,-50.4427846624967,-49.8664816486629,-49.5231925250054,-50.5381627161554,-50.3385411650966,-52.465369739288,-54.180618360868,-57.4602511537956,-54.8144382180131
-50.355862156335,-50.7320010140061,-49.2570139155014,-48.1346348285305,-47.2726498267778,-46.7834344202986,-46.5928333130675,-45.712314739573,-46.06368565267,-46.1599585068888,-46.6946838820012,-47.9921159711179,-49.5169823606114,-50.6432143968763,-52.7591799134567,-54.1445231607392,-52.2368038368314,-53.2854421173774,-51.605581919953,-50.6836144543484,-47.934998984245,-51.149775592108,-50.3634054892621,-52.2891324657012,-58.9256083619766,-58.3541635887777,-49.3422079554571,-46.0837883110832,-43.2579978907763,-40.5738978612598,-39.8528517378323,-38.4599517463548,-38.6206364198384,-38.6304873072397,-39.3339514113501,-40.565183391923,-41.5397058823751,-44.6737906942887,-46.1622917874331,-49.5343211772331,-52.3447575575724,-56.4673919263406,-52.1994679636176,-51.5740439624291,-51.6206912791734,-51.5426150183366,-48.9343490577179,-49.9823418381589,-47.1053088479525,-48.4850398805331,-48.7908198963183,-49.9347737053773,-52.1616481902017,-53.0274994076043,-55.2528392766767,-51.8167811039301,-49.9631766345806,-49.7262321468947,-48.1723503238079,-47.7547237150775,-47.8702186100235,-48.032415103264,-48.5854921744323,-49.757891942761,-49.5941028140838,-49.092265907422
-47.3696262550108,-46.920177924339,-46.7014268783042,-45.250230113749,-45.4939776454146,-44.3390306055033,-44.5482334680179,-43.6971645325417,-44.2417167163785,-44.3480489402124,-44.617329750427,-46.0196701815311,-46.2279940031276,-48.2132221312566,-47.7633149402609,-50.8663398607425,-48.3628356045975,-51.0601872491185,-49.2887684609677,-49.2142947960735,-49.0152855362071,-51.0171656866425,-53.415323188712,-50.595635054711,-62.1499478282421,-53.3455579478808,-48.3250996948802,-45.2160894133926,-42.6518513502343,-40.1016135182866,-39.3334230840492,-38.1654280527417,-38.191951136173,-38.4827357624966,-39.0327667286511,-40.4381538134314,-41.4931090374632,-44.7350645624168,-46.6451624782066,-49.9786904060506,-51.9305360864036,-57.3147340263323,-51.7256341265975,-57.3279358709624,-52.2306225044509,-54.2372545976096,-49.5557104565401,-50.8446232932654,-48.2109629714423,-48.3319359506277,-49.2370081244075,-50.1347604308323,-54.9765948850982,-61.0420362380009,-63.462088577481,-55.3544496378698,-50.0952657746829,-48.6059270245811,-46.6593072479459,-46.2152797685192,-45.6006900399272,-45.9535841472507,-45.5727301113392,-46.3705715535973,-45.6180363170665,-45.9396870424803
-45.6116946157329,-44.6723358158684,-44.8513201614355,-43.5363180504771,-44.1056524748809,-42.8744651750882,-43.0500104687825,-42.524997237121,-42.9272963155868,-43.0255247903133,-43.165010362268,-44.1691330285966,-44.0633515202015,-46.0645563556225,-45.2809921264608,-48.0489736342212,-46.5175129839263,-49.0419437122743,-48.0697920412207,-48.8248295401452,-52.0224825525587,-50.7476237267192,-54.8189981067564,-49.3847935031284,-50.5526715598571,-48.0483067957375,-45.3237041271721,-43.3700355914431,-41.1578309101547,-39.2614772899742,-38.3215938455861,-37.6747751505979,-37.5249829738677,-38.1631191806898,-38.5783838839306,-40.4675939453878,-41.7383906315226,-45.2051606478844,-47.9518243464158,-52.0792088926829,-53.1134285635728,-57.8247636304175,-54.3240633795757,-72.3120664161845,-56.0696122384538,-53.6491208092471,-50.5098471258491,-48.867094726094,-49.0505341180647,-47.4451599397223,-48.5579134310114,-48.6062178117652,-52.4476421511722,-54.5849576132886,-55.534133524603,-52.6414865784307,-48.8722917267109,-46.6286467915361,-45.1155372599262,-44.7102435258866,-43.8433836023001,-44.2148719495653,-43.60746193182,-44.1250729766002,-43.5961714614258,-44.2329838236404
-44.7882223537305,-43.7766480905958,-43.7877832496396,-42.890364505761,-43.1219160110122,-42.2318057985452,-42.1286446489082,-42.0480019128253,-42.1627073100401,-42.3303022566782,-42.4684654120479,-42.9403841512394,-43.0129224351555,-44.3919720151492,-44.2223716517066,-45.6743726474597,-45.9655219682144,-47.2968827049715,-47.8728855420423,-49.3575898683594,-54.6038769754362,-50.4391536043541,-51.9628666686971,-49.1305618503469,-46.3571475861568,-45.2076303582017,-42.7110523309551,-41.6158856899056,-39.2374343072134,-38.1474941797221,-37.07967468478,-36.932182813444,-36.7118944220079,-37.5889166917166,-38.0025240487883,-40.4160784739792,-41.7739406140252,-45.8632841186873,-49.5856242758083,-56.5164430252819,-54.5464272287592,-56.994666324097,-54.8111885740015,-57.2214022265819,-64.3063047542328,-51.9326194990934,-50.8566838726217,-46.7947388088719,-48.4027791740616,-46.2500231225521,-47.0427929906793,-46.4656925769788,-48.0946726078811,-48.0128192221355,-49.017436817775,-47.1453119598149,-46.3365872813498,-44.3977580521334,-43.6289976426117,-43.283258290247,-42.6413874064328,-42.9371597548091,-42.6213870961668,-42.9371066698871,-42.9725598765393,-43.6245655295968
-44.8969778504343,-44.1663025176398,-43.5725402667227,-43.1617029356875,-42.6218852972455,-42.2504919485823,-41.8038309486062,-42.1388361948345,-41.9970033077665,-42.3417270371818,-42.5961123885097,-42.6111709898359,-43.009687682003,-43.4543516204182,-44.103458632386,-44.0856825197393,-46.0096554465357,-45.9554843341485,-48.2900586463101,-50.0129101181293,-52.1268854156525,-51.4999127804185,-50.7797395272755,-50.1369663753893,-44.6207452207548,-43.557014544603,-40.7815115915258,-39.9965886788866,-37.4070324794418,-36.8697619918443,-35.8420319655288,-35.9691482743712,-35.8420043046438,-36.7329251074526,-37.3681672497502,-39.8321754019711,-41.1901291336876,-45.710422063025,-49.5279636984368,-58.0785985697054,-57.4725082112499,-55.4371966329441,-50.7816417927089,-53.6181709923069,-53.3079700185985,-50.8083377227228,-49.452719268545,-45.845221906834,-46.4485000338925,-45.2307558964529,-45.3198600064484,-44.7698262552323,-44.9842709654009,-44.5606875683764,-45.1482857765221,-43.6892608236885,-43.8150545377796,-42.5634702917727,-42.3854609871804,-42.1191332924535,-41.9912991835819,-42.2310581676799,-42.5235376363289,-42.7765768815071,-43.5560994246147,-44.0355689989265
-46.1746144124032,-45.8847327721062,-44.2587964159234,-44.1337950921975,-42.6860686802028,-42.7391495429532,-42.0583453080935,-42.6619151495905,-42.4638786288472,-43.116482276554,-43.6255168622989,-43.4128373289872,-44.0985108540428,-43.4905063294953,-44.626313092337,-43.4410432496826,-45.8561596866032,-45.0616413364988,-48.1648533322764,-49.2723984830253,-49.7615581633287,-56.8942469864437,-53.0647335259431,-51.027173812513,-43.8203882843942,-42.1934541759079,-39.2410384664019,-38.3425869240695,-35.9168098916577,-35.5752620933428,-34.7517805885842,-34.9016369435203,-34.9873516409769,-35.6826703429006,-36.6922488113366,-38.5641032522103,-40.0969105134823,-43.8613986774163,-46.7451054702954,-51.2696601376374,-66.9778861327093,-53.372673962523,-48.7393328691135,-52.1630054790163,-48.4268233484243,-49.8510480623681,-47.517156248328,-46.0568718538153,-44.762922328933,-44.6383269053255,-43.9334325117954,-43.7167872184085,-43.0210710730046,-42.663702216567,-42.6569490935325,-41.7230915886545,-41.9039601102091,-41.3387571578384,-41.4949637108693,-41.3765434064687,-41.8546920421613,-42.1572897025511,-43.2243590477973,-43.6819212918219,-45.3255868837184,-45.5785508136688
-49.2018387384053,-48.8131592545967,-45.8342074895118,-45.4345364750369,-43.3570524503665,-43.4818915450932,-42.8335073086901,-43.4478158614017,-43.539691355571,-44.6532847373878,-45.6695516146616,-45.7516543870069,-46.575731307185,-44.7785178191818,-45.6350222791305,-43.7163786233803,-45.1652112853289,-44.4973751411214,-46.5092217259333,-47.145248374989,-48.8818468696359,-57.2904379117132,-53.9189770936589,-47.848835127228,-42.3749286433641,-40.5565285466898,-37.8652737306611,-36.6822398774876,-34.8287522803001,-34.4223322921176,-33.880581363369,-33.8880008770564,-34.205755042383,-34.6349100117908,-35.9596155014216,-37.0566579921453,-38.8726126369705,-41.3928542691469,-43.7227782575196,-46.629200568072,-53.0354633348773,-50.9243708325647,-48.8267162291287,-50.6946615657298,-46.5924923795604,-48.7785855434374,-46.412542545452,-47.111945828076,-44.1473129731411,-44.5211326232541,-43.2333134664265,-43.211745447846,-42.0152904089449,-41.7700566359787,-41.1758441197424,-40.8035107692063,-40.7053610356358,-40.7128428320712,-40.9821887416579,-41.111152009122,-42.1362999657509,-42.6774311342928,-44.574988360675,-45.729332636481,-48.3853826446261,-48.6886600826354
-55.4954018013043,-51.2284646747501,-47.9779506158597,-46.5599199595667,-44.5937311276956,-44.322717293363,-44.0288206787313,-44.3114720871111,-45.0616285423256,-46.6328642569549,-48.7276021982914,-50.7475237433538,-51.5224086536995,-47.7196062951206,-47.0055608440445,-44.6625187962706,-44.2252014726613,-44.0305917683414,-44.2293346813118,-44.8934527652713,-47.8583619479492,-47.1460120919302,-46.0534818459544,-43.611346585102,-40.1288936683264,-38.7813277889679,-36.6729869681149,-35.2492574380322,-34.1349025173991,-33.5451313653583,-33.2600354737674,-33.0841998441125,-33.5506663137056,-33.7983318741321,-35.2018378388654,-35.8144189559295,-37.7957264323957,-39.4198034305105,-41.5835840636279,-43.7462147302099,-46.7096731363046,-48.6549880482881,-50.0409069936277,-49.1434101664266,-46.7797730085085,-48.0833410741732,-46.5981073627314,-48.2362454442804,-44.857645344609,-44.8529414851868,-43.3989670820281,-43.1524459828971,-41.8740812131947,-41.6152866973639,-40.5958058296235,-40.6689134336202,-40.2226791272893,-40.6134272718617,-40.8411200253524,-41.2770054621217,-42.6364204298029,-43.5623114438056,-46.1654603473129,-48.6944690381385,-52.7346620226489,-54.9472944892955
-59.4414076066344,-50.6160560043939,-49.6626584436816,-47.2965508252347,-46.2215594028814,-45.2896614390842,-45.5109925240279,-45.1749417301873,-46.625475242781,-47.9251248549684,-51.4088592365271,-59.9213374279406,-64.6889789061848,-51.6825409155031,-47.9827042352087,-45.5396965143776,-43.2719159505496,-43.4178783937784,-42.313442123584,-43.0084041711438,-45.0601247583783,-42.4202110418131,-41.2152451557754,-40.6759706511006,-38.2954475841333,-37.3613196833078,-35.8472131581965,-34.3010172441244,-33.8151192981883,-33.0352662996678,-32.9014754489883,-32.6053533441113,-33.0774039040706,-33.3092785496332,-34.5336038595346,-35.0714720285752,-37.0288811708668,-38.2423452957452,-40.4042051228416,-42.1054379291584,-43.6638491100628,-47.0002346780253,-50.5875041923534,-48.3011402020772,-48.8186719439055,-48.4432425663452,-48.3704114538188,-48.7631173161323,-47.0541007073166,-45.6497831713801,-44.4842130673264,-43.5390009540192,-42.5432495924095,-42.0562045909188,-40.8990296263455,-41.152568337412,-40.4671065639068,-40.9751803832585,-41.0832271920929,-41.7641036273705,-43.0655182717871,-44.330016420474,-47.0791212700052,-50.3985272737222,-55.5380514730615,-68.8693240773191
-52.6573936039486,-49.5737776083996,-50.1646969085819,-48.0353744364988,-48.006780421962,-46.6265862563427,-47.1522433492056,-46.1905592815869,-47.7175996218605,-47.7178802084935,-50.4914090504705,-51.8875078743695,-54.0406451048276,-49.9015250204279,-47.0031969393402,-45.2860253383215,-42.3319782838862,-42.5319488759253,-40.9981551016191,-41.5152854445098,-41.8844448531209,-40.0095318333765,-38.7660548401754,-39.1042030242064,-37.5486855667656,-36.6723450239072,-35.5862275466363,-34.0108081285611,-33.8518262650734,-32.9351392898831,-32.8040428741914,-32.5022353009794,-32.8403405565025,-33.2147835433007,-34.1122212032573,-34.8688062982871,-36.6862780507449,-37.8525899346605,-40.0950225136368,-41.5107205949938,-42.4997301262994,-46.1498996667948,-50.0547008675901,-48.4678601689071,-52.9463906425595,-50.502204218646,-52.4184489646321,-49.3932813760683,-50.6530898845558,-47.0193149464223,-46.3599009586118,-44.47896983221,-43.9517962064057,-43.0362892327523,-42.1074842525654,-42.1698808964686,-41.4773706154468,-41.7800070094663,-41.7578013789514,-42.4712917248843,-43.2601207561021,-44.5754822534649,-46.6677879985285,-48.801942259215,-52.7359722121842,-54.3933142366968
-49.8502059518051,-49.8046310355699,-50.4942635224232,-49.4039915790951,-50.0138094755192,-48.7485679716122,-48.91508981103,-47.6481841095167,-48.2372483539142,-47.14409228356,-48.1891367801685,-47.328529323825,-48.1573129059998,-46.0588681991295,-44.706236837869,-43.9662757814,-41.4813429137873,-41.465385579071,-40.2407109452422,-40.3941256586344,-39.615016437307,-39.1288474676834,-38.1296164510189,-38.8417373111134,-38.1506506322242,-36.9646334504417,-36.053179846852,-34.4567552786772,-34.2227303899413,-33.2296665604011,-32.9531867564075,-32.7522118361315,-32.881494309748,-33.4891064412644,-34.0805456456498,-35.1704106935422,-36.8639751074356,-38.1764544614909,-40.5585650337292,-41.8752124445324,-42.5947970469305,-46.1833606349818,-49.6050347550384,-49.4876798962286,-59.3441082491259,-55.2858062801228,-61.4522946455686,-51.523693857594,-53.4178312165913,-49.0935499980998,-48.4766117045831,-46.1035213227224,-45.950952947258,-44.5937831432333,-44.2712461014715,-43.7544398259282,-43.329609817498,-43.0870626640807,-42.9390801974808,-43.3748906008119,-43.3924426729919,-44.4842431586833,-45.6150977300501,-46.8193928457287,-49.4459783045223,-49.8534100272973
-49.0727175813496,-51.3329988997991,-51.5904980527418,-52.0590244724342,-52.9333886272487,-52.3277304590121,-50.9353593320507,-49.6885640085002,-48.5446308812848,-47.1589447467674,-46.6712285932955,-45.4553630973321,-45.366141818377,-43.8904974339982,-42.7616150707988,-42.5326161811457,-40.8977354562234,-40.4945924031303,-39.9555601950166,-39.6847441774018,-38.4963565638079,-39.4778557287286,-39.2317625810135,-40.0430427552,-40.4720816156321,-38.5199344783881,-37.3861815735236,-35.601706896409,-34.876965200675,-33.8276941875525,-33.3086649713054,-33.2577575839523,-33.2127582014659,-34.0524487424601,-34.5311847528066,-35.9369008881702,-37.6529083025229,-39.1638666687034,-41.7159994654293,-43.1223948782614,-43.3750976835825,-47.0683895275948,-49.2957189472206,-50.9679767719182,-63.1989047849199,-61.5821344646652,-64.6245444193178,-57.3209456930962,-52.7975366130443,-51.74033818584,-49.9032981936122,-48.4099635820034,-48.2768129272409,-46.8922743270978,-47.504890915133,-46.143568788819,-46.1581567201168,-45.0377749122334,-44.6714576822979,-44.4937684131686,-43.7970110650932,-44.5206110859654,-44.789654749429,-45.713067160697,-47.1350868115886,-47.750445951172
-49.2747243162648,-53.6178320461069,-53.3498962845335,-57.1660476428853,-58.4608798889992,-58.677745041274,-53.421607963371,-51.8309528996404,-48.9635182363402,-47.8062564688594,-46.088610845843,-44.9931255869789,-43.997221625404,-43.0494097480412,-41.6817081903062,-41.5331152733793,-40.7323154842384,-39.9163628990536,-40.0751843518047,-39.4808333524305,-38.5409615826718,-40.8415357404972,-42.3304875359363,-43.2576064317333,-45.7509981923009,-41.8011126020592,-39.597060408229,-37.1599207820752,-35.6757351817,-34.5384848081286,-33.7833006109818,-33.8543213106394,-33.7919624705908,-34.7843853991933,-35.4667989125905,-37.1657094395336,-39.143733728213,-40.8944411200028,-43.5731145614366,-45.1346519575689,-44.3147887142648,-48.3712410969051,-48.8991871228872,-52.5371754768003,-63.7176631758179,-57.6450932030133,-58.6372354578355,-65.4655586175913,-52.4443816004723,-53.6938921720399,-50.4472530937236,-50.9469422784844,-50.6115187310349,-50.2848950016693,-52.2469293906094,-50.0470948830581,-50.1354553901781,-47.7539549947962,-46.8164610999034,-45.7469103263523,-44.6979922707008,-44.9439669622661,-44.595048977684,-45.4635716751277,-45.8012343701914,-46.7924149292134
-49.848472071116,-54.9764072991006,-54.4318346975985,-65.913393935239,-72.8165067023063,-61.687491760735,-55.9135171187719,-52.8976113975176,-49.6503213099009,-48.7221285230506,-46.3576632606496,-45.4374237068501,-43.5906256352231,-43.1388514115815,-41.477405178998,-41.1360732410902,-41.0292955177975,-39.9379735098229,-40.5568335925303,-39.9007799902634,-39.7920407684617,-42.7120695860932,-46.849539781541,-49.4120501067062,-66.0230824196393,-46.4235047548178,-41.752539032043,-38.3655910305311,-36.2930123046618,-35.0840389212817,-34.2287766094191,-34.3396935853107,-34.492883561316,-35.5302197776898,-36.705201187634,-38.8626763564817,-41.3838013707212,-43.7613497975961,-46.4220990975911,-47.8241683108363,-45.452938083644,-48.8915584107595,-48.6564609053813,-53.5214631235588,-69.4354402587732,-57.0962283828813,-59.5625428956259,-54.6433307230336,-53.8387172383585,-53.0365829026115,-50.5874702579162,-52.477821896593,-52.3631663079749,-55.0275722163653,-61.019365231466,-58.3300959194117,-54.4791010693759,-50.6302865180091,-48.7337873686006,-46.8995796651579,-46.1450949324824,-45.8609844013331,-45.2675432827829,-46.0026202598375,-45.4873101634303,-46.5752912653827
-50.5790731305523,-53.8254521913946,-53.7366058965188,-58.7152288151289,-59.5803346415095,-56.0776942884065,-56.2962624075699,-53.0739196290999,-50.7380313695189,-49.7234216526914,-47.4709250944845,-46.5225990985129,-44.0146417445016,-43.8427889714965,-42.0553939554118,-41.3595885355106,-41.716712985347,-40.6654233260246,-41.3716598623879,-41.0638077678489,-42.371654096678,-43.949094977267,-45.9542968370826,-48.5726259219554,-48.2667615979209,-44.6746066004985,-41.2510061984503,-38.3941872132706,-36.274227928603,-35.2098460421517,-34.4640092893115,-34.5339403327266,-35.0842710023346,-36.0974424642032,-37.7520115129729,-40.8042015735237,-44.0464486136038,-48.8227907303495,-51.4012534749136,-51.3054659244997,-47.4929888280937,-48.165175870877,-48.2593669869005,-52.4617737826155,-70.6977632747104,-65.3098906597882,-61.9903874645773,-51.2645530021833,-54.9482380355739,-50.8381073608647,-50.2421141582736,-51.7363126287616,-51.8768445504218,-55.6548434816361,-61.6156919553696,-60.0094624722979,-54.0775967741048,-51.0246167021877,-49.4459976738846,-47.8295720391029,-48.100625462768,-47.4969680334773,-47.1601131046722,-47.4384871195076,-46.2912146134334,-46.9473074285517
-51.4372194571056,-51.7209222737733,-52.4160210315023,-54.1145192251233,-54.6528785801889,-53.6781012654481,-54.9284397474254,-53.8047212258673,-52.5114361603452,-51.3074636865771,-49.4775346887242,-48.1009326474903,-45.2258337493574,-44.8221707133981,-43.2770245070772,-42.1386193384824,-42.6335277846408,-42.1076466105444,-42.494728510603,-43.0572989175293,-46.2647684527861,-44.20762939876,-43.2107802432636,-43.8329834074361,-43.2942681607389,-40.707815987528,-38.9533571023542,-37.4758076721111,-35.5114428037821,-34.839622305308,-34.35452919499,-34.3530940837905,-35.2757730130532,-36.2647855337956,-38.0197181161117,-41.9265520452649,-45.3507011074388,-53.9558264005683,-60.6247803538004,-53.963196974517,-51.4516767374282,-47.4884454760153,-47.1427606541701,-50.3160808160149,-59.3341121073777,-58.9600901086083,-55.0817785041922,-50.6697846801772,-51.4203748046089,-48.5514724385065,-49.024607457965,-49.0746763266108,-49.1291026570033,-50.6329180106986,-52.1949952362102,-50.5323897253987,-50.5510430088151,-49.0201258152198,-48.9796718459854,-48.7113807624146,-50.574452202606,-50.5004248629483,-51.1957598535203,-50.1367099692396,-48.2409083143786,-47.6558361420255
-52.0465578806764,-50.0924736497167,-51.3952721412277,-52.0606091732,-52.4536033669658,-53.3394524161699,-54.235587587081,-55.8243836567573,-55.7014460913878,-54.5949153773669,-52.2647296939159,-50.0308661600011,-47.0540278746553,-45.735307225272,-44.9307085192457,-43.3523301227641,-43.6167048096834,-44.1179417189109,-43.9001423369721,-45.7947703620907,-49.4164349673929,-44.9554739055359,-42.7388769238437,-42.1991466972154,-41.5222698192416,-38.5439790440273,-37.0607038922338,-36.2892323873759,-34.4137219885362,-34.08871639884,-33.8707111751071,-33.8379641177323,-34.8864179030107,-35.8710001004276,-37.4944780870781,-41.0317281124776,-43.7935705891844,-47.7538833877683,-52.4317585630794,-51.147647465696,-57.3009255362617,-47.8868212624816,-46.2240061909982,-49.1091062093918,-53.4842633768369,-50.618004464697,-50.0900759286319,-50.5901655702024,-47.3409180008214,-46.5238872214766,-46.9793587885432,-46.0511593266792,-46.2155951245433,-46.7391702235648,-47.3539592677215,-46.3356861990781,-47.5034064035522,-47.0422856459534,-47.9627479534047,-49.3809469338159,-53.0098171299171,-56.1867629726493,-62.1751983087749,-54.2568310879393,-50.4998536395152,-48.0038937698518
-51.7290715177867,-49.257814990761,-50.8015797079323,-51.3071690911811,-51.4738157641884,-54.2085865212325,-54.8517037882285,-58.8411430891906,-62.8235406370268,-62.1843323447591,-54.6867633542416,-51.8911535761933,-48.9239315541637,-46.4817740714796,-46.6999698957539,-44.8781077303721,-44.6144709283244,-46.2174588588256,-45.5346615666143,-48.482629540195,-48.7693819151834,-47.8945399836252,-44.3538337622424,-42.6166529032413,-41.0245841368166,-37.5710584867312,-35.8720634933214,-35.1256899582649,-33.3891691005497,-33.1406217508015,-33.0741681843437,-33.0963854350301,-33.9914303860034,-34.9554412506666,-36.5778857967149,-39.1066209738854,-41.3691525704885,-43.8289648932999,-47.4828045177997,-48.1062590696529,-54.4470408152263,-50.001699468192,-46.9615887106669,-49.5633188338627,-49.6572709563032,-47.169925643287,-47.2763477000769,-48.2705188856183,-44.6529955812396,-44.8084930444934,-44.66681109578,-43.6289547773246,-43.9239919562421,-44.020801370014,-44.1643073958746,-43.8815949661186,-45.0267112905804,-45.3981301965095,-46.5555071999021,-48.7140457874326,-52.056643502513,-55.7804083700718,-57.0563012292598,-54.096324089263,-50.2532713619077,-47.3796521853343
-50.6310151409554,-49.1955739199026,-50.5745217420013,-51.2267352128448,-51.211892789489,-55.2732333010008,-56.0622636578004,-60.1048526885388,-69.4736153105743,-64.2587843271598,-54.9495822503193,-52.9317869171667,-50.1663654429049,-47.3524678863427,-48.2017384785325,-46.6129032108193,-45.6612416236577,-47.5335135810029,-47.2218311161527,-49.4899812528586,-48.1656789459563,-57.2654770771281,-46.5908944572925,-43.6511684845428,-40.7708313329524,-37.1388191330673,-35.1294495633949,-34.0406138060142,-32.5798656490315,-32.1479267044599,-32.0815513550281,-32.2197148086193,-32.8290646317651,-33.7410996359757,-35.4641272475634,-37.306931478697,-39.2746000743169,-41.9236695940532,-45.4479774295458,-47.1964390237821,-51.2374082565628,-55.279403074879,-51.2296259620925,-51.5200593524841,-47.2387603576883,-45.8616835694333,-45.7018037392999,-45.1460138397515,-43.2375794919908,-43.4442071346443,-42.7150783258204,-42.048531363523,-42.2942788158548,-42.1390052237589,-41.995251685842,-42.3343033957894,-43.0297286257891,-43.8502249100319,-44.8949026761801,-46.5864729185761,-48.4135970460781,-49.3782571031882,-49.7090543279657,-49.5715259261761,-48.1299440879912,-46.3612304057092
-49.7388728984692,-49.888651703586,-50.6370771175303,-51.2148670514913,-51.3745859511447,-55.0587901041308,-55.4684549290363,-58.2967952362436,-58.4412388111484,-57.3166124004822,-54.733409267687,-53.3595067127808,-51.2246285096694,-48.7433092275567,-49.1382546095102,-48.3104613553777,-46.6990852061493,-47.6072169925654,-48.5274289496229,-49.0960136582653,-49.7254796721653,-54.4932700779278,-45.4317978073192,-42.933200562168,-40.1356847098213,-36.7528126193955,-34.540676421105,-33.0523614065997,-31.9387627512019,-31.2020840514391,-31.0278402994918,-31.256209686233,-31.6108272649851,-32.4593931422426,-34.1632085030388,-35.7929942341533,-37.5690991965088,-40.7960699064987,-44.6668479305597,-48.2175566853133,-51.776165189081,-62.1173155869709,-62.7124425774593,-51.5285073190033,-45.9580534161694,-45.692061542761,-44.8582526770924,-43.1110181724391,-42.8856183066886,-42.5383062420033,-41.5137219472213,-41.2855970393887,-41.2609962904647,-40.939223173667,-40.6447321878227,-41.3405062042099,-41.5375123125639,-42.4266931643233,-43.3287272270002,-44.4196919771595,-45.4875167748298,-45.9511357944252,-46.6764974707936,-46.7201907584245,-46.6440684304401,-45.8473419281715
-49.9839289104413,-51.5607681918867,-50.8942067093622,-50.8949051708469,-51.5932767275853,-53.2197266686872,-52.8912480742487,-55.9355314846697,-55.3609434271234,-55.8276692528093,-56.6422151026788,-54.7659450775836,-53.2397842130383,-50.5676899016229,-49.361390226134,-49.3394224231247,-47.4882283068273,-46.9945644541833,-48.9199731890605,-48.8188026752981,-53.8377794998661,-47.272283954037,-43.1377222428333,-41.2563903172762,-39.2885251723221,-36.252253261917,-33.9521657867609,-32.1848808584052,-31.34283499774,-30.3409092196361,-30.021842519197,-30.2391692742348,-30.4524435627778,-31.2446578227103,-32.7366982367203,-34.3583169928204,-36.0716141944804,-39.4292531867986,-43.4124581958077,-48.1290829295927,-58.3612119162302,-52.0801253791147,-48.8231348761618,-47.9569620681934,-45.575858221498,-45.8259327464343,-44.5394808935071,-42.4954703227878,-43.4060755493734,-42.2749115999545,-41.2571310766307,-41.2496289340564,-40.7878286847414,-40.3534064006503,-40.0203709926982,-40.7143848970022,-40.5847117136511,-41.3357766738138,-42.1471490782706,-42.9454601758951,-43.7358353334118,-44.3642875818475,-45.4997474018981,-45.5844196235698,-46.2885513747285,-46.2825035313575
-52.5179120600914,-54.7261261936231,-51.1750958904122,-50.4124267420256,-51.2862447301227,-50.7307777511189,-50.3619586947962,-53.236229505864,-54.5811945115925,-56.5754583257483,-66.1603167121897,-59.4019345007244,-56.2252729967963,-51.1299515293702,-48.6855936954909,-48.9977821010194,-47.7307337437548,-46.3683937359616,-48.3724808228808,-49.0919986719561,-53.5189367340699,-45.5779890157809,-42.4642297439726,-40.5725253458925,-38.6707227201692,-35.7708895479852,-33.378656320474,-31.4489511991038,-30.6863028240674,-29.5699114729023,-29.1214193299484,-29.2192505974742,-29.4021108587332,-30.1447037401153,-31.3327741139226,-32.8663340077628,-34.6230925419096,-37.5298992141839,-40.8242293861316,-44.0152891294661,-52.0306925506148,-47.2165371229773,-44.0665477561542,-45.1637172750946,-45.8176722124445,-45.8392454007476,-44.8189564854671,-43.3818046932007,-44.6110638858475,-42.8976479005099,-42.0708046669039,-41.8375612756626,-40.8755193758643,-40.3440472679009,-40.0308724681222,-40.3650081118541,-40.165036146568,-40.7284618381886,-41.476049403353,-42.2623091615426,-43.0017150005917,-44.0568682544109,-45.5863392491828,-45.9325866786936,-47.0856407737985,-47.8921696163644
-62.1830624510276,-57.0157732188989,-51.0522055955251,-49.7592037850372,-49.8405131800179,-48.2617715503538,-48.3053111679724,-50.1178540035362,-52.5472027749165,-54.1032158571683,-58.8975121517468,-58.2465486170788,-54.165988807366,-49.070179420988,-47.086395249155,-47.3197338330712,-47.1719355669092,-45.996683996868,-47.3779399703219,-49.4224587688451,-48.9614360925722,-47.4319384721121,-43.6567311426511,-41.1523196950301,-38.3466991185241,-35.4060186439523,-32.8732218829985,-30.8256166429084,-29.9501575873623,-28.8838201868848,-28.3432127783037,-28.2685381598156,-28.4823005819783,-29.1685582790425,-30.0914928605661,-31.4120767793292,-33.2154330999347,-35.6062865615796,-38.1083854722307,-40.325998820069,-44.1707437395716,-44.6031620635672,-42.3854574616731,-43.9012655636705,-46.3835637340274,-46.0495197811648,-45.9390625552906,-46.0368206551326,-46.4689349783105,-44.7553655256841,-44.0802971758055,-42.9463814598504,-41.5313553433181,-40.8593733576176,-40.5240886484634,-40.2701733706169,-40.2254836170253,-40.6408784490245,-41.3329689665517,-42.285975202804,-43.1182618795746,-44.7443950970039,-46.6976671312661,-47.746320144981,-49.2016964597996,-50.9777157697021
-56.9921876919137,-52.3775186836514,-49.8982322412904,-48.3261058456192,-47.4428724357358,-46.0787781104037,-46.4945497936964,-47.0542974828454,-48.3582001116907,-49.0663948943333,-49.9619891404518,-49.8795625628731,-48.943356748136,-46.425456046655,-45.1210941554638,-45.1033864391166,-45.7846793834189,-45.7520726287095,-46.384340748394,-48.7294683008632,-47.0248970101323,-55.5094596003293,-45.6362562778779,-41.9071634433941,-37.9642683708033,-35.0445055434845,-32.4127882632242,-30.2826974713805,-29.2083417613754,-28.2804741777125,-27.6879353301468,-27.460759653654,-27.7112062886752,-28.324451572288,-29.0907535022836,-30.1984514481908,-31.985667329743,-34.0989756206796,-36.125608688482,-38.1472906817859,-40.3035704135292,-43.2818486338879,-42.5346457196137,-43.977316202915,-47.0429667706577,-46.8011072646508,-48.1125051206852,-51.2406821739833,-49.5190477342574,-48.5354482562339,-47.2778511066073,-44.4524981612442,-42.6918648684503,-41.7639363802402,-41.2580115568448,-40.4531945372894,-40.6764073611977,-41.0254670041401,-41.6788085465134,-42.8594383335609,-43.9227329499104,-46.1649709669232,-48.570179137477,-50.9962328155392,-53.2327838852213,-56.3347085781184
-48.7397610648952,-48.1612015613123,-47.8074638627095,-46.1121239791595,-44.9962132429293,-44.2872368797531,-44.7418874227032,-44.4437007206603,-44.6895372859812,-45.2573232975524,-45.4235150702047,-45.1148545724221,-45.0682541933163,-44.2939277993727,-43.4364060017005,-43.1818129118455,-44.07449376552,-45.253043796022,-45.584347924214,-47.0448599457893,-47.4531584916864,-52.8551812119726,-44.3869366031996,-40.9685157156923,-37.1852456933222,-34.506221027326,-31.929012684955,-29.8146274661958,-28.5675641994577,-27.7649222977926,-27.1575485754345,-26.8482106475332,-27.1052466609143,-27.6359037733827,-28.3555288055326,-29.3694001396207,-31.0966953687133,-33.137218451565,-35.011086705954,-37.222270926849,-38.5685525460312,-42.9716604257507,-44.0876459147313,-45.2652135071272,-47.7431730888099,-47.8620995144048,-50.95824871945,-60.7853252393641,-56.0925890562161,-55.8441194809576,-50.2605945220893,-46.0780054969421,-44.0571637523131,-42.7566308031324,-41.9694910338021,-40.9574640495966,-41.4121765587759,-41.7787234029839,-42.4370223274175,-43.7576977314115,-45.1994631180187,-47.8993632015196,-50.5393402226261,-54.3469501807959,-60.9270557240407,-67.9461672799868
-45.3522671509726,-45.6664105695121,-45.6438545079045,-44.033741443514,-43.1262735498831,-42.9242199364484,-43.0679836720629,-42.4494213887394,-42.2040115105721,-42.7245402967342,-42.688376149839,-42.3002768885932,-42.4704087086047,-42.7199586787636,-42.3267589471097,-41.9942058898455,-42.7045939340735,-44.3674831690883,-44.9810271954188,-45.5354068590754,-49.4431498099386,-45.3651903481755,-41.5656722903082,-39.2370704292741,-36.21019996315,-33.8296049287208,-31.4268644933075,-29.4586691742684,-28.1008479786177,-27.3461085368249,-26.7559018347187,-26.4480095056846,-26.6745237879755,-27.1377696660577,-27.8871587311286,-28.967394715019,-30.6522303178134,-32.701376132113,-34.6794585356406,-37.260897387171,-38.3610631026268,-43.6183400659446,-46.8705665533905,-47.7951994962464,-48.6669547517991,-48.8050210645058,-52.4179712156791,-60.6129741585981,-65.8011260918488,-55.6580135908203,-49.8181098262183,-47.1273907586096,-44.9850365819174,-43.4576407658001,-42.5569647054768,-41.8253081225531,-42.3461964867321,-42.7682091922435,-43.5045475642059,-44.7452967576336,-46.6345035282688,-49.3503126166057,-51.6086870827882,-54.6392130445414,-62.797902377016,-68.2293215338649
-44.1297221271284,-44.4155467059671,-44.047071118647,-42.7118759402829,-42.0487101956364,-42.0021916328179,-41.6649579308069,-41.1149798870007,-40.7548894447876,-41.1355437471794,-41.0636754588852,-40.7611472282794,-40.9060828650591,-41.6412620505692,-41.8145416849846,-41.6699911010862,-42.0836172299985,-43.5195056304559,-44.5530385714227,-44.8301114153247,-49.5035987655102,-42.7493379517966,-40.2485963805349,-38.3636221639051,-35.5352155210765,-33.2867083160696,-31.023423359449,-29.2620005393016,-27.8190910536214,-27.030248920647,-26.4798021127762,-26.2389570545598,-26.4179204969197,-26.8600417621536,-27.6840864056539,-28.9574535780803,-30.6813533928468,-32.741678402638,-34.9962629828805,-37.9770520946941,-39.2304382951462,-45.1922182919691,-50.9175789282673,-51.919404686515,-50.3442087420541,-50.2046577265597,-52.2085690443944,-57.4879182504645,-52.0895231259646,-49.9688961853056,-48.0195005912395,-46.9098201568906,-45.0860628742988,-43.807483274648,-43.1570683953127,-43.0862410667173,-43.4591713551839,-43.9037394380876,-44.7903495473677,-45.7459772278439,-47.9147716011635,-50.1860700519612,-51.7680558694854,-54.040346954134,-57.535059919859,-62.1505171435802
-44.4087153105962,-44.1145204838,-43.2934012183607,-42.3456411177032,-41.7941486380387,-41.544932882118,-40.7688468258825,-40.4399648932226,-40.1390825141414,-40.2652346946691,-40.2339437512269,-40.169784506907,-40.2518469977224,-41.0853430535262,-41.8108021789795,-42.1755548993197,-42.4199660098864,-43.259636044852,-44.4229585203936,-45.0263583090803,-46.824143690144,-42.613343929511,-40.8909283227339,-38.8046277743922,-35.4896622564089,-33.1252017774172,-30.8482250407462,-29.22977302651,-27.6800559199675,-26.814385302763,-26.3112316546843,-26.1669311946131,-26.3171859797087,-26.806884699293,-27.7411825740024,-29.25589417224,-31.1420780121348,-33.2331379713157,-35.8386845562376,-39.1203362850044,-40.4506353098911,-47.2363738623891,-56.2878482829269,-58.7581612676827,-54.1184543449572,-53.9129048190868,-52.6957664592948,-53.7539424559885,-47.9879512064195,-47.4996159190853,-46.8247997526954,-45.918241298929,-44.842059773878,-44.1720088677024,-44.0000083869615,-44.7519271692353,-44.8462310813495,-45.2588608595546,-46.3023067290792,-46.9487750314885,-49.0048025202031,-50.6415422723823,-51.7333472136693,-54.469807770802,-56.4672128093218,-61.5146869771096
-45.8352352937662,-44.6268224969959,-43.5180194265676,-42.9990003367243,-42.3415848925571,-41.6252891782722,-40.5825871424543,-40.4074610991,-40.1714225595596,-39.9651149810261,-40.0008959530076,-40.2841218621643,-40.427869997001,-41.1566419746398,-42.261575774765,-43.3922426782848,-43.8742409180302,-43.9814727604122,-44.864658641615,-45.9961234448157,-45.0310990106391,-44.7267862543509,-43.9756947321363,-40.5879646222888,-36.1274550811895,-33.3782075630946,-30.9181469305515,-29.2939976666824,-27.6193663467143,-26.6824662399672,-26.2163501869201,-26.1581890646025,-26.3296890573651,-26.9356735841156,-28.0245656167353,-29.748773284099,-31.9103011533528,-34.1815326968173,-37.1834478361408,-40.711757796131,-41.4225497122249,-48.0898375382704,-60.0257671660284,-60.1645894186654,-68.3004717327206,-61.8728915817834,-53.2150021513271,-49.324770592813,-46.4842152701708,-46.5475754415628,-46.1549731538149,-45.087791082502,-44.8626629095341,-44.9119295717984,-45.2674764057899,-46.7967066461574,-46.7344887680127,-47.1509021397156,-48.2474638940816,-48.7156956747002,-50.1955399612788,-51.0569359180841,-51.6869219426898,-54.9363305603695,-57.7013169852095,-62.7831143219032
-47.9033519026391,-45.9130698501365,-44.838009827551,-44.7489569783486,-43.709586615221,-42.4050361439939,-41.2735046353797,-40.9799443823924,-40.6617228754992,-40.1110840601754,-40.1955911724453,-40.8316556856496,-41.3213405680312,-41.9859271449677,-43.2811395068299,-45.2486937380043,-46.6904539840279,-46.0247235382954,-46.1773847068977,-47.4514980626185,-44.7508870098442,-50.4991424388001,-50.7549890062976,-43.0783800071063,-37.0803275722871,-33.7638247370711,-31.0744295910453,-29.3262503768351,-27.5836214314409,-26.6056480857699,-26.1521548221563,-26.1400337900305,-26.3866108429261,-27.1445019620169,-28.4293034725589,-30.2921234630731,-32.7529701978639,-35.5304801585974,-39.1768999904444,-43.3659189781628,-42.9021458463463,-47.0627849150099,-56.4423100161778,-53.5126727561198,-55.9130377659557,-52.834872224397,-50.7538810857705,-46.4930664368687,-46.3836401407303,-46.2828987353373,-45.7906660854287,-44.8761342901596,-45.3790334983851,-46.1199661633801,-47.0420512939049,-49.0610651009645,-49.4269882309889,-50.1764377320098,-51.1388411403861,-51.5330151156456,-51.7885689055449,-51.5875547402918,-51.6070080731711,-54.110142417356,-58.1928806497354,-61.3771507847163
-49.6874937295733,-47.9235537900004,-47.3960492573545,-47.8048604271106,-46.1225256528365,-44.1868843781976,-42.9653337808287,-42.0444581780855,-41.3834973232841,-40.5546604953576,-40.6292220217215,-41.456613912346,-42.6262444586823,-43.6044212621489,-45.1714057615531,-48.0417646332719,-51.5167267597769,-49.8668766113134,-48.4910059537886,-48.9284014968377,-45.8285474185887,-68.4534405719498,-49.1245804613131,-43.4713820663771,-37.382501385484,-33.7728400219791,-31.0569636916278,-29.2093879664243,-27.543449402958,-26.5477533742583,-26.0788861550667,-26.0637778837981,-26.4079955929826,-27.2898855214545,-28.7530370265681,-30.6919808687294,-33.325921845263,-36.8365129722535,-41.7888413552915,-48.8791771708053,-47.010185409496,-45.8615002560219,-50.6906329511514,-49.4339289419679,-48.7081718855742,-47.5106994261633,-47.579993023931,-45.2931051471884,-46.9581544808866,-46.3046395505916,-45.7861989262417,-45.447321887297,-46.4138730292419,-47.6481273424736,-49.2406977239604,-51.0293570577338,-52.8559571409413,-55.5099877722305,-56.2961036044047,-56.2748085422877,-53.7188186084172,-52.226291996151,-51.6809560127917,-52.691718390825,-55.0776565592859,-56.5836308640772
-50.3895749486092,-50.2728986571662,-51.2981333713124,-52.9095612255373,-50.4981107113052,-47.4655300836879,-45.4485640957067,-43.2489722602468,-42.0486844234171,-41.0856229671078,-41.0697800397105,-41.793466376479,-43.5610005998181,-45.377674481889,-47.99774972925,-52.6910842324595,-61.894382099504,-55.5549701369737,-50.9731733080476,-49.7699662032897,-48.2920627954611,-48.9726852695084,-43.9030844976268,-41.3751318057242,-36.5759856916362,-33.2468603360674,-30.7638234918466,-28.9310277365134,-27.4828178551699,-26.4749350419731,-25.9724243287884,-25.9184269425657,-26.3350463122906,-27.2532235407331,-28.7671524019943,-30.7233103116217,-33.2991601232019,-37.006402375651,-42.7680783272589,-54.3863386678658,-68.0885893574086,-45.2255359798719,-46.1068931611411,-46.6965089325526,-45.3448560369812,-45.0869369305575,-45.6108678533587,-45.3868394757655,-47.4998397313565,-46.585174704749,-46.3832169895409,-46.9318250443344,-48.0427014989548,-49.3543291494161,-51.5008012343387,-51.9758952812087,-54.5898452366889,-62.7022345491827,-74.0732019926808,-62.6348598600483,-54.9400834741953,-52.6609707415607,-51.8674341873128,-51.3719764232365,-51.700087349868,-52.5294731743487
-50.058280245378,-51.6274675946783,-55.3347909486761,-62.1778612709741,-60.4443738706785,-51.5525226106721,-46.8692539365021,-43.8443321095869,-42.32554109358,-41.4362944314473,-41.2787931314029,-41.6782167171634,-43.2576410807566,-45.328408972516,-49.032238729089,-54.48720974805,-59.2170663991964,-55.2359818697368,-51.0551399167674,-49.4634188170203,-52.4830075571649,-44.5314291365132,-41.9831831334428,-39.6543078326037,-35.582770001921,-32.6261712582797,-30.3834543526915,-28.5939927261008,-27.3857781531745,-26.3658734995894,-25.828800410804,-25.7248455088668,-26.1555812658371,-27.013816031003,-28.4022310254002,-30.2816053175862,-32.6228611848718,-35.727209286433,-40.1069734621775,-45.0948401232492,-47.3574627374644,-45.0049030908545,-43.2669482414808,-44.8992037701896,-43.8358638259181,-44.2892121866064,-44.8373784892776,-46.3631426973646,-47.6427210235919,-47.274657944208,-47.8381342857626,-49.5843562410681,-50.6540689096999,-51.5190085611743,-53.3066866383351,-52.037293787651,-53.0149097967947,-56.4579058499502,-58.9158666810401,-57.3319679265876,-53.9520504877814,-52.1741068857993,-51.4099473820325,-50.0323232595698,-49.3020904040326,-49.7277530887867
-49.085187365163,-50.7338064158518,-53.6597835068787,-55.067157246989,-53.3200582582144,-49.1068452222859,-45.341253935682,-43.3026384970318,-42.001002226857,-41.3799616980505,-41.1254404670126,-41.2367621875476,-42.0904722969174,-43.4730982578714,-46.0496441732266,-48.4949329149564,-50.7017630748427,-50.9640048648908,-49.329248285953,-48.4506649845691,-54.2972776038567,-43.138782237362,-42.1275725388286,-39.0743502585801,-35.2050401507818,-32.3480813107365,-30.1686056738171,-28.3249070987864,-27.2392612529668,-26.2174699146848,-25.6583336702093,-25.5140734128721,-25.8975159044329,-26.6445297439439,-27.8153799283833,-29.5216875273838,-31.5992333682528,-34.1198385499427,-37.3345686620967,-40.7557580125789,-41.7469802147891,-45.044590785972,-42.1552242192485,-44.0454574313614,-43.6859655845454,-44.6180410479736,-44.9558607187467,-47.5925498316936,-47.4813463437512,-48.3119978055037,-50.1488518355655,-53.8724276016028,-55.4989489134846,-54.983734533521,-54.4513510979431,-52.0416173163937,-51.4839496504773,-52.2434516331889,-52.5545969703321,-52.3641028137292,-51.6081809151152,-50.5721439141643,-49.8676504346893,-48.7027290303321,-47.8276546953427,-48.0201381512347
-47.9111768620535,-48.5474514705247,-49.2105557462549,-48.7076422326174,-46.8416241242269,-44.9399418173144,-43.209338017593,-42.1311132099284,-41.2147806180676,-40.9080062239742,-40.6837150088891,-40.7221753472433,-41.0021649007764,-41.8208066762983,-43.2997285428637,-44.7217859223657,-46.4849302356719,-47.9546865130343,-47.8658529445058,-47.6503236244276,-49.5064659526245,-43.9039918577966,-44.053955065599,-39.6750893222199,-35.6263268145199,-32.5135172153946,-30.2101693367364,-28.1853783598019,-27.0475816578975,-26.0427720025426,-25.4751063891705,-25.3060445496777,-25.6007612947479,-26.2397186788811,-27.2243337400869,-28.7300328909421,-30.6139497536763,-32.9261419074468,-35.710840258525,-38.8114474527699,-39.6647382262449,-45.5512806565868,-42.8335738114369,-44.2649494305247,-44.7464549497508,-45.7562336322206,-45.650462308829,-48.2535000502713,-47.1248909898729,-49.0502159993457,-51.9351144790466,-58.199028134094,-71.802961441299,-59.5449403596536,-54.6804481617663,-52.2452297720339,-50.757822257089,-49.892910463172,-49.3342535885018,-49.3441090912034,-49.2857785843318,-48.6673924244836,-48.104439561145,-47.7021184985286,-47.2334482073626,-47.3338909570799
-46.820830483238,-46.3238053618593,-45.7720732792807,-45.0810370018485,-43.6419166479027,-42.4735358155796,-41.7680427215861,-41.0506336015338,-40.3771304947119,-40.280617312108,-40.1926818224891,-40.3549592065472,-40.4438872924681,-41.0352808118063,-41.8751088907651,-42.9025784495794,-44.17439744908,-45.9004587978151,-46.953696353243,-47.5573179105394,-46.4352546610119,-47.2926715487797,-48.0368039343128,-41.3347905812839,-36.5714312546825,-32.9202537648596,-30.4005137835984,-28.1502147700227,-26.83951140314,-25.861866090842,-25.2886872876441,-25.1021493676764,-25.2967166563962,-25.8607954808202,-26.7546242971802,-28.1131210320044,-29.9094089212926,-32.2767644399313,-35.1226519545728,-38.3559157389697,-39.4471493021814,-47.0126707133245,-45.7358044750549,-45.7564387324599,-46.9293019028611,-47.271113652047,-46.6539756908923,-47.9494594525814,-46.6898861768464,-48.7969734376458,-50.9960900617377,-55.102650194736,-58.5006687806885,-56.3254931155473,-53.3485721307837,-51.8650638864065,-49.9921829156528,-48.1912844532242,-47.3574978662707,-47.3229383395629,-47.4013598182123,-47.1308643273785,-46.87480677514,-47.256617557812,-47.545693085356,-47.7188983883899
-45.8933495694176,-44.6615738328259,-43.5991760348415,-42.9719378458278,-42.0405491106061,-41.2737209898719,-41.0152680291903,-40.3894896275945,-39.8658665560488,-39.8509442581039,-39.929691943485,-40.2883962618101,-40.5131621709084,-41.105732080611,-41.6232662789612,-42.4866160264904,-43.3065163018938,-44.8172239916766,-46.5600433045621,-48.2302075992607,-45.6686319192097,-56.1824791546425,-52.0696959700437,-43.0256374297496,-37.2701868248807,-33.2078632663684,-30.5283112483444,-28.1461737474129,-26.6548217774593,-25.6903278040625,-25.1010514773956,-24.8929554343837,-25.0054114582947,-25.5299137530416,-26.4203141118195,-27.7290707191414,-29.5447562666657,-32.0564342980896,-35.2369178164858,-38.9248852321535,-40.4852633176617,-50.1914938616565,-52.7607705143544,-48.7986251072737,-49.6945272424546,-48.4303364533892,-47.7863129609114,-47.1860528302394,-46.5268881678539,-48.1456791091395,-49.3018512785967,-51.57851787085,-52.1280815322264,-51.6445122698778,-50.9139564774199,-50.0941527713334,-48.4943706231097,-46.7811062447247,-46.0720121908402,-45.9287115628461,-46.0177540322752,-46.1472877410434,-46.3246134571721,-47.3690768095164,-48.7388300194794,-49.3734818662162
-45.2318388746627,-43.8049373514568,-42.6024440388536,-42.0090161091834,-41.4994326842282,-40.9739024971102,-40.7952590739688,-40.2487245204343,-39.9034184111896,-39.8939560539785,-40.1211731673184,-40.6319349914026,-41.1773517534358,-41.8969452103797,-42.3649820572218,-43.2041866999082,-43.7281093281725,-44.8396679168922,-46.8063215122648,-49.3993070698092,-47.2534693766752,-53.3599762551633,-48.6998039117072,-42.5736447137031,-37.1167774957835,-33.1885714066483,-30.4718783918765,-28.117804407505,-26.5171531114948,-25.531587870863,-24.9094726376075,-24.6728349190316,-24.741478036903,-25.2491744694984,-26.1731617557098,-27.5180254183939,-29.4232885343624,-32.0387962350243,-35.5281541563475,-39.7905812614334,-41.9159237433421,-57.3843661634051,-66.3139703661135,-53.3636696418057,-51.2548918316833,-48.9069536014507,-48.9564568861528,-46.830565440615,-47.1166798083661,-48.0868905675359,-48.5735843505651,-49.6288151857193,-49.2281367845591,-48.9112567218537,-48.5456362927084,-47.8341185638706,-46.7601785660114,-45.7316441217353,-45.2797800580666,-45.0402852775395,-45.1278137993306,-45.6471992273373,-46.2862209670402,-47.827978951065,-50.3944228523619,-52.6542476299764
-45.0371247795663,-43.810284264907,-42.6625479571385,-42.0180468592613,-41.7605187362449,-41.3635081610195,-41.0419995799057,-40.6738720836994,-40.5876659119843,-40.5686286590103,-40.9170535923239,-41.4754346714503,-42.3600015287282,-43.2526633603148,-43.9409042095384,-44.839116777893,-45.3383109631059,-46.0216463391898,-47.8074724217454,-50.4947596780204,-52.6261679866479,-47.5298912392803,-45.9048208689399,-41.0370515644228,-36.614320613945,-33.0233532489551,-30.3018529249406,-28.0601740773921,-26.4145761774877,-25.3778610973523,-24.7141913045196,-24.4503837514387,-24.5190159978468,-25.0212866013158,-25.9675807314335,-27.3727096021,-29.3579320799136,-31.9773472144439,-35.4392773743611,-39.7730590848306,-41.9881859420731,-65.4296362086805,-52.0797316831596,-55.9437928540829,-51.2235269607431,-49.5404306430832,-50.3049189902121,-47.6289501845339,-48.9810555859124,-49.0494414031809,-48.8930877158913,-48.6533270036554,-47.841312989955,-47.4960291116654,-46.872027623724,-46.1812811071686,-45.5487684102755,-45.201640025643,-44.9391537239742,-44.6444525580476,-44.7160336400978,-45.4680203533166,-46.4567644646102,-48.222387563476,-51.1148193440285,-56.388043148317
-45.4713678378896,-44.5926244241753,-43.6114664769224,-42.8673554600935,-42.6744920198986,-42.3511287223481,-41.8243889990543,-41.728711976885,-41.9370335352216,-41.9353023791549,-42.3822143897085,-42.8898130875678,-43.9886965364112,-45.04862926026,-46.1570418358373,-47.0908722342617,-47.9294671931619,-48.2427999698921,-49.434273098386,-51.0139167425823,-71.4959746905562,-46.2702438483222,-45.6590421828086,-40.4110028792577,-36.4324302238308,-32.9203899704496,-30.1376362769619,-27.9854063113098,-26.3065604737315,-25.2189031658017,-24.5248762271384,-24.2476297697286,-24.351315988538,-24.8580881335714,-25.8045193234929,-27.2312342974962,-29.2175404317273,-31.769610594298,-34.9353422145726,-38.7352361432892,-40.4989292559701,-53.0843258029068,-48.8278776566944,-54.513476365765,-51.6177720708098,-51.4542390207475,-52.5095890547616,-50.4504486096031,-52.8362294226754,-50.8770029366917,-49.7492386945491,-48.2471006989754,-47.4113756498537,-47.0452043635665,-46.1489153503717,-45.5585176748274,-45.2375894354432,-45.3193067555533,-45.0890011924439,-44.7677055522809,-44.7788871726456,-45.4786683782543,-46.5775220604975,-48.1573490446942,-50.0348643103167,-53.8444229010718
-46.5045328177372,-45.8725691946681,-45.1649920766305,-44.4189105780769,-44.195305676668,-43.9949321795005,-43.3662380840258,-43.5429106944123,-43.9226903789747,-43.9547662894301,-44.4474224564662,-44.8799911348708,-46.0213117785839,-47.2928982277641,-48.8685810169306,-49.7798853683625,-51.1347440312657,-51.0437106124315,-51.1344026671971,-51.0052032756116,-51.3038920376326,-48.2379727905602,-47.9697152697547,-40.9493075650379,-36.5776675500892,-32.8542211464951,-29.9754599488046,-27.8740754882304,-26.1567473727963,-25.0517112533609,-24.358569960102,-24.0894428098706,-24.2463994471857,-24.7739814864411,-25.7237723286831,-27.1280026135174,-29.0559726865528,-31.5418354974747,-34.4701471817539,-37.7540902726544,-39.1642150804955,-48.8490743787013,-47.4566871928158,-53.279134137663,-53.0134084086955,-55.485021150035,-57.3837525825639,-58.0288493244891,-57.7589807118468,-52.2781134821436,-50.2587010798238,-48.2459821183824,-47.7210558441028,-47.4270990598171,-46.5471057541572,-46.1556943192126,-46.0376682192186,-46.2080412516274,-45.8147221941971,-45.4469514419277,-45.3256265445328,-45.6701803044603,-46.6046239195977,-47.6415356047739,-48.4625576306627,-50.0469310192835
-47.7503117098149,-47.1146920668674,-46.8930741861032,-46.5359755480518,-46.4513296465441,-46.6035881799589,-46.1410318852893,-46.3854991459981,-46.5061373960663,-46.4398063337288,-46.7681277317064,-47.2253853686788,-48.354495300697,-50.1415923597885,-52.3969080060243,-53.8472103049296,-55.1130380788166,-53.7117711725498,-52.0986779353961,-50.7119867016261,-46.8444255879428,-55.0109384445114,-50.6770072176251,-41.4809310735929,-36.4744092240084,-32.6127237217249,-29.6998982486159,-27.6787302516961,-25.9634997296667,-24.8835376214397,-24.2295962885038,-23.9907887714905,-24.2021215384949,-24.772080481552,-25.7589015312914,-27.1476555816514,-29.0454953833848,-31.5165528045405,-34.4138424224683,-37.4801260460697,-38.8164389649019,-46.7886404464863,-46.7688289013752,-51.8605972790318,-53.6447697601163,-57.7449238908699,-88.4921251960013,-62.8892485713321,-54.3711784774448,-51.7694343322806,-50.0702885211818,-48.6678178046508,-48.6764786215509,-48.6237579621949,-48.2812610388956,-48.2430941327892,-48.2335284513981,-48.0308448741541,-47.2324646800356,-46.7076827212512,-46.3416187227701,-46.1145308064009,-46.6378417415639,-47.0143739617339,-47.3085472595044,-47.8036423736231
-48.4586661494925,-47.7769571138742,-48.2920329474611,-49.0202101484822,-49.7643089187571,-51.0463402266698,-51.414746753123,-50.7703927270893,-49.5432496353142,-48.8868940726265,-48.5885377273789,-49.1580575762945,-50.3961511210473,-53.0297443453111,-57.2452551197112,-65.9518032539759,-59.2372130656662,-54.8080399988999,-51.7016421229474,-50.1252115763804,-45.2667125036156,-52.0736509981072,-46.416070764629,-40.1189942351301,-35.6632504165062,-32.076280992963,-29.2508635233075,-27.379056062168,-25.757967157716,-24.7275155564775,-24.1405628295241,-23.9494945948319,-24.2047633133476,-24.8346138671597,-25.8977578632256,-27.3349707418114,-29.3017762113725,-31.8390195226597,-34.8933074211011,-38.0827390743526,-39.6683328682509,-46.0250038621783,-47.0267080804854,-50.0348105015124,-52.0205335818696,-53.4790067488926,-57.015906494129,-52.5851246083106,-50.8591740720339,-50.6458510610114,-49.8066989567479,-49.5764653810075,-50.1857422892815,-50.6302700186342,-51.6748628527028,-52.520196804496,-52.449249197471,-50.9777724261925,-49.4404574019664,-48.4887970303767,-47.690954592154,-46.828738302468,-46.7464450022382,-46.5775827603759,-46.7047908838919,-46.7260196245153
-48.255116470951,-47.7866396483999,-48.7949416725383,-50.8579514652796,-53.5003607985128,-59.3478652021144,-67.4745898407943,-55.8853619710377,-51.7234221937971,-50.1349826278591,-49.1431368186089,-49.5948296365657,-50.7450998796128,-52.5405145505708,-55.6770373890412,-57.5610661283038,-54.450635280996,-52.2584660778521,-50.0518682896786,-49.1978800697383,-45.3396929943579,-45.1468131446864,-42.4858128467677,-37.9158027212614,-34.5099586718877,-31.3926773890944,-28.7337839923858,-27.0229154429049,-25.5772154588376,-24.5971387256474,-24.0827397227187,-23.9482240029993,-24.2330200568964,-24.9252080999296,-26.0752151740494,-27.6379374814425,-29.7718040950419,-32.4800776452036,-35.8460076492991,-39.5566211337687,-41.8119932347963,-46.3977526271262,-48.8782738563553,-48.7536760509203,-50.3926047566406,-50.8313364681051,-51.64782628967,-49.5374730568665,-49.6349875170212,-50.1739053224832,-50.0021626928126,-50.9268084801588,-51.9965097868626,-53.2092099368246,-56.5863025759558,-62.0336165530702,-59.9871934926373,-54.7742598283315,-52.2175447413225,-50.4182894919671,-49.0084472728449,-47.7104016613721,-46.9858720156394,-46.5152116790924,-46.6138158718783,-46.4887877913048
-47.6351117948945,-47.4654278944312,-48.2118943515769,-50.1744865463948,-52.4657449243445,-55.3598229526411,-54.6830617654918,-53.4005505587846,-50.661996704037,-49.355170072793,-48.4908802269154,-48.6407756401877,-49.280165288208,-49.5495696370223,-50.5048556747351,-50.2343746168498,-49.8246424192578,-49.1334491945183,-48.3223420274375,-48.2204883117031,-46.8541390709841,-41.9847528417795,-40.6022278499163,-36.4132056134098,-33.5937114405198,-30.8130985329836,-28.3275711978468,-26.7047458395148,-25.4443746074694,-24.5049493124275,-24.0459460129411,-23.9649041228859,-24.2666764640178,-25.0043600183553,-26.2063033322933,-27.9161271814437,-30.2188402121128,-33.1678931347459,-36.9496723068876,-41.5893808407326,-44.9289309249824,-48.0687068485896,-53.2108640896075,-48.5123538782339,-49.9163666399921,-50.1140995632625,-49.5161637731525,-48.9698455472005,-50.041420871084,-50.4974388077806,-50.7518718837748,-52.4429897611992,-53.54288457322,-55.3323353120264,-58.1064552009267,-65.6159709752811,-60.7016597264729,-56.4970800030098,-54.1031729292288,-51.6840821297635,-49.9141240043658,-48.6643880191243,-47.5226439542425,-46.9818757243426,-47.0356664267566,-46.9286634282608
-47.2315042604148,-47.2323113940792,-47.3581039595537,-48.3059634802496,-49.2198236899111,-49.8169963657455,-49.301107824533,-49.617357782559,-48.3855578026181,-47.7748479465328,-47.3837826224973,-47.3316564456561,-47.5336744386504,-47.3251431220856,-47.6000048668145,-47.3288261209791,-47.6554715159509,-47.4928824527033,-47.5130122702571,-47.7192105932257,-50.0123024219357,-40.8437639280154,-40.233873969012,-35.8647643485255,-33.1589571299627,-30.4982386340427,-28.1488462885235,-26.5120897316093,-25.3698054656055,-24.4647788430974,-24.0306195795122,-23.9867339161907,-24.2967810601415,-25.051055952308,-26.2464149441794,-28.0340719288605,-30.3783987760873,-33.4707279848386,-37.5219515691495,-42.763739182557,-46.0617992581849,-51.6858403453817,-58.459170125327,-49.3230218498527,-50.4651718313679,-50.6355087948512,-49.1105804236017,-50.0003140697972,-51.5573668652453,-51.4187077755095,-51.9486152834288,-53.6635827170529,-54.3152867991684,-55.8165859786929,-56.1596386635154,-57.5174572907685,-56.3087753782857,-55.0541796169303,-53.8197335142819,-52.0527844951619,-50.59895364689,-49.8193985821395,-48.6469012592065,-48.1605051903091,-48.045102825745,-48.0088546529849
-47.4647239295943,-47.5047644101457,-47.1413834971547,-47.1928711556793,-47.4013387582575,-47.380901521775,-47.2636207067001,-47.5530843824341,-46.8755405368664,-46.6352867178765,-46.5340444949451,-46.389462413406,-46.3858910827254,-46.322102040796,-46.4644528993007,-46.6042814696931,-47.3680160538321,-47.5867434062135,-48.1006339284221,-48.1934115141369,-54.4403477932881,-41.2001149034162,-40.9820171802663,-36.0865285343053,-33.2018420781179,-30.4901203604824,-28.2149482620306,-26.4912470807689,-25.3637658974929,-24.4930001828272,-24.0529139564433,-24.0197804015179,-24.3318091661856,-25.07519650606,-26.2256200919686,-27.9833977489152,-30.2389124783397,-33.2442765905512,-37.124238844988,-41.6909237719223,-43.5775120054548,-58.3941302163389,-52.9863779964415,-50.8983366461321,-51.3450145056032,-51.5974466742979,-49.9148359090149,-52.2548012938566,-53.4159743274638,-52.7149747899519,-53.4758553257665,-54.3742748918026,-54.5879079162902,-55.4944590309037,-55.5881630137731,-55.4721730434991,-54.9961683330591,-54.0597911018972,-53.2592105154843,-52.4901391034639,-51.731037022141,-51.5202090442666,-50.6910391405569,-50.2791709659893,-49.8043637718491,-49.8186503163088
-48.6704030835187,-48.6381664489373,-47.9796550872549,-47.2713695659637,-46.9788250019269,-46.5980673174928,-46.739276398683,-46.6561692553187,-46.351374985904,-46.3010090886417,-46.3270283141328,-46.1713867843502,-46.1297743685526,-46.463988416786,-46.7408742861649,-47.553811428212,-48.7624930351148,-49.5654560124449,-50.5164452066639,-50.1774908921807,-55.0455690762588,-42.7756134889159,-42.406413245469,-36.7779511141114,-33.6092370079079,-30.752559879934,-28.4776549059337,-26.6434797436206,-25.4450480410427,-24.6051609345063,-24.1383719774444,-24.0871424194677,-24.3945029268645,-25.1095414203757,-26.2161046192588,-27.8813143244697,-30.0336142015778,-32.8276617342166,-36.2960233564788,-39.9943261133901,-41.3401776851237,-55.1609812548398,-48.731796661385,-52.3429940627628,-51.5859923489879,-52.0931900264125,-51.5626363975882,-55.0874073607267,-54.7684886584636,-54.3408663995196,-55.3118174512187,-54.9074797902367,-54.9555873126525,-55.3805407588305,-56.1321927699684,-55.1912337447001,-55.28251293832,-54.4670686542565,-53.9061569697815,-53.9547604609877,-53.9345231627542,-54.1203924328419,-53.9778653607398,-53.6370384041445,-52.6269211849701,-52.6137155898828
-51.2539272451733,-50.900667299535,-49.9447559875045,-48.4655011483362,-47.5917832072447,-46.8829378871656,-47.0561449020781,-46.5626380004612,-46.6647242842053,-46.771612360452,-46.8995340315715,-46.8557627395936,-46.9084496947311,-47.7084156716758,-48.3029601714739,-49.9966650817544,-51.825234970104,-53.8738841998564,-55.8311682339289,-54.8031910124108,-53.4048208672034,-44.8409633544166,-43.8879756524042,-37.6429457196252,-34.2303083735164,-31.2093798716726,-28.8754637214871,-26.9396662801875,-25.6355429663247,-24.807893138202,-24.3071720272477,-24.2154671448864,-24.5095309036447,-25.1881177996324,-26.2710011348983,-27.8470525427041,-29.9537887919021,-32.5858089573435,-35.757086869267,-39.0684130989869,-40.493041929988,-49.8880558780676,-46.7444665917762,-52.2922867125606,-51.0314878796127,-51.8333542648888,-53.4829214160613,-57.0201154779826,-55.9835166637977,-56.7786913459204,-57.5928254398173,-55.7408247517024,-55.573273062632,-55.4040882952891,-56.6103702367429,-55.6278149425462,-56.4756281311741,-56.4414385722775,-56.4133224384105,-57.2051514447028,-57.7489242854988,-57.7797884570899,-58.7094729874241,-58.6995935004351,-57.2558110997755,-56.965835255737
-55.8959515774193,-54.185330747626,-52.5109880076183,-50.3093364623149,-48.7482963203303,-47.8180152376955,-47.7754291782268,-47.080317303154,-47.6104802166571,-47.9192410916831,-48.2303358375318,-48.5135605963155,-48.8490688483768,-50.0732723491741,-51.1342654138355,-53.436508454883,-55.6276642091784,-59.5366767503419,-66.3327340011658,-69.0557348737371,-54.2887979378753,-45.7800974329749,-44.9916668787068,-38.535941622845,-34.932640433623,-31.7727825625509,-29.3659910044904,-27.3379811165598,-25.9405821109056,-25.0892040978247,-24.5584605089413,-24.4173631903801,-24.6890737940385,-25.3290892052399,-26.3973469323499,-27.9175804671205,-30.0149009001301,-32.6188040631917,-35.774701668383,-39.1696774111337,-41.1334691499701,-47.9298460653648,-46.7405759918937,-51.1131312077034,-50.2975205541733,-51.0969818283922,-54.5925471635013,-57.6781930417955,-58.32117527276,-62.1825373068627,-60.4318114165001,-56.8829866487655,-55.9710032872044,-55.0655629795712,-56.1067849378979,-56.2260977908999,-58.2528263180582,-60.3061001879113,-62.123136897919,-63.7180963976026,-63.2596412818368,-61.9267583487059,-64.1724278229424,-66.2201495577374,-66.710075605644,-64.0792445098596
-61.5878831634161,-56.1364796786094,-53.7398348586466,-51.6429419191336,-49.815523250676,-49.0120310836478,-48.6382931884277,-48.1411779287968,-48.967614491678,-49.5372905621413,-50.1151837489573,-51.0235480994919,-52.0381660060939,-53.5230675156504,-55.0804506318431,-55.9965812919625,-56.1121985381334,-57.5493422122953,-58.8455551283773,-59.5303065884371,-57.5430725780274,-45.6851728429293,-45.9931043047362,-39.4916619471023,-35.6455917649377,-32.3579893763397,-29.9070344797407,-27.7882452276207,-26.3252204756475,-25.4123081957488,-24.8616159741532,-24.6796094406759,-24.9250325468862,-25.5325068489411,-26.578100732838,-28.0655384126033,-30.1347324817896,-32.81524027632,-36.2063936522936,-40.0405068664881,-43.034473359196,-48.6727589094051,-49.4865803000693,-50.2667004483351,-49.8149911136439,-50.0918810541545,-53.7975534809354,-56.5283192619788,-59.2196337302405,-73.0277680054792,-60.8221949096357,-56.8917932033411,-55.3046551024456,-54.1471815582068,-54.646171294821,-56.0078523501169,-59.1790933759408,-63.9650477064696,-73.859496991582,-70.582826836287,-65.0353411611216,-64.0719629166974,-66.8422058281831,-69.7577504688056,-71.3827190350703,-67.3282688209097
-57.9140211661828,-54.4167594195339,-52.8045072830541,-51.6832441537393,-50.5344936840279,-50.2843311427332,-49.7174937079224,-49.8308625974349,-50.5911039410308,-51.3725745090143,-52.0854409117412,-53.6855284191552,-55.9547949836602,-57.2774615984802,-58.9074973363346,-57.0449622902728,-54.9016182023669,-54.7667843385668,-54.4646172094489,-53.6479359648304,-54.3011193687313,-46.5014875524427,-47.6114660302583,-40.5705621414412,-36.3265185149051,-32.8682413141273,-30.400222373991,-28.2177158901971,-26.7054460256937,-25.7192750478928,-25.1609420505557,-24.9641521136992,-25.1923205810567,-25.789656584285,-26.8132910530017,-28.2741767161877,-30.2868124819649,-33.0290108796369,-36.6165586700046,-40.7795229287446,-44.303894578442,-53.3201230421046,-60.3099699850363,-50.4016332350583,-49.7913685554713,-49.0999540947147,-51.4388019167296,-52.1542731348345,-53.4035260683964,-56.0736306024788,-55.7713453285567,-54.2836533226534,-53.3625371643295,-52.7230675217049,-52.7435240097862,-54.3752824717118,-57.341824956044,-60.9604932702292,-63.2997234329598,-63.5839218517017,-62.5510487776051,-63.0791561332474,-64.6711761615495,-65.1053589188659,-62.8948317419581,-62.9595851321537
-53.8728375119975,-52.2621328541798,-51.4695070793989,-51.1882916450758,-51.2318796826648,-51.8290037330097,-51.4793617173938,-52.5141484085526,-52.6319998614499,-53.2284742746807,-53.6310840782313,-55.1409920534292,-57.6592819862171,-58.8082615956684,-61.1202051357646,-59.2395746978135,-55.0105716696286,-53.2859354716305,-52.2545807336529,-51.202134669217,-49.0504863572493,-49.7962288150962,-50.8593022560601,-41.5648809045794,-36.8070713588618,-33.1594667802616,-30.6763834969696,-28.5225548103714,-26.9756871762033,-25.948530925915,-25.3964757300566,-25.2234706647758,-25.4615364923612,-26.0931833445898,-27.1354398405557,-28.5887938335898,-30.5700429487043,-33.2716441498519,-36.7123190977002,-40.5139826781593,-43.0354096852729,-59.4402514145501,-53.799358881134,-51.2323998814498,-50.1131734371036,-48.4328183494659,-48.7708001746171,-47.9154037153068,-48.4811416809753,-49.9705388513383,-50.8777256699764,-50.7896588465542,-50.7399508892784,-50.8050334336361,-50.7749273879252,-52.2012462474896,-54.6248577414298,-57.6411694677941,-59.0798024343381,-60.648120498742,-61.0086025877834,-61.8450008607963,-62.2830760717059,-63.2407627735817,-61.6317014252091,-61.6075112069365
-51.3360327214863,-50.7738882313583,-50.4519148025029,-50.7435577764344,-52.0343020635926,-53.856183045583,-54.8277298251888,-57.3660631077512,-55.7715678082298,-55.0724137368169,-54.6766131302845,-55.167119139046,-56.2876500924509,-58.1578923997227,-64.0241454658141,-62.099489613064,-55.269338390235,-52.0105283299745,-50.7992088284711,-49.8369496870503,-45.9527583516887,-57.3785431355073,-55.1486681703501,-41.5775181077159,-36.7016276821834,-33.0681141763229,-30.6019737762046,-28.6040426857693,-27.0681877154765,-26.0606171521894,-25.5330891820256,-25.4237871050821,-25.713517183962,-26.4385389571471,-27.5811553575248,-29.0883823065621,-31.1246143914912,-33.7365832673881,-36.8331761456388,-40.0115828692908,-41.9700309837716,-49.0956557789677,-46.5745486850749,-50.9963601556424,-49.8510190280893,-48.0574046342863,-46.61214870736,-45.183231443305,-45.4443047022277,-46.3872045647247,-47.2594422835685,-47.684723664785,-48.0367756729694,-48.5249652462227,-48.7904088588257,-50.0186858243354,-51.9373086687531,-54.649101043447,-56.2633711752187,-58.3524912553403,-59.4710889265031,-62.1884622795574,-63.2219406291089,-65.2054515441576,-62.9065706262637,-60.7985135109871
-49.5061472470207,-49.7195745139436,-49.7430467823538,-50.3432263703547,-52.3645100750965,-55.39144524141,-60.6496615009606,-73.1224821461326,-60.694084808514,-56.6894385692422,-55.1074262704826,-54.5078117093127,-54.6740245640338,-57.0005531734804,-62.3356713802315,-57.209627128976,-53.3492627076166,-50.9504251553189,-50.0026359974298,-48.9560301735831,-44.3867737177861,-50.5714825858566,-49.2939075781652,-39.9794665260977,-35.8137308006489,-32.5616979043208,-30.2138977329463,-28.4381451264542,-26.9909930022504,-26.0553933407119,-25.5783078035166,-25.5616918705486,-25.9457312052655,-26.8147772782089,-28.142085276764,-29.8039820480655,-32.0032702084366,-34.6439318411224,-37.6147937096326,-40.4805666066989,-42.8693761151893,-44.8491323863717,-44.1108679393808,-48.8842853495156,-48.2605068813449,-47.5136728761407,-45.2770208599971,-43.9311299057142,-43.891293593656,-44.2501462499034,-44.7327852534075,-45.2084118192446,-45.6347972059377,-46.2373705098447,-46.7704655641495,-47.7681941649841,-48.9890864669521,-51.0328659745128,-52.8099323317388,-54.7971746595457,-56.5329923627846,-61.4307422857883,-70.0654987486076,-67.8674191945941,-60.5079010988934,-57.6134066445176
-48.1677460852837,-48.9044556356999,-49.3006246435961,-49.9732447302829,-51.7076256819142,-54.1005540004439,-57.4924239599818,-59.9817277137124,-58.6650182017011,-56.5405797808687,-54.3379804879314,-53.4361853904506,-53.4105225140144,-55.012923035748,-55.6160091035475,-52.5860812847935,-51.0658059469054,-50.6258012807764,-50.0716527628899,-48.6461581372599,-44.0162030594717,-44.7529231258839,-43.8982153475203,-37.8651329982265,-34.5482267751928,-31.8232021728705,-29.6800512634902,-28.0974221215158,-26.8049842667808,-25.9680141179415,-25.5741549088656,-25.6617063501844,-26.1652477925768,-27.1911505807908,-28.7300347181544,-30.6436688234349,-33.0871170973983,-36.0718282024086,-39.5508678392968,-42.7187457535076,-46.8601821251173,-43.3564697420121,-44.0319936202867,-46.86545206449,-46.4591305560404,-46.5807162984156,-44.8531751703581,-44.0151576103072,-43.5825305450849,-43.2233957201136,-43.1699444235869,-43.4247599047575,-43.7435720347406,-44.2546736955671,-44.847281451817,-45.5314237029377,-46.0935933672347,-47.5022737702106,-49.1938179029214,-50.8872729158398,-52.5748703282612,-55.286853555197,-57.9811489864827,-57.6865638958349,-55.0432885552117,-53.6500769508664
-47.4416310833156,-48.3732768031776,-49.1243661187889,-49.7476983020594,-50.5942129229156,-51.4368775667504,-51.9722275081364,-53.2402791477445,-53.0419543557467,-53.8656592999865,-52.5780262103085,-52.1505693166022,-52.2764844861852,-52.5091243732361,-51.5501784515638,-50.3452275442065,-50.2745931758495,-51.4273518794287,-51.1584227321843,-49.1955541333393,-44.7820431139663,-41.8884599319327,-40.8558937396363,-36.2658885310105,-33.4423794880728,-31.1103670595585,-29.1568759352329,-27.6972404407913,-26.5772206382643,-25.8494246086698,-25.5698650483777,-25.7560521128318,-26.3733045949504,-27.5133497761416,-29.1958687047853,-31.3838802754815,-34.0824597042514,-37.7333312840042,-42.7152780521759,-47.9432530986672,-61.1871806406184,-43.7680175038606,-45.9589149353035,-45.9328257551943,-45.5491844254894,-45.8275914411546,-45.3496338311669,-45.2414663999099,-44.3189719409855,-43.1790138686404,-42.5234554573295,-42.3806587416545,-42.4482427630073,-42.7245671100261,-43.2010460020202,-43.5693671495029,-43.7517347889869,-44.7160395771562,-46.1642716179086,-47.539947604407,-48.8398292990912,-49.933686439949,-50.8466538255839,-51.5491528084245,-50.9700285912652,-50.4642205634292
-47.6329202270012,-48.3841729337838,-49.2358090753711,-49.7249396428552,-49.6663249515309,-49.3582565141948,-49.0080928052662,-49.8442694024048,-49.6863061670315,-50.8491826498401,-50.710514626911,-50.8292779099059,-51.0528814391551,-50.4799949632881,-49.6427699379841,-50.1246523000547,-51.54439806054,-53.7787810381101,-53.4167265980201,-50.9062937837446,-46.7506019730508,-40.6385426958594,-39.3469779569981,-35.437576821146,-32.7558449559525,-30.5990260154412,-28.7318026531207,-27.335878423524,-26.3582321959052,-25.7460202858097,-25.594850104782,-25.8602671961615,-26.5538861723346,-27.724619692631,-29.4323434012924,-31.8135215068698,-34.7030572981683,-38.7687251211508,-44.8389795024158,-55.2713149119322,-51.7488251419897,-46.0686487944568,-50.3608703944831,-46.2129530805486,-45.9044702348917,-45.9846419333503,-46.7768808541084,-47.1378723557893,-45.748026774051,-44.0399728349256,-42.7682360120002,-42.0771185739115,-41.747612438893,-41.6805777803807,-41.9288680079195,-42.06511463255,-42.1518541362779,-42.7943589004801,-43.9148714385634,-44.9642205737281,-45.8978533496549,-46.3578721292107,-46.7976615458877,-47.7751346291743,-48.1611249337091,-48.1194585955509
-49.3026985041794,-49.3708419225112,-49.6722765460063,-49.7357090084787,-48.9767917979322,-48.054661599063,-47.4910394489308,-47.860266893859,-47.8387758696974,-48.6063926222128,-49.1935801112864,-49.6116858165701,-49.8647016099565,-49.4280176449608,-49.4908185519165,-51.980382460813,-55.617528748049,-58.654453076579,-57.2945708411623,-54.1712496357416,-49.8321173665082,-40.4100550960111,-38.8359620916109,-35.2796269408825,-32.5146834883835,-30.3531908136355,-28.4461854567869,-27.0736597150367,-26.1831707782326,-25.6864787614969,-25.6455724077856,-25.9598377767797,-26.6771041686511,-27.8046935500146,-29.4730045724853,-31.9395184844017,-34.931916404819,-38.6665471846313,-43.3654618058593,-48.6981038302743,-46.3443515038561,-51.2725813167396,-58.9058661334147,-47.6834851470766,-47.6313819273756,-47.564462759079,-49.3101859060276,-49.0026284894704,-47.2882141801932,-45.5958322474488,-43.7769802547795,-42.3994653112356,-41.5661903957601,-41.1008432025986,-41.0589025894367,-41.0814450361359,-41.2720506628116,-41.6748287654146,-42.4422003167283,-43.1899839402005,-43.8777458478102,-44.1673427434544,-44.471321105112,-45.3952344218631,-46.1870351849092,-46.4300058713874
-54.0095255092586,-52.0024370324389,-50.3713357387183,-49.3441905027059,-48.1738477601093,-47.2058460956096,-46.7670194871475,-46.7169087727162,-46.9640511072056,-47.280230015842,-48.2007806566699,-48.7652001202384,-49.1509587076966,-49.5146946159135,-50.9845109657716,-55.8352753585443,-60.4184506344561,-65.3729873591188,-64.8923521056805,-58.8494248079664,-52.9575129145425,-40.6638376464457,-38.7853557515359,-35.5452888866397,-32.6277118772737,-30.3567058624981,-28.3237389231995,-26.937421756071,-26.0776017645192,-25.6762858056321,-25.6902961767582,-26.016931695652,-26.7168970783826,-27.7840801792347,-29.4345695271894,-31.9292778869696,-34.9554828188821,-38.22033898269,-42.0350638390274,-45.9244915640984,-45.385786404123,-69.8792425969569,-54.4611116057676,-50.2942926406671,-50.6067796685284,-50.8849601800131,-53.895093048484,-51.2523077209904,-48.695208300481,-47.1039961896573,-44.9915948466164,-43.0027572906711,-41.7449495356474,-40.935870307711,-40.608283442319,-40.6262818591817,-41.0186946885478,-41.2752211632834,-41.7355072461307,-42.25338646948,-42.8045753020636,-43.1192458967987,-43.3876543877836,-44.0213910664889,-44.8155942019784,-45.2525129977213
-81.506608607763,-55.9846014457249,-50.7271459993747,-48.2421868212333,-47.0003925346193,-46.4389911398076,-46.3841597498033,-46.1493045717521,-46.7181344027611,-46.8430526349016,-47.906032386134,-48.6657852073822,-49.365661607136,-50.8325052325015,-53.9317938269441,-56.5239152227652,-55.5348410590499,-59.4063875174952,-69.5800272625486,-58.345146884471,-54.9096006800898,-40.9269739110656,-38.7843830223207,-36.0015018542264,-32.9735536794715,-30.5475062121292,-28.3728234743003,-26.9290738115254,-26.0569402345676,-25.6987934326603,-25.6890372778092,-25.9951149364169,-26.6680776326385,-27.7094543340418,-29.3704538631484,-31.8661835264854,-34.9022559975401,-38.1767672877133,-42.2462704191431,-46.3997756350412,-47.1011152701316,-53.4608917497548,-49.0015140756549,-53.6679395096616,-53.8513130516709,-54.2122190139909,-66.3862058862756,-56.3999854399737,-50.3455718134669,-47.3861043620568,-45.2984816278768,-43.3428659975746,-42.057783839471,-41.1180220130793,-40.6015746469385,-40.6908698249316,-41.2853957801516,-41.5333719427223,-41.8248234480295,-42.2391969735245,-42.7299918709054,-43.1210214444164,-43.3450714256093,-43.4995470764369,-43.987165489455,-44.5109998897254
-52.7990925369403,-52.5360779541328,-49.5412034918753,-46.730218194906,-45.6889665429628,-45.6275416015794,-46.0675416542849,-46.0051961372544,-46.8662448283822,-47.2495896273499,-48.5326817276821,-49.7388103428078,-50.9636075663089,-53.5010785195466,-56.7904224200988,-53.3871079690135,-52.5619392197276,-55.539876353911,-58.9793189883752,-54.3023325891717,-58.3170249044232,-41.305264815161,-38.9632036627484,-36.6337809820457,-33.4704672787656,-30.8423827197422,-28.5667191040766,-27.028660010841,-26.117836650567,-25.7221726748954,-25.6183180246421,-25.8850494974665,-26.5468386807079,-27.5999434123803,-29.2247755211753,-31.6692476901926,-34.7527611231611,-38.4871550869746,-43.4637975534929,-49.6373469898263,-51.6541482141495,-47.9640099619439,-46.6421968438625,-55.2166071656799,-55.2993411012014,-52.679871349526,-56.3633433729043,-58.6107522691767,-51.2177149054726,-46.5953532751325,-44.5595307149235,-43.2164221394197,-42.3256544937353,-41.5670298347856,-41.0447403636104,-41.2410357133625,-41.9667416701665,-42.4095930715351,-42.7942178638204,-43.3191635867948,-43.8084664685522,-44.2099620256582,-44.2722394396241,-43.7906413447736,-43.7368779739144,-44.1735827747452
-47.1307427658166,-47.4693939463904,-47.1247939383279,-45.3440993401647,-44.667144088751,-44.9502142693235,-45.747145265745,-46.1839425827374,-47.2861781426749,-48.3744417234238,-50.2955221151088,-52.6096571587231,-54.8241133031335,-57.7433264803446,-57.4093993914168,-52.0838215204069,-52.0007012296984,-53.8677328233494,-54.2375622461947,-51.8064570904205,-62.7552465433776,-42.4925204070268,-39.8340367369683,-37.6193689730639,-34.0782226568672,-31.1486190866329,-28.8219051262252,-27.190919313962,-26.2269354376786,-25.7109213723046,-25.4844708011377,-25.7102425793077,-26.3767736571784,-27.4430268146978,-28.934779194549,-31.2425886658477,-34.3966378993261,-38.3951003011447,-43.4762413101014,-51.2916182384974,-51.6416535238514,-45.841113623,-46.2475588346349,-52.4423686598379,-53.7589886931077,-50.5133467361562,-49.8496569822644,-50.1375219167807,-49.1214013615007,-45.8052553689787,-43.8955992872988,-43.0536150852453,-42.5657235838066,-42.2006020238403,-41.8839606986672,-42.1780865673496,-42.9377654056361,-43.8584245829466,-44.777501007133,-45.8496446721449,-46.4469367622598,-46.5900431649941,-46.1363859424985,-44.8706689289217,-44.0956787315124,-44.2160232705071
-44.4475280809297,-44.4965695673354,-44.898306456182,-44.414301847565,-44.2024061586169,-44.6384021488994,-45.5045293290836,-46.6057891290015,-47.9354585924239,-49.8030663687813,-52.9780270483638,-58.2880743665363,-65.1881685778286,-64.7096817478156,-57.5880058911721,-52.330619552428,-52.7253864842726,-53.0142452671186,-51.4484620178092,-50.5927216107706,-53.8553789700051,-45.173064785501,-41.6197069846016,-38.9157201356289,-34.6814403086239,-31.3600692707449,-29.0068430970512,-27.3436489323168,-26.3185972458475,-25.6383451628534,-25.3160578936246,-25.5096972099435,-26.1755817519478,-27.2276564779266,-28.5516001263131,-30.6559595759137,-33.7748266151131,-37.3615567046302,-41.3017007313111,-46.1576133045038,-45.5909910855064,-45.6901003637089,-47.6849705601083,-49.0840602906461,-50.2849085424002,-49.3280541385275,-47.0192743682302,-46.3273251360109,-46.574221827513,-45.5017077709244,-43.9919375068592,-43.3425033353684,-42.9637169337781,-42.9521390532605,-42.9825086378193,-43.3103649692062,-44.0211550187898,-45.7189718961468,-47.806437455762,-50.6208041333104,-51.9524562083671,-50.7007341997402,-48.6439355205891,-46.5156678826283,-44.9817497269386,-44.5831861142537
-43.2318236467053,-43.0241146823321,-43.512457157774,-44.0927724112596,-44.4013729341088,-44.8316619041526,-45.529244988695,-47.2048698111464,-48.7428083576744,-50.7383824661928,-54.1497922861312,-58.786836325116,-62.8836836116292,-71.7775561010004,-56.5758571350171,-52.4029913467534,-53.5768020803273,-52.1875228060117,-49.8822399504347,-50.2760484612287,-49.0381527333181,-47.9775241034675,-43.023226179777,-39.6803825048766,-34.9701611979678,-31.3636186944739,-29.0102380369966,-27.403774963555,-26.3139764238056,-25.4948111822947,-25.1422817182747,-25.3129769762594,-25.9509365336636,-26.9710967462466,-28.211450184267,-30.1069871501734,-33.0218819183414,-36.0554315034392,-39.215750577224,-42.6009728681381,-42.2839511593698,-47.4377462704793,-51.0645261372533,-46.7245963088726,-47.3280415675053,-48.4112609446334,-46.1952953157891,-45.1242617457972,-45.4287147147508,-45.8181774462709,-44.9921558103022,-44.2895785733182,-43.702091892158,-43.7885144264988,-44.152762027862,-44.4230605477791,-45.0318306498155,-47.4672838990943,-50.7161714669657,-56.8499799477497,-74.6221174806193,-55.6818925167358,-50.3796395980815,-47.8881938210696,-46.0732507965036,-45.1552108600306
-42.9105664767893,-42.6570178652074,-43.1100630752413,-44.4675583984155,-45.3127525540693,-45.6518095333496,-46.1185620189762,-47.9716904011737,-49.5263470364793,-50.8381974538298,-52.2989384071766,-53.3880263160745,-55.2478605211125,-59.5953938691731,-53.2453707773192,-51.3657391530233,-53.6034488083773,-51.2071359965125,-49.308664516389,-50.6244078146225,-47.03059224669,-45.5393738785375,-41.7974241743626,-39.0160848209087,-34.6642768679054,-31.1047589670233,-28.8268132450192,-27.3163577105505,-26.1607890629352,-25.287868585259,-24.9724951959842,-25.1230405315931,-25.702372231486,-26.7071550266879,-28.0077819922536,-29.7512263294542,-32.4157871075619,-35.3015737582523,-38.2560357305312,-41.1121560825175,-41.2327208084933,-51.2343376035804,-53.1753031984217,-45.4221680073138,-45.7139549246381,-47.7917815969463,-47.0560634241629,-46.0193530391111,-46.0553358958723,-46.8987672784711,-46.7557548464427,-45.8356043918197,-44.8429826217593,-44.7163879307382,-45.2536941708736,-45.466062680887,-45.9575660746099,-48.3230229320131,-50.6342832654031,-52.8709074075773,-54.8521327200081,-53.7041575776356,-49.9515354132437,-48.019777171795,-46.8451343804649,-45.7484371567315
-43.102100734987,-43.1207722597323,-43.6721368597594,-45.5928610429484,-47.0167068729894,-47.3694893913373,-47.6986521944488,-49.0329536449369,-50.0997998629163,-50.6651553251058,-50.5092668545257,-50.8088134717572,-52.5073552936013,-53.9943611331202,-50.4814811579756,-50.5828177749851,-52.5847430119651,-50.2657606153294,-49.5762707866068,-51.3714235984748,-47.0797212798865,-42.5217147543484,-39.8549917033298,-37.8028250348356,-33.9661378930817,-30.6719149449206,-28.5547977606465,-27.0886178903722,-25.8667850420316,-25.0341328926988,-24.7876624864635,-24.913714108821,-25.4231575828039,-26.449353324783,-27.9125926865189,-29.6080926270384,-32.1824941741363,-35.4363029460813,-38.6592121730248,-41.5646923376977,-42.3900771291061,-51.9242241909238,-48.9255619005826,-45.0143932437973,-45.3543325726643,-48.0001923934089,-49.6958978597695,-49.3842033705089,-49.063361088863,-48.9800330532503,-48.7200034832093,-47.5727463826897,-46.2761981810814,-45.7699316590755,-46.2851227974946,-46.6325345890262,-47.0645285832295,-48.4410509703945,-49.3625536243408,-49.7111155935238,-50.1570902061757,-50.445665534141,-48.9151279405814,-47.5248578378933,-47.1059335848302,-46.220984250655
-43.471004084682,-44.0905574634374,-44.9905030518471,-47.3706060476486,-49.7082668646835,-50.6898133500148,-51.00641786433,-50.658916848286,-50.4840403660317,-50.5691173817273,-49.7217012401957,-50.0412575646238,-51.518091695332,-51.0534090562238,-49.3327956842814,-50.9779708592812,-51.0786139363711,-49.5962177440602,-50.4541630399332,-51.9315931752723,-49.3237753766412,-41.3252681950956,-38.8902715379671,-37.1237474792561,-33.3737579985747,-30.2646568804098,-28.3049768371834,-26.7801325024498,-25.4924547098002,-24.7468675529564,-24.5474760707613,-24.6427320132189,-25.1002633839508,-26.1639462483344,-27.781571975135,-29.5466590515883,-32.3150251781809,-36.3688093750579,-40.6298871952826,-44.7445183999785,-47.0166735343055,-46.9628760229123,-44.9950267780687,-45.2400214667806,-45.7679866958422,-48.8218188144933,-53.675542917315,-56.3771102320074,-57.8011568415637,-52.1039201093834,-49.7938975892888,-48.65259692155,-47.6848699912477,-46.9780448814618,-47.4103464934222,-48.228490870611,-48.7755947635276,-48.902211523886,-49.2431801292612,-49.0843201654473,-48.9063958522572,-49.0226420009178,-48.5147241620039,-47.4906957034371,-47.2874336016452,-46.6564444707392
-43.7276535110994,-45.0637498664514,-46.3502700372158,-49.0900842598835,-53.5572623407929,-58.1325520175943,-58.0288803597713,-52.9535540146238,-50.8036998608149,-50.3715901000158,-49.6885187988367,-50.3316239822852,-51.2941504787271,-49.9872820659034,-49.9775007458344,-52.6241062252482,-50.1611012272719,-49.4632277640019,-51.5327836225305,-51.6140657878426,-55.3524895678544,-41.7901113316983,-39.0409652596917,-37.2774926550732,-33.2088096676079,-30.0554799132862,-28.1226123454788,-26.4521646998771,-25.1045226907388,-24.4257118885076,-24.2106702177233,-24.2744183480507,-24.7154836829324,-25.7787026191329,-27.4407388541552,-29.3299140536612,-32.3907037159284,-37.1147813646832,-43.2142873564609,-55.2509016689408,-67.9659414140667,-43.4016104986814,-42.4796515665445,-45.7127837043228,-46.0822327396024,-48.3737478240028,-53.2170724456557,-54.0855378480679,-58.3725706204393,-53.8586408566418,-49.5619033410033,-48.582027469651,-48.6468395025818,-48.3062717689958,-48.8789356070884,-50.5641235465787,-51.5958192136062,-50.6684537037981,-50.7353466899703,-50.2394293798232,-49.4296630539378,-48.9147500563949,-48.858483223043,-48.3141213060818,-47.9171537302625,-47.4096021365042
-43.6860896014973,-45.4668244772972,-46.656966643856,-49.2828261440301,-55.7434793207727,-63.285855165536,-60.6756152258375,-54.4381913569814,-50.9678883419382,-49.9622282593354,-50.0314166361817,-50.9529392586621,-51.2082802228246,-50.6409391741436,-52.9950259176262,-55.3358766503939,-50.7526450267988,-50.1732243187049,-52.2719768823661,-50.6282167863971,-61.8465873505975,-43.893473306088,-40.1965042593062,-38.1414110809546,-33.4718014112219,-30.064682282238,-27.9612228351019,-26.115505483418,-24.7280332892246,-24.0549561814513,-23.7586446865077,-23.7987662060758,-24.2518930534246,-25.2352882394742,-26.8214447611821,-28.7690806814657,-31.7242585588676,-35.9865219555393,-41.043203557756,-46.7119215233787,-45.8020174167792,-41.3398562516012,-41.1702524391144,-45.9724593316076,-45.7927117852235,-46.245195082928,-49.4962378196121,-48.9986642093098,-49.3460434863579,-51.2513813261322,-48.8113484241976,-47.9792317715332,-48.9809885829419,-49.5739600739182,-50.6996540431532,-53.7338291000687,-56.3080459877256,-55.01853580317,-54.0179975951851,-52.643773991684,-51.066772594919,-49.6462156143134,-49.7403130756552,-49.985322887649,-49.3564129512352,-49.0222025953074
-43.3453183822112,-45.1289120135037,-46.0029328029601,-48.0061208653837,-52.3075123068804,-53.0151125962572,-53.2258210925593,-52.913051539405,-50.8061718067658,-49.6634805926988,-50.4480255628455,-51.1726271718807,-50.9933651637616,-53.0066739576796,-61.2405032138002,-59.3129040885453,-53.7195711642013,-51.8722211401209,-52.1900301793902,-49.5620020524343,-51.2312863583936,-48.0418139861122,-42.1332735011749,-39.1402540728597,-33.7621617909865,-30.0819825997408,-27.6979683930123,-25.7148162925774,-24.3324044092939,-23.6134745652893,-23.2079399170966,-23.2358862164307,-23.7052047782214,-24.5483362219178,-26.0072597858966,-27.8959484601034,-30.3122824688546,-33.6962779984586,-37.0422150149213,-40.0676026116101,-40.4531658255617,-40.479859850138,-41.0679353123711,-45.7138269083788,-45.3999544078062,-44.5007804382427,-47.0446970315361,-46.9256531452866,-46.1763238360546,-48.357283026784,-48.1413258689031,-47.5691761485867,-48.9036357214505,-50.445718424333,-51.8915332364579,-55.8636002792471,-62.7996782033207,-68.6000048479565,-57.6648813541957,-54.6417687639176,-52.821568949311,-50.7006859829263,-50.8612214646246,-52.1994089209745,-51.9287437712444,-52.3960942338254
-42.9078684635001,-44.3980253814323,-45.3216585855439,-46.5872971864677,-48.9798327346371,-49.5616474059504,-50.2994420079186,-50.9542750909805,-50.6409906698013,-49.9575085777094,-50.840033994362,-50.895811979643,-50.7843598546309,-55.5343155045721,-59.3865539025316,-62.8167111985651,-57.139956586613,-53.2760318894596,-50.9062307434972,-48.2658257179701,-46.3374385419,-50.0521558798211,-42.8724042609804,-38.944800596468,-33.3580339769531,-29.7350027779713,-27.2048885502912,-25.1770316928494,-23.8651159424169,-23.0928118285259,-22.6039595107311,-22.6266962322544,-23.0930233949947,-23.8048140655885,-25.1412297483358,-26.9145499513265,-28.8444521468524,-31.7486090130728,-34.4857924869292,-37.1283539295124,-38.1472976223126,-40.8579981406221,-42.3630966291449,-45.052290952425,-45.3360686344019,-43.912236276994,-45.7164728812905,-46.4001605384789,-45.1400502800613,-46.5823113123429,-47.7481257078709,-47.6606172050107,-48.7808199696493,-50.7418130078015,-51.3715526964881,-54.1154808962739,-59.4330641348919,-58.6787141682895,-55.7975802393894,-53.8475087909788,-52.8998588265409,-51.4156835101838,-51.6409642885879,-53.9418284440661,-55.6810857025553,-60.4340641168951
-42.6586703336885,-43.6987318073851,-44.9706240627243,-45.560499945838,-47.0173402169268,-48.4271653523768,-49.4886146667898,-50.4177880340342,-51.269492405662,-51.3319174844831,-51.4487567279964,-50.6609106974777,-50.7820445689111,-53.6556634763076,-51.668747163589,-56.6672457554424,-51.5540216020928,-51.1047602871789,-48.4830420637175,-46.3036705872541,-43.1431846961565,-43.7460813423607,-39.8285010765866,-36.9229188918369,-32.0478751581971,-28.8718468390442,-26.4638087710559,-24.5022841033278,-23.3117181868539,-22.512609472218,-22.0024659932108,-22.0185276824763,-22.4543725437327,-23.1045268817565,-24.3304116551901,-26.0165236956465,-27.7622381988317,-30.4911185379421,-33.2366844173776,-36.0364130921484,-37.5805256935352,-42.8449931195889,-45.5769411430986,-44.467076009608,-45.4275544306526,-44.4260127729287,-45.1060309004711,-46.5297580403834,-45.4155836650895,-45.8541739343006,-47.7552128095048,-48.3607977004008,-48.9730474706813,-50.8014700410528,-50.5165220149041,-51.9358668197932,-55.1442606440482,-52.8158346525775,-52.6856744737823,-51.9159740363626,-51.2150959810255,-51.2594797894072,-51.2544811482789,-53.4827865743279,-56.8523307535529,-60.4599498922909
-42.825436491668,-43.3075018190403,-44.8705752631243,-45.006939768375,-46.1271022824331,-48.5466318592078,-49.8963507207318,-51.6899421090004,-53.7550097873265,-54.6240585134865,-52.8404083930153,-50.8458994288019,-50.9248969508127,-50.5193096815178,-48.1813924420543,-51.1322916918952,-46.9192987207034,-47.4681786908645,-45.6563566459408,-43.9937681855114,-40.8603355903843,-39.124674291698,-36.3109354934472,-34.3718131052592,-30.4534188935369,-27.7868378036795,-25.6105383972386,-23.7971908660732,-22.7248330716396,-21.9218214448919,-21.4516709057584,-21.453011908716,-21.8389668953452,-22.5081779427396,-23.6274259503423,-25.2936153839712,-27.1078839020465,-29.7858700077419,-32.8798022634866,-36.1327829429019,-38.4611297330993,-47.644973816965,-52.0472708904337,-44.4784621111736,-45.3703220079179,-45.6970148261583,-44.9569810665539,-46.624609771934,-46.5804937326228,-46.0855007469692,-48.339839582818,-49.7717709545811,-49.8766615969957,-51.252589224451,-50.7524050211309,-51.0608676499428,-52.7452625149449,-50.6632881787416,-50.9384129873357,-50.4779732818789,-49.4540359465237,-50.321070209997,-49.9164330912099,-51.2310890652009,-53.0978652354154,-52.0800244433781
-43.530011084705,-43.3945349642501,-44.8952654494938,-44.9665753585743,-46.0027442273016,-49.074941873514,-50.7074410498635,-54.4714112410184,-60.8043982990019,-62.760392159234,-55.379511604742,-51.2253621237347,-50.7362440972816,-48.2407540210247,-46.339450790689,-47.3578942816638,-44.23280872932,-44.5783841200551,-43.1336366402836,-41.9943942465657,-39.4546250212699,-36.3999367507085,-34.0062970350073,-32.3456390733969,-29.1629987876304,-26.8785285653108,-24.8496155195426,-23.2075948905561,-22.193787504397,-21.3839551621872,-20.9824990682627,-20.9593788994919,-21.2924828154548,-22.0259379503345,-23.0513946478969,-24.7477273446322,-26.7163537953012,-29.3723639036931,-32.8916540562413,-36.7269825021018,-40.4003666319372,-64.3852616518409,-53.742879881947,-45.47410026313,-45.2927556809193,-46.9753346884565,-45.1119784093837,-46.4425170251174,-48.1553979489373,-47.2044592982609,-49.7138295770356,-52.1353279119747,-52.0805218944148,-52.7026335103604,-52.5481249443781,-51.4930368124197,-51.3547353688109,-50.2024495273026,-50.2543677445313,-49.7521952215682,-48.4803503977515,-49.2150500195437,-48.6868919108238,-48.9851794052375,-49.7671571435755,-48.4363175478222
-44.7925162821633,-44.1040766453247,-45.0757170115993,-45.4926498731409,-46.3430298228959,-49.0686705597905,-50.8701683386826,-54.395460130333,-61.6039393176644,-61.081344338162,-55.7725476610243,-50.8503547109576,-49.6667119534078,-46.4562132364502,-45.3257128458142,-44.6383262158559,-42.7161663827952,-42.5869396744069,-41.2659685379863,-40.63220113563,-39.013649065793,-35.1396939774565,-32.9925036273766,-31.2047269552106,-28.4495700421111,-26.3798056797516,-24.3505737018775,-22.8379480568459,-21.7943043061338,-20.9556102387633,-20.6071172500256,-20.5527885773543,-20.8445855816628,-21.6338585436165,-22.6051889323879,-24.3267659162735,-26.3833893975265,-29.0079168263419,-32.6990723052054,-36.7844596163212,-41.2237435503719,-51.0663565519508,-47.9631197962958,-47.6207009922174,-45.5732719639275,-47.2546511499132,-45.4770420130855,-46.1385960706129,-49.410696227518,-48.8919273314719,-51.8493690731671,-55.9951787569784,-57.0365305093247,-55.8183610035043,-55.6452921037563,-52.9357600916777,-50.7168202696183,-50.750295346953,-50.3617030634443,-49.742982450807,-48.5756597649906,-48.5631948800166,-48.1318829926074,-47.5153386754108,-47.5271453520104,-46.6003586570667
-46.5490460193424,-45.615616521004,-45.637264698347,-46.6060234624311,-46.9320376372976,-48.3764453080292,-50.1357397000186,-50.8436225811094,-52.8398222216957,-53.2565036872824,-51.6421821931464,-49.3143237662579,-47.9639403891214,-44.9892163327235,-44.7486745412656,-42.7585592501382,-41.9981812811899,-41.3930912148413,-40.1901560487345,-39.9673498335085,-39.5628580029089,-35.2463727001534,-33.250339901653,-31.0896741790605,-28.4365263803256,-26.3701849527235,-24.2036085680177,-22.7193029170551,-21.5588151592388,-20.668700801295,-20.3223907621383,-20.23534641647,-20.5032099155156,-21.299222494238,-22.278100195763,-23.9656754954964,-26.0193185707268,-28.596682192675,-32.1480010711221,-35.9665023427696,-39.4611747042105,-46.1457099259163,-45.8521778830343,-50.0041760073493,-46.4196704420006,-46.4873981831881,-45.9908949979331,-45.8197771537032,-49.6054355042744,-50.1276845005006,-53.1843077258614,-60.6930172729734,-73.1776914877521,-60.4148688181015,-56.978805703389,-54.5733266955906,-50.8769942523105,-51.9478494107387,-51.1973319148887,-50.5448151234367,-49.9167158659958,-48.795770636013,-48.3318713588063,-47.0085157216553,-46.1629586407007,-45.7277429824011
-48.720732295589,-48.1891340373805,-46.9362784472343,-48.2495218414567,-47.8135861989822,-47.7388614759438,-49.2620099932432,-48.4743915687826,-49.1783198034497,-49.6965814349278,-48.2963612812165,-47.6054984272951,-46.3845348994896,-44.0553707139671,-44.4440085923372,-41.7632623858386,-41.9403900768004,-40.9407835895061,-39.9556775284521,-39.9582418971494,-40.9173973483713,-36.9062265472603,-34.9338710388313,-32.1203345199344,-29.1823748670611,-26.8216440878869,-24.4039358754008,-22.8089999798316,-21.4688630178848,-20.5207841789048,-20.114833960513,-19.9978269714565,-20.2556885829873,-21.0013886258514,-22.0429144455688,-23.6266190255089,-25.6823865489549,-28.2044066319876,-31.5921330548457,-35.1072961325368,-37.9752917250171,-45.2797247177034,-46.3985535576851,-49.6698522174723,-47.7588735231843,-45.6055878727953,-46.5727210032443,-45.5360087238773,-48.656107831366,-49.9476694648602,-51.5205143870862,-57.2507597582435,-57.5364790936493,-58.2118973873563,-54.9353210890444,-54.9724436495935,-51.931519504132,-53.6307833585632,-52.9018766817859,-52.4691956093494,-52.7466864340265,-50.2400626237009,-49.1552825464181,-47.4559547295941,-45.5956153478985,-45.3854747931857
-51.3799435541882,-52.1722009446735,-49.4405906505757,-50.2898508686835,-49.2537536729241,-47.7759419798924,-48.7598839951043,-47.6238426098794,-47.5880260529675,-47.8846469837544,-46.5237636642069,-46.518820174084,-45.4289120139733,-43.9513371265442,-44.4361000764655,-41.7898524970865,-42.5137423832383,-41.2034220174619,-40.5696348755486,-40.5284488847515,-42.3340478418742,-40.8972781223178,-38.5960735548714,-34.3791853165104,-30.5938713460289,-27.5692853485795,-24.8261125446833,-23.0002455878476,-21.4617101800113,-20.4742319573713,-19.9647354203553,-19.821993475828,-20.0755333714483,-20.7386735567089,-21.8599842442239,-23.3161138993278,-25.4550603216651,-27.9278575409421,-31.3343218201118,-34.8399943387879,-38.0373925841679,-47.1939612590468,-49.9509330005078,-47.787746013991,-49.0320978392126,-45.3149355870711,-47.0695527025287,-45.4946972469588,-47.2141878268965,-49.0595114229372,-49.1582824158345,-52.5986349329477,-52.1826646923617,-53.8266413137327,-53.0465080184435,-54.0022864146376,-53.8343097969717,-55.5437321940533,-55.8273057313045,-56.4260199691383,-57.336390750557,-53.1478763094116,-50.3597697829448,-48.5913739608389,-45.7982653466484,-45.3227398421282
-54.905893440449,-57.4814692876074,-53.8854839204896,-52.6946638585264,-51.4390713341672,-48.8361552855763,-48.7283127253436,-47.8998232750623,-47.1991379618977,-47.0313233523055,-46.0182139918429,-46.269935416347,-45.3423044526193,-44.9471740831302,-44.9203859798991,-43.0325948997482,-43.724700758096,-42.1468398240757,-41.9851943518419,-41.5818734756553,-42.7324756860305,-51.377577877508,-45.2685295139483,-37.1890356967594,-32.0436056040204,-28.2371161365186,-25.2144920632531,-23.1500598829308,-21.4549791894554,-20.4659638887142,-19.8488856694413,-19.6844787278102,-19.9321805745119,-20.5200648109957,-21.6922921341415,-23.0645176070658,-25.3293914773141,-27.7823150253968,-31.3488172306659,-35.1819361749314,-39.5845941329265,-53.2360511049397,-57.1560884646719,-46.8794110013594,-49.0792575156903,-45.9103086356903,-47.2903358682979,-45.9804312757184,-45.9918233408751,-48.2985193286194,-47.7166080189469,-49.8663305030881,-49.9830907914182,-51.4462273499314,-51.9733445046924,-52.8399372375134,-55.9978135543514,-56.587422431994,-60.0236972992711,-67.0969830891426,-61.4259325688686,-56.43002605046,-51.6088314498695,-49.6118524090612,-46.6683982555154,-45.4857671149921
-60.0517498625918,-60.7650327148025,-61.8849919963652,-56.0215290613172,-54.08851879155,-51.1894528187065,-49.136110783361,-48.7388401675399,-47.5064935924887,-46.730786043573,-46.4750060955155,-46.8112803313019,-46.3325044192877,-47.4216478418529,-46.2981406220258,-45.8052968654617,-45.59727400763,-43.6822052202616,-44.0258686537886,-43.0038486720616,-42.4012326578062,-48.8253670771869,-44.0307079183139,-37.4118532379595,-32.2775558430782,-28.3709884375159,-25.3058560562771,-23.1425184222195,-21.3887028514333,-20.4294797950853,-19.7433566294006,-19.5622762956151,-19.8000599848135,-20.3506420153881,-21.5219701763041,-22.8891573084548,-25.2124605904363,-27.6959831858824,-31.3675213702285,-35.6219961565725,-41.1115162938536,-65.2316134462985,-51.4253879421519,-47.4258983772678,-47.8883274219669,-47.371697451113,-47.1722374753927,-47.0804964161391,-45.3929144609084,-47.8087056118293,-47.2893158534292,-48.5397267413144,-49.4635515072961,-50.5415828519905,-51.6089833523048,-52.1872405310576,-56.9341203549594,-55.8741034566209,-60.6341186516699,-63.4993066088695,-59.191676362136,-55.4983392040624,-52.4765790542076,-49.7606938797497,-47.9468268877146,-46.0209223370358
-68.6915407616791,-61.2405638934914,-72.6721084522051,-62.8329320926239,-56.2958343199074,-54.4208872238222,-49.8347777320287,-49.2283940542467,-47.961383520602,-46.7180589156253,-47.4806754747898,-47.8663198511115,-48.7377298024109,-52.2393768654716,-49.4281154295718,-50.5627275629596,-48.0875298281548,-45.587494358106,-46.2304458771878,-44.6756117998296,-42.4653535384692,-41.7886727625395,-39.0360539503284,-35.3128586364779,-31.3296348796377,-27.9274565878071,-25.0678871949203,-22.9558281676946,-21.2559654061879,-20.3230256421897,-19.628291796055,-19.4381724509716,-19.6639929494585,-20.2222046176205,-21.3532546670048,-22.7750953635602,-25.0294560609672,-27.5858107920503,-31.1697699208222,-35.469353683894,-40.2012208511293,-51.4093892399621,-47.3923822971051,-49.597774017423,-46.8691504843876,-49.0485714434897,-46.8915924071433,-48.3327314404993,-45.581800338309,-47.5641867792805,-47.700524330838,-48.3480872532672,-50.1664457762013,-50.7849917616729,-52.1617505957439,-52.4218349759737,-56.2509755974042,-54.8133778558606,-57.0774178097121,-55.7606793395381,-56.231536914524,-53.0123558814891,-52.7123717155273,-49.6898456350923,-49.3873584306316,-47.2185358819106
-68.2569902625769,-60.8781853471286,-71.3634388132388,-69.2941878667407,-56.8815451461572,-54.3426342553963,-50.2536992882852,-48.7211856417664,-47.8967333475,-46.7678236519316,-48.2569989841291,-48.7182228226547,-52.7228510290541,-58.9548029492039,-57.2325809640809,-55.0149221437206,-50.2090180984459,-47.45011038379,-47.7998041372974,-46.5106077063237,-43.5992539097593,-39.7488270653886,-37.0554842143666,-33.8146705711706,-30.4343752435894,-27.3119259510957,-24.7031291003742,-22.6606859817987,-21.0906851192444,-20.1466005652451,-19.4940224972979,-19.3040237903462,-19.5199303108001,-20.1149649499753,-21.1984183497746,-22.6862054562486,-24.807814735977,-27.4408019054834,-30.8408186329712,-34.8343170011184,-38.7698053228129,-48.0080631837658,-46.902299772227,-53.273171160267,-46.8659747581603,-49.4629830585415,-46.7496264576494,-48.6896119043949,-46.5996868318603,-47.5977877817058,-48.7300110248904,-49.1286289246388,-51.8158944833552,-52.0879772820575,-54.1223912161001,-54.0081734480192,-55.4245320194344,-54.6405549845506,-54.7912988241941,-52.7951123009371,-54.0026096651894,-51.7343076987647,-52.5897568625413,-50.4578905015516,-51.2822256698851,-49.5389808494248
-58.8787146123998,-56.806577818613,-61.15174858256,-56.8027699128889,-54.4861776659173,-51.1906695469835,-49.5863858520146,-47.6760620181717,-47.0495123186167,-46.6522833639075,-47.8818829375587,-48.4473295534229,-52.934992730849,-53.3162229819388,-56.6076433818211,-52.3534340650845,-49.3803449155539,-48.8139768564874,-48.162486573256,-48.4066184950322,-46.5472683669928,-40.1196374279056,-37.0480555692308,-33.3256958487628,-30.0947936914627,-26.858664946277,-24.4000741843097,-22.3526017517381,-20.9288489784328,-19.9347004730142,-19.3443175778826,-19.161010349561,-19.3719730848357,-20.0080876212409,-21.0598465893558,-22.592715399443,-24.6314589908609,-27.3194007148994,-30.6207135879997,-34.4379707367878,-38.6133935727897,-47.865512393113,-49.5975819513006,-53.8250418220965,-48.1030003656447,-48.539618182765,-47.0148967986856,-48.0450188095221,-48.382827919199,-47.9418216166631,-50.1174930071599,-50.5816425890314,-53.9298430556084,-54.3985887659325,-58.5316318003209,-58.0204354135272,-55.4967787265513,-55.613712292204,-53.7340925608911,-51.6275205194558,-52.1740994896348,-51.3994626707742,-52.4227358027906,-52.5124216423402,-54.7203815272777,-54.0464809776177
-53.3162449259864,-52.9243608877209,-53.9146065676102,-52.2085404081816,-51.0422804214064,-48.9939542752359,-48.1611932172761,-46.7847754412519,-45.9217027427294,-46.2485112451188,-46.4733756486451,-47.1444116694984,-48.2473649206449,-48.773808480065,-48.2968898687787,-49.4916530818483,-46.9182107476154,-49.2650701996128,-47.6309121431923,-49.8457308934123,-54.2449728500841,-42.4751498771677,-38.3459839471698,-33.4731958332613,-30.1392505992406,-26.6248336475306,-24.2005874582722,-22.0963831239148,-20.785328176394,-19.7324564543267,-19.1933503989012,-19.0173601155643,-19.2279272437764,-19.8908559091958,-20.9248895610061,-22.4876113043384,-24.5286719009071,-27.2627087698798,-30.6040934712975,-34.6357728680601,-39.7717388260505,-50.7755539519071,-58.4401779769766,-50.2646705232959,-50.3300123173663,-47.7241482229462,-47.8787335079258,-47.4713206808386,-50.626995198472,-48.612009157566,-51.5711262421397,-52.0279006050755,-55.4221054637196,-56.8926230098455,-70.2880824878922,-70.5725839714891,-56.8312876682846,-56.8993652234412,-53.0019347763959,-51.3096929453051,-50.6944149226355,-51.3200862270748,-51.9157218803419,-54.8956969937934,-59.707296174885,-65.3551497345521
-49.8786932764856,-50.6530771271902,-50.1746614688277,-50.0705217068939,-48.7065127444999,-48.0922012554704,-46.9977060818901,-46.3160533617214,-45.1143283911999,-45.6482153280914,-44.9515411774395,-45.6315295385462,-45.003547478737,-46.1819352701155,-44.7079078315661,-47.3207765028056,-45.1119023331372,-48.2753871644236,-46.8855220496377,-49.6938138174835,-57.5266500011189,-45.0976397757638,-39.3474686929941,-33.6260838529616,-30.1339677307438,-26.4875892087479,-24.0480189820974,-21.917805422807,-20.6596663625014,-19.573915571307,-19.0581643632274,-18.8846487765314,-19.0960585918377,-19.766287456015,-20.7791955012732,-22.3777133999478,-24.4308098556626,-27.224396747195,-30.6406374272238,-35.1338850838042,-41.1470961198982,-61.7735117799743,-56.985719169469,-48.0341035316139,-52.2462085807628,-47.7632670796887,-49.4884968087916,-47.7012457949526,-52.5584023690201,-49.7548521819566,-52.8171165981181,-52.8543571846021,-55.4005903378953,-57.0456382353682,-63.4277264995345,-62.4377390865654,-58.0321379385755,-55.9835702216891,-51.9375608741694,-51.1813997532341,-49.6286819911555,-50.8690502420271,-50.6527444332388,-53.8403722447658,-54.875787718244,-56.8690701019441
-48.0433086194662,-49.7771997491464,-48.7601553747948,-49.5498093472625,-47.9438856501945,-48.242595998022,-46.6095184600066,-46.2379187836822,-44.9035372711869,-45.0542041199448,-43.9195753344837,-44.41521257372,-43.2834817905593,-44.517550738784,-43.1153835100936,-45.2455173522695,-44.249170539287,-46.2172949810408,-46.2631095440544,-48.0909933916162,-47.0767317047517,-42.85549002169,-38.2564074878957,-33.2754496318937,-29.850125374438,-26.3244662111078,-23.8980849156375,-21.8210466851494,-20.5532396369231,-19.4729219742047,-18.9516464314755,-18.7739850262979,-18.9842583992106,-19.6460232111891,-20.6269038639832,-22.2656901693317,-24.2498588493799,-27.0982521498239,-30.4613056179155,-35.0743254458287,-40.7081209447689,-55.1052444726559,-49.4548713609931,-47.4569206704608,-52.4489213495244,-48.8835465241549,-52.0321550008554,-49.1758428029435,-53.5785172634375,-51.8512493805734,-53.6775344044472,-53.4322192441823,-54.4908838554548,-55.3538420232085,-56.9923850291316,-55.8709491245563,-55.8717603096714,-53.5457635667833,-50.8664865762722,-50.8915390674936,-49.0732298158367,-49.8980073406411,-49.0708933837595,-50.6782662588404,-49.805232187416,-50.1700364639988
-47.5346084375974,-50.182220074683,-49.3912284034454,-50.5552515601032,-48.91137584515,-49.1507664065572,-47.0814886899494,-46.3745756745007,-45.3034608967581,-44.6643828418159,-43.6180905889234,-43.7203899760266,-42.7475298616188,-43.4703818864214,-42.7610143182487,-43.5078485154611,-44.0338890638013,-44.264179478101,-45.6791191567387,-46.3878209551931,-43.6729550686273,-39.8831467483618,-36.7727862082091,-32.6582003673346,-29.5243470006961,-26.1629467786237,-23.78364695696,-21.8040383727261,-20.4765350262159,-19.4255966391197,-18.879181373176,-18.6932752886722,-18.9002075496308,-19.5424575772956,-20.4962884078256,-22.1476377285577,-23.997694079341,-26.8410645214768,-29.992889015241,-34.1490080191752,-38.9946162835754,-47.5866533061177,-46.4642837016649,-48.1360564084975,-51.6235629265137,-51.0396708367447,-55.8396592174383,-52.5378478059142,-54.6717857074988,-56.0412954499676,-54.1159011220571,-54.1819502453529,-53.426770234087,-53.9402267763783,-54.1371676508832,-53.4267473672925,-53.2896233176412,-52.0507484698308,-50.5497118407031,-50.6103922528574,-49.1023984507803,-48.7422398114824,-47.8180778165409,-48.0265412820829,-46.9467896502756,-46.6156131985254
-48.0539955673042,-52.0277218368948,-52.4474285542285,-53.5138990020033,-51.968558104342,-50.2232247852313,-48.2149735559447,-46.5795467242748,-46.1533009532277,-44.6919033239687,-44.1516396351015,-43.7096472070114,-43.2352254613129,-43.0523766060386,-43.2614955263387,-42.4723304103467,-44.0492583465763,-43.0635566262753,-44.9675071573717,-45.2038398340938,-43.0153051408369,-38.786764897868,-36.476160134089,-32.4209108504812,-29.5041630123436,-26.1452660488885,-23.7751355183308,-21.8593434344225,-20.4405377532543,-19.4186356705521,-18.8390949105465,-18.6461142545027,-18.8503154841203,-19.4644716225272,-20.4227561989702,-22.0284853617237,-23.7918750873984,-26.5533271926698,-29.4822782004131,-33.1581476877678,-37.6401045370892,-44.520312038324,-45.1007283637752,-49.5617649518592,-50.051642088382,-53.2481927442075,-59.3682284346194,-56.9560743619326,-58.1384006587719,-62.3444522557586,-54.0808087361847,-54.158479016049,-52.2998010654454,-52.9090243636418,-52.8241496368037,-52.90444049467,-52.6653976845762,-52.3689067530856,-51.608638499991,-50.802398677162,-49.592500834574,-47.7711762680268,-47.0208264686153,-46.0316900103233,-45.3255854436421,-44.4712691964696
-48.8700362050117,-55.0104754870602,-58.3524104626389,-58.9332918076675,-56.6289772194187,-50.5152358103152,-49.3782167256407,-46.9218824310994,-47.203364813342,-45.4017895490585,-45.6038231702823,-44.5670495906429,-44.689210166494,-43.3949982556337,-44.3196507771482,-42.3221095192205,-44.0371308684122,-42.759984680843,-44.2304737756415,-44.5684675618751,-44.6284511058446,-39.7907048784311,-37.8027132597393,-32.9783685653515,-29.8977029681272,-26.3584738025974,-23.8916753608422,-21.9650395561147,-20.4427204287384,-19.4375351084425,-18.8259184627596,-18.6321104371735,-18.8373215026004,-19.4183278725781,-20.4243833733359,-21.9339358677266,-23.7423238186116,-26.4003506577953,-29.2398441815405,-32.7707795451556,-37.163759904275,-43.5007624308058,-44.9059426694508,-50.9339968392735,-48.0376288919788,-53.3234785341076,-55.4217759856229,-53.1586172371576,-66.8561071662488,-55.202498900856,-53.1589273041711,-52.2110672939178,-50.9575155766531,-51.750782587599,-52.2201293231249,-53.531885234634,-54.7264007643222,-55.5883477606051,-54.7355783236243,-51.7922509723086,-49.8721107653388,-47.0880976107143,-46.3586791597612,-44.5784601965901,-44.3664144683151,-43.2622561279343
-48.6724995681851,-53.8953732255538,-55.0913045646795,-56.6020168129659,-54.6345015202587,-49.8853967430624,-49.7382003785097,-47.6720128248612,-48.3207516197376,-47.1155516866091,-48.0902821442679,-46.5474781170379,-47.118193759724,-44.6729103038472,-45.6991314346702,-43.1462369644396,-44.0734545077053,-43.279927955029,-43.7289491418244,-44.3191442595785,-48.4917416981152,-43.7591200834557,-40.8634724181577,-34.2681746233652,-30.4745121477965,-26.7066073965493,-24.0544013235468,-22.0801583340581,-20.4633452814864,-19.4711562695081,-18.8351292926335,-18.6481783069986,-18.8586770220083,-19.410577844399,-20.4899181697082,-21.9001484824755,-23.8609649476794,-26.4758603992225,-29.4126865387127,-33.1537639437902,-37.7886962015557,-44.1040523571306,-46.2491906004986,-51.026338002227,-46.501771683166,-51.5029418560968,-50.6425010060036,-49.0175790620398,-54.2267414904005,-49.8874852875159,-50.9578419700001,-49.4525176333483,-49.3200281585001,-50.1677325858621,-51.1354197003632,-54.0102957598308,-58.7807058230623,-70.7678420891088,-58.4201355087716,-52.7468278602983,-48.9787561691675,-46.4747124948428,-45.452216600271,-43.6411503391446,-43.7170572748078,-42.7910455395095
-47.2628383585096,-49.4089827289353,-49.9229883599203,-51.2441242224375,-50.6733252266882,-49.2580789213201,-49.4896064386299,-49.1393843265682,-49.6805904223242,-50.2377558478273,-51.7721759612826,-50.0856320808725,-50.6268181221793,-47.1179003935798,-47.3176251956997,-44.9911873217522,-44.3444048875465,-44.3901426641429,-43.6047230844009,-44.2647102171685,-49.2260588163351,-52.715552247043,-43.0685681209806,-35.2158642927546,-30.7284888831688,-26.926932763422,-24.1337388948978,-22.1577226140663,-20.4802207788829,-19.5127636624536,-18.8668217904283,-18.6903484562971,-18.9074975946681,-19.448404239891,-20.5868395884019,-21.947260892801,-24.0607438082038,-26.7280983838973,-29.9097244991956,-34.100060626864,-39.7503898046707,-46.6633291135019,-50.0045493257869,-49.1862526759931,-45.9418396517006,-49.0221808230788,-47.446332193012,-47.0349345082131,-47.9317094040356,-46.9052563943136,-48.1128175780091,-46.9863669725782,-47.5030962029044,-48.2104440696575,-48.9120397765001,-52.2737189833705,-53.5150813286838,-56.4746316709942,-53.4593082002889,-50.8586178541779,-47.1962479288812,-45.6291596074254,-44.3596833123425,-43.2099340042885,-43.2396891728594,-42.9093819767008
-45.6668287813104,-46.199525382783,-47.156532657853,-48.3967562738918,-48.5651548918531,-49.3380466403649,-49.6477031781481,-51.6105546510599,-51.7248587091069,-55.2765318075272,-56.6604419543425,-56.2223643988026,-55.6716794242195,-50.9890046399967,-49.2515934079857,-47.719401837363,-44.8640354665247,-45.6621923783918,-43.8384101169382,-44.2963676553312,-44.9479861545134,-44.5886184485095,-40.189875905056,-34.4470529410879,-30.372831621307,-26.8381662621375,-24.0757667740493,-22.1736196357352,-20.4923860238335,-19.560240185466,-18.9255793748128,-18.7555892721277,-18.9759117482317,-19.5354807826027,-20.6834149502471,-22.0601386803539,-24.2330684727547,-26.9767459648839,-30.3881815827635,-34.934626921501,-42.501914830117,-53.3556456360754,-53.7791485505907,-46.8442844379565,-46.3912975408316,-46.5242711524903,-45.4690186874151,-46.2781288924109,-44.5650840989243,-45.1916808669198,-45.5620547693752,-45.1063491876709,-45.7634833004067,-46.1823810066579,-46.5037037500641,-49.0806390734169,-48.2878305021491,-49.3971205375479,-48.731766916678,-47.4327115889226,-45.5251221153598,-44.6285489678197,-43.4952875748619,-43.2515205213517,-43.0068418419425,-43.4456086417111
-44.3406983058784,-44.2259270064746,-45.6034027714292,-47.0295964973141,-47.5999034001329,-50.3386587684472,-50.9815328847186,-55.4565333277646,-55.248443941925,-62.1915035938379,-61.1118385207881,-71.244590553174,-65.0396967092528,-54.9890021928648,-51.1982622762987,-50.3658662251468,-45.4477648768141,-46.5183559559619,-44.3561590622914,-44.4382630281837,-42.4183048009125,-39.7534513613174,-37.4909357308884,-33.0550898665848,-29.742672310451,-26.5822688408421,-23.9687655843644,-22.1485775323656,-20.5288148915603,-19.6174550276447,-19.0166105930871,-18.8431045522254,-19.0593283173318,-19.6661923548947,-20.7685400311914,-22.1958921201373,-24.3445450582247,-27.0582391667957,-30.4914976826057,-34.8961119426478,-42.2857276214205,-61.7801632789932,-48.7458389746906,-45.3763835918954,-47.4316812430853,-44.6634179901193,-44.4374936328169,-45.7496560370355,-42.9290493348484,-44.2829363238792,-43.7810855255295,-43.9036525885656,-44.3804324301924,-44.4945803080281,-44.7398127471565,-46.2118531932804,-45.4108506232678,-45.9325453240072,-45.9189949429764,-44.8823867481644,-44.442122990654,-43.9056111865308,-43.2176429360039,-43.7269166742727,-43.2110377632786,-44.2285138737258
-43.2394796686272,-43.0130643182495,-44.588638465025,-46.2147388766234,-47.1005644019181,-51.6279845993318,-53.653121734761,-60.9339894650359,-63.2466943835758,-69.4403269909539,-60.9433126439245,-63.8396781429034,-66.3930746612298,-53.5543687736866,-51.2707752225043,-50.9771714714997,-45.9254607171391,-46.5386176587041,-45.1130664518018,-44.7959609563029,-41.7304214685101,-38.1188954154108,-36.4576163098222,-32.3985137060386,-29.3263761940302,-26.4571129621168,-23.9567539116833,-22.1398439783363,-20.6301929549314,-19.6958447683419,-19.1416247169566,-18.9547983191554,-19.1597906847056,-19.8238857747892,-20.8534218888015,-22.3181249360177,-24.4463604306361,-27.0032340639976,-30.3026842724368,-34.2845128155222,-39.8646416917893,-48.9693217812913,-45.5770819219835,-45.2654386168313,-47.8251683471354,-43.7705520257358,-44.1459425856359,-44.841267197729,-42.6360895353297,-43.9561721853079,-42.9675765186544,-43.4668463835373,-43.5968219241598,-43.4826409830758,-43.8082411767119,-44.1733600738201,-43.9678952750206,-44.086503570655,-44.330907109483,-43.5593147831059,-44.0701207856658,-43.8505493063392,-43.7507238472818,-44.6437062792197,-44.0761946538045,-45.1976965331241
-42.2655809530771,-42.2037821444703,-43.701454997767,-45.035656731361,-46.4381633562712,-50.7551455925895,-53.8066376372837,-59.6301848659983,-65.434392016244,-63.062002303795,-57.3574948850679,-56.3140544525965,-56.2543880176495,-50.6118492400015,-49.0216585887448,-49.7535702677116,-46.385487006366,-45.9333557503658,-46.0554438182551,-45.4791541720982,-42.6830654879108,-38.5303316197944,-36.9328706109483,-32.7736451978123,-29.3647443097574,-26.6343506331037,-24.1210298548343,-22.2080141259541,-20.8198380241819,-19.8133552239585,-19.2980555408123,-19.0949097834632,-19.2864268282858,-19.9871769492107,-20.9557394005103,-22.4284168810159,-24.5873729683691,-26.9859433222111,-30.2232565847179,-33.9498996696848,-38.8282041399371,-45.4650663119937,-45.1517870658916,-46.6045930043469,-46.6851418009498,-43.8642230814926,-44.3571296268945,-43.9228609858558,-43.5088254474416,-44.1867599900929,-43.2842237532396,-43.9311696633942,-43.6355909479437,-43.3551640142037,-43.6337067067716,-43.0044612111867,-43.418945489199,-43.2366932741967,-43.5793866031126,-43.3591181049614,-44.4495198038716,-44.7007071291429,-45.3119017907974,-46.1397916989214,-45.8517264812802,-46.4654427116645
-41.4259750910015,-41.6040577828225,-42.7336877050787,-43.324054198538,-45.2225039900983,-47.672360160214,-49.4101737819255,-53.1297769277025,-54.2742628701775,-54.0420666398864,-53.2975601298529,-51.6076452069631,-51.3817339418168,-48.9308234717839,-46.9237620576049,-48.1803473102441,-47.0947692958365,-45.4316590996347,-47.0326117755995,-46.5683780746856,-45.6775957104764,-40.7975696910915,-38.8130049669226,-33.9642545990245,-29.8494846422491,-27.0789197300083,-24.4402344637007,-22.3848415167058,-21.0874055731358,-19.9890490862186,-19.4822266953337,-19.2690165958971,-19.4518269846162,-20.1426741158362,-21.0839292420196,-22.5599254397956,-24.746809089756,-27.107927160219,-30.4632507616351,-34.259174653219,-39.7446054258999,-45.2741024459215,-47.474298603355,-48.5703264192993,-45.1033635198493,-44.712982483133,-44.7514230652438,-43.5483607299738,-45.3697598364517,-45.1635591731731,-45.0330545926616,-45.5668124776961,-44.7626581675246,-44.2128552490849,-44.0156930904008,-42.6408873339887,-43.3556636328184,-43.0361288274636,-43.414458926245,-44.0888826509151,-45.5743981890043,-46.6003801156823,-48.3188946050373,-48.6351550284235,-48.9111382278451,-48.1734672470903
-40.8055488186851,-41.1379974913007,-41.6669342704975,-41.6690001723456,-43.6119725582942,-44.7617515660527,-45.7759582332123,-48.5000564052697,-49.2207167544573,-49.083334563103,-50.0463298329062,-48.5803974416529,-48.4444677673263,-48.3311501309566,-46.0138235258809,-46.995431418671,-48.1769497701062,-45.6826844961861,-47.8799381631882,-48.0917550109417,-52.9927223802648,-44.711602532868,-41.6058619053985,-35.2674836902848,-30.5459388641311,-27.5948941751505,-24.8231035246093,-22.6603103226878,-21.3954712399322,-20.2350075971051,-19.6941517346008,-19.4827984585402,-19.6658601200133,-20.296180800679,-21.2375845898662,-22.7408765826086,-24.8611571059922,-27.2921870452868,-30.8384357228039,-34.9402715693233,-42.2967947386012,-48.7689154118403,-54.0738230057981,-48.0123161053297,-44.0742837142184,-45.7051179616223,-44.9884644960256,-43.7902363253749,-47.7945359172316,-47.222259589258,-49.0033129806857,-49.0532151679805,-47.3590237079895,-45.9008203745323,-44.6049961007329,-42.9399633960128,-43.4153979703111,-43.1866576896984,-43.6091806440506,-45.2920026206543,-47.1532826769516,-49.3924938280598,-53.9302432090707,-53.3395140758531,-53.9711592542397,-50.1192561679071
-40.4835373498419,-40.7275320714185,-40.6151226196391,-40.4863819904391,-42.0232660115867,-42.626232885467,-43.454530317537,-45.3379989962723,-46.0967192711913,-46.3568061441293,-47.8333575856592,-47.0772414522658,-46.9411368653444,-48.507504926569,-46.5002569251344,-46.6445773925795,-49.3347607097643,-47.0790984544904,-48.6669232465393,-49.9323050220033,-60.2995694011626,-46.2498410574572,-42.7318743907951,-35.7838936289262,-31.0571025347553,-27.973044388347,-25.183634093513,-22.994838897095,-21.704751563771,-20.549838430132,-19.940846210396,-19.7411311397612,-19.9309796884229,-20.4736287499975,-21.4226467133642,-22.9701543129796,-24.9129891626243,-27.379720390685,-30.930643846013,-35.0946313773647,-42.8923458947761,-69.5613449986293,-51.4550057982149,-45.4604425322122,-43.7950365341406,-45.8885094270149,-44.8646933849315,-44.2516965834371,-49.6205363234589,-50.1042528779789,-57.1884666256469,-56.2579293123875,-51.2673394387878,-47.313663329864,-44.9429228322443,-43.6183367621435,-43.3539562220191,-43.3993992559259,-43.9136743857314,-46.0084640376113,-48.0201001928875,-51.1376541657386,-60.75411366354,-65.0453798345638,-58.7288705391872,-51.3181100236712
-40.459188611167,-40.2740774625012,-39.740245263321,-39.8387320147676,-40.7357865128895,-41.1890965337003,-42.090483492027,-43.3201265955486,-44.16920137448,-45.1424037057472,-46.5958803013401,-46.9354976967752,-46.8371215487757,-49.2046815461066,-48.5550889642399,-47.4311111910086,-50.0127317679623,-49.8390574507381,-49.6937834141565,-51.6751017437473,-49.319002439582,-43.4914450983441,-41.2683507374224,-35.6277140806863,-31.1795888426346,-28.1850905580284,-25.5056891180672,-23.3522998754335,-22.0016898794749,-20.9183405294512,-20.2359591395799,-20.0479612606267,-20.2426448059435,-20.7102814413693,-21.6634265181169,-23.2290350292153,-24.9750429259418,-27.3522354614023,-30.642855501407,-34.3051756899707,-39.8737262645962,-48.2044667345827,-44.9372665100643,-43.6252812269701,-44.0550332151344,-44.9074417977211,-44.3677914305224,-44.4333667099548,-49.0292288669922,-49.8193225461312,-53.2842035230791,-54.7907410174765,-50.8356416487984,-46.7749542124818,-44.7960850586365,-44.237045658444,-43.1731779368458,-43.5001288985505,-44.1132732758317,-45.6223298125914,-47.1212204716306,-49.5088749222511,-53.1793881507488,-55.1907206066489,-53.6588030231679,-51.0342272260976
-40.6018595408212,-39.790067318064,-39.1872882160255,-39.6184027809147,-39.8701474338087,-40.3357611775487,-41.4150524860365,-42.2651813256969,-43.2024345848604,-45.0225267846201,-46.2549533489752,-47.9432659185549,-48.3489662769108,-50.4008282412352,-52.5289853879563,-49.5627916667127,-50.3554110149911,-53.7526931752844,-51.2444287267186,-52.8317770871052,-46.5617202600466,-41.7200540993062,-40.1935061932259,-35.5513442250868,-31.1727517512159,-28.3790892059998,-25.8339908439172,-23.7308305291669,-22.3070318809382,-21.3195680251128,-20.5954913696532,-20.4070663063356,-20.5951973841024,-21.0352666063022,-21.9950821130863,-23.5140901774545,-25.1553469696613,-27.3987486092237,-30.3912264825846,-33.4613051176082,-37.7389761601996,-42.5396060621776,-42.0512487864551,-42.902879267627,-44.3258128222842,-43.4330905487601,-43.6315515046133,-44.3393196581721,-46.4976543504517,-46.4185021931159,-47.7071198691597,-48.2818961858143,-46.9856788148807,-45.3122707937575,-44.4156244369482,-44.4603819286285,-43.0967718433585,-43.55073863027,-44.1731336451599,-44.8263630867596,-45.6272602494594,-47.2486921355178,-48.9149001805934,-49.3483767574857,-49.6128200419685,-50.1115571841105
-40.694946210676,-39.4564140157866,-39.0552890338375,-39.6753135507079,-39.4803450616085,-40.0078540949463,-41.247716527796,-42.0189601038275,-43.0829761410351,-45.5803314518605,-46.7406222146328,-49.6182311451356,-52.0919075518792,-52.6470779815998,-59.0013497604237,-53.0751925444965,-51.1958289048677,-56.8563473890209,-53.442921661935,-53.5816389168053,-46.7619705612048,-41.5555043828649,-40.3858472884919,-35.8602586525522,-31.4043908655975,-28.6832293158236,-26.2108818156574,-24.1613973093239,-22.6592579176389,-21.7409210971082,-21.0318417472418,-20.8236336086833,-20.9899290851639,-21.4604346277173,-22.4402907329531,-23.853657524756,-25.5153825374807,-27.7322363611158,-30.5977430666443,-33.3927065307115,-37.2872439209013,-40.5377487725164,-41.3686589785221,-43.1458784369681,-44.061484535715,-42.215404932732,-42.9088897549434,-44.269970872352,-44.0438637856183,-44.0382537190781,-45.24864454843,-45.260949117305,-44.7081812730446,-44.4492345831093,-44.2381604986509,-44.4080506711795,-43.4019169780083,-43.778491757858,-44.271088750633,-44.393929707187,-44.7088032009822,-45.8781389761135,-46.8074361478434,-46.7473218797452,-47.4071581791089,-49.2411183076085
-40.6577937531162,-39.5047111813466,-39.3946583271513,-39.9058193079608,-39.5988811868104,-40.1926793911691,-41.4679031805888,-42.3808073392042,-43.6944464922681,-46.2950373521111,-47.8982571635386,-51.0429913862998,-58.7033829000269,-57.6058379486934,-67.1156411435468,-57.0200370000667,-53.0013953635527,-57.0336951016002,-55.9631165688913,-54.4961913094797,-49.2750307937627,-42.7208861820826,-41.5992469928208,-36.4694135630612,-31.9713296932614,-29.090261601526,-26.6378913797979,-24.6757101693438,-23.0907879915239,-22.1907806238643,-21.5501092209639,-21.30646030996,-21.4405722470714,-21.9789526588948,-22.9887271765429,-24.2864364054196,-26.0335672574584,-28.412626571372,-31.3883798695494,-34.396415602633,-38.4674883911836,-40.8361352101307,-42.6681876959394,-44.1144082640392,-43.3545418749859,-41.6687781413262,-42.4776400629744,-44.212524423067,-42.5155045489894,-43.092058819681,-44.3705457423876,-44.1222297376377,-44.029366238671,-44.5599150595257,-44.593658069837,-44.512989129602,-44.3044720366044,-44.4069090950573,-44.6509691599233,-44.6017959541513,-44.6751956001197,-45.470739075249,-45.9449129443223,-45.8366537457543,-46.4898811236288,-48.4705835597984
-40.7149675451232,-40.1114495979754,-40.2195335960442,-40.3226059913454,-40.2423309619885,-40.8899120993083,-41.9958114108873,-43.0621873124423,-44.8074500312685,-46.7996383721626,-49.2626030800492,-51.8523120763871,-57.4772766068836,-73.9113960686472,-73.3294043746778,-59.20043249044,-55.0473186293601,-55.5884221290293,-57.213753245763,-55.598192144917,-53.6909065451274,-44.4918089733854,-42.8881792744231,-37.1322562793237,-32.6395045966718,-29.503643224931,-27.0955914257138,-25.2785481500992,-23.6197916664109,-22.701638460181,-22.1499833097742,-21.8699643624371,-21.9728821820527,-22.5741712312027,-23.5961424693984,-24.8206634549425,-26.6229494257899,-29.2763954544271,-32.5202164780047,-36.3012605397819,-41.3602888169514,-43.5810118650237,-46.299300213147,-45.1623036873816,-42.7648645619453,-41.9696883673777,-42.5284525430858,-43.9692571413207,-42.0724650588251,-43.3609283620822,-44.5184898641718,-44.3458196870703,-44.7263803660029,-45.6881636399705,-45.7223361125599,-45.2147763108948,-45.9379329291993,-45.5763610375688,-45.494081578867,-45.5066533287351,-45.5608568861416,-45.9535751692757,-46.0531404868822,-46.1615594851442,-46.6674704886496,-47.8623721838906
-41.2448495452094,-41.3936515781347,-41.5374220257201,-41.0800474342337,-41.4157722144144,-42.0750183511464,-42.7737593445845,-43.7725680635726,-45.9761789480038,-47.2050239674352,-50.0180774464134,-52.8057669428831,-54.3326506117974,-59.5813811631509,-68.2091216919129,-60.9644276573162,-55.384290823391,-53.6196920490031,-56.2085057453614,-56.0722276357076,-53.8820429757311,-44.620114797752,-42.8353635430015,-37.5052821931512,-33.0682839505207,-29.8728904173207,-27.5927151570375,-25.9528090812381,-24.2641103909865,-23.3222050049454,-22.8335388041908,-22.534554502457,-22.6181921920377,-23.2339408698801,-24.2105790469756,-25.4126391307797,-27.1920517416532,-29.9893026288732,-33.3471592742645,-37.7924456077476,-44.91476360863,-51.1561790127192,-50.3601747559092,-45.2429782403403,-42.732215176517,-43.1424477352749,-43.1351557848302,-43.6587450135581,-42.6978782022046,-44.623963745311,-45.4460733396184,-45.7436917392067,-46.8047506685861,-47.9505675948164,-47.9041514272301,-46.9397958646982,-48.3302890111426,-47.3332168139527,-46.8927057543026,-47.1012628244847,-47.3650667663466,-47.3254893103244,-47.1309736806831,-47.5795743488003,-47.8703670659013,-47.6979184460745
-42.5907541263558,-43.4539259162689,-43.40912934895,-42.4590050046965,-43.1449717526473,-43.6650338522503,-43.7517397592415,-44.4393851769978,-46.6949131076178,-47.7398897374615,-49.9150534511454,-54.0238654070307,-55.0585889312816,-56.0519192780754,-62.4166030232181,-64.1771506000868,-54.656605228634,-52.1628756615949,-54.439795007898,-54.9676716121762,-49.2178042623679,-42.5963300100541,-41.6258693457486,-37.3731073137612,-33.2652081137198,-30.2811123529587,-28.1933669487921,-26.6955472414862,-25.0625849508568,-24.1044618077598,-23.6152451884287,-23.3244605443019,-23.4036573061012,-23.9613768174118,-24.8153602388877,-25.997911961651,-27.713335662088,-30.3409017253991,-33.3877185213014,-37.2294694107246,-43.4815905060639,-56.7496093043958,-47.0302157335185,-44.5757946838084,-43.524610243052,-45.0367785130619,-44.2845804317184,-43.674173540932,-44.3194774698811,-46.5580935123717,-46.9673941435104,-48.1374252483104,-50.5304251234212,-51.8356797249021,-51.6859881213733,-50.2566477763743,-51.2062072211478,-49.5997903136675,-48.8680305166892,-49.31685361109,-50.1072893597804,-49.7338276593868,-49.4019533775396,-50.1562142853248,-50.0228995910912,-48.3023978070283
-45.0581622238303,-46.4558360575558,-46.0545022598406,-44.8786901707277,-45.5234123242636,-45.4895755439514,-44.8902355384689,-45.233586593331,-46.8923218869959,-48.2235605110165,-49.5500662908082,-53.9130300653393,-60.1118418138807,-58.0927516964993,-62.8241597453278,-65.8072765332503,-54.3797038749813,-51.4194395331938,-52.3266102397536,-52.4811189884322,-45.5623248234077,-40.7227180258643,-40.4203984198225,-37.0105383129603,-33.6166168926401,-30.8994080511189,-29.0031525289312,-27.55519763264,-26.0806495701502,-25.0928621822677,-24.5280005667359,-24.2636316123823,-24.342951127151,-24.7752349820563,-25.4549158901609,-26.5690520883686,-28.2400668689332,-30.4971572324592,-33.0349800699628,-36.0016039090944,-40.2203879909752,-46.0088258446668,-44.2701099513442,-44.4414698979508,-45.3784064062346,-47.2377359069464,-45.9420595852284,-44.3500253419462,-46.8188302293432,-48.5253888673028,-48.6375998147319,-50.7982280917689,-56.0464041105597,-59.5336340500341,-58.6688968603708,-55.783087213886,-53.44187619172,-52.0794725151369,-51.3892760555097,-51.9631730335913,-53.8602856662956,-53.6655239385141,-53.4974026483621,-54.2271204117601,-52.8916556773045,-49.9364068372024
-48.9752583132075,-50.8344386373151,-50.0791077526753,-49.0514156387345,-48.6089437931566,-47.2889537043256,-46.1836145859124,-46.3081245301793,-46.9110753775006,-48.2064538594893,-49.2685560776091,-52.100835541903,-58.6555034683152,-76.6738735571755,-72.7281073599839,-62.1908821613397,-54.2638805945643,-50.7272855241769,-49.9160407097646,-49.7099854597172,-43.2195658808479,-39.8553175982153,-39.7380264726449,-36.9693774298775,-34.4870936025013,-31.9050278145097,-30.1430475327126,-28.6371397961459,-27.392188976666,-26.3190157698438,-25.6201735232369,-25.3707640607237,-25.4306778145787,-25.7011679595438,-26.2166075906963,-27.2200834662652,-28.8655316755457,-30.7800745143942,-32.9078873198347,-35.5043622550925,-38.4099348295221,-42.6239362554474,-43.7303743184715,-45.6145550308633,-48.5959890058653,-49.2895830512129,-48.1730199836058,-45.9796094323758,-49.9814022878573,-49.6200117343478,-49.4878837979963,-51.8784433297046,-57.1410781725601,-66.684857529027,-64.229399034549,-57.557923854668,-53.7876003267601,-54.1521197798213,-54.2959562325017,-54.736475348962,-58.7143495085924,-60.6716899362942,-61.6838050167746,-59.9344438434896,-55.9041717724194,-52.7548563035756
-54.100510713896,-58.3528527104698,-57.558674649359,-56.1136624622949,-51.5287655637274,-48.8163137022939,-47.6676608007238,-47.5946638296103,-47.0386483334781,-47.7509837166362,-48.9938407638298,-50.3063549990859,-52.1285987808748,-55.7108508534987,-57.4155688943227,-56.7645489815315,-53.4808012158085,-49.6807035779211,-47.8725086911613,-47.5173280437123,-42.1963802354993,-40.1156394602769,-39.7667618355587,-37.6699155671651,-36.0691014085273,-33.4639647656246,-31.7396283558093,-30.0755114382526,-29.0495080127267,-27.8011918418261,-26.9425994367819,-26.6531489285041,-26.6427744892991,-26.7600550116457,-27.1831952896621,-28.0939007049179,-29.6771786641006,-31.3863047812077,-33.2836471442199,-35.9245562942498,-37.9293883762743,-41.3759079958206,-44.607167564548,-48.3676476194962,-53.6883406779633,-51.5628776749165,-51.3450950120484,-49.1714431097094,-52.6410702794687,-49.5006233303814,-49.1150378013662,-51.0767128242561,-53.1779652789389,-55.2149856542434,-56.0944632716361,-53.6981745747893,-53.1381046413287,-55.0935657232751,-56.7050047362233,-57.4548627063762,-63.2739710785926,-69.1626910404627,-71.7071306455872,-61.641127201275,-58.490514365194,-56.3358814955591
-55.6531463456207,-68.8050179677175,-69.8201306716832,-57.2866069958879,-52.0260534971218,-50.0915752042665,-49.3426356128728,-48.811896977908,-47.4063147358926,-47.4133262576174,-48.6595943220636,-49.1285827610612,-48.9878870824227,-49.6543224792225,-50.8483733100958,-52.1047562122634,-51.9356022227083,-48.8361692952224,-46.7615111341731,-46.2804320295653,-42.5937394820929,-41.6580727547167,-40.6790699995123,-39.368131071316,-38.4618046224961,-35.7645448588548,-33.9281454713122,-31.9881438797674,-31.0521729769158,-29.5454815645162,-28.5272768948548,-28.0980549280331,-27.9437732489362,-27.957234190091,-28.3869912491791,-29.2847699560075,-30.7300545441715,-32.3557202093079,-34.2113378571763,-37.1118251560596,-38.5172845191758,-41.2323930459366,-45.8711934744209,-51.5735736105673,-62.6921004396608,-55.930502623078,-56.4476195775033,-55.869455216537,-51.6789159395298,-48.746306373178,-48.4219207066854,-49.9253353588675,-50.4725336483316,-50.9756193707519,-52.1345881756021,-51.6515465260561,-52.5867699856001,-54.8406423002996,-56.8567876969329,-60.0366161369002,-63.0082766523635,-62.1122179325391,-61.7357499863767,-59.8826650044048,-60.9637471572731,-58.2904587027734
-53.4216614150421,-56.6537395638924,-56.391413856742,-53.5424344127234,-51.5541502051483,-51.5464378321426,-51.0166006927596,-49.7262547769284,-48.0829402515037,-47.5168119716353,-48.3187968783674,-48.4017642223103,-47.7193780897419,-47.1354732633507,-47.6878075750019,-48.9672039216699,-50.1341673352425,-48.7462976565728,-46.8469338506129,-46.1414488075722,-44.6562989681182,-44.9890276543159,-42.731760342892,-42.2823457907092,-41.7801616782943,-39.0558032920371,-36.8376755065801,-34.4055774601088,-33.3158500265029,-31.5431688376277,-30.3592693198193,-29.6629783196783,-29.2982702592676,-29.2726240869148,-29.7780658654616,-30.7587821984553,-32.019425855444,-33.6243509488542,-35.6658821784201,-38.9286114577934,-40.006476247801,-41.8427423180382,-46.8773239496255,-51.3679397890233,-66.4650907595467,-69.8792630943966,-60.3658164049088,-57.4700730365018,-48.9630068263363,-48.0358020921326,-48.0529629203255,-48.8704864444606,-48.7082771610393,-48.7027201532251,-49.7121284312936,-50.5073883038662,-52.2008923443709,-54.0753548713321,-55.5413247867521,-61.1308655934195,-61.7115897377733,-61.335495669379,-61.6496169235081,-61.2169838390925,-63.2955185093574,-57.8348495901032
-51.8136140380932,-52.6488766937149,-53.0632010339938,-53.2073025756491,-52.7915252412079,-53.8682179339621,-52.3478345583788,-50.4570590714185,-49.0662031470427,-47.9311176972201,-47.9259478824599,-47.8422234855057,-47.5274136499588,-46.583419694052,-46.5832301956535,-47.4022663534076,-48.7739857249459,-49.478575864443,-48.3065089001537,-47.1828509097871,-49.0857687128933,-52.0134303940238,-46.4255751595733,-46.7127237522007,-46.2595664404801,-43.598926063758,-40.4742072679053,-37.1459953669111,-35.6653855352638,-33.7550596899021,-32.3455648585931,-31.2722567524316,-30.6773709980572,-30.6503452405747,-31.2113308076853,-32.2957958370721,-33.4247221861274,-35.0337591818839,-37.5508108609647,-41.4261852952343,-42.3470362470956,-43.257971684914,-48.451328189284,-49.8286760103154,-54.9322237763324,-54.8283958397947,-53.8987422112437,-49.7734182588135,-47.2618343021188,-47.6983416991858,-47.9369831380204,-47.8051107107457,-47.4471964678602,-47.4175996076367,-48.0508709374025,-49.3005097201165,-51.6237473092242,-53.2608835453433,-54.5027222133261,-59.1727245149435,-61.5702392904491,-66.2734325970907,-69.5064113571638,-65.7306054534832,-61.95309887197,-57.4106018301363
-50.6749238644262,-50.8866940050052,-52.0736177666077,-55.1012404768068,-57.9194829116627,-57.6786683250082,-53.2700833377096,-51.2639154655108,-50.0660777800387,-48.1823062805877,-47.3426432447702,-47.2634590682321,-47.7588532083432,-47.4536027555161,-47.226435810076,-47.4911117505218,-48.5653716110143,-50.9159245883615,-51.4096828609822,-49.4584271955267,-59.2522961221901,-63.6058511046132,-53.1967427949141,-52.845759512206,-52.2168840987569,-48.9166766044315,-44.353755917717,-39.803705443195,-37.9392503191505,-36.0677147858279,-34.3009755533175,-32.8280480622691,-32.0452966961374,-31.9853089144078,-32.4701360433711,-33.5052847088756,-34.6303324718254,-36.2655051939643,-39.4343217291937,-44.6627792792432,-45.6603241765728,-46.0458386055875,-51.7910850211451,-49.2379449289722,-49.7125894985042,-48.8487672717897,-49.6368989167847,-46.5419392685984,-46.9848886731511,-47.7523047953124,-47.7128100616863,-46.7908493208883,-46.5596160938224,-46.7358809453361,-47.0117071690649,-48.1444353438886,-50.6772669275012,-52.2599070246061,-53.8574633267176,-56.4297502929849,-60.0903258846831,-65.7241963836426,-66.6658886764325,-60.8406338027979,-58.1991723877996,-57.4196805668397
-49.4504358352915,-49.8936194982335,-51.5618479722681,-55.4383554684536,-70.5361928476093,-59.4315950895241,-53.6478494479046,-51.7666498106281,-50.2020650158224,-47.8977656935458,-46.6193200786152,-46.6472737510965,-47.7520580317589,-49.0928255326116,-49.6816746586695,-49.6934634872333,-50.3282918461519,-53.4653436779447,-56.7074248481832,-52.7690134336548,-60.9927005825309,-50.8340019367063,-62.228550416638,-56.0117513298073,-57.2795831353827,-52.2968043640183,-47.6851982307355,-42.3475231531895,-40.1822404798727,-38.212796019157,-35.9902625071265,-34.222865348274,-33.3158423077103,-33.1089920384055,-33.3385579949573,-34.0577907986238,-35.1915235347094,-36.8374344418531,-40.1866580067833,-46.462356632971,-48.4013576793121,-52.3485877334956,-54.0110981067802,-49.0063405039653,-46.9829408979513,-46.2438583996363,-47.5414732539163,-45.755726481181,-48.064413480635,-48.0493707870577,-47.2853847340057,-46.0988631199153,-46.0715164868502,-46.4499215439188,-46.5747004371452,-47.5013061583391,-49.5898433674495,-50.900282602265,-52.953674315462,-54.388875592545,-56.624522189245,-57.7996036026155,-58.0347449536862,-55.972115307505,-55.5300491133321,-57.2423129142126
-48.0754984828123,-48.7511342005271,-50.317622771752,-52.3210869272151,-54.9518085535233,-54.7155190038621,-52.4701121220632,-50.7374136660387,-48.9289112599526,-47.2438857074998,-46.0220566772372,-46.1141276037363,-47.2269204172084,-49.8563555109326,-53.0361771243864,-55.5473737609303,-56.2298471122031,-59.6797201126517,-64.0240639701829,-55.8856199132046,-52.720387389034,-47.4349430842552,-53.4664944748953,-52.8694347777873,-54.6902569002254,-55.0766251879105,-51.9208211447459,-45.5483841122955,-42.4591789828453,-39.7298186833459,-37.2082459899533,-35.3185228324349,-34.3004724819346,-33.8123226251768,-33.6996373207962,-33.9835706898938,-34.9652996289311,-36.5192000722625,-39.2758263852318,-43.8629503001882,-45.2859540613504,-59.4547688713631,-49.6433883757524,-48.4906259313658,-46.0197468872493,-45.7182768194829,-47.1513061959607,-47.0566260211478,-50.1363882928075,-48.472741764703,-47.0012598244957,-45.9932285576631,-46.0479782616246,-46.4504178732842,-46.6677847914931,-47.4927681966854,-48.6937075548675,-49.5498809201759,-51.6340636991074,-53.1646867745715,-53.8364994592824,-54.4506032290495,-54.9580143725511,-54.0949626984065,-54.3204607278386,-56.4427855427741
-46.939181677239,-47.5143845028197,-48.764393701451,-49.8594366174699,-50.35451300831,-50.8016304130517,-49.9922948900801,-48.5301932629056,-47.1920776485101,-46.6095791916473,-45.7824888085719,-45.8336952460851,-46.5200726822216,-48.6895874261774,-51.5315187268594,-56.9215904864009,-62.7073559839691,-66.8988847641521,-60.9841645997294,-57.2146738746024,-49.184042225737,-46.4361473728257,-49.6509916962067,-50.2756082280078,-50.727588457146,-56.3787539007978,-68.2536765221623,-48.5853456592329,-43.7717852357481,-40.2123342834012,-37.7864350508499,-35.9152667668841,-34.7505573768639,-33.9714760897977,-33.6082925543005,-33.5943454057256,-34.3234031524258,-35.6944168574343,-37.8213910339163,-40.8984387683215,-41.3300944345275,-47.3126676052545,-46.0961127055064,-47.8676339870661,-46.4406895399122,-47.0616381636565,-48.5659559554247,-51.0626272310723,-51.9491530091489,-49.1026273792419,-47.2766965125686,-46.6153067107207,-46.5168679885269,-46.6995582858208,-47.1361671360165,-47.9384108797635,-48.1973509623729,-48.7387618056696,-50.5431559203015,-52.5690149643698,-52.5089823839416,-53.540220459719,-54.3694865680736,-54.3693938098503,-54.4308206497022,-55.2474497467047
-46.5333992257378,-46.9245079111479,-47.8904430876634,-48.7497366203524,-48.3861037745357,-48.343905698424,-47.7655582160788,-46.6540410517762,-45.9526247063511,-46.2399299928941,-45.9889116095808,-45.9530336948693,-46.1280131543972,-47.1564893327538,-48.1370230287467,-49.8190668094794,-51.3726439204105,-53.454869294163,-55.3149325993242,-56.6636344284953,-46.8886570275643,-46.8435476589313,-47.809951915837,-48.7352697578114,-47.755884446916,-50.2341928146327,-53.1256525977282,-46.1590031929484,-42.6193015311056,-39.7039931071643,-37.5985467201455,-35.851656946137,-34.577671631777,-33.6830609576465,-33.2600390899164,-33.1883854188438,-33.7157298173978,-34.8999064976799,-36.6790592461443,-39.0374022576624,-38.9741343452804,-42.7128974387001,-44.1050153967168,-47.30685971722,-47.6518478411188,-50.2940392257613,-52.5232528651947,-62.0875220972741,-52.4346105039029,-50.1688091430343,-48.3584926271562,-47.928533295597,-47.4068442614496,-47.1850033055417,-47.772946850762,-48.5316340099034,-48.187413379904,-48.7464421128692,-50.2398391248386,-52.4076771793341,-52.6628282539095,-54.4639174619038,-55.74764701812,-56.5618149738192,-55.6608666380577,-54.3285601633804
-47.2945647361983,-47.5768189467081,-48.1278509346954,-48.6331285084847,-47.6789911017507,-46.9477404783828,-46.4195686878794,-45.7024923919333,-45.5453547084667,-46.2605574838712,-46.638387546718,-46.5848958172107,-46.4004408763204,-46.4146113252673,-46.4217155346263,-46.7438618628021,-47.5210034726294,-48.8645619779138,-51.1614346383778,-53.46762680987,-45.7735444738335,-49.1152335116431,-47.2729651485014,-48.2008495758996,-46.2011021313465,-46.4450153130028,-46.7760352477688,-42.8036270200898,-40.5116698017207,-38.5995502542477,-36.7431599653746,-35.21151135713,-33.9823694630418,-33.1877814574929,-32.8598967099543,-32.9161120932817,-33.3737699591063,-34.4315135425968,-36.0545897323206,-38.1288461508115,-38.0345100609388,-40.5252427023765,-43.1753086179097,-46.6920524912184,-48.5318344138811,-53.6063103091502,-59.8065507138876,-59.698124417107,-52.9814876050789,-51.777853368332,-50.2231093834409,-49.5700005815362,-48.5028358519962,-47.8817245392229,-48.4065885296264,-49.0020888706895,-48.6571467724519,-49.5969383200736,-50.9214649030195,-52.6230928043027,-54.2710103954009,-57.1017713479819,-59.3961292926702,-60.6890917613166,-57.6028469657804,-54.2841187174072
-49.7707654856692,-49.9042955238051,-49.4751642728484,-49.0152833842935,-47.6314699829611,-46.4029591002694,-45.9688032411079,-45.7013796287373,-45.9994089014771,-46.7582740016779,-47.7157084634554,-47.8505500789191,-47.6096030141837,-46.841035960881,-46.3567050592698,-45.9360012028712,-46.2399892945701,-46.7654338145644,-48.2089719844916,-49.5568709258618,-46.2821434466854,-56.5379284462133,-48.4306543167241,-48.9501841313743,-46.4248581797754,-45.1746967983599,-44.3018735952778,-40.978130044986,-38.8511001268055,-37.2866810360848,-35.571568045912,-34.2879242179052,-33.253713454504,-32.681441813736,-32.5250207518951,-32.7936823305296,-33.3392572163029,-34.3801352122971,-35.9443943464064,-37.9521583816347,-38.2886383153512,-39.7627668768269,-43.1422879340967,-46.1736690951163,-48.6090369623816,-52.5112268371101,-55.3417120925279,-53.5845659361905,-54.8297777165523,-53.3027093018029,-52.101231017546,-50.7728247241456,-49.5197720062769,-48.7743344947475,-49.0178252626752,-49.2784769082694,-49.5270558543211,-51.0738531140814,-52.4626821604242,-53.289250042006,-56.9743095756504,-61.1414634405207,-67.6841920226316,-65.5467338198505,-59.5076924254716,-55.4427767251877
-55.3239818575569,-54.075689285636,-51.291660756202,-49.3631395832529,-47.940555815504,-46.5921726169899,-46.2600875427268,-46.4626306237429,-47.1571561988813,-47.7712192629975,-49.2295271292437,-49.9625658824778,-50.1669661491158,-48.7843761312474,-47.8121726879804,-46.6903646049841,-46.3647536879226,-45.9497846338673,-46.2020707348692,-46.5063906524632,-49.1157853866842,-54.9139048155299,-52.3875026294834,-51.7745895522199,-49.2139638442557,-45.8730752801034,-43.6932966378481,-40.1512585009146,-37.6675052606518,-35.9998586276078,-34.4050496232594,-33.3378665826499,-32.5625083196008,-32.2374439426221,-32.2770827922287,-32.7647915038002,-33.5444892225109,-34.7283378177849,-36.3177275529456,-38.3644866094288,-39.6082878101599,-40.0602939696353,-44.0625883956343,-46.1577007536573,-48.8318443385125,-51.0798578994997,-51.227242082814,-52.7478131786313,-56.6897767461135,-53.2681352260424,-52.4291275188234,-51.1330213391499,-50.3574987193326,-49.9107132908952,-49.7820038411175,-49.6189970037713,-50.7356512521698,-52.7439816950949,-54.2067423947496,-54.4182745663912,-58.7060248311187,-62.9996363228526,-74.3330386227656,-65.7866489146986,-60.7566579155262,-57.685172481527
-70.02381835793,-56.507308006874,-52.1598749236963,-49.5703323853545,-48.5586112541298,-47.4294416690779,-47.1032439561999,-47.6187749765381,-48.5680299131876,-49.1504007718497,-51.0775903630873,-53.2688831547065,-55.279365502211,-53.1239703232951,-50.64611078422,-48.4087903275084,-47.0261920377175,-45.689809821394,-44.8792378960375,-44.4560650905585,-52.2930977217077,-45.8908951621023,-54.0186451026702,-56.4200897884958,-55.7530117088973,-47.2537807802414,-43.5908866158952,-39.4608842754232,-36.5943494401473,-34.8186187225784,-33.370666078123,-32.4703962179868,-31.9426501611575,-31.8369074368493,-32.0796219970318,-32.7648489442558,-33.8690018814519,-35.3802272103143,-37.146727239917,-39.3297460409579,-41.9845737430718,-41.3015201135522,-46.1571605069205,-46.9135035126017,-49.8791930607794,-51.2355080739885,-50.1446352137745,-54.3088482018697,-55.0156510160341,-52.2097650481576,-51.6932442926161,-51.2461411978182,-51.2062853545225,-51.3680368263513,-50.9684665486346,-50.5262039940423,-52.4044556854059,-54.3739047025311,-55.3021193203769,-55.8533560275154,-58.1815333325169,-60.825916158489,-63.588492945527,-63.6010394230498,-61.1951147130525,-59.6283869400127
-58.2765438326994,-54.5809224709458,-52.2336551458044,-50.1746321355672,-49.6320351347852,-48.8409633187929,-48.3097616172663,-48.6833760339829,-49.4501489477074,-50.2210414082437,-52.3694901343715,-56.737431923139,-67.8160418152204,-61.0513649177257,-53.1571772331502,-49.7079364729796,-47.2253523321352,-45.4084927972363,-44.0371627441332,-43.2791726411484,-46.7649876325385,-42.1407706847541,-46.9476809461976,-50.4745442208899,-49.4674538910372,-45.2896123344046,-42.0595154350211,-38.2267552651442,-35.3810923262532,-33.7209164554692,-32.4482686867651,-31.6850349714488,-31.3579563866983,-31.429605141504,-31.8798864534329,-32.7567480055239,-34.1856406433666,-36.1404348803599,-38.3462776551379,-40.9211138297627,-45.6550656697767,-43.6760294940029,-50.0346890158181,-48.499686041648,-51.6008299160432,-52.2335003607743,-50.9724072899424,-56.3307738523777,-52.8706778916739,-51.9600447658692,-51.6484853096134,-51.8677224612181,-52.3334056036464,-53.081743474411,-52.7389042012943,-52.4995760102557,-54.8935109206966,-56.4711343430879,-56.3962808116289,-57.7346101580004,-58.1568646870478,-59.2137620273016,-59.920327740764,-61.1700735524473,-60.3849629673763,-59.6614205464817
-54.7447390000487,-54.1330328944087,-53.2001537774883,-51.8684659686129,-51.3964137509964,-50.7108684163494,-49.6229203041144,-49.3027764672387,-49.3218278741222,-49.9605327287016,-51.3699451122022,-54.0611478131646,-55.5327409441716,-54.4493024005202,-51.4706541706331,-48.963049096567,-46.467274950159,-44.8586228184347,-43.5609327187871,-42.8644788208937,-42.3472365656069,-40.8086990128775,-42.8667757624956,-44.9204169031383,-43.4406889885893,-41.4499593767554,-39.2619321800557,-36.5527726228693,-34.0800953134055,-32.6632868866787,-31.5785955006967,-30.9467807456666,-30.7700275325328,-30.9816464176503,-31.6331747325947,-32.7177844559628,-34.3904717097639,-36.7103513672576,-39.5799265686037,-43.0647143463762,-50.514442735976,-47.8124883611227,-57.6268879377985,-50.882642723282,-53.0055934552102,-52.9523260680116,-53.0978025992615,-56.502377880321,-52.5214900448175,-53.5517292022916,-53.2659216605182,-53.6102723532219,-53.9594601205384,-54.7034384129122,-54.8208260170782,-55.7137541983085,-58.5223243693797,-60.2960247618429,-59.5630497048169,-61.5085794299117,-59.5856368753392,-58.501392405355,-57.4193624022382,-57.9660125555435,-57.9708623639825,-58.3988437059503
-54.7082951079169,-56.1439578593094,-56.1372786627033,-55.2502195734769,-54.0597520028329,-52.6924779334813,-50.600636810468,-49.3982014827722,-48.5334874815799,-48.5875725539749,-48.8746065134935,-49.6320899824914,-49.5173956046607,-48.8294421179862,-48.1665066566968,-46.8317759397445,-45.1070058614863,-44.125410673469,-43.3965226006624,-43.1160220103443,-40.2916336089916,-41.3315566530127,-41.0280904035263,-41.8715899754342,-40.2375648196729,-38.5673995157785,-36.7213825391962,-34.9063134430803,-32.869113070888,-31.6438115169873,-30.7410513765085,-30.2393981155985,-30.1723193855976,-30.4900229587735,-31.3040783478021,-32.5938234272891,-34.3990634396797,-36.8248165026892,-40.1059680600117,-44.4499203283417,-50.1767151607228,-51.8730893884054,-57.2093678965684,-53.7859703354456,-52.9059381671413,-52.9467789720196,-55.5114241738405,-56.0316432651037,-54.0534295162461,-58.3393251731165,-57.9510885949879,-57.3799980801199,-56.2308703827822,-55.8201373479827,-56.2318684291328,-58.6012985973601,-61.5196181568379,-68.4612175811385,-72.1979119154481,-69.3081016929439,-59.1149381278946,-56.9022551113858,-54.7549331157697,-54.3877742422222,-54.6495321116171,-55.4597460242272
-56.6094524643957,-60.3393995433114,-62.1216487121953,-60.736292036867,-57.5316874183074,-54.1562053597122,-50.962644595631,-49.0873087373659,-47.620106203448,-47.1017480455986,-46.6007997337218,-46.5127442716539,-46.1588603875297,-45.6112232911099,-45.4172177828909,-44.6033677155409,-43.7165914027288,-43.4264531169369,-43.5101576958378,-43.9004149447145,-40.1439051801726,-43.7110776463541,-40.8684579066958,-40.4704215089283,-38.5945803837841,-36.7858250550527,-34.9139846931072,-33.5335237658759,-31.8520520122536,-30.7068102993626,-29.9616065802319,-29.5757961677729,-29.5861973051168,-29.9759896745462,-30.8734444678905,-32.293262764723,-34.1445289280366,-36.4708745611791,-39.5350909444306,-43.2818425260426,-46.538282513795,-47.8797828908476,-50.8776575074641,-55.249007947191,-51.8223642996959,-52.2644838631196,-56.3058142443807,-55.3159549083218,-55.7058984553985,-65.5093401615089,-81.8714500534969,-62.7006363234535,-58.1923949883702,-56.0468918899113,-56.1712273947514,-57.9741455298089,-59.1577153550893,-61.7750180804917,-61.099425394566,-59.2250056183397,-55.033286778748,-53.7125068031318,-51.9947076764101,-51.2254683782809,-51.4670814189398,-51.8289277253258
-59.660281150815,-64.1612051265131,-71.8772568814883,-66.6311612911376,-60.4056992406062,-54.7782579095571,-50.950894642579,-48.5610688965287,-46.8265329929445,-45.8915468358865,-44.9779998899158,-44.4411377140611,-44.0708619256893,-43.633737509447,-43.4335325758361,-42.9131174404495,-42.7477698507393,-43.0306716051727,-43.893481448809,-45.0051042007126,-42.0327352692706,-48.2078279528587,-42.2840416220084,-40.3251542956682,-38.0170050582951,-35.8688753870573,-33.7866578797844,-32.4769234230064,-31.0403157622465,-29.9068981902716,-29.2781340098041,-28.9813501163555,-29.0452994004191,-29.4807427721271,-30.3737020256217,-31.7897867552005,-33.6441505063816,-35.8707893710242,-38.5364590309694,-41.42174338103,-44.9082295370738,-44.6586565192175,-48.579852032117,-53.906628683507,-51.1525797928444,-51.3851827556863,-55.179234324658,-53.3698451136383,-53.8596667793544,-57.1499427018021,-58.7339064213444,-57.6705808745396,-56.5908196341052,-54.7310588441094,-54.6555571955608,-55.2756689364943,-55.0896496133933,-54.7812471632211,-53.7540920882263,-53.1998125133201,-51.5857659242994,-50.6172320613517,-49.6534507056054,-48.8687824963666,-48.9797780579416,-48.9852640317868
-61.7915089962767,-62.2759928140141,-63.993707117174,-63.4015333059898,-58.6189032769113,-54.0288390067762,-50.4959223066069,-47.8474749690132,-46.1347497079663,-44.9280013564263,-43.9414202645455,-43.1642995659459,-42.8449341805204,-42.5478025575411,-42.2748375250391,-42.0629123088624,-42.496449439676,-43.2147086519897,-44.6062052498343,-46.2066316819916,-47.1564359510343,-53.2593937570192,-45.4279053053748,-41.1315362317593,-38.2132101924602,-35.5905798124007,-33.1773079156053,-31.7091315099737,-30.4070422878348,-29.2805665174557,-28.7177236376663,-28.4813789683635,-28.5880348893509,-29.0611643072934,-29.9057302440928,-31.2230244624894,-33.0636669464716,-35.28522999677,-37.8167305242196,-40.4382776950156,-45.2148769024876,-43.6936140753007,-48.7797776008703,-52.9173832159207,-51.8249529592267,-51.4382463448887,-54.0617740991899,-51.5354183154516,-51.6889967197464,-53.3605010330672,-53.4043930600768,-53.1695830185522,-53.2940872424001,-52.390589712376,-52.1972341036914,-51.9966229127154,-51.6122000622754,-50.8133609940747,-50.1792161018704,-49.971299534735,-49.4197793794942,-48.4599672380385,-48.0058482424543,-47.3865675435949,-47.3362598625485,-47.2342510060699
-57.5581628418489,-56.3419485492923,-56.3085899171321,-55.6145639206816,-53.64049115111,-51.2929628896985,-49.0724689290657,-46.8754650212591,-45.4682061915276,-44.1868669445775,-43.3776907625154,-42.576019416008,-42.3329170915753,-42.2292679262255,-41.9976509158565,-42.2050212489646,-43.1509329118492,-44.2191854072459,-45.7911175704247,-47.4890896794568,-63.0369478394501,-53.1753397240137,-49.8418435894607,-42.3018067273834,-38.8225441077034,-35.6879610328853,-32.903285385336,-31.1881438738452,-29.9281682556764,-28.8406098101001,-28.2975028947891,-28.1003983230822,-28.2521570929015,-28.7718734329014,-29.5897113535823,-30.8162282380599,-32.6388766159851,-34.9135159432126,-37.5998459827982,-40.4283966926797,-47.1446544274575,-44.240251582193,-51.0315300007425,-53.9422831996585,-54.6608339435774,-53.69532323452,-54.3104598151403,-51.2744148139104,-51.5415440882111,-52.3328423147241,-51.4275679843559,-51.0595404812338,-50.9235355267792,-50.3620280054063,-49.9202003540331,-49.2461898166686,-49.0924679014064,-48.5059323261603,-48.298585501942,-48.2329486529464,-48.2070457223173,-47.2919198777073,-47.1046850037596,-46.7196160803177,-46.5177419806941,-46.4621656068887
-52.3261645446184,-51.2705188761521,-51.0239246532523,-50.2431871024599,-49.4202055710196,-48.1916881256609,-47.1584399975937,-45.8694452276462,-44.9360420581473,-43.8119220791363,-43.2637847659015,-42.6554841894552,-42.4881365588475,-42.6132008482267,-42.6429756186552,-43.4379307145597,-44.8599046850732,-46.2448677175909,-47.6320380174673,-49.1439357841427,-49.3039938021808,-53.579853583732,-50.1969329771315,-42.756180087096,-39.2385335871766,-35.8117830397964,-32.7908151423392,-30.8669006689704,-29.5955236127507,-28.5815924295268,-28.0297391964693,-27.8610853469874,-28.0633547868367,-28.6396353355983,-29.4910563661214,-30.7086630898115,-32.5232093711942,-34.8650009521925,-37.8190264596249,-41.0050278859496,-50.0583483137073,-45.2569279587615,-53.8646396870123,-57.3703376435239,-60.5689455611992,-61.1787431460999,-56.9563005706372,-53.6039324256651,-54.0980926233592,-52.9157314772133,-51.1551284853216,-50.4045503444858,-49.7181563774519,-49.246843459639,-48.5755793239478,-47.7155484588791,-47.707834027788,-47.4628503317916,-47.5299163623368,-47.4587222035959,-47.6604998049613,-46.989808120776,-46.9095200487077,-46.7653041110426,-46.4564156878835,-46.4971134431248
-48.7299792563374,-47.8991083008289,-47.5943793930266,-46.9626839821581,-46.6196077411772,-46.0289663895446,-45.7491404920101,-45.2996909521787,-44.8418925396205,-44.0529773440178,-43.7000173484945,-43.4232664964142,-43.3046079118213,-43.6456833960763,-44.2170555836991,-45.7996898017465,-47.6421024556682,-49.3420568589971,-50.2578996208126,-51.6145244561623,-45.3917997049814,-57.4721199297961,-47.5421386919884,-42.0318793447409,-38.9413638681116,-35.6604787687422,-32.7222637670957,-30.7010653953539,-29.4141842593906,-28.489130182673,-27.922605269581,-27.7778366044667,-28.0239908542782,-28.6486886202027,-29.580860035936,-30.8666933725362,-32.6860699745827,-35.1026124881008,-38.2593769337625,-41.6583728844335,-52.6587749169953,-45.8593882699697,-54.5168175177668,-58.7171562118141,-59.3211967112049,-62.119593416569,-62.5870702082651,-61.9829525577277,-59.1023416696531,-53.8476910100556,-51.7457385039013,-50.5931266264607,-49.5133408337514,-49.1586754968075,-48.4297932137385,-47.6260386405154,-47.5600556964379,-47.5475194672183,-47.6404771370198,-47.3981164816416,-47.6110504980136,-47.3998172102847,-47.3459836792825,-47.4116775178156,-47.0899440533583,-47.194453699629
-46.4663801741941,-45.8931884580197,-45.5845977019437,-45.2276006781272,-45.1468419674964,-45.0719582960016,-45.3130829518602,-45.5487915188422,-45.5175797886642,-45.180563516006,-44.8807038509338,-44.91224886611,-44.767114527742,-45.2305355406889,-46.520288410328,-48.7477730506701,-50.3204191339969,-52.3608041457023,-53.4273165580559,-55.4339599475646,-45.1779461244017,-60.287326191286,-46.1251075279843,-40.9113379938781,-38.1710893263182,-35.2585299869108,-32.6866654475413,-30.6764781806996,-29.4018787701878,-28.5550784054427,-27.9830720241704,-27.8523654973061,-28.1127064072432,-28.7485594173935,-29.7503979041494,-31.0954208050597,-32.8913074118814,-35.3650122039571,-38.5925784140006,-42.1350237609837,-54.7199723036316,-46.8764991444454,-56.7829836905583,-54.7805476408959,-54.5904576720523,-53.6263629298038,-57.9332172156142,-58.7835633682993,-54.7558542559598,-53.1248758266007,-52.0295399169984,-51.0644599431816,-50.1295952879502,-50.0738245462287,-49.6013287768729,-49.1271421882179,-48.7807682114195,-48.7409525253361,-48.5371954887893,-47.9701299551384,-47.9965982369653,-48.3392311161931,-48.3214477782882,-48.5730441314171,-48.4167996105825,-48.5106302340557
-45.1383795666592,-44.8928877163672,-44.6658142894947,-44.6705520888289,-44.847643112374,-45.2839370391841,-45.9484752563366,-46.835232564149,-47.2705401927958,-47.5188667480663,-47.082792470771,-47.1480124149315,-46.7881463840523,-47.0841846165464,-48.5572066269133,-49.7244462125398,-49.9124341748191,-52.2560202167384,-55.6141821316242,-61.2407134515941,-46.8146039175873,-56.3627419056639,-45.6670336997509,-40.031373503315,-37.5278274991446,-34.9209828301874,-32.7819885332473,-30.8421301349065,-29.5977093614389,-28.7957647858596,-28.224870927421,-28.0784575215771,-28.2989188508059,-28.8845554400634,-29.882370621,-31.1821855428737,-32.8561118594635,-35.2598862364308,-38.4203794729599,-42.176227508286,-54.2810593507575,-49.0276201447167,-67.5345903369665,-52.2815483173181,-52.6143293594637,-50.7311207921889,-52.6426074602495,-51.0785715883715,-50.1397643760168,-51.1990741083319,-51.3648423219167,-51.4498222061701,-51.392191298076,-51.8942905464214,-52.1973775300434,-52.5317931679872,-51.6806285759059,-51.1565110410967,-50.2282604885737,-49.1894462435573,-48.7935205362527,-49.5396178746607,-49.689372111289,-50.2328924208874,-50.6095201453283,-50.6685431024418
-44.4317036745208,-44.591009768075,-44.5758287401832,-44.987806303834,-45.532223615857,-46.499067403569,-47.5608894467593,-49.2176107930337,-50.4753416885848,-51.6760879241452,-50.7798728163436,-50.1309544535068,-49.1533970351787,-48.6319448799476,-48.8484884127207,-48.1725016307013,-48.1521457295998,-50.6380457787001,-55.0110252042547,-62.1360463319631,-47.2057088610635,-53.567449291634,-45.4190958487891,-39.5824543413756,-37.3414434067279,-34.953595034965,-33.1644052858563,-31.3123480416999,-30.0702479896279,-29.2596950610533,-28.6739794317661,-28.4542949980641,-28.5670469791941,-29.0371184029605,-29.9408854044284,-31.1050543805138,-32.566150119305,-34.6964103330469,-37.571790404025,-41.0617474357019,-49.6448813396865,-47.3118873393046,-51.7474924060521,-50.9235026925985,-51.7762789081769,-49.9136222518768,-49.9265127293458,-47.9993329201778,-48.1809395460047,-49.884427308037,-50.7338411915711,-51.8977514213979,-53.1510921036258,-54.3500093814433,-56.1434862797058,-58.4746733640524,-57.2108946437285,-55.2173172937091,-52.875104516845,-51.0578452760284,-49.9063049683761,-50.5441604633988,-51.0642781580664,-52.3309462108971,-54.2827600515675,-54.6667593482973
-44.1342512327428,-44.7229771434915,-45.0754487416376,-45.8705467794829,-46.8701579526358,-48.2831499171653,-49.7562681641335,-52.2710681149265,-55.5661038091599,-59.7074257610271,-57.1662535378498,-53.7071100116706,-51.5258169197186,-49.537046240315,-48.0999161233595,-46.8047476814425,-47.2963963491651,-49.6533511334021,-52.7772072819441,-55.8407835760835,-45.3612555557296,-49.9233350748153,-45.0083001655913,-39.6345182198604,-37.6877121523541,-35.5282499909603,-33.9938197334359,-32.2308862521735,-30.9111683709078,-30.0157634046684,-29.3651543580413,-28.9950513086391,-28.937722146973,-29.2438550111296,-29.9941073584635,-31.0298839012629,-32.2828459718988,-34.0254941240495,-36.3944000030764,-39.0582903112251,-45.604970737537,-42.5880401689955,-45.5636352118672,-49.3944996111349,-50.504335782744,-49.8111097742414,-48.4467334059955,-46.8961345678541,-47.9139695803183,-49.8560964860134,-51.2615978927023,-53.0652326047516,-55.3766022603033,-56.8342068058891,-60.0367092433667,-65.1515447307019,-72.016702621221,-61.8761376337403,-56.5704917480632,-53.290135683068,-51.020324446178,-50.7764071651955,-51.5406682576661,-53.7647429881345,-59.9196467259585,-67.1158748062722
-44.1557239206168,-45.0893635222704,-45.933483484924,-47.0357404750411,-48.347288427402,-49.9225817577735,-51.7970851580234,-54.4504853987421,-59.6837522682506,-69.5825697220156,-65.5020232548338,-56.5815659164786,-53.2371306915784,-50.0987885237583,-47.5580029925561,-46.3787525361433,-47.4751577579216,-49.1255375210914,-50.2562927833119,-51.3752267564194,-44.5719635465795,-46.177695789376,-44.6784866044521,-40.2933554017774,-38.5664510180647,-36.7180772703379,-35.4014542254471,-33.7253244977907,-32.2142623184653,-31.1306630122923,-30.3338245716415,-29.7395901202902,-29.472182958546,-29.5875764059433,-30.1540368743987,-31.1145607772132,-32.2354391549504,-33.6127858749701,-35.4210075424612,-37.3672421421919,-42.8924875227172,-39.5926381959256,-42.5796981474673,-47.3447647438208,-48.2584499768553,-49.2162100195736,-47.4150583476518,-46.786749323229,-48.499609783551,-51.1654865800822,-53.7705227528332,-56.311620007321,-58.2782917943456,-58.2599405293372,-60.3223400000806,-62.3248788340862,-63.5052952015733,-61.15303302959,-57.281836489766,-54.1558739243714,-51.3609496207586,-50.0267548346582,-50.4517763183461,-52.0806448579606,-55.7351486979761,-57.7021226428725
-44.5074602364861,-45.5973896251568,-46.9438639216206,-48.3240441933059,-49.6395562373486,-51.279009459433,-53.5222100108721,-55.2910467545612,-57.6988483499134,-59.2272322335073,-58.698290616531,-56.0607554784291,-53.0643895728081,-50.2173672293866,-47.3684215103535,-46.7925132436675,-48.2372096569919,-48.3899947465295,-48.0768641874691,-48.3999656705463,-46.2671464838965,-43.8316278296358,-44.9349259557272,-41.7614820713949,-40.0260908454676,-38.5359931582108,-37.4553557962127,-35.8658432903623,-34.0518027595478,-32.6520546181024,-31.6121868060456,-30.7481141511483,-30.2542805283492,-30.1595226276604,-30.5081343962536,-31.3981752701139,-32.4675782176438,-33.6011303546946,-34.9890214761969,-36.6266342241942,-41.2655034178533,-38.4158414558128,-41.4941554141671,-45.3511219690701,-45.8064099002247,-47.5545374286357,-46.4588711084853,-46.886259433058,-48.7015859362597,-52.3200726084724,-57.2527122399394,-69.1534836527599,-60.6059564109476,-56.9411451056568,-56.6054184984594,-57.1241772991117,-56.2752356193077,-54.6112780055545,-52.548236654377,-51.6179884284379,-50.0643068644008,-48.6029390573335,-48.5088360121815,-48.8539268444834,-49.7209714716922,-49.7709017795238
-45.2773031369118,-46.2797092249324,-47.9512253586895,-49.6676036266725,-50.9784161683108,-53.1572585055333,-55.9214116647068,-56.9321058453399,-57.1378169294302,-57.2137233878099,-55.5104765374087,-53.9343883716658,-51.4202662884326,-49.4078356838279,-47.3689402016718,-47.8226765748327,-48.8567014874182,-47.354408504958,-46.5652966360299,-46.5701269288945,-52.6779331331717,-43.267167452652,-46.3655585066023,-44.3939442048071,-42.1744740483978,-40.8922324099939,-40.0699832741505,-38.6211263642274,-36.468641052983,-34.61346896619,-33.2321061359805,-32.0845711382439,-31.3504651723169,-31.0130806399697,-31.0807075021751,-31.8078970199696,-32.8621971809447,-33.9441823181518,-35.2159751622908,-37.0166228961289,-40.7273319096105,-38.9344042880915,-42.0506059783301,-43.8862970085985,-43.8384883505229,-45.3579130743904,-45.5434905012167,-46.7398247373257,-47.8704775579034,-50.157042138613,-52.7614172939774,-57.7502934821426,-56.4779725506464,-53.3899035303801,-52.1145381963358,-52.1535709764297,-51.6938404833777,-50.3497023093292,-48.6095384745441,-48.1697557149885,-47.6949071687035,-46.9125832439486,-46.5761370235851,-46.1945766996598,-46.0824198678409,-45.844845101393
-46.665312959659,-47.2739184977862,-48.850427049996,-50.8494750401183,-52.5520430234375,-56.0095595606538,-59.6979929918026,-61.5701801611298,-60.496431203659,-58.1744510172092,-54.6909873862903,-52.3340289060341,-50.0020216232476,-48.3559343629541,-47.7137270148158,-49.2171279416563,-48.8003430732523,-46.5374896387652,-45.8379128077793,-45.7120532492662,-56.3050864773398,-44.8910962041795,-50.2018814182429,-48.4228900079529,-44.801880631187,-43.3846170223081,-42.8548997383056,-41.8783730263546,-39.5663694368812,-37.093308065108,-35.2248717759437,-33.7573869388601,-32.7311859611418,-32.1005679585541,-31.8075133182805,-32.2020188318031,-33.2129724606404,-34.4567521166326,-36.0262196454372,-38.541543993856,-41.5525795815003,-41.4850828643752,-44.6366919855579,-43.1981072941325,-42.6579844654761,-43.4125960179357,-44.6983304050299,-46.3530558220241,-46.7341507163206,-47.0216326578509,-47.8974504493012,-49.9944271687873,-51.1804241774461,-49.9019018814276,-48.6612032391862,-48.459715823375,-48.2488774753771,-47.3934585314279,-46.07381840028,-45.5667245849626,-45.4687028058648,-45.3097253005857,-44.9950644998195,-44.4243675617571,-43.9626728203711,-43.7364304727913
-49.0965058431983,-48.7835364237516,-49.5737511032958,-51.3259438380013,-53.5601572086781,-57.2339852199265,-60.1538390657748,-65.3911083165161,-70.4789034063958,-59.3781078219229,-54.6837951729172,-51.4025004376186,-49.5128029442052,-48.1822371885438,-48.8976453980143,-50.67893062911,-48.3316775356496,-46.3579145086791,-45.8877975970966,-45.6778228048325,-46.5269277766388,-50.5465013732108,-65.3328504523958,-49.6854282461884,-46.1002637143518,-45.1318685134986,-45.1573571638139,-45.7083296896125,-43.9654224814549,-40.3821805834987,-37.5431735463473,-35.5272868215076,-34.1020962184582,-33.1661012596576,-32.5095675809105,-32.4311995077614,-33.3221562438255,-34.8446335182279,-37.0164834291656,-40.6947155293351,-44.2405887277509,-47.259696253803,-50.7473015588054,-43.4368320242049,-42.3779542911939,-42.1550423451839,-43.8817813033042,-45.6084038750451,-45.7445152900282,-44.9196267830493,-45.1190211274898,-46.2238200449907,-47.5283874141331,-47.3245794958184,-46.4689819366866,-46.0987811882102,-45.8858285900056,-45.4126321270271,-44.6310664243866,-44.0313027665369,-43.9607645019267,-44.0940942674743,-43.9015154282351,-43.4851502430124,-43.0094617765168,-42.9168371761158
-53.4438317745724,-51.0060175002793,-50.1055850724077,-50.7072851100775,-52.6585307908683,-54.2465535244888,-55.8180954050593,-56.9972558236681,-57.343321667075,-55.7420507567479,-53.6828107344159,-50.9057335281847,-50.0601851947514,-49.5684118455491,-51.5914019569405,-51.9405740134404,-48.200743958312,-46.9367856777163,-46.6005205736951,-46.2540660195601,-42.9041447921316,-61.7518894964891,-51.6442811881922,-45.5670797428301,-44.5231573950278,-45.3480972671688,-45.8629133384276,-49.0113506325609,-53.9889137554124,-44.8083068922288,-39.4808178842584,-36.528139423204,-34.7471466718159,-33.6726928912825,-32.886581779341,-32.4062118060128,-33.1049691648909,-34.8068790935002,-37.3395530174687,-41.3365788184133,-47.599715111744,-48.2611292745422,-50.9099746674509,-44.510213072854,-42.9579074856036,-41.721413418952,-43.0666710745731,-44.2867623917928,-44.7220611733931,-43.8502909114938,-43.8056380580636,-44.3667833092599,-45.3846038069435,-45.8105537031367,-45.4608032528537,-44.9523106433542,-44.5959416138031,-44.318068134171,-44.0480497062202,-43.4788036423577,-43.3152833197811,-43.4869838283436,-43.4256420093418,-43.342574851793,-43.1031088917934,-43.2020096327001
-58.7490341687972,-53.5953742466525,-50.4529369654907,-49.4965581394901,-50.547382084876,-51.10001478979,-52.5288471858542,-52.4385067705752,-51.7772181401284,-51.6602592258871,-51.5224169884569,-50.7483171535449,-51.6230037446076,-53.1806143043743,-56.6205174800745,-53.3571808014434,-49.1651826351121,-48.109665245374,-47.6530387509257,-47.0539489905909,-41.4754633903488,-46.5152792525177,-44.5191819448857,-42.2660277280965,-42.1013181252794,-43.5464427394109,-43.37643029037,-45.1176283751093,-50.004115581774,-44.3344992196118,-38.8136253417392,-35.7686049621493,-34.0988930409857,-33.1592868472397,-32.6267691902832,-32.1143379207853,-32.6170890238436,-34.251536277924,-36.5498543640947,-39.6315664002518,-44.1773721704331,-42.0889580046247,-44.4110886164807,-45.4534031686235,-43.9951945143381,-42.0627337693595,-42.3213066640801,-42.709809710096,-43.5462818312322,-43.5041379933042,-43.570833854957,-43.8977852415536,-44.6426474038502,-45.4702397997452,-45.6337778623355,-45.0085239911035,-44.3656824746809,-44.0486331319947,-44.1156034941879,-43.7482326548798,-43.5264353670437,-43.6438355259413,-43.7487835362815,-44.0703827016222,-44.2532078165295,-44.5277069376889
-53.793945166263,-53.7888519472744,-50.4923185216251,-48.4960205597913,-48.6771221962552,-49.033126647597,-50.4307160469492,-50.0765508361054,-49.2006811835191,-49.2131007611373,-49.6333528946896,-50.895152888782,-53.8183646927564,-58.1987135062729,-59.0189698713959,-56.7710455294126,-51.7397138163066,-49.1675247329471,-48.386102398119,-47.4894465086628,-41.2273740380912,-41.7906806720077,-40.9984834842075,-40.1737253570517,-39.8548275272763,-40.2749517083665,-39.527630635398,-39.8230445571332,-40.509189978752,-38.4138785750718,-35.7212021911901,-33.7767278872496,-32.5600436758968,-31.828823577486,-31.6822501841597,-31.5783989363224,-31.9763795734655,-33.3800979291939,-35.3349062324755,-37.9070609537511,-40.1780058550315,-39.4707292681834,-41.8202788483999,-44.8068842376322,-44.4524878792591,-42.9189760683801,-41.7795416221652,-41.4315272712756,-42.4263081145556,-43.5375026852574,-44.1040170536052,-44.5933828739873,-45.391749709115,-46.6084238741151,-47.1843842880892,-46.3573393532171,-45.1571700864109,-44.473299603916,-44.5741626506927,-44.5774906570462,-44.4985131280181,-44.6809150559321,-45.1509603115976,-45.9391155792634,-46.6215138919675,-46.8712075604727
-49.4948920449433,-50.9128084219149,-50.0029978692906,-48.132439809126,-47.7021212298403,-48.1184680053049,-49.2621493085537,-49.116576374201,-48.3709473178502,-48.1843059816476,-48.571221241727,-50.9305743202103,-54.0602037205112,-54.3357521254142,-54.1285884466003,-73.9947862739393,-52.9329429942514,-48.9638016491966,-48.1871951563517,-47.1147553843461,-41.8552349813397,-39.5334318138372,-39.1572633124663,-38.9143802365693,-37.9441650461975,-37.0951857139776,-36.260834356289,-35.9995184745979,-35.5456973542869,-33.9875449342742,-32.5438444890724,-31.5638523863266,-30.7838208439824,-30.2291042511008,-30.350043045368,-30.83080735368,-31.2747897463037,-32.4866113764029,-34.40728553018,-37.0776864129415,-38.2323899705846,-39.3801192274702,-41.8801904567278,-43.5306685843318,-43.7789554664037,-43.6819759616942,-41.5719265103665,-40.741212537977,-41.5955151483135,-43.5800603479238,-44.9628043917888,-46.113361477333,-47.8885014853285,-50.1790241051452,-50.6944888620704,-48.8131222809069,-46.640730125581,-45.2750356792976,-45.0735317461179,-45.5245075672836,-45.9487924487518,-46.5987164308212,-48.1109127266774,-49.7351714209314,-50.7313224212693,-50.1103596977854
-47.2832191118635,-48.2377796822262,-49.1189033214505,-48.5235451495318,-47.9300662855944,-48.5082843509513,-49.1128439637589,-49.2933300316859,-48.8398134814826,-48.2831082979301,-48.2428553318353,-50.1012374770539,-50.883199332413,-49.9528014436894,-51.0366287942755,-55.2010538615335,-48.7826166031977,-47.6682734164838,-47.2369150169922,-46.0861001226006,-43.6385980259617,-38.6699225540851,-38.515825135029,-38.3607847317515,-36.5756052142113,-34.7547045326021,-33.8677885187672,-33.2602098956526,-32.2335145041122,-30.8822050708364,-29.9708516207917,-29.5240596702278,-29.0660370394428,-28.7068624557456,-28.9775016791289,-29.9175301001307,-30.557844652656,-31.7572831440291,-33.9597685601272,-37.0730669787289,-37.9102921049841,-41.7709500436447,-44.7372854768541,-43.210200927139,-42.9799667902779,-43.6678827521942,-41.7664831930482,-40.7081249942479,-41.1279953152625,-43.2844622434468,-45.4312317247925,-47.2884272024721,-51.1190761795247,-60.9560713876859,-55.7457451226698,-49.8847306246656,-47.4695674911453,-45.8605042352905,-45.2382582586126,-45.9604929597362,-47.1428258557113,-48.6704053016823,-52.7529675767798,-58.9801678848324,-57.914855987147,-53.1003414593757
-46.2780260447951,-46.5676039792702,-48.3183868971858,-49.6351883618609,-49.6464690348963,-50.57897893664,-50.4335173572115,-50.5592373130231,-50.1832763212986,-49.147982093568,-48.3723985366633,-48.52412367128,-47.7185665480169,-47.4476069687438,-49.1748256342795,-48.2989751447627,-45.4659396184261,-46.442963522644,-46.1181489185513,-44.9497289622519,-47.5508993907165,-39.0554734994147,-39.0028149748131,-38.56324699942,-35.912354907832,-33.3438185510812,-32.2220422578453,-31.2600147972812,-29.8841081091173,-28.6588320913133,-27.9818077418897,-27.7285805161591,-27.4873881872818,-27.3764426048258,-27.7470116594746,-28.8998439182917,-29.8519955883017,-31.2283179477543,-33.8159260298389,-37.458047481741,-38.7246692265749,-47.2160885342119,-52.9922949068751,-44.5248970301493,-43.0317997614222,-43.0524508137208,-42.2889458527354,-41.3098807405515,-41.0170330393709,-42.5507860846713,-44.876006628618,-46.5370171351868,-48.9045249720549,-53.3365976854081,-51.7125335349766,-47.4943382595314,-46.3956071472384,-45.6842237313925,-44.8980926156337,-45.4667268906478,-47.0422154930641,-48.6544013501424,-51.9000752352707,-57.1172852691471,-56.6185633217109,-52.3542327223901
-45.9741460990621,-45.7538982786945,-47.8336907928737,-51.1155451748042,-52.8904811611237,-55.0129039166128,-54.569700740858,-52.8153141996622,-51.4050363739798,-50.0192384679359,-48.6057239748099,-47.0149440183431,-45.6968818520849,-46.0970122769176,-47.6655624826703,-44.9612593001369,-44.0304076310848,-45.7963101030242,-45.2215914488156,-44.1975777110275,-52.8829221894319,-41.0739074000324,-40.8431234057233,-39.6140857560116,-35.917353625776,-32.7033985863956,-31.1305765757311,-29.7537461613872,-28.1684215500512,-27.0341367436789,-26.4393270817207,-26.1689176193622,-26.0683035809905,-26.2320640601791,-26.6888284633478,-27.8544671975339,-29.1856231774297,-30.8272557452979,-33.6120818012458,-37.5430413299469,-39.5407259075556,-47.58650673231,-53.6588080451852,-48.0990747341333,-44.3949956135867,-42.6283216345517,-42.8272402470965,-42.3835962678657,-41.2672192604602,-41.6689767227857,-43.5092839131739,-44.6989428618264,-45.1382697318519,-46.5292811114147,-46.9247275496799,-45.1422408746904,-44.7782291649802,-44.8885432811292,-44.268276361255,-44.4090193163765,-45.7369730505629,-46.6886880800281,-47.3604965141166,-48.9176877633785,-50.0506861638929,-48.9867893419462
-45.9821778484938,-45.510264690878,-47.3867582932711,-51.4131769486446,-54.0942023642509,-57.4688048411588,-72.4793126185698,-54.4094934997899,-51.1655615921654,-49.8000327243938,-48.4524153052274,-45.9845173972593,-44.8079178911493,-45.5965567864532,-46.2840513351501,-43.5609215551174,-44.1773397412476,-45.6776479872044,-44.7926157239054,-44.1603254249446,-47.6404112228258,-46.0195296099461,-44.583927849564,-41.3623989586861,-36.2094498699053,-32.4638281399845,-30.3563082489891,-28.5375662252143,-26.848232649331,-25.7895294164599,-25.1952860906648,-24.8215055523409,-24.812514670758,-25.217307434807,-25.7608656194709,-26.8659259066987,-28.5762595198265,-30.4492614366402,-33.1616191962574,-37.0627389119767,-38.9701272020906,-43.4980116851564,-47.0789333055817,-53.1636288838333,-47.0191644749374,-42.8841437528266,-42.957554152921,-43.3108959191296,-41.8466269179331,-41.0553117860927,-42.0776590443634,-43.1190995264045,-42.9898189108869,-43.5204273358725,-44.3270293605669,-43.9873875053888,-43.8230949760638,-44.0936897790104,-43.7959623631342,-43.5632911785203,-44.3348911623216,-44.9232617662079,-44.694484228055,-45.2583993997182,-46.1602806144048,-45.8865714705329
-45.9186627874638,-45.52994880525,-46.5446366361229,-49.3118210973548,-50.6685567435612,-52.1805569249202,-54.8566747475146,-52.3330867675767,-49.8292115030439,-48.4992710362399,-47.5867084175309,-45.4954544732651,-44.9453791658407,-45.7700939068222,-45.2782919801233,-43.6710501383759,-45.6646586943697,-45.8762776752466,-45.0603727862136,-45.0816591351303,-43.7290016226092,-53.6697347691726,-48.3060057432833,-42.4437102457724,-36.026370900445,-32.0601622508929,-29.6230454751611,-27.4445754452699,-25.733148254356,-24.7447654173311,-24.1165969586966,-23.6569695986582,-23.7078156768163,-24.2639594235987,-24.9092381478243,-25.992466127175,-27.9982278792325,-30.0344465248151,-32.6754371265705,-36.5523551452672,-37.9574023220226,-43.022265239587,-46.3223799189961,-49.4777664225045,-47.9709251220455,-43.7671469927187,-42.6608826474594,-43.1501527419163,-42.51569014493,-40.988512824865,-41.136031904003,-42.1523933518875,-42.1763395221395,-42.3159776380876,-43.176429163031,-43.8924158584928,-43.7716555055536,-43.8406335745968,-43.9171045426824,-43.5069145095656,-43.5955678972301,-43.9625488639718,-43.484073162997,-43.3403892845465,-43.6549607770002,-43.5545711548545
-45.511815638663,-45.5899074482448,-45.4597928367074,-46.786322721485,-47.9181501496968,-48.7440802161052,-48.9031170213288,-49.3703211178129,-48.5227571348881,-47.1627814685058,-46.4562782431436,-45.5813818887752,-46.0004071252588,-46.3736820913524,-44.9869790106927,-45.2238378644642,-48.0730278716331,-46.3863327994784,-46.2939115781441,-47.2194043812582,-42.5384122172237,-45.4285566042639,-44.2100432219684,-40.8745994389693,-34.9273031476242,-31.1447623658314,-28.7155223773306,-26.375922610399,-24.7057660687072,-23.7724602037091,-23.1051711579098,-22.6383358879578,-22.7238340046532,-23.3200149391713,-24.0929885289062,-25.2248081853825,-27.3694740749758,-29.5709449198829,-32.3919714057086,-36.4941632887436,-37.9948707983026,-46.6937698035238,-49.5232559756034,-45.4870644841467,-45.1617377182453,-44.514636000635,-42.4016934082127,-42.1987957587983,-42.8601092534016,-41.5894316704836,-40.9763478438073,-41.8448602710114,-42.3433788559313,-42.332599884744,-43.0954650633257,-44.5970733627386,-44.6141200624411,-44.5272282745867,-45.0247978666201,-44.6301775083957,-43.9009016444742,-43.8026866658206,-43.2592771021047,-42.487079980376,-42.09385975302,-41.9636966287983
-44.8695372256252,-45.604422994601,-44.7134100236845,-45.1584423020112,-46.54221773006,-47.0703521730161,-46.4088931934308,-47.4975675447985,-47.6855058957046,-46.4783050128189,-45.8454796429136,-46.3584096965525,-47.7723182354851,-47.1471467516146,-45.7063145877295,-48.4404687125316,-50.3463992578087,-47.6167560579159,-48.880909598054,-50.9575622853871,-43.3018565448535,-41.6066709196014,-40.5424870043866,-38.2243211726609,-33.3590881281953,-29.9468359207656,-27.6188545636783,-25.3165244648669,-23.7348241301514,-22.8154159913805,-22.1138654230106,-21.7221986014019,-21.8198736017137,-22.3682055519216,-23.282329192041,-24.4833534159385,-26.595449285468,-29.0159007749284,-32.1560446521999,-36.6735241249077,-39.3257465546984,-54.2529661870297,-53.219982380523,-43.7066641500716,-42.8509334079281,-44.3052962439751,-42.6220909287462,-41.6436069574212,-42.8951618583706,-42.8801447633694,-41.7788609953612,-42.23920056764,-43.2188345096958,-43.2727955977564,-43.8440646646095,-45.7807782277775,-46.3185332365951,-46.5631524244222,-47.6517623774498,-47.4056002060259,-45.5625933544067,-44.3898954878643,-43.6566417454799,-42.4017344487214,-41.3095932809048,-41.0403394194171
-44.4363324959677,-45.5846824764805,-44.6977870479347,-44.6237941366396,-46.1412808731271,-46.5021998819366,-45.7549792871115,-46.832696560363,-47.4766368275484,-46.7757759099384,-46.2961675488588,-47.9589865985924,-49.7462136684476,-48.073742679922,-47.7789498025566,-53.8964762832046,-51.6753252019412,-50.394387007663,-53.5844587798542,-56.8627784131636,-45.4792974707977,-40.4968838072935,-38.8304018830059,-36.1213783765764,-31.8807843723941,-28.8387212041163,-26.4867681577613,-24.3043220825327,-22.8364312242201,-21.8755649735745,-21.145986446587,-20.8669855422475,-20.9608547597755,-21.4273497500632,-22.454215759533,-23.6809845749204,-25.6546200949346,-28.2643782940745,-31.4623614886496,-36.0507781758959,-39.6497399342135,-44.3594282582086,-46.7831050774522,-43.3610493717397,-42.0707715838682,-43.7683739837656,-43.5581264822158,-42.1922124413038,-43.2899302315158,-44.8316388214689,-43.7261994638961,-43.4203492915197,-44.55300108364,-44.8642802541777,-45.1465612003189,-47.0132810950366,-48.7848093480275,-50.5682867775512,-53.1561454226949,-52.8376572697365,-48.8912217808974,-45.642236986992,-44.3008193062013,-42.7945832708658,-41.1937778608177,-40.7119270495696
-44.7052074274591,-45.6823198684282,-45.524483743202,-45.0887705729842,-46.3101798781036,-46.6248684774419,-46.4314534240018,-47.2751721914221,-48.1403320155461,-48.394199482125,-48.2364104264841,-50.349063989429,-51.0321313597116,-49.3699581256384,-51.7683097353439,-57.6053040688589,-53.2796577566091,-56.7789649209918,-62.9764151223487,-63.7221297645216,-47.8335471827991,-40.7309688277894,-38.3940114903272,-34.8277547896821,-30.736231573694,-27.9541398744787,-25.4699008417963,-23.3815078857141,-22.0196955899913,-20.9789509970551,-20.2339211342329,-20.0448758371929,-20.1310096919151,-20.5357172285627,-21.6013195155639,-22.8095433333394,-24.6312406121432,-27.2692327419416,-30.1638293650525,-34.1908820832617,-36.7577352393655,-39.8317935024909,-42.7700096098732,-43.9271601442392,-42.6549225533108,-43.8640004604111,-45.3294431837667,-44.2415303767489,-44.8219320862944,-47.4273205657171,-47.076404041417,-45.51959339584,-46.1103570499403,-46.7506719417332,-46.634289614242,-47.912525171865,-51.4606879340404,-56.1629987983992,-69.9439677920283,-59.2923260634795,-52.4800453066921,-47.2226343513909,-44.8824905278768,-43.2648989663862,-41.6176700380126,-40.899361500662
-46.2027975824743,-46.2689598816992,-47.0469912807137,-46.3309590173397,-46.6207748231122,-47.061568349995,-48.0049445541029,-48.6545734048472,-50.2019826207063,-52.1406146314547,-52.4544997807639,-53.0982453691774,-51.2443169543015,-51.0350695779386,-57.1543371958003,-53.3050444598096,-57.5154418323911,-66.9619038033485,-72.7709370543097,-64.6481942451732,-48.9951214993854,-41.310176315811,-38.5835321396391,-34.2030650820134,-29.9557165409511,-27.235063208688,-24.6155387765944,-22.5657643186231,-21.2651740334437,-20.1451305208742,-19.409679221687,-19.2493543193603,-19.3362839319548,-19.7288264182814,-20.7466803878957,-21.9520478612702,-23.6551388458376,-26.1654619720573,-28.7558095891496,-32.1447282946519,-33.9855406184215,-38.0632779991862,-40.931372505064,-44.8603849740561,-44.3124667515582,-44.7456283552409,-47.9785894146604,-48.1859521423624,-48.3345996696312,-50.8156013034236,-51.9428210555222,-48.7080805817533,-47.7247749178572,-48.4973644931642,-48.0346357065866,-48.4934220028453,-52.7711619272728,-54.3031506756907,-55.901967168693,-54.1306695480617,-51.0823192252339,-48.2859002163871,-45.3828523615048,-43.5424440653487,-42.3980715280423,-41.4985696727126
-49.9743661315264,-47.876390370925,-48.6148182591873,-47.8813650582768,-46.688318287934,-47.3965184856592,-49.4958596384065,-50.2518493327485,-54.7506748634456,-61.8920171600955,-61.3124698823407,-55.4292736782994,-50.8068462340049,-52.440864254409,-54.4460180093744,-50.7776702617656,-68.5041561357059,-54.7202061124715,-62.3534102660389,-60.3405341382239,-49.1872204240029,-41.724760689694,-38.6702251591267,-33.8575657815515,-29.4055168682667,-26.5702742342864,-23.8757556202679,-21.8465733564772,-20.5399879586773,-19.3773930901787,-18.6849384950103,-18.4930255345969,-18.5958456276744,-19.0253109701693,-19.9434582437448,-21.2106763341433,-22.8314927710439,-25.190805206248,-27.7061544789219,-30.7095015585421,-32.5832630768166,-37.8383971003468,-40.4463014152898,-45.5916165384893,-46.5043996378959,-45.802517870913,-51.1745081929972,-52.868122027131,-54.9321757024926,-55.5856584138235,-55.3045891085147,-52.8798790120282,-49.3619920588651,-49.7298367116408,-49.3996007233115,-49.0891750909514,-52.0960828526006,-51.2210181915889,-51.6003477054647,-51.4841579635189,-49.0755461070316,-48.4117118736837,-46.0562466168628,-43.852001424883,-43.3246297559667,-42.3610835320119
-61.3852327306775,-50.8647531144252,-48.9555077128139,-48.6537733599353,-46.3503716082011,-47.2282472081498,-49.396779463375,-50.215151619872,-57.1702466004129,-59.4539651318863,-57.8397770851846,-55.2146564355965,-49.9719490102695,-52.571930405424,-50.182521870323,-50.1811835508801,-54.6830726426254,-51.0817652534215,-56.6171965527707,-54.3147363020166,-47.2234230574465,-41.8121901921296,-38.1101409104779,-33.2118486098056,-28.8232413513011,-25.8848451101649,-23.1703258108614,-21.1959772846225,-19.8251348418921,-18.6703535509481,-18.0479192978233,-17.7974853865827,-17.9297793469343,-18.4245545672291,-19.2527041594211,-20.6399145753049,-22.2182351981647,-24.5263041018754,-27.174016188516,-30.0898086120453,-32.435673846501,-38.6896267067087,-41.0461274049346,-45.9071552075784,-48.3940307015661,-46.3229743198844,-53.164344225447,-52.178338492908,-54.7088834167423,-61.4097311408166,-53.8545477420865,-55.3901608036697,-51.054808173603,-50.3619855080258,-50.8288010256482,-49.9438625222294,-50.9845418493302,-50.4569775835682,-50.7750968396743,-51.4364239242731,-49.183680846467,-48.5877767943024,-47.1551493185673,-44.6962757374533,-44.2706519333074,-43.2913712317456
-53.9909689099868,-52.0345249296695,-47.7123749995409,-47.4310643772868,-45.6738257583487,-46.3694119752699,-47.7909417934898,-48.3337170599028,-50.4953824539288,-51.4438966374604,-51.61780870075,-51.3749386212958,-48.8954016647084,-50.9801465573721,-47.6455943516861,-50.4558602752589,-48.8770894909016,-49.873307437835,-51.5944411255152,-50.2489953688973,-44.0490072292714,-40.645980398403,-36.881636989745,-32.0500277552113,-28.027167355161,-25.164789247917,-22.4606157858393,-20.5856759984798,-19.1295802041379,-18.0223799952645,-17.4736705438158,-17.1813359380141,-17.3489785039773,-17.9119342105665,-18.7131204001013,-20.2287614209614,-21.829770205394,-24.2263465611494,-27.1218514191055,-30.2514607290701,-33.255444960501,-40.585818753626,-42.7812504257033,-45.9055167988392,-49.447664004368,-46.7399856905484,-52.6101366478483,-50.9515852738082,-50.417735431197,-58.3404934935188,-52.9237704451511,-53.801713333537,-52.6356846572944,-50.7577769381853,-52.0583187053833,-51.1023864789543,-50.4411153335004,-51.3826060402357,-51.9315561715271,-53.2464117230445,-51.7129391372609,-49.9592771991663,-48.7627972285707,-46.4324890438048,-45.277124880139,-44.0994372661958
-46.7652980681477,-47.8572179152157,-45.8809708462809,-45.0793391766767,-44.8183190439267,-45.0687053215665,-45.9326663426088,-46.3992519857248,-46.5445177580398,-48.054575666129,-48.3913793477762,-47.7758054709149,-47.9467970877182,-48.5273155846232,-46.2941403406167,-49.8278479934089,-46.0788760195109,-49.5403645901928,-48.2725930516207,-48.0152668332513,-41.9723786154066,-38.4365887780422,-35.4011705319962,-30.7840639840845,-27.1339336477405,-24.4437310048954,-21.7788579530924,-20.0029168535064,-18.4819108018814,-17.4407210868987,-16.9395204606257,-16.6515916908735,-16.8502095103515,-17.4661803629829,-18.3201292722955,-19.9168066212907,-21.6358167814407,-24.2092347623743,-27.4017211472924,-31.0037749738611,-34.6648393924495,-44.1497556881316,-45.9456085210613,-45.6421143330072,-49.7035510360777,-47.9729055989736,-51.6729793098383,-52.468047697442,-49.4611699829941,-54.3908938552857,-53.6839283963457,-52.1480086207297,-53.5874365934264,-51.4734644748359,-52.7932844835877,-52.5594570194048,-50.8552658519359,-53.5977102834698,-54.4652285723209,-56.6924950385061,-57.9601661239823,-53.585736815812,-50.7632060797214,-48.9502619071683,-46.461804463471,-44.7125993913069
-43.4778340517551,-44.1948305861115,-44.1543094049171,-43.0682326655105,-43.9768014448097,-43.8387809710261,-44.4902697417901,-45.134404174742,-44.6994837930853,-46.4075729839405,-46.5761500556162,-45.7223281976691,-47.4432950614097,-46.5165106025901,-45.9778468778891,-47.9299483053852,-45.0948808780953,-48.9949891266382,-46.4998528798032,-47.1941274865505,-41.6214449231045,-36.7960479607199,-34.221210723223,-29.8475226575482,-26.4128737859727,-23.7837100097329,-21.1899658188618,-19.4558652780091,-17.9104351729171,-16.935569291825,-16.4366852637573,-16.2010110785253,-16.4179062076327,-17.0654938876638,-18.0239492591927,-19.6279141426838,-21.5511201899701,-24.2708318446649,-27.7716828027738,-31.902231412979,-36.190840425173,-52.0601075645068,-51.0980196092929,-45.3405516562904,-49.5878630492775,-50.4164651778145,-51.7999904240503,-57.9327495806224,-51.1598144544233,-52.8119972942088,-55.8379873655269,-51.7587677811204,-53.7574207666133,-52.8613521246435,-53.3390758237464,-54.3537915223588,-52.5541619317393,-56.7744543617227,-57.3069569099742,-61.1435970601933,-98.2910563647539,-61.9409905051078,-52.8023132265891,-50.8804805384674,-47.7798816400437,-45.2127074868663
-41.8796323759098,-41.9774683634512,-42.8040573380635,-41.9289489313963,-43.3318579343216,-43.0844468629933,-43.6878420755137,-44.5961105409747,-44.3240666492266,-45.8080077572293,-45.8746798225796,-45.2611038775956,-47.4776299589106,-45.6186065883109,-46.6781743085351,-46.2944583025067,-45.5466051166023,-47.8505912439689,-46.0007180431807,-47.4338208408307,-43.3593616127947,-36.4968562109151,-33.7457357348735,-29.3745154097951,-26.0160900457684,-23.2496497967821,-20.7339787665432,-18.9644125097172,-17.42829729832,-16.5095109013365,-15.9720783565606,-15.8115764683228,-16.0322133645004,-16.6918253417257,-17.7519571589912,-19.3084470035122,-21.4425910089199,-24.1736590541547,-27.9189091642678,-32.283288011609,-37.1374269498097,-56.1328910310251,-56.5827875247765,-45.4552665699591,-49.7313510826394,-53.6493258247692,-53.577075598387,-86.7994691269006,-56.1005174341895,-53.1595864370064,-57.5382399849588,-52.7048075826876,-53.783605247328,-54.8919390266075,-54.0961338030532,-56.4214773170756,-55.9961932051608,-59.8364086434989,-59.2542774589038,-63.0247512945434,-62.4473270502864,-60.8844358398415,-54.0718930699259,-50.7621903845438,-48.7087464256628,-45.6882103822346
-41.3440845695941,-40.939709392898,-42.003338287496,-41.745117301608,-43.0101758722976,-42.9996097440014,-43.5614160729919,-44.7223845100645,-45.1232985508258,-46.0372815437346,-46.3484967841722,-46.4592321443353,-48.0495505920321,-46.0757462833888,-48.2162366535452,-45.5982749064454,-47.1691778786584,-46.6407144044515,-46.5813006085369,-48.2655348855448,-48.4456283549723,-37.6661894049461,-34.099961557207,-29.2741695948159,-25.8948134823235,-22.8720707398941,-20.3990794300395,-18.5430773362893,-17.0311759392103,-16.1515809843685,-15.560729457356,-15.4623933985349,-15.678936286421,-16.3344381286828,-17.4501189647347,-18.9476879590041,-21.1926036797239,-23.8185779297559,-27.6128490470248,-31.8264697675713,-36.5637850917143,-46.633102825126,-52.4644917112371,-46.273495021988,-49.99673867618,-56.0446414130995,-57.6368058747199,-60.5886429629147,-63.7551033173058,-55.4874141308723,-56.1013000219795,-55.0352226894748,-54.1797678951749,-57.0120044667629,-54.9393885779218,-58.5415146129127,-61.2065552877851,-60.8109251319422,-61.7086977766984,-62.2683237534519,-60.9650448828466,-55.4809727232704,-53.599710417319,-50.1077415782262,-48.4835057180946,-46.0593439710648
-41.6104086018345,-40.987163469828,-41.9381032706404,-42.5025735039531,-43.1072977343765,-43.622464234026,-44.0309357853945,-45.4242422023948,-46.8141550153655,-47.0989955771633,-48.300207795385,-49.7434594115507,-49.3573104772391,-47.9579984546666,-49.9754454315999,-45.8051212309262,-49.3645590874347,-46.0191903527734,-48.0853802292693,-49.0648408981435,-57.1414661002923,-39.6803783086529,-34.9433740563152,-29.3250263186565,-25.8551404102985,-22.6151059721298,-20.1328043505596,-18.1881064744637,-16.704732812533,-15.8403574118207,-15.2146745940693,-15.1385760789989,-15.3549327300724,-15.9932444519439,-17.1150682366396,-18.5690663619838,-20.7919332266886,-23.3031585465866,-26.92241088873,-30.8517670313392,-34.8316315669234,-43.1194685603518,-47.8088271285299,-47.5907613212535,-49.2048732955628,-56.9071414181358,-59.764573445191,-57.5809545881644,-56.6554323652152,-60.2312412428093,-54.4296481441288,-58.3943040686719,-55.0609886550305,-58.2970522445853,-55.5926975245992,-60.6132440284223,-61.9478615363068,-61.3168255622154,-68.7922544198666,-63.1544034943679,-61.8116435273442,-54.3450050648773,-51.9562450021595,-49.9803906697058,-47.4054948441752,-46.1525746478466
-42.5826569135835,-42.2199658342065,-42.8638152168014,-44.2237107578028,-43.7731077811236,-44.8647463123126,-44.9360345268248,-46.4856791892926,-48.7341062285207,-49.0573384660307,-52.7345998641625,-56.9721575964831,-52.0882318159205,-50.7754731159176,-51.0923587591488,-46.7481477019574,-50.7639062180018,-46.4393979894593,-50.2146684473434,-49.6484731813471,-47.9122545704706,-40.1071445565324,-35.2516699233132,-29.2675815081882,-25.7080656186868,-22.382144938594,-19.8775807434364,-17.8781823505087,-16.4339261800927,-15.5543473522271,-14.9350403839702,-14.837031956056,-15.0659164702851,-15.6799876240842,-16.7870683639061,-18.2102313356773,-20.3491731938142,-22.7906662950988,-26.1545370497732,-29.8140585765293,-33.2806729742814,-41.2106111576969,-44.7088786089035,-48.6669764856967,-47.4784663464137,-56.9527742630767,-54.8381801443836,-58.2716256146168,-52.9534229821951,-64.9961384695297,-54.6189789555602,-60.3882153140777,-56.6893292828118,-58.339432890381,-56.4056194668929,-60.8615118528807,-59.0358679560307,-63.0221577187278,-69.1433884362181,-65.8522348080754,-57.8282043760888,-54.8254713874401,-50.4148793216117,-49.9904725106365,-46.4800323968263,-46.0395718213543
-44.2494450807817,-44.9648844583995,-45.2462449322659,-47.1127874054154,-45.2990371333271,-46.4780477344608,-46.0859522294894,-47.3308488384194,-49.5773080479635,-51.2254228433103,-63.8252264723882,-66.219411427526,-56.798983635363,-52.2499027365111,-51.1438790998765,-48.4986044661204,-50.5440568541383,-48.3654057727407,-52.2041396085466,-50.6842178517178,-44.3253959550577,-38.6100597107743,-34.4802958304187,-28.9528558134975,-25.4194964697573,-22.083109012407,-19.6060727277089,-17.5902749299272,-16.2074108190894,-15.2834555608452,-14.7111047970394,-14.5663124780385,-14.8197283572539,-15.414385693899,-16.5136803388462,-17.9120476327767,-19.9973759483691,-22.4012281311342,-25.5931650851023,-29.0428811410108,-32.5241485184401,-39.9937920380981,-42.9047127154915,-49.0681347835143,-46.1337611139375,-55.577818205293,-51.6513790155104,-60.959334233608,-51.7425495391086,-63.8340549404732,-57.5215353417404,-60.3686405894018,-60.1359930535062,-57.5786840402672,-57.9574371722881,-57.4236063654872,-57.3974624715104,-60.0553268515858,-59.0399747086364,-60.6226702761274,-53.8134759381457,-53.7529067685348,-49.4806079968931,-49.4871420390194,-46.2788391260653,-46.1157577517341
-46.389178136603,-49.9001130568804,-50.3419189399692,-51.847237479769,-48.135148939445,-47.9682233943369,-47.2114343755461,-47.1970719077784,-48.7328191786057,-50.6210385935108,-54.418155101479,-54.5439819461863,-54.2014613331785,-51.634054929688,-49.9817486357829,-51.5990598096236,-49.8365039451921,-52.7140744898944,-53.4904730414495,-53.1805026920332,-43.6677205134953,-37.472832861235,-33.5053652524566,-28.4497701618371,-25.0789861075723,-21.7183941524778,-19.3295185910564,-17.3198962581398,-16.0162543243948,-15.033957759988,-14.5260235453627,-14.3406157587034,-14.6203887258653,-15.215116236722,-16.3190735982554,-17.7128817451389,-19.8091988782381,-22.2053671550974,-25.3791727769434,-28.7607905891093,-32.6144499252047,-39.5570869859222,-42.2798425998194,-48.9917737388311,-45.6512002414233,-52.6921900673617,-50.1106341892478,-62.6704342938672,-51.5756852254641,-64.6501017986477,-63.2018893856527,-62.1646559539192,-66.1390182759354,-56.6641218536394,-58.9046380354283,-54.0621883429627,-55.804449349843,-54.680905082597,-54.1699913451797,-54.4169641068056,-51.4218579318579,-50.9799524848314,-49.1715918748694,-48.6777104595058,-47.0258615908,-46.8329676755415
-47.6789683992616,-55.0412416533686,-60.6825738391152,-57.418020806307,-51.6687754829367,-48.5142114424248,-47.6008441629392,-46.1380526269168,-47.0147365552959,-47.640711478648,-48.2869524059848,-50.0236682872723,-48.7961532656053,-50.768405855184,-48.3686738164772,-55.1316674789827,-49.9605898942994,-60.4993857144187,-55.4473249973447,-58.5936941690336,-44.4438838246889,-37.014478069676,-32.9454463856359,-27.9638175742393,-24.764957789941,-21.3761140152522,-19.0776146195158,-17.0871911031399,-15.8516988028057,-14.8232473677287,-14.3654200937505,-14.1710589681982,-14.4658953563325,-15.0895361708115,-16.1967343557557,-17.6359544400126,-19.775798234491,-22.2345074589995,-25.5195696848842,-29.0706569849096,-33.4314882006299,-40.3359003175194,-42.7707461469754,-48.2428038442218,-45.9601960971797,-49.5649443993874,-49.2691379427523,-58.4933763709276,-51.36379832568,-62.0838129930014,-58.3257303416619,-67.5843761635812,-59.6356868497121,-55.6842155869173,-55.9916635275968,-51.9979233085837,-53.3814411172629,-51.1227843218083,-51.0309913880049,-50.4487862764203,-49.9542263057765,-48.7828508246128,-49.3242858518712,-48.2600092286533,-48.9040955275696,-48.6232936177751
-46.7773516558965,-51.0598553145499,-50.9215824287511,-52.2254602221648,-49.7230062043292,-47.4575651368408,-46.4081399271777,-44.8028451613656,-45.1235154265148,-45.0404027625892,-45.1794031310847,-46.9483869631821,-45.8386094378821,-49.1572658162523,-47.4644998868589,-51.7522440438897,-51.8376222695943,-55.760911070882,-61.5851264787701,-62.7086724392152,-44.9601121390122,-36.6959431311992,-32.6994856339201,-27.6686667210178,-24.5091386897229,-21.1444793909859,-18.8753998669221,-16.921575253754,-15.7062460519553,-14.6678785298194,-14.2236369926932,-14.0586505252522,-14.3498002386329,-15.0274344940089,-16.1217021228678,-17.67060861705,-19.8298012010059,-22.4586242815113,-25.9072462129756,-29.8831870341987,-34.8364348104675,-42.9324802892466,-44.4382046211459,-47.0032255316816,-46.9665618779098,-47.2494419918904,-48.6479755751435,-53.4082481685502,-50.9904237167329,-55.4323027926281,-53.6542089953533,-60.0430488180382,-54.1196599501118,-54.1181349789713,-52.2991833923451,-50.7768098459666,-50.7885338339643,-48.9855621866116,-48.8927906085681,-48.0150052405608,-48.8471619857236,-47.5758816588463,-49.603350905069,-48.5807311647232,-52.2168924103918,-52.1400515616896
-45.3328663761043,-47.5425369330938,-46.0644086447187,-47.3985138441714,-45.6458500954221,-45.3594574547338,-44.2809565335009,-43.5166800925838,-43.3905077672147,-43.2535488939487,-43.4694143809138,-44.6010249679376,-44.4901206558385,-46.7422796540292,-47.592524433009,-47.769311996775,-54.6531939528778,-51.6146203293644,-61.7936858318842,-56.1538163444508,-44.5716276544928,-36.3844402023806,-32.5204787760425,-27.6191375634136,-24.341935255163,-21.0459723668207,-18.7350871897011,-16.8382495010571,-15.5772747896431,-14.5726891831359,-14.1042603279687,-13.9923770260328,-14.2649701144146,-15.0026885156694,-16.0703083604287,-17.7625580174472,-19.8902422498724,-22.7538509884778,-26.3318936969442,-30.7902482728071,-36.5639629495106,-48.7823194417339,-47.678983729022,-46.1996939832223,-48.7708771652185,-46.2120479601023,-48.5002024566128,-49.8719866809924,-51.4443330003714,-51.2412645798953,-51.681967012016,-53.6112795039919,-51.2500413833412,-51.9821393971211,-49.8019617558342,-49.7300400962166,-48.7490206918723,-47.7641479531262,-47.5667645210795,-46.7492659005631,-47.8984965820177,-47.1192785372776,-49.467644797309,-49.3933697801575,-56.0909138771563,-58.0977677316409
-44.6925356546285,-45.325495104565,-43.9131564838333,-44.417759720786,-43.1072734149445,-43.2726514004005,-42.3866228691697,-42.372085183899,-42.0182727917779,-42.1284622268442,-42.5490757284969,-43.0061251836032,-44.0725206623529,-44.771889688414,-47.8609392571755,-45.9831495250569,-51.398723277573,-50.3982804143619,-52.7070533870181,-52.9473912331295,-44.9299213476352,-36.4964329383077,-32.4751415602539,-27.7581415073082,-24.3004129253274,-21.0416398092929,-18.657974881993,-16.824817893021,-15.4686703073634,-14.5271082411765,-14.0153521741018,-13.9533712920529,-14.2070125956151,-14.9838588644889,-16.0331939493296,-17.8324421348818,-19.906145445519,-22.9344335777551,-26.5469178187346,-31.1651485334808,-37.5847478963152,-61.7999753428008,-53.5906283839075,-46.3761220574875,-51.4352234022982,-46.6889075377563,-49.4488057245364,-48.0183828145323,-53.5255786693545,-49.0949018801424,-51.2286388018811,-50.0309710962268,-49.8100982191425,-49.9882184182543,-48.47822790647,-48.694094504155,-47.5684523442796,-47.2557444868788,-47.0510059839687,-46.5148887437995,-47.2095147518738,-47.1835439659787,-48.6271594050656,-49.7111328125007,-53.6631429335825,-55.9834467760622
-44.9359658294231,-43.7386684612001,-43.1033806805451,-42.5556927874567,-41.8711219418858,-41.75542590397,-41.2075640207057,-41.5013015274926,-41.1490455192348,-41.5431787742727,-42.0689680855517,-42.2180685301277,-43.9701793290909,-43.862742956282,-46.8053328884836,-46.0924880018899,-47.4276776477466,-50.7716346408341,-49.0150829031869,-51.7545621839052,-47.5705162612397,-37.2846756082008,-32.7945073030281,-27.9788396722099,-24.3749471528788,-21.0777927805739,-18.6342464548107,-16.8456334260558,-15.3874000587521,-14.5101014793774,-13.962798159783,-13.9234179434785,-14.1750086582216,-14.95008204019,-16.0132799096074,-17.8255818281398,-19.8697521978245,-22.8978298595909,-26.4382070915985,-30.8502455899724,-36.7653970490813,-50.398800680483,-56.2813846596625,-47.4107998428045,-53.9821893420535,-48.9073103734098,-52.2336426708576,-47.962030600425,-55.3688719396682,-48.6326917861869,-51.2497870917033,-48.1372476034168,-49.0940668391891,-48.5531726929403,-48.0676877152357,-48.099572313221,-47.3946150781581,-47.6000543394469,-47.4798524315526,-47.3292425536704,-47.0301174619931,-47.674347633238,-47.5163398587474,-48.88953051678,-49.2998803723236,-50.4098709622636
-45.4492669844073,-42.7901939252114,-43.0325489149835,-41.5892646536079,-41.5935661024957,-41.0038143416125,-40.8456948289597,-41.0869249327287,-40.8891079293743,-41.4528205550335,-41.8885632886961,-42.2270523624658,-43.8111612224725,-44.1009051679088,-45.2525883956625,-47.9229843098799,-45.8626373938651,-51.6482990809813,-47.9908230498115,-51.5462158237619,-53.0607862524107,-38.3661839584555,-33.3901941477658,-28.1909846530297,-24.4679725500467,-21.1217714392653,-18.6386861471477,-16.8599928421251,-15.3370871772535,-14.5007071859837,-13.9458276209291,-13.8938509733977,-14.1693258906448,-14.903104058161,-16.0149976981668,-17.7538590009938,-19.8008891588126,-22.7303965671555,-26.1271398975459,-30.2971929281131,-35.3254702669954,-46.2444451838462,-50.684644348343,-48.5978390354409,-54.9118858958448,-52.6574054014707,-58.3333004529454,-50.2861523726662,-52.6171217440821,-49.8786572877239,-50.5709998137374,-47.4881039760425,-48.5501407913631,-47.6623452991127,-48.2306631317438,-48.2755778227074,-48.364045495263,-49.2586374184222,-49.2359573215666,-49.3790400607285,-47.683646089891,-48.4638871630182,-46.7050774978936,-47.6612222935697,-46.4596681615086,-47.1324840874173
-45.3405575094378,-42.6712561850246,-43.2644993344615,-41.4954297678137,-42.0228167780892,-41.089900035184,-41.29466400611,-41.2872675014183,-41.3296377044602,-41.8590924378368,-42.0961123747956,-42.9442354696871,-43.7381761523905,-45.3249055267324,-44.6725473206062,-50.5676869037574,-46.6688559978998,-52.0425206249535,-49.2361279676899,-51.8921743107534,-50.3580603862236,-38.7897488139403,-33.668830910853,-28.316374916069,-24.4427138690364,-21.1522131209649,-18.6333452423641,-16.84231920962,-15.3143948532676,-14.4881248354428,-13.9573426117366,-13.870130426511,-14.1889674993583,-14.8663915574758,-16.0388622381326,-17.6815380206476,-19.7341071430556,-22.6015616592242,-25.8427016893554,-29.8787326507403,-34.5767344353609,-44.2319151720821,-48.1143766860516,-49.5431183030098,-55.5807438222357,-54.3593127228811,-67.931396306872,-57.456688416581,-50.2812540891519,-52.7952205565072,-49.1344486776308,-47.7580864001543,-47.840906620647,-47.0965099802584,-48.4916143947996,-48.8867917064196,-50.6105958615093,-53.1354528620936,-53.5262182614497,-52.9827418182664,-49.4762403304751,-48.94916266463,-46.3705305173526,-46.5353835658748,-44.8445137219572,-45.1492722825617
-44.7523881298414,-43.5081860175889,-43.5570866167965,-42.2981376123227,-42.9315375995214,-42.046909114285,-42.5139708905681,-42.2260665931296,-42.5730750999082,-42.8106645680794,-42.9063634495841,-44.1435546918959,-44.1043591605484,-46.8160208240298,-45.5670456548714,-50.4468870317659,-50.5767196140199,-52.566160917514,-53.4576376818001,-52.9545556314791,-46.0798676251892,-38.2464775413921,-33.2203924906022,-28.246209767074,-24.2439121166027,-21.1338187271883,-18.5874207281156,-16.7912180895562,-15.3124732891146,-14.47564912402,-13.9887403178761,-13.8691884496606,-14.2313486011112,-14.8715195446918,-16.0867185249758,-17.6707486387584,-19.7174920245813,-22.6058853865892,-25.7448501157404,-29.7129575014268,-34.7074444176108,-43.1219357737764,-47.4950297680106,-51.2703965125816,-55.5802023189537,-53.3032815341556,-60.3563831662274,-58.0071438667865,-50.5409888663418,-53.5525649823771,-47.8712177040258,-48.2303148132924,-46.9185109879055,-46.6057762265421,-48.2863510525817,-48.6528704865724,-53.3750865068354,-57.7313905235918,-70.5648227380347,-55.9541782273516,-51.6848102820992,-48.2566566592539,-46.29578515678,-45.4314988414711,-44.1436976329595,-44.0011473239113
-44.6870996916289,-45.3411573647535,-44.0245095650706,-43.9824650330967,-44.1050297506594,-43.8614839908934,-44.4503991566027,-44.0423173964064,-44.7872610530601,-44.4747416773116,-44.5351010106516,-45.483057113548,-45.0816217017553,-47.1756089698959,-47.9759979517832,-48.422172658776,-61.0367988611305,-55.2769434806998,-63.0454602667505,-54.7548852279267,-44.2873178543877,-37.2541100503022,-32.4339276851066,-27.9167639073005,-23.9401318143985,-21.0354018581246,-18.5039621185792,-16.7242740563529,-15.3291709971819,-14.4770307415244,-14.035781315131,-13.9107115708817,-14.2950631079288,-14.9415720289459,-16.1690627200851,-17.743223862467,-19.8025383676235,-22.7313357867073,-25.8666283933565,-29.8164886018437,-35.3198290701182,-42.9870693239575,-47.8287545231908,-55.7321314750676,-53.2703433997701,-54.507016929071,-57.4696833353965,-50.3989370183606,-53.7756069887012,-49.7804329417735,-47.2717288678122,-47.6667557476863,-45.9152109432323,-46.0223476773187,-47.2397860289064,-47.0752786342184,-52.0815067119939,-51.9231695968996,-54.7910978991512,-52.1731179778762,-50.3194498231831,-46.7406542277375,-46.0868657603191,-44.4300343973397,-44.156637709407,-43.5768121735261
-45.9049976218455,-48.0382911868,-45.0214821394861,-46.3786241945982,-45.4106674029423,-46.3632096358341,-47.0693247169824,-46.9762155471578,-48.3582103143781,-47.3013672219239,-47.1288198649597,-46.832853932377,-46.5702686748908,-46.4481904730943,-50.7499992840557,-47.5197582160435,-53.0099225074609,-64.446285656031,-56.1088922143554,-54.3169761590497,-43.1310189237571,-36.0773219799478,-31.7001292602708,-27.4506671258324,-23.6393776387371,-20.8826631662095,-18.4252888111652,-16.6674110952344,-15.371876620759,-14.5087669656154,-14.1013453333914,-14.0071056973868,-14.383325563981,-15.0815309776864,-16.3029483977887,-17.8841426660816,-20.0181866599041,-22.9287011629865,-26.1472773484436,-30.156825970574,-35.8465558979984,-43.8986734457028,-48.4253368616792,-67.0664925197995,-51.8617559376616,-61.7541600336782,-55.1973644550004,-48.2132027166956,-54.351502789963,-47.0750103204475,-47.1890550222857,-46.0373444295985,-45.0112658722992,-45.2787819563881,-45.5520642032867,-45.3390163865949,-47.9826217299204,-47.3053630135588,-48.1728090431741,-48.1184523641427,-46.8681418560014,-45.4010520120878,-45.6261754905533,-43.930504075883,-44.7481555488603,-43.9662919982854
-49.1750625659541,-50.7610862417043,-46.8775440955439,-48.9177694035028,-46.8503539271078,-48.9604331014652,-50.2521732670115,-51.4485874280754,-54.5208346171251,-52.5023955999117,-50.5571908381123,-48.4502135656979,-48.1985833926724,-45.9502384197095,-50.2825649201479,-47.9402116689481,-47.8720264260653,-54.5944328809911,-51.1873684843122,-50.575417947805,-41.6121685768668,-34.9469249216994,-31.071829554118,-27.1001561251085,-23.4235483708746,-20.7658528403454,-18.4071044895776,-16.6475905182588,-15.4530699162113,-14.5832823611803,-14.1936141464062,-14.1573048296349,-14.5047613032956,-15.2793204553759,-16.4993931923938,-18.0746646795207,-20.3492012875499,-23.1890451431076,-26.5131119725151,-30.635186269329,-36.2382463910669,-44.9644394780224,-48.9461489617568,-58.1921429018438,-53.6499764186781,-62.1935351498406,-52.4637009889904,-49.2104026054084,-48.9748393570834,-46.1092765264026,-46.9658010219513,-44.5420927809194,-44.3464926882084,-44.4074058265413,-43.8496195058649,-44.1177227320793,-44.7676782221419,-44.6913150687394,-44.92470082992,-45.468654886348,-44.491286549428,-44.6642010425469,-45.2076369575,-44.3084654531912,-45.8547403685006,-45.3973570452112
-56.7456599685583,-51.6395286481411,-49.6813963995522,-50.4470197958156,-48.4248839325552,-50.6635561999775,-52.6937408151661,-56.8352837818634,-69.7514428213536,-62.3196046219152,-53.4898893106644,-50.0922677859763,-49.4021816827747,-46.1420474337631,-47.7973680156309,-48.754827421622,-45.9941719368314,-48.0155399741973,-48.9133438666429,-47.4950531449037,-40.4937495505575,-34.2794222326126,-30.6563327998806,-27.0631665524278,-23.3576697034202,-20.7771038930827,-18.4838176171757,-16.6888213908635,-15.579701090755,-14.7057930622647,-14.3215128421457,-14.3472462239981,-14.6698460505484,-15.5149340330894,-16.7503499911015,-18.3186607281132,-20.7425986949622,-23.5459597097948,-26.9538445268917,-31.1524809044481,-36.9657299171236,-44.66311809293,-48.86626516309,-54.4838060587592,-64.5191318130974,-52.9658106975322,-50.6179456451868,-53.2736643356507,-46.0574885590791,-46.5047200779934,-46.1337457306414,-43.8389994074817,-43.970005020199,-43.573302254183,-42.6461988012576,-43.3993851926872,-42.7151946035585,-43.2260626373676,-43.2174621283972,-43.8321043342378,-43.3523108216129,-44.5455211602393,-45.1292214434947,-45.733601094994,-47.519876679637,-48.2545195859649
-59.0950234541604,-50.8862655439508,-52.6259585852371,-50.2670867602745,-49.885407566681,-51.2301781331487,-52.0429510590957,-56.2595542182227,-57.7472481428827,-54.9490372309919,-53.8137153083963,-50.0463603867246,-49.7698472912606,-46.7654213377099,-45.7755153051593,-48.3559385837491,-45.6857242959152,-44.8963267627131,-47.4642922945484,-45.8409862112658,-40.8042820743375,-34.4434835959622,-30.7392415191862,-27.3905140533759,-23.4943128918301,-20.9408209694859,-18.6497763163475,-16.8068162358193,-15.7452000895336,-14.8745872786172,-14.4901765078458,-14.5568474055565,-14.8844143580932,-15.7710611576089,-17.0275294881703,-18.6336423364472,-21.1450332368778,-24.0052553064513,-27.5089461829258,-31.7410987489644,-38.2572234166884,-43.9983460007097,-47.8999584997788,-54.7921004419943,-56.6568559541746,-49.9703656174419,-50.1698298376703,-53.6087214137034,-45.4867734018902,-47.5980145939067,-45.2283239714294,-44.08648392147,-43.8715237636496,-43.0352132681926,-42.1841734833775,-43.0045429974002,-41.696615927518,-42.5103440543226,-42.4907335500177,-42.9542326654801,-43.1626185504705,-44.8953185546615,-45.4499382020772,-47.9159079011115,-49.8874142675087,-53.0597324857845
-51.3659470276185,-50.2309403821127,-53.3426463303349,-49.3556245637627,-50.8630564868079,-51.3710611555128,-50.5016147723914,-53.7553144171474,-53.2277455239146,-50.8736914397252,-52.8500420200272,-48.5452567224271,-49.4216820478456,-47.3953945245396,-44.5774053217323,-46.8326609731504,-46.217637839616,-43.6858761918144,-46.2375689659834,-45.3948775562982,-43.5015746424133,-35.6460310883982,-31.5136520878962,-27.9644592399927,-23.8233115959138,-21.1892252146351,-18.8638853584384,-17.0013701291228,-15.9306085190517,-15.0828013548516,-14.6984160675857,-14.7705983107575,-15.1441469638515,-16.038299167719,-17.298795421539,-19.014476189272,-21.5370108327252,-24.4918416471079,-28.1635724803906,-32.5135451324198,-39.7768216729232,-44.7183194817692,-47.1880892617676,-57.8329335657904,-49.6671585617206,-49.7260110690702,-51.0234522860458,-48.8873813701554,-47.0225482976595,-48.2707955115915,-45.0359768754909,-45.2508930431788,-44.0877895876411,-43.0509802476034,-42.5258011217119,-42.8348203463518,-41.6172367980485,-42.3477345746499,-42.4532169049769,-42.6977749098919,-43.6106527191805,-45.4558812962401,-46.0291217969864,-49.4394447613983,-52.8009406249342,-57.2174090663332
-48.4854419791059,-50.179875276292,-51.9098164071977,-48.9759637240072,-51.5281598768058,-51.7251529183425,-50.1871137598042,-52.8741989659985,-51.7665820666636,-50.0156186436565,-52.117122586952,-47.7307459985616,-48.8497981122598,-47.9816942582211,-44.3527692030342,-45.4804830453379,-46.8884653624193,-43.8645146234075,-45.2664469833918,-45.7974216233369,-51.7845174794618,-37.6379747962002,-32.6481208647933,-28.4985569247128,-24.2090587641776,-21.4020541966321,-19.0740966607527,-17.2520651588731,-16.1154269338709,-15.3202166308045,-14.9392668101173,-14.98650474699,-15.4342150016434,-16.3130411589465,-17.5529720222427,-19.4129362060454,-21.9206421248013,-24.8911036488236,-28.7736826085564,-33.3732847461008,-40.9702904055238,-47.6898148554467,-47.9939636405166,-59.8528546862939,-47.7161599358422,-51.9271843250357,-52.7819476471193,-46.9549447066414,-51.0202814785157,-48.2503734721292,-46.0157621808184,-47.0639197575564,-44.793225108299,-43.8423658120995,-43.6147565292245,-42.9587168176094,-42.3891263293651,-42.619875438749,-42.8812054527086,-42.9667976587727,-44.3831390959254,-45.9189158179872,-46.6698533621349,-49.3268882750208,-54.0949156055304,-54.6675210958579
-47.5360516356478,-50.5838655122214,-50.3862542737063,-49.8260985386585,-52.5441499372467,-52.7072041359412,-51.5862982904723,-52.9837257208142,-51.8671024818793,-51.1085752532008,-51.8380596893611,-48.4565317449134,-48.5516741683258,-48.8358674691455,-45.2813917923705,-44.7711575194255,-46.9255411944471,-45.0949269695418,-44.7314131050757,-46.4539293464891,-51.3976262318471,-38.4439668793728,-32.959109183171,-28.6700964892735,-24.4356623983066,-21.503031238224,-19.2490309913946,-17.5248439638145,-16.292542633022,-15.5751809289001,-15.2034423757323,-15.2176773016988,-15.7358032750229,-16.5930438899211,-17.8102155618466,-19.7683529888129,-22.2777131742706,-25.1590301854478,-29.1546297906778,-33.8586804760804,-41.6190247461496,-53.0752792327672,-51.4099639376332,-56.7832476395987,-48.7319132454014,-57.6882469754155,-54.7441149784884,-47.6329392580403,-57.133760362502,-48.6116697018078,-48.4742953909415,-48.8844190049788,-46.3163836656161,-45.6290379738368,-45.2776458989591,-43.5787817073962,-43.8738848795686,-43.2274440933243,-43.5666052220623,-43.6547610367823,-45.2286312488163,-46.1404333418641,-47.2937375303325,-49.1889953535405,-52.4279912121859,-52.9886968787744
-47.5568176977796,-51.1603905858867,-49.5964010070873,-52.3081027813619,-54.5874964342661,-54.6826332895509,-55.1894132159133,-53.4085265089921,-53.0139224479711,-53.4479224254474,-52.1011824919325,-51.1746267681868,-48.9821569550202,-50.2090752891173,-47.4675992434155,-44.7138790315243,-46.3102050400511,-46.8704163690201,-44.7331290823551,-46.6749285911529,-43.2640104937033,-36.6504206165288,-32.0321691941804,-28.4325410496833,-24.4272168170249,-21.5274989257685,-19.394829621614,-17.7899676588532,-16.4766233516705,-15.8375381552051,-15.4836750460725,-15.4846188478212,-16.0366828250744,-16.8775862259818,-18.1056418811759,-20.0705648917618,-22.5685761363696,-25.358282079364,-29.2918007561617,-33.6981155664783,-41.3968592101765,-53.7904695663612,-60.7628575100936,-54.2917187537541,-52.5400785298579,-64.3988033659443,-56.5560762110789,-51.2284957730625,-54.8884194394792,-50.1491860811279,-52.7123690736671,-50.3821322231053,-49.2048232344885,-48.6764541377904,-47.2599679088826,-44.9492722507114,-45.778435119839,-44.0828845513738,-44.3363665611765,-44.6103020752814,-46.0158394755276,-46.3010725671314,-47.9885557984125,-50.2063516261393,-51.0517931859833,-53.455237033646
-47.9925983369454,-51.4786338946836,-49.7527799714378,-55.9246561766123,-58.9585456767188,-58.5767603564419,-62.5043919034914,-53.917434138298,-54.744825014683,-56.2046477393147,-53.219196838377,-57.2502490757303,-50.6894986410529,-52.3405495333599,-50.6167988067337,-45.2401121589451,-45.7485522697901,-48.2232474237736,-45.2967698605083,-46.4013253189176,-40.4862820123939,-34.8091224571273,-31.1014342024078,-28.0826912228007,-24.365724992643,-21.5770745530976,-19.5447982885225,-18.0389506291152,-16.6974595061565,-16.1024410086475,-15.7773088214106,-15.8025412409932,-16.3391431199035,-17.1736208503079,-18.4627428818837,-20.3803656552871,-22.795868723606,-25.578719641098,-29.368770315084,-33.3307524883196,-40.2921169364018,-50.9084339459131,-63.6123640928512,-52.9945853641872,-55.2019398418296,-58.0533975406284,-58.883205251375,-61.2418711536031,-51.5758218369144,-53.0253834067692,-58.4887004647063,-52.5941480956133,-54.7969665312774,-53.0666366280783,-49.4008427173546,-47.2235534774357,-47.4557100415792,-45.1244147332352,-45.0988950374698,-45.637061985628,-46.6849004728851,-46.69123623832,-48.8698313470678,-52.5401238833761,-51.4500661544967,-55.844126709629
-48.4574120346647,-50.6975188204067,-50.3385248436266,-55.6479922013968,-77.9942293896825,-71.6453192389719,-62.3873861119385,-54.4973001518033,-56.0616133046035,-58.8828002935253,-55.7124993608944,-81.3961024559182,-54.2458283717842,-55.4944312549026,-53.1778582968611,-46.2566943940369,-45.5973739753358,-48.1516222568145,-46.3405077907994,-46.1733952340064,-40.1113320749634,-34.1868141727288,-30.9269221671048,-27.9559914321015,-24.4890814818998,-21.7261181943505,-19.7338934862695,-18.2844776534362,-16.9809833410519,-16.3732131395801,-16.0862532844159,-16.1714421912229,-16.6595260430916,-17.5012324324421,-18.8822769342471,-20.7759222220584,-23.0496906551312,-25.883071106156,-29.5883277779733,-33.2689559420264,-39.3283667262381,-48.5629900951903,-56.4354878528475,-52.0320931155912,-52.1335029480168,-57.3602143990828,-61.8547413399458,-58.6876896344395,-50.4499728486803,-56.6501451526554,-62.7349292492177,-57.3893411619573,-73.0829134527439,-56.0250036085467,-51.6448533972255,-49.7420174199391,-48.0355601543358,-46.2967182367591,-45.8468292049541,-46.5441398668247,-47.1782562723951,-47.3939614373281,-49.9080484388438,-54.9604348267919,-54.231938221181,-60.6013869854698
-48.672676950822,-48.7464353143672,-49.8366243331439,-52.4742211201594,-58.4692764233535,-59.8627823486895,-55.284621087124,-54.7007984154705,-55.4909650615179,-57.6809014080184,-58.6875593196895,-58.723375143789,-55.8921816551052,-56.0012681556651,-53.6024352174624,-47.6598615191574,-45.7204513977641,-46.98230692989,-47.5220671154288,-46.4052934420203,-41.7327779864964,-34.9022865934206,-31.5096810972815,-28.2087191271934,-24.8728146653102,-21.9800355343879,-19.9778728797654,-18.5424903462188,-17.330432442509,-16.6608656408473,-16.4153141033004,-16.5749232463154,-17.0194608785053,-17.8896963588244,-19.3540976536631,-21.2863597363214,-23.454572939449,-26.3335028566296,-30.0764382990869,-33.6713795044808,-39.3143807880241,-45.6788791265646,-53.0255278049683,-50.6993898500745,-51.0647681249268,-61.6819475019607,-59.9194540602638,-51.6464769856398,-50.646077017106,-59.2480224086347,-61.1804378635623,-59.2388401784406,-58.2126762968385,-54.1678871414799,-53.230711295181,-50.1431239543811,-47.6106745976989,-47.495470717915,-46.6112175012147,-47.2144609692531,-47.4484944111872,-48.1632496511827,-50.8276373976765,-54.34333367633,-58.395962947227,-65.3606618504466
-48.4127626093991,-46.8242912232753,-48.2096103935043,-50.2402703668828,-51.5402898391153,-51.9294397220456,-51.1653582112315,-53.6917890143363,-53.1896035083572,-52.6114166260981,-55.6343413046006,-54.0608642702641,-51.4623908598799,-51.470779188544,-52.4979117024539,-49.4856961630967,-46.0497318149821,-45.922629476943,-48.2767091686225,-47.2505782898033,-45.9050064747952,-36.647059622956,-32.4190670715013,-28.7533144379122,-25.3819347764279,-22.2920277041559,-20.2649036652189,-18.8121096448651,-17.7195075231919,-16.979153149094,-16.7698576840698,-16.9891282594476,-17.4343747417532,-18.3631608987292,-19.8767093261861,-21.8739394352274,-24.0693341811204,-27.0069233467008,-30.8956560866394,-34.5033493347618,-40.48432764817,-43.5562890499679,-48.9691370739868,-49.3035710046315,-52.9398443880366,-57.4153581086711,-54.7428430788793,-48.6844635739614,-51.9441960226457,-57.9651912786167,-55.290151892334,-52.9386210509449,-53.2891331870522,-52.1454178655214,-52.6660019600925,-48.8776116457996,-47.2285452839375,-48.5556830303885,-47.441992811072,-47.660101958665,-47.5359164285912,-48.6671734026409,-51.2331366463029,-52.220005594191,-54.7794496653649,-59.0939006745219
-47.694007213912,-45.7204662890442,-46.9551910476238,-48.728368938455,-47.923168357009,-47.8927852376453,-48.5386430059161,-51.3865242195341,-50.5018877150158,-49.0016870679664,-51.1966635311725,-51.7684329295253,-48.4795786326859,-48.1202758704502,-50.4319383823741,-51.8670952756326,-47.072066376341,-45.8480217078123,-48.5734720381081,-48.7090166476342,-52.1134653983763,-38.0003368757088,-33.0038043578179,-29.2374450118847,-25.7683088761909,-22.5991998333917,-20.5588005002773,-19.0699847713142,-18.1022520799519,-17.3364707358861,-17.1531576601985,-17.3976930689186,-17.906046163285,-18.9246996216371,-20.4617860102542,-22.4769765536708,-24.8312130549426,-27.9320916963,-32.0302904408446,-35.7217613415976,-42.7069010162254,-43.1416442007497,-46.3300066838309,-48.8139235284282,-57.5547363210206,-51.0466019224252,-50.9930819113517,-47.2977673356273,-54.4675621086553,-53.8281689466014,-51.0788505647716,-49.9114136939447,-51.5309643267223,-50.9976763567665,-50.8957554663282,-48.2983455830592,-47.627920550379,-49.3510764149009,-48.4357631885481,-48.0813096157846,-47.6885595156612,-49.0130870177008,-51.0301303613487,-50.808875563391,-50.9426062565036,-54.5829322068891
-46.904303116172,-45.6033664734745,-46.5003405487582,-47.425534163889,-45.971133551239,-45.7867543215186,-47.0033258941619,-48.7706006848867,-48.240213308014,-47.1570654676668,-48.4355389263186,-50.1522009908857,-47.4509304744628,-46.6018358489533,-48.4596709627224,-53.3049296387264,-49.7482187773299,-47.3840825686329,-49.1969622523874,-50.6443903196899,-47.3469730244971,-37.3758260484781,-32.9482944670959,-29.2674902541608,-25.8887204758964,-22.8472891554981,-20.8139868310781,-19.2866558555573,-18.4355187477174,-17.7281574752471,-17.5640846639929,-17.803539048892,-18.4234979782741,-19.5502536215026,-21.1168886511494,-23.080442237907,-25.6029817616008,-28.9994423247487,-33.299220620267,-37.1920364411213,-45.2925673293492,-44.8323344714294,-45.9971507331149,-50.1072928510055,-56.4885894493196,-47.980410333419,-48.7700973313697,-47.2263536095544,-56.1666691737481,-50.5743031180934,-49.0077737989013,-49.293460410562,-51.1035473361695,-50.4750699388447,-49.5572057922052,-48.9349855956737,-49.0885780788467,-49.9496739916921,-49.7514159384772,-48.8637407930333,-48.3702080007969,-49.6597657485619,-50.5339235412708,-50.2105311540261,-49.4401329218639,-52.1069620422552
-46.4633491437288,-46.2956351901618,-46.3617828131152,-46.1827375981045,-45.1525697350318,-45.0947814434119,-46.4099617748316,-46.7936567566176,-46.8104757083797,-46.755061223492,-47.0287100691159,-48.6586596563646,-47.7625809901784,-46.5985965094096,-47.3489836887814,-51.1368989096911,-55.2388643792565,-51.666843407452,-51.063061846529,-52.9483420035116,-43.6057157990835,-36.1365953066295,-32.4770761328983,-28.8707379376682,-25.8116563248987,-23.0016715389878,-21.0002336234983,-19.4564724040149,-18.7011885946388,-18.1337079100873,-17.9955359825011,-18.2278046442804,-18.9712614722808,-20.199328963799,-21.823789336625,-23.7389926391185,-26.3317177632022,-30.0006628198275,-34.3732664846893,-38.3689820310109,-46.7745401398675,-48.8995729114984,-48.6501263365302,-53.9733109664968,-51.2575684380717,-46.9127587599516,-47.8919956070589,-48.7797141957832,-53.1844281026362,-48.9154331182671,-48.7319101107665,-50.5471438429513,-51.4168095355965,-50.6042589574627,-49.2083472663407,-50.6160622871999,-51.5940398459348,-50.6620608568046,-51.5729447267669,-50.5117375708398,-50.1781901995301,-50.8867274331054,-50.1780184205233,-50.1256488228326,-49.5517216377146,-50.7881546012612
-46.4953812328056,-47.1548149174181,-45.9349964734791,-45.1747731402985,-45.161315520453,-45.6098257103115,-46.7000981893566,-45.9782684128382,-46.4944501987943,-47.5817142857764,-46.6825704504495,-47.3721396910739,-48.5571820124994,-47.8016451457513,-47.2977419722984,-48.6144957351268,-55.1620695795869,-65.439891689704,-55.0598007370432,-55.970628662265,-42.258806300721,-35.3539234961976,-31.881441762543,-28.400145002504,-25.6638804029259,-23.0615574586243,-21.1234627798346,-19.6134990023783,-18.9138821203213,-18.5222103156042,-18.4329077992209,-18.6935062822708,-19.5372076397588,-20.8377151353102,-22.5377673255089,-24.5166619291062,-27.1475208144339,-30.9113504340731,-35.1887962224451,-38.7653918533485,-46.4857867869631,-50.5372132558982,-58.3382056406885,-55.2684041686049,-48.1041508686377,-47.3025221669083,-48.2759678513658,-52.533379483242,-50.0508202604298,-48.696291648052,-50.0664237761929,-53.4523733472466,-52.3782294575724,-51.6623411416638,-50.1605090891943,-53.067928054209,-54.6702591657407,-51.8794588434178,-53.9741644439393,-53.709441290617,-54.0372763163033,-52.6556392514216,-50.4042596401738,-50.4293502937213,-50.591217251146,-50.0013302283277
-46.6703232956976,-47.0995351552093,-45.3164280790178,-44.6587149724288,-45.7490164874217,-47.2106948649404,-47.9554525578982,-46.7147564324321,-47.6316979374803,-49.49042859116,-47.240383854755,-46.6670000257865,-48.7958777005611,-49.5804042187859,-48.3124036607866,-47.6538515536946,-50.2076522563288,-55.6277241919853,-57.1490101652104,-57.6580484970811,-41.6587166788238,-34.7951113180893,-31.3555384313771,-28.0715096834757,-25.4989313121502,-23.0725536799657,-21.2241326452131,-19.8125565577404,-19.1102476480132,-18.8654312793943,-18.8533345615609,-19.2019737443991,-20.110005011557,-21.4520695906504,-23.2165510151159,-25.4040464305628,-28.2323237490085,-32.0598920358346,-36.2531362674301,-39.1363679841152,-45.5407977311244,-46.4977507190595,-56.0720321045388,-50.2792412009779,-46.6680753191306,-48.9660407610367,-49.9010035670994,-57.1729551457776,-48.4835010706103,-49.6930010580807,-52.887655504864,-57.5614133950968,-54.3343610781155,-54.1788849393608,-53.0622069426317,-56.229965466452,-56.9581450274484,-53.7310234348016,-56.3576976430929,-59.3467035657618,-62.7797278379692,-54.8223559070353,-51.6061462281185,-51.1745521774312,-51.4107492722233,-49.19833969222
-46.2982910010417,-45.9131082849679,-44.9056801457759,-44.7809211679948,-46.6822505349795,-49.6400207119438,-50.4886731067358,-49.7341498274282,-50.9349212437604,-52.1932514837723,-48.5700433608057,-46.799721032717,-48.3621541883161,-50.4368097975484,-50.0612834132669,-48.3492049166205,-48.2899899440182,-49.8478343970559,-51.5423369408487,-52.6711116476542,-40.537984108721,-34.1707341525083,-31.0570227371049,-27.8945985375938,-25.3438767931868,-23.1116490871136,-21.3530647516308,-20.0901276242139,-19.3281531138004,-19.1518908635746,-19.2300755987357,-19.7163210774348,-20.664978879639,-22.036079727068,-23.8481660628959,-26.2933761113385,-29.5892869334166,-33.8491594831622,-38.3039391915938,-40.7606511741821,-45.0429061458213,-43.8715898848314,-48.5645678333168,-47.7014530276222,-46.8598838854806,-52.0289356670923,-52.7693915942302,-54.7291803525634,-48.4040285198932,-51.7548116180176,-56.8794418330753,-61.5757783194987,-58.0145020235351,-59.5888589554552,-60.2113823720025,-58.699490510987,-56.8089755760153,-55.4634678361868,-56.6990453464208,-60.0529019898024,-62.5167537030163,-56.5238630886927,-53.2738663489296,-51.5146655804399,-50.4513484448198,-48.0508342907692
-45.2124332366433,-44.4814162724188,-44.6827569824406,-45.4452045137107,-47.6826310023239,-51.7209992290598,-54.4979062383047,-57.8988619603412,-58.2911942545691,-54.3198261893351,-50.3791612574756,-47.7358848268484,-47.8314282985919,-49.4455970690826,-50.7669602610042,-50.1211476936721,-48.4255765036546,-47.7960979133849,-47.7159911035252,-48.0917233573639,-39.2449994196023,-33.7486500910086,-31.1015448324229,-27.8628852265753,-25.2793142960822,-23.2466690054326,-21.5435752337913,-20.4360783214447,-19.5872960491863,-19.3914574663465,-19.5439103802155,-20.1669897394729,-21.1514791164725,-22.5561093843475,-24.4276302449791,-27.0446684175728,-30.8853554182775,-36.2487082768625,-42.0734992952299,-45.0604424308608,-45.4422070527829,-42.5947213103644,-46.1692880846068,-47.2748396902352,-48.865452075245,-56.9605733458866,-56.8454890298613,-52.4427411064282,-49.9006086222737,-55.2561465768491,-61.4622607223438,-61.4556740147678,-61.5200368249374,-67.0707473802569,-63.2311732782625,-56.148385004471,-54.8549948659073,-55.5780058966529,-54.6695077894329,-54.6094265007564,-54.8900527987234,-54.0648119993873,-51.7277524456079,-49.3774024228486,-47.8818406172733,-46.5550911907363
-44.0847361587074,-43.471334308322,-44.4180697854972,-46.1780909116478,-48.3044149438266,-51.223171801307,-55.0186617891499,-58.2005606693173,-56.8661073030123,-53.5148270839782,-52.0135084011684,-49.1053856788134,-47.5565985574328,-48.0132543173578,-49.275345345081,-50.8978083776608,-49.6710190363586,-47.3569362110121,-45.7787048978776,-45.3639615381745,-38.8266471428736,-34.0052106207723,-31.5717565997413,-28.0776174461512,-25.4181330585645,-23.4982677606272,-21.7945049614367,-20.7919864903073,-19.8784137822553,-19.6046698810908,-19.7919739875413,-20.4855219576,-21.5020244819155,-22.937640896126,-24.8948722418525,-27.575194544317,-31.6237717544581,-37.8925679497629,-46.8312124204818,-56.0584197060914,-46.6768489818116,-42.2488099791386,-45.3224862775456,-48.0376407726747,-52.9510402747383,-62.630898158935,-61.8323778477801,-52.7517293839759,-53.6478115370591,-63.1293507982354,-62.4568128562004,-56.5087466316188,-57.0896872435309,-57.4215296988012,-54.51453000252,-52.786827118008,-52.7536948419743,-53.919190109024,-51.9812939701555,-51.0637294752946,-50.6644135684906,-49.473043257015,-47.7519030379461,-46.0720952876041,-45.1955148960132,-44.9187380221677
-43.5443009122022,-43.1939776083333,-44.2317855998951,-46.3468617892019,-48.0288179922587,-48.9561413746223,-50.476126653477,-50.2729403578597,-50.8397199841293,-51.2331732213775,-52.7087672898576,-50.598447518061,-48.0120896578825,-47.5306110977937,-48.0430548240391,-50.0431808279511,-50.7579765377667,-47.7169120936528,-45.1508598571006,-44.0740245143026,-39.9315435337735,-35.2674290984577,-32.5531333116583,-28.6742868032085,-25.8063826871529,-23.8203008602645,-22.0665076803931,-21.0756876991613,-20.1631097319757,-19.8024318406278,-19.9810780486772,-20.645736526437,-21.6699393976429,-23.1117831309962,-25.1364367061829,-27.8537517009252,-31.736276723494,-37.4039285347598,-45.055648300645,-49.3634020106748,-48.4294847423494,-43.075041531027,-45.0252225736009,-48.8020288434565,-58.3357728025443,-62.324213503804,-64.8901355673236,-55.2994235717667,-59.5026170156251,-63.3597042098955,-56.6911351029976,-52.7238654450921,-53.2368679250836,-52.8611051540014,-51.2123800622211,-50.7345429962569,-50.7408340735957,-50.9786623272024,-49.259107781657,-48.344209747542,-47.2977772534726,-45.9194406517027,-44.6622145822273,-43.5247110653749,-43.1502839492987,-43.4017500375516
-43.9550508380912,-43.8604567911077,-44.4978189495935,-45.8929284209861,-46.8082916233537,-46.7194528040524,-47.085133553758,-47.2112906664328,-48.2120220462637,-49.3563016796833,-52.1442931587242,-52.6874119699338,-50.1827278526036,-48.9269690976966,-48.6210294911151,-49.743190770075,-50.748080448862,-48.1957193071976,-45.4620602960436,-43.9143085093311,-43.3388860508271,-37.6296736482781,-34.0635036678054,-29.6178917744228,-26.3255865974884,-24.1064351470451,-22.2924294153748,-21.2207882003275,-20.3839755261763,-19.9695680170015,-20.1091871797715,-20.6721359086058,-21.6648857082774,-23.0876202458671,-25.1098749568071,-27.8684426071143,-31.5737940100377,-36.4169109191415,-42.1231361880927,-44.7565151154356,-50.8882068505079,-45.915513271429,-45.5783352550606,-49.3165825734723,-61.4910730233747,-59.2811392220225,-60.9030143015785,-56.7299591550712,-54.300731618356,-54.3525357805672,-52.5469100984695,-50.8586691125779,-51.3276159305106,-50.6975167928926,-49.9184687088503,-49.3840695765655,-48.5178443761734,-47.7708026707363,-46.8083576244938,-45.9896554630494,-44.6724709695185,-43.6094903687181,-42.7794260781742,-42.0451522030988,-41.9021758510951,-42.2189029955364
-45.6868012874479,-45.6512492206559,-45.278879597805,-45.1779796552767,-45.1711531627276,-44.913592389321,-44.9127474506977,-45.7530165302138,-46.9885987604513,-48.121802340521,-50.5084395795654,-54.9413042749117,-56.6906080696836,-54.0928887951006,-51.5309462981199,-50.1229087720957,-49.6363437077288,-48.1647275613021,-46.3101229477947,-44.6537258268459,-52.0074544162544,-40.117550772757,-35.6208383512975,-30.4674657791248,-26.6857364531862,-24.2392465829782,-22.4049061488318,-21.2079296497332,-20.4840734733546,-20.0645349074476,-20.1542637457274,-20.6070380298083,-21.5420337892185,-22.9478963260629,-24.9230746885536,-27.6810085813177,-31.3633379397769,-36.0523546793646,-41.2243427826831,-43.9690166245649,-55.6615651605622,-53.1593514727344,-48.0367481572991,-50.6249943360262,-58.155895000406,-53.9025645944606,-55.8878104518501,-52.3195810866208,-49.7261528990368,-50.9048185799089,-50.5940963498491,-50.6029195869971,-50.5667544620091,-49.7189382585746,-49.4107554929904,-48.0893257925471,-46.4340022125528,-45.3326160564404,-44.9474036275265,-44.1655035792829,-42.9726433728608,-42.3479447350553,-41.8873213526906,-41.5036411157007,-41.4024940142881,-41.5184749900557
-49.3978200520318,-48.3437873523035,-45.9414919771909,-44.3833047984742,-43.6857704455198,-43.550213893019,-43.523042632821,-44.7768839516123,-46.0719371281165,-47.2283192335854,-48.522129952697,-52.2419809408644,-58.5727983051051,-60.8932179754097,-52.732649947502,-48.9401832744432,-47.7409235077802,-47.488166029898,-47.1353727940944,-46.0544165171581,-50.7142759709119,-39.6081182954328,-35.8309545702787,-30.5559569087836,-26.6535591945471,-24.1687632385123,-22.3726710928489,-21.0661926029666,-20.4308830720082,-20.0394823676328,-20.0838806134611,-20.4730804161448,-21.3530539073834,-22.7615476465723,-24.7101116620793,-27.4181385394989,-31.1211585073467,-36.0893378317656,-41.7649738345973,-45.4049582168747,-61.923626572489,-53.9110374845083,-54.5430865262939,-52.6381543806961,-51.6661232997513,-49.5109908596338,-52.239492155614,-48.5717160671221,-47.9627186709528,-50.0332533346639,-50.4902362573321,-51.4869267757837,-50.1826211151052,-49.167613707785,-48.8512107827276,-46.9202582249039,-45.1126834699936,-44.0591264117283,-43.8910745959576,-43.1171461404673,-42.2544873591832,-41.9746144692657,-41.7808170241818,-41.6998013566778,-41.5461343227614,-41.4065472137514
-54.5646272620967,-49.5451818514038,-45.7048777448587,-43.6582195686932,-42.69584224208,-42.6460906376884,-42.6981299950529,-43.8419664032988,-44.8951148929819,-46.1827965567543,-46.7701954416031,-48.1242332834225,-49.483955093362,-49.9255196251614,-48.1594994431669,-46.4179747126341,-45.9246829081132,-46.5935063397735,-47.4318137696983,-47.7203824204664,-43.3729577804095,-37.2790862203739,-34.557231030539,-29.9440791831083,-26.3262842048684,-23.94462322788,-22.2180720460096,-20.8484088785821,-20.2323955311934,-19.8713516720487,-19.8810098903958,-20.2649371742435,-21.1118771438874,-22.5230932448882,-24.477580232369,-27.1232002466851,-30.7549427555665,-35.7764482597981,-42.2776504447708,-48.0851478262508,-52.8387653325475,-46.4575087067523,-57.3897753812793,-52.1495551481249,-47.8603127754884,-47.1562498131631,-50.1222887129411,-46.8200801632393,-48.4320097884184,-51.2934846271271,-52.0174759430731,-52.3897957048846,-49.6821658535759,-48.6175987985716,-48.0868961427649,-46.3759313450071,-44.9299123413238,-44.0558180344738,-43.7602687144906,-42.9895225433399,-42.4985509718281,-42.3603378636108,-42.2749038423471,-42.401480329717,-42.2213427575352,-41.9661326762544
-51.3905267096843,-47.7392318584362,-45.0276814126396,-43.2614359619808,-42.3364746009088,-42.2246604012032,-42.325468629669,-42.959852206779,-43.5671322827727,-44.7435759053176,-45.3292681499912,-45.6096896638206,-45.941116033926,-45.8887391807421,-45.2530323505685,-44.7725333210896,-44.9624933251985,-45.9924551678414,-47.2532848814559,-48.8645499310957,-40.5349886931004,-35.7282502524076,-33.3444991444639,-29.3127742217151,-25.9807783226274,-23.6664020005082,-21.9994169956513,-20.6056501968387,-19.9344658249475,-19.5823158340367,-19.5662205470915,-19.9724870990059,-20.8044572394215,-22.1812286438919,-24.1146591370498,-26.6822269695009,-30.0954303440542,-34.6006271058826,-40.3697752027441,-46.3016289286355,-47.2804741047099,-43.2762299779616,-49.7562630859866,-49.8849921685513,-46.431941431256,-46.7339172026223,-49.6699893751433,-47.0866722615591,-51.6560943282807,-54.8698151405196,-54.1333716302557,-51.9680835689675,-49.261206362392,-48.2856065889275,-47.6688110195075,-46.8498716167164,-46.124370357815,-45.4041181914945,-44.6369722707824,-43.8572431197218,-43.644015994608,-43.3574011016409,-43.1845033661121,-43.3656195215635,-43.3069482809211,-43.2344863008119
-47.7335261783695,-46.1083272463976,-44.781267000286,-43.3881328219094,-42.5770592577196,-42.2532589594734,-42.2940130412074,-42.2775823097567,-42.4793385534535,-43.2545892611268,-44.0928650992674,-44.3817907665092,-44.7126606269974,-44.6494454370375,-44.581550254907,-44.7337320455189,-45.2799937463777,-46.1339160719282,-47.2157923750476,-48.9727814404398,-39.7679955853372,-35.3425713112478,-32.9068238345593,-29.0342859111853,-25.7808857318591,-23.4225314294079,-21.7779574295367,-20.3776779602912,-19.6026153791192,-19.2326935248997,-19.1956774675755,-19.6100627389438,-20.4253719522467,-21.7185064502373,-23.5525294170209,-25.9834187733512,-29.0687957658413,-32.870752161728,-37.1677988194692,-41.1454728096049,-43.6156030793838,-41.610505773604,-46.3334979922253,-48.3141511453775,-46.6916807907423,-48.0345291393447,-51.2362039588564,-49.8124125427275,-62.0333025099803,-58.1660426980521,-53.668680954375,-50.8289293483281,-49.4014235789159,-48.7183527731686,-48.2113547084974,-48.6527565751778,-49.0533627237607,-48.2296308416937,-46.5711036281949,-45.7250991357981,-45.5210259780422,-44.7557764223271,-44.3522487113217,-44.4202302906869,-44.6279007202003,-45.0994847259109
-46.5614500944424,-45.7413063820515,-45.2269578515969,-44.0433901142603,-43.2539289408299,-42.6345770921341,-42.4962426267738,-41.9526120854754,-41.9236643521187,-42.2277513985097,-43.124277164837,-43.9033406550422,-44.7724523035921,-45.1831464850011,-45.9102376367785,-46.6821927157581,-47.3564282733273,-47.5708616269126,-48.0913773834952,-48.9786142584624,-40.5100298433189,-35.9799119383258,-33.2023967557033,-29.0774208622641,-25.7370806369421,-23.2701007003752,-21.5964097066684,-20.1937627668083,-19.2999919454203,-18.8919805879265,-18.8343639916664,-19.2205167293624,-20.000872888261,-21.1899732721872,-22.8781551158087,-25.1257093985463,-27.8949032140483,-31.1987352243607,-34.6216064396631,-37.5456350564952,-41.2378225491881,-40.720080968721,-44.1107377808545,-46.8703518129031,-47.1663451907313,-49.7450946380808,-54.9116788618554,-54.2741216771978,-57.4352041693739,-54.3455651108486,-51.4630309138839,-50.0717834158508,-50.3232284461925,-50.3557557991412,-50.2604008485659,-52.3479253278602,-54.706467055766,-52.4414292604894,-49.432809688411,-48.351899564419,-47.6701222455088,-46.3314156021774,-45.7424258533333,-45.585584047351,-45.9931226790964,-47.1352449605079
-47.1221913970937,-46.4196657763474,-46.1301589604199,-45.0691967025003,-44.1833315980052,-43.3070664845846,-42.9361679023417,-42.1718805504766,-42.0644858657304,-41.9761760832681,-42.6624359527009,-43.7786760262764,-45.2728062494798,-46.6973520238656,-48.9780924727776,-51.464383027312,-52.5198390952104,-51.4430769100399,-50.8632310364103,-50.21910285416,-42.3413696114741,-37.229352196988,-33.836341232742,-29.2538966237208,-25.8058735043744,-23.2353978303037,-21.4731050689014,-20.0702096520924,-19.0688133763591,-18.608620772636,-18.5254272291571,-18.8513609954528,-19.5771427744737,-20.6820370458145,-22.2531724388559,-24.3464089142955,-26.9184687222177,-29.9858489305012,-33.1556520949683,-35.6886371715299,-40.2653889844085,-40.8033191383369,-42.4790342975224,-45.0922042738502,-46.1630127496535,-48.8201124157326,-53.697870118508,-50.4887651242557,-50.3876151183628,-51.0568994651446,-49.9889084140875,-49.9217045297281,-51.7635687604938,-53.1996710571105,-54.5107251278065,-59.7832198982162,-67.5774141400485,-56.0059251728323,-52.3919662151075,-50.842266966945,-49.3936774981237,-48.0465496178699,-47.5169605035174,-47.1298049025429,-47.4770981071377,-48.8530637364236
-48.3601109872068,-47.4086499812895,-47.0145553555781,-46.3199174650762,-45.3948199859199,-44.399781730901,-43.8011653925226,-43.1307336914689,-42.9857244042689,-42.6289969215233,-42.925337119819,-43.9320687375123,-45.4901304233243,-47.5893080749851,-50.6339779857874,-54.9506435423739,-61.1040830189359,-63.5776323080295,-58.2753978722958,-53.7368701922273,-43.9644269784556,-38.3214085572141,-34.3338281864329,-29.4473183633503,-25.9621293926957,-23.3075881202204,-21.4021976254645,-20.0011488390731,-18.9179556800222,-18.393835634749,-18.2752433029681,-18.5288884859067,-19.1919202011069,-20.2511636986817,-21.776109634126,-23.8051130240173,-26.3388267731175,-29.3921683132537,-32.7522767002436,-35.4159673990499,-41.0475256171923,-42.5754303332172,-41.8788253398367,-43.7354851086276,-44.9008711735667,-46.9037602831987,-48.7859927251014,-46.448915598694,-47.9461251008948,-49.4313813854168,-49.4039859954146,-50.1893172757181,-52.762160004824,-55.0171451672208,-58.706913094851,-63.8801838450815,-61.3805327790979,-56.4830683726466,-54.1175242718042,-52.2851630690384,-50.6257070581798,-50.1515534446046,-49.9822546911269,-49.5338358355464,-49.646689064998,-50.6105692765072
-48.568244812165,-47.9044778447611,-47.7132412812994,-47.9111890894532,-47.2675861204106,-46.2922717625073,-45.4104155347744,-44.9860096544033,-44.6844070460387,-44.182441208115,-43.9982402799638,-44.5398530581749,-45.5185918225373,-47.0928202414822,-48.3477032691045,-49.5930896315587,-52.1212477545589,-56.4943328212288,-61.3182730335856,-56.7220338749067,-44.2141443839675,-38.9033520669797,-34.641872464449,-29.6824763047296,-26.1812031321841,-23.4280018808102,-21.3545813053395,-19.9513838605734,-18.8198033693898,-18.2232570193166,-18.0587224771979,-18.2498635466816,-18.8565696990176,-19.8986053153186,-21.4328018644927,-23.4899489213621,-26.1210232627262,-29.3509610792178,-33.2108425422647,-36.609735863093,-44.4933801806708,-47.7931541356739,-42.8657094658535,-43.4656917378573,-44.7896342994775,-46.127975731373,-45.9347175467916,-44.9178091356573,-47.5102370658797,-48.7464014802,-49.2818762270748,-50.5589381166117,-52.4808726725048,-53.4249709960553,-55.0068361221497,-56.5469616158612,-57.072730032097,-57.0120147357417,-55.2906780461662,-53.5021606548036,-52.1431671644768,-52.9483353924156,-53.4021207023536,-53.5125950134395,-53.5321990253776,-53.5230260431833
-47.7609543382099,-48.1782735781381,-48.7177285215375,-50.2891251340959,-50.5682985222292,-49.6720483179791,-48.165904454304,-47.7893499364595,-46.9684954099457,-46.4235871020864,-45.7977432880813,-45.7799901373171,-46.0235851060892,-46.7735969910796,-46.8957705032472,-47.1145408646752,-48.5387035373249,-50.3795475001063,-52.3631603315263,-52.0326540983861,-44.7648873908837,-39.6284566055544,-35.0755117796668,-29.9577256309618,-26.375869097315,-23.4996690642417,-21.2835963255478,-19.862974506561,-18.7204686605415,-18.0536786957144,-17.8389191322989,-17.9909401736764,-18.5573713073791,-19.5849483588734,-21.12909790484,-23.2432923424914,-26.0064726114364,-29.4882610079118,-33.8659009907092,-38.4830890946025,-55.0435432928764,-61.1258995738204,-46.0998909206175,-44.4588799514307,-45.863905621702,-46.267015829124,-44.6731471379817,-45.1639860737582,-48.0942810268356,-48.3753307387091,-49.176622775317,-50.6813613698762,-51.5091597821873,-51.7849325253371,-52.4251678084458,-54.1360949535145,-56.054171276376,-58.8383988690607,-57.4632075140673,-55.7409205155402,-54.7224088266424,-56.4426073945701,-57.5006817739151,-60.100145143886,-61.6084200023448,-58.8518482251677
-47.131766688559,-48.768719810633,-50.4914283993276,-53.9650513856009,-57.387324625773,-56.1834275314757,-52.3915318259978,-51.0824773575434,-49.1790575195763,-48.7170955447271,-48.0558042051212,-47.7614575966662,-47.6047976647765,-47.8414180493421,-47.5779935292089,-47.4102043645906,-48.2070939952928,-48.9166152168418,-49.6749030484429,-48.9090692198439,-47.2228738150037,-40.7930711801179,-35.598762838981,-30.0829211680143,-26.4000816063246,-23.4355314900771,-21.1428052210461,-19.6814679795892,-18.5643237822025,-17.8479448983647,-17.590468948588,-17.727763329684,-18.2717859573759,-19.2692363366774,-20.7768608654079,-22.8884656359091,-25.6755701743085,-29.2251237926158,-33.5886954749911,-38.2896622368131,-49.2284337656772,-46.4259316622327,-51.1360956990902,-46.3107003590066,-46.7702627229289,-46.0890801052813,-44.3807991058327,-46.5402366029445,-48.3692556058278,-47.7924034722614,-48.7722280594865,-50.2986253782576,-50.6441052862162,-51.3926666412868,-52.1699606197224,-54.1718718856216,-56.6164665794437,-61.2239398868847,-61.3080802888084,-59.9088478702579,-59.2688484639937,-60.3753954218585,-60.8897837990944,-64.7532885620491,-74.177037701444,-64.5340573754996
-46.6751294812908,-48.8767964641725,-51.7338317020563,-56.1067161039467,-63.2309725804339,-60.930827727483,-54.8970616043533,-52.3354602711714,-50.0743553059735,-50.0334912150262,-50.2867492459712,-50.6107623583384,-50.9742073547112,-51.2515193791048,-50.9553685686355,-50.4209276087025,-50.5107933237053,-50.1127907257445,-49.6325753709461,-48.0746744500805,-49.194431178356,-41.0508978771403,-35.5413841379247,-29.8255209563623,-26.1688890328957,-23.2151325912075,-20.9124777322336,-19.3918855596295,-18.3240362676507,-17.5957192153683,-17.3146565159401,-17.4535957086912,-17.9896460935298,-18.9468013096071,-20.3774537846126,-22.4037087307953,-25.08220077356,-28.438400166776,-32.3705483490305,-36.1225106422137,-42.854207275466,-42.191873757395,-48.0937926581746,-47.1656634886456,-45.7266950968296,-44.8685643890017,-44.4984765046128,-47.5858825680221,-47.10866843701,-46.8023064578862,-47.9835907053668,-49.4333523919817,-50.1459723365965,-52.0404516155386,-53.7320318292976,-56.0920473836954,-58.6742772822935,-63.50843258696,-66.8274090363321,-68.8655116666341,-68.658286649398,-64.4997208856619,-62.9749782910546,-62.0736102434211,-62.3883170742132,-60.3205841536433
-46.1465464455331,-47.7118158427266,-49.9307446721543,-52.0857546513455,-52.8932740756425,-52.7784205256203,-51.2972639576332,-50.1409246422909,-49.2870922124711,-49.8372720769701,-51.3757205164545,-53.7372808867449,-57.2105837286924,-60.7636572257982,-58.7996873490927,-56.4221618037317,-55.9493347433621,-53.802083006141,-51.4193826983145,-48.9174904240882,-45.3753604293977,-39.4815204948725,-34.5846687808351,-29.2323993075937,-25.7472351444901,-22.8863117557658,-20.6145717300139,-19.0353658829789,-18.0173564077101,-17.3179742400593,-17.0379342505318,-17.1858775676225,-17.7241812998167,-18.6535681549928,-20.0146143131198,-21.9324434245515,-24.484082988799,-27.6208792480166,-31.2553725119548,-34.5124772558307,-40.6515010374072,-41.0521620055696,-44.2352428194656,-45.8533426768376,-43.9634957298829,-43.462361322507,-44.534378273636,-46.4250781293042,-45.0584318524744,-45.6344476064678,-47.0088357450481,-48.3905301761923,-49.9692705830073,-53.1437921201364,-56.7169864484502,-59.977855058081,-62.869044316835,-66.3429366211523,-71.1720319658774,-72.8152817548869,-65.7558758986171,-62.6380854949682,-60.9679498981157,-59.5304047778595,-58.5181003778266,-55.9763451257316
-46.1663829817272,-46.7145223849889,-47.6902204362055,-48.6388788396866,-48.6452599803233,-48.749681807183,-48.0927363927936,-47.6611365377361,-48.0209290677461,-48.7897470082124,-50.4376277304293,-53.4160899271394,-56.9845518354971,-60.7459613592931,-57.0731255715939,-56.3652207374555,-61.3059887540586,-59.7972769343078,-54.3009210463669,-50.8734953495096,-42.170513351872,-37.7684832421073,-33.3758129512518,-28.5564045541755,-25.2661634812602,-22.5149679132342,-20.3005189416509,-18.6868013405258,-17.6974763454979,-17.0536827514203,-16.796159242695,-16.9554776651294,-17.5032197968908,-18.4339891605995,-19.7691243770089,-21.6156760302538,-24.1055667081669,-27.164797459705,-30.7395440706128,-33.9501239325034,-40.4775574646633,-41.9404107782793,-42.8420689844277,-44.4553847440426,-42.9513882343666,-42.695394364705,-44.3126001547975,-44.1924342354734,-43.362382687602,-44.637811323213,-46.1440801894228,-47.5018574140246,-49.8562502127655,-53.6950410909615,-59.6403925217443,-66.2573940302301,-71.3572046189616,-69.9077646613629,-71.0218594868921,-63.9770997650144,-59.8626058821511,-57.8994809577773,-56.3331280524439,-55.1579065642547,-53.7418134786759,-52.0212889859447
-47.8424242757635,-47.2400938389801,-46.9331023509389,-46.928006200141,-46.5904789404908,-46.5751681418507,-46.2781278716983,-46.1787352927947,-47.238624509339,-47.9749229022119,-49.1010976188684,-50.9886046743615,-52.4074835309044,-53.2147186655378,-52.7441852434749,-53.863635289402,-59.6293145971719,-63.0798549959952,-56.3480726433243,-52.9902681088716,-40.6375596978932,-36.8022474414425,-32.421961719598,-27.9608932926837,-24.811195401978,-22.150995726887,-20.0236832445174,-18.4129047065453,-17.4248467109675,-16.8393836616783,-16.6156177116626,-16.7868454870772,-17.3481443729198,-18.3053099939607,-19.654839075793,-21.4760403916013,-23.9584214327782,-27.0771150649254,-30.7520411461765,-34.1924888755023,-41.8012662493963,-44.9037517425865,-43.4764037961896,-44.2562867746847,-43.1705016374588,-42.9412178744969,-44.0824865486008,-42.550237760871,-42.4692012269786,-44.0601143147033,-45.5518252432626,-46.9264714906678,-49.4878925934445,-53.1128320500822,-59.2466678022196,-68.5881437658675,-77.04882773822,-71.1402031208708,-72.4373752107353,-62.652314789518,-58.1919906801574,-55.3548382879114,-53.2477710218757,-51.5079212406403,-49.9685740105102,-48.9313217054856
-53.0996947181484,-49.9690012428947,-47.7495591514124,-46.5234138019433,-45.80588829932,-45.493319698577,-45.5058141695734,-45.7744311594571,-47.1942816578628,-48.0078846877686,-48.8805988038733,-50.1406237652441,-51.4066710522839,-52.1178268853312,-53.001422781969,-55.650315369308,-63.1131328612262,-61.5630758951269,-55.7612556489067,-54.0917719027025,-40.0535101495529,-36.4817691319558,-31.7684340500874,-27.4926325996031,-24.4239957625593,-21.8356268371941,-19.8198588458209,-18.2449006700075,-17.2408060366407,-16.694212247364,-16.5016315309459,-16.6831914719856,-17.2575561369567,-18.2460086122806,-19.6216779871754,-21.4358140429725,-23.9078604383029,-27.1171757800883,-30.9620267890057,-34.7747991322993,-44.2020132871329,-50.3185365900062,-46.5580861174391,-45.8087714425903,-45.0950394653886,-44.5517742335454,-44.277111222381,-42.052904535395,-42.5629795934702,-44.0689695303913,-45.2756816821513,-46.6481169037033,-48.8421791457373,-52.0281839768111,-56.9810936680853,-63.5152397991237,-68.7874460912795,-68.5022536944817,-69.5432725819122,-63.4053361698813,-58.3807547862994,-54.2860274496033,-51.7166147893891,-49.4271925768867,-47.845683507496,-47.0416041101727
-58.6784147116637,-52.9162137868692,-48.9512858751233,-46.7124358134645,-45.7330337306249,-45.1852035870716,-45.4921819244292,-46.2369835073758,-47.6484456879403,-48.8828668706807,-50.170044008309,-51.5704079099017,-53.797193425168,-55.2022346760439,-57.8111177402619,-64.1436005237545,-68.4416943020533,-57.8825496062143,-54.025951504894,-53.796447707169,-39.9558303453477,-36.5458416972136,-31.3637647692758,-27.2022130899048,-24.1536913703891,-21.6153593539607,-19.7038911592528,-18.1783709060425,-17.1561775751809,-16.6161835286055,-16.4389861455221,-16.6249354452155,-17.2063343803503,-18.2118244217019,-19.6068661815047,-21.414675460994,-23.847925317268,-27.0787270931105,-31.0514553270608,-35.0888992112838,-45.5019660959607,-50.2166946550062,-55.0165808737431,-50.221398262254,-49.8994932376154,-48.0900800653528,-45.2865906215966,-42.9734395859862,-43.8444228099039,-44.8399631999128,-45.4223689233344,-46.632169744528,-48.2374909814245,-50.9643506227354,-54.8505400895268,-59.6937948621834,-64.2464564068778,-63.7761137996995,-60.6111459680629,-58.4434940586768,-56.6747689496922,-53.1531169793948,-51.0025763143738,-48.6092964578695,-47.0963826651101,-46.2627522448832
-49.2696003365146,-49.0232046306264,-47.7473396097894,-46.3708802741308,-45.7112467539613,-45.3372434329793,-45.929732187929,-47.0822259810178,-48.0226468368885,-49.8274808986816,-52.2473201857584,-55.0862589324946,-61.3997581640793,-69.6134693524571,-64.2566048058826,-60.9719599412638,-58.2287552907377,-55.0288890175883,-52.9168012730819,-52.8356501929729,-40.3912384775207,-36.9427401473081,-31.2621803561251,-27.1650745536515,-24.0565494261125,-21.5299866185125,-19.6750303708806,-18.1907363883048,-17.1552032784413,-16.5883561705535,-16.4023258394604,-16.5815997952984,-17.1604743454243,-18.1659907494922,-19.5859091759831,-21.4083153668675,-23.8120532407051,-27.0115264824216,-30.9999993736101,-34.9028144061278,-43.9445001889099,-45.9644485945222,-53.5771265205195,-59.4555284821368,-56.6300726189583,-53.0282594459346,-47.389945660762,-45.7417987923004,-46.7263082799323,-46.6547085817679,-46.2994223889324,-47.0373156165385,-48.0173235309845,-49.8957476480215,-52.6565946104092,-56.0069589765188,-59.2864619291332,-58.6412442698293,-55.0893125584278,-53.3023460578435,-52.8928538550991,-51.2537387893534,-50.3057148703691,-48.5801018307069,-47.3259944912359,-46.3518688642613
-45.5220210111259,-45.4091981505082,-45.2731038861745,-45.1872824689719,-45.2871142380774,-45.5664541124168,-46.4193671108852,-47.6219801659184,-48.0095172939792,-49.877492842061,-52.4230743294815,-55.386015540535,-58.8396816344552,-59.1225477589565,-56.8527399895392,-56.3232809021999,-55.9039266725725,-54.5855946862825,-53.2074193501786,-52.3534651129365,-41.626509369173,-37.7937787993073,-31.5134395106405,-27.3812986682807,-24.1386970841469,-21.5821458175714,-19.7214746816935,-18.258791862813,-17.208061039739,-16.5896957684495,-16.3710721973635,-16.5313742332024,-17.0995350113726,-18.1012168763214,-19.5736514270768,-21.4582632462589,-23.8777876382117,-27.067338400498,-31.0046395229279,-34.6954079715996,-42.8071996592555,-44.7463321612067,-46.7193223936878,-51.7298749173975,-49.9615487123384,-51.5782392502029,-50.6379350363573,-51.553109470713,-52.433432649204,-50.1036929269957,-48.4690449068633,-48.2670786940678,-48.4093279443929,-48.8725151216852,-50.286704107401,-52.2755205665933,-54.4919508156707,-54.3227268498596,-51.871460896902,-50.5018012786356,-50.2841204933674,-49.722135617107,-49.5345760821046,-48.8851220625306,-48.0555278885123,-46.9777347754096
-44.3820996646156,-43.7522798588045,-43.6334789537623,-44.0063658223114,-44.6206995259449,-45.5705173147628,-46.5695869497429,-47.5528012776205,-48.016294767765,-49.6134260071807,-51.2259645602297,-52.5786438448967,-53.9019229720749,-54.4400176200334,-55.588552687057,-57.2018911424797,-56.989259360533,-56.0360409834289,-54.7666192877193,-52.9103478888116,-43.4569408776017,-38.9690184665952,-31.9349662295864,-27.6894412266707,-24.3138250842443,-21.7213300674227,-19.8209125790549,-18.3629369291598,-17.2836719289995,-16.6047414481831,-16.3412965058179,-16.4769612776762,-17.0318306984336,-18.0372816403332,-19.5819986559591,-21.5602169685476,-24.0087056553382,-27.2106961751068,-31.133633231645,-34.9454618767892,-43.844373061898,-46.8007469972915,-44.8712446733144,-47.4942070130559,-46.7616944334496,-48.9941763956005,-54.4964953611842,-67.2416319857586,-69.1121160585225,-56.7776934392665,-52.9472003832134,-50.7896786109669,-49.4960411278084,-48.245979882158,-48.3273366171954,-49.323413940687,-50.8468113982685,-51.2205622459889,-50.3171766453954,-49.6314011093253,-49.4591677585942,-49.5121109242296,-49.3922792891409,-49.4085513946109,-48.8344030888748,-47.751121746811
-44.8042811347382,-43.5119252312896,-43.0570519843338,-43.3404938427084,-44.0112613604862,-45.2312766693129,-46.2450553730844,-47.2155344779232,-48.5398213781262,-50.1735756633011,-51.4149620407023,-52.2781818362561,-53.8014822267616,-55.2084971937326,-59.3805187617597,-59.4411131481679,-56.1509986340893,-55.5836633021755,-55.7298673012321,-54.2000327577742,-44.466039053761,-39.6866385060895,-32.1166345289621,-27.8596678347985,-24.4522999902897,-21.8706360707559,-19.9411691336578,-18.4793015340474,-17.3572234625129,-16.6278665663787,-16.3273498255286,-16.4456254068658,-16.9902736147261,-18.0012702891649,-19.5916904069265,-21.6373997459836,-24.0592514303544,-27.2117239368456,-31.1705678188852,-35.3962110283216,-47.1026342685856,-54.4540101876371,-45.9635149045492,-46.2702180472783,-46.1217063155537,-48.4526993188903,-58.1859925658298,-59.1206013858653,-57.4049720071205,-60.3656143700019,-58.1526565671592,-53.8062181086209,-50.9394943552951,-48.3459600676013,-47.3513865824135,-47.6543217443431,-48.6568783174032,-49.4392455207862,-50.1249470182939,-50.4204250275382,-50.415778002184,-51.1099891176684,-50.6898870524378,-50.5680876216407,-49.5959418933762,-48.360469538393
-45.9247530419919,-44.2733248012257,-43.3497616351402,-43.2172780163149,-43.5630803588724,-44.6039274296589,-45.6578626253607,-47.0343111571996,-49.653059016044,-52.0259703124048,-54.1111626392889,-55.7373239517956,-58.5408524967905,-61.5505578168441,-64.8689720903513,-55.0721104759846,-52.4483609919372,-53.1471437867238,-55.4668746923598,-55.5326176214347,-43.9210046013793,-39.4255220135634,-31.9296710684547,-27.8623770480818,-24.5108404334241,-21.9864008176751,-20.0469940603592,-18.5735913403196,-17.4120490496748,-16.6611058691092,-16.3515088261863,-16.4718978042943,-17.0118027574313,-18.0115635572866,-19.5753207319379,-21.6272286262253,-23.9729078166659,-26.9777829906109,-30.8488623420527,-34.9956918990245,-45.412197584097,-49.3084516593335,-50.4274864791417,-46.3622611408951,-46.0770418810436,-47.7807232081115,-57.6718355273066,-58.3376201123438,-53.8878637960006,-53.3823243958127,-52.7010411216541,-52.5020366837941,-51.5473220886713,-49.2595374989749,-47.6869230091819,-47.5019929014435,-48.0396323687615,-49.0514052150335,-51.100306944693,-52.6218930541817,-53.0628499253913,-55.0105087572845,-54.6311942515866,-53.2731122991194,-50.7458545687042,-48.7368135206474
-46.4591280421223,-45.5370925984202,-44.3244522083759,-43.6045347035632,-43.4261926139691,-44.0053961802954,-45.1558210313088,-47.1445458157682,-50.635917907119,-54.396554097123,-60.0043115982467,-68.4858623379545,-71.3147666628579,-66.5889858080475,-58.7425591056069,-51.730128974839,-50.5737428254292,-52.8151792621507,-57.5422533170213,-57.7258650238108,-43.3609332475134,-39.034463184165,-31.7465994775311,-27.896496321204,-24.5718983252999,-22.0855645891841,-20.1127000871847,-18.609417500013,-17.4391172227453,-16.7081108594062,-16.4280740007051,-16.5745245506927,-17.1151885390539,-18.077163117028,-19.5491268999346,-21.5848997184722,-23.9090101842365,-26.7556489906374,-30.3105098958141,-33.7095395566427,-40.6909468884596,-42.6961871818956,-56.6868147908026,-46.6478146352599,-45.2873321935832,-45.5099035884811,-51.3976131304408,-71.698582041636,-54.7316746630316,-50.3140637915321,-48.9516371999697,-49.5179493707256,-50.7830232043231,-50.8037512977438,-49.6325281964712,-49.1962901127094,-49.2538516611117,-50.2215891713614,-52.9843034455001,-55.4356285465112,-56.0856123084675,-58.6971333273438,-65.4913218488542,-59.7424292089509,-52.6546988975827,-48.9297123128793
-45.998260088488,-46.4798182782861,-45.7617796021425,-44.6094214876487,-43.9333566056271,-43.9310859066771,-45.0129949547958,-47.2381943175933,-49.996403151512,-53.4299488123765,-57.0105861099207,-56.6558513298573,-56.8878438154276,-60.5919029421875,-56.94866864796,-50.1913929088709,-50.9379245407923,-56.3236869748217,-73.7972312517683,-60.6631936363128,-43.6695049723227,-39.2902853797398,-31.8429644802748,-28.0783518399739,-24.7100366293703,-22.1987534235395,-20.1312303337882,-18.5705479890578,-17.4377421780108,-16.7691766208971,-16.5518450714126,-16.7414351930666,-17.2896640768105,-18.2057349674918,-19.5885164273515,-21.658337998741,-24.0995449513293,-26.8809594707271,-30.0581477501429,-32.8272615055857,-38.251474000307,-39.7557029756856,-48.062905469734,-46.4591112519443,-44.4688118614031,-43.4300526942025,-46.7834585236084,-54.184138537614,-55.2952923882244,-49.0640469649262,-47.3952629448844,-47.931280424695,-49.895167460941,-52.6919799076781,-53.7477678945506,-53.6897192247445,-53.1638453765554,-53.3976920936871,-55.2187140122467,-57.019618632435,-56.4118259710797,-55.3261951823189,-57.0580918232932,-59.8620031858755,-53.6106214812697,-48.6985500564628
-45.594158442837,-46.6630240382726,-47.2268314966957,-46.3978689020207,-45.4896623504954,-44.8490099123345,-45.4176902816903,-46.8483333453207,-48.0363278744869,-50.005771332426,-51.479724207147,-51.3413118830187,-53.2276470831769,-62.3090764080986,-53.8328496881289,-48.9980123665505,-53.5540441705683,-61.4039982914195,-56.1053463676863,-54.6976165147847,-44.8735609875232,-40.0068744059298,-32.0051343982041,-28.2528710932333,-24.8666424805507,-22.3067581353198,-20.1109690085318,-18.4790834246462,-17.4187835556211,-16.8409113530835,-16.6971528248585,-16.9303146846694,-17.4984392167009,-18.4043552947057,-19.7759449326304,-21.9606371781401,-24.6591523290103,-27.5441925712732,-30.5712938788978,-33.2033931483026,-37.772037256106,-38.6574310735259,-42.6873199878376,-45.2500060654884,-44.3170246124518,-42.5387661291578,-43.9966752248333,-47.0841054095743,-50.1184796502355,-48.509382904223,-47.0732268942323,-47.481025357697,-49.531164765898,-54.6777839862974,-60.8606529041095,-64.0040667159312,-64.7696860429749,-60.1042765214432,-56.7850654779032,-56.1492745264356,-55.3606622198095,-52.6814957626779,-51.3709173690339,-51.7452226499243,-50.5042150924958,-47.6493877017878
-46.0353414667037,-46.8913653536957,-48.4005923658089,-48.9720159477632,-48.4854512224414,-47.2060315466277,-46.5794209580235,-46.2621480686225,-46.3280697220617,-47.3267630116498,-48.4307781816185,-49.2092690585579,-51.7940844168907,-55.0030683804456,-48.6348935989697,-47.9663594846722,-58.7382639169943,-52.453138165842,-49.4724910433487,-49.5960342937881,-45.9125121875795,-40.0116195813922,-31.7751422749786,-28.1728776695829,-24.901450061136,-22.342555883483,-20.0647338252389,-18.3882302756412,-17.4063278954343,-16.9190298578615,-16.8275755591198,-17.0864191804549,-17.6946644073584,-18.6643334932151,-20.1199010748046,-22.4561053615477,-25.4951536289249,-28.7459168923995,-32.2092112354235,-35.3804736057615,-38.9792913949549,-38.8370948438878,-39.4702391905218,-42.9970841776789,-44.132456912879,-42.7875523636155,-42.5096015871951,-43.2874286243332,-45.8132997875658,-47.9091005483492,-47.4329140017954,-47.5107770999245,-49.2850676723237,-54.917831143908,-60.6023534407511,-57.9268502489561,-59.9950659768952,-66.761545232741,-56.6167623815874,-53.4376716897592,-53.4060684478822,-51.4728803755761,-49.0709292056942,-47.8779789252882,-47.0257701878455,-46.1488665596344
-47.6002616443186,-48.1433959209582,-50.0263897560873,-52.1560573160172,-52.9011736645459,-51.4707388464498,-48.7826660951331,-46.2738562267117,-45.5060179603893,-45.7531154658249,-46.7114193923924,-48.2773950324045,-49.9272672547691,-48.3042217277919,-45.2841237439398,-48.0957702313192,-55.8808788624072,-47.9165592831746,-46.7621394975529,-47.2090032809927,-44.1516675742618,-38.6814346709849,-31.1341548675267,-27.8657358317831,-24.7814740176324,-22.2663866397169,-20.0041493686158,-18.3516975235655,-17.4307289611797,-16.9995388357963,-16.9125150077215,-17.1718424633268,-17.8416696631867,-18.9407087576928,-20.5030251289045,-22.9121525073292,-26.2742948836513,-30.1840053601425,-35.0621295101451,-40.3180737382715,-41.9001884023761,-40.1827677743714,-37.7527458513561,-40.8674165787839,-43.1014125928973,-43.7606894295914,-42.0146009986514,-41.3050732470044,-43.4084669916707,-47.067488999162,-48.124480227483,-47.6411797960487,-48.6536414400668,-51.9898275339205,-55.6769057415041,-53.6269936986492,-53.7508439827144,-57.6990600422918,-54.777454005548,-50.8102679867997,-50.518842680675,-50.3517031097825,-48.2937954718064,-46.1011747811798,-44.9913456869934,-45.0127920464548
-50.3285888792442,-50.6033141530231,-53.7233872627168,-56.7949077196961,-55.4992245837274,-55.2780585535804,-51.6681925069739,-47.2047449965045,-45.6187678690674,-45.1370298509683,-45.7917229429221,-47.5044918075046,-47.3725645832094,-44.828209694564,-44.0213687247325,-49.7661225272982,-49.0945838926281,-45.851865495178,-46.2256464509284,-46.8773816152424,-41.1299586259062,-37.063321832312,-30.5074128122182,-27.604777701457,-24.6436970887433,-22.1253269215431,-19.9446789276771,-18.3947985616327,-17.5123335014456,-17.0770541925282,-16.9439553470176,-17.1889111039019,-17.9258958699322,-19.1532528235156,-20.7305658748305,-23.0316750887119,-26.5667197714463,-31.0007275392791,-37.0265589098983,-45.0728743917469,-45.9455474251417,-42.6719452836151,-37.4556185158782,-39.7083827608284,-41.9573957963978,-44.7729894445997,-42.4198162006116,-40.825185440053,-42.5275306112961,-46.3146804501093,-48.8244742165297,-48.0805439658319,-48.0083602545845,-49.202233188442,-52.7358493317564,-52.7155922042351,-51.9722832737342,-53.4324316905178,-52.5783251893364,-49.3837106739619,-48.3808454164982,-48.9278502532056,-48.0998800009051,-45.7260108146531,-44.3980197364369,-44.6935474520404
-53.9092447257286,-51.9887545595435,-57.2118511688915,-65.3376021214283,-54.3154277204412,-52.5072696891509,-51.4333687625547,-48.2078267170957,-46.4429322267119,-45.296596836534,-45.3584253069081,-46.3594513349403,-45.2410575327561,-43.4126122953812,-44.6567982948048,-49.7758103630075,-45.1768641533755,-45.2906454275964,-47.3688515858644,-48.226063799487,-39.2940247914892,-35.9856983385135,-30.1938323780542,-27.5771808979069,-24.6378056441153,-22.0167445648208,-19.9118131736959,-18.5071504451994,-17.6456053201078,-17.1442933402219,-16.943274199717,-17.1782937693251,-17.9563736379288,-19.2309237643741,-20.7122181854755,-22.7803454425807,-26.2546238802136,-30.4415429008147,-34.8821320898563,-38.9600564577287,-45.0778889871576,-44.685448941175,-38.6561997710085,-39.7166894684844,-41.4903070635927,-45.2859058021189,-43.8722954435534,-41.9206550977015,-43.0151032333624,-46.04465019407,-49.1035012794311,-49.1447087756923,-48.0734060539083,-47.9082655609577,-50.9928410470259,-53.2995054044412,-51.8706688952811,-51.1370696556837,-51.015444933605,-49.396486164461,-47.7801751169036,-47.9403632914415,-47.8653253196065,-46.3518018181522,-45.0995985636234,-45.2660887197261
-57.422497981557,-50.4784293076073,-51.3691381956063,-55.3594472107697,-53.3177623703365,-50.0947824211848,-48.5111439407517,-47.6873354076668,-47.441543668083,-45.9981413508212,-45.201622698716,-45.0452458658993,-43.9661598895427,-43.5656249937323,-46.9719792617932,-46.3515365941292,-43.4557182546853,-46.082830851366,-49.8296727053491,-50.3977584933552,-39.1683245013252,-35.6902119624068,-30.2549291832392,-27.7738539063543,-24.7877326433287,-22.0039062387284,-19.935481222413,-18.65676080614,-17.7957121267578,-17.1954261024696,-16.9502224435827,-17.1918772140313,-17.9557867923161,-19.1751351789059,-20.5741991974532,-22.4306596480217,-25.6376757394833,-29.1863995143735,-32.3844892669147,-35.2915634307414,-41.1870313096707,-43.0143999044243,-41.5074704560099,-40.7183519283012,-41.6948854482237,-45.5525652037471,-46.8588589288542,-44.9987102109117,-44.9675460936903,-46.5428045043894,-48.9220774684434,-50.6081993840044,-49.2729648217788,-48.2116816044082,-50.3688618076587,-54.1451515702698,-52.5590551352636,-50.3224818230007,-50.4988385399949,-50.8567236136933,-49.0011460114769,-48.0812027456755,-47.6999393930568,-47.475834646151,-46.8880903450401,-46.5348841189117
-57.1096474586327,-49.4462238684947,-47.8446497582508,-50.0765960845608,-52.5455297746962,-49.472143936715,-46.8287928816331,-46.5858782409865,-47.9614453617075,-46.9124769610854,-45.3025935454032,-44.1179498289993,-43.6166050172452,-45.0657836001618,-49.1933421606145,-44.0420449806444,-43.8302811050259,-48.6585376595502,-52.4722278577084,-51.4187424622925,-40.870595105471,-36.1888288221586,-30.6420652412621,-28.0891111259696,-24.9964133506912,-22.0718333621383,-20.0319030671706,-18.8102688039322,-17.9128609884115,-17.2300763560465,-16.9991162484048,-17.2611394491839,-17.9521202417276,-19.0714199282385,-20.5215601001542,-22.2484756801225,-25.0887673018224,-28.2416602488948,-31.1440011439127,-33.6579858604291,-38.8130682527236,-40.6563657842184,-46.061652324954,-42.0976225165278,-42.2200531081802,-46.337629508113,-52.8415638169631,-50.8385920312028,-48.9148708858644,-48.0820824490103,-48.9138303909547,-51.7084775527652,-51.7871520110858,-50.1748460637511,-50.8378398749208,-54.2902749684072,-53.7806130563605,-51.0190170836972,-51.2857756652243,-53.7671422224195,-52.6135725010915,-49.8983312646721,-48.2727846155365,-48.525984343393,-49.1934683287225,-48.038477765736
-52.0690242838405,-49.9401775560535,-47.0000349864741,-48.1447193035455,-51.6702083139917,-50.2163328891135,-46.9795182608993,-46.5515770030861,-47.9695585123051,-47.6373691198264,-45.8048419082037,-44.0241266125855,-44.2782206297723,-47.7101462757238,-48.1033828325904,-43.7979865028316,-46.8857689923138,-53.8406619150404,-53.3602443806199,-51.645283814294,-43.8282201999482,-37.1871983213419,-31.2210955342067,-28.443674000487,-25.1512864000034,-22.1499039448628,-20.1853511476371,-18.9424330842946,-17.9585832719858,-17.253927262286,-17.0979482111462,-17.3805777346925,-17.9734006276596,-19.0301434618438,-20.6620946085176,-22.3332809322504,-24.8688031017766,-28.0511640313202,-31.0876535005488,-33.395393227748,-37.9785544196639,-39.4339558407072,-50.8794596566436,-43.0009790921738,-42.8404955624045,-48.2509494251063,-72.0292049337788,-53.1832341424119,-56.4555503669758,-51.0684694483792,-49.6508070432913,-52.4840750985534,-55.6357200182776,-54.0535290828831,-52.2804812351178,-53.7256717122513,-54.99188686085,-53.2829030407159,-53.7559023355071,-58.4858361263413,-60.9345304711339,-54.5218513165857,-50.3211844775893,-49.426415193524,-50.7229072541433,-49.1696125871488
-48.093637650151,-51.1787574235721,-48.3450416543488,-48.4851852824691,-51.2775529721676,-51.9557158196932,-49.1122067159639,-48.1436751589319,-48.0371936411445,-47.9610114298951,-46.7778794643065,-45.0589085646575,-46.1206733169534,-50.3811979237292,-46.394688514809,-45.7537995788933,-55.4489852350002,-54.8285889225477,-53.5482339571184,-53.4859724683025,-44.4725941644539,-37.8233100103992,-31.7299548493712,-28.7967933552012,-25.2250799166619,-22.1801886660245,-20.345333953371,-19.0316678913413,-17.9278228069172,-17.2763675971876,-17.2224829838525,-17.5126799421819,-18.0411449705091,-19.1146281145971,-20.9578658901782,-22.6603708401492,-25.1231598609616,-28.7379441402878,-32.1279699881569,-34.5079297739981,-38.4877582649589,-39.0275047845084,-49.7428270081652,-43.471579638987,-43.3499547808717,-49.8460555095381,-55.2269172772765,-48.7129665356437,-56.0424680661783,-56.2578551408465,-51.1279319968637,-53.7694839738345,-60.8207550444933,-60.3216285838024,-54.8976459068843,-53.3228976408047,-54.7341459254467,-56.7528222803408,-58.2705093867784,-67.7887073645047,-67.5203088517733,-64.4585736839098,-54.5743853472734,-50.6269704262038,-50.5543452050298,-49.3314502477299
-45.968345198054,-51.8545268542727,-51.8405838761815,-50.7111355983408,-51.9050074171654,-53.8879503944401,-53.5542818162998,-51.6017665295572,-48.6876914129843,-48.2102638556247,-48.0670296506181,-47.48249400351,-49.2843720370927,-50.2146717643662,-45.9273855428814,-50.7080750569829,-54.4970588979873,-50.444677979949,-55.6327475557651,-58.1270913917315,-43.1009869559161,-37.5524840842926,-31.9350199128653,-29.0575529625858,-25.2472403354971,-22.1651127460165,-20.4485863233703,-19.0538120297805,-17.850976326698,-17.3068316553041,-17.3273221718936,-17.6104129933366,-18.1592295041161,-19.3013564706702,-21.2642439735165,-23.1443903118168,-25.8330978728883,-30.1935860099122,-34.3373312373572,-37.5648447231738,-40.2624172509328,-38.9454178010751,-44.669744232732,-44.2007646286185,-43.2213856029811,-46.935355378855,-50.8734752586804,-46.293007084913,-49.8069429204798,-63.1388989094691,-52.4487352231001,-54.8020609431944,-69.0514598524597,-64.4871607760843,-60.6459427412635,-54.0375920041734,-53.711477438032,-59.8086031368289,-60.2312994434359,-63.0673413375423,-59.8333058349511,-56.700388203785,-56.936904304161,-52.262049853215,-49.4555594282311,-48.2921067041175
-45.4018075579805,-52.0978546016251,-56.63319155442,-53.4560540424737,-54.028101937711,-54.9648600962157,-57.6852153488745,-57.2290527758401,-50.289550608226,-49.0601578228043,-49.6065725935714,-51.6627953172454,-53.1909062740478,-48.6094167798783,-46.7419804437247,-64.6096181465968,-48.3479085011527,-49.1622719743339,-64.5078332081449,-57.1620600126336,-43.3787594788878,-37.1678168247822,-31.9074813705156,-29.0785373798946,-25.1923231423429,-22.1373581396221,-20.4574861680839,-18.9883425997145,-17.7751861422129,-17.3492864539984,-17.3691433041807,-17.6442051466811,-18.3024610669188,-19.4857387451762,-21.4266462517161,-23.648248304222,-26.6459650038736,-31.7154726400529,-37.5148474157347,-44.2120771391628,-43.2673638660387,-39.2924569586729,-40.8238319916363,-45.2723781917102,-42.6293800011121,-43.4512074779978,-49.0544600030214,-44.9386279118809,-46.5184717542316,-59.3160215146781,-52.5331088846017,-53.4020576392554,-67.1525299234628,-59.937934113276,-73.4778458115554,-56.5876630793648,-53.9513383997332,-61.1907129111044,-57.0522553329423,-56.2883455341414,-58.7807154758389,-52.6043426586902,-52.3569441353283,-53.1858700804791,-48.4359479723928,-46.8267947102085
-45.9730821270027,-51.9147495961529,-57.802350291976,-53.6644305542077,-58.5179797220598,-55.9319266726849,-55.4703892955526,-62.7978235742295,-53.0616991865714,-51.1557135800295,-52.0777025065778,-58.5665987804402,-55.6494875805876,-48.3124537306483,-48.8610906011415,-58.1812692078861,-46.9428564260266,-50.5915647709367,-58.2367419688604,-51.6479904066722,-45.0990975282939,-37.1745799666738,-31.8297314568855,-28.8090948316748,-24.9728316691883,-22.1015241750588,-20.3842410913743,-18.8402268998939,-17.7396844399734,-17.3963489117929,-17.3321850508868,-17.61565836463,-18.4163590384562,-19.5502123561938,-21.3889853784794,-23.9663368822713,-26.8702436922834,-31.9054079453414,-38.4922185363801,-44.8804677004881,-46.5426398360164,-40.7667673541038,-38.8020879573256,-45.8953540254814,-42.7053421767591,-41.56024002349,-47.7371978973707,-44.2555744875507,-44.4635983870314,-53.6743299511923,-51.9085370467056,-51.137315301145,-59.4486659670623,-56.2453327495468,-57.3747385017912,-60.8406209913291,-56.6008405254102,-60.3878841116006,-55.8833655060122,-53.6211497102366,-57.3098328231244,-51.8225648038886,-49.519963756806,-51.6394685003751,-47.8414206830578,-45.8474564865787
-46.9559264724102,-50.1416147573931,-56.7090709019647,-53.0986863830088,-60.0403213471021,-57.9116594352255,-54.1664334650793,-57.5234123535078,-56.208384475564,-55.0216022528201,-57.2467517009083,-79.8900819618255,-57.6130248762198,-50.1649455509815,-52.5331034796224,-51.7971313456909,-47.3050127394429,-53.5113047483285,-49.965458787815,-48.3492187577957,-43.8111206998516,-36.7427773494143,-31.6357870610438,-28.371790507336,-24.5859672791416,-22.0389355598481,-20.2785134175618,-18.6596523989466,-17.7605904281964,-17.4293895572694,-17.2404851636007,-17.5498162379358,-18.4393961860792,-19.4640285732163,-21.2010601331362,-23.9127249854745,-26.2956511718992,-30.7829967929367,-35.7157984843805,-38.6003841017136,-45.7831284599503,-44.2186509025739,-38.5004745915507,-45.1450574347193,-44.2366876033098,-41.1591860524165,-46.1218004529145,-44.6267840991248,-43.1315003539269,-48.9559464285596,-51.217245265046,-49.3618255002048,-55.1320846517901,-53.9107179150636,-53.3974491671647,-63.0657285475174,-62.4507317427755,-58.6735513310761,-56.9167696413758,-53.4390323652724,-53.9124263998558,-52.3132642179488,-48.6060569617682,-48.9429709540715,-47.3551216622758,-45.6921837569765
-47.7215883277349,-48.178623530116,-55.9140654741442,-53.8537513885141,-54.3393992955558,-58.0452150909734,-55.0052480641267,-52.8291510536778,-56.6783131123529,-60.0924521161769,-60.8289978019974,-61.7694524514838,-63.6414715218162,-53.3225965449777,-57.1040879564228,-48.3275758801029,-47.4681917958593,-53.3261757979208,-46.1496302324488,-46.4132193405163,-40.3745079726614,-35.1700996767543,-31.2219298922075,-27.937955818365,-24.1962218867575,-21.9718862250513,-20.1950000905538,-18.5315426348584,-17.8301267608471,-17.429136766398,-17.1454319738323,-17.4757531420362,-18.3427505666598,-19.3030935698353,-20.9305500229284,-23.5166244861889,-25.5290219849664,-29.5747520046174,-33.4220034181282,-35.9997783062888,-43.0116038449674,-48.7818827077806,-39.9456628772571,-43.57268641804,-46.4239596153196,-42.0581544230626,-44.2437335362653,-46.35297437204,-42.5387603946464,-45.3843043847099,-50.1436078093971,-47.8231263201873,-51.7086797957911,-52.5859564657804,-52.570820871458,-66.8567829999023,-60.8098478579328,-59.9509330371753,-57.5417111712698,-55.103329451289,-51.3624810278964,-51.4229088140583,-48.9039492697697,-46.8225455520324,-46.5714059162017,-46.3054627109237
-48.7996394980985,-47.6097571489559,-55.3380750653977,-55.6633136302001,-51.5998771583197,-55.1623882489319,-57.6475222306767,-50.7890394917256,-55.2754841953553,-61.0837952877685,-53.9622531049665,-55.4759017999673,-67.2358922138889,-50.8774374378545,-58.929979342761,-45.8293620010075,-47.1899707178,-50.3101848732637,-44.3461392657268,-45.4308156092521,-38.2306306276833,-33.5648533448919,-30.8807244523264,-27.6380176107459,-24.0114652845937,-21.9885225581974,-20.1708288287472,-18.5338613612809,-17.9258901772595,-17.3913178573316,-17.096416914821,-17.4124982091355,-18.1571193108689,-19.1646082770203,-20.6191971364717,-23.0162256275386,-25.0398779580924,-28.7092565842017,-32.3915348097996,-35.2648289087246,-41.9397336824423,-47.1957359642575,-43.6587330343122,-42.4857784673714,-45.2449347536487,-44.1590788934397,-42.5858807936454,-47.9881592483006,-42.882161053314,-43.0755201734623,-48.341971422457,-46.4408873556522,-48.6562932941467,-51.7828928124242,-52.2165395418942,-67.5212618148298,-55.9292896811509,-77.7079570871561,-54.5199148322711,-55.7711580579856,-50.1643867448693,-49.1091657874082,-49.4855909588689,-45.7698528444111,-45.8636758417242,-47.4096735960085
-51.4301837132724,-48.7764012919581,-55.75267407031,-58.0369877372278,-51.8097234167321,-53.8034078014155,-62.1007363989696,-51.279458314464,-54.1358895895209,-57.957477981862,-50.8906351419671,-52.4184413392223,-56.3822780138924,-47.1481656816514,-58.7044278606158,-44.0967854615857,-47.6243128605564,-46.8408520742198,-43.790661865741,-45.1978985734256,-37.5696755991465,-32.9523864582106,-31.1289741964338,-27.5872319035187,-24.1343996374144,-22.1799655063077,-20.2209248225343,-18.6948590963523,-18.0232042559534,-17.3353210073664,-17.1161046586589,-17.3692346927687,-17.9594851394821,-19.0899996963031,-20.3187583507986,-22.6314861220525,-24.8382436520211,-28.1015712797286,-32.1791356612347,-35.3395666093685,-43.2972821265119,-45.8221635614615,-51.6411820517048,-42.7205472284662,-42.6105413491545,-46.8921834768327,-41.5762806127255,-45.9145917415451,-44.3001763812545,-41.9534708633833,-46.2182009156066,-45.5883575748134,-46.3445285552896,-50.9315749091954,-49.7633100687377,-54.6528083622042,-53.4640186516667,-56.8974585518281,-51.2613744706728,-52.6238127313293,-49.8481259938849,-47.4075470741788,-49.1916886268652,-45.8881165300802,-45.9978645787861,-48.6249299350261
-57.2195469250389,-51.0679357279445,-56.5869330784475,-62.4317248586941,-55.6158922438002,-55.2757198184857,-61.9131170150241,-54.7684911904929,-53.4099686447041,-53.7109193213052,-50.0994018064797,-50.9504998504509,-50.9502098915779,-45.4386907573647,-53.0494705011461,-42.8793434304695,-48.2502607727718,-43.5473825244506,-43.9887076013091,-45.1651014282921,-38.3596220072351,-33.679254868799,-32.3342000445031,-27.8861770448038,-24.5133221486264,-22.5515207393258,-20.3416116674299,-18.9750808850774,-18.1057858300556,-17.2997720561112,-17.1948192648844,-17.3551608536937,-17.8324872947162,-19.0613042221606,-20.117190945073,-22.4315249343341,-24.7331594575435,-27.6513815997412,-32.0726468942176,-35.2741701894216,-46.4814386577153,-48.7249847308013,-48.693703094689,-44.812464049896,-41.4313359417726,-46.7378770435886,-41.4194929070058,-42.8178477050347,-46.2655201530393,-41.9035024931643,-44.4687673889764,-45.5863261860306,-45.138828228925,-49.8031477404591,-47.2743408101692,-49.3645777399777,-52.0280187677484,-49.8072631642399,-49.0862711286498,-49.3990164091759,-49.5140007688951,-46.7823301639666,-48.1048499874659,-47.2199359520395,-47.4912119237329,-49.7624198605079
-68.3880485714439,-52.1741135214068,-55.4204142897185,-78.6418433962754,-66.9346507050048,-61.4916736876614,-57.192818506401,-59.1204575509197,-53.5868403255438,-50.4631427577942,-50.0931688930954,-50.2200222904497,-47.2198843375337,-45.2404483599284,-47.2155522777372,-42.1121495354263,-46.8190487555097,-41.2962547407651,-44.4497583297009,-44.4599919292306,-41.2088902331786,-35.7523478935465,-34.4287547514239,-28.4979182581154,-24.9666557464679,-22.9757472159733,-20.5132726234057,-19.2845632936416,-18.1718090080296,-17.3291496339116,-17.3042967212286,-17.3867664039369,-17.8294094917658,-19.0468054011064,-20.1019238543453,-22.3543961570631,-24.6387441762883,-27.3685113011759,-31.6187263543288,-34.7022732487128,-43.8850456644156,-65.1739317272794,-42.5795307381382,-48.1924285453665,-41.8982996814418,-43.4492333480191,-42.0908029884178,-40.747583001408,-46.4120381339008,-42.7836210789795,-43.5407295735499,-46.5476645254106,-45.2898360668663,-48.7702059070785,-46.5151951985203,-46.8934064762508,-50.8248592932081,-46.5265866953733,-47.6910497273511,-47.1484732040334,-48.3556779425941,-46.9297522616255,-47.2213825544082,-49.8226351540525,-50.3544324000284,-51.2512604184772
-64.1087797716495,-52.2144618242582,-53.9565322870471,-66.1057838783317,-58.0894072810912,-68.9466333066408,-55.3644850980925,-55.0062554927747,-55.3857260714756,-49.0136765804196,-49.6034116555994,-49.7105510727332,-44.7862053739123,-45.8850918344215,-43.6151374726547,-42.1123037873222,-44.2437186528795,-40.4463491816694,-44.5666568810989,-43.153666366994,-49.1866115733614,-37.924993384325,-35.9312849712729,-29.0270081482252,-25.2848907206629,-23.2437993888648,-20.7035759708563,-19.533925515791,-18.2337582168554,-17.4586811088141,-17.4222028716671,-17.4857377318017,-17.9615529777444,-19.0493107714385,-20.3021811315739,-22.3061984333792,-24.6715518391137,-27.2897281992114,-31.1345560521685,-34.1348374383118,-39.9050351889314,-48.7317276549695,-40.3035552768468,-46.7245598968375,-44.0519167309798,-40.9398897445041,-43.2326404009438,-39.678514040033,-44.3714887616269,-44.3448240623375,-43.5893170854471,-48.5039570751672,-47.1663830211115,-48.5636934849512,-48.0037960698449,-46.348554380993,-49.2812466226042,-45.208265956524,-46.6798472608447,-45.6146216842962,-46.6533185713333,-47.2477946285051,-46.896527406807,-53.3852484672649,-52.3173361256397,-54.5577718009395
-62.2493736675678,-54.0882181754645,-54.5191236170166,-63.3130029110754,-54.7961559039765,-58.9708535641163,-56.9180209181718,-52.923769011268,-57.0703573742213,-49.3932016731601,-48.8623168662834,-49.2577005667765,-43.6137105674673,-46.6965415702617,-41.7388756216695,-43.3085565196236,-42.1973335975213,-41.0751184874194,-43.8565593033095,-42.1563557663565,-48.3457952478718,-36.9171686871251,-34.9607779357478,-28.8535582707162,-25.382018583921,-23.2432598823903,-20.8808161595421,-19.6899545937078,-18.3156396658311,-17.7028788918965,-17.5545324605948,-17.6724138048172,-18.2082734748,-19.1185637595833,-20.6649208978974,-22.27709587071,-24.9663062789493,-27.3987030074822,-31.1246618809131,-34.1407668470296,-38.5999202491839,-43.6513270849767,-40.8158784384715,-43.300063326636,-47.9288753873126,-39.9313089160651,-44.0132505868384,-39.5169393500695,-42.4379417135573,-46.0984950799956,-44.3880656730391,-51.4471324732288,-51.5570172663455,-50.2123974499718,-52.0224834929845,-47.50172531224,-47.2183953673974,-45.0165834098431,-45.7209867820925,-44.5843199643157,-45.0577795723092,-47.0902171847801,-46.701793751367,-53.7397108512562,-50.8430605377939,-64.9642078924238
-57.3406498771089,-58.9366594719895,-57.0992558444997,-69.0295604000672,-56.7903632953349,-57.4540110053241,-63.3763874773945,-54.4300949055112,-53.9894212990874,-51.0878717320442,-48.7880782963552,-48.4530434503384,-43.6122928226242,-47.0553862133772,-41.1326140096606,-45.6953151231592,-40.9461207662039,-43.1706968462204,-42.7203784739689,-42.0148086113641,-40.256216622023,-34.4326269309908,-33.3444018716406,-28.0491504694228,-25.3418410882892,-23.0777682032391,-21.0378380370407,-19.7881413951707,-18.4541152069593,-18.0519017494179,-17.7432657342158,-17.9627445189237,-18.5441496072638,-19.3236812167783,-21.0887803695967,-22.36404197529,-25.4836788841651,-27.6369646087051,-31.6665729172176,-34.9063976766162,-39.9849248891387,-42.4766175063958,-45.3343571149799,-41.7725954180967,-47.6768719166953,-40.3962378468883,-43.7096147033849,-40.3790288696703,-41.1431069204954,-47.2469358432016,-44.9918977417291,-53.3155720809341,-55.6226458959482,-56.5004961406212,-52.17260454568,-50.0184765805933,-45.1788082300558,-45.0316565291972,-44.6133862875657,-43.8988583676578,-43.7889776472754,-46.2201155342226,-45.9245580985005,-49.6129312341436,-49.1380613996512,-55.3438837979075
-53.5638788993462,-59.3891163379681,-57.1369013134959,-66.1614145324414,-67.1038569161162,-60.2298653699884,-60.6777897952872,-61.2249782542766,-51.1520830995742,-51.6525207052112,-49.6377487696825,-46.9601832782299,-44.5883543500431,-46.478017182367,-41.4938577404702,-47.012441275828,-40.620093093008,-46.2995851936916,-42.0856184545789,-42.9232608931507,-37.4047597162027,-32.8246238551545,-32.511676243045,-27.3394908675426,-25.3167933753182,-22.9422634448731,-21.204773658204,-19.8961223857442,-18.7008462525189,-18.4789673032608,-18.0549107178157,-18.3706799067795,-18.969911069583,-19.7177667666372,-21.5111763866871,-22.6758183813567,-25.9992898434935,-27.9467007259005,-32.262379490091,-36.0037835091732,-44.1205384050239,-44.0941920320443,-62.6678081545799,-41.9142852320034,-42.758321987541,-42.292687401007,-42.668663967198,-42.5783607249378,-40.3944047619635,-46.9916504576306,-44.5403064643429,-49.9342184767371,-50.2963457492396,-57.5859937088325,-47.5276197657024,-50.3504081972797,-43.7291047308063,-44.4780811646693,-43.412095335991,-43.3614889363867,-42.8274995166662,-44.8837477741507,-44.6499068180907,-46.2562739897348,-48.0662387566882,-48.5160094799875
-53.1072222840136,-56.4672401743081,-55.1022377479738,-58.2884252335753,-60.7681846421675,-63.4797065849376,-55.2975913060483,-66.3427498787678,-50.4392954614374,-50.0173472613735,-50.9744111857886,-45.5299066240615,-46.2825031601214,-45.3517679441071,-42.7501436833029,-45.376746176577,-41.5753099561998,-48.3191253838847,-42.6146433949812,-45.0668345730084,-37.124211796809,-32.3472344085189,-32.5041989527668,-27.1715931989862,-25.4231835825708,-22.9455709596446,-21.4294152503985,-20.0695799584855,-19.1128847184611,-18.9582816362392,-18.5578028276275,-18.9145435749009,-19.5285125852066,-20.3278778748085,-21.9820364310422,-23.2457028229781,-26.3293304937007,-28.2823073686062,-32.192015560866,-36.1153102409509,-43.5299361163231,-50.4905506959172,-43.1739636676274,-43.3036142112747,-39.875560187356,-45.3098508338942,-41.7416714413905,-46.5055166219253,-40.3224681287811,-45.4728027670801,-43.8878493097982,-46.1258942875889,-46.857928463374,-47.8149506413788,-45.1105107827332,-46.5985288567524,-43.0377889219034,-43.5063780324821,-42.3730167366335,-42.7995306386654,-42.1728399795264,-43.4756738013217,-43.5619556619427,-44.311052608389,-47.0197361812581,-45.539420914022
-57.3890099035048,-55.1452849722304,-56.3019729030457,-55.2642837213955,-56.5037798007923,-57.2175057707508,-54.03646698764,-55.6108337915495,-51.1367419326981,-48.9412755394086,-51.701807017866,-45.1329858114706,-48.6618133036633,-44.7832648779022,-45.26751033873,-43.9945512208953,-44.4497400283403,-47.5411146076291,-44.7749005760558,-48.8795447293251,-38.9004081485806,-32.8884940781416,-32.9782880394263,-27.5210770911901,-25.6918349742118,-23.065991996902,-21.7370284417788,-20.3333087839058,-19.7239048909497,-19.4853051011407,-19.3000313177358,-19.6271420490741,-20.3007198498178,-21.1833824397996,-22.6517054442304,-24.0550415209517,-26.5900225237192,-28.6306411974378,-31.5470777928996,-34.8672426608735,-38.675052994159,-54.7579342278198,-38.800602505756,-45.4168626663367,-39.1884549507625,-47.580707351343,-41.6231410953949,-49.6094175313473,-41.3436665838719,-43.7390709320741,-44.0620474648791,-43.8467366359785,-45.4733116287934,-43.9249477506919,-44.5516879048325,-43.5703186267442,-42.9882179159954,-42.6727616060784,-41.7335259734477,-42.2014695680161,-41.8740134946024,-42.2892701534391,-42.9884796244096,-43.4406266934542,-45.853851197579,-44.7259712403187
-66.3973864921302,-51.9311015008056,-61.8809399544764,-53.1479748322511,-56.615916974362,-52.5514420874071,-53.941420470973,-51.2676905061832,-51.1079123233987,-49.2459861482161,-51.0338632277319,-46.4301764485334,-52.2302116494579,-45.5887487070843,-50.2600310931148,-43.8501704895245,-50.669991820998,-45.9795192727953,-49.1744794473002,-53.8763744167857,-42.0308632772317,-34.0105475322523,-33.4378443203262,-28.0019521503098,-26.0444619624088,-23.2153283438684,-22.1004535488399,-20.6899478563346,-20.5026930961293,-20.0838906206684,-20.290641246055,-20.5656777430839,-21.3927322692032,-22.3733008675727,-23.7155515858197,-25.1727843655216,-27.0987267736799,-29.0809241479554,-30.9898174695261,-33.5773801498479,-36.0516511691956,-42.8489983086033,-37.7189309045757,-47.2674769071871,-40.73421883479,-47.1721264480557,-42.9273041733042,-46.3285764476719,-44.1785063942255,-42.5733136217015,-45.2016804883404,-42.969116982877,-45.2798517640421,-42.6602023665268,-45.2655230172149,-42.2536009888072,-43.3696414538922,-42.3250168147489,-41.5952256357224,-41.7021005810803,-41.9008959435549,-41.4521523058366,-42.8261446990075,-43.1048114272159,-44.9010704082101,-45.4910379115398
-51.9839724577083,-48.6498662747051,-54.0925815560846,-50.4889602441606,-53.3692417893131,-49.5820168031398,-51.3385244997837,-48.585890297532,-49.5457944909478,-50.2507030486284,-49.7667331453188,-50.4622174189476,-56.2402642808351,-48.243702398218,-63.3243792758144,-44.2733337645704,-58.8950796041183,-44.8707836576164,-55.5844102261412,-51.5377240656215,-42.5635905184894,-34.4404809441787,-33.4367610722411,-28.1727265429768,-26.3074993214714,-23.3423375818255,-22.4405038995337,-21.1349814289414,-21.3148309152902,-20.7852834088963,-21.4704067294755,-21.805439540593,-22.9229808545687,-24.1088303196872,-25.413474312516,-26.9111189834772,-28.1224405667029,-29.8246589562146,-30.8230899462629,-32.9273164935824,-34.7938424008925,-38.3188207274318,-38.3221561233996,-48.0898281453803,-45.0408324953232,-46.5359988982606,-46.6030467205957,-43.4187714177503,-50.2075815382888,-42.3067564722744,-46.4956424919734,-43.2693694965487,-45.7448567989279,-43.4591422497788,-46.8300520996701,-42.7856053363917,-44.1251647833067,-42.72513318299,-41.9206855562014,-41.4557792807266,-42.0171317716284,-40.983132240862,-42.7603479998054,-42.691647165326,-44.4071747790109,-46.7372234797875
-46.930174443253,-47.1707733355758,-48.3059828243685,-48.2744055624308,-48.4282509798215,-47.7659820604263,-48.052976490924,-47.0070848026764,-48.2684849333571,-50.389927619422,-48.9608189385617,-62.7595311081772,-54.9768650546439,-51.5691336450322,-59.9057085490665,-44.4224929103346,-53.0076760479674,-44.7570594715699,-53.520790946742,-47.5714320010128,-40.1296329151327,-33.5241427613347,-32.9090028755801,-28.0739154447456,-26.3211507246369,-23.4791563484905,-22.661061624544,-21.6439650677921,-21.9273117117444,-21.5709583795038,-22.6476725858578,-23.3773203937164,-24.9677435196398,-26.7984562723228,-28.1672032529601,-29.9583641756742,-29.7959311513021,-30.9517404825752,-30.9463188011399,-32.8239882526849,-33.9394333586362,-36.147812717875,-38.8999404556525,-49.0535664806562,-48.6189118443382,-47.6638283225467,-54.4799488373901,-42.424905555627,-51.1700046409375,-43.1270804792097,-46.6025735460689,-44.4945103957101,-46.5965454461691,-46.4527501016039,-49.1548064527389,-45.8082111961384,-45.517728538669,-44.0652485693836,-42.5469000917285,-41.558252429917,-41.8707544459358,-40.8649168705555,-42.4904806254201,-42.0700682204035,-44.3664767697787,-46.3181430108036
-44.3721728473849,-47.3745213082885,-45.5253764688179,-47.1903162204935,-45.5850390138302,-46.9468636023868,-46.0309859984851,-46.4395665763525,-47.5115683381045,-49.262812448973,-48.8407742752104,-54.9795745439366,-53.0871013835439,-49.6551171379329,-59.547172045448,-44.4492388051576,-49.7565061001136,-46.0177813770055,-48.7474817856372,-45.6793828104605,-38.4528484138311,-32.6504296513312,-32.1923543748666,-28.1215484354634,-26.0995292846475,-23.6798333725586,-22.7029896247271,-22.1237692391142,-22.118557483936,-22.2836646558721,-23.4305687140602,-25.0311296759258,-27.2280935893245,-31.1227814891217,-33.1772953995913,-35.8038159938429,-32.0178443517341,-31.9851712687904,-31.0625417466456,-32.8463493572151,-33.0489894452882,-35.1216862776005,-38.2627911073815,-51.0250763052325,-44.6389638013522,-52.7749557452043,-51.0468410663634,-43.4232674760019,-45.2718546671999,-45.2892526058477,-45.7424825384583,-46.2794198745463,-47.6266370607803,-51.4931154384299,-53.2011302081165,-54.2537254941879,-48.0131752278957,-45.7665893002692,-43.2001505114759,-41.9637179184013,-41.3819485532053,-41.0485933929252,-41.9066380717954,-41.6444098398536,-44.3830984981304,-44.7511920797173
-43.220414088401,-48.0860479094235,-44.4437458974381,-46.9327747583735,-44.5819408674174,-46.7947009673687,-45.2096509992429,-46.5591144227797,-46.5161116914791,-47.9265721093585,-48.6661372089083,-48.7280761407084,-52.4814897460064,-46.4529585081509,-59.6416720813441,-45.0715269990366,-45.5749186202139,-48.6909983131292,-45.2292393614186,-45.3091937019924,-38.0124173503326,-32.875484714465,-31.7366197557335,-28.5613327808102,-25.8318828144607,-23.9300599707157,-22.5755101336936,-22.3864284002362,-21.8442430823135,-22.5826877658455,-23.3943886608929,-25.7674907945925,-28.0523167095238,-34.6922244861361,-43.1873027133101,-38.3349885293659,-33.5558144912432,-31.6998148500695,-30.8496286291432,-32.5205219828165,-32.3148392417514,-34.2710081258045,-37.7108623646363,-48.8032333985723,-42.8671752117718,-64.5443531764927,-46.5017208206207,-47.4526907848036,-42.7969480091685,-49.0353221146865,-44.899341250486,-48.1690366045716,-47.9538748950865,-51.6809864659685,-60.6081608855104,-52.9409737717538,-51.237891776492,-45.3896234214063,-43.5695584183128,-42.3265779282368,-40.8429281315106,-41.3840572818747,-41.1374221870808,-41.7250906543723,-43.7376459562524,-43.8709353158184
-43.3774264911365,-47.5454941285758,-44.5711765441787,-46.6915987567466,-44.9432560510389,-46.7114514478896,-45.2580444980251,-46.8654685456377,-45.5324345646177,-46.9546713700163,-47.710632695554,-46.1133123451093,-50.1286521287756,-44.6642951619388,-47.9120061812598,-46.802184066951,-42.0262525262164,-50.7743817373908,-43.0440853826872,-45.9317304592044,-38.9956796305811,-34.4439273453406,-31.8784797258304,-29.2823596985035,-25.6944469902183,-24.1201791355532,-22.3338450708819,-22.2384360333016,-21.2506418306739,-22.1574808999515,-22.5358806779043,-24.6138099999442,-26.150189166725,-29.7041738302676,-32.5549420799338,-31.0245778326855,-31.8729014925515,-29.9604628225903,-30.1658848229319,-31.6659400280307,-32.0135223160142,-33.150090836144,-38.2640643865387,-44.143383076175,-43.7162315897567,-48.6698168896139,-45.6662576472506,-63.6079946798359,-42.6130592470581,-51.5012771824197,-44.4991119063127,-49.4091761670249,-46.7495773561972,-48.5783909909302,-52.2880798038965,-46.070371717291,-49.9798310253862,-43.2094544736722,-43.467711439033,-42.1165737595121,-40.5571989632306,-41.6018628876255,-40.4883879643853,-42.2776247114913,-42.4693996137518,-44.0664459243094
-45.346699115129,-46.5019865789529,-45.8888795631295,-46.2386565484768,-46.2321105928588,-46.5548502151598,-46.0751776892408,-47.3658575006109,-45.6174948584479,-46.6579847027503,-46.82551320678,-45.0062557802101,-46.8716950060105,-43.9645759845219,-42.8097633762525,-49.9852382969911,-40.2953114820411,-48.2782072451197,-42.4125785735095,-46.7534421852923,-42.3227619783765,-36.6580566492439,-32.6384858828525,-29.880874154348,-25.6699451045603,-24.10696761006,-22.0246079135928,-21.6409908061556,-20.5256704615721,-21.091345952724,-21.2483202858175,-22.4371692577584,-23.4211402461507,-25.208485357867,-26.4385397106853,-26.8719186765022,-28.5177664065504,-27.9141153214554,-29.1685790872922,-30.5457036722414,-32.1171705900704,-32.2600362456371,-39.7325103392747,-41.5975893984002,-46.2293753757884,-44.7359265668729,-47.4323984405195,-50.1863100222912,-44.6031480190744,-48.4005268288522,-44.9535132011182,-48.6189655168354,-45.2129140403098,-46.9942098965672,-46.3359007019214,-43.8610094690334,-45.8027751189316,-41.686966922118,-42.9480467321987,-41.3777416887774,-40.6586887242807,-41.5272026452557,-40.2894198466841,-42.9914334838779,-41.4975602072844,-45.0377376266045
-50.9212565373328,-46.4362204710945,-48.8293635872504,-46.2723220923145,-48.1072978433382,-47.0393118396744,-47.9767786045773,-48.8201622079288,-47.6842582488982,-47.4093220819455,-47.0482849593257,-44.9575274527195,-44.8245188267928,-44.1733728623455,-40.4834368671405,-50.2683553267692,-40.4105499283948,-44.4344372522025,-43.355690246662,-46.647720310942,-49.6389968319316,-36.8859512158534,-33.2415803720959,-29.978863719741,-25.5175853932891,-23.8268769490032,-21.6517241239596,-20.7372660819135,-19.7882669858294,-19.7568118499177,-19.8718623148662,-20.3103113290469,-21.0463527906578,-22.1936847103334,-22.8502300592115,-24.2634517608365,-25.6230638622954,-26.1313194412806,-28.1394285785957,-29.586803703313,-32.3271076659927,-32.1716099577959,-41.2125065242091,-41.1705154720024,-48.4405764345644,-44.433539131737,-51.7235157054873,-45.1767381260052,-50.2344686687584,-45.878026387508,-46.8597799894322,-46.4104423578231,-44.5338661465581,-45.8843814176493,-43.3325475122288,-43.6372474693926,-42.9159641301891,-41.390379180306,-42.2612296591911,-40.7741213478894,-41.1569826888543,-41.3080666742391,-40.7639002477053,-43.4342086837745,-41.4932610177093,-46.0484554966869
-62.9419968554872,-47.702419522912,-52.9411025269798,-47.2002737001299,-50.3895219338238,-48.8022175351059,-51.7603135948161,-52.1712620822484,-52.8355178516263,-49.6732063971348,-48.3118710902911,-45.9349525629739,-44.0060151119363,-45.2574422231151,-39.9345161130902,-44.9067105343456,-42.3357130054983,-41.5128906487498,-45.1084343489399,-45.4191273056991,-44.0001846493975,-35.1867613782911,-32.4530792336182,-29.6190409673336,-25.0427289716494,-23.3501808588662,-21.1976402415797,-19.742511541034,-19.076020815929,-18.462262563235,-18.5606640960065,-18.5537445613715,-19.1526688880896,-20.0251743795992,-20.507634593556,-22.3642775876459,-23.5054630949762,-24.7114161843214,-27.2467601130585,-29.0515392904924,-32.432930521737,-32.9553734794906,-42.6325967662267,-42.2853301977588,-50.0399327247915,-46.9831014735863,-55.3951542980509,-44.7458376825521,-57.5772664915558,-45.2848671037288,-50.244792065551,-44.6894655819637,-44.9600890937729,-44.7692861717982,-42.2095687136354,-44.1917312381803,-41.4999447057989,-42.1869387900931,-41.7451688631037,-40.8232021698664,-41.96980878228,-41.2544565481724,-41.9780969011916,-43.3622619028369,-42.7228554818063,-46.2814292662046
-49.3120426563155,-50.5058830012573,-50.6987592863341,-48.3431263513721,-52.0536653138923,-50.46393639642,-59.1388437887002,-56.4572540840781,-55.5040167070131,-54.1217865085307,-48.5167509422353,-47.868387600478,-43.7273325442669,-46.6406624261347,-40.7044896101513,-41.1876986690464,-45.9461132165558,-39.89753870986,-45.0362796350309,-43.9276088959941,-38.887357801982,-34.0436603218438,-30.9493813325122,-29.1216749668602,-24.4354202132102,-22.817291246778,-20.6821500171729,-18.8488438502016,-18.3789018064628,-17.3587661486501,-17.3655905902999,-17.1752950417829,-17.6566571408962,-18.3569042573122,-18.9358431202479,-20.8272238079436,-22.0073784243797,-23.6601789735302,-26.5041239150918,-28.9085604140892,-32.6648962744833,-34.0931581375059,-45.7325588169028,-43.152710767933,-54.4395535527929,-48.2044133892115,-51.787182089891,-48.1688613295786,-47.0555408652505,-46.6377239407082,-50.0007937470691,-44.199980504494,-46.1416721041137,-44.1750170352107,-42.7106158848717,-44.6749683762755,-41.4883820398166,-43.7732373498073,-41.7506372478863,-41.7412900560251,-42.9165509695445,-41.6150140527947,-43.7853578685049,-43.0268056172435,-45.145987628849,-45.9154008608713
-45.7093699695939,-55.9339382104054,-46.7655528680425,-48.453883518146,-51.1638147834867,-48.5160989022615,-61.2246471723891,-53.6324151126268,-50.3798428080631,-57.9622913707025,-46.7603026940377,-50.1686499401926,-43.4865568073522,-46.8094788097639,-42.5963459037874,-39.5901462769564,-49.1364425730943,-39.7565880233154,-43.1977916083137,-42.7169326115646,-37.1115909328064,-34.1113620575216,-30.1080761564825,-28.7746097289188,-24.0897057546953,-22.347767925656,-20.1876657727862,-18.1742673026956,-17.6794910446338,-16.4893825957457,-16.3035442938001,-16.1058452251119,-16.4638238384389,-17.0137133284596,-17.8487826688482,-19.5355432422325,-20.8815239104623,-22.9339223921917,-25.8523728732872,-28.840031567282,-33.3889818898489,-34.8551588907102,-55.1430371697042,-42.5623408299911,-68.6793383892633,-44.2022985057342,-48.8115915111617,-57.4893067065468,-43.2513167537322,-50.380692187736,-46.634717451733,-45.1999976451693,-47.2055674378648,-44.576408086881,-44.8546663473702,-45.1213081373739,-42.9972825466563,-45.7296357185617,-42.629760664193,-43.6264116303287,-43.8385975479509,-42.601687881917,-45.7114237175506,-43.003872251619,-47.9019110459478,-45.8427968603364
-45.3113321860685,-53.7609020517536,-44.8374539196184,-47.9940764071569,-49.1000474407202,-46.1450035161397,-54.5189596265914,-49.8678674570612,-48.3475895998119,-52.855454063571,-45.6063310021671,-51.3245266390025,-43.7340409884352,-45.9171798608217,-46.0731085389714,-39.921101473238,-47.7666046886338,-41.3016991547046,-41.8398254391649,-41.8874541266743,-37.4671438327686,-35.6242825021999,-30.4403376886411,-28.8165300896801,-24.2331558558437,-22.0046787164678,-19.8093478046867,-17.7384273870998,-16.9799511417525,-15.8299610540148,-15.3845345003937,-15.2600838706402,-15.4957706087505,-15.9207659619774,-17.0258621888661,-18.4654649244204,-19.9151191995106,-22.395894553752,-25.2253600667401,-28.4884879904691,-34.3280288891911,-35.3109684416994,-54.1426139288106,-42.9567054405887,-53.598359706833,-41.9158564376717,-47.6151104142006,-49.058061612092,-42.3440897834562,-55.5837173567505,-45.2099713787401,-48.0967926650152,-47.7904624947413,-46.169697506658,-48.4821651726887,-45.9720599102843,-46.3475498686569,-47.6328844047596,-44.8128728917568,-46.6158055126159,-44.888904710923,-44.5161732818337,-47.0020366104542,-43.8010419392293,-49.046283022984,-46.6054790866216
-46.9105756880642,-46.6866888072349,-44.312840070665,-47.6383397873058,-47.1602465995979,-45.5133778264284,-50.1316604368025,-47.518354816988,-48.4485704180584,-48.7533818113491,-46.1298189870888,-50.2807078057435,-45.4873807577052,-45.5412801713873,-54.3284859036719,-42.2282622239511,-45.4704380982744,-44.9386536490359,-41.1323052254232,-41.4108305766396,-39.5515329650372,-39.4284829511615,-31.9979645275742,-29.4604759756327,-24.782187277331,-21.7937537440226,-19.5728419504345,-17.4657388394558,-16.3044576493844,-15.3109180867339,-14.6144257015333,-14.5564112940736,-14.6926916489024,-15.0561277857238,-16.3134068522095,-17.5965713580696,-19.0423764200752,-21.8558194047871,-24.5609713987469,-27.8378281943265,-34.0437599035028,-35.491318671405,-46.3196272527079,-47.1751363490406,-47.4311863897492,-41.9944435594681,-47.8457316978599,-44.2748806767503,-43.5530712657773,-52.5429107952685,-45.9981524443063,-54.1038796145093,-48.86270683463,-49.208903285248,-51.5093132863411,-47.246203539276,-51.9614798034755,-49.2702177257701,-49.088908144777,-50.914143697078,-46.6100127046666,-47.8432769350154,-47.2939358454848,-45.7399046064322,-48.569072816256,-47.9524074591338
-49.0303556182539,-42.9654384566808,-44.5679150056515,-46.971589850406,-45.4790148190885,-46.7833450687891,-47.095707634591,-46.2470873969078,-49.4503799385007,-46.4793346454988,-48.4456447794719,-48.1627770752375,-50.3003323094385,-46.2508522812243,-56.8384439799012,-45.9507252712943,-44.5403914327935,-51.0345792368858,-40.6560177045485,-41.2631858998048,-43.117094689456,-48.3797490777953,-34.3215962177506,-30.6821251205881,-25.3048982897797,-21.6450939887845,-19.3792473542783,-17.2235357878851,-15.6782477915804,-14.8397804361978,-13.9866492189632,-13.9302040819594,-14.0125016488255,-14.4081632732341,-15.6510990023185,-16.8832792184238,-18.3404507274323,-21.2339487851644,-23.8389382613354,-27.1167593031503,-32.349605853158,-34.4672829040759,-43.8579159522566,-63.9803917655587,-43.1274463975414,-44.0710743990371,-48.6092527182397,-42.2874740848012,-46.6173218531122,-49.6878617417539,-48.7353170865254,-62.4106771137263,-51.5079796207891,-54.7128421025917,-52.0754931087062,-48.9364091480491,-58.0700646964154,-50.9729793523237,-58.0940683965285,-55.4429694407049,-49.8585609544936,-52.7404298309578,-47.1998153048072,-48.9780811550309,-47.5176973460619,-48.4509350355365
-48.2306028775152,-41.3923187579733,-45.2164507518745,-46.3253544501364,-44.5428456517666,-50.1157632534013,-45.7873455279684,-46.4311275698899,-50.1871957508879,-45.6522769457114,-52.0590852560402,-46.5570907896808,-58.7832238916916,-48.3289024773597,-47.8648971493809,-46.5302364858822,-45.3525913162026,-53.7042943095178,-40.4692469205805,-41.3154029232587,-46.8364501454466,-42.4420879045803,-35.4288402798786,-31.4578830402028,-25.2631772842804,-21.3818166682738,-19.0327056741229,-16.891699495726,-15.1012998268797,-14.33436330324,-13.4740603683581,-13.3446462049224,-13.4295361337839,-13.9468198268667,-15.0606277723098,-16.2825070904998,-17.9032807612273,-20.6575851555272,-23.1645171868931,-26.502760665433,-30.8881583674014,-32.8263754445575,-42.8902880630355,-44.4899671640141,-40.1512685854746,-47.601260917198,-48.0376297371553,-41.2197005176829,-49.9317944225158,-49.5642447644862,-51.3197251601259,-55.8662450601787,-56.5962204522824,-64.0930085029352,-53.3816760698148,-51.9901063938144,-62.0042040771482,-53.9152149029919,-64.6227846249321,-55.9965252566952,-56.732684864864,-53.8352297512519,-47.7319686638398,-53.2817388981496,-46.4239213748734,-47.6743286037627
-45.033053982133,-41.3204439769764,-46.1803169140454,-46.7287931997109,-45.0091657011855,-56.267305220635,-46.7614463196213,-48.9787642167476,-50.118921279061,-46.1792777039863,-53.8257446350412,-46.2065464337102,-50.2328210768842,-53.506235926959,-46.4089003656598,-44.8160123777665,-46.9958468671369,-51.714546874827,-40.979181430882,-41.1664925139554,-45.2441344000823,-36.4957101773743,-33.7251507702766,-30.1510323309062,-24.5722971414558,-20.7884199403525,-18.3935629920224,-16.4175490899942,-14.5433098720705,-13.7578014259613,-13.0309922690634,-12.7961412999949,-12.9337896948325,-13.6166233949266,-14.5920881219762,-15.7977469227032,-17.7417299350175,-20.3298831793746,-22.7572991759026,-26.1667882630535,-30.4183376727097,-32.1369459955087,-42.1435054214709,-39.6138256062472,-38.6583931279436,-51.1597600591162,-46.3314910424569,-40.3567870342368,-50.7208540899476,-50.7555032728738,-50.1772173778041,-53.603546870469,-64.8530840694797,-57.051689551752,-54.8629798436371,-59.4720355052706,-72.1041755989346,-60.4989542291147,-57.7797625792936,-56.4406042065605,-70.1987513018938,-51.166866077936,-49.700438796425,-55.4425819916091,-46.0811382815003,-47.221975246028
-42.0747703320643,-42.0887827248257,-47.2531943187685,-47.8831831513992,-47.321405595855,-70.9185779478558,-51.6994462103137,-54.3546827352119,-49.3242049269026,-47.7752496896939,-50.5449967951151,-47.0902191619791,-46.1717843554406,-56.7977828893992,-50.5030662347659,-45.1104357463059,-46.1327982943315,-52.0586919482353,-42.2511627246699,-40.5201701360962,-41.2184085250357,-33.7310124937941,-31.0406490728658,-27.7787428987411,-23.5112134805307,-19.8280650721249,-17.517132224653,-15.809826137654,-13.9738526738562,-13.1331108676703,-12.6098699303445,-12.3082678041007,-12.5285019633533,-13.3509107106101,-14.2683843424085,-15.4789648908397,-17.7718805603163,-20.3477086114239,-22.8156222536851,-26.3736986535647,-31.0270837523707,-33.2393951226237,-41.1237244890307,-37.4111324160269,-38.6434463848766,-48.978013924364,-44.503060305045,-39.7097891103989,-52.4056416947486,-49.2419654954782,-48.223068056519,-53.9402717522074,-80.2778985136407,-54.1056487277374,-53.1173548413179,-61.5641721139169,-57.5440246420992,-65.1128964882666,-58.8148483183145,-61.4166582356461,-55.1728973982178,-50.5141097924771,-52.9302499833487,-51.8063405183355,-47.0869456555431,-47.622399253489
-40.1472359370305,-42.9212464736353,-47.6070994731896,-46.4850023544089,-49.7732039550565,-62.7783144204776,-66.2982615800219,-50.0664618060282,-48.3592771290744,-48.7195981908882,-46.159745499315,-47.8052643657504,-44.5181533766724,-46.3995029212748,-58.7633339733685,-48.711032535131,-45.0036646475548,-55.6182640452737,-43.1375714410636,-39.6797380770003,-38.4720073929758,-32.1081531698854,-28.5600806180802,-25.6793867891252,-22.2668203722675,-18.7097473077373,-16.5774826603901,-15.105792295364,-13.4045464023671,-12.5270071809591,-12.1862665245966,-11.9135421115376,-12.2230834064831,-13.0996384801377,-14.0584288527701,-15.3640267138395,-17.8667222504537,-20.6061560037297,-23.3555676732426,-27.3742419400802,-32.7098540755907,-37.0890478726823,-39.6294934328329,-36.210390057486,-39.9662071967799,-42.9992510317174,-42.1353646796673,-39.3961967269907,-57.7198224246045,-45.532207358741,-46.4121022539743,-54.8017550812436,-63.3502209370846,-54.8788613339868,-51.8513435363324,-54.0933343254392,-54.3544755257912,-60.1845985946413,-59.3753780052824,-58.6010491075659,-51.3816187655999,-52.0799677109524,-52.6603944029002,-48.2744515655181,-49.6796970088044,-48.0600212434084
-39.5091409581954,-43.7960930265697,-46.6603409586719,-43.4453507074031,-47.5258704014529,-54.7866424077631,-49.1042254504626,-45.299759982526,-47.5356355706043,-46.9857640342638,-42.9617256017373,-46.3125530657595,-43.8717233764108,-41.5786088021667,-44.2746391280865,-55.1247004060211,-48.1449080800241,-54.7073211884208,-41.7265094546779,-38.714071031868,-36.5054792743819,-30.5544570129892,-26.5048008020289,-23.9244292157517,-20.9648659154183,-17.6821606951912,-15.7196369342222,-14.3669173238863,-12.8972198519557,-12.0192036442197,-11.7771546577777,-11.6340451285396,-12.0228043943349,-12.853316348756,-13.8942711044974,-15.4129778696299,-17.9277326578193,-20.7998559705328,-24.0233559552566,-28.9823210591189,-35.5089330246241,-47.3506625639808,-38.0126121031278,-35.66157811535,-42.0885141557583,-38.8718529451012,-39.5437970463588,-39.474287383791,-51.0200118570533,-42.5747173880667,-44.5394379729441,-54.1695703292829,-54.5244662764779,-53.8055204508932,-52.2094644706319,-52.6040772208899,-56.7569580453052,-65.3350734863445,-54.8145182962995,-51.5468955576534,-50.2107701898704,-55.094203541756,-49.8799462414916,-46.6435627614228,-53.4882717526544,-48.0904818217067
-40.3591593067239,-45.3472927158226,-44.8951300942682,-41.7472528490782,-45.1127492165851,-49.5156877582193,-44.6242828051999,-43.4808409976373,-46.112686588353,-44.5872290723256,-41.2963790682306,-43.9843020753426,-43.6646916484337,-39.3869131725425,-39.5239851677537,-44.7503018287662,-58.5949615989912,-45.4291173454388,-38.8168942627398,-36.7391171828488,-34.0085936372326,-28.782263855668,-24.8308585639159,-22.313471001056,-19.7841588093775,-16.8927098523998,-15.0328305490349,-13.6931535828653,-12.5316448435617,-11.6793115584802,-11.4397242559603,-11.4745666990697,-11.9208758234691,-12.6426994333754,-13.7296043724168,-15.4983780707432,-17.9118839409997,-20.6447950102448,-24.1343903270168,-29.6322816783277,-37.8347675499239,-41.7363528810102,-37.0281370763383,-36.2217197068759,-43.009705616646,-36.6132053036817,-37.675625245119,-40.2434502602877,-44.4525028172448,-40.5600369917867,-43.1838934501755,-51.5797430637625,-49.6660794550036,-48.7647774493834,-51.0280688952602,-54.141938194855,-57.8305991633398,-58.958028161714,-52.1462684768054,-48.5593325341216,-50.6762469302584,-55.2424864993655,-48.7711573113321,-47.0765022238679,-56.5525636082549,-49.0535838775954
-43.0934692017647,-46.5257542978776,-43.0776455868928,-41.8224109810714,-44.414604669882,-45.5680972990657,-42.9224554976318,-43.5586942526251,-43.9680280373292,-43.0047342267724,-41.1513596800346,-42.1681000336395,-43.4234849431966,-39.037174031838,-37.4982415718214,-38.785509717403,-41.457625741511,-39.7953337374621,-35.7625844987982,-33.6375152083902,-30.869399990245,-27.1169122471268,-23.4546568525486,-20.8980590099444,-18.9030458992882,-16.4171096265023,-14.5997716578284,-13.2192295670003,-12.3735839717314,-11.5583416553226,-11.2520213125849,-11.430828055478,-11.8979978434488,-12.5116642786637,-13.5867662419102,-15.4907906066299,-17.8008503871346,-20.1970086229896,-23.5277710069302,-28.2551976503255,-35.2022594473871,-35.9622762246492,-37.2037748948943,-38.6620092195318,-40.9073890009174,-35.8053903565016,-36.9739347481286,-42.1732239665814,-40.3981578179633,-39.2977356102013,-42.7740950642499,-48.0531461493263,-46.513843403957,-45.4307938537034,-48.1182827754884,-56.9414303183681,-50.3012306776125,-50.2300855581065,-51.2470973885056,-48.0357878874017,-52.2066925625445,-51.8991094159276,-49.0784949529782,-49.9163354944917,-56.680198169372,-52.9278333496082
-49.0976988012905,-45.014808716595,-41.9657204510618,-43.6324835775742,-44.3925012118799,-42.8502602120231,-42.5596554340182,-44.7767212480684,-42.3588001715759,-42.4865864188337,-42.5536518335502,-41.0945147720612,-42.7638016241521,-40.2462200626673,-36.9432136136644,-35.4869914659649,-35.9531270879842,-36.1686227168799,-33.0085450514253,-30.5984745849339,-28.0433861394966,-25.8232191680928,-22.4103450830373,-19.9291133806913,-18.4508529060688,-16.3338234337306,-14.5320424190293,-13.0917977539098,-12.4698117911403,-11.6895774204097,-11.2867001189515,-11.5013976022491,-11.9303984621503,-12.4835987181356,-13.5297337977814,-15.3769259787946,-17.5870719162307,-19.7430191123538,-22.8414260108853,-26.7780939258812,-31.8494713836739,-33.7602359657107,-38.8161721182546,-43.1477056905437,-38.1135089771519,-36.1482503696933,-37.5108815769414,-44.2394581840261,-37.7702952143035,-38.8092535171846,-43.2901120489481,-44.9157397451443,-44.2370829640781,-44.0619863637012,-46.4467969531363,-56.6094021892433,-47.0073541414045,-46.7320227216062,-50.9353954750476,-49.4984438716924,-52.7139915171322,-49.2085839983934,-49.4884077859922,-56.1395315243057,-54.3085663712287,-59.5809054649376
-64.9137587425668,-43.3996107044594,-42.2283982271552,-47.0390553683879,-43.7994154195154,-41.438865786088,-43.0125371052926,-46.1299872388805,-42.1254754964728,-43.1537284328374,-45.7652623309532,-41.083731402954,-42.2548017773592,-42.7407157369385,-37.267543682264,-33.9146198350201,-33.3801876679361,-33.6483839181242,-30.7868568372612,-28.2831340995043,-25.9725506263881,-24.9214243399117,-21.8583137575999,-19.6448679837517,-18.5380144965078,-16.7735150952831,-14.9758430438757,-13.4508424704474,-12.8610504951778,-12.0911766119592,-11.5861048410905,-11.6873324354854,-12.0009705215392,-12.5438526159896,-13.5891786761342,-15.2532256562443,-17.3075768093313,-19.4699547318628,-22.5701035721009,-26.3130928242183,-30.275033005214,-33.3522586473956,-41.9955658118659,-42.1417587191315,-36.3779288792947,-37.5328496292732,-39.162252230075,-42.2032415171308,-36.3601856599228,-39.3033727599318,-44.2852115939415,-42.7523128280998,-42.6744647112672,-44.1598603031597,-46.4880698822439,-52.6603389503058,-46.7226598464786,-46.1935114080002,-50.757241819717,-52.8409002172313,-51.0158135839723,-47.8454710931177,-49.5530633558078,-65.5685925299632,-52.2958042191999,-52.2396008067648
-50.4215746050075,-43.7473101185853,-44.609889514092,-50.2385233502373,-43.0996722894083,-41.4373229476067,-44.1808435675161,-46.5204891847587,-43.5046532901486,-45.199362396145,-52.0427090919152,-42.8230494184036,-42.9885429557243,-45.6548574852146,-38.1906276773356,-33.7332501592209,-32.3549449564599,-31.8007082633192,-29.2422755277879,-26.7668691135214,-24.6328344429382,-24.2975566110724,-21.9610044743051,-20.2216868655698,-19.3249518349371,-17.9574084080416,-16.1218304061824,-14.4257429496749,-13.5892247926534,-12.761366723962,-12.1361790422933,-11.9731587829307,-12.1016123102618,-12.6458761445526,-13.7161940464229,-15.2006116798671,-17.0502597765804,-19.3843059946205,-22.7588418408835,-26.8281551939112,-30.5633916589038,-34.6397869937666,-45.8755192739419,-38.4866829399662,-36.1793520063263,-40.192068771963,-41.4121670720484,-39.1472898538253,-36.2519901570405,-41.1196568772699,-44.8179847978538,-41.6264883897502,-42.0008761048896,-45.1621327956752,-47.8400072788901,-48.7131652756842,-48.4683661032938,-48.5377509632532,-51.3770400593674,-57.7460289576523,-49.7587510071746,-48.0101228853169,-50.6336123268811,-62.984837139698,-51.928306266671,-48.7180101021763
-46.8583492580499,-47.0807999436711,-49.8594981600225,-48.3931749689016,-43.2630510396255,-42.9440575280679,-45.8109013650669,-45.6645750435163,-45.882831879245,-48.7715339732922,-67.9340813263369,-47.4326604278312,-45.3865550257108,-46.7877111884351,-39.7372331702569,-34.674019412772,-32.1218937432148,-30.5633758740397,-28.4255100959445,-25.9272804167325,-23.8607722695008,-23.7950427102016,-22.7320962669591,-21.8226566510002,-21.1207527023194,-20.3105153022473,-18.2615393618372,-16.1240185385875,-14.6665194665969,-13.6454066741282,-12.828306397548,-12.2981381121506,-12.2178355286373,-12.7318683399616,-13.8022465104434,-15.1968723445504,-16.8878081209137,-19.3949365535435,-23.1503578258992,-27.7074828034513,-32.5191672723769,-38.335157946952,-46.0383210088602,-37.2747396996405,-37.7899725586256,-44.1982979774164,-43.027081451457,-37.7180414108253,-37.691371302507,-44.72648266225,-44.2752021599498,-41.4573985880079,-42.4425569592791,-46.4128672269331,-49.7859667674703,-46.3559499241609,-49.4966716987967,-55.7370504872588,-53.7071337630674,-61.5147844213042,-50.3056669427485,-50.2181461477636,-53.442967889979,-54.5020510852314,-51.6242621675557,-48.3755554891699
-47.4146556122904,-58.8704921430649,-48.5535930835743,-44.8997924137563,-44.2417711774082,-45.8464484880936,-46.7323634059957,-44.4481929522922,-46.6496762577102,-52.974631042943,-52.744867459186,-49.0814267241558,-45.6157339250196,-45.1268556549971,-41.9540753888711,-36.2777536821051,-32.249418707811,-30.0956855587253,-28.2961756943117,-25.5898264757368,-23.4966770707085,-23.2916277908902,-23.7830962228274,-24.4894921117717,-24.57304874834,-25.0158264235308,-21.9062787333297,-18.4676141894037,-15.9285570541646,-14.5315719590276,-13.4122792819284,-12.5398614664425,-12.3050235532119,-12.7515304975746,-13.7561459842919,-15.1369501607936,-16.8071921972454,-19.4022517868788,-23.374550599302,-27.9993602867179,-34.2110685206098,-42.20421888714,-43.2946624409625,-37.8985507638417,-41.5630140448773,-44.7375437132813,-43.271487875268,-37.9143538550671,-41.2418387234103,-49.394137466307,-43.3602801386996,-42.1838967370614,-44.1910945833617,-47.567007851486,-51.5477332413604,-45.9655191799102,-48.3537883206492,-65.2708655849605,-59.1606623775942,-61.3528604679661,-53.4102922464463,-55.9227062039057,-53.179974890608,-48.6146681591177,-49.2530394974061,-49.9959685222877
-53.9095652841593,-51.8745903838415,-43.8017909020957,-42.7159744548951,-45.2052775918243,-48.7172998162377,-46.4068421991722,-43.9522626970336,-45.9294852781848,-54.5905786483073,-48.7494028586861,-43.903327223838,-42.2388821937764,-42.9363310550275,-44.1447294824791,-37.9977145968342,-32.8875060835336,-30.5731652227622,-28.73169857209,-25.6255151701871,-23.4563435049851,-22.7793446891904,-24.1003279965842,-26.602281010758,-29.8875797972405,-41.8772567837235,-26.4563762489082,-20.2462515490582,-16.6823060866569,-14.9083200087268,-13.5288620011911,-12.5435443005592,-12.2856609331088,-12.6746484798696,-13.5800861319908,-14.9522623386688,-16.7319490075918,-19.36165630666,-23.2506232121773,-27.4815962710518,-32.5074253998279,-37.0368345550723,-40.9846325828988,-39.4749167273515,-47.1329501016416,-41.8532862073021,-43.2588069358708,-39.464578565476,-48.0670559461597,-48.301649286026,-43.0147919898068,-43.8566842398263,-47.371192117572,-48.6528942803706,-51.3909849486443,-47.4886759525507,-48.498644686669,-54.7290221766334,-65.5464395302868,-60.7564736085642,-61.6785362414287,-59.1525959624759,-49.6061607052657,-45.8203862107087,-47.1907184428402,-52.1182348090498
-54.2182166448809,-45.2456537162574,-42.1359203218199,-42.1849081932228,-45.6360004374197,-47.9181951808934,-45.3333252459823,-44.2349863493807,-46.2484077699863,-54.5807106123843,-49.2429982946057,-42.4447378741787,-40.6366370705787,-41.6559602132187,-44.1958519809616,-39.8512114482198,-34.6539040016849,-32.1444603199355,-29.66551029518,-26.0642261429159,-23.7321777016408,-22.3379337042727,-23.0812963474284,-24.4003455620056,-26.4294732210441,-26.9239527823068,-23.1449517206013,-18.9584171870305,-15.9179767963749,-14.2381070729791,-12.9643761651107,-12.2092063118712,-12.0895440071601,-12.5035162156568,-13.3716118482043,-14.7297398950795,-16.660394445726,-19.3488591882952,-22.9787425184507,-26.7403817383966,-30.2557246266803,-33.3986664898896,-39.2486710053039,-41.0745072855038,-48.9136214573522,-41.043444815696,-44.3408531544729,-41.7831223071147,-48.6136021582382,-45.5607123712586,-43.7082099662282,-46.6721635038678,-51.7344924950188,-49.8065738658603,-49.3255491929155,-49.7417713342453,-51.5429393993207,-52.4976264331338,-55.1311187053914,-58.8132752203831,-59.3586519032607,-52.0588074343153,-48.0049097731982,-45.5622408255253,-46.9104294631192,-52.3460807888354
-45.1873351057685,-43.2640073982234,-42.8745217899161,-42.8514435874265,-44.3574871059057,-43.7092538480311,-42.5819794361452,-43.3471276069496,-46.6447924734738,-52.6836875529216,-58.1204619083752,-44.7124232680167,-41.0880691096059,-40.4892162937575,-41.0253601441122,-41.1984567167767,-38.6500091108777,-35.3877189600512,-31.4606774333043,-27.0476434921686,-24.2405923890184,-21.9279959361027,-21.3607352639259,-20.8147145026124,-20.7661693632828,-19.8566576439715,-17.9623376044391,-15.9132516977222,-13.915920274365,-12.7065380289494,-11.8788339287327,-11.5642646934595,-11.7075469843371,-12.2733898227359,-13.2515689140235,-14.6756324703134,-16.7668207903385,-19.6000236373644,-23.0092429445401,-26.263149230165,-28.9337717119817,-31.7516950302851,-37.4930700527022,-41.5556419846901,-45.284236579901,-41.669078018716,-46.9022760424724,-42.9623495421083,-43.4848728272707,-44.4467824570572,-45.5215036708352,-50.7322519474907,-55.626901870518,-52.356245107115,-48.8410427005132,-50.8898315429034,-58.2102917008716,-50.493663464767,-49.7578300897877,-54.1732415367749,-52.5497672624912,-49.1213913760978,-48.5747287191283,-47.732220980695,-47.8913985365889,-49.8429650079184
-42.9811746131307,-44.2447465439972,-45.0613567352206,-42.1889382649373,-40.6578525332757,-39.4607724544799,-39.0784885182209,-40.3825638430544,-43.6825537262448,-46.0683241873428,-46.5786588214745,-43.372369273238,-39.4095251435923,-37.1669587223977,-36.4305881801904,-38.0460937204799,-44.37910163362,-44.8238155189398,-34.6210786127824,-28.0466104780363,-24.3772708926841,-21.1581185735171,-19.4043640815234,-17.8481681910226,-16.972266994317,-15.8003995796731,-14.2747067801817,-13.0474979836892,-11.7181460818832,-10.9501676393169,-10.6076847389969,-10.7328856695511,-11.1950456125851,-12.0247831004276,-13.2784207192941,-14.9559313069067,-17.3081085927224,-20.4690770625831,-23.9070721698104,-26.5394930321037,-28.2893515493312,-30.9128775921953,-35.1383186203618,-39.0954923219531,-39.67618628336,-39.4774394961284,-45.2616497351034,-41.1463797434351,-40.9894096691995,-44.288400928895,-47.8845268706776,-54.3800574689296,-55.6391895541798,-63.1501534995585,-52.5626462027958,-54.4639716394944,-58.4744126638125,-48.3925336553852,-47.1835490537722,-50.6939323645479,-50.0061087261719,-48.7222985052642,-50.9491424989766,-52.0711986802001,-48.1204948547997,-47.1142345332942
-45.2045848003778,-47.5076078208781,-43.7071399690067,-39.2073851747859,-37.2255511989484,-36.4635077777686,-36.3776336788441,-37.3642683057955,-39.1077685162211,-39.556369702934,-38.2366078078389,-36.3370758261802,-34.3960225849621,-32.8227843054833,-32.0520626688346,-32.7292889841703,-35.1029600422716,-36.8126146388233,-32.2139948355993,-26.4404105189336,-22.9423350141297,-19.5391706223146,-17.2500213606584,-15.3691539291783,-14.1207285684091,-12.859307003521,-11.5184742413951,-10.663245878159,-9.78939285172806,-9.3502923068839,-9.38397831873271,-9.84411001495678,-10.6192105375677,-11.7644130638838,-13.3906866411354,-15.5380702752805,-18.4069631016344,-22.3307400350944,-26.5387095294123,-28.362135181429,-28.2286673832017,-30.0456708640438,-32.1199203646522,-34.9184364499806,-34.8586073131134,-35.2925085018486,-39.7474486751705,-38.1251379751121,-39.4918969699579,-44.2074037405893,-48.7132991496528,-52.8197390649235,-51.4733313739433,-54.1765276843894,-54.301567287206,-55.0204295445669,-51.2066303733553,-47.5442408198994,-46.9843644380322,-49.6826142557884,-49.9957038862563,-50.4844996997212,-54.3892410707204,-55.708133633445,-48.0245662399561,-46.3668908443871
-48.6836569160523,-43.4620486563273,-39.6080197298948,-36.7535425162059,-35.2008962049273,-34.7702079149942,-34.6535075509502,-34.864166419638,-35.0142261832449,-34.6610599288992,-33.4880094777122,-31.8423165521887,-30.3807322414071,-29.2347033021115,-28.4255842650902,-28.2193127428565,-28.3092958408989,-27.6941785388875,-25.5792813832833,-22.5056116412195,-20.0960571469346,-17.2496073096514,-15.0115368354985,-13.1877528059646,-11.8059383946795,-10.5632420365581,-9.39725330202419,-8.72604663327588,-8.20165666716172,-8.00872997619536,-8.29396085355972,-8.97178658164615,-10.0046623825184,-11.4406275863029,-13.4014578129609,-16.0580088379753,-19.6776011591597,-25.1006157870761,-33.4554823087892,-32.847884724942,-28.6321559725099,-28.737587436667,-28.9555042973468,-30.9421177111895,-31.2183620172292,-32.0324205682031,-35.6170523090658,-35.2503773528877,-38.0591741754872,-42.8740671087884,-45.5281520541672,-46.8324036049815,-46.4075501236559,-46.1699116070087,-45.8435690822309,-45.8523779606815,-45.8652996830113,-47.369396846129,-49.7690570243321,-52.0000200419776,-52.606613896213,-54.0412329374091,-55.2448947049109,-58.3112153681264,-51.3583677476743,-49.4463342784642
-41.2683309687508,-38.552144590769,-37.1412985503433,-35.7941917780291,-34.549249645539,-34.0281239958702,-33.4721481491196,-32.7147712421629,-31.8537287835689,-31.2492085681093,-30.4721527504741,-29.1401927580803,-27.7748423193921,-26.6747523899392,-25.6756232258565,-24.8194149237911,-23.9144626401761,-22.668270925242,-20.9794400609583,-18.9295728164778,-17.146371233866,-14.9100450966996,-12.9293066667115,-11.311923178107,-9.95018133601099,-8.80338150347373,-7.81881428817576,-7.22894377334621,-6.949280072415,-6.93016241010832,-7.34963893970208,-8.13535930786461,-9.32118147095449,-10.9438644533384,-13.0699768297696,-15.9145187689367,-19.8303100397405,-25.6401484950528,-35.2683899836201,-32.7238644373069,-28.2702634188153,-27.0460710476472,-26.4343365744922,-27.947441821398,-28.7241844121004,-29.9568808455004,-32.6680014114523,-32.7368455456344,-36.100109572885,-38.9309958015607,-39.6534274764256,-40.1380156236357,-40.7749591911574,-41.5847930076881,-42.0635068926519,-42.1648444022371,-43.1543875888625,-46.7447392554498,-56.8537030421604,-59.6303486015793,-55.3753169205084,-53.2656883077382,-51.2057677777477,-53.6007462753138,-64.8717942593921,-61.7696173860749
-37.645574942138,-36.8800927423198,-36.8924430315374,-36.3593183130099,-34.8357951542095,-33.5905080361133,-32.3921339227503,-31.0089606465239,-29.7743308296251,-29.1059803634137,-28.5820972414481,-27.5544595026907,-26.2450261455733,-25.0763387390508,-23.8678645091455,-22.5551728278025,-21.1235010308229,-19.5926945869665,-17.9875457554872,-16.2821038212575,-14.7090415592035,-12.9064299982178,-11.1967510104188,-9.83254145435962,-8.59034236982511,-7.58309781837409,-6.77975262733409,-6.21837875744328,-6.06646977619956,-6.13928378625675,-6.57591868531014,-7.35392963627621,-8.53850996604177,-10.1653529990244,-12.2292473685207,-14.8359690675878,-18.1799951559225,-22.2133044209995,-25.8694104192319,-26.6685664484926,-26.524601500175,-25.7555260509525,-25.33638496263,-26.6175964733626,-27.7972001508858,-29.1969212010924,-30.3257293750575,-30.3786399659881,-32.7188630597066,-33.2352645973921,-33.4702169528104,-33.9533196681205,-34.8592639481636,-36.4688628632504,-38.4641660532864,-39.869925746425,-41.4233842278906,-43.8700422963436,-46.3440437665278,-47.0717448270249,-46.9503262790161,-46.759177534047,-46.2405872218222,-46.2300463928659,-46.5997891779699,-46.1771035073802
-37.6462930860882,-38.7819584170459,-39.431744000643,-37.8307257717093,-35.0336244948835,-32.9058863382696,-31.4457107585371,-30.0203706674805,-28.7919277468379,-28.0294173067782,-27.5014485217475,-26.7045373480212,-25.5628338020098,-24.4107227885605,-23.090098490866,-21.4659021754941,-19.6694399491308,-17.8811104993569,-16.1530727645462,-14.4725047780774,-12.8911747636363,-11.3582939384546,-9.8992392832241,-8.8029739361444,-7.75367568806015,-6.92354767500771,-6.3131563577722,-5.78174413226236,-5.65732233725361,-5.7353641209266,-6.0742016676629,-6.71584434670881,-7.71910221641104,-9.12235348326372,-10.8983757817539,-13.0648409109916,-15.6751288736665,-18.5855972298487,-21.3107183251296,-23.1418496040582,-25.1038412987666,-25.9854345786881,-26.8107325542956,-28.3231477570525,-29.4282065972562,-29.4110488188418,-27.596591570938,-27.3451894188599,-27.8096161676035,-27.5418545034851,-27.8723082552811,-28.4804646806609,-29.4262320288152,-30.8769269905266,-32.6994179247243,-34.4672450921378,-36.0073424604622,-37.1604063553197,-37.8172510390586,-38.5431119187786,-39.107150238169,-39.8155797133002,-40.4999277236646,-40.9670275019068,-40.8893618466099,-40.7731679973434
-40.5485152234243,-49.799354968064,-43.3489993397945,-37.6206346410969,-34.3427901481033,-32.2275112078757,-31.0114393944951,-29.8915419655933,-28.7735426061265,-27.7730606808354,-27.027578271694,-26.4121538100377,-25.6421931657685,-24.7319067428992,-23.4739769565461,-21.6188288262181,-19.4316579545029,-17.2569282664678,-15.2162630207324,-13.3730623506364,-11.6673880609375,-10.271024435395,-9.03394854059286,-8.19323484785748,-7.40530227021859,-6.82292542586918,-6.46732243925608,-6.05081220587501,-5.90742136400599,-5.91357932774988,-6.03998402792141,-6.39666344985709,-7.03305458701006,-7.99469228387192,-9.28764367378553,-10.9292292959216,-12.9200146181164,-15.210549859076,-17.6760738508998,-20.1642780557042,-23.5924247416327,-27.1692268919751,-32.7207276425142,-41.970969370669,-30.7344467492922,-26.3641026602879,-23.5977366104219,-23.1881999689768,-22.7759572852271,-22.6245400934892,-23.1120782400834,-23.8193697540304,-24.7973282166024,-25.9869873327203,-27.2766919413945,-28.5740529633263,-29.8134052722256,-30.8918486295103,-31.7316547485544,-32.5164098798027,-33.1459605129485,-33.9252371200757,-34.9023034282161,-36.1110921954698,-37.0347794861337,-37.8776811622276
-39.413609877454,-42.6569977880772,-38.7464042218288,-35.7795388133181,-33.7876825601613,-32.2752723387594,-31.3068430521411,-30.4060334651235,-29.3033461268069,-28.0287655767941,-27.1126829221673,-26.7443095220979,-26.5602712263069,-26.181653730231,-25.2102315517577,-23.1018581565864,-20.3133992082685,-17.5275309713904,-15.0167532886394,-12.8949430866392,-10.9882165172578,-9.6058814906524,-8.53096971791923,-7.88487900898381,-7.41679559357949,-7.21275858671133,-7.27950632709048,-7.23362009230002,-7.14120191601543,-7.01042749792173,-6.75681482217217,-6.60172944039903,-6.64606976698283,-6.97321977903096,-7.64502515256656,-8.69705911237813,-10.1078288680968,-11.8465290002068,-13.8625907642058,-16.0945965289473,-19.0364225054103,-21.6084600748311,-23.2884978462115,-24.2787081569122,-22.226710121455,-20.3449473927681,-19.1579727595093,-18.8784065150205,-18.505949239848,-18.6471156223099,-19.2425932215511,-20.0081559019111,-21.0028421031915,-22.0566411792981,-23.0832390157093,-24.0988871501349,-25.1683364696974,-26.2357236026685,-27.2183225149099,-28.0475455611441,-28.7121336024173,-29.4748812449482,-30.4261650610179,-31.7101250872885,-33.1684712328565,-34.801675619574
-35.6219885082104,-36.8232431504863,-36.4914277766823,-36.0843623291183,-35.0560469555804,-33.4234205027507,-31.8282345722432,-30.6112777912829,-29.5746018901022,-28.5675175679743,-28.0012575394378,-28.1484483787374,-28.7247439958217,-29.0488085113126,-28.4768302458526,-25.9092444654316,-22.1665141678757,-18.5560005211321,-15.4734395559403,-12.9741260699359,-10.7798585686774,-9.28318151553453,-8.26154200005629,-7.68750375015301,-7.53623881719308,-7.85273488833175,-8.64584578453842,-9.65048024898334,-10.076908959261,-9.71756366389216,-8.59094168320959,-7.41864377998474,-6.54266513626976,-6.08634296844242,-6.09700614144093,-6.56642800184992,-7.4412664474473,-8.65756820886847,-10.1303401185472,-11.7398294646685,-13.630204481216,-15.0175081986758,-15.7104124214908,-16.2774006239452,-15.9767931740339,-15.4877936068963,-15.3281084547737,-15.2644356607042,-15.1993699166909,-15.5948373637202,-16.2455364323069,-17.0309110336719,-18.0011637460378,-18.9942553819455,-19.9499407465524,-20.8841167237315,-21.9008815990769,-22.9586560365104,-24.0005777980805,-24.8908515933188,-25.6401095068351,-26.4264308417762,-27.2969672825851,-28.349615505824,-29.6462268211744,-31.1548553736261
-33.6945066487898,-36.9266563880672,-41.2490366088103,-45.0156063340868,-38.1352612257432,-33.2830866813907,-30.4824602631,-29.1043032687547,-28.7452154954657,-29.1091908009775,-30.1593725239836,-31.9572763175669,-33.8735051933886,-33.898897326747,-32.5564735065387,-29.6302461065483,-24.9827795977719,-20.3861245845783,-16.5489963902067,-13.485205543923,-10.8814420671979,-9.14983287688425,-8.04726136725986,-7.39342302746897,-7.42196665645508,-8.1807945011189,-9.81056588712993,-13.0848289106069,-17.2170446341898,-16.1005457406078,-11.5098952320849,-8.3305367476703,-6.3271122797828,-5.15635132220579,-4.63515362261905,-4.64361778572214,-5.0931240730833,-5.89219854213472,-6.93338119250545,-8.08868691980439,-9.3742064507118,-10.4126760792201,-11.0889715267101,-11.6522981729833,-11.9404548854554,-12.0942342664619,-12.4461030745476,-12.6001094422467,-12.853826816384,-13.425069943062,-14.0863070232898,-14.8516363114579,-15.7470532306318,-16.6855437563542,-17.6418765246751,-18.6098759772459,-19.6689695245814,-20.7797867264869,-21.9086250828198,-22.9393489167143,-23.8644817804398,-24.7444867382682,-25.544342620526,-26.2796978112947,-27.1162832683241,-28.040268065718
-28.6436130100186,-31.7270821658466,-34.4140729742855,-33.8327628992121,-30.87098563816,-28.2330960748834,-26.6154653879558,-25.976335514066,-26.3798825325924,-27.9795791893452,-31.2605672621299,-38.1055074675981,-45.8515771340739,-35.4491019137358,-33.0500927524498,-34.0349788298574,-30.3614906766645,-23.2090656172015,-17.8933941121952,-13.9990207294777,-10.948506461495,-8.95944503358561,-7.6979257751732,-6.86942988728493,-6.84089876720565,-7.57525889576575,-9.17214312218362,-12.4050519126439,-18.1189461807183,-17.4427282931573,-11.3914885172018,-7.66960898393638,-5.36897830405165,-3.97212395841821,-3.22319649660121,-2.9789037327756,-3.15806083015369,-3.676980308082,-4.43837154541117,-5.338355367068,-6.32313641691555,-7.27870900486106,-8.08979445416681,-8.74632297425537,-9.37655999598176,-9.92424016191947,-10.5550204920239,-10.9244810015339,-11.4483725384399,-12.1125843252869,-12.7400096255224,-13.437252435912,-14.2050897092907,-15.0504748340174,-15.9899202892028,-17.0209470717054,-18.1804950752709,-19.4403622951494,-20.7791075806398,-22.1260213964045,-23.4249294205201,-24.5509702274122,-25.3034214474814,-25.608173921372,-25.7578769148286,-25.8810658120465
-22.2452200151127,-23.7401650420091,-24.5577632690983,-24.5033449276843,-23.8264683007926,-22.9893748601443,-22.4621335559477,-22.4129651939272,-22.9652493190755,-24.205223216739,-26.0480493697218,-27.8869027983725,-28.5263504660943,-28.0203803625725,-28.5033004603699,-32.5381521824122,-35.5421827433185,-24.1340013929752,-17.8532510366199,-13.6468328003819,-10.5351585588868,-8.4750769917571,-7.10390059323117,-6.12666231355122,-5.87399079048502,-6.17528791715174,-6.96590805205626,-8.0569080980429,-9.04602760162183,-8.76561204643527,-7.14784431794639,-5.25775025314263,-3.69114500511628,-2.58335903284206,-1.90928301405964,-1.61960342440588,-1.68119112698998,-2.0471728480102,-2.65301982170802,-3.42915360989163,-4.27975693670885,-5.24651179256265,-6.22320673271944,-7.03764270635293,-7.94956135815938,-8.81863624427919,-9.65300583249321,-10.2566723508327,-10.9968481144879,-11.6678785639947,-12.2048904331554,-12.7677913975374,-13.3493564487688,-14.0389857430386,-14.8895108596691,-15.9298701913737,-17.1734095441592,-18.6389540087966,-20.3429330408724,-22.2992731177611,-24.4548374894634,-26.3377996798003,-27.0843611701877,-26.4690382586261,-25.4253117083087,-24.4944940413913
-17.4493332576778,-18.4359621959426,-19.0231374755673,-19.244189878425,-19.1957704883326,-19.0526183004064,-19.0220584587405,-19.204470650344,-19.6190401807447,-20.2647896197708,-21.0266245300178,-21.6777045850646,-22.0981142926932,-22.3846954451932,-23.061854755331,-24.0606110962348,-23.1285890262353,-19.4202646926202,-15.4360830483409,-12.1481017704057,-9.55892012690103,-7.692084224524,-6.33053502732282,-5.31070488942602,-4.81994739941468,-4.66467711680957,-4.78581323118133,-4.85938780477838,-4.84314609920907,-4.51282548025877,-3.78582745355462,-2.87004999398208,-1.99346409430637,-1.29333970368417,-0.833149477033164,-0.63089370529843,-0.690637775365914,-1.00334855049031,-1.54297471238507,-2.27432771108468,-3.0877847170493,-4.10453975427243,-5.24939322294667,-6.27897979547089,-7.48238041893717,-8.69291116750371,-9.76387012814306,-10.6656198926778,-11.5806647561801,-12.1570422327833,-12.5132348458261,-12.8387155299457,-13.1576446351025,-13.6149222230104,-14.2828415363159,-15.2223571753721,-16.4416632008262,-18.0262767965565,-20.0796812956821,-22.8074445384781,-26.6617267507496,-31.7762516028922,-32.8017834557805,-28.56646042692,-25.4334290949729,-23.394746930566
-14.1807973932333,-14.9854335918642,-15.5416669511178,-15.9005583976375,-16.1151558728759,-16.2757585634772,-16.4530584659736,-16.6936646252552,-16.977869744302,-17.3048651270851,-17.6458723249676,-17.9451559633089,-18.2092995415666,-18.4558500479616,-18.7045650403827,-18.536611915524,-17.2961190646239,-15.1351872823908,-12.6706971794286,-10.3659645709261,-8.43709845858777,-6.86725811619565,-5.5932170531354,-4.62849008190368,-3.97173270462326,-3.51226937385045,-3.25128050573885,-2.93871821190211,-2.59726184978045,-2.23134177959924,-1.77465387224237,-1.26720033562337,-0.78931059410069,-0.398996794980686,-0.153882059424152,-0.0876701744385175,-0.212440541309309,-0.539287504182374,-1.07208625093609,-1.80364608697345,-2.638055809083,-3.71788233084389,-5.01770096474521,-6.30789850772745,-7.84392833739044,-9.48738550924067,-10.9491325943444,-12.324119154379,-13.414087745827,-13.7455540282288,-13.7442422625782,-13.6529629054974,-13.5963142809169,-13.7348330802628,-14.1338529991145,-14.8575850329686,-15.9045144437787,-17.3780368257747,-19.406888919146,-22.2244218302,-26.49737291818,-33.7224841187154,-35.1406888484724,-28.2068811905395,-24.4336020928178,-22.0925018490872
-12.1458732609113,-12.8778641524441,-13.4439441443771,-13.8761777301968,-14.2129231600114,-14.5064729762992,-14.7606021563095,-14.9980383531338,-15.2079905324048,-15.391756200223,-15.5507568665528,-15.6764328920617,-15.7769145291472,-15.8323523836884,-15.7057799015746,-15.1176679029117,-13.9549607212896,-12.4092952645435,-10.6983810794423,-9.02816272702817,-7.61038100661105,-6.30085407900123,-5.13569808536929,-4.27566868633775,-3.53498220361076,-2.91856396471338,-2.45799015502551,-2.01913806039094,-1.5701827106029,-1.19250742149634,-0.852397000074559,-0.535743597754146,-0.271956331701361,-0.0799649268786064,0,-0.0629842534722229,-0.275441215649598,-0.651626046163962,-1.21082726104789,-1.96365528907849,-2.85059440748784,-3.98787898106794,-5.40831112036214,-6.97257622871627,-8.86673618694079,-11.0676462731763,-13.242082652959,-15.598718381049,-17.0608451449146,-16.8184702591403,-16.0229952303808,-15.1775346171869,-14.5811838020288,-14.3183453490962,-14.3998081109042,-14.8448710301378,-15.6260291111442,-16.7914181631598,-18.38988770607,-20.4462632329803,-22.9482466698074,-25.2621036649448,-25.8341223075892,-24.2842461801845,-22.2834083741279,-20.5729732028642
-11.1653648652375,-11.8703249049848,-12.4599555893013,-12.9385296523541,-13.3337951407596,-13.6742914263816,-13.940038773945,-14.1494508478165,-14.3160531229802,-14.4349867827864,-14.5041751069837,-14.5219150268609,-14.477157209426,-14.3412570528692,-13.9604256140689,-13.2131453278362,-12.1704983039834,-10.9622360215972,-9.66984592339309,-8.38960815935729,-7.31238972510035,-6.19889444699024,-5.1497841856935,-4.40604950898665,-3.64854660663287,-2.97754663451169,-2.41387709025996,-1.95303041226271,-1.49052975775212,-1.11876887758511,-0.846521815011501,-0.638817088799722,-0.500181394675126,-0.435591843429865,-0.469562079718963,-0.627786111636685,-0.9150319755918,-1.342808058829,-1.93427542418744,-2.70835576028514,-3.6577471450539,-4.83131574109699,-6.31096584318904,-8.10314018736388,-10.2778380743545,-13.0093176361154,-16.1949120908854,-20.9061582447708,-24.6357123425838,-22.3022287396144,-19.3132251788584,-17.1703075525464,-15.8908253229594,-15.2105369420421,-15.0073504796224,-15.2072236382185,-15.7454891460481,-16.5767989122968,-17.6623809984892,-18.9306694100555,-20.2245336705481,-21.2021445152966,-21.5339939594728,-21.0867547242745,-20.1926018178783,-19.203618517429
-11.1492265676002,-11.8542094361351,-12.4805010756104,-13.0031244557577,-13.4307863370544,-13.7701755342945,-14.0056209333719,-14.1631992812362,-14.2836769152065,-14.3623651915568,-14.3862589259428,-14.3443629523937,-14.1987224469123,-13.9152445786594,-13.3746863071642,-12.566885009461,-11.6184411849082,-10.6007801558123,-9.54724080972863,-8.5074289906618,-7.63715500958905,-6.67998214065975,-5.7711531491359,-5.13968772424554,-4.42332023019507,-3.76518044408695,-3.14382262189511,-2.68421678921293,-2.24306550467606,-1.88361117213675,-1.66165815893678,-1.5412035776083,-1.50283458705258,-1.54047454686827,-1.65537629819583,-1.86418534014107,-2.18183953775993,-2.62398385038742,-3.21659989268214,-3.9851684789553,-4.98525087451469,-6.16592346677792,-7.62886119123383,-9.54792651786084,-11.770161686297,-14.5612500771907,-17.8975145354462,-23.594222306174,-35.0634555017294,-28.0202375469422,-21.9074202520341,-18.783683937386,-17.0744674710951,-16.1684758664946,-15.8457014419953,-15.952450154402,-16.3973469054511,-17.0353905719852,-17.7537319159199,-18.4697743413611,-19.0483153910287,-19.3784354249547,-19.4296770841558,-19.192007490373,-18.7523755864772,-18.2561397982477
-12.0679911278489,-12.8053599808515,-13.4947040492625,-14.0809009639901,-14.5359998974758,-14.8401241899508,-15.0031941452286,-15.0698597026013,-15.1099695883906,-15.1394936502756,-15.1449913996812,-15.0994636419599,-14.9274157722326,-14.565676408788,-13.9370437010482,-13.0982683154001,-12.1839392397442,-11.2338883524812,-10.2861035811697,-9.38236869469915,-8.6177247610412,-7.81702214954986,-7.10894936402979,-6.59147044653192,-5.98070112774074,-5.38229963705122,-4.71395722881643,-4.21559493999363,-3.77864903188971,-3.41851227388765,-3.2378714665857,-3.22015554909181,-3.31419465862157,-3.48435004037227,-3.68199578084217,-3.89617342931426,-4.16302154800674,-4.52363461111743,-5.02523302531668,-5.71562352965062,-6.72404452601884,-7.88828905174077,-9.29211365560777,-11.2766759255781,-13.3422391093482,-15.6440179761505,-17.8425166913036,-20.6415352784021,-22.8381386030506,-22.6832002260061,-20.8358399231922,-18.9660276652403,-17.6587733697095,-16.9519044721372,-16.7895602919445,-17.0520445269344,-17.6668546850025,-18.4040819987614,-19.0273300365627,-19.3845394465253,-19.3725195862114,-19.0976853806531,-18.7117510342554,-18.328632839502,-17.9900579388442,-17.775626241343
-13.9318261995454,-14.7711396798196,-15.5899152783369,-16.2890561075229,-16.7741141128337,-16.9960010195922,-17.0218027500151,-16.9335003731997,-16.8309420482492,-16.7745339374676,-16.7730250812403,-16.7922227368232,-16.7150166293443,-16.3954428467878,-15.7565963756015,-14.8703390291581,-13.872770761283,-12.8298293632973,-11.8431597432589,-10.9834188396733,-10.2534733355797,-9.66567345207677,-9.28444866074125,-8.91738964962468,-8.50509077045743,-7.99626500727474,-7.24784520300797,-6.59161702401326,-6.0731342944026,-5.66647049488509,-5.51300727245303,-5.64165618858527,-5.97180742183121,-6.40298353476182,-6.76987839235316,-6.96318356554526,-7.03533427361115,-7.10894528262544,-7.31650347120872,-7.7725888983111,-8.68923845896683,-9.82385229939752,-11.2225732471534,-13.4141013184,-15.5021670589621,-17.3711950292215,-18.494954523396,-19.514579687047,-19.7235966464332,-19.3713034625312,-18.8510870682999,-18.2217275205744,-17.6953353513251,-17.5029583391809,-17.7416179468638,-18.4068613089706,-19.5215367819043,-20.8700816094568,-21.9626968808089,-22.1605327127964,-21.3249553066939,-20.1183515624186,-19.0100344225189,-18.2190958221464,-17.7539716411294,-17.6530965117928
-16.7467697780144,-17.8660894455199,-19.0108563830518,-19.9501391596323,-20.4401494390124,-20.4445610896723,-20.2013967855543,-19.8689515655235,-19.5476831121652,-19.3397366802622,-19.3033278472507,-19.443631024018,-19.6582145140386,-19.6581805369893,-19.1848638457622,-18.1602245032463,-16.7912150666827,-15.355304845809,-14.1184622403269,-13.2069282757582,-12.4955640934718,-12.2757968521949,-12.4834626439737,-12.411153896147,-12.3638944784399,-11.9229399704773,-10.9415656098363,-9.86752606873103,-9.08619164656299,-8.54099387443211,-8.37516967375426,-8.69168930713253,-9.44180691210393,-10.4784296716215,-11.396058865399,-11.6592317886709,-11.2107783299228,-10.5120472612422,-10.0142072900858,-9.95759839794855,-10.5865766565552,-11.6502665392803,-13.1548842885173,-15.9473505711531,-19.0140728185317,-21.4318600099412,-21.4527366166348,-20.3207922052868,-18.8876624994665,-18.070514989021,-17.7611909701752,-17.6382474618547,-17.6742608211535,-17.9846123906108,-18.661724771991,-19.8001433877043,-21.5912733352904,-24.2432864054143,-27.6253733331889,-28.5338295151816,-25.2349766056086,-22.1033245825178,-19.9161095308802,-18.5499304485598,-17.8314570185283,-17.7041075222321
-20.3305222232683,-22.1414926249575,-24.3118665518563,-26.0459947642242,-26.3041425326333,-25.5093670099145,-24.6922667950045,-24.0676852842642,-23.5099487417772,-23.0509572003552,-22.8309432772256,-23.019592130166,-23.7804007013277,-24.9152962425853,-25.4068181009452,-23.7336858107218,-20.9916793865781,-18.5418385551099,-16.7854269454755,-15.7678022389478,-15.1894466873855,-15.6637118279431,-17.0107841812008,-17.8077060146339,-18.5607846553592,-17.8205378705751,-15.9646054577738,-13.969701122284,-12.681033106428,-11.8813082490246,-11.6051170679987,-12.0297738304136,-13.2830557116745,-15.5258890992512,-18.6807558905774,-20.3145040694706,-17.7165251595759,-14.7410175646814,-12.8399930064227,-11.9558263882651,-12.0485723694867,-12.9182676867943,-14.4170107948723,-17.7342008145909,-22.9964033368008,-34.4270941942252,-27.6010440467962,-21.6196888435712,-18.929699862568,-17.864576514713,-17.5680367502761,-17.6441632308779,-18.0008292608917,-18.6406973140418,-19.5905488982265,-20.9650343095723,-22.9844691841472,-26.2302745472075,-32.5596593722066,-40.5940800800677,-28.6214537664748,-23.5612649736131,-20.6659287883222,-18.9194687790018,-17.9955893451625,-17.7541987696838
-23.7271179869701,-26.3701642054991,-31.1801315464725,-40.0025646576017,-36.8484559879892,-32.0758280344416,-30.3092004494168,-29.8561676306154,-29.4751807209002,-28.5705565236566,-27.5684054261815,-27.2333246584991,-28.351655102519,-32.3520391377483,-46.4226837111566,-30.9376136518249,-24.7167898577679,-21.1350523833118,-19.0222170506105,-18.0768794642112,-17.9556836147241,-19.5127294673256,-22.5942432145039,-27.5178279030391,-32.7746498856266,-25.8736012880359,-21.295200722333,-18.2287366146795,-16.5025413720124,-15.4389403851909,-14.8744081830907,-15.0114135600451,-16.0836744986969,-18.4653226837505,-23.1049884758964,-29.4427159707167,-22.9195103918806,-17.6694991954682,-14.7497341608318,-13.2545567365511,-12.7802060350303,-13.3471776206005,-14.4782163754926,-16.9987394924877,-20.4514190147947,-24.7729987414491,-24.2261138127241,-20.9771284520031,-19.0412526704526,-18.2468572199349,-18.0675722926964,-18.315192972418,-18.8973235804848,-19.7142300128357,-20.7032547055154,-21.907240412736,-23.332333588468,-25.0692410499772,-26.7798630265614,-27.1509951380349,-25.2555100130002,-22.648994912382,-20.5182973935468,-18.9907698838337,-18.082066800182,-17.7286948810642
-25.3638448226006,-27.0058802674805,-29.7817367441867,-33.2466994754452,-35.2968136539553,-35.087689572043,-35.1654918205444,-37.3516973898565,-41.7748648215207,-38.1323820736441,-33.1704681724907,-30.9401810812286,-30.6756329553636,-31.4322783163251,-29.8856765881921,-26.5723356127678,-23.7589335847196,-21.410196349216,-19.902240131161,-19.4118675319589,-20.005807380267,-21.8770141405366,-23.5540481504168,-27.1434853764326,-27.2315083647,-25.3879488076317,-23.3918550085906,-21.460235257635,-20.1453153939147,-19.0149586194274,-17.9214080041706,-17.1862314209938,-17.0112243976245,-17.3819265139374,-17.989398869067,-17.9978898232949,-17.2433360163136,-15.9329648182264,-14.4826585314667,-13.3913466745656,-12.746757341682,-13.0739404457865,-13.8101375477261,-15.1776043036704,-16.7702322756272,-18.4686310567053,-19.141218477779,-19.1354774444336,-18.9466321728421,-18.8955062006337,-19.0809639427862,-19.6427596347621,-20.5186068373399,-21.4843797606359,-22.3588198172943,-23.0853897685635,-23.5766198186318,-23.876688595316,-23.8250084859601,-23.289678166417,-22.2709781316441,-21.0054219891023,-19.804089298428,-18.7932348378059,-18.083005596593,-17.6877645753436
-25.679317954688,-26.0425940953671,-26.8955626025641,-28.2970426458968,-30.2604082991535,-32.7024998354957,-35.147810842296,-37.3198948778862,-38.5902287689325,-36.2122831794521,-33.1506641042797,-31.2073547775293,-29.5081804902336,-27.3183046748828,-24.7407459398727,-22.8645295421443,-21.5641144783299,-20.3488501996079,-19.58990820831,-19.5260243560227,-20.4123864184327,-20.9408340296529,-20.9279605397168,-21.7789236778875,-22.3926857200782,-23.1136533097737,-24.2697734086027,-24.5122004564985,-24.1396380223292,-22.8138177444662,-20.7117003916968,-18.7111745893614,-17.1747334356989,-16.1096030709891,-15.3875178998614,-14.6447760918198,-13.9420182031978,-13.4415034430976,-13.0273054872637,-12.6444206471862,-12.2441046627957,-12.4826894571304,-13.1212263089135,-13.856486274242,-14.8329364526642,-15.9424784290025,-16.8457552716882,-17.9059085177084,-18.8621159721571,-19.6345174709516,-20.4365958774379,-21.5701586806708,-23.0183367459052,-24.3697262445204,-25.163395836874,-25.1698665426325,-24.5823817074018,-23.8107856414686,-22.9477146515439,-21.9961715139251,-21.0182847707577,-20.1111358454259,-19.3198449881151,-18.665639558282,-18.1551852169695,-17.7856923603152
-25.866332128334,-25.8242256818836,-26.0021825328698,-26.7055315507538,-28.0280627647447,-29.7815250761376,-31.3239256588101,-31.874154095168,-31.3636920949145,-30.1697543643662,-29.1562987281462,-28.2555741410106,-26.6413771829088,-24.3945081148954,-22.2765125601959,-21.0083766857169,-20.1385206718724,-19.3064034075659,-18.8665133268953,-18.899175225618,-19.4784727954672,-19.2434499966269,-19.4997114085005,-19.9562849339532,-21.176030566225,-22.6239844762421,-25.5983183380503,-29.6017297020394,-31.5529278401148,-27.2429547680347,-22.8243744739954,-19.5366795425594,-17.07916456013,-15.2713430282405,-14.0240980683528,-13.0673864342013,-12.2788122159725,-11.8434372471592,-11.7317360362425,-11.7461770426027,-11.7062359979413,-11.9724788947819,-12.7562515125155,-13.3409182029634,-14.2580504164578,-15.2015308439631,-16.2104687961427,-17.594036718099,-19.0119860731101,-20.3678213560046,-21.8847231503148,-23.8396311768246,-26.3976179244988,-29.1304780808388,-30.4559532373795,-28.9244790825442,-26.6074604711958,-24.715505701612,-23.2644266133448,-22.0474136636396,-21.0116913038711,-20.1643134213637,-19.4644010892373,-18.9333087648145,-18.5231006107998,-18.2066132203736
-26.2830335666994,-26.3771642711807,-26.3547843030353,-26.5340532893518,-27.0059200765107,-27.5952758150888,-28.1284951457122,-28.3198730488626,-27.9171546179246,-27.0470387699249,-26.2656996672002,-25.3478676478334,-23.9134566855186,-22.2121599930117,-20.8174632328177,-20.0532098109006,-19.3273758791639,-18.610963967546,-18.2709611548982,-18.2502152253671,-18.4184427079642,-18.258104637173,-19.1462375408926,-19.5609011200631,-20.9191582790292,-22.3359628129555,-24.9389227633527,-30.4580023195229,-37.0611423373403,-27.7166232394156,-22.5784677814135,-19.1874993555303,-16.5789572925915,-14.5496482530238,-13.0898993758004,-12.1257417694829,-11.4061715186134,-10.9909526684103,-10.9535359609097,-11.1506773819656,-11.4587231800758,-11.8543998230661,-12.8848246351657,-13.6542575847994,-14.7865562720355,-15.7173049538163,-16.7569908760715,-18.0609369301931,-19.4306601828174,-20.9939571467417,-23.0166109288765,-25.6397359409315,-29.3322699490652,-35.4092868127767,-47.6202984830012,-34.3654722812404,-29.08564229446,-26.1415293150139,-24.2908493893039,-22.9619230984724,-21.9253630019506,-21.0717583061989,-20.3400499094379,-19.7866824733835,-19.3859721677089,-19.1220516103379
-27.1512936496745,-27.5037629836899,-27.549275111046,-27.3532876340021,-27.0378377941005,-26.6788362647076,-26.4858694884042,-26.3251071688757,-25.8779140066944,-25.1527440293351,-24.3949442326741,-23.3724119028421,-22.1019708533466,-20.8810894893279,-20.0998712317213,-19.6654751094811,-18.9621709386674,-18.3530015760312,-18.1122954180741,-18.0680450999693,-17.9538354745754,-18.1519796184857,-19.3375632915286,-19.7500659646039,-20.6968660035422,-21.8014766674295,-23.1545593286802,-25.3367831579188,-25.9693629178066,-23.406888081175,-20.431533389904,-17.9500697431324,-15.7712423281101,-13.8790301656203,-12.3717763275955,-11.4447425612342,-10.9128467111113,-10.6215056484247,-10.6506432380783,-10.9849042885614,-11.650232514522,-12.317854040173,-13.6559476655342,-14.8640968375356,-16.378028607628,-17.3619938941906,-18.31477984346,-19.1647473538439,-20.081074035118,-21.4620235816095,-23.5029357293595,-26.0477443350269,-29.0574083552978,-32.4455724432621,-34.9816019007449,-33.4854348353575,-30.2065508127372,-27.5873744837202,-25.7852547274883,-24.5216710792789,-23.5610291428482,-22.712045568405,-21.9390917361027,-21.3144115697544,-20.8856841369774,-20.6749664216268
-28.7734840957,-29.2486853072256,-29.4691631668662,-29.0987603764951,-28.1982396254892,-27.1188457824114,-26.2616902723679,-25.5726074650879,-24.8191385940795,-24.062286923576,-23.2990281184729,-22.3123443719825,-21.2881316006845,-20.4805831151055,-20.1203611619022,-19.7709211100838,-19.0614387169774,-18.6464665952528,-18.5724909861278,-18.5722685088136,-18.3261697204307,-18.8549556449911,-19.6823298695098,-20.1101211644725,-20.5342930292566,-21.5838365027872,-22.4088700974622,-22.9495700066973,-22.3473043760451,-20.6483405410953,-18.627025243397,-16.7478591142607,-14.9891882293784,-13.3476006158028,-11.8950543169825,-10.9678980071274,-10.6040690808982,-10.515140979754,-10.6753697301296,-11.1957097185831,-12.2694448565994,-13.4084860315328,-15.1920448276912,-17.1535070847788,-19.2600899833069,-20.295112473393,-20.8797936713789,-20.8187321066203,-20.9871340071666,-21.90904747035,-23.5675147164108,-25.6034816731423,-27.5624083481116,-29.0394382026076,-29.9079426308631,-30.3295964517137,-30.0033867276951,-29.0308013958871,-27.8262115288254,-26.742962778404,-25.8290325360227,-24.9664909982877,-24.1915498638413,-23.5301817304477,-23.102886707868,-22.9735277302462
-31.3961339480778,-31.9459608263842,-32.3531439445424,-31.8544371822924,-30.4666419077268,-28.7807933177796,-27.2060872191353,-25.8369335901361,-24.6106680722246,-23.6831731493193,-22.8867458536523,-22.0589337440443,-21.3830189582943,-20.9886827963512,-20.8732132712646,-20.4139732936941,-19.7788467897133,-19.644654947799,-19.7662739308636,-19.8327438860806,-19.5976029108725,-20.2388342649649,-20.167911746037,-20.6481831072579,-20.8753072478353,-22.0924731961442,-23.0087082586176,-22.7155452464799,-21.4665420384837,-19.801996460493,-17.9578633038023,-16.1567127751476,-14.4983587168269,-13.0091004009196,-11.6756306472239,-10.7276878996912,-10.4114238660391,-10.4995536062081,-10.8427471149197,-11.6108182644459,-13.1189352615911,-14.9051858420199,-17.3823881731696,-20.7999932151409,-24.3503456126445,-25.1015128599375,-24.3121102631049,-22.8802873765208,-22.2454017739169,-22.6227705487273,-23.7829554909972,-25.3770749298843,-26.887329484743,-27.9495482799225,-28.6695577214183,-29.5552098461875,-30.5053139417537,-31.1072889072605,-30.8376318297366,-29.9127768297226,-28.7853489476315,-27.7310308674352,-26.9385620668089,-26.3455588398516,-26.0332816900217,-26.0633055603841
-35.0070293433891,-36.1541745487343,-37.2185197321853,-35.9219924501758,-33.4036471186497,-31.0793653625131,-28.866350160271,-26.848342795078,-25.1478717826158,-23.9958099353531,-23.1446033916422,-22.5412038484711,-22.2910250802322,-22.3331856050725,-22.3169564547052,-21.730697213263,-21.3626177012169,-21.5529423415227,-21.7924750724476,-21.8483645257164,-21.754489944218,-22.1291437068209,-21.1407352983007,-21.6761805292151,-22.0635689142355,-23.3442803393582,-24.6335330803533,-24.2326154834004,-22.746741389346,-20.773364178452,-18.5680543332111,-16.3692268950033,-14.4230758883332,-12.8548314004775,-11.6346939192463,-10.7014544513765,-10.3065003892907,-10.4523887072515,-10.9628548018828,-11.9641745584638,-13.764902556788,-16.0557081490881,-19.1349356769137,-24.828978988424,-37.3832964689452,-31.3779300025038,-26.9173066557631,-24.9123431087687,-23.9495006194001,-23.8896308379519,-24.5875409137935,-25.8405525300536,-27.2269025960141,-28.4059117498749,-29.3856733125048,-30.7305130189189,-32.6234608648928,-34.7340962234875,-35.7020548581977,-34.6773569590815,-32.6445098426136,-30.9324972450943,-29.9109856280345,-29.5007864730919,-29.5031155416622,-29.8091194883766
-38.7479196677562,-41.323682967762,-49.2474689490222,-41.4376974732886,-35.6112794274551,-32.6242328658547,-30.3566567305756,-28.1502995646472,-26.2556831370527,-24.9621323430655,-24.0790548061139,-23.7253369389218,-23.9218263168934,-24.3809270304547,-24.3964319586318,-23.9770994580155,-24.2049212849923,-24.7005614406639,-24.7815648702484,-24.5708809098452,-24.6741737618403,-24.3373627134689,-23.020471910697,-23.580651192747,-24.3265681826037,-25.1471500013602,-26.5057595132514,-27.3283763838035,-26.6941145234449,-23.8038230034963,-20.4055191056543,-17.3148510848272,-14.7412939207988,-12.8395282275597,-11.6241257531321,-10.7671892169462,-10.2404827446679,-10.3049414322107,-10.8925401251062,-11.9955848845337,-13.7478973640946,-15.9949191913555,-18.6941072801843,-23.5810939983551,-30.4598021616859,-28.6335793157712,-26.4671324049042,-26.3135183578293,-26.1267983845544,-25.9391690576758,-26.2306383632248,-27.1276609087958,-28.4583138424505,-29.9810635833508,-31.4389723690584,-33.315983152065,-36.3472775415646,-41.1921773179699,-45.4461706383814,-42.1299919215559,-37.4316234131754,-34.4406891854694,-32.8456387621533,-32.5826547772752,-33.0228667071512,-33.5904072429273
-41.1690161068693,-40.7988572725175,-43.611050943639,-41.5717507049545,-36.1371073736162,-33.0250770683042,-31.0734455013826,-29.2159199789427,-27.6527523549161,-26.4805138562782,-25.6725820205763,-25.5700943895834,-26.1179820720041,-26.8444456861874,-27.0763796710931,-27.6460177940621,-29.1561972239987,-29.8043447831284,-28.959849401448,-27.8840724992188,-27.9787163498648,-26.7167359445233,-26.209280581982,-26.8057591353386,-27.9503070182204,-27.4007676704758,-27.8302999719356,-30.9657204254192,-37.175657816615,-28.7290350628269,-22.5991427587418,-18.4350714451725,-15.2006230892835,-12.8706403915235,-11.5058710303464,-10.7363535461401,-10.1333197030126,-10.0435501568207,-10.5923319110595,-11.6317893587319,-13.0949909151223,-15.0617119783805,-17.0548795299156,-20.3672986483392,-24.1223956892909,-25.1936102594953,-25.524528256189,-27.2408978375232,-28.7415465622988,-28.9823262032403,-28.8907849589243,-29.2822380681574,-30.4400985903192,-32.317603237496,-34.1935880169641,-35.967815132378,-38.9164120950362,-45.176545439012,-50.5569234928529,-44.4867970484081,-40.6191898830653,-37.6458901470796,-35.6964607911576,-35.2997698217505,-35.8052152113051,-36.2677758301046
-42.9865483221493,-38.6920759294295,-37.7290031422357,-37.7467765153273,-36.0802901419604,-33.6350819387432,-31.6765709591065,-30.0485091276299,-29.0888354374945,-28.3699418734002,-27.8374361290622,-27.934050932053,-28.4910051684075,-29.1876596934148,-30.3359593047291,-33.9411094733615,-39.805416860594,-39.5795065829008,-34.6789797467144,-31.4367953380488,-30.8900755876693,-29.1180361112903,-31.2800852263487,-32.1496701431288,-33.5953227048909,-30.62780033207,-29.0917354467501,-32.0215367491418,-36.4860046979219,-28.1225375843726,-22.5194833346609,-18.5207286616494,-15.2649557722062,-12.7774143833312,-11.2216182712766,-10.4587917501554,-9.90020262491312,-9.69632072273208,-10.1308982819138,-11.0278755759536,-12.2419442863766,-14.0877163896269,-15.7000619947537,-18.3793281232506,-21.6811669363261,-24.0003354552263,-25.7036820698754,-28.5163019337221,-31.8014437857018,-33.2519539080046,-32.7645282829701,-32.3208896758645,-33.006258980485,-34.9524293334999,-36.7698682725418,-37.225170180006,-38.2026874444538,-40.8725046673431,-42.5414556484012,-40.7620417668764,-39.7919902217061,-39.3990780461501,-38.5402914496061,-37.6579878603617,-37.4134300416436,-37.5608593483651
-44.1538612773631,-38.694912081784,-36.3321076928612,-36.1553134872598,-36.3775097488961,-35.202543792039,-33.0208069230917,-31.2410875131907,-30.626597039072,-30.4321017327372,-30.3596149904337,-30.4500406379584,-30.4272746093132,-30.9464333770439,-33.8673775941958,-42.5049252893475,-41.3007343999133,-45.5824500099042,-39.8625028358401,-34.0502432471686,-32.5267935825633,-31.259434992065,-38.4344307778978,-40.1048939109869,-41.5018707540881,-36.763016217838,-31.1245482631237,-31.181297360682,-28.9534967181232,-24.1321509705399,-20.43033312154,-17.2552239406913,-14.5443030041593,-12.3674093022721,-10.7870843946172,-9.93340057895543,-9.49929227375053,-9.30606210844315,-9.62541725462533,-10.4031001801897,-11.5215424932328,-13.384606755559,-14.888670733891,-17.4175321178659,-20.8408602683999,-24.1760864240862,-26.9386987190569,-30.6974519805707,-35.5919402912991,-38.7534291976953,-38.0659349484032,-36.2220322518975,-35.9664523597426,-37.4532349997545,-39.0197525769449,-38.5970149415185,-38.4841661713687,-39.8368403057625,-41.1989352759348,-39.8851395158799,-39.0790101835393,-39.9734683558194,-41.1992077993773,-39.7940802019864,-38.4762501240807,-38.4868777204654
-42.5452572871982,-40.4073290263368,-37.4745984350197,-36.8135585891869,-37.5342815316792,-37.6636133627268,-35.4514471124057,-33.362671106742,-32.637888535954,-32.5931422057928,-32.8755494416358,-32.6033509629325,-31.792855607906,-32.3418373100342,-36.0828758000569,-36.2194314082918,-34.6698285572688,-37.4751403648475,-37.3992076801028,-34.3896650000408,-32.7806884305347,-32.8883983282148,-36.7278915720426,-36.5820624195137,-38.0542850583574,-40.178649664287,-31.9406129211254,-29.7171525875932,-25.7201496957483,-21.4770523550615,-18.4266868100843,-15.6516306446287,-13.3264580598857,-11.6079780410989,-10.2419175746392,-9.29582332759603,-8.97278022182421,-8.91236502408109,-9.17875089511703,-9.90612364028544,-11.0389863786232,-12.9305162746503,-14.5092697796949,-17.1166101266044,-20.7782871903038,-24.8612516296984,-28.4740822344825,-33.7195478097535,-41.1530797372794,-43.0723229826644,-44.05371672932,-40.8725092865151,-39.2172836497585,-39.8914994549443,-41.8532739327295,-42.0566718171225,-41.379020313339,-41.4429048911587,-42.1341811238239,-40.9420952884945,-39.7832192282888,-40.6842759311296,-43.1684923755564,-41.9875922558413,-40.1469034416069,-40.1673585555307
-40.4702446670171,-42.8392772804131,-41.1779717770414,-40.009578012106,-40.1852250699802,-40.4711809549393,-38.747249286975,-36.7068682366273,-35.519838519675,-34.948545067996,-35.0139770749192,-34.2416712018313,-33.2217534900639,-33.9538397222317,-35.7688613425451,-33.2945023135018,-33.7011632110023,-35.5575723459639,-34.5880327318154,-33.7408358366395,-32.5918622730521,-34.0971586065597,-32.3309823854259,-32.3738914153096,-33.7052963018985,-31.8901679538828,-28.822066890151,-27.0583311159054,-23.0185393401352,-19.3965121832622,-16.771236431092,-14.2647159241521,-12.1198684230775,-10.6914722810384,-9.6336429841683,-8.70561320295994,-8.43613408991938,-8.5537314971714,-8.85560186453555,-9.5984020575646,-10.7771541015283,-12.6413988646019,-14.4340143896674,-17.1498922653048,-20.8144953854996,-25.1073133070086,-29.143053550396,-35.7168744881475,-54.2745913183273,-43.1624799842697,-45.3409564896126,-45.7497731839106,-42.8625208436792,-42.9048677254012,-46.2188526959278,-49.7716085477798,-48.4143491852404,-45.3591731927013,-44.3274714496529,-43.4154751184407,-41.9464762155791,-42.089981098542,-44.1921282817465,-44.5356407716791,-43.4589420310019,-43.7147608652462
-39.6875024026111,-44.9643274736474,-49.1956961007343,-47.6913977782392,-45.6048726376424,-43.1193439143804,-41.5526629439854,-40.911776905419,-39.5071868864907,-37.6466368044693,-36.7420812531296,-35.7124213963627,-35.2994987755464,-36.0826979872928,-34.9681539927815,-32.9149918886546,-35.0046311574747,-35.1465929190075,-33.4288857206551,-33.6755527733787,-32.9674465557833,-35.090684593608,-30.2039209344975,-30.4125885328929,-31.336519211741,-27.9829869055996,-25.627359668901,-24.1797749363886,-20.5521477618346,-17.560638704122,-15.3200791664874,-13.1249676213124,-11.1709772409339,-9.8667403589619,-9.03645819574465,-8.26920507197926,-8.01921658699517,-8.27610416932858,-8.68849082218539,-9.48658311008998,-10.6959401351062,-12.4864845155903,-14.5713098461664,-17.2475828995537,-20.5513709577838,-24.7392196151278,-28.7916278080698,-34.4579071816404,-48.5057176958851,-42.7407355005468,-43.304897684074,-48.5407621777,-46.9095280011252,-47.16600198515,-54.0735137769199,-57.8054102873217,-70.0105247122614,-51.7930519752565,-47.1473838601316,-46.9112628282323,-45.8079456162181,-44.3101871147555,-44.7426032151901,-47.2627996624556,-49.7568187263289,-51.1949680002798
-40.1880208669408,-47.5861903634146,-60.0986830155441,-53.6675508129609,-61.1892010752521,-46.0220313541212,-42.8645341992073,-43.9356782218134,-44.3133345666274,-40.8244631409436,-38.5279655196128,-37.4456769331063,-38.2276422622657,-38.6458333744256,-35.0523523952537,-34.1523652075917,-37.5346347537505,-35.3837932609339,-33.7337386740835,-34.7171194279952,-34.4960323486731,-36.0556566217244,-29.8942044149491,-29.8556729784152,-30.009283145925,-26.1278846359769,-23.6709751234141,-21.9275732440371,-18.6641324278136,-16.1143079022834,-14.1193336095502,-12.1956695502741,-10.5188485796867,-9.29506903607579,-8.5554786882077,-8.03523139313544,-7.81675682966726,-8.13388567400584,-8.69253892009358,-9.55773706258961,-10.7858135270092,-12.4966375282388,-14.8558946716025,-17.3242435777282,-20.1973501280251,-24.374609575997,-28.2460076603748,-32.4926241519584,-41.7508368013856,-42.8982166031216,-41.8647958542584,-47.7271951113553,-50.0384309716681,-50.0721170235109,-65.4231781148314,-51.6102936010129,-54.0417894879419,-60.303019406049,-50.094810197029,-50.2548568620012,-52.2578900929785,-47.6933491668409,-45.6197260010753,-49.583823903021,-60.6183761579924,-53.8238293311485
-41.3441495101298,-49.5558250763315,-51.1194244707212,-46.653974455277,-53.4529052537389,-50.0801761141102,-44.5346707179697,-45.3852268629262,-47.8225562457663,-44.5140824969796,-41.0739678971855,-39.9405386707307,-42.016607979671,-41.3488935687016,-36.3617420704984,-36.8650574418087,-39.9659974106804,-36.2591771955647,-35.4973873021463,-37.0551490418191,-37.6769983069781,-37.4369006057687,-31.3785422357109,-30.5819554674629,-29.426769705844,-25.3862645793081,-22.7329450586668,-20.4167566469408,-17.4329753957227,-15.1895026899095,-13.2992088041792,-11.526566674406,-10.1445332146416,-9.04089077547847,-8.30322603692515,-8.02255645270117,-7.87757193577478,-8.18438814528622,-8.87825309328442,-9.8048856612404,-11.0697931346209,-12.7122754886511,-15.2484670327631,-17.510749478682,-20.1597056970389,-24.392356818725,-28.0677906340213,-31.4538790985234,-38.9230540421578,-43.407335149202,-41.2894998106869,-45.8897859217911,-49.9883038075437,-47.1639529897279,-51.789335794542,-52.5670128174111,-53.2842989319949,-59.2653571023865,-53.4510469926215,-52.4609544068496,-58.5774282988548,-53.627899286325,-47.5028819192821,-51.0880830695772,-56.0579348697203,-48.1848238033916
-42.088882983124,-46.0745734261784,-50.2119675264292,-46.3588273844063,-49.6660030243116,-54.5825505773971,-48.5053455074631,-47.8056618304664,-48.1560948461107,-47.7099102587071,-45.009265055806,-44.0858201387239,-46.9930979283824,-43.978267136634,-38.9933952080481,-41.4047090732922,-40.8262246975401,-37.7664220355563,-38.8920291206466,-40.72008915439,-43.5476687741439,-39.9262660855409,-34.653000825155,-32.5920795411367,-29.4977816620176,-25.2282155066288,-22.4623855634603,-19.5417800788807,-16.755895719553,-14.7708169333149,-12.9237145839022,-11.2133745572151,-10.0511717947018,-9.11456578552238,-8.37437341052662,-8.24952869554724,-8.21948523053249,-8.48272172641042,-9.25978557248981,-10.236848801488,-11.5690480450978,-13.1350072478499,-15.74538388864,-17.9792055228841,-20.5935296987579,-24.8231483945499,-28.5997257997215,-31.5952296369996,-37.6232982986198,-44.0449054013389,-41.4738395456825,-43.9859122345311,-47.9717696697187,-44.8717747637539,-48.3983557484629,-56.8704416371309,-51.1809792931015,-54.7776682161189,-59.801387969842,-56.0815628068506,-54.3005137775156,-59.3710375951906,-50.9900068195415,-50.6262042688799,-51.5455192308385,-46.9337507803175
-42.2393577211267,-43.2719627229683,-51.1946081446724,-49.5251996952841,-49.903652865566,-54.61919076517,-57.3565698699142,-52.0736712879581,-47.7891987637172,-48.59605425599,-50.2501720257972,-52.2531073631091,-54.8405676905432,-46.2251940371003,-42.4533375260261,-48.7353752256922,-40.6490854967263,-39.6731611679478,-44.2861393745047,-44.5931392715483,-50.9296714507014,-44.5190668140919,-37.5156886652328,-35.0194263338489,-29.9933643511199,-25.2821285851338,-22.4963331842139,-19.1633894842148,-16.5124102512637,-14.7595120525432,-12.9680528010286,-11.3273554630218,-10.2819965251638,-9.51449433962127,-8.83739981727681,-8.75267787174876,-8.85153651769508,-9.07985180634425,-9.85909652117959,-10.8713520441511,-12.2684428600272,-13.7225117350647,-16.3619676879758,-18.7603119764465,-21.3639710146228,-25.6426284998162,-30.1421881469049,-33.0134348360885,-37.4272236935788,-44.1599045814214,-42.2904178171348,-42.3416860005949,-45.8575001193622,-44.4302109798256,-47.8444763122786,-56.1192873813739,-48.372987583523,-53.073042638999,-69.8941912142509,-62.4401224641104,-52.8873161992643,-52.0622172124098,-55.9702416368329,-48.9230547102497,-47.3090529839816,-47.3770711772958
-42.8313340691733,-42.6992467940258,-52.9388095542634,-51.7129401090138,-50.500343972942,-53.8607797596151,-56.612877040697,-58.360316187075,-48.5660574465009,-49.203136854962,-54.3520057954615,-57.478643404787,-60.3953778090063,-47.5019484668715,-44.4223708499971,-57.6176219108987,-40.770965580578,-42.0162086286102,-51.4656287650934,-45.5855789674948,-45.5077460798511,-54.0019594793194,-36.4418989434514,-35.2348674922538,-30.2781360786355,-25.3564291127618,-22.5509451680496,-19.1270562184563,-16.6255488575479,-15.0506419863145,-13.3583147571622,-11.8887911042654,-10.9044811451083,-10.2609046981611,-9.74250406165674,-9.59574978344807,-9.79472519926074,-10.0226584392622,-10.7066439559558,-11.7193150247431,-13.1102843979475,-14.4250758817923,-17.0808582084486,-19.6722811990186,-22.1774556237166,-26.8221017930446,-32.7396477965926,-35.835663187377,-38.440653337239,-43.2539410373419,-43.6143747203609,-41.3903458993874,-44.4369981349906,-45.3678605209031,-47.9306586833859,-53.0806111492178,-48.2247588787847,-53.9085646959452,-56.285078693939,-54.9596962885193,-54.5544530051439,-49.0051835633509,-54.610458324264,-48.0847590981962,-44.5446575133697,-47.4353177560345
-44.6360220394174,-43.6447059443357,-54.5413555137985,-49.7636623382739,-50.5965093825419,-56.1792780878975,-52.1670264845999,-81.6588750753762,-51.4440353571362,-51.9403300614643,-59.4790969831184,-50.590945709002,-55.7314475319595,-48.0698570154754,-44.6148289058361,-55.6864476592468,-41.6547269469418,-45.5991925479025,-50.5415323023031,-45.1672893261539,-43.1244518088877,-53.0169733258916,-35.619024134567,-34.1886799588597,-29.868125429683,-25.4191220342497,-22.5518169765182,-19.2660660578089,-17.0417333740816,-15.5755908422483,-14.0250230352426,-12.8771187434568,-11.9919439396091,-11.4226532466077,-11.1425176819287,-10.8786838789664,-11.0994839144328,-11.3542775504616,-11.8380149982507,-12.7714425581539,-14.0230063377131,-15.2265563586653,-17.8109276249802,-20.4144857667515,-22.8149039084705,-27.9943700749709,-34.8950193516121,-39.5085717799461,-41.2126797973313,-41.9847858949568,-44.9463389499171,-41.3687315862461,-43.8694382806639,-46.7690440721999,-46.5593268494468,-51.2507956993265,-51.4424294869468,-55.4998900852948,-53.0612483557676,-51.1284195809436,-57.6107064905881,-48.8523867082692,-50.1061061425529,-48.1558329494635,-43.6265277899329,-46.5565180573672
-47.8413298714109,-44.5154155375163,-50.3218035110464,-49.4938008027962,-50.8986162243331,-61.9156931446575,-51.9516901683436,-56.1408917084379,-57.2646300636598,-56.9681601931339,-60.3533871849166,-49.5265821336098,-56.2265138184928,-48.0626824624643,-45.712204997561,-49.7994118931029,-42.8656068256084,-50.5764969129302,-45.6154416144141,-45.4822501759156,-44.0306604397413,-46.8843474527227,-36.654271938326,-34.3501297045717,-29.2892344958958,-25.4680546389629,-22.5691851048015,-19.4453287440568,-17.6757342655343,-16.2893567163516,-14.9410120054725,-14.2589543518467,-13.6209959536594,-13.1429730448525,-13.1340845158877,-12.7616703223761,-12.861904532186,-13.1105645640855,-13.2822289757301,-13.9920406201495,-14.9625951070133,-16.1418779075274,-18.4257172212354,-20.8718933503381,-23.2753139764976,-28.3196331401185,-34.0852117109278,-39.5670648923046,-47.5378014177581,-41.0815366081792,-44.9163916728701,-42.2712623167264,-43.8610042125613,-47.30523652211,-45.0586396850071,-50.7807755381472,-59.0664743695281,-54.5901945066406,-53.6564702213804,-50.925055266003,-54.9137975523179,-50.9664814350048,-47.5762809197543,-47.447691566644,-44.3231643966283,-45.4973312382261
-51.0457538785132,-44.3968958061,-46.1884300659511,-51.446413075771,-49.6713437378793,-55.8946242249285,-53.483675789127,-50.737971119232,-60.6633090529606,-56.182327794148,-51.8816144399495,-50.5281825814281,-57.801703092397,-46.7552384694348,-48.4783924419846,-44.8426307085842,-43.5972233513389,-49.1707094936363,-42.5497943174155,-46.335022053562,-48.6038290219907,-44.7682189960727,-38.6364045819347,-35.878175940145,-29.1474438441681,-25.4470077086726,-22.608749441644,-19.6148313862068,-18.3802800744647,-17.114421889726,-16.1024173016477,-16.0074089379531,-15.8843847276155,-15.6898910993132,-15.9530090074947,-15.5331938618924,-15.240581379771,-15.2925622360536,-15.0264797740942,-15.3136210905115,-15.9222114195619,-17.1710077491634,-18.8916681655907,-21.2567855447518,-23.6789492420897,-27.7953708908719,-32.5423294026916,-36.3854918604701,-51.5610042649792,-40.7616810396052,-43.434281936176,-43.8522558982584,-43.8890818502279,-47.0051456119292,-45.0134930813917,-52.7829337600918,-56.5553938233682,-54.0539515902806,-57.9413860312541,-54.1139235426164,-51.4483656110967,-53.3049676174176,-46.8589215596146,-45.6415078827925,-46.1062101808592,-44.546182036539
-50.2791106847283,-44.9167340018135,-44.3949500682273,-54.0574122165068,-47.3057628892668,-51.1526988874686,-54.2367400465168,-49.3433555527304,-60.6063226073447,-54.34478065866,-49.5684776421192,-51.1804733886331,-56.0897212437608,-45.1157909241729,-52.1213559800172,-42.2064986195251,-44.2781970385562,-45.4349231960632,-41.2192634769241,-46.6416347733055,-51.5007633309696,-44.8420317622166,-38.6404334942191,-36.4307337188065,-29.1911505788135,-25.2790527290992,-22.546532729869,-19.7912213970403,-18.9714547545452,-17.8898703447089,-17.4264859295016,-18.0215070526184,-18.8659333028422,-19.6045433321625,-20.280717693621,-19.8106593347206,-18.4369363830662,-17.733943758051,-16.918353363782,-16.6189656491212,-16.8965319057875,-18.2599817096657,-19.3409820237212,-21.8456805929248,-24.2027122830925,-27.4817863414238,-31.9879823481994,-34.1243075298317,-43.0276364498447,-41.0413740095262,-42.0477462616557,-45.53922266058,-43.7865279106789,-46.9263489219098,-46.584701556226,-56.6280361883736,-53.5575610054942,-56.5601683768109,-59.3944490996985,-61.3838905772562,-50.4191454659919,-51.2649581863214,-47.8245985753229,-44.4486990275625,-47.7006507588753,-43.94482435877
-47.7645738330519,-47.5301336144808,-44.5369759749675,-53.8960829063678,-46.1319012090952,-49.1739135989092,-53.6277999846399,-50.5395624652892,-76.4395521711026,-56.4808763974543,-51.6166461460472,-50.9910036618798,-56.0294215633878,-44.3616467888712,-54.1810550604537,-41.3248533577358,-45.9376870001977,-43.0561604057153,-41.4105008818556,-45.274126098315,-44.2980128307611,-46.2362166019671,-36.4412515915711,-34.3392492774764,-28.5775571788603,-24.9518796027403,-22.2850229106821,-19.9788297391913,-19.2861973073303,-18.3849117210094,-18.5857628083585,-19.7520075886508,-22.1172738764038,-25.7612611425331,-29.2090141328427,-26.7026685241563,-22.1600586136267,-19.7134896192999,-18.4919893159219,-17.7229011905278,-17.8434196092424,-19.3100793127716,-19.9750352453421,-22.7566222616236,-25.1081520365265,-28.0668730045216,-32.4974645309448,-33.2542710957742,-39.3864857047725,-41.9381568215916,-41.3966608361144,-46.4939032290452,-43.9467608960764,-47.4758997894989,-48.4350805619027,-51.8714463496258,-54.7695457134004,-59.3083952733774,-54.525928467024,-57.6543164554354,-51.8661459745456,-49.0254350533348,-49.7926952548411,-44.6408727126369,-47.7331144589079,-43.9728598506243
-46.2160330642777,-51.8678025797937,-46.1747373918632,-50.4915445894366,-46.7123778179134,-48.2569497059121,-52.8282152363459,-51.720561816532,-57.5735696534103,-62.7642924290494,-57.9543232081693,-51.1245130607022,-55.1358628297027,-44.5755575303574,-51.5379151156222,-41.4486556391802,-47.5226927906537,-41.3041809119253,-42.8702943877221,-43.0856101468884,-40.6585064582607,-45.4633957713113,-34.4876183965822,-32.4184464168788,-27.3754990399242,-24.5625208574063,-21.9107861854165,-20.1273450786714,-19.2390728934437,-18.4176034355416,-19.0021938414316,-19.9863730335305,-22.7300965298621,-26.3208177801703,-31.7162316392312,-26.1668469846041,-23.0676375552491,-20.0346981340914,-19.0827280602568,-18.4317043786161,-18.6852515427603,-20.2354561335481,-20.9166046788375,-23.9492338518792,-26.6810935729612,-29.7065501139544,-33.980936092637,-33.7910813831099,-37.9954716046806,-43.4577151232754,-41.4513254687747,-46.2364985453422,-44.7367478410109,-48.3971823047297,-48.2050709742272,-48.0829917352894,-60.0061600413748,-54.7525818470706,-53.339521487485,-54.2162412080125,-55.9447053883581,-48.8397380170069,-49.7327225267289,-46.2605637661872,-46.6857841395508,-44.505316128486
-46.2721323929297,-50.3724952339281,-48.7625910243479,-47.090167173367,-48.8001167546125,-47.3059366098794,-51.6483220610819,-49.6252140907038,-51.0266633398542,-57.9993602269185,-50.739245628475,-51.46242380273,-49.4052073731206,-45.1305836531659,-47.041290476601,-41.8915418642652,-45.8643803914352,-40.317285577503,-45.031487995072,-41.5435598241308,-39.2740797056735,-42.4122535441143,-33.5833238098108,-31.6701467426801,-26.5020043267421,-24.2759448031385,-21.6141718347374,-20.1665831237885,-18.8730471404022,-18.0028226428677,-18.4124036075126,-18.6254600401473,-19.9887840841628,-20.7184890325836,-21.6116194346493,-20.5135011477573,-20.2244524417416,-18.8994752823827,-18.6468297401917,-18.700740416563,-19.348542211661,-21.023890543116,-22.1215211374333,-25.3268850183083,-29.0799342772057,-32.1587121983553,-36.547755184572,-35.8700898384562,-38.1640788970801,-45.3977211155915,-42.1920983956231,-45.256719190746,-46.1197043683948,-48.6680473097746,-47.4596456034929,-47.5012262201286,-74.3190345229727,-52.6928567815379,-56.1903117094726,-54.7159129635416,-56.7564604218515,-50.7771676449914,-47.6911763469311,-48.8323061576273,-45.6834627552399,-44.9658743144714
-48.6657073287919,-47.4901680944235,-51.9318917585195,-45.2013112250746,-51.1469283630825,-46.5057130034152,-50.2397833712069,-47.9557128398667,-48.4926047999461,-53.1717626435472,-46.1656267409237,-51.4788573989445,-45.4342977637547,-45.4684375652256,-43.9264127637488,-42.6806505196097,-43.4662679713625,-40.6325820871032,-46.4942096935975,-41.2849096744253,-39.5385243693611,-40.692082225862,-34.0190096482887,-31.8613970934636,-26.4098793956306,-24.2386955649904,-21.5165095144935,-20.0738459806669,-18.3396683341092,-17.342117454612,-17.2332158321322,-16.9046212594226,-17.1865246802199,-17.2658262968314,-17.4082653481289,-17.2944968785464,-17.5069631943352,-17.486969974946,-17.8090035108568,-18.6682005416529,-19.8108303048029,-21.7291938425791,-23.3800049947461,-26.8538305353094,-32.0504208066413,-34.6722828871864,-40.4629496851274,-39.4679201154057,-39.8874615641063,-47.1030807353266,-43.974238245616,-44.4176548155716,-47.5680323502247,-47.4220136046965,-47.8836758018406,-49.2057287126844,-60.895903000433,-54.4287292596126,-64.118557362985,-59.1959825756023,-52.3845255817324,-53.9396829316014,-46.757839014055,-50.8521644156786,-45.4950225357699,-45.215112466075
-55.4988477664476,-46.8529952855337,-54.3224224809592,-45.126873260148,-51.8157845624614,-46.7018178835773,-49.2895268778154,-48.3258403361293,-48.0161581549994,-50.4299658824431,-44.9882523908789,-51.1148272978317,-43.660945740814,-45.8898729063261,-42.3708511428837,-44.5251197342111,-42.1410442424281,-42.7487464651218,-46.0629619539264,-42.6719607312471,-41.5879089510273,-41.0826997297323,-36.0121394051703,-32.5751274437447,-26.9723505586861,-24.5114840849071,-21.6107064623809,-19.9020507715839,-17.7922555845361,-16.6622446697953,-15.9848885957275,-15.4492960166241,-15.1115949764656,-15.0763124747768,-14.947376786259,-15.3099225826174,-15.586084409325,-16.3106728532925,-17.0247525443611,-18.487559804065,-20.1173769027077,-22.3742610627428,-24.4988387552757,-28.5574868724482,-34.7075513785066,-36.6970324475094,-44.8983808737671,-42.0498982978305,-43.5939016554347,-48.0082826270749,-47.7298634887188,-44.2251257817919,-48.1500234403987,-45.6666236177792,-49.1992958520384,-49.2563179808765,-54.475711735838,-57.7856047665823,-55.6904550377533,-64.1726267436774,-50.2088902959988,-53.5418475028736,-47.6941342515135,-51.358440727349,-46.6608621366948,-46.069697654679
-55.4753230042177,-47.7467781679367,-51.2957834067435,-47.0572986837391,-51.103408785583,-48.4948482555891,-49.0372213968351,-50.4861855367848,-48.8158537434992,-48.6315887529057,-46.2648163075608,-50.0663388587462,-43.5220063847262,-46.6978506126431,-41.9748522688169,-47.3473897513404,-41.6673752094971,-46.9009866209418,-44.87126826617,-46.460005568409,-46.5490250980559,-43.8507275457674,-39.0594756755268,-33.4911086853523,-27.7047884659537,-25.0410159250848,-21.8107637786365,-19.7396433281286,-17.3187037074563,-16.0950225507958,-14.9382186754744,-14.3242797514364,-13.6663079322546,-13.581670830712,-13.3910994495763,-13.9699680383837,-14.2806964538869,-15.4177892240282,-16.4209061220812,-18.2276044913161,-20.3380297029508,-22.8597503926809,-25.5247300980627,-30.3321261300716,-36.9140645125011,-39.0598709725631,-46.1401374487952,-40.8317706386974,-47.538099352016,-48.5789013625559,-53.1740333521374,-44.800555262121,-47.2468174037073,-44.4849285564964,-50.0097110367439,-46.0434922496915,-50.9008036414875,-52.0970463090932,-50.806186890162,-55.2796752265625,-49.9467819589266,-51.0613642301647,-50.714864065869,-51.5394315573116,-49.6230448798591,-48.5752710108326
-48.9626694044524,-49.4874128387288,-48.0884345726519,-51.5205697545255,-49.8923829191539,-52.2682242719571,-49.40059893513,-53.0722059459964,-50.4964506939439,-48.1051002172634,-49.9074699303155,-48.8193574196094,-44.4292666729264,-47.2898850055422,-42.2638777295212,-47.1949694875547,-41.8269736897094,-48.5892848844456,-44.3080675645632,-55.0274138882503,-52.7869160026166,-47.575817536994,-40.1450566924286,-34.5060513088812,-28.268198050483,-25.6869660702141,-22.0501845637803,-19.6394587424258,-16.9594119089259,-15.6622172172141,-14.177475003467,-13.459239280884,-12.6925965152743,-12.5191972527449,-12.4002983494614,-12.9992842276227,-13.4206843637102,-14.7375272879323,-15.9788379034861,-17.9262030321265,-20.4879138267781,-23.046868975615,-26.5504137355808,-31.7363301690929,-40.0800421776655,-42.9895131702453,-47.0700831761288,-40.2215124147484,-43.8949629660855,-49.1681137164601,-48.3923662638642,-45.9418850344134,-45.4651801270467,-44.1335171896143,-48.9016178273958,-44.0439159556139,-48.826597017976,-47.844420729419,-48.9569787380558,-50.4582127319243,-50.8636070948566,-49.8821559850603,-56.0418120362261,-52.0940303217686,-54.4900793903186,-54.4345775860496
-46.9964721781438,-52.277173155562,-47.3300508354815,-60.2648307455957,-49.1073916336492,-57.0813544306024,-50.3953393084104,-54.8989079559417,-53.3010519274056,-49.6773158213829,-55.150926850277,-48.6254728942712,-45.5942229359574,-47.2020980676989,-42.9135714739648,-44.4687536961848,-42.8263158356063,-45.1841089305435,-44.8187418225345,-51.1969630111369,-45.3200936206955,-44.8264212696022,-39.7499693449483,-35.664416664714,-28.9599697388958,-26.3259874931838,-22.3331938538897,-19.5752950467413,-16.7358696666757,-15.3187629571659,-13.6839272266458,-12.7942421796885,-12.0514660075733,-11.7610018489073,-11.7787217319036,-12.2703118842658,-12.8829949814413,-14.2043231840766,-15.6540242898245,-17.6485082915228,-20.5096017979606,-22.9820582655831,-27.3186808308117,-32.3345905494874,-43.0726260000814,-47.0198574015501,-51.6401824312998,-42.067844403179,-40.5680902422824,-48.6531344677951,-43.991897475697,-46.859553300702,-43.8724136280008,-44.4718122556428,-46.4676341367486,-43.936802267496,-47.3844235741214,-46.194957211723,-48.6969728937268,-47.9158050648865,-52.0707778964049,-49.6255672866671,-60.5171505076875,-52.926832392645,-57.8187572478083,-89.2528785433859
-47.5059828180402,-58.0047525302613,-49.4096730709932,-78.2326808742832,-49.8875945649995,-57.8485046077739,-52.3381827334374,-58.4254279385901,-58.3202996711709,-55.2705777463938,-56.3059712043688,-50.1253479895356,-46.5400702204834,-47.0500795752335,-43.9982270822067,-42.7710793136529,-44.8766928133058,-42.8930205425444,-45.7730967825352,-45.2459884977246,-41.8382356356145,-41.5587197884769,-41.8869818695057,-37.2148463373696,-30.1741923593116,-26.9255486269848,-22.6548126096109,-19.4667352975316,-16.6402688368243,-15.0138725775421,-13.3796316712778,-12.3017685957002,-11.6263273939108,-11.240658711107,-11.3876567798653,-11.736069052935,-12.567189447922,-13.793334289619,-15.4231254558109,-17.462317562671,-20.3821105121201,-22.8890009297165,-27.5082404241274,-32.3387558214625,-40.6698860902092,-43.9685770308528,-49.5039557669895,-48.4924310661751,-39.5147734905864,-46.3279460293608,-42.0206513540137,-46.3041152085031,-43.0115797442526,-45.1513486733216,-44.3137057244423,-45.5174209303971,-46.1734579296714,-46.4693754995635,-49.2725152008424,-47.0148470064965,-52.4854904276149,-49.4532622667019,-57.2423153910098,-53.0470582455928,-55.8123563338142,-55.5972286150123
-49.0587494371682,-67.5890291744952,-55.9156530515921,-66.1241817654058,-53.5216792879149,-56.8272354876993,-55.8490984098786,-59.7923106561362,-65.3995676263608,-63.0186246738789,-55.7761224267318,-51.6477452605995,-47.6894159799835,-46.7770269945791,-45.7895601521327,-42.0110509807699,-46.7279314532053,-41.7885169210954,-45.2486482103998,-42.6008385640725,-41.2913071839636,-40.2950934314847,-51.2518045453655,-39.564670406265,-31.4518785568671,-27.4039663921804,-22.8791202290342,-19.2620190310649,-16.6150073113066,-14.7344947306827,-13.1697262367767,-11.9681165087932,-11.3316768434298,-10.9156306761717,-11.1276609004471,-11.3860388978379,-12.3878885502481,-13.512783695889,-15.2874405230489,-17.3897142303294,-20.2233613037806,-22.92955923436,-27.4897628424698,-32.2786807479075,-38.6886077841018,-40.7418510118111,-43.8783466195036,-55.9913130725434,-40.5136294449855,-43.7421779592394,-41.5620991958693,-44.5194547062049,-42.9597301802498,-45.692374650582,-43.3114512138621,-48.5446034578672,-45.6387076084916,-48.5680158453788,-50.2963860420682,-47.7527165039441,-51.6796621248409,-49.3286241634367,-52.6502342781614,-51.3992222888003,-51.9310250934301,-50.794517893645
-49.2624282451242,-59.8806773032011,-58.86608560338,-59.4834533278405,-64.1060426666736,-55.6045050054718,-62.1177858805139,-53.6503524906887,-64.7379609487988,-52.5282062440752,-56.9762393837216,-49.3207972506368,-49.5576511829915,-45.6844717565747,-48.1274671401935,-41.6405453321128,-45.7756916072203,-41.4432709034152,-43.4428754695231,-41.5649884429465,-42.9870571700709,-40.6458754836597,-45.2681119346312,-41.0614854719303,-31.409447622262,-27.4692680237785,-22.8057622171145,-18.9908326056807,-16.5782441234664,-14.5028245720028,-12.9919333675216,-11.7716991822257,-11.1221471593282,-10.7474527638499,-10.9402236480743,-11.2122602914702,-12.2834263238025,-13.3743589438858,-15.2534983137309,-17.4075749705235,-20.2061245127302,-23.1115112663897,-27.917970595402,-32.5523616412091,-39.3429767703952,-39.5882095872548,-41.8437723183727,-43.4496900539994,-43.9816975552821,-41.9227998462557,-42.1304765315882,-42.8035419331428,-43.5066160451641,-45.7105554533186,-43.717615101174,-52.1682813503216,-46.5616293848552,-53.1753928845813,-52.0986831108152,-50.5028247258057,-50.3521321936489,-49.8260097682549,-49.1321586258342,-49.4030255006333,-48.2739684670284,-48.381455058287
-48.4285015158686,-59.8664393937172,-52.7597543300343,-56.0831894581558,-58.7242221690514,-54.2094382192514,-67.0063993206124,-50.9312268700952,-65.5802789585511,-49.5674092432371,-58.2046341161377,-46.8606405691992,-52.051222127873,-44.5052739102242,-49.734294929269,-41.7672558123457,-44.0579761333206,-41.9125810332395,-42.1234190360217,-41.593459096531,-46.0579046218653,-42.6153576537144,-38.8874627297302,-38.180724332315,-30.3015641508988,-26.9685269167758,-22.4539134215318,-18.7285191560256,-16.4971329130772,-14.3430467197108,-12.8428376555574,-11.6768842241564,-10.9882406408441,-10.6946752766417,-10.8079614279211,-11.1897617864526,-12.2259956764064,-13.3685880553556,-15.3131317217759,-17.4916866943134,-20.3920839523182,-23.3846818276035,-28.9759789199168,-33.4386953556101,-43.2257772767134,-40.6238371291221,-42.445501272399,-39.6236339589523,-50.2487699983044,-41.1026943530558,-43.3448030952813,-41.7572489561484,-44.1990832451518,-45.2110469198208,-45.3006049061387,-53.0802918586194,-49.7797174121048,-65.4478413627755,-55.7306710156345,-55.683635229682,-49.3681942007475,-50.8591912524358,-47.1497564143132,-48.2824253811321,-46.0908798328079,-47.0846362056367
-48.5553699501275,-67.0697599773974,-51.9331759366185,-56.5225609457932,-54.0299155628498,-54.4748454946581,-59.8608820507239,-51.1745093038985,-58.9387220939589,-49.7932332151358,-57.3415864494978,-46.3669455581823,-54.3496357926272,-44.4477330993406,-49.6398380435745,-42.987148332316,-43.2525347779263,-43.3904627788533,-41.6765118254194,-42.375020268244,-45.841739085622,-46.5658775603473,-36.9308113992035,-35.2411006841418,-29.5491136869124,-26.3057932829742,-22.1051537924319,-18.5419965134105,-16.4237779896362,-14.2591952200956,-12.7563116377513,-11.646127786324,-10.9376853465162,-10.7160266735362,-10.7434983824201,-11.2746880489796,-12.2186600826852,-13.4628884566143,-15.4391010753669,-17.6465423031793,-20.6717931795913,-23.7322684773845,-30.1203218824232,-34.931281058108,-52.8267749521477,-45.0405291575734,-45.621786888047,-38.649254826574,-46.6973902006998,-41.3344773823836,-44.5224298057992,-41.4719350039042,-44.5136909493888,-44.5134261842995,-46.4806793087636,-50.5957563595195,-53.4687490230322,-60.1517568803724,-58.3719834993583,-55.6466968742014,-49.1131589485719,-50.9111065642794,-46.6863069982467,-48.0297682276194,-45.578390435743,-46.7253483984646
-49.810520343745,-59.8387007407779,-54.3832553746874,-62.0755219616952,-53.847096960389,-57.9763427520647,-55.3584937103822,-54.0126366286028,-52.8381495874145,-52.3564577873792,-54.7308542508384,-48.0084297491154,-54.9756520194158,-46.1917059022319,-48.9030825554469,-45.9685434341378,-43.0711101214712,-45.748704431339,-41.832475609143,-43.4886860752913,-42.9157990027704,-48.1974905579038,-37.3593590229435,-34.2043588651359,-29.6501071391581,-26.0168898228245,-22.0102458170659,-18.4793727813468,-16.4379384841731,-14.2411184955119,-12.7579453009237,-11.6588135640829,-10.97444766679,-10.7796103752806,-10.7693579484201,-11.418027985426,-12.2780697381584,-13.6217491851478,-15.6000807897237,-17.8841187734107,-20.8787937819995,-24.1286617833124,-30.511630036442,-36.0999300767685,-48.3028111777339,-58.0569836495894,-51.0919800124075,-40.0205151908152,-42.262229540973,-42.6489194087397,-44.5213040669224,-41.8762905602801,-44.244906523272,-43.8969235918945,-45.5609103510989,-48.1421038275189,-49.1099144838406,-53.2923155159433,-52.6628749889624,-51.0209613494828,-49.5228897963445,-49.565188514264,-47.6431323995539,-48.1975533731495,-46.7153868009511,-47.151872092898
-50.7394793369945,-56.1261423765356,-57.1356371610492,-60.7312217523254,-56.4834025931934,-60.6596308245928,-52.8377659005946,-58.1386264280047,-49.9724737265872,-56.8280143289268,-52.2112317735417,-52.2120575407957,-54.0412533144036,-50.2959910168117,-48.3814388722161,-51.5498860103602,-43.0893733366348,-48.020743001055,-42.4031564728516,-44.4123977705467,-41.0907910594501,-43.6803402388195,-39.8182392890344,-35.2222417951874,-30.5437698988482,-26.3185933604774,-22.2042132004158,-18.5694708832607,-16.5623265459004,-14.2810507767124,-12.8363727942234,-11.717786507165,-11.086963762853,-10.8712157627158,-10.8983789851406,-11.5859228885647,-12.4153859470917,-13.8311533234524,-15.7846161450246,-18.1875627712241,-20.9975432044031,-24.4781493305149,-30.398318655977,-35.7222295522977,-44.3027243661069,-46.0086126807131,-50.5615098561589,-44.8137898055564,-40.7269088425856,-44.8919305160346,-43.3720032513577,-42.8430269247619,-43.6000613901623,-43.4487280312843,-44.2798338321181,-46.41714367267,-45.6174950588096,-50.1769127483834,-48.6706984472229,-48.5501391653451,-50.2347064756382,-48.6018196370538,-49.909134323938,-48.7023476829825,-49.5549755023696,-48.0877348722374
-50.2709873941236,-58.7913226232662,-55.4166480933548,-54.3831589866381,-62.538616973292,-54.1707270544312,-51.9767562185794,-57.7688656846918,-49.417032004237,-61.5965015283621,-51.0674039412604,-60.1493507880616,-54.0815559366578,-54.7798511099916,-48.4049120707557,-60.2566812472065,-43.535158730973,-49.0227479014491,-43.6338585926325,-45.0360739974439,-40.5433710622417,-40.9385763256287,-45.0657863670218,-38.5257343636598,-31.8980023441931,-27.0015716332557,-22.510919722202,-18.7922151146163,-16.7296570607172,-14.3758920665604,-12.9484036601154,-11.8354504844004,-11.2497008880176,-10.9953303184291,-11.1230503581304,-11.7726854082681,-12.6289015457737,-14.1039724637628,-16.0131148629159,-18.5211557326608,-21.1822414083391,-24.7257765094653,-30.5676608359057,-34.8503585533519,-44.1247637259298,-42.3142165050359,-47.9662030709399,-62.0335473797554,-41.4339200500777,-46.8176766382486,-42.3649463515617,-44.1245106348164,-42.9390898162778,-43.162173269544,-43.830272535902,-45.0378937880559,-44.4088227153317,-48.0393676118087,-46.8828279942678,-47.569566702559,-50.9004557071813,-48.8274514488144,-53.1828476664079,-50.3106857359894,-54.2809548170794,-49.5289416300437
-49.8600928439947,-69.3463400393897,-53.4473235659766,-52.4218601491702,-71.8712167007198,-50.8541616046423,-52.5985200345881,-55.1040703200239,-50.7197260783045,-59.5353976614014,-51.7461490387052,-58.6279827446334,-57.8638531162858,-52.4804086164239,-48.8384234698528,-67.0991750297063,-45.001334319882,-48.8266771226231,-46.1328577045984,-45.7692557229729,-41.1644608396612,-40.341444915659,-54.6670414341314,-42.5599675664729,-32.886142567725,-27.4206481960904,-22.6698406319965,-19.0461952625461,-16.82496838741,-14.5118749174829,-13.0511274013427,-12.0119045258314,-11.4358372744602,-11.1677206025831,-11.4171853932162,-11.9974138386573,-12.9123976185404,-14.4618262987653,-16.3256323336306,-18.8875220545547,-21.561329996459,-25.0089536848097,-31.100693843223,-34.7219665996529,-45.4893673778467,-42.8935695747402,-48.5296709381679,-46.2691548620954,-44.9200469163058,-46.2952942437447,-42.2353157479421,-45.0437808284761,-42.5636681422099,-43.0678250358532,-44.075015387829,-43.8340435353061,-44.8523971234783,-46.4700868288701,-46.741185290409,-47.6513099652425,-51.4291968595128,-50.0345816397251,-56.4471177902395,-54.6660522256246,-60.7399237184897,-52.130605113456
-50.529382778834,-53.6380077910337,-51.7672428205636,-52.9352764598136,-57.3525743574299,-50.1336869029205,-53.7470434904526,-52.2594723245487,-53.3458417503431,-53.7399794937055,-54.0861082662201,-53.0720659082998,-74.3500496311793,-51.029894252663,-48.7139579969984,-59.6866790506133,-48.0339001311382,-47.8191122092661,-50.8256097756349,-47.0051678545249,-43.1729956101822,-41.4540471044409,-45.567295869009,-40.37170474642,-32.5009649930139,-27.076722667314,-22.5492127078413,-19.1861765536007,-16.7803565576058,-14.6531770885899,-13.1348493258641,-12.2241622139152,-11.6325518321053,-11.4040212073472,-11.7484678861552,-12.2875630380547,-13.2703361924028,-14.9128830015775,-16.757009543396,-19.3560362575146,-22.1275009673676,-25.5565984193987,-31.5633161531855,-35.2768831399646,-45.7342921525697,-46.6564922659618,-53.6877509002551,-42.2739997476156,-56.1866441377626,-44.7030055665183,-43.1493221998665,-44.6917045816539,-42.611112402042,-43.22515303263,-44.6359854302154,-43.1583943994887,-46.5695679467647,-45.821224423053,-47.980809087378,-48.8172485163286,-51.686005896292,-51.3216733507654,-57.8459040216101,-61.989471294272,-62.1063381635153,-56.0349534513906
-52.3398088642799,-49.1939002245082,-50.3109719768343,-54.4102903344507,-51.928466140578,-51.3752066690256,-53.138731652335,-49.828334699037,-55.7588317752927,-50.0355020698444,-55.2659259356786,-50.172361155093,-54.0164684901948,-52.290911710331,-47.8209040573006,-51.4787170893389,-53.4206757822358,-47.0883592781054,-58.261034443947,-49.0672967498514,-47.0311458095877,-43.5857361040396,-40.9389686057742,-37.5918317427466,-31.1816452459829,-26.295309352885,-22.2208628655821,-19.1466596069483,-16.6300034115332,-14.7557606403781,-13.2253171947235,-12.4357207473579,-11.8467748848435,-11.7101222144832,-12.0954791887914,-12.6610076229755,-13.7232114520324,-15.4462210205636,-17.3209728762809,-20.0119487865807,-22.8181248348274,-26.4713640914088,-31.8822294557995,-35.6956363510847,-44.6671959179667,-46.0680371223303,-64.8471544138524,-42.3821125243979,-49.7937179885317,-43.8352381498282,-44.8822308239892,-43.4369810064058,-43.0193561191555,-43.6121216007377,-45.2570248453625,-43.4609730387035,-49.1645354677924,-46.6169180093481,-50.4385905547554,-51.4972770696134,-51.5948895914499,-52.1003622552006,-56.6208594507906,-53.7497783672671,-57.9568924048376,-54.5555917221891
-54.8440678999822,-48.3645064526367,-50.3141989803388,-54.9690772597662,-49.8023570741376,-54.3294488246597,-51.2869890585203,-48.7116499626654,-55.4760148550843,-48.3821333603964,-52.9167951180824,-49.1101451175654,-49.0083485061981,-55.8970947158943,-47.6524086538428,-47.8458968875301,-64.8828115616184,-47.9560864166797,-57.2442366015757,-52.671350485715,-51.16845628189,-45.0448541045992,-39.2709751793602,-36.0850129699963,-30.0134494237666,-25.5558980031216,-21.8198331775653,-19.0037818530964,-16.4600097769532,-14.7999841309689,-13.354431340875,-12.6210195544451,-12.0962365418494,-12.0780280535889,-12.4589635206223,-13.1174361071312,-14.2942146802285,-16.0467306310416,-18.0138978165822,-20.8781507228402,-23.6565546516959,-27.6545444656049,-32.5745970859514,-35.7131818817617,-44.3732438779723,-42.1228394003313,-49.5978995168518,-46.4198001111192,-43.2238396436018,-44.0046811772404,-46.1950424920214,-42.3608523615696,-43.5465278411979,-44.0735033558147,-45.4863240323572,-44.9753778986188,-51.4840340880088,-49.6356912955266,-54.1726632553347,-56.7135308269478,-51.7221205742196,-53.1838616856992,-53.9965667233665,-49.6498672983759,-54.8615710307235,-50.6586675760193
-56.8104312457828,-50.2252709680283,-53.2121168814832,-55.2629379524995,-50.337225871771,-57.5590156788169,-50.1808017798464,-49.1675340312111,-52.5470858611939,-48.4089500290652,-50.6769553848703,-49.8479544404071,-47.3425238368018,-57.6778783812977,-49.6486532060765,-47.1453838680904,-59.3596658135339,-51.8470073526162,-55.1230996701284,-59.445180819013,-49.5109107975356,-45.2475177759957,-39.0789337674603,-34.8727639155744,-29.34684289954,-24.9627795072081,-21.4389786284518,-18.8757618103063,-16.3290827581453,-14.8080744762344,-13.5312362372561,-12.7857522473931,-12.3936406579434,-12.487926707348,-12.8588333754289,-13.643877823847,-14.9859021413806,-16.716058292341,-18.8324052758307,-21.8898199245325,-24.7541624398626,-28.9363860470329,-33.989511783159,-36.1851312341855,-45.6298957595535,-41.2287187256486,-45.6134869959559,-69.9339472569389,-41.1833113699202,-44.9004202411425,-45.2811323397291,-41.9373252990514,-43.870966232961,-44.3874654452357,-44.7706494454768,-47.3426042759465,-51.4180196696136,-55.7910728934198,-60.3420757862999,-60.4419971156041,-52.7236483067965,-54.4750483642077,-51.4233432256211,-48.4227535635286,-52.4396324039863,-48.9050010127011
-57.0092435234289,-53.1573412538214,-63.9961180890611,-57.0028349404325,-54.0181621407405,-55.9831268314993,-50.2507308047465,-50.8503307861199,-49.6282660693823,-49.7939775431494,-49.3347617650306,-51.9659409663623,-47.833684836139,-53.7103757690578,-56.2747411929581,-49.1443142271886,-52.8124211738642,-65.4787005730551,-55.9861272420808,-59.6391667676371,-47.9807908335094,-45.6656043705073,-38.8843221345616,-33.7459338696971,-28.9847674575771,-24.4492228336379,-21.1321958802994,-18.8087409459342,-16.2499593682167,-14.8260788572982,-13.7374285793307,-12.9639319526407,-12.7358549987496,-12.914567093763,-13.3169486373789,-14.2287072140392,-15.7642602898248,-17.4756865206945,-19.7862831959727,-22.9673850174876,-26.1634303131541,-30.3277225532465,-35.7203317649301,-37.6823325552386,-48.8001246665931,-43.6969101833887,-45.056697830147,-47.3233419045834,-41.6501504109915,-45.3788947498127,-43.2785853914421,-42.181070442467,-43.7828071113738,-44.3512811530103,-43.6031895586677,-48.4715227874654,-49.6769126501282,-52.9411922227229,-59.4707700406054,-54.4525578239733,-53.9072936087608,-52.9904196584939,-49.5345902823703,-48.8816882859112,-50.2025411107544,-48.8344703541131
-55.6462987725517,-51.319781073794,-57.1269957784463,-60.5108440169819,-58.3754771407948,-52.6271717463148,-51.3528820826746,-52.3307406101968,-48.1351528195987,-52.0509087365689,-48.7049949297547,-52.6102164708285,-50.2194717228079,-50.580846545844,-59.5382354339937,-54.8841585680552,-50.6063137094311,-57.0696738427682,-57.6144690561465,-54.7735610142926,-48.6169681908133,-46.2340041774963,-37.795979400693,-32.9624813098255,-28.5962313777734,-24.0087510365689,-20.9294965271468,-18.7698479955175,-16.2236039730705,-14.890648052774,-13.9448746115625,-13.1930386435096,-13.1033639161643,-13.334458110904,-13.8349355587585,-14.8677574977817,-16.5641766168381,-18.3402559906567,-20.8878292915918,-24.1416869623186,-27.7957638922033,-32.0656481555528,-36.7258814363498,-39.2905844662842,-52.9738894618554,-51.2160032675654,-47.5006748281605,-42.2629957436794,-44.6054415972408,-44.3876592563865,-41.8230327544099,-42.907115753161,-43.3453880267461,-43.8791826346007,-42.8953294893645,-47.1761139636834,-47.9398843471585,-47.9604737179478,-52.0466962734037,-50.9309245830829,-52.5664263587909,-50.0107398518134,-48.5173774460941,-50.2789287512479,-48.5076436206464,-49.6111154305958
-52.7936864563235,-48.5573246365953,-51.1700711346852,-62.1713635746815,-53.1552072319942,-50.6470974251175,-53.1860451265119,-52.59716255908,-48.4687582424306,-54.3485181632183,-49.0565474196459,-50.9897694589995,-54.4859823538596,-49.1738768661392,-50.9552113217601,-61.3376523992032,-51.8544644471465,-52.7269059558578,-57.1743423677176,-53.9150864402066,-49.7715820779023,-45.8456078694914,-36.6881941410929,-32.4206279458893,-28.1201968595403,-23.7065643496369,-20.8377935971939,-18.716105690511,-16.2691861402113,-15.0101560642769,-14.1366080176784,-13.4867401392722,-13.4678016884688,-13.7308268658078,-14.3807469514323,-15.5492579806739,-17.318114135526,-19.275606821782,-22.1144238406277,-25.5580582103297,-29.5935504722911,-34.4224941318596,-37.1553305629835,-39.0208851401976,-50.1929880307719,-47.9433817230607,-52.1299753491633,-40.8581752175759,-49.983790618377,-42.9868389539647,-41.3780615118609,-43.7864727517984,-42.8680067967635,-43.196559913553,-43.0013166684786,-45.6114628450381,-46.4102972821453,-45.9155381085975,-48.1044932435204,-49.2618702992824,-49.9422050564391,-48.1608025834869,-48.4325962801963,-51.7366198356323,-47.9250195890177,-50.3588725376188
-49.489421043932,-47.524505577977,-49.7089454488534,-57.9052967532485,-50.2627329343403,-50.2508789331084,-55.0893983897582,-53.1061941481344,-51.0185513378997,-55.9233000825091,-51.083998517473,-50.541221496552,-59.6117539245935,-49.3966974828458,-48.3775618770053,-53.5187680743889,-60.248791903145,-53.8385798831556,-55.2155465462653,-54.461430851473,-49.491081935481,-45.2551704084455,-36.2034476731367,-31.829825493121,-27.8043927792843,-23.5943217740832,-20.8526334269401,-18.6557194240255,-16.4138800050835,-15.1676747820087,-14.3139447209752,-13.8218215871527,-13.8020559305625,-14.0948578432323,-14.896466001346,-16.2256070607666,-17.9845679053939,-20.1763396798406,-23.3608832808597,-27.2705848016656,-31.7936478539145,-37.6929353784103,-38.2922844990569,-38.2583696161064,-46.098643854848,-42.568725829791,-48.1346055051629,-41.7517263648817,-47.8411389061968,-42.3546290558662,-42.0630908272787,-44.3982611782825,-42.7184006776684,-42.7819744400106,-43.852608601434,-44.6603556686994,-45.0977984030995,-45.6484258851505,-46.2911907924307,-48.6582856685991,-48.3233488771728,-47.7230209675001,-49.2897141675788,-52.3990460957978,-48.8185682237789,-51.0959530059207
-47.0508586829569,-47.7289451547919,-50.6741604153938,-53.5991120629592,-49.9965809603716,-51.4713976357058,-55.7725770780486,-54.2013877849963,-56.8229768612444,-56.8312559919895,-56.3781364842158,-52.2295936914845,-59.8258175031454,-51.2717113731353,-48.2972827243911,-49.4664112389208,-56.5491647224409,-58.6370415461297,-52.9603551581067,-51.1786747336655,-49.676389131461,-45.8478272725828,-36.1862493931868,-31.3614354118699,-27.881794615856,-23.6852089764687,-20.9756410954231,-18.6393055171009,-16.6567739457373,-15.3366174851507,-14.486747444299,-14.1446908252522,-14.0873552839069,-14.422752481195,-15.3281636171387,-16.803102887745,-18.5404311440065,-20.903042070966,-24.4231071803701,-28.9150649814863,-34.6114618444429,-42.44355942941,-40.9621030297115,-39.0091481593571,-44.0375786563349,-40.9583572032118,-44.1770635770074,-45.2213384180708,-43.7170990658706,-42.8684595392681,-43.9374867178101,-44.5697580941653,-43.182944542612,-43.0699565854916,-45.1910471022882,-44.4132556329386,-44.3413798686267,-46.4920657319173,-46.0571277201662,-48.7297821319008,-48.0027426807681,-48.5538681199936,-51.0498073321451,-52.1356003888997,-51.3827459019727,-52.6687059922912
-45.9797712893198,-48.7020021144342,-53.3127872008125,-50.9821181064224,-51.3205245595647,-54.4477342017241,-55.0971838959098,-54.0881305919801,-64.7119722020648,-58.2034554842814,-83.3919897725587,-54.8734981630898,-57.1383935706261,-54.6804067278035,-49.2697299487715,-46.8869337510352,-48.1351592824532,-54.9181599230521,-50.7242921017849,-46.9467675386345,-52.238163784496,-48.352572794362,-36.5711676615749,-31.5516201477004,-28.3843775256067,-23.96966612771,-21.2032656082107,-18.6958977785077,-16.9439788958383,-15.4954282265352,-14.6573638845116,-14.395136880796,-14.3145332997003,-14.7095479704102,-15.6548406212635,-17.1838092327736,-18.9465032190916,-21.3725551242371,-25.0840118050993,-29.7260883168916,-36.5452784413153,-46.2858408587404,-45.73840356865,-42.1566590777129,-43.6961891972905,-41.5089918001097,-43.0530490515405,-53.7928261458079,-42.2076485382681,-44.6646231304741,-46.8616929087969,-44.700811456396,-44.4590618928244,-44.3565788621627,-46.72365180574,-44.9916029974631,-44.5520120100954,-47.8221373208785,-47.1403432164281,-49.2647063047841,-48.7783173615591,-50.5608021551803,-53.6844477148382,-51.8711278224666,-55.180021817422,-55.5781857946506
-46.4454964039345,-50.6516969612809,-56.6345718397323,-50.2788762601002,-53.2013978491583,-59.1722577557119,-54.604694777257,-53.235398968818,-60.7730761996706,-62.0643407812109,-58.4855167921354,-53.9134204164931,-55.3077314566585,-58.1807557774014,-49.8908732296507,-45.2864223097688,-44.8796605706972,-49.427823576845,-48.3944989032293,-44.2417129944589,-51.6592168088963,-52.1548423399811,-38.0362276645802,-32.7148048772978,-29.1022573197073,-24.3785910521348,-21.4780010749963,-18.7802041377364,-17.1797620943096,-15.631199749674,-14.8112824586594,-14.5368457367925,-14.4813438974734,-14.9437065079034,-15.8869083471266,-17.3435351518453,-19.1527739735143,-21.6049560648416,-25.2886546664557,-29.5979172482878,-35.4715969775804,-42.0776542281457,-53.6519514409737,-49.3113458552647,-44.994132647938,-43.7754425964887,-44.1978522827455,-52.7830067474081,-42.6931493157218,-47.9211871892003,-49.7692920327733,-45.4283042872836,-46.7059560574775,-46.8891871026979,-48.218813050279,-46.52374077377,-46.0643402267132,-49.0249726885099,-49.2271291560543,-50.1171141133979,-50.2598903519821,-53.7256293549293,-57.5309472260404,-52.9199416439216,-58.090958150079,-58.8330284946512
-48.5303436229566,-54.72596481845,-59.7777174096664,-51.8278010041587,-55.528506236376,-63.4664547093325,-55.1938324307292,-53.8726559980668,-59.813980120913,-64.4544688157221,-54.7886882728447,-51.6917387837463,-53.8468603652936,-57.8597779275165,-49.9780340116816,-44.768269838267,-43.5832255785529,-45.7874486478063,-45.8522637476436,-42.8026525888236,-45.5571752707342,-48.7225063957774,-41.6877173513213,-34.2043919760175,-29.5473836906662,-24.6974179501657,-21.654784092227,-18.7881748790566,-17.2768222746447,-15.7335820906454,-14.9228014410882,-14.5761385109972,-14.5901437344696,-15.1080683315654,-16.0385953324241,-17.3554964642806,-19.1666929480706,-21.677655227721,-25.1979704793287,-29.2096477008978,-34.0358773619695,-38.9414809324177,-60.5128802785652,-56.2422372475967,-48.195012868186,-47.8907479618801,-47.6246242222891,-46.8878862066094,-45.1145306543105,-52.776240296923,-50.8182864683311,-47.2380991545094,-50.0781883257282,-51.0356160617959,-49.6586170569687,-49.0506714366496,-49.2028196572883,-49.8287625327642,-51.4808077136162,-50.9866416900089,-51.6899360420276,-57.4945838137923,-64.7469940250112,-57.1486320241919,-61.7400813938898,-59.6741543857184
-51.5898238430544,-64.7343769515625,-62.4627187530714,-56.9573206010595,-61.0398407103487,-63.3606452949487,-56.8706418260247,-57.1919364453667,-58.5468847346472,-57.5071255077879,-54.9464100412782,-50.9069401428874,-51.8527994088633,-54.3337250084728,-50.1836968795382,-45.2588259525543,-43.0548251491957,-43.0159565681954,-43.4580518264158,-42.1410112398987,-41.4400673706866,-43.3461684489581,-42.6565705970538,-33.7142074645677,-29.1942245035628,-24.6335972087414,-21.5778257113881,-18.6544507706576,-17.2144155589233,-15.79092486601,-14.9741510208955,-14.5555131439533,-14.6476964799301,-15.1888634387514,-16.1081473912321,-17.3200143385257,-19.0852609238033,-21.6694090315091,-25.0402554320919,-28.9325084249434,-33.6797641898043,-38.0399133636553,-55.2272510470202,-50.3124037954699,-54.0830823062685,-53.8087656195953,-53.1901385582332,-45.760359230021,-50.2330981947606,-56.2380872144478,-50.6597385087757,-50.3309547966211,-54.6093391425923,-57.8971678075407,-51.7301404518936,-52.8472858126596,-53.8905985937798,-50.2508108894867,-52.3974931446802,-51.2174720211318,-52.160831614746,-58.2592388928979,-67.7450630740063,-72.9297883661234,-69.3051247966025,-58.5492971330541
-52.8127039247387,-67.5071891789061,-62.5812526217313,-70.6408158877554,-71.8388058820335,-60.6800943998165,-58.69455516271,-64.667596095224,-56.2899201933771,-54.3850276462205,-57.9238718283418,-51.2749530579671,-49.869062075826,-51.1089005574474,-50.2776620055618,-46.3117436116643,-42.6453804090128,-41.0826834575763,-41.6344082631009,-41.7956062081991,-39.0531592807357,-39.8669233288244,-36.916612812461,-31.4865422749548,-28.1451780263632,-24.1649123591144,-21.2520914160813,-18.438300374616,-17.0511885158822,-15.7977465692322,-14.9731471509307,-14.5280486327093,-14.6651523499027,-15.1871578382918,-16.0860484930959,-17.2841116867083,-19.0185509002601,-21.6373376487758,-24.9525857042865,-28.7684365928101,-34.0518586865049,-38.7394345764102,-52.9201835993695,-48.9814960198919,-63.8122629630716,-54.584352437084,-54.4084552496057,-47.7228481211775,-56.5595600691639,-53.5905589828817,-50.3927293574696,-53.9094354799861,-59.1647996000577,-73.7692491962269,-56.4876007404126,-60.6421846953825,-55.6931681103006,-50.3314157693785,-51.5869607865979,-50.4843565367647,-51.7021003013793,-55.4391904037519,-57.4985301003902,-55.8049360013108,-55.60106837804,-55.8127457558765
-53.0708708994454,-64.4620306717751,-61.3912142941877,-57.1907734993165,-56.4988326137954,-57.3701942855981,-59.3601469810867,-74.2860595223415,-56.749054574643,-54.8542576790273,-65.7821631686311,-52.0205858752662,-48.7276679744292,-49.1630838897061,-49.6442211633955,-47.1077216544624,-42.4520169727429,-40.1602948307097,-40.54811927587,-41.4476982081169,-37.9539176492162,-37.9183686948101,-33.4906627369952,-29.6728893519282,-27.0468451722667,-23.6350795981969,-20.873721233992,-18.2823958803488,-16.8838557486148,-15.7684461978513,-14.952958621029,-14.5317500095735,-14.6566129773817,-15.1237947196742,-15.9802277673989,-17.2273783753261,-18.9941815954149,-21.5934445987873,-24.9095348531044,-28.6551798657184,-34.3009083348884,-39.9070825866199,-53.6230446410688,-47.1443989570495,-63.1250667258559,-53.6158687480004,-51.7030194250019,-52.971632899762,-50.4631704799647,-50.9971947924111,-50.1783178760329,-55.5542643968451,-59.6467335039834,-60.4556292134397,-65.4267694140633,-63.1145621398496,-53.1596086740843,-50.2426590001566,-50.0670602955935,-49.4344404050371,-50.9241982311298,-52.3567413106199,-52.2685373452296,-50.3653823156181,-50.097592216084,-52.3827471392808
-57.0097082220857,-64.5681625183219,-57.3182012288588,-52.6188700638063,-51.9427993810048,-54.5779238405488,-58.2899962922553,-68.6018980025325,-61.867758562902,-60.851130370631,-68.0228865630065,-51.9392715915634,-48.1952107064856,-47.9418262867431,-48.0269433425987,-46.9391667591525,-42.8928604786119,-40.3448654004851,-40.2228100010353,-41.092516200695,-38.0404875576736,-37.3018887602052,-32.1694248365474,-28.8064586469709,-26.4105408712919,-23.400247304088,-20.6664150808217,-18.3060171845984,-16.7979687381026,-15.7423901045927,-14.9552393241102,-14.5779693638846,-14.6375162287363,-15.0339418939126,-15.82992100048,-17.1131194379369,-18.9463310945885,-21.4877082894715,-24.7407454628665,-28.4568712332836,-33.9135875692877,-39.597726226742,-54.8096551318145,-44.4396672784345,-55.1966506726204,-59.7041800935528,-50.3349650243715,-53.1989752694046,-46.6370540713928,-49.7501298769918,-50.4276954434618,-55.7066590610888,-56.7497010006947,-55.2673397293967,-54.2653588840009,-52.8886975418593,-51.4522681435791,-50.1817482930919,-48.6450896526215,-48.628170317521,-49.793202469741,-49.4377592093826,-48.7319256586262,-47.8002271867485,-47.4721898574699,-49.5814609109487
-63.0525051805612,-53.4501593130444,-51.8276642293581,-50.247432260405,-49.796950496225,-51.9401391751359,-54.2424004796152,-55.7149312753943,-55.0586728180244,-58.900430089581,-56.4099956782449,-50.1442407217631,-47.0909555285387,-46.2477501999123,-45.6490759517594,-45.7180472702425,-44.0640901172726,-41.7162689823424,-40.7151458473487,-41.0316984078096,-39.4264089815942,-37.9843824292537,-32.3794523836992,-28.8493847350419,-26.4599584573292,-23.6223037559085,-20.7535903879409,-18.5504116808803,-16.844509647463,-15.771840492061,-15.0115094991389,-14.6562665261547,-14.6243738507213,-14.9556695541732,-15.6921806393317,-16.9501554397813,-18.8006143366422,-21.2499083255417,-24.2921735252275,-27.9050913365018,-32.957344277478,-37.6878318760593,-49.2149346559227,-42.8672135449065,-48.9651079583678,-55.1173386904018,-49.7315921283812,-47.7205083723469,-44.9726935323267,-49.5716101230371,-51.5833703392168,-55.2336672988211,-54.0985982453292,-53.1222958788202,-50.1544185466464,-49.5383522857693,-51.0340846413194,-50.066353469505,-47.6428873230498,-47.9323623381157,-47.9856187721026,-46.8566255861843,-46.2287989589187,-46.4319948144263,-46.4179668639729,-47.6629753426435
-50.7572654832305,-47.9322728955089,-47.8947110550045,-48.4115648053279,-48.3309708265919,-48.8611842271295,-49.2676699401644,-48.712552396388,-48.0522977804269,-49.618503237801,-50.4480995489256,-47.6657479218227,-45.1982695357252,-44.0686525413388,-43.4119336711955,-44.0876797544076,-45.3880479548859,-44.4626524203686,-42.2641875896203,-41.7081086136077,-42.4093329537398,-40.0184113609889,-33.7427763908662,-29.7413660310468,-27.2244093944611,-24.2817916876636,-21.1363311409118,-18.9838376249251,-17.0388622678224,-15.8987626204075,-15.1327069838627,-14.7500649337842,-14.6351937845076,-14.9201415780713,-15.6148069998781,-16.7997196524534,-18.5720782950428,-20.8826449665105,-23.6296927720375,-26.9428016410548,-31.5841104675454,-35.4072283054661,-44.1072694562732,-42.6635250168465,-45.0414931346892,-46.057649732684,-49.1397360783321,-44.4659671394544,-44.5143193955552,-50.0709920878008,-53.5469034269778,-54.1166360332119,-52.9634200273579,-53.1710544178442,-49.6187591008061,-49.2876460611873,-51.5990103015439,-49.566662108156,-46.9917985436653,-46.888138949385,-45.8839631704453,-44.8933005042165,-44.5993703634466,-45.5739071418531,-46.2583004343457,-46.5660180891525
-45.8217266628552,-45.040567105168,-45.3860956188358,-46.4934399004884,-46.4140646104982,-45.6136490599381,-45.195700414699,-44.4141701737767,-44.1652635459924,-44.9486741838318,-46.204466132705,-45.500350761228,-43.6187186133752,-42.4568409246419,-42.0863852603486,-42.9436281229903,-45.9124802341863,-48.9713862753103,-45.523044688861,-43.6420269085567,-47.5183983195066,-43.4279118069105,-35.8887208700625,-31.4094535394921,-28.5358312710625,-25.2097590531993,-21.7114067578182,-19.5283821072419,-17.366616365639,-16.1333340007347,-15.3088104410589,-14.853458936529,-14.68886410476,-14.9475827624269,-15.6196564883816,-16.7283797014047,-18.3613006301987,-20.4944125152002,-22.9920012601758,-25.943128330319,-30.1739179792439,-33.4140192606155,-40.8446468717504,-43.4188531811667,-42.8860902614502,-42.0793825826691,-47.7469999316377,-42.4300825651319,-44.8801222131594,-50.5827225076037,-55.143088873272,-53.9634714782511,-53.9830632422806,-56.1043569919967,-52.4668886734946,-51.5814185268496,-51.6720928371394,-48.535264807533,-46.4132969260162,-45.4952092803519,-44.1733850822953,-43.6739952132108,-43.7596567183813,-44.9640422658648,-46.3834005725344,-46.2250363150848
-43.5291859579997,-43.568404370301,-43.6121675882043,-44.1795534932506,-43.8537268532857,-42.7624212784594,-42.2196807962234,-41.7369874404038,-41.9202353237238,-42.182453293461,-43.0835431160929,-43.6749016719229,-42.8229233478766,-41.9320103923787,-41.9956087814396,-42.8596664479183,-45.9134339109566,-53.8010952605548,-52.7373664352113,-47.4337145301592,-55.1727132352284,-47.7139873132703,-38.5118880859725,-33.4884886337107,-29.9296204126976,-26.1225619060788,-22.31160224163,-20.0870519331433,-17.7873300286835,-16.4456632203885,-15.5191405930844,-14.979231072334,-14.8027644902663,-15.0481475722057,-15.7052145913201,-16.7663404256976,-18.2675137066811,-20.2248718199818,-22.5812988344718,-25.3117692881068,-29.2363442521536,-32.1502596423014,-38.9074311757012,-44.4667678870649,-42.0887152631082,-40.4915920004761,-45.6840347617096,-41.3121868012595,-46.0288040847292,-50.2900901055084,-54.3157273223796,-54.7557813332899,-57.0774621877681,-67.5290427437083,-60.4914658420302,-52.8171993651995,-49.4373329326469,-47.2443178887717,-45.7460529962299,-44.2683440232656,-43.2070271342074,-43.1867287482418,-43.5917983702266,-44.5730869145127,-46.2436082777008,-46.4660653500949
-42.653743388797,-42.6768597898109,-41.9919697412672,-41.7285539281061,-41.3342518996184,-40.6025881253079,-40.2393477743194,-40.194593500862,-40.6941939449839,-40.5906375253426,-40.9521610501319,-42.0206836172487,-42.4702499025073,-42.4061704698566,-43.1637012918906,-44.117323863177,-46.5249431523296,-51.8506713414504,-60.9820565468373,-51.0803717020388,-60.439185554712,-51.1609477703855,-41.26009641205,-34.8704372710183,-30.7844234833553,-26.7438280695731,-22.7842229915389,-20.565076305932,-18.2394147202678,-16.7803083625136,-15.7505185900121,-15.1536564677712,-14.98925164275,-15.2246355090128,-15.8612685107276,-16.9037223272301,-18.3281500919765,-20.1594214485541,-22.4699788029322,-25.2000942977565,-29.0511858714417,-31.8898495040992,-38.1623994920859,-45.1524082235596,-42.4574532242954,-40.6559773259265,-43.9867104743819,-41.3197791961201,-48.0769664661043,-48.8677510229448,-51.0576727183163,-51.8976539456229,-54.1599398850734,-56.9288378430365,-53.5900787732067,-48.8162862675541,-46.7671599571553,-46.0892345689306,-45.1366835359489,-43.6369430772338,-43.0751507559764,-43.3542597756768,-43.918327711872,-44.4123922100068,-45.6831182862288,-46.7794072480182
-42.3405078841417,-41.708134154549,-40.4678207546645,-39.7408853320665,-39.4540801327105,-39.2479870046025,-39.1811281367782,-39.539637979448,-40.1651287099396,-39.9015154230433,-39.7855446920971,-40.6785522148108,-41.9524045056908,-43.1556883601387,-44.9051744462474,-46.5412674378314,-48.2499327210213,-49.4831239463349,-50.0252374226394,-48.057948867289,-54.4734190985859,-52.57992502966,-41.9552660155464,-34.7278041314392,-30.9243673454756,-26.9670847921248,-23.0693622779043,-20.892677425668,-18.6578917931413,-17.0935561328191,-16.0109926482753,-15.4026337167139,-15.2527467559185,-15.4752625224612,-16.0831436246428,-17.1146575801821,-18.5199032434829,-20.3024072227362,-22.6224482950611,-25.5170778352804,-29.5799678910021,-32.6588913931751,-38.7423363827332,-45.6391913391621,-44.1026692088958,-42.5537769183339,-43.2615844283666,-42.8699142129983,-49.7998452326744,-46.7854497556656,-47.4845917686673,-47.3859711165268,-48.6821202858374,-49.75566169833,-48.0336948531764,-45.8743652545105,-45.1572258046058,-45.3501406503024,-44.8657332830436,-43.8015302427251,-43.7662126056548,-44.0742169691607,-44.5229702794339,-44.4858421325981,-45.0324406081088,-46.5334096021103
-41.7138932411378,-40.5597094504117,-39.3616698644651,-38.603552625547,-38.4894717063952,-38.7663141225197,-39.0297596724946,-39.6601199370295,-40.1803792309938,-39.9857402725533,-39.580351844324,-39.971467661921,-41.2455362102696,-43.0870120604551,-45.0820734280279,-47.7132026915069,-49.6835695452729,-48.8171149769757,-47.216749172274,-45.5687342944768,-48.1304574022893,-50.4527486084381,-39.65272272001,-33.9056295632739,-30.6377672155707,-26.870228838907,-23.2075855319806,-21.0586174900248,-19.0076893375279,-17.3880974148268,-16.3259616053927,-15.7389271764805,-15.5898174328118,-15.7966530354496,-16.3766812477593,-17.3856530053186,-18.7969175335878,-20.5991422353199,-22.9521339386791,-26.023104349555,-30.4290589050499,-33.9992226119847,-40.7911778447745,-47.0798763474249,-47.8013737451202,-47.0538039111625,-43.7005292238392,-46.7334150801315,-47.5886900144698,-44.7896171426922,-44.7595528735233,-44.4535632867503,-45.4486308245854,-46.1918305865826,-45.5760480119282,-44.8309831074932,-44.7779030145869,-45.2074445661872,-45.1651578004678,-44.8629031759597,-45.2294996305671,-45.2377048685205,-45.2380169641958,-44.8275496391592,-44.7162800621914,-45.8695504158123
-40.5608183063391,-39.5716387115947,-38.9151896312165,-38.4559026905267,-38.5666483567483,-39.2435135757369,-39.8394985903117,-40.5504868682792,-40.7342456834018,-40.7539182286522,-40.3197676811018,-40.1420537773591,-40.920475968872,-42.3942111238372,-43.6480833134156,-45.7259129350173,-47.8765879037637,-48.5129487932828,-47.1206024706063,-45.4404062300966,-44.690112566676,-47.1534773547398,-37.5077649675266,-33.1643095847548,-30.1877010643223,-26.6272778130103,-23.2979580649463,-21.1330619164175,-19.3087776802312,-17.7109064567354,-16.7198968917891,-16.1585411904976,-15.9936326450883,-16.18700863317,-16.7531802673614,-17.7274011595811,-19.1353974508376,-20.9855515578113,-23.3846614468815,-26.5153601438987,-31.006598508464,-34.7604991046246,-43.1784000051462,-51.6062365578518,-57.2097958871463,-61.0405881848975,-45.4238866931139,-51.9812203881732,-44.2184219326289,-43.3755723465077,-43.106356220085,-43.0802989604124,-43.898646242224,-44.3997861667023,-44.7023585239186,-45.2431734491446,-45.5413919479893,-45.8203162658932,-46.2208891946732,-46.9199210963554,-47.3904436618499,-46.7601827900012,-46.0748321155429,-45.510526634777,-44.9921856137001,-45.4831445371196
-39.4499696682991,-39.0241272769423,-39.1457581774489,-39.3020130704004,-39.7802347071563,-40.835865866,-41.7868551469564,-42.3283917672864,-41.9638393644623,-42.1427174446519,-41.9311985844387,-41.2976771463685,-41.4216594173732,-42.1480853353875,-42.752446495614,-43.95666330098,-45.4788426655727,-47.5556648385871,-48.5091091278031,-47.6258913438577,-43.6583523166639,-45.3740983092654,-36.4218704044827,-32.6999683916081,-29.8136642283398,-26.4474296395927,-23.4640507995846,-21.2428278461542,-19.6259862280853,-18.1180069458324,-17.2009410733662,-16.64814205399,-16.4608331601043,-16.6478574937921,-17.2195006711751,-18.163026512493,-19.5512254327787,-21.4367031447175,-23.895430901959,-27.0105431410037,-31.2290696033955,-34.6328930553005,-42.339271104373,-70.4377655251816,-54.5205407060121,-50.7771794959069,-48.4158630673527,-47.2900228149395,-42.1662880709835,-42.7494786072699,-42.4741418626852,-42.9290561375713,-43.5616934704177,-43.858779845812,-44.8429565616415,-46.6881762303252,-47.370231474582,-47.3917724544336,-48.2424226841432,-50.1170229724168,-50.1990651762907,-48.6923320226713,-47.3095061976561,-46.6697171056104,-45.9638423255604,-45.7638143791899
-38.8570326108851,-39.0028465502464,-39.8689217080777,-40.9790265026008,-42.2016279919509,-43.8605323617873,-45.3718904767405,-45.3291969469197,-44.1424404493221,-44.1470338331717,-44.2048157012999,-43.4093168635608,-42.9106887591654,-42.8940536190651,-43.1719332068943,-43.7282381378006,-44.6329616370897,-46.8276543622604,-50.2869315662802,-52.866929177473,-44.7570781371572,-45.291828135195,-36.1537098463848,-32.6528938857891,-29.7696941613631,-26.5100382316402,-23.8233414687706,-21.5119338493644,-20.0331784140196,-18.6427032681345,-17.7611584443603,-17.1985729476019,-16.9960715595463,-17.1833017836112,-17.7703764150935,-18.7043412592637,-20.0751488925619,-21.971636281541,-24.4913949673017,-27.6546991528763,-31.6153304195467,-34.8098771158057,-40.5865930616848,-50.4572282121005,-47.69726168918,-44.9921534012249,-50.4015252377587,-43.3560732138131,-41.6245571764463,-42.9593958564064,-42.7522852462251,-43.651577568208,-44.0812754744304,-44.3260614349307,-45.751288092893,-48.6169135735139,-50.1961500852355,-50.2298222205586,-51.5393436703015,-54.6384411013696,-53.8558932375522,-51.4760778836434,-49.5265707912591,-48.5996612885532,-47.640913738846,-46.6608454603678
-38.9231897300745,-39.4672409498602,-40.747806006354,-42.8761196256439,-45.4916964660685,-48.7960085103623,-52.4918811583403,-50.3671137243994,-47.5940789738717,-46.7077207354708,-46.670026552679,-46.2045193084194,-45.3820930896808,-44.833449407001,-45.150634852277,-45.2969194234152,-45.7673820533213,-47.5258990065139,-51.7771705546241,-62.60325387642,-47.5765719643233,-46.2856339060564,-36.3664199565429,-33.1511422102726,-30.1879864839316,-26.9026677043262,-24.4514331278911,-22.0160559084394,-20.583335276406,-19.2896216669834,-18.3916373399542,-17.8156025983447,-17.6112359487836,-17.7983295004874,-18.3896730855104,-19.335968823191,-20.7102942122395,-22.6086180233328,-25.1638127755312,-28.4777163562122,-32.4682092933435,-35.9651888831559,-40.6645249590638,-46.0319753658954,-45.8451889989977,-43.4409099999421,-48.1048325578187,-41.9689749498428,-42.6450839067941,-43.9377746880684,-43.7688617935452,-44.7763220143599,-45.0482063482535,-45.563410996408,-47.3059853687082,-50.3810242118329,-53.6365290052911,-54.810428885918,-56.6744376731199,-60.3367419581247,-59.4004067257771,-56.6060020555588,-53.8313669975167,-51.6945844942559,-49.7127520960151,-47.5937470138155
-39.5948804593272,-40.2854350440903,-41.4636580883607,-43.8287795512586,-47.2656105985914,-52.061773379635,-63.8592279721849,-56.2995306882481,-51.3973172963502,-48.9094541692675,-48.4906477850518,-48.9080924357415,-48.6211455973116,-48.183641756798,-49.1615672518908,-49.2885744864269,-49.5577213153279,-50.5321543820756,-53.8255740290739,-58.0725141545238,-49.0591296721412,-46.7117928763073,-36.8471257341055,-34.1457758951193,-31.0003375365648,-27.6085453009216,-25.3610465947186,-22.774395809344,-21.2999914605277,-20.051414892003,-19.1010583619634,-18.5214034105489,-18.3209473215915,-18.4980671737579,-19.062570612589,-20.021795849629,-21.412976013462,-23.3200200990382,-25.87009913977,-29.3169668980398,-33.4858611482877,-37.5800063229713,-42.9842312321305,-45.5356034787686,-46.9608276035853,-44.7492579258252,-45.8618170175978,-42.6496955067981,-45.5065511445042,-45.3525334596359,-45.1337010992684,-45.6601387584194,-45.931592446313,-47.0906269287802,-49.2674614664366,-51.7480753548734,-56.1394766088203,-61.2532556593884,-65.3177948875391,-64.1007452427467,-65.7699858095069,-70.6616474185316,-59.4096450872655,-54.0136987742343,-50.4105657282075,-47.4431321562241
-40.6793566226403,-41.2249259351177,-41.9214336040423,-43.5330151017884,-45.8920029961253,-48.14949523798,-50.6259097167532,-51.5728507304276,-50.8293027512011,-48.9257757925873,-48.8893827729293,-50.2703306138221,-51.5189602667588,-52.911040278208,-55.7387921169381,-57.7401466980986,-58.6574600180182,-57.6212176144357,-57.5680652363387,-55.7718599313176,-47.3365828922944,-45.7273416882466,-37.4888108436338,-35.3710951417035,-32.0120600821375,-28.5609271624097,-26.5162241091252,-23.7766676786853,-22.188840555128,-20.933466199107,-19.9230616905528,-19.3459935698199,-19.1368525254465,-19.2861513812682,-19.7888679703531,-20.7315720972534,-22.1190667272133,-24.0352515382018,-26.5595286777614,-30.001233858914,-34.0680388755291,-38.2085679043774,-46.2354199661032,-48.4305229332103,-51.653305695796,-50.149692012446,-45.505788887913,-45.8580394067873,-49.9606949243736,-46.3147432913739,-46.0384862466931,-45.7991432872591,-46.2574431910766,-48.0105961919554,-50.7871988054029,-52.8039695449495,-56.455282753551,-63.1762499830593,-71.6578173043128,-61.8629800617422,-58.9172450851344,-56.9853695225215,-53.4765172534996,-50.7397805357882,-48.3012702848112,-45.9721062033601
-41.8061677187322,-41.9738840109322,-42.1864962900287,-42.8908422769087,-44.1921144659047,-45.2690820238405,-46.6954989066386,-47.8296305555734,-48.5191667683482,-47.9272321367646,-48.4397945896592,-50.0411693086588,-51.9879988981523,-55.0820005872622,-56.2628050885956,-57.9029948190664,-58.8581571344764,-63.0294791244293,-62.0186819643135,-57.1046920057574,-46.3178776909276,-44.7594826462338,-38.2291929901462,-36.6504548312059,-33.1485956803287,-29.7517499076399,-27.8891514446549,-25.0314310468228,-23.2624296299894,-21.9674582864504,-20.9038709452612,-20.31062050982,-20.0597902396378,-20.1581657576914,-20.5805199465774,-21.4623835787678,-22.7963886005808,-24.6927679309867,-27.1982562899441,-30.558585214361,-34.2430546656155,-38.0367767230169,-45.4527787031936,-56.6660261861682,-62.411386774134,-65.7913329113775,-47.4224202901032,-54.272061462623,-49.2909337819289,-46.0628244666125,-45.8856609496166,-45.3455346359339,-46.0230595591743,-47.7912443535377,-50.5577809848624,-52.6698093960711,-55.0174511952769,-58.611142696445,-60.567940807114,-57.636196115084,-54.4246148083177,-51.4636114755777,-49.0614009905982,-47.2066370920563,-45.7103167389984,-44.2229060025582
-42.486842673223,-42.2992770851193,-42.3252906618724,-42.4876614723522,-43.2251686861242,-43.9556898448353,-45.0791531519769,-46.179989589936,-47.3364379384493,-47.7123291181394,-48.4460748811869,-49.6380206734344,-51.3784628029958,-53.4215447735279,-53.6135935593652,-53.9054537556623,-54.4797646825561,-57.6975015320143,-62.4467742577012,-60.8645425736455,-46.7887334330954,-44.5091408419234,-39.1597530932476,-38.28504529648,-34.6309978922785,-31.3096654053885,-29.5318671009111,-26.6015303220763,-24.5600896591471,-23.1977887775311,-22.0719525659505,-21.4057143996751,-21.0683370916058,-21.0908477951621,-21.4398979167566,-22.2287535743497,-23.4648512470642,-25.2855987299726,-27.7572218040682,-31.0817173229913,-34.50827982356,-38.3631100196066,-44.2446010947158,-53.9608419226537,-54.0042869195261,-49.3387333125468,-51.9755805585769,-51.5856412816513,-45.6176021154371,-45.2828293484745,-45.2614650984749,-44.9444040882333,-45.7379349629434,-47.1358060405895,-49.0578675870932,-50.7133358551395,-52.1024202775039,-53.8085465543718,-54.7169265403248,-53.7106003801733,-51.7134904257507,-48.7956215721645,-46.8411125961807,-45.1354538503115,-43.9103074192855,-42.8892240788136
-42.5670398446385,-42.2839084126079,-42.4286209707902,-42.4829427185191,-42.9776015140194,-43.6742418637177,-44.6026496659464,-45.6819067926935,-46.9058193099163,-48.3666752269905,-49.4971316053143,-50.3038865125073,-52.111866632725,-53.7223368900616,-54.9603358840899,-55.1344101460517,-55.7085348073222,-57.9049438925383,-61.8688980639266,-65.8144913990013,-48.188251834421,-44.7074512250171,-40.5573126413075,-40.861483890309,-36.8234576377217,-33.4746190634241,-31.6020392767011,-28.5858696111655,-26.1335464600124,-24.6363047274427,-23.397027242326,-22.5715284617671,-22.1095447852055,-22.0365265578989,-22.3371995273781,-23.0310204937898,-24.1599121534588,-25.8494031877461,-28.2058553342674,-31.4832117181622,-34.8024980599601,-38.9147373386374,-45.6783047856515,-49.8098233671147,-50.8087075193734,-45.9929916114513,-51.868665536303,-45.2269768022592,-43.8155761799609,-44.9445610998647,-45.0253227558628,-45.1763761264665,-45.990564228946,-46.957369686062,-47.8272860260978,-48.662264934542,-49.4077856566924,-50.3315397430235,-51.079578916081,-50.6329587176911,-49.549351273108,-47.280969470478,-45.6739487729057,-44.0751993484801,-42.9143530753845,-42.1101659806386
-42.5235885988577,-42.3242731268839,-42.6667377683595,-42.8965028584186,-43.3299652418288,-44.0941730794018,-44.8079001209312,-45.8092703577463,-46.7624497315415,-49.0326994862035,-50.9885197930465,-52.3780637402486,-55.0970969501932,-57.9824905299395,-63.4932747210263,-59.3469672611665,-57.1375932582166,-57.7540481180281,-60.3684560621918,-67.8708024512323,-49.6135248580692,-44.9135366084353,-42.5826631254994,-44.9061159890931,-40.0521390266356,-36.5571455669645,-34.3218697898484,-31.0218425092707,-27.9683258346118,-26.1901173321078,-24.7534043277193,-23.7011234277241,-23.1066426260389,-22.9349015803748,-23.2106475306367,-23.8381586162619,-24.8897347930354,-26.4252302134084,-28.5662011712478,-31.6183727098126,-34.5738739992534,-38.3303136599411,-47.1719641738145,-50.4858745041132,-50.413948833866,-46.0275555389148,-47.1516189846228,-42.9980159620303,-43.6509794725636,-45.4550586484471,-45.6142573826531,-46.4118607079495,-47.2325651822344,-47.7867395133968,-47.6657829920464,-47.7881944473643,-48.0477762594866,-48.5145429573824,-49.0440678735082,-48.5288960206648,-47.6778841202891,-46.2379124641912,-44.8946544838013,-43.5411972895062,-42.4836215113189,-41.8123876845907
-43.0187820754055,-42.8940818792419,-43.2671807910924,-43.7006940351061,-44.1304746315304,-44.994852122321,-45.5444136150182,-46.4133147633335,-47.1245477992795,-49.2733323804756,-51.2923296225678,-54.2091116904524,-57.364587935136,-62.1804188012648,-58.7778244567618,-54.4917963228106,-52.8682599743533,-54.2584850095245,-58.0775806398761,-64.8654057306372,-49.8353963224474,-44.8662014721842,-44.9745883971602,-51.0956045492535,-44.8514391578234,-41.0294683024285,-37.8276858518277,-33.6319298154223,-29.8191106385283,-27.5983117677421,-25.9316388893014,-24.6831960054459,-23.9906196130908,-23.7410780605438,-23.9975348456358,-24.6060471398951,-25.6368268514709,-27.0560711912196,-28.9706130079979,-31.6413293892702,-33.9358612942868,-37.0887207465355,-42.9973797845444,-52.5017765729956,-49.3189722231634,-48.0043763826006,-44.8085388437341,-42.8400070953329,-44.8018689589444,-46.9212882993994,-47.2477197757594,-48.9338498070813,-49.8997460876025,-50.0122547931672,-48.973174915009,-48.5214604883719,-48.3620104768024,-48.3683763643934,-48.3826304245484,-47.4756009463997,-46.4066301822478,-45.4962512708708,-44.2966553266942,-43.2660136615847,-42.4221996348572,-41.9084724067048
-44.6025947163351,-44.423568087712,-44.4949019371773,-44.9064555969588,-45.2433670580009,-46.2535074358974,-46.9103529183107,-47.7724022179255,-48.7185750290252,-50.1649270654023,-51.1268190289056,-53.431361949485,-53.8813505610735,-54.1218027512665,-51.4979233193185,-50.204586765353,-50.2808466997601,-52.4114874177149,-56.7802656536189,-60.4087398349487,-48.4315114852119,-44.3175710916229,-47.6611248872822,-56.7018088767904,-54.2245855033259,-46.7394637343397,-41.1760203078511,-35.4228746046657,-31.0981752706299,-28.5178312930548,-26.7486727888271,-25.4557064112719,-24.7298483391511,-24.4460437727681,-24.6762493500435,-25.3178625763114,-26.3986830637864,-27.8136973903465,-29.6356503110371,-31.9756267694147,-33.6897230799353,-36.6002472399535,-39.3910136658243,-47.9414706533913,-46.6172343367825,-49.5540321108512,-44.0843039085206,-44.0049394384843,-47.0373296445099,-49.2469190156938,-50.0792012542626,-53.0677233484189,-54.8337308136072,-54.1886116273047,-52.1989264058504,-51.2349089969945,-50.6813216045697,-50.0354313899622,-49.0793497528504,-47.5851286433454,-46.0576145938303,-45.2134733395508,-44.0611704288731,-43.2904381976094,-42.7050484329865,-42.4043826991438
-47.9100492125198,-47.377264877802,-46.6648823929525,-46.6586026580904,-46.6957725586154,-47.8396056546493,-49.0865604867313,-50.4169641556327,-52.6746550184347,-53.3254725560175,-52.6996263326366,-52.9112774548889,-51.5728472001417,-50.5279832519046,-48.7679989889813,-48.6861210882717,-50.1683272322201,-52.6320967119093,-55.2147739719189,-55.6717363511044,-47.0372279678838,-43.3836023360528,-52.2425888268777,-48.3624238496932,-51.6519502649436,-44.6871816166553,-40.8734066827098,-35.4556926847483,-31.3651569215391,-28.8225777484005,-27.1684275501415,-26.0043365671407,-25.3202514488455,-25.0655115383414,-25.2803873050141,-26.0073686298609,-27.2210442676558,-28.8098330440608,-30.7935425548906,-33.0384407009689,-34.4402238352635,-37.4294141091086,-37.6567126628985,-43.5282881879519,-44.1144020248297,-47.7520256506227,-44.0946036687846,-45.9032799971224,-49.9352100866771,-51.7524227052476,-53.6495717726634,-58.4605639856682,-65.933031984432,-61.7329036219497,-58.1766947376476,-56.7377531137765,-55.9577479883655,-54.0958339527427,-51.3221291944071,-49.0005286540281,-46.7841948684602,-45.5691289297611,-44.4086122818373,-43.7823662012438,-43.4336020366375,-43.3905352435756
-54.3598458906712,-52.3612393997872,-50.0891585954061,-49.1578188589937,-48.6992760664245,-49.6897846146274,-51.8343198301168,-54.4192756249129,-61.3116231905759,-62.8338319694835,-57.4032430673434,-54.0081710217799,-51.0841144665128,-49.2737804692663,-48.1395855215932,-49.0620091488677,-51.8943416623309,-53.1056955149412,-52.1492360479478,-51.6048899986566,-47.0573355312401,-42.8682601308309,-54.8488743595771,-43.1159790352054,-43.6356969781635,-39.9163717079301,-38.1431037125441,-34.3999922885875,-30.9328764478015,-28.6884742657967,-27.2626726503499,-26.3127480591133,-25.7472434653486,-25.6046119573003,-25.8641382839067,-26.7303810786433,-28.1737282760663,-30.1553976301381,-32.6484858212097,-35.2061437038507,-36.6015598765081,-39.8550248307087,-37.3098514174905,-40.9300943118489,-42.3228307854005,-44.8849374269591,-44.2505370805764,-48.084257052178,-52.5778270603229,-52.804729767087,-54.6643104728112,-58.415141739419,-63.4211037353283,-69.8725753492802,-67.9637804880296,-67.6427264986625,-69.2964121263975,-61.4822584056744,-55.0873281658144,-51.5769658402837,-48.4459098310718,-46.5598283704046,-45.36942514978,-44.7812398874982,-44.6398049566491,-44.8937899609278
-61.8400065918674,-57.4105099316479,-54.0681253076558,-52.0585983640139,-51.3423337498149,-51.5204628995652,-53.5379878241656,-55.4980259461528,-57.2701441498451,-59.5075620206237,-57.0387116594222,-53.8346144943768,-50.848889959382,-49.0253880536033,-48.8498168434427,-50.8410347153295,-53.6356367923305,-51.5328456061462,-49.3868500178064,-48.827388656766,-49.2184028192385,-43.6531957690513,-47.9647831754354,-40.5331153897595,-40.1117021371495,-37.0913816296538,-35.7613355279066,-33.1530228163911,-30.2922560480426,-28.3186957152016,-27.0941384790118,-26.3465331101592,-25.9688750330704,-26.0272507704672,-26.4360754121221,-27.4828983734203,-29.2404580706663,-31.8152300207305,-35.2632462203123,-38.992790103988,-40.9130989653008,-44.3297729257227,-38.0811556207616,-39.585268170815,-41.2541136723658,-42.633747676915,-44.5355275494572,-50.3403732115973,-53.4654808026129,-52.0085660281822,-52.6907330320399,-54.6488305237831,-56.1808775394855,-60.5290542601677,-68.0949316904847,-73.7107886603373,-64.2878766650838,-59.2966680453956,-56.0681978153528,-53.0250424209014,-49.9890020998378,-47.8297262202122,-46.6981253633382,-46.0685646837875,-46.0741694593535,-46.6168058338502
-55.2332349006635,-55.137972626675,-54.4668854142543,-53.3981007161997,-53.7878539140904,-52.8677523021938,-53.2057126184222,-52.92276509602,-52.4259508388514,-52.642205410396,-51.6144327906013,-50.8552962556604,-49.7875522191137,-49.0495324943933,-50.5286679296316,-53.1372745080102,-52.4919914290594,-49.5636728960067,-47.9747138068776,-47.4842188804398,-53.5978179272115,-46.708225546729,-44.7579145473183,-39.9213135615335,-38.7686183815803,-35.7173999040497,-34.0929393738414,-32.0079161721727,-29.6161166800273,-27.7972986225562,-26.6946992741543,-26.0962077566872,-25.940764488991,-26.252330197871,-26.9000306028396,-28.1068157773429,-30.1363434037363,-33.2524033599868,-37.8584742581631,-44.8656916637081,-50.6828893501536,-48.7799947202821,-40.0476298388539,-39.3673620520285,-41.0876691631394,-41.4092596297586,-45.2001320385088,-50.8185167676597,-51.3932269745585,-50.5927297598075,-51.1127377929161,-52.1133282779113,-52.8345523566244,-55.1324706642374,-59.4088587006133,-61.437243754483,-58.5038062946438,-54.683925184589,-52.6600565334841,-51.1298402826062,-49.7354215274307,-48.580772009169,-47.8202604768466,-47.1961929620408,-47.1959630202703,-47.8395781983549
-53.148473875133,-53.2399045206451,-52.8703022984495,-52.8651971643016,-54.2677383146191,-53.4144236237085,-52.4271277270452,-51.5025678628526,-50.9033461148833,-50.2697618994956,-49.1796675651966,-48.6863993323321,-48.91358103631,-49.4985297731537,-52.8438592736414,-53.3518916969434,-50.3490581236409,-48.711096398137,-48.0406361925318,-47.5766359847185,-53.3579304345752,-55.0765232976884,-44.4549314253633,-40.9149763596519,-38.8839236012837,-35.3628921242195,-33.0308912829329,-31.0053861775636,-28.8840241014944,-27.1505215529573,-26.1125093408901,-25.6170375401673,-25.6556657251619,-26.1866707639335,-27.0644072056759,-28.3132652057632,-30.3287751753819,-33.4214744320717,-38.0503109964988,-45.6290480600209,-51.6260146837149,-45.6040106831815,-43.8490624193318,-40.5650204919249,-42.1908143873359,-41.4662840706621,-46.1577688328615,-48.1718818984394,-48.2207458095532,-49.1389421181741,-50.3200101318671,-50.7447124411589,-51.0651765561137,-51.8665708441207,-53.694144233558,-54.7831644214283,-54.6680178396004,-52.4524460219395,-50.3935556386883,-49.1974689951203,-48.5155278478773,-48.315479776141,-48.1034203391108,-47.7592537836862,-47.714513258299,-48.2638688094192
-53.7216175512806,-53.0781411864207,-52.4974816262715,-52.7723326688681,-53.5750607336318,-53.2688431562489,-51.7670363503697,-51.088251985496,-50.7515020273911,-49.6327631323776,-48.6688965110471,-48.0756534927872,-49.0993114707765,-50.8348476694259,-53.849552764746,-51.3148584607012,-49.302318931597,-49.2489951654189,-49.5550513087647,-49.0062451049782,-49.8451823338954,-56.8455503114489,-46.7837999304954,-42.5529474827985,-39.4981163764049,-35.4388172445531,-32.335320623063,-30.0980947451958,-28.0588056478795,-26.4163490418612,-25.4301041771618,-25.0102326277336,-25.1569756970098,-25.7862306320967,-26.7801526687464,-27.9584374915686,-29.6889053436365,-32.3589746510359,-36.2388466166723,-41.3292939898268,-43.8113923901031,-43.1209341704161,-52.0097189936125,-44.0084624778568,-45.2338370418021,-43.1230774768469,-46.8663092983427,-45.5084818397172,-45.7598863048475,-47.8457911642728,-49.8647479432192,-50.2735598506958,-50.5579097021724,-50.4862889791359,-50.9485675895737,-51.5303821173487,-51.9733804760278,-51.3350013069428,-49.6584530289391,-48.491626428934,-47.7739119806387,-47.5858892525143,-47.5915134074798,-47.7310670719627,-47.9294775989467,-48.5098699496575
-55.8020339691031,-53.8424952818175,-53.3149307040954,-53.8813335505073,-53.5611527884446,-53.193119084655,-51.295988688632,-50.6890936525807,-50.6686543173669,-49.5765011503431,-49.1226068883864,-48.5426678096779,-49.9055321739864,-51.9083909276791,-51.4376732138364,-49.9727506741636,-50.2822723352411,-51.528790915165,-52.0905791770164,-51.0246444797734,-48.1458761987642,-48.344348295436,-52.4733031986896,-42.2288072098261,-38.9073524662906,-35.0525747318015,-31.6150779423598,-29.1752669004927,-27.1513434492717,-25.6489773675681,-24.7323642328216,-24.3679302850823,-24.5170996183143,-25.1030145765905,-26.0975524738435,-27.2341520242727,-28.7254878188386,-31.0968892349051,-34.5066909398736,-38.7386199011291,-41.1941305442518,-42.953401027494,-60.6722900245176,-52.4975324695209,-52.1734428936628,-47.1627183491713,-46.9618859093032,-43.9341695065051,-44.3356521967831,-46.8557102829452,-49.4293128309925,-50.4899709294945,-51.3093859321863,-51.0632258818148,-50.8035165215444,-50.9953556604632,-51.032067044461,-51.0017499850485,-49.9995226053916,-48.8493298244354,-47.8153877770788,-47.1324887991243,-47.0002052756609,-47.4996952589524,-48.2006256143543,-49.0650199906927
-58.0465117831359,-55.191023839514,-54.7142531988262,-55.8474853193478,-55.1045851992483,-54.3324340924462,-51.6554114830296,-50.2659219597809,-50.0755940516109,-49.3059195652449,-49.4517820101804,-49.0901906729979,-49.5054079765834,-49.7942757211042,-48.7507710147034,-50.5254056881424,-55.7724184268117,-55.3540905567092,-53.0276961803292,-51.4644679210137,-47.0123868691544,-45.0553415835808,-52.5130379219697,-39.8298233039199,-36.9704588160233,-33.8389949369441,-30.5603511205762,-28.1369144957579,-26.2101283861449,-24.8910826976436,-24.0673005738569,-23.7354302407569,-23.807303467815,-24.2679623977129,-25.2207955324129,-26.4264429664716,-27.867577127545,-30.0857178769258,-33.2044071448701,-37.1290044582745,-40.133892119061,-43.9414937791683,-50.8600614029789,-51.5649073802112,-57.0011562862695,-56.9176839937234,-46.7444874033934,-43.3899691301226,-43.8398405767136,-46.2061497804931,-48.9167315447044,-51.1739358580203,-53.3264885754616,-54.0613315060425,-53.8388122007084,-53.3730282325611,-52.0023064217947,-51.4154941721195,-50.8897269518731,-49.8629524437538,-48.5614470412972,-47.3811425878153,-47.013679906608,-47.6122062346671,-48.6976951421742,-49.8740231656365
-58.1150405389982,-57.2751819371437,-56.493878237123,-57.7306626497068,-58.8095854411421,-58.323376353801,-53.7136785378246,-50.6075207482681,-49.439440316641,-48.5724220518693,-48.6744606146962,-48.5155281691436,-47.4454090716051,-46.69535597792,-47.1843351064587,-52.7283688795678,-61.4375560898665,-52.5464217097624,-50.8326557958958,-50.1697903493442,-45.7099948196126,-43.0502115268457,-45.3794400844677,-37.5170872621064,-35.0760649532357,-32.4087849798294,-29.2846341874272,-27.0120281062489,-25.2915603868424,-24.1584280894877,-23.4342834953595,-23.1100608689393,-23.0816023948252,-23.4223847336848,-24.340893133191,-25.6774499305154,-27.1925938642215,-29.2753295849573,-32.1625224814085,-35.9137855471683,-39.314245530279,-43.242042823668,-50.5706318546734,-45.5405133654775,-48.9394175181607,-53.1206495158331,-46.6471421199522,-43.860670581172,-44.1388709034958,-45.825551546339,-48.1566696674654,-51.6189857143489,-55.6269782490924,-59.0548112607407,-64.8761567552195,-60.1275281918269,-54.6311063444535,-52.3710480474448,-51.7742946682597,-51.0171770953424,-49.9209552176933,-48.6344889819621,-48.1034708841515,-48.5119462496145,-49.5094796499369,-50.5875671150778
-56.6356423959427,-60.0781825064763,-59.740889521418,-59.3798561798941,-61.4717006914877,-68.4915072426438,-57.1651995491457,-51.9749909178036,-49.2112428227161,-47.5872492548566,-46.8611767819041,-46.6596495389756,-45.2121626412935,-44.5195409909105,-46.3386479299228,-50.5338862922684,-48.2725661462888,-47.5222990301555,-48.5250906157085,-48.8066634382498,-45.0783925084174,-41.8765167722528,-41.1656512696817,-35.9696094690585,-33.7998132053362,-31.3145327499083,-28.1410306377105,-25.9537732055798,-24.4426348371586,-23.4486910459265,-22.8018942154003,-22.465516584115,-22.3737904164894,-22.659378637317,-23.5516010373345,-24.987976492463,-26.5993638644719,-28.550562104761,-31.3000030545982,-34.9270421281821,-38.2072341243212,-41.1102434888521,-55.2261897603836,-44.4215461549639,-46.3884727248,-46.6655408147387,-46.8899063605213,-45.591076762728,-45.2059728758548,-45.6248112142323,-46.975231877098,-50.3531833703342,-54.1525029022795,-55.1284260808324,-56.8127354446691,-58.1552888256453,-56.3532277032046,-53.2938051379046,-52.3469142761287,-52.0092591006541,-51.8990314949188,-51.3140551021536,-50.7588232447873,-50.5004654470826,-50.6497839944557,-50.9224660548626
-56.5124060448497,-62.6571122908731,-68.637383641693,-62.8926470861084,-58.370263618285,-57.80649895424,-54.5649347495491,-52.3694879341976,-49.0672192551327,-46.5625486697204,-44.8820154961959,-44.3963351394898,-43.3904012688896,-43.2268929713081,-45.2896280204598,-45.453894948817,-43.535572636685,-44.6563197843269,-46.805266022198,-47.3256394831569,-46.0058378006633,-42.1798984130021,-39.0615061330813,-35.4055736983104,-33.1913224059258,-30.6746245340773,-27.3368751322037,-25.1036607094248,-23.6947203647824,-22.7595923967726,-22.1400733248636,-21.78303694829,-21.6992554891062,-22.0061731215635,-22.8583543619311,-24.307898520083,-25.9983558501768,-27.9151298017272,-30.6500605501012,-34.2037495270937,-37.265461068459,-40.1764958786598,-54.4742657361494,-46.5671016500226,-46.4397410377483,-44.2122969897523,-47.364026262374,-48.7600510432998,-47.0329909761418,-45.5893959252407,-45.6275275995646,-47.7495675524621,-50.3162418400492,-50.4207013307736,-50.4011756608519,-52.2625277228413,-54.3634281234675,-53.3960481019255,-52.5217715524714,-53.0675918313109,-54.8191092605795,-56.4799018116519,-56.0519560948052,-53.8689967677191,-52.0543325883058,-50.977613282891
-60.1585557580972,-63.1609845945412,-62.798478542519,-66.3287839055671,-56.91797130914,-52.384617391245,-50.0824044234813,-49.7245320238145,-47.9956831260713,-45.5220430179312,-43.3922969077923,-42.5231174336299,-42.0683268860118,-42.4930553037981,-43.602489804753,-42.0999381745087,-41.3726609480602,-43.2585321520121,-45.1576264094695,-45.4131767542041,-48.2583877589598,-45.277002614397,-39.0096939086142,-35.9800135219631,-33.1573959984939,-30.3391051852399,-26.837336373181,-24.4918044547872,-23.0579072302283,-22.0971734577808,-21.4454373342955,-21.0714827586163,-21.0590561502056,-21.4376489135531,-22.2245562246986,-23.6147741030541,-25.3967813814739,-27.4340661644579,-30.2271860309064,-33.7882561505596,-37.0698908550183,-41.1833831936749,-49.2855756828363,-53.6564972198457,-48.5631840794531,-43.9931216526698,-47.4638331441925,-49.971375888053,-48.6038510760886,-45.7210053209329,-44.6050505098977,-45.4549884178299,-47.2554586093481,-47.8207344289944,-47.6644676910519,-49.4155499218436,-51.5835657714186,-52.2652135037476,-52.1687628569861,-54.4102480763907,-60.117734738496,-70.0559012753942,-66.6240844292762,-58.881931686816,-53.6760030406339,-51.1563712890071
-61.1973326363279,-59.0891092508066,-54.8967431116355,-56.5505277296314,-55.6723767681608,-49.6381794156139,-47.5803141336536,-46.9842865907709,-46.0606304406354,-44.4918723942676,-42.6282189531331,-41.441214911264,-41.3316278111101,-42.0362954186412,-41.8270282222408,-40.2907340223998,-40.7103709594846,-42.5288319051455,-43.3466103637261,-43.5459732187971,-47.3836093464476,-58.1546223685007,-41.4882149883069,-37.3640598791983,-33.3731215049876,-30.0063495317666,-26.4355128866636,-24.03311617413,-22.5155912738041,-21.4695400865278,-20.7440872524657,-20.365424233553,-20.4464599264705,-20.9044447699212,-21.6218461808203,-22.938913831385,-24.8497592245456,-27.0996978939955,-29.9463839723854,-33.6249949066899,-37.6690666625779,-43.8098946466264,-47.9203741251609,-62.1020533058656,-52.8090124218655,-46.0759269893269,-46.8563278514718,-46.5304226730292,-47.3789526634569,-45.8361582489021,-44.2021999243818,-44.0570804173773,-45.2236413030488,-46.3475168659754,-46.3735458067415,-47.5533698638871,-48.9713889507554,-50.4239737523808,-51.3945412502353,-54.9322810365248,-66.666800568487,-61.945065577435,-59.582423945903,-60.6737412852792,-55.1383116449186,-51.7949163562005
-51.4916414961156,-53.5773615739725,-50.6956079889191,-50.6703210862838,-51.351131244037,-47.9719899732812,-46.5707285193927,-45.4961062946676,-44.506729618567,-43.7436025438183,-42.5990069912376,-41.2961554952697,-41.2545411103983,-41.6876246245135,-40.5136954884568,-39.6223546370656,-40.9453979548318,-41.7505781610862,-41.7260034395877,-42.2773797231765,-43.7993758021234,-47.69053830764,-45.2480601148524,-37.5246522160163,-33.1513683266395,-29.3965750007533,-25.9180607615398,-23.595816835323,-22.0270732527942,-20.8766376608714,-20.0739620162963,-19.70550351792,-19.8536360500438,-20.363241296268,-21.0529689444373,-22.3278757736698,-24.3678362461102,-26.7906849117069,-29.6537949921887,-33.4993145005702,-38.2245971393275,-44.5352737363281,-49.5346493225678,-50.8837164864485,-55.1567653560562,-51.9395669548355,-46.3500338912247,-44.1119952189849,-44.9496180321407,-45.579552788494,-44.4261620336155,-43.560026157451,-44.0412887457212,-45.4171991378291,-45.7114227770088,-46.0151549479264,-46.8436833316344,-48.7999497861141,-50.5908112905671,-53.1984318504369,-57.1811068466032,-56.4191890176768,-55.1683279991001,-55.9848931971328,-55.0082198299043,-52.8914417425212
-46.3475005732799,-49.1632470290771,-48.023501702656,-47.2061292524556,-47.3632194563609,-46.9129664184953,-46.6088679105979,-45.304829978026,-44.1132730824747,-43.730328020806,-43.2648772588748,-42.1170112265055,-41.8478605222653,-41.4487212373863,-39.8408149601966,-39.7999363086202,-41.4006997054489,-40.7994775576796,-40.7088124776351,-41.8250757795993,-41.714507399175,-41.4093863145653,-40.8659436253198,-35.5045765945479,-32.1258070449241,-28.5021467411486,-25.2590126946461,-23.1027152904227,-21.5431984289051,-20.3075578490076,-19.4628583343709,-19.1168036345659,-19.2758351452265,-19.7970589073121,-20.5342878103998,-21.7963492060741,-23.888129370549,-26.3678253478871,-29.2401943414112,-33.1258784937846,-37.6025854737543,-42.3151081388023,-54.2448349122598,-48.5707897111814,-52.1622679254065,-56.8848716345569,-46.885640278608,-43.721291638951,-43.6304850042044,-44.9660668051667,-44.9834859340548,-43.7995307270323,-43.5351032654255,-44.7106478560457,-45.3021882399331,-44.9735528743716,-45.602463568097,-47.905552234348,-50.0140353055994,-51.0175428050796,-52.6802165196437,-54.4685044262825,-53.6575470210474,-52.8397204792245,-53.3307487334784,-54.0221649268775
-43.5109035815665,-45.9749793084174,-46.2427201798384,-45.292828415414,-45.0833995263999,-46.4876379097367,-47.3808735053701,-46.3765436369009,-45.2970012482668,-44.9671886251129,-44.6951304743416,-43.8540127062154,-43.0507493145381,-41.4679023909458,-39.8078516655491,-40.5348827836956,-41.4270899099671,-40.0936942775496,-40.4668232222667,-42.1474706120473,-41.5351626024611,-39.5358033334427,-36.9736020621324,-33.7475258803428,-30.9015691833633,-27.5669401517264,-24.6043550414514,-22.5754132787282,-21.029590584689,-19.7482897290938,-18.9166254494658,-18.5985624109664,-18.7135391749094,-19.2172108017326,-20.0644148317931,-21.3117815235906,-23.3343310562057,-25.8121170375056,-28.7183198999653,-32.451194698282,-36.4368632001702,-41.1290428290986,-60.0847931580742,-49.172817538657,-51.1229886161259,-49.5955084295964,-49.0319968545733,-45.5169070121465,-43.9696058846088,-44.5637569362517,-45.3367270738678,-44.481953940817,-43.5469344518702,-44.1163147054843,-44.9926525747751,-44.6703502029693,-45.3819531770209,-47.780025135817,-49.7402205986636,-49.954450321483,-51.0783571709729,-54.1319217629355,-53.785416318638,-51.6613547599043,-52.0223521182484,-54.6844945729645
-42.1713219873638,-43.8956484270279,-45.1288779821585,-44.5967775852239,-44.3745930920178,-46.7801465507091,-48.5777640409655,-48.7568040849344,-48.7126244259658,-48.2671378171893,-47.2082630749253,-46.2713062156734,-44.6650125824436,-41.8763461916225,-40.3527657986072,-41.4443458807173,-40.9494141573239,-39.9567796346238,-40.9422653201656,-42.8860060354819,-43.307976725061,-40.457430490648,-35.7623348193253,-33.2892011780158,-30.1426829401255,-26.8150560655115,-24.0782209839577,-22.0759465370116,-20.4824878760539,-19.1944632548945,-18.4221397144426,-18.1288078068273,-18.1738511885543,-18.6502087216313,-19.6137584696592,-20.8262780621354,-22.7029396914058,-25.2174378715247,-28.1647492178025,-31.7188348614794,-35.7592945747541,-41.2021114853779,-58.10323387319,-51.5452932992836,-53.3349938236784,-47.7457265109449,-53.0528768069951,-50.6485630691543,-46.3975442261356,-44.9558252503963,-45.2225197969964,-45.1290354072257,-43.904764395426,-43.6722433574318,-44.713154634929,-45.0897593084208,-46.0112208082051,-48.0881942833418,-49.8691688125722,-50.4611755577656,-51.7622459290682,-55.0200945797998,-55.2837480648066,-52.2334432497325,-51.8626911385133,-54.7509412933794
-42.0021602609059,-42.8964135130577,-44.6716116690552,-44.9744390063367,-45.0224006331564,-47.5880216891329,-49.7297612813846,-52.3694612734523,-56.4240140737054,-56.4578722446596,-51.3364361100679,-48.5964455599943,-46.0553851175236,-42.5671065083499,-41.3640982071908,-42.0679764941643,-40.3924482322431,-40.4390397728253,-41.8261130205542,-43.2845149661388,-46.8754650811922,-44.9793947199585,-36.7393144305267,-34.0282869774506,-29.9869392731948,-26.2945621762481,-23.672778053387,-21.6277523081601,-19.9256060447028,-18.6590023466735,-17.9607721258579,-17.6797686057295,-17.6697085542695,-18.1219823160814,-19.1449906569652,-20.3237434279549,-22.0688636767699,-24.6553681853016,-27.6184830676147,-31.123657402588,-35.5286630186837,-41.1448879913938,-57.2852137955791,-53.1503808023654,-61.1261821538241,-49.6164170152784,-56.7170717852279,-63.7292931701174,-52.0862200656737,-46.4778460470643,-45.0292529233821,-45.2475454089132,-44.3713910600656,-43.4752062991923,-44.465197082811,-45.9176378648022,-46.9189314067125,-48.258644880558,-50.539288737065,-52.8807674875513,-55.2621766938294,-57.3546757246875,-57.4305940487291,-54.3034634285065,-52.8301647490073,-54.1467453266848
-42.8389866796914,-43.0337538811333,-45.0131501194199,-46.3938124123384,-46.8275051178325,-48.3821463944907,-50.2668480273439,-55.4869790469739,-58.2932737604832,-59.4739005426688,-54.7483764908131,-49.5536654284189,-46.1857194411992,-43.1168869603703,-42.6585970160858,-42.1878405479088,-40.1704264944976,-41.4106003139695,-42.5719411945514,-42.9291668806651,-47.4329683232631,-60.6250125367347,-39.0323173247383,-34.9416624652825,-30.0430762046616,-25.8809703381308,-23.2835727634903,-21.196784712209,-19.3926358160633,-18.1674677766012,-17.5225349752431,-17.2354554462718,-17.2153032571282,-17.6495290894444,-18.6473366893765,-19.8344341999566,-21.5094030092417,-24.1108479959358,-27.0616597064207,-30.5990301814773,-35.0410874358286,-40.093565919036,-57.8830850775537,-50.9854349636986,-63.7810933538,-55.7890557347174,-56.6576067934193,-52.4668949869816,-55.0858632415908,-48.8830557490657,-45.2399185213353,-44.8478611729588,-44.6547841298686,-43.6053586748417,-44.3128422678323,-46.5237983492992,-47.291475095535,-48.0123028887629,-51.5459174509486,-56.7291393720048,-63.759665703506,-61.7181505642999,-57.1242452333637,-56.2730500183784,-54.485338418769,-53.05306942719
-44.5474062879879,-44.4287293911968,-46.4286791952355,-48.9717593022752,-49.6465339679024,-49.0288998704271,-50.210480321079,-54.6059878545149,-51.9036424623614,-50.7546650594016,-51.4315849891285,-49.0675205747818,-45.2726761268042,-43.2840072646653,-43.9855023920914,-42.0806978927879,-40.5719454828115,-42.5989701427054,-42.826541695924,-42.417419440921,-43.8875454157663,-45.1730116987926,-38.6155263728685,-34.2760018221055,-29.6211585022542,-25.394215955558,-22.8273432100661,-20.7358795512379,-18.9107112419232,-17.7440788004577,-17.1115073673915,-16.8014630888018,-16.8198722490451,-17.241266143675,-18.1534407550021,-19.4064722908019,-21.0512023754941,-23.5506064367015,-26.483397124857,-29.9624770102461,-34.0113373312275,-38.8425299519074,-56.5075361525754,-48.1975117788057,-58.2701020624919,-56.1530213129799,-58.3480060091561,-49.0690058529673,-48.9886785384628,-49.7600887414587,-45.9561003363914,-44.4440827803505,-44.6464831602908,-44.0964853917982,-44.3124395664979,-46.3446963682711,-47.0049320465644,-47.6074920051094,-51.6589483040004,-55.0732331794132,-58.1143187066193,-61.8470063082249,-54.5320266097811,-55.5183183892765,-55.8398512405577,-52.2014074582862
-46.8742609757576,-47.154317574343,-49.3339100522992,-53.2279265165231,-53.9601271992873,-50.3265441941563,-50.2507698994659,-52.1477720813316,-49.7790095805241,-48.1044015222641,-48.4918748443386,-48.1535242379185,-44.5736716330756,-43.562675382275,-45.1100280030856,-42.2264261422944,-41.8113410323625,-43.5872352973969,-42.8314989153965,-42.4096350750582,-41.8276433218021,-40.3631145520895,-35.6729830709767,-32.6412794103294,-28.6348537961111,-24.7953317218026,-22.3329862095089,-20.2462508697269,-18.495091712905,-17.3987033933725,-16.7405820567841,-16.4013228206293,-16.4840878044844,-16.9007546019988,-17.7220862111581,-19.0709008566755,-20.6872011768159,-23.0202913142282,-25.946300719492,-29.2405268629954,-32.9793001001502,-37.8318202520086,-52.4256573494888,-46.0228444455681,-58.6194169046346,-51.5033914397518,-60.1770161886862,-49.6488101180093,-46.4272753097265,-47.8208001712798,-46.7916106822346,-44.5140600237577,-44.6356367997241,-44.9459171854031,-44.5374676190288,-45.6274327932429,-46.6220548358887,-47.3207491223857,-50.0261319034558,-50.960414976362,-52.3205656299263,-55.6537240491727,-52.5109219638429,-53.826854526885,-55.7314185736756,-52.2229728660205
-49.2098804610403,-50.3324058079056,-53.5417391313018,-61.6008305118729,-63.195090799228,-53.1924343443724,-50.8883230717707,-50.0249922295112,-49.0850226297179,-47.5921687549337,-47.2135023658066,-47.391043636465,-44.8042742267779,-44.7239865620174,-46.0066905378158,-43.0261077610936,-44.0392347094572,-44.1036574984785,-42.9936919400105,-43.0972208510075,-41.5873179328256,-38.8292219288616,-33.8282051909938,-31.5838965616726,-27.7331981410158,-24.2449383342716,-21.906325749562,-19.7907374884321,-18.153183056227,-17.1227125895278,-16.4213306720491,-16.0624334492117,-16.2009016913641,-16.6281349582128,-17.4024817504972,-18.8295139837913,-20.4229632877277,-22.6409747984326,-25.5804356528719,-28.7222727291,-32.4300918471861,-37.018724033597,-48.0721507771951,-44.2487051116113,-52.2002225046244,-50.5836692531644,-52.9369571544171,-52.7577379701917,-46.1040649658161,-46.0418110068699,-47.1545839494051,-45.3210083770553,-45.0981645200298,-46.1513604202557,-45.1973336639554,-45.143656033462,-46.4915114140201,-47.2248258371803,-48.0395767924948,-48.5446676189859,-49.3912704979681,-51.4477006015146,-51.3519291661854,-52.3382514928931,-54.220164733757,-53.4268784354393
-50.5873647466414,-50.9114437395705,-53.378112331307,-64.8711816709854,-59.2785377880646,-55.5509191244612,-51.8687421507379,-48.4978260364521,-48.5289649435963,-48.0726652380589,-46.9788626859035,-47.0225249800524,-46.2933562698671,-47.4768058285639,-47.0814430199189,-44.8268670871124,-47.2791240738934,-44.4706672057268,-43.4999900356231,-44.3131096105815,-42.9608054369914,-39.3265059949559,-33.4812433501079,-31.5040256190217,-27.3826219295283,-23.9352598352226,-21.6262797676446,-19.4430404766237,-17.8885956114102,-16.8946366986356,-16.1561934226547,-15.8006527168763,-15.9594561828187,-16.4179775201498,-17.2064740630365,-18.6630861419049,-20.2900429636157,-22.5154086883015,-25.515147894809,-28.707303909475,-32.5389698460024,-36.7291050298765,-44.7742515994988,-42.9331329810748,-46.147951823752,-50.2564432345094,-47.9246985749607,-51.2134135318518,-47.1247968342909,-45.4210302658775,-47.1545640492172,-47.0119600312427,-46.4558060477162,-47.7660324376051,-46.6615496300825,-45.5034978284684,-46.7100642457217,-47.3464875196204,-46.7401209315284,-47.396424702344,-47.6953702595477,-48.7876838331047,-50.5427098223191,-50.6292880369904,-52.3832583383643,-55.6551219308382
-50.5790841977513,-49.9405598189147,-50.1311008176673,-55.5026364753614,-52.5060287351881,-52.1010930796107,-51.7772546586636,-47.6755880742091,-47.9110946539689,-48.69541911371,-47.2893643567484,-47.2327457405648,-49.4784298481455,-52.7995887920784,-49.2521463007851,-47.966210680811,-51.1404151791615,-45.2272398404725,-44.356441235965,-45.5883825671895,-45.840365173954,-42.0055848096241,-34.460199522122,-32.2403129406993,-27.5892804418823,-23.9208878954984,-21.4840321682804,-19.2269316873009,-17.6983990963144,-16.6913112866579,-15.93715586588,-15.6118377755347,-15.7498348805957,-16.2566057034836,-17.1021515685184,-18.5444865963405,-20.30575679782,-22.6407953451894,-25.7975271240388,-29.3308500074961,-33.4299036233727,-37.6858056031201,-42.7188416272773,-42.3962188288794,-42.7592651044705,-47.5994712541887,-44.998024008604,-46.6606404933566,-48.4806179606742,-45.8976498583348,-47.5412485893283,-49.7393102377763,-49.124292424885,-49.9663995858904,-49.3681469759985,-47.1269201432753,-47.395202197834,-47.7185454404274,-46.3180549841538,-47.0213387483283,-46.7692088245437,-47.1482163747114,-49.5431531581732,-48.8650319895224,-50.8018472380826,-56.181996890534
-49.8384752112079,-49.9881613749877,-48.6493927831395,-51.6643991799926,-49.9861033364509,-49.0165111134565,-50.0549068090902,-47.5346002935229,-47.5207494580442,-48.7695317787309,-47.8202119331557,-48.137589638113,-55.051054096988,-58.0526918447603,-54.515489561417,-51.7683154704803,-53.7679861004691,-46.3012601174387,-45.4621039202367,-46.2850218131074,-49.036840705829,-49.047947885003,-36.3737229695697,-33.2255966748053,-27.9535159089124,-24.059144478883,-21.3906038632859,-19.0960409700407,-17.5663200220635,-16.4981712797952,-15.7514528627617,-15.4739852785189,-15.5671211573145,-16.1231216738215,-17.0313929749499,-18.4453758195366,-20.4157296491832,-22.8691907087573,-26.2950667441226,-30.4285123420273,-35.2805732576128,-41.0767445871428,-41.7602181980679,-42.8374426889715,-41.1881539988561,-44.5878398032199,-43.3337003275571,-44.0916063333847,-48.9867562934695,-47.2806629029628,-48.8266019320312,-53.7926701218027,-53.813613302792,-53.144176583967,-53.4482762954424,-50.4503215540888,-48.7858138821433,-48.3121924701624,-46.717384597713,-47.0755894453247,-46.5019317231338,-46.2617903450927,-48.1997635607261,-47.5401140933346,-49.3514706524224,-52.7059077072358
-49.3147429617447,-51.2077843605137,-49.0474806612553,-49.920433301444,-49.5442547163443,-47.8823517342661,-48.2810020314384,-47.8632762017688,-47.3786038389353,-48.1025882512768,-48.3633902659739,-49.4897298874364,-55.6306741213852,-53.5033507285792,-63.6729768649354,-51.6595395214487,-52.516895859715,-46.6598438467285,-46.6058792022788,-46.1116276569213,-48.286643123832,-53.831824586262,-37.4445287784319,-33.4534686527951,-27.890790847364,-24.0750258718278,-21.2390979993859,-18.9691465196884,-17.4619845034817,-16.3138599064109,-15.590875501398,-15.3588706361798,-15.4133841293794,-15.9966285799287,-16.9448652466085,-18.3375785359537,-20.4810003198456,-22.9573928711345,-26.6159666748636,-31.240046205605,-37.5560325218969,-51.1563671625922,-41.6638694499699,-43.8582651963464,-40.9119899162857,-42.4843200115459,-42.5608019098328,-43.0214092063967,-48.6380751331365,-49.2358543777203,-50.8821297073004,-59.4877304000613,-62.5444411422047,-58.0881310634693,-56.5061986017631,-55.8435413144467,-51.2716907874964,-49.1019261140946,-47.8140117776589,-47.3527983220301,-46.7415145565466,-45.9808910504814,-46.8006653879068,-46.8086302524793,-47.8197029808505,-49.1895174738197
-49.6888951060902,-53.0394704268977,-51.3484734336,-49.7687915845352,-50.1949751294512,-48.4132776678209,-47.4204003535843,-48.2948992593624,-47.3616257283421,-47.1027174240716,-48.684879904007,-50.0995492428717,-50.4170057181567,-51.0271758924119,-51.9589145876992,-49.6784484950101,-49.7875916252119,-46.0496441252245,-47.5032050659389,-45.4789901858382,-45.4459686597878,-43.5889416169921,-35.8113618391558,-32.4949867517886,-27.2715996249092,-23.8038805995277,-20.9872494133739,-18.8009209910516,-17.3537770241277,-16.148658740405,-15.4581358541497,-15.2477025443285,-15.2962829767074,-15.8680000028957,-16.8318331896155,-18.2008347400792,-20.3673194893525,-22.7580146752182,-26.3474953970362,-30.7875856858617,-36.9160248097973,-44.7682931914649,-42.0882121402396,-43.8388160081516,-41.5088844534924,-41.1664406290134,-42.501875774817,-42.7551768475654,-47.9797060320212,-50.9894641706061,-52.2444859743377,-62.7549416847119,-65.4873650477072,-65.466112780094,-56.6204836028077,-59.9677748381601,-55.4737421259109,-50.2521651319536,-49.370695120246,-47.7886431211537,-47.1028780926335,-46.1871908641069,-45.716488205697,-46.5239895389723,-46.4103791541002,-46.8759107302518
-51.3652950616583,-55.26685582628,-56.2226460636959,-51.4275232170251,-51.0632619066295,-50.4385143458208,-47.6887416677958,-48.4946942951175,-47.4658957567437,-46.3349849766764,-48.540399090175,-49.0312844061074,-47.686786980917,-50.5266453560158,-47.8242354517273,-49.4775420084527,-48.0239730816877,-45.8776476553116,-48.0027650722084,-45.0508203488881,-43.4649180790602,-39.9150718688872,-33.6191219587172,-31.1005348949094,-26.5017770240075,-23.372978199851,-20.6887834319256,-18.6233486444631,-17.2303870694919,-16.0198742040991,-15.3654996411023,-15.1422335257776,-15.2246537274593,-15.7488679801504,-16.7199807978804,-18.0415357106404,-20.0854884491183,-22.3713822913131,-25.6031827736822,-29.4684362055262,-33.8983842699101,-38.2824692841955,-42.4653177598705,-42.1972775992808,-42.4843201039224,-40.4971849323418,-43.0172592776218,-42.7668721501811,-47.0056762932143,-51.5548886768316,-51.5501613567795,-59.9799915989347,-59.8666260658548,-65.4903825507686,-58.6882686617809,-59.6833545428493,-60.6059619349236,-52.0004463690375,-50.875717891161,-48.3837671493199,-47.1807401958037,-46.6735319264466,-45.1763903860347,-46.4200923229991,-45.5032403813322,-45.7099283606771
-54.4083735227292,-58.612387618592,-67.0216760149311,-56.0661792553649,-52.0291719803254,-53.3795905914159,-48.9786059833911,-48.391612598813,-47.597276575858,-46.1230263038747,-47.8816020344324,-47.495809641314,-46.8238972703521,-50.5827523487286,-46.822607289984,-51.4177762905091,-47.8168486692509,-47.2726547326879,-48.3231344259535,-45.2569603033659,-42.5580492001126,-38.406737261895,-32.2621259075504,-29.9825911861273,-25.918590730996,-23.0353405148836,-20.4486734992022,-18.5137957456402,-17.1137637108122,-15.9471582924077,-15.3272287046054,-15.064431863244,-15.2037682722785,-15.6691398969367,-16.6491710958942,-17.9046096204443,-19.795873111203,-22.0295319715024,-24.8889328783073,-28.3187134567002,-31.7797803269821,-35.6637056416134,-42.1893223876744,-40.6146490972225,-43.2624165895411,-40.5503743288874,-43.9053861422481,-42.9613516780169,-45.8713524636883,-51.1217697493794,-50.3781634068812,-57.7093749025511,-57.8877866936112,-63.981369059271,-68.8587499274144,-62.6297775639584,-58.4767024886868,-53.7285745144016,-51.6019924811505,-49.0157419605485,-47.0552003840881,-47.0570574780143,-45.2530544119614,-46.281052230553,-45.2949463682102,-45.5461707594789
-57.7197641566223,-60.6941783640376,-69.6556755252419,-66.9985149633211,-53.6888433163152,-54.0226572915567,-50.4252054587944,-48.1457210886507,-47.4422138912127,-46.5163450750445,-46.9780788491546,-46.5313376703313,-47.2706693973807,-49.9911009638018,-48.1721029253389,-54.5468173899027,-49.5853638506153,-51.3114444085613,-48.9769198072249,-46.1193711814637,-42.5465807549841,-37.9681293831327,-31.7936014088484,-29.422199161061,-25.6433245088275,-22.952497756158,-20.3631475300022,-18.5335654616047,-17.0500888566946,-15.9480587990323,-15.3515250272251,-15.0448418741185,-15.2332566860299,-15.6623251721754,-16.6459304615189,-17.8575287383529,-19.66774152813,-21.91093446256,-24.5700555716041,-27.8113802112451,-31.0497359309619,-34.8940143786792,-41.3865015677773,-39.9075963240899,-43.454782226348,-41.4895735108771,-44.9008681110926,-43.6686413396207,-45.0815091968324,-50.6283400650324,-49.8872330402434,-55.7610421744251,-56.8896955145039,-65.3560405113641,-63.0787988891819,-69.135312045647,-55.6010058780757,-53.3141584452597,-51.3939224978808,-49.3204848658714,-47.1425038607461,-47.0144358608579,-45.874639427095,-46.0800909986675,-45.7662230193776,-46.1925312100951
-60.2538442189782,-56.3507647779356,-63.4126286718679,-56.3249158500599,-54.8724145195058,-51.4616433535711,-50.2481463891172,-47.9606624244707,-47.04791138238,-47.3832876709277,-46.3235811086953,-46.3721752551232,-48.3378359318684,-48.8109000617638,-51.8438772463192,-53.7248589079644,-54.8020105628967,-60.8394938542078,-50.2651648197386,-46.9434426770095,-43.066913949778,-38.0829427553284,-32.0250248651145,-29.4953771642078,-25.7384522696958,-23.1626105075074,-20.4884493258089,-18.6944937087364,-17.0836904017116,-16.0324919416366,-15.4362097010323,-15.1064998023745,-15.3085783503395,-15.7477737033869,-16.7152472811881,-17.9533130964818,-19.7719010641221,-22.0844420141703,-24.761353991315,-28.0613513092174,-31.5921378578587,-35.4313300236195,-40.8027188312055,-40.1080403836679,-43.222976351296,-43.4472559876385,-45.8125290471242,-45.300936135405,-45.009507080819,-50.5715266612107,-50.2283600023251,-53.9859566505782,-56.4131370774007,-61.5311891959357,-56.5299433217278,-59.6351768087753,-54.7285538715735,-51.5479815414331,-50.8572083529739,-49.0608774522891,-47.6630870872234,-46.7100799877098,-46.8073387291812,-45.9808648188291,-46.7629221881949,-47.3244624875333
-63.2242938277227,-52.6831490599856,-57.5368982316207,-51.1607866327151,-52.6144802730405,-49.1671548859694,-48.8554780389229,-47.9914620883729,-47.0237246274767,-48.5298817780482,-46.434866320747,-47.0711587073345,-49.0221566143306,-47.9055418074819,-54.3198453662527,-50.8342308128108,-61.8714292950532,-55.0474747799819,-50.7139312185464,-46.5081971004099,-43.5643358308912,-38.6941640290382,-32.8646706153609,-30.202093600458,-26.2763806332462,-23.6276984911077,-20.8254371484538,-18.9586781706559,-17.2294481579965,-16.1960381551362,-15.569147710973,-15.2525512043584,-15.4244904972242,-15.920130247395,-16.8475848123947,-18.197545864356,-20.0616116587555,-22.5173640871399,-25.389606163477,-29.0311221292915,-33.2321016884907,-37.2459155082477,-40.9958453034573,-41.1307636750966,-43.1415297523242,-46.4268819513382,-46.6597561565489,-48.2376911655256,-45.8146624782724,-51.1048315618267,-51.4249641418459,-53.0838785768827,-56.8255370108664,-56.8608829533159,-54.9428299218876,-55.2959468712161,-54.5314058228755,-50.5977613334776,-50.5023678309371,-48.5821004493544,-48.4680245735523,-46.5909863764194,-47.6797230976238,-46.2155645848082,-48.0830379907885,-48.5336137752819
-55.4354460825617,-50.4181536862401,-51.5906635864189,-48.6137544152113,-49.5995108466476,-47.8520442972768,-47.8633754716831,-48.3517227575513,-47.9233991514624,-49.87541777212,-47.8068533796191,-48.7745666596487,-49.2553038454732,-47.7803102325466,-50.8878167337998,-49.2272620691419,-51.078141660929,-49.5034524860499,-47.9737211498849,-45.0351403063415,-43.778315951518,-40.2576158966513,-34.4954072290631,-31.4960447861454,-27.2552004276214,-24.2539146571017,-21.2990963920591,-19.2536555057151,-17.4568819305076,-16.4149228168184,-15.7328539202255,-15.4628357778479,-15.5779262238579,-16.1509430072495,-17.0312692151731,-18.5374266376972,-20.4123641512016,-23.0789400874917,-26.1994055524132,-30.4231685574582,-35.518777928142,-40.8124525190122,-42.2142706565519,-43.0401633157933,-43.6852101512368,-49.9835288890945,-47.6621529179886,-53.0286972089003,-47.6229163478857,-52.2891737832505,-53.6823443742582,-53.5008678718467,-58.290210235336,-54.8559729213458,-55.9011428708286,-54.0223492877143,-53.7023178005045,-50.9745297659912,-50.4526232008984,-48.3781960830164,-49.0655478990499,-46.9231891880781,-48.1791889999171,-46.9725087144585,-49.4684239027634,-49.7073330588895
-48.9113440832467,-48.6617365070713,-47.5056184077495,-47.1745797189348,-47.4980957982386,-47.3496161538567,-47.6555843514761,-49.1696261627217,-49.9053366344642,-51.61245549239,-51.18026410377,-51.8652766507509,-50.041861572711,-48.585651250873,-48.2917158378311,-48.6132678797256,-46.2899470451504,-46.9097904319313,-44.6691053647259,-43.6311420681985,-43.9182400146677,-43.8654456767559,-37.2983481239202,-33.1537287044803,-28.3711373790117,-24.855112901256,-21.7450950593476,-19.494315591036,-17.6976062077319,-16.6481346957538,-15.911611658056,-15.7011757753647,-15.7682790841514,-16.4019919386952,-17.260328608328,-18.8846403237549,-20.7131177532935,-23.571119668651,-26.8053833884942,-31.4233475732957,-37.1108297259731,-46.610052588597,-44.5991954762083,-46.2249907605529,-44.8949234003248,-52.3483643222082,-49.1508263302517,-60.990611648273,-50.7274363464232,-54.309680441057,-57.7539199080232,-55.1585878616828,-60.2602950453353,-55.4295842221387,-58.7640538661088,-55.3215064558805,-52.7749067644322,-52.4443173354661,-50.4858133158251,-48.5852873229876,-48.9628268325734,-47.6898510385737,-48.3079899828968,-48.3376240303927,-50.4590479980715,-51.2462867944364
-45.105706697824,-46.9031051954481,-45.0269737967414,-46.3270336872663,-46.1358158952675,-47.4384160450522,-47.9760389299653,-50.5566312198318,-52.2472834721001,-54.2393035588501,-58.9468074512427,-57.356474780687,-51.654410002101,-50.228964817792,-47.0214361973193,-48.345829719438,-43.922547144131,-45.4481668818159,-42.46646797292,-42.6734293444301,-43.8178599148754,-52.8041356904913,-39.9414208642063,-34.1987639232837,-28.8645958239435,-25.1366643743721,-21.9666760359814,-19.6131588974522,-17.8838455452839,-16.8514467096609,-16.0974172875874,-15.9311707661484,-15.9947076117055,-16.6445503299455,-17.532670521858,-19.1726353560171,-20.9556024866602,-23.858768638274,-27.001276549477,-31.3533616019769,-36.716063173726,-45.0994472436245,-48.5607681138495,-51.295163296,-46.1509740163615,-51.5115467818083,-50.9770058036296,-76.1251126253,-54.6734230192856,-58.2611978893489,-66.1780312608123,-57.0181427760279,-60.7766566312638,-58.8885062301461,-63.5868778077309,-61.4853393221979,-52.7247050560784,-53.5545863558415,-50.076539249227,-48.9129144641037,-48.2618428824539,-48.6366150982807,-48.3676060419801,-50.2297640351615,-50.8359041650131,-53.7510366474792
-43.0551655473429,-45.2433841646987,-43.8395908684206,-45.8907857228689,-45.3518800797223,-47.8715530989459,-48.4270129727748,-52.1100847460743,-52.9880543850018,-57.9581433299031,-64.9248013938985,-67.1481264474802,-52.3216457471348,-52.1000142942112,-46.3679475462469,-47.9721547156062,-43.0067223216572,-44.4529829857548,-41.4110523332282,-42.0748981702174,-42.8588568497365,-47.2035825743319,-37.3987410458116,-33.2358292493718,-28.3154416098339,-24.9000376176065,-21.89021362106,-19.596386748708,-17.997869340753,-17.0003307545047,-16.2906304041036,-16.1332097876261,-16.2519556846006,-16.8731083498306,-17.8420280670802,-19.4072514267409,-21.2204672645468,-24.01094063898,-27.0120626231649,-30.8526368434899,-35.4907211896379,-40.6112130884069,-55.0161605343281,-52.3487191223241,-46.6621787401863,-48.7752328959692,-50.5437905658213,-70.6438593725513,-52.822683006895,-69.0194169612889,-58.9992493693621,-57.1747854803799,-57.399666891831,-59.1304296917334,-61.7585256645422,-62.8922366966546,-52.7434434104394,-51.8852086461859,-48.8575008760535,-48.7945776283886,-47.4500495298075,-49.3308943653251,-48.7140578976286,-52.2588220211093,-51.4300567834096,-57.8951565421511
-42.3272955801916,-44.0559742314003,-43.7787254715657,-45.7904927121259,-45.2712826704846,-48.3374080065021,-48.8210429362991,-52.1093960656381,-52.3246945355795,-57.7267699974233,-55.5971050499148,-60.6540813283112,-51.0053522433977,-52.93413414882,-46.1909100805089,-47.4047268066503,-43.1985130981877,-43.6446460662081,-41.2928781398509,-41.6656414864597,-41.3100705601389,-40.5168818277637,-33.9421654552867,-31.2069102013885,-27.364072953742,-24.3234508539863,-21.6487814799409,-19.503623545764,-18.0840579231822,-17.1067254831088,-16.4950565053934,-16.3126366477694,-16.5274715172571,-17.1029633033867,-18.1724770598905,-19.6520453573552,-21.5793763562156,-24.2362492198143,-27.2230036579305,-30.8276995505862,-34.8514679750724,-38.7797648105365,-51.2760815120427,-47.0237140279178,-46.6465279429476,-45.8785923328892,-47.2614525005953,-56.3751037449817,-48.5134930471946,-55.7523161565741,-51.5786339690678,-54.2860178987911,-52.2990523640691,-52.4854409879392,-53.4556782084702,-51.7907289256852,-50.3282257898866,-48.7040509284908,-47.1174045930294,-47.8315449507461,-46.7650669850269,-49.305714777214,-49.4151477181034,-53.6280178492071,-53.568748260689,-64.8629489563075
-42.7106241005226,-43.6726041618137,-44.8109655091869,-46.0511276322491,-46.1486113006114,-48.5716009463737,-49.2811940639894,-50.3341943071566,-51.9066322717637,-53.4310944137917,-53.1238923960687,-55.7768213296947,-50.1711696490462,-52.6698163645801,-46.8461833688155,-46.9303715782126,-44.2655859530288,-42.9878531775413,-41.8336813933498,-41.3499596438694,-40.0219361461773,-37.3559737288191,-32.0400682565781,-29.6497556525624,-26.7013889178921,-23.8081575262508,-21.46294294007,-19.4466297566459,-18.2102205773692,-17.214135411908,-16.712075088809,-16.4936272566125,-16.8025057700965,-17.3527331394622,-18.5010524978144,-19.9584803832858,-22.0271245764799,-24.6824993094492,-27.8507417625106,-31.6349253696308,-35.4577034958295,-39.0224629687207,-45.0991821126966,-43.5167690549989,-46.2106308347023,-43.5311988827173,-44.3999747278966,-48.7756280418479,-45.9455016203113,-48.5665925460964,-47.1957582634188,-49.5031146362884,-47.927822763078,-47.861712427756,-47.9948551892599,-46.7184213567063,-46.720720400825,-45.7881674617274,-45.3417590318158,-46.1602843854544,-46.0597740235928,-48.3333745311749,-49.6639855419937,-53.5033213849754,-57.5897633032823,-68.9426167924339
-44.068100909658,-44.3808952373368,-47.0722149692283,-46.9478774208064,-48.2555483970639,-48.6607534418103,-49.9324889908664,-48.8131290129308,-51.9034877655302,-50.650620845059,-53.0108346063219,-53.3768508056578,-51.2572541364947,-52.8034575253977,-48.7760059460658,-46.9828644782264,-45.8546814901899,-42.6397751859518,-42.6542997856979,-41.137915564187,-39.3809650648653,-35.990284146106,-31.5524145512799,-29.0624554579238,-26.5949395697531,-23.6563003458427,-21.4952012504011,-19.5377625771418,-18.4207097839097,-17.3731483849981,-16.9386594042558,-16.702885026235,-17.0580264438943,-17.6251261981909,-18.805630907045,-20.3080948092483,-22.4873337311596,-25.3000560072911,-28.8240219039794,-33.1832410749627,-37.8303548956449,-41.4247885122372,-41.9169522411636,-41.6597211501545,-44.8284812521491,-42.0445500221352,-42.764452853413,-44.1359652268175,-44.7185918471724,-44.4843407691151,-44.4228691265962,-45.3333792917272,-44.6973692633618,-44.7119253393726,-44.4071585715315,-43.7195979906514,-43.8378815772665,-43.5167502076291,-43.7804063146875,-44.2785870663907,-45.0814107417483,-46.6529180596707,-48.2502387565899,-51.6358466001206,-54.2144313305775,-60.1147547488434
-46.1639616014221,-46.4974527129044,-51.0883771133063,-49.1476666449662,-51.8331252451284,-49.0487237876961,-50.6243098915026,-48.3539248262906,-51.8017829446026,-49.5187011965668,-54.0431696099237,-52.3994698293316,-55.5278352417154,-54.685431786395,-52.0466510805818,-47.7731821357585,-47.3737095452537,-42.7813338328556,-43.3245699654401,-41.0954811510783,-39.4093362583211,-35.9970575366499,-32.3336142989291,-29.543489079259,-27.1119176621974,-23.984905366579,-21.8041111785599,-19.8405990114267,-18.715385321061,-17.6139452988,-17.1698095897152,-16.9530382113441,-17.2831560615383,-17.9008313524373,-19.0706477652626,-20.6156158973171,-22.8664863821458,-25.8220994431161,-29.6960812162027,-34.6689976072166,-42.0455746849345,-47.7231238979274,-40.7699329007567,-41.1948275522368,-43.1286291068376,-41.6174597049795,-42.2474554924132,-41.4487802821816,-44.0714759408494,-42.136316545338,-42.7606940117342,-42.4673918880951,-42.5102707482856,-42.5118762143191,-42.103224489423,-41.9042427989903,-41.9084774828807,-41.9387583531498,-42.5295256887793,-42.675459693932,-43.885495686014,-44.8013806059425,-45.9774308393536,-48.7631024018615,-48.8252471378338,-53.5721594404736
-48.2366453416882,-49.9849493962534,-58.874532989129,-54.2934317409909,-56.01892578982,-50.1397251706443,-50.9362515447134,-48.9148973783476,-51.2003560849827,-49.6432191549009,-54.7078066870207,-52.669019218088,-74.0366653268085,-60.8896864966667,-54.1863377255275,-48.7476738005546,-48.309461696818,-43.4078773722487,-43.6041007128147,-41.2798994446833,-40.0417775505696,-37.3869315633158,-34.4666152390574,-31.0998189604548,-28.244895468891,-24.7375446371662,-22.3436309449739,-20.3364646860138,-19.0532146075583,-17.9294591845251,-17.4021348051203,-17.2343678426395,-17.4811932631271,-18.1515500281564,-19.2877702197233,-20.8037843210855,-23.1096610036254,-25.969664773136,-29.8829576133884,-34.6883184153023,-41.8970899012269,-59.9129503018657,-41.3968252643077,-42.1961364627506,-42.1910908236603,-42.4076814166773,-42.6467797128709,-40.3608228493322,-43.279054793998,-41.0956431702978,-41.912642152518,-40.8637899874667,-41.2303770396098,-41.1070090536356,-40.791241610661,-40.920845275325,-40.8101273704276,-41.0577037773109,-41.6691980936105,-41.6575490386709,-42.8264306141707,-43.265427066969,-44.1472964069408,-45.9950536839917,-45.7070238832639,-48.8098482007701
-48.9464729914976,-51.2656110241088,-62.6989306732857,-66.7905524521594,-55.7032190831955,-51.7521469404181,-50.5619508999724,-50.065362954634,-50.1562784307464,-50.5501266718895,-53.3964919892707,-53.8530489143898,-57.9486983367408,-68.2312928563483,-52.815341129503,-48.5525381415694,-48.7175331204044,-44.2172961093599,-43.6178246550032,-41.7049561179053,-41.2246698103257,-40.5876042415502,-38.3087576918222,-33.5018240368219,-29.8066750533505,-25.6520033488169,-22.9607040970974,-20.9098103547721,-19.371442859645,-18.2754786074229,-17.6354420377305,-17.5189745444523,-17.6688093204369,-18.3632810260561,-19.4566970324899,-20.8883482935913,-23.2200440355038,-25.7872400940069,-29.4464571343233,-33.5408079706395,-38.1530486836569,-45.2319904285485,-43.947023628902,-44.9739210812443,-42.5287313309831,-44.4537559777929,-43.7069494323211,-40.8066401613517,-42.3467133630798,-41.1693582819133,-41.6535646976911,-40.4082038991892,-40.7579519434258,-40.4845821888643,-40.3301648810261,-40.6146779165818,-40.4557603909303,-40.8628626130195,-41.3016652406001,-41.376139801553,-42.2447228519401,-42.3727953890231,-43.168565246907,-43.9711075437303,-44.1252733164259,-45.5299067425082
-48.4437789324186,-48.8019291904574,-54.7427072002182,-53.9294348300911,-52.8673012680456,-52.1673973920898,-49.6887002863281,-50.9328322078756,-49.0772372549266,-51.4266100742508,-51.3486457254831,-54.4818703767527,-52.8392113488214,-55.6011981074675,-51.934611570005,-47.5359253616847,-48.9329279407305,-44.8493019092645,-43.684237383137,-42.3381773387857,-42.8155778195626,-47.3744888871594,-42.5969052849862,-35.3886174369448,-31.0581755368881,-26.2802335614802,-23.4281277287185,-21.3816605882211,-19.6168404688899,-18.5912317050481,-17.8719504159606,-17.7763164023545,-17.8683548705589,-18.5496446551764,-19.5909961020048,-20.9692346761195,-23.2496386562402,-25.5748324125553,-28.9820594651436,-32.5514186891979,-36.3559106272553,-41.4325157710662,-49.1631540211775,-49.7978480464042,-44.4623473152832,-47.0515350333521,-45.0984843699681,-42.940305232811,-41.9019679321854,-42.2082153353557,-41.8609159602209,-41.018381190481,-41.0450418873906,-40.6779129520704,-40.6717044088298,-40.9292169469803,-40.8195364292058,-41.3284351097223,-41.534060676345,-41.899688846864,-42.3733708520938,-42.3585888942463,-43.1109987710101,-42.958291110728,-43.6394185920434,-43.5410197859868
-48.1833704388113,-47.535690162998,-51.6338753427259,-49.3859212535858,-50.8420751758146,-50.3593959292095,-48.7257932947101,-50.6102329207115,-48.3486929474873,-51.3966793793571,-50.1065108264125,-53.3610372426307,-51.7931524689831,-52.099168001225,-53.0090913250321,-47.2890813484703,-49.1828249312464,-45.4379117024473,-44.0356548406729,-43.1160213761335,-44.2721643708799,-55.1833256449474,-39.7524953905827,-34.7365109821503,-30.9602637618656,-26.3290102174455,-23.5855309885009,-21.6237259978748,-19.7779303049394,-18.83544499576,-18.1148031561853,-17.9928300008056,-18.0979336408449,-18.7433177710922,-19.7238795441343,-21.142095468052,-23.2837519720075,-25.5534469326132,-28.8579487833723,-32.1973875423021,-36.1585830955243,-40.5040525885555,-59.845074259037,-53.0314601700996,-48.6969832056882,-48.1256129310809,-46.561519544655,-47.0271792125392,-42.4658111368266,-43.9636643137677,-42.5794909659124,-42.6356721521596,-42.1118887703929,-41.7528725369727,-41.8242787204881,-41.8546297188839,-41.8988559397321,-42.3945451169599,-42.4506316751706,-43.2492869684419,-43.4151692668282,-43.4701643341701,-44.0584375360804,-43.1348440481698,-44.0275743502563,-42.7147338398749
-49.1567757473906,-48.5081717269396,-50.2644706831334,-47.7670715662082,-49.4350457310894,-48.2886419934736,-47.9417079028212,-49.2097936885144,-48.1085352467223,-50.5542814919718,-49.9852869067501,-52.116401104712,-53.5390781192027,-51.9115537838506,-56.5198454903941,-48.5750257374303,-49.5675032533929,-46.4872166228143,-44.6433293773644,-43.9585531572849,-44.7208108446896,-44.3606241427314,-36.0974849992525,-32.9215032953933,-29.892319899559,-25.998286210998,-23.4915607893077,-21.6666375516209,-19.8942879565908,-19.0144350405573,-18.3674628259304,-18.1837432433475,-18.365040997042,-18.9751740626141,-19.9028577610047,-21.4358125439275,-23.4146714072568,-25.7627811009182,-29.1032449962651,-32.4340993465843,-36.7093957272749,-41.231496268683,-61.8308593827701,-52.0101371428001,-58.6428586930888,-48.2111548683118,-48.1646755577025,-50.8865911476252,-44.3701140938167,-45.9661201530513,-44.0113747107168,-45.1840032970524,-44.0790047201407,-43.8433733791691,-43.8181895164787,-43.4109609470153,-43.6579567673116,-43.9291179617611,-44.0698735899606,-45.3608859323814,-45.6266005683697,-46.1347778190069,-46.3024752271986,-44.772299131596,-45.1310464177151,-42.9451087284882
-52.5796958263759,-52.1872791314569,-49.3179056155486,-47.4985172911132,-48.1088998248685,-46.8956235786668,-47.4541441964933,-47.6894824362617,-48.2873055009318,-49.7147237399507,-50.6660665968806,-51.9365283622568,-58.5708491071451,-54.9425260912299,-64.9053245330006,-51.4125318231044,-49.9882279805062,-48.2279832019489,-45.183279209342,-44.7700543085998,-44.1579837207949,-40.1949887436151,-34.2565657946205,-31.5796180727383,-28.9575811123625,-25.687981708515,-23.3635483256201,-21.6578505404146,-20.0333632599522,-19.1776085859688,-18.6344670473062,-18.3886946381414,-18.6670339858744,-19.258631531787,-20.1707703414337,-21.8151251167389,-23.7003416103162,-26.1417296694797,-29.5821250656876,-33.0380524555138,-37.1913536565118,-42.4185409045501,-60.39119944905,-53.9734674367562,-60.2661247052879,-49.851209016207,-50.2029288387385,-49.1148707036789,-47.9701115042217,-47.7550854603404,-46.4392530368375,-48.5106541204289,-47.2388056934659,-47.2495872185035,-46.6649084157745,-45.695631642257,-45.948158392927,-45.7109202518141,-46.2342061233343,-47.8853909495634,-49.2166890644579,-51.508356494175,-50.8203217296838,-48.3669980823345,-46.5961309470897,-44.0095899211125
-60.9030830220219,-54.3631668299689,-47.9039194691904,-47.4907705553867,-46.6577363377818,-46.1201748952021,-47.3200142567724,-46.8675313579612,-48.8271393672404,-49.5718086894045,-51.4639881321241,-52.9793896538378,-59.8333696041349,-64.5341055652763,-70.1144378761072,-53.0864678179905,-49.9732847793088,-50.095881125743,-45.3715512650529,-45.4404119892173,-43.3903864541759,-38.2750612235956,-33.8216931479069,-31.0657817662435,-28.6091394658885,-25.6477918649839,-23.3962526542401,-21.7334232833862,-20.255847447237,-19.3863086933752,-18.9231602770449,-18.6540696834786,-18.997905943495,-19.5883881915881,-20.5440281370061,-22.224329374598,-24.1253582608347,-26.6230533950908,-30.1508528277763,-33.7566297922945,-37.5864926952762,-42.5975160119791,-63.814745803124,-66.1479344552129,-52.6656665265723,-54.7221398563618,-52.506198022124,-47.5855039611734,-53.6292322824991,-49.4335888767962,-50.1290584446651,-52.3794058059014,-52.2630190557595,-52.7319027694574,-50.3399466894914,-49.0093927594554,-48.4179394353487,-47.5218360680341,-48.4050106798519,-49.815808886244,-52.2745001539518,-62.2438631640405,-62.4772039880208,-52.7596198834105,-47.4373222678078,-45.2109692024329
-51.3703941294821,-48.2803401014717,-45.9933984609737,-46.7632780448822,-45.3296955542627,-45.7201546434872,-47.5291742801315,-47.1957838451906,-49.9415005290263,-50.7073928838281,-52.3289661411319,-55.0189885871513,-54.4472006048845,-60.2842218843859,-59.3242852337293,-50.832035473368,-48.9466325308607,-50.5022854930975,-45.4219684387926,-45.8837215773857,-43.0006118787942,-37.839708922281,-34.5605258613394,-31.4326615114604,-28.8572232289553,-25.9549094531018,-23.6731130748281,-21.9497691282584,-20.5934361948301,-19.6834996921416,-19.2454645192477,-19.0132797917732,-19.3575542444615,-19.9537453812313,-21.003408342754,-22.6336929756997,-24.5948373408923,-27.1605508631576,-30.7323480577163,-34.448739339901,-38.473983763052,-42.5419430200244,-56.1582283061014,-55.871370826364,-51.0495722652006,-60.6188142255808,-53.569379641722,-47.9664486611599,-57.9935603763975,-51.4285072957646,-54.9749856982629,-56.4820515185962,-60.7208411062753,-62.6395347253337,-54.9273790426351,-53.7665466726436,-50.5559632087963,-49.2106261419112,-49.7249017640272,-50.0508430532293,-50.3119138561924,-53.4407554982988,-54.4351801046086,-49.7151730653372,-46.7393480980184,-45.3766784070692
-44.9020671843078,-43.9766809668106,-44.1011340407147,-45.1918469505907,-44.365658762009,-45.4781736138506,-47.8426451335353,-48.7878613985846,-52.1724698815663,-54.0785334545971,-54.7233815317356,-57.3732009606792,-51.9735638297467,-53.9955731500831,-54.7386757781915,-48.7327509752381,-47.2040994589121,-48.937946564716,-45.7676443373617,-46.1094890321601,-43.4177212300763,-38.8938154640253,-36.3774607999619,-32.6352951444133,-29.5206996020266,-26.5649245213309,-24.1644744036375,-22.2887200091351,-21.0434977660395,-20.0809973280093,-19.6182362472511,-19.4749384938437,-19.7581544876221,-20.3587559230925,-21.5086441077976,-23.0531814084641,-24.9996973554457,-27.6895948740962,-31.2463112779664,-35.0418336369575,-39.7515208396681,-43.9582319531932,-51.3782879874789,-49.6448526106314,-51.9056373937086,-54.6762840112366,-52.9304640437634,-49.6236050306911,-56.3801601735668,-53.9647816598764,-59.7774034797844,-59.4967963370014,-63.8765858092962,-64.7476291012109,-59.9599120604064,-56.260948375291,-51.9619995689501,-50.2554632087083,-49.7429292184487,-48.9464550040056,-47.7079583552921,-48.6126737264773,-48.1176068201555,-46.1172273557422,-45.292768184807,-44.5098722169444
-41.32324238879,-41.4063311437275,-42.5469844172701,-43.364552217374,-43.6861087046611,-45.2277511685234,-47.6514662019714,-50.4249854711905,-55.7085818375931,-62.8002189762013,-62.3529971376268,-58.2675855550226,-51.0467982846122,-51.0482596519434,-51.3750886758578,-47.8224755000594,-45.6510406631289,-46.7976963196754,-46.5345612776463,-46.2502865470463,-45.1964799766492,-41.8347418968115,-38.9083737371415,-34.2893843243388,-30.2858044772562,-27.319356316137,-24.7544941085802,-22.6981839471116,-21.5748200074902,-20.5646669375483,-20.060790046912,-20.0230127309727,-20.2235954754723,-20.8332544271971,-22.0345915107204,-23.512760275984,-25.3343988643623,-28.1291954445873,-31.5457626754206,-35.3178130961229,-39.9246682300415,-46.7037982289495,-49.1167220000248,-47.3862363009129,-53.5941512357374,-51.1992377774589,-52.273594828782,-51.3738682832184,-55.7900052495409,-57.3909996896554,-66.3157132604162,-60.028513122692,-60.5624456227825,-60.7618779887812,-58.0638356250279,-52.6373503936309,-52.3260782450023,-49.7536699353016,-48.6771244089217,-47.4537807548536,-46.2799723938711,-46.2318076800408,-45.2886670794973,-44.4603741087593,-44.1609934049269,-43.6945929982859
-39.3309903642321,-39.9829678215685,-41.4217969436463,-41.8239512288891,-43.0368164720326,-44.8502481954749,-46.5625671285909,-49.0581948492798,-54.9715797517791,-57.5350361108244,-57.7011624247436,-55.6279971166363,-50.0888214805072,-48.6106586661947,-48.6024359217154,-47.6457899579881,-44.8770125464349,-45.1454365629953,-47.3332648478374,-46.4930671853566,-49.2587314989414,-46.6072254887729,-40.3327802532603,-35.3223904495149,-30.8092974423144,-27.9761874135112,-25.3028562694599,-23.1434723977496,-22.1406798907962,-21.1113042892479,-20.5895039104477,-20.6282519584849,-20.7817594141262,-21.4226187917059,-22.6029180969985,-24.0447946527884,-25.7350960731953,-28.4969257057383,-31.6007136970245,-35.1109788462972,-38.5622052425656,-44.7527254485561,-48.2695546440146,-46.7642751506116,-52.0729634051637,-48.5355674135706,-51.5107191663754,-52.0982574476962,-56.2731371267003,-60.2084004788618,-69.0073560868342,-60.8490874862582,-59.7605601836777,-58.0727398534512,-53.4383202281081,-49.9897534202385,-51.3071196193491,-48.2620194404482,-47.2070338783904,-46.1923053959333,-45.6795207775378,-44.963626102973,-44.1192833764031,-44.1452941587153,-43.7424570256238,-43.5120088827213
-38.5157111113727,-39.4913689498432,-40.7766532517227,-40.9099574608085,-42.4024099832841,-44.3272559603992,-45.0909114353535,-46.4576152615361,-50.0995602282261,-50.5387376364976,-50.1242645105268,-51.4677644007835,-48.5475996633685,-46.4340299178188,-46.4824329390833,-47.5689699680234,-45.1083684823106,-44.4434822018771,-47.5101583198532,-46.964825079397,-54.3143344987842,-45.4545900591781,-39.2828146797326,-35.1255973100113,-30.9654179508874,-28.3698826395211,-25.7422704606529,-23.6357983474949,-22.6980906993506,-21.7063050124049,-21.2114662577352,-21.2660761941476,-21.4530175921296,-22.1617944521856,-23.2773293334158,-24.6906960040509,-26.3860344635941,-28.9895693890493,-31.6965934787697,-34.7996441723064,-37.3193720992642,-40.729630008415,-48.1094529963001,-46.8144572052025,-48.4325229003111,-45.9555847756035,-49.4206068028072,-52.1748110667117,-53.8777960301387,-55.3785104750567,-57.0250526465634,-60.5945679109296,-56.0649838093313,-53.3181463747235,-50.4815803020839,-48.7315411590746,-49.3552210275551,-47.0529609741335,-46.0955869405987,-45.5261206482366,-45.5868369720987,-44.5229959359163,-44.1045109874328,-44.7386966933292,-44.1449198461273,-44.1146478117395
-38.7363697359247,-39.8978024395877,-40.7335073217496,-40.8460113935439,-42.125366327675,-43.7949274497429,-43.9183173254652,-44.7706124311395,-46.6575427993365,-46.948235156075,-46.5943028178772,-47.9894039469597,-47.1584831827236,-45.1240164044114,-45.1977682031942,-47.1211824217527,-46.3243713454529,-44.8945629180106,-47.1114769612153,-47.6565608249698,-49.6145266745868,-41.4966633122657,-38.0459433712263,-34.7019972562936,-30.9459027543003,-28.5802098291233,-26.1266545803361,-24.2136566508271,-23.2287589310221,-22.3494356755884,-21.9200800046004,-21.9316284086304,-22.2394513328399,-23.0496081271417,-24.1222852534559,-25.512885971659,-27.4160923113827,-29.8937000870796,-32.2781823606922,-35.0622585607173,-37.0439612163796,-38.5493364066686,-47.3150937738349,-46.8526361760949,-45.5135335184339,-44.1475496848436,-46.7934769231896,-52.0001795361409,-49.3451407057914,-50.6224802730396,-52.0260731573488,-54.7829962314504,-51.6384247239842,-49.4904249973784,-48.7395094055225,-48.1440493876854,-47.5100309724482,-46.6336788723582,-45.8080575235371,-45.6783879213432,-45.9556692929596,-44.9543229332101,-45.0519438749064,-45.9010379895139,-45.3731818462115,-45.5453853816918
-39.9678184402558,-41.2911316795315,-41.5370558128265,-41.8505561495773,-42.605368262533,-43.4860353883015,-43.346919226753,-44.06246412146,-44.5933441151623,-44.8985565050443,-45.0021700057845,-45.6831475677402,-46.4128566800003,-45.0390382251959,-44.9379286246565,-46.5085996236826,-48.0780857375568,-46.6057236160507,-46.8978025404247,-48.4609475564614,-46.2351059350194,-39.7324370928512,-37.9463835400501,-34.8898928538217,-31.0477439077819,-28.8386423275692,-26.567267975273,-24.9006978846842,-23.7512966699578,-23.0455537402667,-22.6945702960869,-22.6418636251672,-23.1186571385928,-24.0354132233254,-25.1499096456615,-26.5755124797323,-28.8498193053735,-31.4553498097046,-33.7536946573583,-36.4953139936848,-37.9943594049991,-38.0478281216437,-45.1098049760784,-46.110346380469,-43.5212147319619,-43.4584787719235,-44.9038963982761,-50.678919118416,-45.9729778444207,-47.8889240840419,-49.2736607295536,-49.9407029163142,-48.6395356760246,-47.2275923639432,-47.7511912001714,-47.7463776701669,-46.3968576285704,-47.0417386119559,-46.5914917580901,-46.8551415475299,-47.0055076922882,-46.4228815590044,-46.8610956626438,-47.3011185524248,-47.2515356919193,-47.7710255712426
-42.2130844481604,-43.936210567916,-43.6580975584555,-44.3137373487401,-44.0992476136696,-43.6073992682699,-43.4079806635301,-43.9671129289154,-43.520345811935,-43.8428013800844,-44.6513402859562,-44.6168462948712,-46.3030445260317,-46.3200223106389,-45.9413059865927,-46.4313252653244,-49.3785266010809,-49.5844546691602,-47.4838480398041,-49.3643761161568,-45.5101285408697,-39.7517953350334,-39.1921718873944,-35.8074274309525,-31.4718951474234,-29.3082211326108,-27.1373252956719,-25.6829009730329,-24.3153017110361,-23.7910278822656,-23.5037906610223,-23.4214704118488,-24.0452909110078,-25.0273255206579,-26.2745546712495,-27.8735783460786,-30.563023729929,-33.7652585378152,-36.5051361003749,-39.8381075694572,-40.6120505497455,-39.0191023505993,-42.7919467217695,-44.430616889384,-42.354745119831,-43.837562509367,-44.1009672684913,-48.1323169966914,-44.2205244795771,-46.7012196808151,-47.7665719267878,-47.0867914977082,-46.9797737625003,-46.2632521537706,-47.2104081173954,-47.4240088524849,-46.1907285851948,-48.0938730693772,-48.647417130815,-49.4413727170171,-49.2354774815269,-49.2829423054181,-49.3738750215673,-48.6137569685531,-49.1691885754609,-50.4437741536475
-45.1961468064753,-48.4506010717253,-48.3177918509514,-49.284486797961,-46.4939116203519,-44.2238416125552,-43.9291152741653,-44.0481576249333,-43.1733004177528,-43.5506221636206,-45.1168505689232,-44.8477377081897,-46.7516171175093,-49.0068660241956,-48.6510699220472,-47.551943793388,-50.0183567190197,-53.3334592881836,-49.2408360794877,-50.6007072585167,-46.961945658156,-41.1798991813707,-41.627441342619,-37.161548068778,-32.2568871564453,-29.986171876019,-27.833656337217,-26.5189722508808,-24.9789785751879,-24.5687872615649,-24.3144746767662,-24.2799810453092,-24.9624203362895,-25.9311429499144,-27.3135302869201,-29.2257352085191,-32.2135849786792,-36.3590192807177,-40.6747517689315,-47.357363301945,-46.4409282386972,-41.6599584187913,-41.3712748681217,-42.7873103168789,-42.0413604612391,-45.0157718861779,-44.3600863741169,-45.8588725024172,-44.0634327422512,-46.7803773209212,-47.2083373665633,-45.8824327401455,-46.4336054625883,-46.312775810798,-46.9145861548425,-47.1706905662903,-46.777884744329,-49.2839044721089,-51.9192657054436,-54.5100002872445,-53.9886318628938,-54.5927089828622,-51.9442496361062,-49.5529174715408,-50.2014984950039,-52.3093551828837
-47.2922722093907,-53.7524631153235,-63.0949432029266,-57.3153450951694,-48.1975632134338,-45.0727992615486,-44.4553200454836,-43.9426091338166,-43.2938717025056,-43.8384578877159,-45.8955291260262,-46.4192458107425,-47.91294331552,-52.7121139851371,-54.3206068673129,-50.4775375612651,-50.9626582216609,-55.6457092682637,-52.4643401936348,-52.5270172354936,-50.9541620039298,-43.2670537332124,-44.1076005976731,-38.4168907917472,-33.2553402278409,-30.7334560599369,-28.6024885996259,-27.3671490717927,-25.7818684542683,-25.3559420805971,-25.10383081044,-25.193740722969,-25.8208600021419,-26.7066351428097,-28.1078044968101,-30.2726819363153,-33.3238487449268,-37.5971949174276,-43.0502300479381,-55.0815274396846,-56.4119077388128,-47.1393795184678,-41.0744811265335,-41.9716571077391,-42.6788493421627,-46.4644013547942,-45.5421156709964,-44.741344838978,-45.6137959644913,-48.0506536611229,-47.6423397110283,-46.2256840201387,-46.871401923583,-47.0771231852753,-46.7535459511981,-46.8773700496726,-47.7087960832602,-49.7265355057838,-53.579101139735,-61.2619732057489,-72.5724830153236,-61.1815607319431,-52.721763901542,-49.856848741696,-50.0446323639527,-51.6618752366396
-46.7496421816715,-49.7997429413673,-51.2661294589886,-50.1200712636285,-47.1157494287114,-45.3994000128281,-44.3917343187947,-43.5411984076911,-43.5641051012416,-44.4448184628612,-46.2877931307863,-48.6791166049301,-50.0591895172156,-55.5798287377647,-73.5213142724731,-55.3159172533587,-52.2223548664796,-54.6256613779258,-56.5487241844387,-55.2456232823075,-57.5949311143837,-43.8233333022808,-44.6847035737756,-39.2240515388714,-34.20421420115,-31.4150205267789,-29.4019334708636,-28.2030872405093,-26.7241061464226,-26.1388975837266,-25.8716480609958,-26.1064476847836,-26.5981816896128,-27.3906191008026,-28.6943041110618,-30.831711371933,-33.7522484982665,-37.0255524862677,-40.7048740192477,-44.6646648340281,-45.7250498272367,-55.2110400755018,-41.9138692146533,-42.2255418199335,-44.3491789251727,-47.425353763263,-47.3524949798273,-45.0201186647763,-49.2965654676573,-50.719144635345,-49.3837722446017,-48.3023038223198,-48.1671879473984,-48.1501483336255,-46.7330991281617,-46.5629120421069,-48.2757654925649,-49.0484649041951,-50.8694724523092,-53.6782500942757,-55.0090340338179,-53.3060451231013,-51.0164932958837,-49.3181106927921,-48.8702441128466,-49.1537584142402
-45.4087250047362,-45.8294393230442,-45.557621485579,-45.6348509940522,-45.2138242611272,-44.6975317678397,-43.6852486739665,-43.0087263598346,-43.6871650317357,-44.9811836001976,-45.9086556406137,-48.6992590759568,-52.1136221699597,-55.7671386549029,-59.2920350550431,-55.9606502248665,-52.2452695273958,-52.3270695804688,-56.3807275233952,-57.3027976699209,-53.2696906871253,-42.5541804282187,-44.5823998525339,-39.810639621467,-35.0094166208054,-32.0683588185677,-30.2476385075895,-29.0168762419437,-27.7589515956528,-26.9255214326396,-26.6408892141494,-26.9547143123062,-27.3067347118489,-28.0586877896114,-29.2734239643004,-31.1937697910378,-33.8979658945724,-36.3916468306662,-38.9803168757398,-42.0473151216529,-42.2294355544165,-46.8834940066658,-43.9597549643726,-43.5311066089173,-46.9565250121011,-47.4911565485929,-49.1692958165492,-46.5768129733161,-55.9021534657189,-55.8156150694468,-53.2775995348561,-52.59836583694,-49.9283222389127,-49.0255945816989,-46.9660167277733,-46.5157257341283,-48.1956359194659,-47.9386458705622,-48.2102954585513,-49.054073635367,-48.9698845892868,-48.6128800989839,-48.6927892960319,-48.0486660029174,-47.0755104798206,-46.5442551205694
-44.6330718120546,-43.9368219983306,-43.4550245421728,-43.7180435502808,-43.9323150688314,-43.5665007485794,-42.8743484913384,-42.6080363913645,-43.587328769793,-45.0539032399801,-45.1858038671826,-46.5923583083907,-50.5119752977436,-53.6210576717833,-54.7301824982879,-53.233663915713,-51.2497459195221,-50.5283916730768,-53.2423344429265,-55.862080935073,-48.7506318699918,-41.8286750970968,-45.6995179586495,-40.6227139677786,-35.9238069256765,-32.8746611417457,-31.187499504715,-29.7962356867201,-28.8028695223952,-27.7427786652271,-27.4415694499483,-27.7070321207981,-27.987133442499,-28.7695183605577,-30.0087159559846,-31.7692540653235,-34.2240621460125,-36.5226646645439,-38.8610349997339,-42.1565309115082,-41.9097602034151,-43.2172984493697,-47.6270354006181,-45.7982651084476,-49.6958893412271,-47.0919655308948,-50.1355172287328,-48.2703607773552,-59.0788270300418,-71.228008275432,-62.5731769394575,-56.6640008770799,-51.1539789772614,-49.411739785284,-47.5871482995213,-47.0032697239248,-47.8030224823478,-47.0913544275192,-46.7681335512403,-46.782227334595,-46.302130847879,-46.2614129507666,-46.7883399041719,-46.5402048959148,-45.3901703663472,-44.6386731767325
-44.6547128969315,-43.5324813516451,-43.1463988832067,-43.1984919246076,-43.2943025410282,-42.7141014271599,-42.3951172559945,-42.5411730019474,-43.4424314768323,-44.6165997179026,-44.7138406005336,-45.2538633487482,-47.7477518055751,-50.6319698423012,-52.4812530770142,-52.317990189912,-50.9921101122023,-49.8322879216408,-50.9772172819382,-53.0536683618445,-46.9372355602424,-42.6813265931286,-48.8369992061418,-41.9431875828109,-37.2657179625717,-33.9424677791556,-32.221910729351,-30.5147019222498,-29.7634277450134,-28.6161245686788,-28.2894415087804,-28.3887317941072,-28.6935741829252,-29.5453777235695,-30.9158017369384,-32.7190149655965,-34.9521646985863,-37.4221082668845,-40.1130013019943,-44.2780059977297,-44.0986825952737,-42.5871922264516,-54.2388258750686,-49.1223051527477,-50.7245190409708,-46.8836506263035,-50.0711715044458,-48.2382721599724,-56.4213149768036,-59.677706432406,-59.8984988374196,-53.3223427649307,-51.2153453683798,-49.5326562862584,-48.6455040841016,-47.9854753366038,-47.424393978696,-46.8146158495083,-46.4001857783036,-45.9709819426489,-45.4151543616442,-45.3844213711612,-45.5630086912429,-45.299036244172,-44.3083479804658,-43.6202466016922
-45.6102554990311,-44.3981101296711,-44.0100109594605,-43.4672620305774,-43.0883184876354,-42.3823219486394,-42.4012629624094,-42.9001988572503,-43.5081272015284,-44.0979419547247,-44.7747190638649,-45.28614957638,-46.3401559095365,-48.4529124425927,-50.367740214601,-51.9161841104635,-51.8476008334377,-50.3581403941425,-49.771759988145,-50.923585760895,-47.1415382985205,-45.5648837907378,-55.4865688133734,-43.7932346209292,-39.0024621717911,-35.1233841452638,-33.2437058809805,-31.1482841224436,-30.5748504746399,-29.5415715179603,-29.1768133550204,-29.0756061969743,-29.4798051993669,-30.3937595023675,-31.8929039868221,-33.8996403009902,-36.0394194666712,-38.7319636148903,-42.3196039450528,-48.4850760163264,-49.4921813723688,-44.4029967652478,-54.9886814272692,-53.6357798137798,-49.7462343210883,-47.158056372773,-49.7152422167191,-47.8012434080945,-56.435082852158,-54.0328192213373,-53.4675133346353,-51.0139782496027,-51.0255702324111,-49.8381139770606,-50.002712221577,-49.0612648135873,-47.3325335289238,-47.2392963232749,-46.9980504876687,-46.3691768571978,-45.9136314023102,-45.6664843306906,-45.1197851462665,-44.6484983759743,-43.9825112970491,-43.444697245011
-47.7530133239142,-46.4043432592659,-45.4130204666539,-43.973659578305,-43.1580394865379,-42.57913917204,-42.8983736123198,-43.6777052494969,-43.9973677585364,-44.0492893800581,-45.4387408028238,-46.5983142882798,-46.483784928058,-47.6095239997414,-48.8514165969899,-50.7442029352411,-52.804133027741,-51.9980984480888,-49.6671052025085,-49.8591658391233,-49.5722236578098,-49.7519239829532,-67.6989428550568,-45.4874351090248,-40.402016088276,-36.0379915509226,-34.0759000095915,-31.7168648836301,-31.2220281892847,-30.4704698633115,-30.0798996111614,-29.8623261225921,-30.3899103317087,-31.3385732871343,-32.8453008661356,-34.9687771581751,-37.1628149339916,-39.7873689566733,-44.0816929685141,-52.3521212680283,-54.215692948182,-49.5575694922039,-48.7823686931317,-53.5107645228297,-48.2032306249641,-47.8027383222005,-49.728961485296,-48.8859452949811,-56.7157002820693,-52.3012665214268,-51.4822153704564,-51.0920042343294,-51.4619668298225,-50.5729841023485,-51.2374219513347,-49.8640669651522,-47.8882860457938,-48.4580422400193,-48.5769914703831,-48.0091385444051,-47.7173322772496,-46.9406010507158,-45.5552844379177,-44.7748549882373,-44.4036722944849,-43.9604313250547
-50.9826472475102,-48.7373018868456,-46.3602582670346,-44.3428741446005,-43.4610650017855,-43.2673421718941,-43.8411165253206,-44.7922917286741,-45.0460029260054,-44.8873669323483,-46.7351263351932,-48.9537925171189,-48.190739180067,-48.2251122905598,-48.631139137779,-49.8380499190026,-52.6143007487198,-54.2568048658295,-50.894687343227,-50.0495028593854,-55.8639951638545,-48.2122742116249,-55.9970858580589,-45.3769253308761,-40.6161983364378,-36.4871304950071,-34.6200889437203,-32.2946687301659,-31.7388133916231,-31.3249275857382,-30.9718241565966,-30.8205795385264,-31.4530588866568,-32.4282672651515,-33.8118242507461,-35.7400396880799,-37.9125306189606,-40.1685798873771,-43.8207888059214,-49.2403665763626,-48.1869901906261,-59.0862974453144,-45.9564191163819,-49.0740216816004,-47.070668560345,-48.5731915435796,-50.2537817802132,-52.3212992098603,-55.9432766904416,-52.993260938669,-52.1490679558673,-53.4349974858796,-52.6745040394475,-51.5662444987548,-51.791391444307,-50.555580056371,-49.4383050816654,-50.5760961498243,-51.2966066224935,-51.2407413389853,-50.9013134778987,-49.0492886330152,-46.9674207936775,-45.782116237323,-45.4808836479047,-44.9296630689974
-51.8385350622069,-48.9419310187991,-46.339443574348,-44.6679094701493,-44.0721565557552,-44.4280549544813,-45.1821138847053,-46.1316691836454,-46.6590265394707,-46.8981369701379,-48.7606493636755,-51.8109184022332,-51.7370071226813,-50.5479392712764,-50.105629074457,-50.33736791213,-52.1826054637708,-55.8251145083414,-53.8261941718312,-51.8300172174409,-66.2087812026264,-45.0883902773979,-52.1768219493566,-43.747682738437,-40.1543552496712,-36.7208805054566,-34.9442097586167,-32.9577684687139,-32.1863402041441,-32.0446475985403,-31.8309410306418,-31.9591989972117,-32.6789504066202,-33.7173314752526,-34.9657097353639,-36.4923226327991,-38.3795273080155,-40.3474280792083,-43.0125745642622,-46.4759154294578,-45.0789613967021,-49.6108744737773,-45.2109396489792,-46.5538442129393,-46.8606255218981,-49.5601180799749,-50.9164731436618,-58.6524139616196,-56.4088719749991,-56.5665569790917,-56.1006049817002,-58.4368390128258,-54.1581475249362,-52.2370460271027,-51.5883325881098,-51.3396773923199,-52.0806600816397,-53.6762610841329,-55.5033785957017,-57.3965286147448,-55.4810419703715,-51.7074856717408,-49.3337902819017,-47.6356655338799,-46.9901540556952,-46.0865641708489
-48.8518835582813,-47.252834118218,-46.0022384506429,-45.2809199570657,-45.1472492241311,-46.0745490922111,-46.9200191669152,-47.6498837197065,-48.6266536802675,-50.1817985949177,-51.6917912659239,-54.3418182340791,-58.0862718834799,-55.4619931841862,-53.7616990304797,-52.5699130643131,-52.6374622961627,-55.7540263769251,-58.4498977720551,-56.0887292324531,-55.7663374323892,-43.9276564304453,-50.5080168492342,-42.3100608238252,-39.8718074845632,-37.0380998938228,-35.1797919935208,-33.719659304699,-32.6334778082477,-32.6320419241214,-32.6462765999208,-33.1980242669702,-34.0476866043185,-35.2367560040743,-36.5161818295031,-37.74974643956,-39.2234352486411,-41.0956845139472,-43.1776456953505,-45.5648582199582,-44.0400616826342,-45.0576066944065,-46.0184594234414,-45.8142641213957,-47.8147176120588,-51.1941551286212,-51.2422530269189,-63.863403181436,-58.290177748591,-64.4268442574732,-71.6098900311898,-59.7130843847581,-54.6887988789476,-52.2557460253405,-51.148743926937,-51.8790704714003,-54.738577467033,-57.1542449405329,-60.5813340053996,-86.4429141213294,-59.2111280988095,-54.1860769057014,-51.9864032806541,-49.8907792652494,-48.516331500584,-47.3135210203122
-46.4575462122565,-45.9094319960347,-45.9517118435062,-46.3331912458362,-46.8630836002611,-48.2914138067177,-49.1859771395413,-49.5290961709714,-50.6686650481941,-53.9684439003454,-55.5238543358629,-56.4177624846569,-65.7387757890903,-67.4581570422876,-59.6276921973497,-55.6904593825304,-53.9612782083678,-55.1426916002012,-59.7742051998348,-67.1536592165436,-53.8883690026827,-44.0859465267606,-49.6599902943197,-41.596090008579,-39.9328106657887,-37.4691022465434,-35.3986666735586,-34.50795995112,-33.1476216630224,-33.1500037682314,-33.4195941368269,-34.3758990346139,-35.4789777061445,-36.9444548156144,-38.6102582997618,-40.0226748481768,-41.2160455119608,-43.0292728994424,-44.7215609041588,-45.9490939264988,-44.4701050698887,-42.9533248166888,-48.2313045234127,-46.3663921813763,-50.0200875038188,-53.5769847853796,-51.4592431512926,-66.1124600225169,-55.8263945211249,-57.9739464392094,-57.6294906800178,-54.641565009107,-53.7749565341909,-52.0147175160172,-50.9543918827119,-51.8736957964079,-54.8443569753492,-57.5991775228767,-59.3821253367545,-59.8629062740321,-57.7941768529991,-55.3728305836628,-53.3620537948733,-51.6367788713081,-49.8177845361915,-48.8037925624521
-45.2644846564204,-45.3488654983167,-46.2495444110962,-47.6256002690386,-49.2627567540034,-51.3461326060839,-52.4250301191099,-52.3765222773082,-53.0849387692372,-56.2748763499087,-58.8562122723741,-58.5346822596989,-60.4825848683049,-62.5594022240024,-59.7611012843857,-56.6813670468663,-55.5451689468155,-55.1392307027375,-57.2725702133015,-63.2629320762952,-55.8791733977337,-44.4433496480393,-48.9815292049637,-41.4019728292744,-40.0549620141252,-37.8526200581893,-35.6086258002459,-35.1848379684104,-33.7752965767765,-33.6711215382974,-34.1492620962215,-35.312647014264,-36.7617182701367,-38.6006769457106,-41.1154303779252,-43.8034589337025,-45.4665658978811,-46.9553623661321,-47.5396974000881,-46.9292722150498,-46.383973278157,-42.3453031597518,-52.0368009953694,-47.8913347551619,-53.466520906975,-55.3191448841724,-52.2107530999694,-59.608821976141,-51.7700029735119,-53.0408823493919,-52.2316102828468,-51.9568677253876,-52.4954204466382,-51.902713824348,-51.1812443243219,-51.7345634459058,-53.4258779099699,-54.9209154264898,-55.6876042655991,-55.1257633075115,-55.6873528025268,-55.5089668895646,-53.8510188122646,-52.9965751902093,-51.4502537324529,-51.042146250062
-44.8703099102118,-45.2881091742916,-46.6231350985532,-48.5715974625823,-51.5114425614574,-55.4797963141145,-57.9512766594683,-57.9050413222256,-57.1144279235744,-57.7386440102587,-58.8370087184459,-59.1799315610676,-57.6703554530092,-57.5174601901058,-57.3346662923471,-56.6756088626698,-57.2976313459263,-56.030136238419,-56.2042743446484,-57.0597713214613,-57.5271329972666,-44.0891749763867,-47.9467186029798,-41.2827895153348,-39.9388214478158,-38.0648441966704,-35.8224120835657,-35.6143758647582,-34.4987819730272,-34.2220277797185,-34.7940119758045,-35.8907437966567,-37.5112704144246,-39.6012310897544,-42.8866673713422,-48.1052770451307,-56.5298606794734,-54.354464763523,-49.8575056599788,-47.6726666647799,-49.9769955255934,-43.175509563354,-58.0039444811172,-50.6092375971248,-57.7760822830375,-54.6875295907709,-53.7200379230733,-52.9670623625359,-49.6894343990584,-51.3031324165303,-50.6417730275048,-51.295266706546,-51.7312598503849,-52.002588846837,-51.7638096117784,-51.8195792329034,-52.139807000203,-52.4846604078851,-53.289871359325,-53.2037278387084,-54.6520329913793,-55.8224471148506,-55.3048216285714,-55.5778255065105,-54.6640682346789,-54.7696986567356
-44.827837545846,-45.3121948311633,-46.6665954661272,-48.5473611182963,-51.2436330512027,-56.5423489795528,-64.0821583825954,-72.0548901906126,-61.4424010967432,-57.2100137836269,-56.253072118438,-56.1735476519556,-56.0703735203962,-55.9457687337252,-56.7406794363217,-57.6192797624665,-59.0154442775382,-57.0065796922377,-56.3414581677672,-55.0088201184791,-52.9114901859476,-43.4591188853421,-46.4889040862315,-41.0546955574813,-39.6859078035773,-38.1846017186904,-36.1145778457046,-35.7852038754194,-35.2048540093605,-34.7617033655076,-35.2554712721256,-36.0789220305264,-37.4267287106377,-39.3537043436872,-42.207419408135,-46.1461419539367,-51.4737063745259,-51.9253593464363,-48.8434238684153,-47.8713630637645,-54.5437246351506,-45.4578127500062,-60.9197549716201,-56.4109602502445,-59.0110626090572,-53.178884009107,-55.2658022077718,-49.877874957796,-49.392697676526,-51.6171253583476,-51.4165769612667,-52.3831946957469,-51.8834645624823,-52.3910533064919,-52.4390514967127,-51.8495594502233,-51.0257753045618,-50.8397623707242,-51.7564782034028,-52.4491778371204,-54.329338398711,-56.5049139301765,-58.1171681016483,-61.4924634105297,-62.0804356907324,-60.455641752479
-44.7421880671459,-45.1090473721519,-46.1517399818804,-47.611756245816,-49.058248678972,-52.1217572956614,-55.4331513163748,-56.5628577640542,-55.7600349199893,-53.2952396265065,-53.0356173668112,-52.5936279777341,-53.9296092411841,-54.471687826604,-55.4812493376665,-56.4464555929866,-57.3688457886015,-56.5115985798362,-56.6006225079156,-54.4106238620608,-49.3242553811215,-43.4051960840645,-45.1238639477014,-41.0859882111251,-39.734882406116,-38.4538095475552,-36.6162133471425,-35.8707187534644,-35.7433478597467,-35.2065253474557,-35.4321669362214,-35.9097986905339,-36.70382497925,-38.1752408441043,-40.1296192015824,-42.367967161906,-44.6315531186315,-46.2045997494023,-46.6441151782898,-47.5176971057036,-56.4892772323788,-47.8094561790499,-58.4837268446262,-66.2860746642022,-55.4661897282546,-51.9938466404504,-55.1363807155362,-48.9700631348623,-50.4102022469454,-53.703242173787,-54.7155329265018,-55.4757315811531,-53.2701268382392,-53.1339934137445,-52.6847459101911,-51.2939716960218,-50.0242178764018,-49.7776090412695,-50.6604356443421,-52.1891913155778,-53.9588764518138,-56.6156169695376,-59.5757517313583,-66.5662990623456,-68.057632979087,-61.2595109084039
-44.393227452433,-44.6427099309893,-45.2725295164047,-46.3564603231614,-47.1163452733741,-48.6067849616039,-50.3924357550542,-51.1018141986434,-51.2075020604965,-50.1296865927581,-50.3664391230895,-50.0453030130642,-51.4676358391162,-52.2686939849075,-53.1093794211947,-53.6126521581394,-54.3826741209555,-55.4700356028572,-56.2990788826263,-54.2491082875777,-47.4542909929484,-44.3826073169172,-44.4075379543732,-41.9459895462365,-40.5069786045854,-39.1345167393176,-37.4575077626271,-36.0998062196721,-36.0626293535899,-35.4823221449113,-35.320657276908,-35.4812273459898,-35.8230527395628,-36.8373003391456,-38.1755979152026,-39.7618911882829,-41.4947891916905,-43.1548695091404,-44.6663866331542,-46.3106283490396,-54.3168168212596,-47.3348555467351,-61.6693188307942,-53.6654395728701,-52.740851882375,-51.4583846829242,-53.1499715195727,-49.159669574159,-51.967692185586,-57.1374615920045,-62.6421530952475,-61.2528065025438,-56.026077257693,-53.6108553873146,-51.897795963925,-50.1249677630418,-49.1177135831965,-48.9838991997128,-49.682851673351,-51.6755837936834,-52.8507457441762,-55.6311778850776,-58.0519009096581,-60.8639897735476,-60.6094236189826,-59.3644978611429
-43.8675601174902,-44.1403497156793,-44.4790513482491,-45.3139075610923,-45.9354250892459,-46.5023090376463,-47.5316751638425,-48.2369742841237,-48.5948681133049,-48.372924240112,-48.6171138623718,-48.5873188180932,-49.5649034474378,-50.4526968021394,-51.5347879017376,-52.3881050001649,-53.4484254024795,-55.7288297189999,-55.8031629891414,-53.9279366130442,-46.660587969157,-46.8159423641526,-44.7120661857043,-44.2037385815652,-42.2924666323475,-40.391920100369,-38.681342956792,-36.5671395682712,-36.2230426268644,-35.5582008251495,-35.0355745121814,-34.9517679215835,-35.1095246509363,-35.7811662742923,-36.7520542157211,-38.0247429485248,-39.6491642632047,-41.3662985594962,-43.0699063324237,-44.7246060480735,-49.4914312611282,-46.5780635808488,-64.6429397160122,-49.7329093166239,-51.4762817265842,-51.6239673627248,-50.7272774231496,-49.299352556807,-53.0625631965827,-58.0303614216778,-62.1997572313198,-61.1530847558422,-56.9301177635139,-52.3725483868263,-50.193380492888,-48.7262115346334,-48.168112975577,-48.1448590886808,-48.571635162159,-50.1923243647602,-51.0508255260027,-53.8100428738619,-56.1196418527414,-59.2456859837843,-61.5501879434303,-62.8482404626951
-43.4969999627049,-43.945085448707,-44.2078385471503,-44.8711359131148,-45.5726871719616,-45.5715362735038,-46.0651955394079,-46.693049990181,-47.0848676895107,-47.5183436360831,-47.659959242325,-48.0316711143957,-48.5697336578473,-49.7042340154375,-51.5240875646177,-53.6418022873908,-55.7328494775503,-58.1114424329005,-55.5988691956927,-53.1195658577692,-46.5661249851498,-51.9861692739893,-46.4037660746019,-48.8083916426032,-45.1877465690963,-42.1076006824388,-40.084170122811,-37.1280913487913,-36.2468825071526,-35.4437314136535,-34.7121780170824,-34.4782418305123,-34.6629814035023,-35.1391984375072,-35.9209835900815,-37.0228040460508,-38.5897735603284,-40.4364651515895,-42.1730516959735,-43.7393466341384,-45.6200188384675,-48.0284842493336,-51.6541238808927,-48.7026640193211,-50.7288866608744,-51.5035727438643,-48.7230397427244,-49.2729786709468,-53.344180967737,-54.2121823673488,-54.6807076739675,-54.7904957716574,-52.7325430453402,-49.8378386473238,-48.2908172411005,-47.3820336399239,-47.0928619912572,-47.1048072865741,-47.2674479628884,-48.0667174365429,-49.0199941819369,-51.1767652303904,-53.2235523101048,-56.4412072580477,-62.4271249164997,-69.0320958493765
-43.6107766004294,-44.3743639386166,-44.8226004878585,-45.3993682782996,-46.1889014785105,-45.8368711229107,-45.8072357559377,-46.1020070117547,-46.2882904693627,-47.0145128520303,-47.1411983142528,-48.0331518773195,-48.4182380613049,-50.0541305014658,-53.1669604688213,-58.5975395830002,-67.0953572908101,-60.0179236628088,-55.1968287210627,-51.8853292068501,-47.0394182972757,-70.0585137901262,-50.2733873805874,-56.4550367860328,-48.0350071252561,-43.3835194092748,-40.9835714759535,-37.4368465774164,-36.0531318545977,-35.1688208697091,-34.4127174883093,-34.1411298996635,-34.4436503013644,-34.894838642386,-35.6710932027834,-36.7770240862301,-38.3363065834428,-40.392859088864,-42.3407095069254,-43.9285331933358,-43.6286076147423,-52.2644465538154,-46.5201639220734,-49.0164660056137,-49.3821643830592,-49.7060641165136,-47.4659412418277,-49.7163910275911,-52.0808720525081,-50.4036045321769,-50.6781063720986,-50.4520850795221,-48.9314950380121,-47.4846375503318,-46.6484253745121,-46.2015229135748,-45.983703580808,-45.9564229023994,-45.9715131380576,-46.1710076935977,-47.1768321122894,-48.4162382896462,-49.9028048851372,-51.6235720460672,-53.7320265126857,-54.5329837004402
-44.322877162616,-45.5957494169745,-46.6738727275172,-47.4570252459113,-48.2878700829666,-47.618630259676,-46.7319287028015,-46.2558156480672,-45.9559561497996,-46.4637608086529,-46.6399585744149,-47.9335206101438,-48.6187251076065,-50.8239822530531,-54.7703108910186,-60.4734745260015,-59.0858465262131,-55.755749957872,-53.6209674145653,-50.6838054071609,-48.128686949659,-52.839792783441,-59.115792116852,-50.6568459305363,-47.0539468561301,-42.7999074993501,-40.5959128834193,-37.221572737075,-35.5774745174937,-34.7589139203009,-34.1148922300058,-33.9212856640909,-34.3457063559856,-34.9506945464328,-35.9297807949923,-37.2919035538697,-39.0305725822852,-41.4359417130204,-43.9509148819696,-45.6570861710144,-43.4696879005099,-52.2653848996306,-44.248066742234,-49.0929491748117,-47.7372071118087,-47.4638712797016,-47.0341922373666,-49.8205237266598,-49.1948812525056,-47.6107251830376,-47.9660757182076,-47.4379519090689,-46.4692044304879,-45.7895350901544,-45.3881472134222,-45.212908962063,-44.9923485222684,-44.9420414488293,-44.9820856463083,-44.98303486301,-45.8574668188005,-46.3744763822811,-47.4303671726371,-48.1212866237877,-48.8069923905455,-49.1328166772401
-45.3419635966682,-47.2680792623591,-49.8764718930875,-52.3704560237568,-53.5364552877882,-51.4922997849706,-48.4737222709666,-46.6895358600643,-45.7408575450354,-45.6932695816319,-45.9091566805446,-47.0558342128978,-48.2061090986551,-50.2597768511702,-52.2584792046852,-53.1353045798312,-52.1630819877405,-52.4279925364669,-51.7608764110576,-50.0380650028032,-49.9555562286601,-47.2346749467608,-55.4675768452319,-45.5659471011069,-43.7893840805002,-40.7902789409385,-39.1551199920568,-36.5370538489311,-34.8824724822233,-34.2219567168116,-33.7624564254899,-33.7353637620547,-34.2522431000175,-35.1472416023662,-36.5138553760618,-38.4109835889505,-40.7145763020369,-43.8352746162733,-47.7109407747182,-49.5805783445789,-45.2330985525618,-47.7629581294476,-43.947085626831,-48.3086558437353,-46.7546235912958,-46.2030360548273,-47.370866181135,-48.2678376743628,-46.6263109882526,-45.9422241678445,-46.1494900069079,-45.4857270958035,-45.0368745679287,-44.7418808662878,-44.5217843676439,-44.4577607536451,-44.2784003157338,-44.3175454139823,-44.539549465706,-44.6689451935272,-45.3109412544964,-45.4282238634725,-46.1699589452316,-46.2760557511708,-46.3264738226629,-46.3943349416926
-45.9359572545991,-47.8467489339633,-51.3956244560891,-57.9423752220885,-64.140569865475,-53.5736925236248,-48.9757701492646,-46.5002472647211,-45.2593140155203,-44.7610283692549,-45.0356397589036,-45.6258406553465,-46.8790319223062,-48.2054205129805,-49.0013014972633,-49.7318415661192,-50.1037648221146,-51.6070688548986,-51.2222425552711,-50.3896509972438,-52.5206085981151,-44.6407929560052,-48.6058440405892,-42.6220809669399,-40.8700868296041,-38.6048485821515,-37.4028543661182,-35.6010357170704,-34.0962592354307,-33.5650553422152,-33.3163334512381,-33.4913281526899,-34.0715445013186,-35.2737555667636,-37.0688071072271,-39.583523916942,-42.832844828488,-47.4106301027941,-55.7923505391609,-57.7145562424435,-49.5955954279834,-45.696470259813,-45.4339536712053,-47.7140519008782,-46.829590294363,-46.280285544818,-48.3701957051461,-46.7058894196358,-45.4240636925101,-45.4971533159158,-45.2632800690916,-44.5324058795206,-44.3924715054017,-44.2370874584355,-44.055685601442,-44.0342619298327,-44.0272283617748,-44.294301087549,-44.8191065346428,-45.3197037330811,-45.7368860911469,-45.7303000719053,-46.1235675929858,-45.8399714839562,-45.4398699471977,-45.1808938773578
-45.7454680921118,-46.5124131297496,-48.1493658839289,-49.6836010737862,-50.6748502112086,-48.4978441998681,-46.9147373077299,-45.4097291353659,-44.5366625784686,-43.9623057085979,-44.3208318633503,-44.4467971422795,-45.5300724525451,-46.3910527589165,-47.172190239257,-48.6541027954585,-50.7864173164482,-53.7648100013815,-53.385523019765,-52.0781096950002,-55.1787712473179,-43.2936961802184,-44.9312712802147,-40.6190240741423,-38.5984656762065,-36.7160211036776,-35.7167008199445,-34.5592809746788,-33.3026111888865,-32.8167330819253,-32.7599935094275,-33.1133325684156,-33.7482559440394,-35.1310917029413,-37.172583683059,-39.9353153358182,-43.5254553613343,-48.5902377340452,-56.4736549329213,-58.4898928792805,-60.6732755601499,-45.5912552465511,-48.9709683694965,-47.9542488383987,-47.9560060687259,-47.7273275471111,-50.0241379399335,-46.7060046616315,-45.9865763151482,-46.4383666778241,-45.4180127425927,-44.5468694475236,-44.362715661262,-44.1545735113474,-43.9788556374497,-44.0416118521445,-44.3892301849828,-45.0205896674808,-45.9871033245251,-47.086454179347,-47.40157808491,-47.4662431486589,-47.2451819237324,-46.5735488402526,-45.6931893773962,-44.983127042834
-45.1799270162799,-44.8170179193628,-45.137959391478,-45.2392602782188,-45.5758478099257,-44.9284241192014,-44.7457724658178,-44.2816553600599,-44.0254541723453,-43.6877543049541,-44.1015290838388,-44.0666158057909,-44.9046656749395,-45.5593547428409,-46.6655130996803,-49.0118205652982,-53.3238193134099,-61.4002631768691,-62.6557738043083,-53.7285724794448,-55.5297878590455,-42.2203257373849,-42.2987180538879,-39.1260291286629,-36.9321091913241,-35.2321053007877,-34.2241042557144,-33.4748385659513,-32.5143367385543,-32.0240051347312,-32.0917104258814,-32.5524945470184,-33.2684999422533,-34.6666282471085,-36.7268312026929,-39.383619505006,-42.488694967152,-46.3341306746948,-50.5729961891145,-52.9770484230803,-59.3888597949962,-47.1503405020536,-56.1603026901182,-49.0025937047205,-49.9190988740791,-50.4047020161426,-52.6411518087993,-49.0195348149451,-49.0448271612982,-49.0484329935602,-46.7143074952788,-45.4706676536438,-44.7874811658991,-44.3713948107923,-44.2178437687191,-44.4645859134904,-45.3157376557257,-46.4975260657498,-48.2207660213539,-50.3215663943484,-50.9374883042782,-51.0305379226158,-49.3857549153892,-48.0759623228144,-46.6398127342694,-45.4298198593019
-44.3818589744794,-43.5342927887273,-43.2894846792233,-43.0061099290943,-43.0727751737739,-43.147352752032,-43.541528142213,-43.7954913225767,-44.130485788305,-44.2645696335201,-44.7002363843518,-44.7994453440015,-45.3192212156602,-45.8146716185257,-47.1138210368482,-49.5819094966406,-52.6276084689399,-54.7330881232338,-54.6194751663054,-50.538750865587,-51.9107211549465,-40.847777647975,-40.0868216747906,-37.9954040481213,-35.7968845303675,-34.1727989573485,-32.9990252390637,-32.4098896003014,-31.7215551619363,-31.2434425235352,-31.3517663512422,-31.8368310689095,-32.6700484254407,-34.0122913681807,-36.0287415377691,-38.6661891231545,-41.5917945515264,-44.962019547367,-49.0534419157625,-51.9405143753521,-52.7794074341109,-50.9934290646886,-68.7462688570226,-50.7674713200364,-52.3546894674057,-53.48269288257,-56.8532676579992,-54.7858947635688,-58.2059799387864,-53.1313270885762,-48.9714767379803,-47.0484552799383,-45.484222585254,-44.7937744446551,-44.6424749600396,-45.0803818542454,-46.2947411164959,-48.192258392231,-51.2633321530938,-55.5547771268583,-58.9713562406107,-56.5198171565294,-51.7537049322544,-49.4626335707337,-47.7136467192643,-46.2402566714653
-43.222694017874,-42.5859849447788,-42.2211222591604,-41.9726762116106,-41.9541592866487,-42.5373719256016,-43.2368512920892,-44.0914200352653,-45.0127150572515,-45.9375106959466,-46.5015635003862,-47.0059143919775,-46.9856231716086,-47.1266725076828,-48.0146250140123,-48.8427749690634,-48.6412146625756,-48.0353845235509,-47.3977465924959,-46.3619569764084,-47.4076911516479,-39.4527405871778,-38.2905402184075,-37.2039243065876,-35.1082265544957,-33.522524856631,-32.1109514646272,-31.4734059002151,-30.9614586423001,-30.54759585579,-30.6427060499716,-31.0977372264889,-32.0324426656501,-33.3307924846265,-35.3219286002163,-38.0847376353617,-41.2971814917095,-44.852851873502,-49.7013536623287,-54.2727395344375,-51.750109571755,-58.2006368381662,-53.6112781931324,-53.4682089574334,-54.8473536561574,-55.2117181915697,-59.2475573646638,-56.0024579960412,-58.0703596529468,-53.6765839307205,-50.6141462611533,-48.4468618127019,-46.2675292594864,-45.3930603652483,-45.1600773669672,-45.5535480668553,-46.5158421869041,-48.6356041566065,-52.0931816188904,-57.1115532008011,-63.0488136401341,-56.4068076876968,-52.5019468683033,-49.9508118820342,-48.5977111769288,-47.3810970519418
-42.0119714348193,-41.8638139777107,-41.6508114395191,-41.6666844618996,-41.7347257722115,-42.6527471114572,-43.5167485014327,-44.9299525044989,-46.5236555693735,-48.7929808910994,-50.2201426988898,-51.5789311409414,-50.2148286413839,-49.357514593201,-48.8261327707138,-47.3583068536619,-45.9467830333777,-44.8692420756906,-44.1450346242749,-43.7246034389079,-43.9234658086134,-38.6558964630024,-37.1273413098412,-36.7969095198652,-34.8079532663878,-33.2521798195026,-31.6206845174819,-30.8023317714775,-30.3424431910937,-30.0258141647262,-30.090579558409,-30.4975283547487,-31.441924730748,-32.6867089762754,-34.5824954727122,-37.3305109983717,-40.7942474346231,-44.6257132729571,-49.98287947056,-58.2516377442735,-54.6572655393697,-51.3447655982082,-48.5671726838625,-56.1841841280887,-56.2353651832873,-55.6389606148504,-54.5842402994651,-50.564557194478,-50.2036025063126,-50.9086562294228,-49.9636983742099,-48.7498179154035,-47.0662087684345,-46.1847861189352,-45.7894261695237,-45.8005418027966,-46.0587474138304,-47.4999786697943,-49.3565023138747,-51.9434359699661,-52.9091554920278,-52.389937849658,-51.6375729691713,-50.0995811278617,-49.677970138101,-49.2354359732911
-41.2875874674096,-41.4758895326781,-41.4937596535195,-41.824190407302,-42.1054078301144,-43.1035802522773,-43.9864802304263,-45.705715102782,-47.9054958117897,-51.6487889274141,-57.3874199791619,-63.4384343480102,-55.0409677690366,-51.8322975195395,-49.1811435048466,-46.2955903593603,-44.6546906441749,-43.6545858023859,-42.9665039005904,-42.5680752125582,-41.7768039509096,-38.8668273990138,-36.8040760573573,-36.8548178112467,-34.8998287077807,-33.3448139698584,-31.574260749975,-30.5157602125331,-30.0004975621009,-29.7619277264826,-29.7858616017158,-30.1381015444895,-30.96298687049,-32.0760922672375,-33.7053447424519,-36.0972969521134,-39.2571788106864,-42.7223798376921,-46.8907267310814,-50.9034718598298,-62.1809496637171,-45.8753552360429,-45.9537509178924,-53.8030288258405,-54.3759625988875,-55.1621400109383,-51.1141466506307,-48.4655416213637,-48.2917700089732,-49.8443511320453,-49.2508082566636,-48.7078813794912,-48.0484760614141,-47.1524524138463,-46.5531032831067,-46.0506596557478,-45.6934452660227,-46.195112030327,-46.800148218246,-48.360348473565,-48.9775396722777,-49.8814281886217,-50.5918226726018,-50.6028640646874,-51.6029728044206,-52.8172349705531
-41.3818406542104,-41.6396714323408,-41.8210823886015,-42.3416138566241,-42.8424296388621,-43.616279607712,-44.3784958626255,-45.8661072173149,-48.0217784685414,-50.9972915258072,-55.801830535664,-58.2742964743046,-55.7375977261657,-52.3753950629489,-48.7227366761091,-45.8262275590511,-44.476365252102,-43.9627552731933,-43.4036518054914,-42.7815413723016,-40.9800817245975,-40.3340101795162,-37.4784152630808,-37.4713370558196,-35.4599081873759,-33.8204857234919,-32.0034106750227,-30.6879424175362,-30.0397402957036,-29.8041742493813,-29.7556743021109,-30.0318381287378,-30.6321601186549,-31.5227051059688,-32.7640563959631,-34.6453419188101,-37.2531064770823,-40.1232779331744,-43.1844544292416,-45.3067937210409,-50.55485487358,-43.3143584036931,-44.926329777626,-49.7778444415707,-51.0076899971468,-52.9651464455347,-49.4042903739724,-48.3974355416688,-49.0954788191414,-50.8348391694667,-50.2755966746136,-49.7495569477283,-49.5834074567194,-48.2112505835427,-47.2914572345574,-46.4001849210459,-45.6936108286079,-45.3632069929288,-45.2301791078441,-46.0767302297584,-46.7656675638137,-48.0764660576354,-49.4162912088047,-50.9019505080887,-53.8608621239867,-60.8943442969152
-42.4248054748276,-42.5485354400307,-42.7914942810637,-43.2872466051052,-43.869028285445,-44.1927513708169,-44.7626641757638,-45.6367903806589,-47.1175944539062,-48.5973390879065,-49.8487744529145,-51.2062608304459,-51.420727942913,-50.1477499359931,-47.4793666614195,-45.8334090592469,-45.4191517802774,-45.8088018307398,-45.4737334376424,-44.4418485211305,-41.5375606383157,-43.3005145006636,-39.3002547681521,-38.7514582808337,-36.6296980678852,-34.7518521934629,-32.9266390746935,-31.3422315214086,-30.4978371923883,-30.1455290457014,-29.9674198876428,-30.1215550940772,-30.4624448276014,-31.1080739108911,-31.9928251215281,-33.4523029270917,-35.6290637253825,-38.0701011519284,-40.5162310374498,-42.1464480888083,-44.7620031473703,-42.5149503820414,-45.2245107037482,-47.0006084774463,-48.2243680832939,-50.2461764699436,-48.9482066188068,-49.5805165198477,-51.9260879743387,-53.8611275331589,-54.1606780470799,-53.194494659508,-52.0438302895297,-49.2724882408682,-47.7427526241851,-46.6133992656181,-45.8011885263625,-44.9534314489471,-44.4332593579698,-44.6007860024233,-45.2706428518616,-46.4166289977696,-47.7619504264906,-49.6633706410626,-52.357892110219,-56.2857654686508
-44.4289140002966,-44.3406372026319,-44.6253960796763,-44.9224845264202,-45.3627349551574,-45.1171336278609,-45.4079695251504,-45.5738071066332,-46.2231554316241,-46.7991757809235,-46.8049241543266,-47.8290306999247,-48.0519987892783,-47.475363858664,-46.2848607766541,-46.5073638497275,-47.8946518409067,-49.7509123872755,-49.7616623993728,-47.8995039772979,-43.3915903675158,-48.0334368527318,-42.4834505091051,-40.8354733235293,-38.6214118500568,-36.2608876354261,-34.3365926395901,-32.4425862760671,-31.3278520217394,-30.7179552293079,-30.3463667740619,-30.3191773501645,-30.4476051730688,-30.917589051048,-31.5889019976368,-32.771317886921,-34.6614452541801,-36.826956716717,-38.941243763482,-40.5851789349129,-41.9292179012643,-43.077186137106,-46.647496298449,-45.3339352087996,-46.4480461702459,-48.2671438763952,-49.4304464100164,-51.6749486991611,-55.6101327082243,-58.021637877663,-63.2828405635502,-63.0977831248758,-55.0061853841939,-50.2804605047096,-47.9428532069047,-46.5145541795016,-45.7120273465261,-44.7678754626703,-44.1479478659458,-43.7253962680458,-44.1692718358905,-44.9211312095983,-45.9339185293914,-47.4369957206813,-48.6312725027276,-49.4121523678569
-47.2488795385501,-47.0708621274776,-47.6301862387029,-47.7986704023911,-47.8510746339741,-46.8293975666737,-46.5006093107639,-45.877103760568,-45.6754594826178,-45.6281920915733,-45.1442572813647,-45.6523391175317,-45.6684185993092,-45.4948474846729,-45.8342756665574,-48.3045024147697,-52.6971451356548,-58.1137064224983,-59.15782100199,-53.6064482299405,-45.8674860234801,-53.8746238492529,-47.5713933915574,-43.9835447514724,-41.7521873883861,-38.4547321363785,-36.1347879202818,-33.8569235328428,-32.3818480500491,-31.4023145094405,-30.7989584493772,-30.548632775038,-30.5676807876704,-30.9847296347758,-31.6197222527449,-32.6347666480192,-34.3207289812361,-36.3504671613985,-38.3758028257667,-40.303879489623,-40.9170746060906,-44.9042417609962,-48.7471081092015,-44.6417662781579,-45.7379148893704,-47.3043918411668,-50.5744322540887,-54.7890233882822,-57.7360978738667,-58.3022274303819,-57.9959293086564,-59.5494712483144,-55.2619638989827,-51.0589367711256,-48.2251936137908,-46.3632438915927,-45.4923375139475,-44.673088910255,-44.1394890673735,-43.3613427041031,-43.4617332100383,-43.8522559694307,-44.5097992199338,-45.5743809883105,-45.9912037206298,-46.0250376339003
-50.3469682218318,-50.4609758820063,-52.0573593835721,-53.2579258183842,-52.5904965665266,-49.8281694424132,-47.9512075562229,-46.3599969194237,-45.3232863193795,-44.7836480342809,-44.213702104162,-44.1569292563534,-44.0677549993965,-44.3643688602787,-46.1713956619858,-50.5742024765104,-54.0746857017487,-57.7806310845787,-59.7333133085498,-55.1350864086247,-47.0688724011526,-54.3926488449953,-57.7000215122473,-48.942306960882,-46.3086786519753,-41.0522462331031,-37.9394897902982,-35.2883612696878,-33.4167928074751,-32.0598204038404,-31.2387896035253,-30.7794919754004,-30.7993894740858,-31.2789203003227,-32.0322298791101,-32.9592719375516,-34.489919208096,-36.5632974650017,-38.7857401513442,-41.1881836089243,-41.3570823936228,-48.1540696117015,-50.2634235814941,-45.0258357283592,-46.1390144585015,-47.3030822838777,-51.9783118721218,-58.8137099421052,-59.3276674186365,-56.917783043674,-54.0428761016772,-53.429096582384,-53.1860496884874,-51.278941085402,-48.7365377660439,-46.5144992194956,-45.4165858644919,-44.6406397023297,-44.2182703704551,-43.450195565998,-43.2666230533042,-43.4405365020613,-43.8484950764849,-44.5760960809054,-44.6751899614283,-44.4501478459943
-52.4970762269988,-53.1910933325943,-55.5701992133337,-61.7275520196652,-62.0699984555331,-53.4693631849878,-49.1212450244612,-46.6564346461886,-44.9688643707262,-44.1028833466435,-43.6901381114177,-43.2307786808634,-43.1974797000049,-43.9691218130599,-46.5083823733626,-48.9247510261724,-48.7707699854699,-51.0871175072052,-52.5206851489011,-51.0797069958169,-47.2586153897607,-50.1554132518859,-57.6506223598716,-59.8950322619091,-49.5448285319588,-42.3614205494828,-38.9441934572323,-36.2918210670226,-34.1772123941639,-32.5778072740204,-31.6091138909411,-31.0334252956564,-31.125798330269,-31.7231967410636,-32.6836533986753,-33.6159879204302,-35.0573934590569,-37.3869317900625,-40.1420592138496,-43.1945098871082,-43.1122548202546,-52.8673762020918,-50.0416627447251,-46.8099565130222,-47.7451793023802,-48.1069216156584,-53.0473201134654,-60.4949594267291,-60.7524256339912,-57.5688467137877,-54.4467064842128,-52.4875593083625,-52.1135753751897,-50.9463770553957,-49.1618414275313,-46.9982887560486,-45.6047465930364,-44.6851961407688,-44.291506820579,-43.9280411534857,-43.6934905495932,-43.8486689036299,-44.1551463829529,-44.5977508190715,-44.5689689185027,-44.1955594378906
-52.4931516725912,-53.7225584894522,-53.7739076161496,-53.684505670176,-54.1347916183097,-52.1364243128456,-49.0698222880528,-46.6008973980378,-44.6674571374913,-43.6569206072925,-43.4376063353214,-42.850966342706,-43.0052227644665,-44.0538489952371,-45.7505174185927,-45.4924719501653,-45.8466068007165,-48.3453547547343,-49.7792866134862,-48.8527971565783,-48.804053966074,-46.762915412464,-48.983673056688,-57.1435264850518,-46.8324985927247,-41.2592740599377,-38.7329664239308,-36.5926369820267,-34.5341130282965,-32.8993368324224,-31.8923045548476,-31.3550323907389,-31.5329504824955,-32.2197857662688,-33.3876592252944,-34.4817722806629,-35.9566820342664,-38.6878754537443,-42.2442458664643,-46.1739355880459,-46.0498199290604,-55.0276976183761,-49.3662603515738,-50.7821995859015,-50.8150565172088,-49.5698013714877,-53.3067822404581,-58.2836755069059,-60.0771352058237,-60.8181304958783,-59.6559767655408,-55.3703361238061,-52.6047163781323,-50.4982757854918,-48.972936037973,-47.4093707119192,-45.8986831541396,-44.7970303101879,-44.3969625787768,-44.7166428432633,-44.8103983934259,-45.2144419831823,-45.6566882716036,-45.8490472803321,-45.6803003001358,-45.0812513514845
-50.950525176695,-52.6185896518599,-51.6182519193347,-49.6893224148478,-49.1617213556052,-48.856632828409,-48.1059865606306,-46.4424500185924,-44.7092625421106,-43.6830900015904,-43.4984968061094,-43.0232079178187,-43.3864117027163,-44.289760321182,-44.3656148299484,-43.4978678780305,-44.8490425875407,-47.1517272774526,-48.337598221959,-47.9373525098965,-52.6841714237886,-45.2196721774985,-45.6946272735337,-49.3440605899983,-44.1032707388869,-39.7706338414958,-37.9831603795546,-36.3627333042551,-34.5259665423189,-33.0192102185187,-32.1004312671223,-31.7614083344824,-31.9905163443795,-32.6772800905898,-33.9933106909167,-35.4625856265162,-37.1270692730257,-40.1633982019816,-44.3307350407386,-49.3812934665091,-49.4114330708981,-53.2725666881657,-49.8904801863501,-60.2108098643959,-56.2290177129707,-51.8604084990591,-52.843397697421,-54.7718753707872,-59.2288681670294,-66.210625450692,-72.1028370761441,-63.0636038011007,-53.819427047169,-50.1457856182564,-48.1322870184235,-47.1691499942727,-45.9217448939638,-44.9321316800326,-44.6510898633529,-45.7064943565401,-46.6179895968347,-47.6401658325501,-48.7938263819409,-48.8688317750301,-48.1711922152383,-46.9612429529
-49.4090855303536,-50.7328501815288,-50.2169983686432,-48.2535285279058,-47.2266333803319,-47.224754351544,-47.3665869447164,-46.6083816984565,-45.4241172892678,-44.4635517296792,-44.0596382459976,-43.7728318440311,-44.1676737594868,-44.4486724107908,-43.4170258013705,-43.0268014016564,-45.0864331320867,-46.4677500810537,-47.2767144144665,-47.8042571211242,-53.2751718811992,-45.8628882668089,-44.9991484408727,-46.361983873518,-42.5934528556862,-38.9738962109421,-37.3865469351809,-35.9435133470204,-34.2722556566869,-32.9682788047364,-32.2518051996617,-32.1986622663459,-32.4314982033614,-33.0404229566269,-34.4545545023899,-36.4590227451721,-38.3865621747234,-41.3398863387432,-45.421084146434,-51.3586895966304,-50.9118974144056,-53.7614490693669,-52.9001916821952,-61.310519135893,-63.1410102871508,-55.7328307662579,-52.1610445303615,-51.270373156508,-56.0685953830959,-60.8809291491738,-56.7080024959104,-55.3888481495085,-52.7467207272575,-49.5414826593706,-47.0561699454126,-46.2247699656688,-45.4383941692553,-45.0478802860172,-45.1309854666994,-46.6899291874661,-48.8173549044557,-50.8174367105853,-54.5183695128603,-55.5533210497401,-52.13587420059,-49.3671045115801
-48.6876200724817,-48.863208300233,-48.9465526310163,-48.0492223712798,-46.9977294992315,-47.1376734292839,-47.5131942727578,-47.5269709503472,-47.1511083868496,-46.2969233506165,-45.3746070108317,-45.1068505510933,-45.1054706082282,-44.5209525347458,-43.2598060140707,-43.8190668804438,-45.8299583093931,-45.8453401060618,-46.5675171948,-48.3075729116775,-49.4057784059337,-49.6160313249417,-46.7572746045443,-45.6681049747917,-42.0247801033799,-38.8430624246521,-37.1387768436645,-35.5440586720293,-33.8982844641037,-32.8046927863738,-32.3467648258217,-32.5337038214892,-32.7540630779215,-33.2999550202813,-34.79790195019,-37.2936020488147,-39.3790232027277,-42.0301342710128,-46.0443376471968,-52.3310058942178,-50.6238100936728,-58.5987444982354,-61.6466159985113,-53.9165766923658,-56.4448416317438,-59.2319207512844,-51.8412705302492,-49.050001288491,-51.6312051079992,-54.8700566082966,-52.5796528188105,-50.2275968523164,-49.558925357467,-48.2053595056701,-46.0150208246524,-45.0635290408533,-44.6854787228942,-45.1202360588886,-45.7468613043618,-47.3181239524853,-50.1839458822336,-52.683242869266,-58.8791200217926,-68.0335349295446,-55.1231379723909,-51.1292946998277
-49.0158629331679,-47.6452654369524,-47.7554786174827,-48.2513996359085,-47.8765823639158,-48.2003978161367,-48.8570087887288,-49.7818433923826,-50.4825823802251,-49.5442197471312,-47.6610315387525,-46.9024258049478,-45.917633477051,-44.5950398103179,-43.8559827087868,-45.5101596333295,-46.2338279542074,-45.5396612353242,-46.6101754396852,-49.4724512340324,-47.9260214807488,-62.0544787109443,-51.5275425067891,-46.8408806831845,-42.1944788575674,-39.0436486077205,-37.1288277676858,-35.2168430228897,-33.5101176021607,-32.6004048910942,-32.3573729536716,-32.6083292259807,-32.8575414286885,-33.4513748669651,-34.9893927489011,-37.6994422369203,-39.8615331056581,-42.596817689548,-47.3067386215986,-54.0439657106829,-51.1736158500553,-60.1266571560394,-58.1736151075366,-52.0871383860098,-52.5965016652976,-55.2488275020324,-52.4510368966259,-48.6771311021636,-48.9553256639523,-51.1130826475604,-50.6050442645771,-47.9276027163607,-46.894788759802,-46.3644697772909,-45.0661171479071,-44.1009785786797,-44.0536459623978,-45.0996119827515,-46.172778027646,-47.3400679221628,-49.6515263698663,-51.9085930490909,-54.1066852924754,-54.7528660555744,-53.7336646559748,-51.7856300193416
-50.1904496184085,-47.313378330572,-46.9586689540503,-48.2591734025507,-49.1046807945947,-49.5992493674658,-51.3477282211616,-54.7445006035795,-57.3481453098968,-53.9742477542903,-50.5631427820446,-48.6294100944839,-46.3682741356014,-44.7571678065765,-45.0740937303629,-47.2910076047336,-46.1964535821442,-46.0968959858421,-47.8206473068342,-51.2838898422331,-49.0470935078468,-53.7331365260279,-52.9716466236394,-48.8289575592066,-42.6591927206168,-39.191931231912,-37.1079912818957,-34.9112261564517,-33.1804639631997,-32.4138933071191,-32.2425234901931,-32.3489770328833,-32.6945174512529,-33.4391250098995,-34.8589298024639,-37.4722305045528,-39.9161537965032,-43.1624496872165,-48.9398708149803,-58.356743625708,-54.4031411830237,-53.006400674005,-52.4087915008592,-52.5064709620095,-51.9406844812593,-52.7960691762101,-54.6793743966383,-50.7664663490503,-48.4170556877871,-48.8172842401054,-48.8750513103635,-46.858635258674,-45.2190960150352,-44.6893558590581,-44.2521997712825,-43.5326641642274,-43.7250360071806,-44.8950377384436,-46.0598475963677,-46.9050121779588,-48.5006216431545,-50.9406169550466,-52.0330307488439,-52.1243988901157,-52.9968948197498,-52.6633048203655
-51.0294330431167,-47.8163672012222,-46.7311661007185,-47.8333064845593,-49.4186462022486,-49.8436279344623,-52.5119573169805,-60.4805017641304,-61.3545704663716,-53.9670990735225,-51.304328754332,-49.1598590664957,-46.4095667885602,-45.1590037923226,-46.733090558217,-47.9996817073564,-46.4943716450395,-47.9822990652626,-50.4955455812696,-53.5066328979226,-53.2848841904929,-48.7083321101053,-48.3324896448258,-47.843623466129,-42.5262214611623,-39.1100086972948,-36.8815485635518,-34.5485337322138,-32.9360142755424,-32.2632881575193,-31.9846209671516,-31.8385686015521,-32.2984238562777,-33.1778878732198,-34.2755968035889,-36.6503200012001,-39.5155947467739,-42.7691444418094,-48.0364557602702,-58.4658451705468,-66.0561561846868,-49.7651220526055,-50.8258546228493,-53.6100107249038,-54.4457570670832,-54.1748715481172,-58.8602522566586,-57.1073194398713,-49.8552880123765,-47.5261210835172,-46.9893246362484,-46.1108691864374,-44.3934688715366,-43.6353203661404,-43.7122189134552,-43.4397883949902,-43.7043814734196,-44.5066763558032,-45.4790276992946,-46.3115889133921,-47.7510961668149,-50.5725218382443,-52.3355883287316,-53.4409972352261,-55.242825727938,-54.8274164796795
-50.1980654259799,-48.7448068245012,-47.0344926132197,-47.0333405313231,-48.207739170009,-48.5797734474667,-49.6578100937328,-51.6900278071704,-52.0039336840405,-50.1890956315376,-48.9770635518386,-48.0820723467587,-46.2689574910563,-46.041551078441,-48.355395329311,-47.804512548204,-47.8804454583021,-51.5029165522041,-54.1547866755577,-55.6291992090569,-66.0162654873392,-48.062660848466,-46.6265837083004,-45.2473072982788,-41.5633214622545,-38.8982873372103,-36.4724950923781,-34.118132313711,-32.759014017744,-32.1202869641836,-31.6173188747081,-31.2636297023955,-31.7685503931902,-32.6602892764438,-33.4005130261252,-35.4688819954295,-38.4041614502039,-40.7433025443698,-44.4231506380771,-49.5500311064675,-53.324771690674,-47.5361123921321,-49.5651647649628,-52.6683567534169,-56.8319466101975,-65.634852093551,-56.1884088665539,-54.9846927197964,-51.1833955225979,-46.8043352805393,-45.4942826325648,-45.3916967128446,-44.308441990822,-43.4376669608346,-43.6664600950831,-43.8614716494996,-43.9894242843275,-44.1441911830761,-44.8359657866379,-45.7015136888395,-47.2207892444609,-50.0291027721757,-53.4397234757457,-58.79215553961,-64.2376158626038,-57.0449541683016
-48.9728008652784,-49.1639618798918,-47.61518106389,-46.1455518935417,-46.3431546325226,-46.8438301254504,-46.5840095796295,-46.8373705396749,-47.569197301317,-47.377214321224,-46.6445625860315,-46.4765967470041,-46.3059648025633,-47.5760148055202,-49.1050223338939,-48.0856466157307,-51.0663596052992,-55.831249789828,-55.6502156324097,-57.1895659962697,-60.8114977341866,-49.9845958926951,-47.3254900335247,-43.9831290045084,-40.6432364838875,-38.6898562237392,-36.0318501707166,-33.7017720737077,-32.6122584787303,-31.9357400632335,-31.2173684420536,-30.8022118966668,-31.2330132965767,-32.0137986171769,-32.5706821716841,-34.2158232937302,-36.7580788570533,-38.3214847847611,-40.9560547403707,-44.0608120079212,-46.0159779034459,-44.8405677422149,-46.2693287670686,-49.852397626422,-50.14564139104,-54.2177521000753,-50.2080395056992,-47.9575973864912,-48.4984072210077,-46.2655886954417,-44.8047776420358,-45.0396284235974,-44.9888993631584,-44.296779784596,-44.3775268477862,-44.8262310865123,-44.6513621517179,-44.1037405618821,-44.4455478060859,-45.1391906204611,-46.3679258463566,-48.5093515171279,-51.7634977640879,-54.8274935354473,-57.1905424341716,-53.925976229067
-48.7916796874762,-48.5430127445058,-47.8715998374677,-45.5062349540704,-44.6917886261202,-45.1860592123987,-44.5269588214131,-44.1865818171823,-44.9162342864755,-45.3831068083346,-45.0009968198599,-45.2028901435464,-46.7192806314074,-49.33934185541,-49.1474594433035,-50.1369850298234,-57.6244519428935,-57.8450754299915,-55.4873337538849,-57.9779500607936,-55.0704282876113,-52.5721331993836,-49.0717539092242,-44.0103054977559,-40.2792274540316,-38.467624867523,-35.6389585166535,-33.3968169459918,-32.4765416752181,-31.688999667246,-30.8753750630505,-30.5581829388007,-30.8150930685426,-31.4325682522789,-32.0345834300284,-33.165820362021,-35.187979983658,-36.4951774110859,-38.3913598002794,-40.5956893976565,-41.7848854601224,-42.2985428322345,-43.0273094053515,-47.1312796912536,-45.4925707682649,-46.4961382752036,-46.3136475276289,-44.4617071645977,-45.3896568375997,-45.7993223216259,-45.0098356008418,-45.507632302428,-46.6541866569347,-46.564273552916,-46.1866931785958,-46.3597864601046,-45.7258040702838,-44.572421688549,-44.426115004035,-44.7338110153849,-45.2206702874991,-46.4884082310229,-48.2144302425061,-48.5443805339163,-49.8200717811275,-49.5118023216402
-49.9465221692177,-47.6595912932567,-47.2106200145403,-45.2049965674821,-43.6219592162892,-43.8062023249928,-43.2777980441959,-42.7647152094595,-43.20335108544,-43.8399746900292,-43.8728944357389,-44.4627364280231,-47.1790438791884,-49.5575466040948,-49.6881200819568,-56.4120611477151,-66.4717566925306,-60.9087170231556,-56.9247990582948,-57.65634453683,-53.6308321379094,-51.0625715600201,-48.5437521841735,-43.9268212942487,-40.1733816223876,-38.1230431146089,-35.2673427401158,-33.2503581168963,-32.3698226742263,-31.4257692038524,-30.6740308161031,-30.554551220915,-30.6120820537228,-31.0888641778165,-31.8913205800969,-32.5508393946475,-34.1621074051608,-35.5213039366786,-36.8336414061592,-38.5348220956772,-39.157837677329,-40.6802955194904,-41.0342458797201,-44.7126005894194,-42.9393959050216,-42.7659908445256,-43.805669304773,-42.6921295147567,-43.5322909381606,-45.486659473354,-45.9425263561552,-47.0132177311137,-49.8513882802886,-51.2248794024541,-49.7152167322362,-48.4258695536141,-46.9637222177712,-45.5140214319424,-44.7729294814324,-44.5941253370935,-44.3139107480432,-44.8081212365634,-45.4769794126945,-45.2877431583725,-46.1349892222185,-46.3623726069569
-51.3640369270091,-47.2850496720326,-46.0446844003035,-45.0194492806021,-43.2334228830161,-42.8748196969457,-42.5915866915657,-42.1532186541101,-42.1503854332795,-42.6586591636589,-43.1153417007598,-44.0931876686066,-46.7113048969204,-47.8242783202737,-50.9124323134214,-59.0080066126351,-58.3615367444636,-64.5126666877512,-56.8258352182699,-55.9264020061553,-53.6475357082184,-47.92063438362,-46.0809759641985,-42.3459396417435,-39.6607327609974,-37.6345621491718,-34.9082129036808,-33.2691808886222,-32.3346195326685,-31.2493003465789,-30.677561127511,-30.7550009478734,-30.6844699285212,-31.0954446457252,-32.1431725391526,-32.5428502181311,-33.9164149621476,-35.4592893869945,-36.3655872993114,-37.6776033680519,-37.8332680891781,-40.1217021263323,-40.2511158890684,-42.468430211105,-41.6156326553635,-40.8765498802735,-42.23540312188,-41.9788040157527,-42.5742792901602,-45.2051267904989,-47.0060602843317,-48.9602227352452,-55.315248466218,-64.4490287018602,-56.1934041786143,-50.5831278544334,-47.7489178128999,-46.5908659455048,-45.4150245625397,-44.7641615182724,-44.0298409951012,-43.8811342092262,-43.9203675126148,-43.7812617171614,-44.1265123025011,-44.2905209565944
-50.5423753712292,-47.5943078969484,-45.2897630837374,-44.7473696144368,-43.4875185689189,-42.5255712131354,-42.333430412804,-42.0993245219454,-41.6756723324886,-41.9167799381817,-42.6898204461695,-43.7954173388673,-45.1756681064911,-46.044377961545,-50.2197514173261,-49.7811371291276,-54.6833638679741,-53.9297481416094,-52.2855003289164,-52.9982093476698,-53.510377855268,-45.5835370954134,-44.2346559114798,-40.4024504400829,-38.7675158221423,-37.1537014827276,-34.6739796602959,-33.4635726344202,-32.417528847356,-31.2754781827681,-30.9227087631262,-31.0959217353459,-31.0500431351114,-31.4934488913813,-32.7411154979633,-33.249382120327,-34.5854872982905,-36.3986086270231,-37.1573092016358,-38.0440235472307,-37.840998483075,-40.407028679066,-40.3739411023246,-40.5729458597191,-40.9639517725816,-40.1591125503812,-41.3798976705884,-42.0109745763942,-42.1594847642061,-44.6645194835784,-47.2547693348644,-48.9996177832614,-54.9552723104036,-56.9577495778435,-56.2400459022954,-51.320541792525,-47.7822427025347,-47.3060167193498,-46.2494053933202,-45.2920278499083,-44.5411552498206,-43.9266350190448,-43.5183159450069,-43.5047875657516,-43.2056944890553,-43.047475547788
-48.8300461330077,-48.3970965260883,-45.5058863812959,-44.6248778687658,-44.2527285104372,-42.8220599078886,-42.4616353983957,-42.4081344105912,-41.7602283295332,-41.7267400748448,-42.6167339488663,-43.4595030501399,-43.7127597437997,-45.0035445322933,-47.2182075771863,-46.1767852898267,-51.1493365539249,-48.7081162297141,-48.6671211599082,-49.6899099074891,-51.1242724478513,-44.1788449389468,-43.3689163874257,-39.3160004894697,-38.2282864562693,-36.9218996326779,-34.7602549692716,-33.8660896360477,-32.6628176219098,-31.5896190992398,-31.4090285944929,-31.5225384424948,-31.6789826076132,-32.2363425832592,-33.5974018658572,-34.6835515812202,-36.2423839950111,-38.5593333524541,-39.6225170445875,-39.8980073185932,-39.4292029953736,-41.0043385027833,-40.8758474441111,-39.2817915833716,-40.5941178520072,-40.2378444737389,-41.1082467005556,-42.5847532604626,-42.2717652803949,-44.0353465227547,-46.7097542681066,-47.3057321293285,-49.7998685388535,-50.481879260673,-50.3263130776158,-49.8231740480906,-47.485366457912,-47.5219515647163,-47.1764142047139,-46.392080544228,-46.0902878280424,-45.2613741431355,-44.3629435306463,-44.1879137886719,-43.1055030243865,-42.4380591215222
-48.4562322089174,-49.460040541165,-46.9875334915965,-45.1841256539888,-45.3403237464618,-43.7313653941802,-42.9653998150007,-42.9099600249948,-42.3569917124331,-42.1591628687537,-42.9434378076155,-43.3399268878888,-43.1307873252701,-44.7484344577812,-44.9603407807731,-44.9386364438047,-47.6736251493045,-45.9893486858895,-46.4847724059509,-46.7907323831387,-47.4458117851145,-43.8238202389763,-43.3841866147833,-39.4244260954919,-38.6136882251628,-37.1729454043105,-35.3476995781692,-34.515338964447,-33.111356491671,-32.22177168191,-32.0953718439631,-32.0189395139555,-32.4911440998027,-33.1765094912435,-34.5686707853124,-36.612982087008,-38.6504607066134,-42.3592633514374,-45.0966240609965,-44.0203125199574,-43.0627561181653,-41.2234638795543,-41.0244521871617,-38.7269377404915,-40.2981373716554,-40.7770582092144,-41.2948322695372,-43.4915261785065,-43.1577090595519,-44.0094792529941,-46.459563767585,-46.4383052835715,-47.2054514966107,-47.9099569892468,-47.216279491599,-47.6145793538902,-47.1320505411101,-47.3982194454156,-48.0485300098391,-48.5042788038947,-49.4958181225906,-48.7145192202141,-46.7103699102841,-45.424855813057,-43.5051151423821,-42.2239167760559
-50.0444851505615,-51.0773390719418,-49.9513377811511,-46.9628912047817,-46.5706752254192,-45.0225819096354,-43.7771726806839,-43.4480192090573,-43.3105317203691,-43.1933168844127,-43.7457114228172,-43.8709568605952,-43.8257508088065,-45.3026639770514,-44.232296881287,-45.1358954349023,-45.2203529582032,-44.642438971894,-45.1930578118712,-44.6611176623803,-44.4791265926754,-44.6123781904255,-44.2293108971001,-40.9248520703962,-40.2615916859331,-38.1085944077561,-36.5406023722541,-35.429413630064,-33.7878795903686,-33.1359242738287,-32.9118182807367,-32.6165481045195,-33.3658506038508,-34.106787421862,-35.4442684369456,-38.2539194677729,-40.3782355358329,-46.9656652366604,-66.2238146277391,-51.3487839962685,-46.878855174294,-40.9751638201222,-40.5426458596979,-38.9152557378535,-40.0285169232342,-41.3923754402792,-41.7272972065581,-44.463362365498,-45.080861457658,-45.3420392010955,-47.5041323124503,-47.414078563787,-46.5618106816392,-46.7799331764992,-45.5770053412644,-45.6188349014344,-46.4685412581287,-46.7223152038493,-48.3169753459355,-51.3858934933503,-58.6874627882309,-57.2217078355731,-49.9952989592213,-46.061638888113,-43.6891185315944,-42.0759686808526
-53.7263296023599,-54.6185010717436,-54.1255550197798,-50.4712296893591,-47.7968444528925,-46.0737220210877,-44.6557183470182,-43.8609180623956,-44.2893009966565,-44.6111131081921,-45.1043224529333,-45.5729742925851,-46.3475914447822,-46.9762238164404,-45.0185754483571,-46.1854850170267,-43.8838994974386,-44.0769621023333,-44.3615166148648,-43.3887916708534,-42.753336050232,-46.1570922286513,-45.7964651952587,-44.3787211684946,-43.5813518239072,-39.8704360540342,-38.2951980654616,-36.5671591099235,-34.6800350181976,-34.2332884302209,-33.7886512687581,-33.3737957731797,-34.1819680625213,-34.8945096591316,-36.0327478186451,-38.7166073342547,-39.9700260450573,-45.1552898429721,-47.4955374698857,-47.3281678400056,-43.8071006658999,-40.8642826555962,-39.9709509500725,-39.7656920376709,-39.8319689003975,-41.6939541738439,-42.046764755275,-45.0234551324436,-47.8478146057464,-48.8443760024963,-51.3193570088368,-50.9636363600801,-47.3410473487961,-46.0914296263407,-44.5987518658961,-43.9341735990073,-45.126831053912,-45.185482023629,-47.0250895632863,-49.8348591973486,-54.2357823350318,-52.4845979904954,-48.480165125944,-44.8829896477771,-42.8983986143054,-41.7026067473519
-56.2341398651234,-65.9701337565826,-56.0130373196599,-53.8790165617289,-48.6178592148434,-46.0859808641817,-45.0765205185948,-43.9655207853487,-44.7884553089731,-45.7545864290272,-46.8223048156459,-49.3379515967534,-52.686263100195,-50.7429071845894,-46.8874824245005,-47.3110836746338,-43.34145492507,-43.8624725025607,-43.7284068393756,-42.942891928739,-42.3446757263567,-46.8317525946342,-47.6899076575027,-52.0933339237538,-49.2721369316093,-42.2574110376842,-40.2233193250854,-37.7541094093617,-35.7359297159416,-35.3851403445796,-34.6871232862764,-34.3372820378166,-34.8871827018676,-35.5777320491686,-36.3491205974553,-38.4201561486814,-39.0745058343926,-41.9191929979241,-43.062522354697,-43.0423787411838,-41.1400746000782,-41.4301518124343,-39.9468147100368,-41.088604497766,-39.8323845048015,-41.4859616883327,-41.9200142219891,-44.4090587450863,-48.9519225140502,-51.9851451546826,-69.8082202321088,-53.4016469648425,-47.9361652774567,-44.999383372089,-43.6082016805963,-42.4847620834936,-43.1982190283607,-43.164284691746,-44.4773891995821,-45.2478757243378,-46.0735230458504,-45.4904049921057,-44.3256291238089,-42.8399148959747,-41.5093153399131,-41.1052798996654
-54.2411098841826,-57.1315653201934,-53.2564844637694,-50.4125925170676,-47.9623224919361,-45.0409874714631,-44.4859536526739,-43.5900225592472,-44.3394474005084,-45.598541776123,-47.4377035999422,-54.4979680005179,-62.4341784226168,-56.3668751622626,-47.6753141309566,-47.1533375604993,-43.1279178667502,-43.6665728747513,-43.1992738049693,-43.1933064870184,-43.3243074514326,-45.8904977264144,-49.183492457999,-57.4664132689994,-52.8428693104198,-43.8265215324224,-41.5044999665842,-38.6810108784455,-36.9079964275188,-36.5011941526879,-35.6131677398111,-35.50320272741,-35.5436717814892,-36.2791483851266,-36.6425199880881,-38.2756135790291,-38.995813466365,-40.5935837755703,-42.1124850949602,-41.9238383608582,-40.8908438718266,-42.9131327195742,-40.8621000945619,-42.4218084885072,-40.1938728944206,-40.9118225135444,-41.3936491585935,-42.6417432322722,-46.3720946409349,-46.8643144226131,-50.6750038095493,-47.334087017645,-45.6963703485962,-43.2552532880468,-42.2175431948154,-41.2235873508989,-41.1953992428122,-41.2730403176064,-41.9189029174151,-41.9495368491285,-42.1521759471275,-42.0099448016998,-41.5746534715147,-41.1681987180932,-40.4127647715712,-40.5746074685669
-52.8617445898046,-49.9894026757172,-49.3340355312206,-46.4873008867652,-45.5567483613468,-43.53254840692,-42.9934413986873,-42.6822712419674,-42.9688272666898,-44.0527995530199,-45.4879342131868,-48.6380050065889,-48.7518524105235,-49.5318038722645,-45.8367673549766,-45.1808521565003,-42.9407156464139,-43.3033948207842,-42.8223511289304,-43.8317244536596,-45.6473963272479,-45.1365517380396,-49.5825907561254,-48.3771165096698,-48.5762941094458,-43.3222230329907,-41.8665354438211,-39.2405898646741,-38.221726955024,-37.5890852185353,-36.6161609062087,-36.7958936852434,-36.296357184446,-37.0754575210962,-37.1976517340674,-38.63708817928,-39.845644861484,-40.8644956163615,-43.2302136200457,-43.2064286818916,-43.1066494539984,-45.116414174856,-42.9055351092877,-42.9387541617262,-40.9830675855121,-40.3214131764312,-40.812000374477,-40.7832839950829,-43.3184217527077,-42.8678608506709,-44.150263512993,-43.1517835248117,-42.5593796831911,-41.4120713469038,-40.6743714500091,-40.1740019128694,-39.5854470342773,-39.82578096922,-39.9653651451089,-39.9465565232235,-40.0290584875371,-40.176533221424,-40.1332963610266,-40.2542588027781,-40.0636815988235,-40.4529098712318
-50.5171100462257,-46.4636993923397,-45.6076543512997,-43.8721759650352,-42.7567314108296,-41.9292676146046,-41.2297915774758,-41.3909354948264,-41.2541165957322,-42.0957787578742,-42.829731830177,-43.6575795963522,-44.2070116677349,-44.3110775665931,-43.8400551970168,-42.9068871755555,-42.8575597865386,-42.8282386257997,-42.7266455096037,-44.3506722453143,-47.6683096289075,-45.5218201256745,-48.569292887746,-46.0105156800384,-46.2624731709725,-42.6306419881513,-42.1599558453084,-39.8363881835589,-39.7863099620327,-38.745890619787,-37.7820691287462,-38.0840359413973,-37.2937130066228,-37.9719229577473,-38.1807314381279,-39.4673568253418,-41.3192190065105,-42.4016664849836,-46.1699382916519,-47.4368653405095,-49.2965609894584,-46.7287159898493,-45.4889535483778,-42.4241474785995,-41.9421470523431,-40.0471999135081,-40.4353705328709,-39.5643764251307,-41.0398969154978,-40.7999085839982,-40.9838238651141,-40.9257818262189,-40.4220818242902,-40.0515026380052,-39.4948753545521,-39.4269587385281,-38.621069883071,-38.9156108007797,-38.7514082554285,-38.9077550625533,-39.0220282574856,-39.4005002874775,-39.6966223966787,-40.18096231778,-40.6176716405061,-41.0398481445145
-46.4116613168911,-44.1695124716912,-42.6471649045694,-41.9443253642649,-40.455906394176,-40.3863894656511,-39.6742044901408,-40.0045591072009,-39.7608669565538,-40.4302551951411,-40.8407300046643,-41.0246652948904,-42.0040265169323,-41.6626601398841,-42.7171412508067,-41.4671237177786,-43.0413582981466,-42.5162087484539,-43.0239798704287,-44.4371041396331,-46.2575771112131,-46.8658008424634,-46.935293767235,-46.4507543891441,-45.8530521654221,-43.2356081999871,-43.1982805259091,-41.0570950053462,-41.7134761859151,-40.0910438593763,-39.2139731451624,-39.2572447625079,-38.6232282655259,-38.9471897884899,-39.6001815489058,-40.4903984807239,-42.8919858405793,-44.47081989004,-50.1460771233327,-58.6204352122772,-64.4159961244149,-46.6021913928244,-45.8948662172176,-41.8246360574272,-42.4192180916119,-40.2902758917034,-40.3251031138564,-39.1945393734173,-39.6360052777444,-39.976831608794,-39.5616931086886,-40.0274593469391,-39.5224328371614,-39.4864560667417,-39.0456054579158,-39.121543649754,-38.40470183594,-38.5567513408808,-38.2604588956942,-38.5895662106335,-38.7936432999178,-39.3926120525035,-40.0565466633239,-40.9754122220616,-42.1563777164695,-42.6713784874954
-42.9644455997296,-42.2421776587989,-40.5654564075673,-40.3275592383175,-38.866969468147,-39.0431501992286,-38.5415841592773,-38.818406432361,-38.7721575442378,-39.3143218921679,-39.7278830595939,-39.9242797875098,-41.0767433981502,-40.7143214868277,-42.373803265433,-41.2164356829044,-43.4252315797107,-42.6877359609775,-43.7215156593382,-44.3809095145531,-44.2203537530667,-47.9455782432963,-45.9121294487495,-48.8263744986932,-46.9843839927727,-45.7747922458828,-45.4125531735185,-43.3202140898206,-44.0040210106797,-41.6888761218648,-40.994195973051,-40.3383202227856,-40.2743201439007,-40.007714366822,-41.2913204412176,-41.3309781318152,-44.0979474604217,-45.3838213351066,-50.3140233182128,-52.7762266921238,-48.9756386168894,-46.2986969596022,-44.3380015726913,-41.9796710942376,-42.1573068625603,-41.0514103278681,-40.4258572718771,-39.6366691566354,-39.0932528200656,-39.988037471636,-39.4246024285321,-40.2026116394245,-39.8685085504352,-39.9262434133845,-39.5669328543136,-39.4253749534471,-38.9541778073711,-38.7351412665875,-38.4204792686351,-38.7920052590933,-39.0991217816792,-39.9143978469187,-41.006328832375,-42.5729192112965,-44.7178322530243,-45.923949357612
-40.7915688774912,-40.520581509756,-39.272814452096,-38.9763015732294,-37.9812023751443,-38.0585114617002,-37.9109750130655,-38.0572574759524,-38.3755050435582,-38.8180372576733,-39.4429968140497,-39.999624905474,-41.0910842639782,-41.1980470756027,-42.6908094929089,-42.3154814697391,-43.9046934334698,-43.5845945307237,-44.7080642803085,-44.6756021641468,-43.5854528615485,-47.5987341997065,-46.1744589675473,-51.2404529949771,-49.9605281651281,-51.3246110830533,-48.9738566225176,-46.6969906619061,-46.4582714995265,-43.498790238396,-43.1359196953296,-41.5274170513441,-42.1181968820729,-41.2315380842778,-42.9235121305767,-41.9505093084927,-44.8905276955829,-44.9643708327002,-47.8814288023233,-47.8642429839463,-46.0361991218204,-46.9773186426791,-43.6727629230943,-43.1871348726617,-41.8346289041498,-42.0051133479727,-40.6750168090821,-40.6586829548441,-39.3540613370613,-40.545908568222,-40.3637833909051,-41.3956338061458,-41.6012874589116,-41.6759702059419,-41.3370593576654,-40.5239078641732,-40.2039361733849,-39.4038000430301,-39.1023778296673,-39.3228251853734,-39.7227037634092,-40.676443818029,-42.2168530632777,-44.4729289051708,-47.8570399925737,-52.0630214722978
-39.7252300489352,-39.2337915120276,-38.6405098956782,-38.0441610486214,-37.7383834247319,-37.5790697874694,-37.8107156984499,-37.8701188360773,-38.5711195557398,-38.9533723295333,-39.9084063564667,-40.9995645567759,-41.9467180308528,-43.0993587689527,-43.8164447783091,-45.027198649063,-44.7759111089199,-45.3565152137936,-45.8774361069685,-45.5905707198209,-44.5490870917105,-46.9356260845514,-48.1529836247047,-51.0632403990267,-56.673176902106,-59.2734374572164,-52.6308062644093,-50.2997176777154,-48.6932067230447,-45.4265594687271,-45.5283712041895,-43.1211893230052,-43.9324096211609,-42.7710846247113,-44.1521472373916,-42.8059528289931,-45.4730026090523,-44.9136991835756,-46.6963256337284,-47.0086216915758,-46.5762688478231,-48.3345803869701,-44.7204494216588,-45.1622719025868,-42.167208940361,-42.5574514018946,-41.0737930360938,-41.7472802868731,-40.2868460146882,-41.3874398655166,-42.1295704711014,-43.5992038670663,-45.1799924376787,-45.503861842067,-44.8832673581942,-42.5778057533963,-41.9021197320701,-40.4384034760025,-40.087823279464,-39.9927756139328,-40.4742386594102,-41.3693452802147,-43.1995545790143,-45.3872939185241,-49.306539000304,-55.4498072106222
-39.5132337076785,-38.6112692519518,-38.5567215448225,-37.717672337356,-38.0697423128105,-37.7196979510833,-38.255334171033,-38.3518771428383,-39.3272103107835,-39.7262393849786,-41.0255416802539,-42.5509949452255,-43.6137425527583,-46.4234371200419,-46.2625889311603,-50.0769193253605,-46.7605138619884,-48.0569972444283,-47.2852714201232,-47.1209614467646,-47.2313316008764,-47.1751938115685,-52.5675975055565,-51.0788971233002,-66.7373299399325,-54.3533274594589,-53.0680143895061,-52.7872514956148,-50.4204725344167,-47.5127811351714,-47.8790403324136,-45.3708112079505,-45.5370452861341,-44.7837300478616,-44.9413372276175,-44.4192055424252,-46.0069665463246,-45.9902603285747,-46.8979888679475,-48.4630126769998,-50.0631904024242,-49.2686884928928,-47.8057763804918,-46.5632065302758,-43.496574934283,-42.5881700198904,-41.680028022079,-42.2984346550014,-41.6588200446806,-42.210820185052,-44.069781998966,-46.2238934594226,-51.35128276879,-54.9981967168071,-50.7321558373911,-45.3178751853506,-43.3989704664232,-41.5570982090757,-41.0612831408664,-40.6429796077936,-41.2044549370972,-41.8584725456576,-43.642246887282,-44.9898452004748,-48.197137512176,-49.7708999014417
-39.9003093625951,-38.7657603390307,-38.9543385533972,-38.1455284333699,-38.9135970622227,-38.5648710841529,-39.2596310058777,-39.5590672797255,-40.6057752733578,-41.1608067073363,-42.6460099917559,-44.1210443463454,-45.9242637858154,-49.991685772352,-51.2273169050289,-60.5702586443915,-50.812034257783,-51.4757766944737,-48.9309650609301,-48.9062418224386,-51.8067957596388,-48.7004435446429,-57.6021571289663,-53.4112429937955,-54.3748346481564,-53.3191787407467,-53.0589706886828,-55.9766968038874,-51.7958576532182,-49.9795187700266,-49.7278626519173,-48.2755855889605,-46.9978553921758,-47.3078139845953,-45.7152286887212,-47.121591966629,-46.6196250461776,-48.1958872352046,-48.15966738441,-51.862518307777,-57.9534151558903,-50.0093146612283,-52.4836897636381,-46.5536019093215,-45.7598267535133,-42.7221729849337,-42.5435673381532,-42.3032941931464,-43.1299774339691,-42.7634333430571,-45.0692978406241,-46.8130260249887,-51.7509997902153,-55.4552550759038,-50.3376395795797,-46.544038537411,-43.8699064069061,-42.3185151478652,-41.711431198767,-41.1857731473884,-41.8141711695508,-42.2744555110664,-43.7757903956205,-44.643965908209,-47.1774998344567,-47.5700978155659
-40.6698526076346,-39.7325733341635,-39.8371358940525,-39.4449203354951,-40.234149938389,-40.1755934384816,-40.8407755388783,-41.5028094430648,-42.3769715250473,-43.3076632066647,-44.589457625255,-45.5409091434421,-48.1815135454792,-50.3818278610201,-59.3864976307609,-60.7590625421218,-54.9157369974247,-54.1754638239089,-49.9371349708412,-50.0553559371431,-54.2008616818798,-51.1342514917264,-52.2469353034561,-55.5238946027872,-51.2390867041071,-57.6185558201197,-56.0115672012168,-63.9847414312918,-53.0893368569504,-52.7564885110623,-50.7426911364946,-51.2662461685157,-48.6876603040481,-50.1919256631345,-47.1817921817667,-50.9643032839067,-47.4881140809001,-51.0095479539381,-49.8781448646033,-56.6455180328486,-62.8942690995705,-52.5822231830579,-52.2161659298938,-46.6295208477886,-47.6501648044079,-43.5282628021547,-43.643404083014,-42.3303694299512,-44.2852350299321,-43.1207907232458,-44.9596035447727,-45.2151061315649,-47.0411474976264,-47.0051914676064,-45.8797353652904,-44.9364421448862,-43.396201511904,-42.4594994440832,-41.9328387405391,-41.6215651192584,-42.2564103046295,-42.8018050671236,-44.0223415000551,-45.1529659881792,-47.2954697972062,-47.9742060632604
-41.7408125579744,-41.507661685259,-41.2994304892861,-41.7252308752108,-42.0556451947261,-42.5925067852302,-43.012016981714,-44.103926162368,-44.6208949581904,-46.2203865294185,-46.8045085517028,-47.4273301132205,-49.5242858955894,-49.6053792133732,-53.0174427340376,-54.5315839184605,-50.7257621094686,-53.1866976698133,-49.0184208464049,-49.6482583158108,-49.7362344829027,-51.1503956799263,-47.9865195055801,-51.1397900686141,-51.4040260226191,-61.0791503174163,-70.4001751958854,-73.3078076202824,-53.3571022918644,-54.6956691957424,-51.129872212876,-53.6673349830398,-51.2201162368618,-53.4725862028583,-50.3306871371349,-54.8906560351992,-48.9384649790904,-53.0695132699995,-50.9813503733744,-57.004627547892,-60.7547156126235,-60.4410732518048,-49.5734148132928,-47.8290025264478,-47.1609543467293,-45.1726640293992,-44.8663488565287,-42.8884796007571,-44.8510239881018,-43.7008811469511,-44.6931769776023,-44.0782184262419,-44.8351893429225,-44.2149540419475,-43.7641278345328,-43.2576654459716,-42.7633056844303,-42.2406904631097,-41.9086643621701,-42.0179685949479,-42.5462675578979,-43.4618679945507,-44.5470501661597,-46.4923434813382,-48.6812278292837,-50.9440459855253
-43.2193039204427,-44.0561550323489,-43.5326012684923,-45.0958885405595,-44.5162287561753,-45.8379905173663,-45.7771336423556,-47.1239256765299,-47.2943055722241,-49.8174133208807,-49.5717614902916,-50.7939773068154,-50.7140206405612,-50.2842040266213,-49.4740962935741,-52.1831158474889,-47.5485753531962,-50.0370809356207,-47.1487065265706,-47.8554385366969,-45.8566185947528,-47.6559235293342,-45.6482013354932,-47.3499829617121,-53.0854586862538,-52.2495339821878,-57.4473813510881,-63.255864650136,-51.3424895968848,-54.6491367057043,-51.4187619210737,-55.5772611454617,-55.5304993264104,-58.6169607592293,-57.8347215844164,-55.811994465122,-51.4849323498944,-52.914812363864,-51.0671878447703,-52.7525180050344,-62.7682258444202,-55.6663770212369,-48.908145735282,-49.8685910137799,-45.9185950074222,-47.3415191990672,-46.0714527041631,-44.3078262669387,-45.1365248425168,-44.9630575765378,-44.9294501910944,-44.2093181655133,-44.2760943148056,-43.519081299011,-43.2242769686365,-42.5833780289518,-42.4778944158001,-42.1455632617318,-41.9742477856754,-42.4780360619178,-42.7860598289651,-44.0984008043375,-45.1744706951369,-47.8168055242073,-50.9056844211577,-57.4399284399061
-45.3235882234097,-47.3092256264096,-46.8270658529288,-49.6144508540642,-47.9490868125894,-49.9380664300653,-49.168080181561,-50.2400067905756,-50.2501393967409,-53.4087029338971,-53.3733992416697,-57.5606936655584,-53.6013488029035,-52.8001201863647,-48.9085470665336,-50.8670120295681,-46.3726487856372,-47.1727054962037,-45.562374128175,-45.5595676600738,-43.2452216958525,-44.4435080327631,-44.4768704502843,-45.2486286451354,-50.1110458243497,-48.3355299730481,-50.4567164757036,-55.2547904293823,-48.8611023045412,-52.7422397088073,-51.8017029504784,-54.7589817722422,-60.4866696824777,-74.8326579646884,-62.6425168831032,-54.4647028807562,-54.9679700259899,-51.1336502086555,-50.8428376326065,-49.5745194202275,-52.9460840722103,-49.1053906860073,-49.5932406335606,-50.6742243245534,-45.6009067545729,-49.0245178569459,-47.2414355279895,-46.8811523006596,-45.9357960049162,-47.3016194041222,-46.0348430567794,-45.6994384146346,-44.8344407062133,-44.124574248321,-43.6955899188747,-42.8969292679508,-42.7326455688397,-42.5190145614689,-42.4518958413443,-43.1261725426508,-43.1788813458468,-44.5674397215878,-45.5674218673133,-47.8423926067817,-51.3522388929699,-55.697680705595
-48.2717080363573,-51.210542376595,-51.5501133376986,-55.0534034640309,-53.0594860886175,-54.9782692826701,-53.4480628863866,-53.4518777951637,-53.2874706873559,-55.5181369022353,-57.3546203187231,-72.1216931675993,-61.724573657793,-56.2652556943737,-49.6620396118926,-49.7065069762083,-46.1787695077336,-45.034953452845,-44.4304223467534,-43.4666621535848,-41.6763179047536,-42.2923479282541,-43.9356435715017,-44.1839141169335,-45.3938977063166,-46.3647602621437,-46.9616382373204,-48.6307845731762,-47.2622286516621,-49.6221327411765,-51.5074070529042,-51.1963652689966,-55.4660372718695,-58.0477080891417,-52.761342826058,-53.20323095006,-54.3390773910112,-49.4260562719099,-50.5671617696721,-47.8830612459655,-47.6655192763179,-46.4053688581382,-49.9100423665181,-49.1542116475296,-46.4267987030315,-49.3716440876774,-48.5253858090989,-50.955738382341,-48.0770036361241,-51.2338780919657,-48.4728091451404,-48.4960492838637,-46.2418131262807,-45.6201844031862,-44.7882261279299,-44.0492954920209,-43.6098775702197,-43.5534964349677,-43.5924583326188,-44.1174320719149,-43.9989548868683,-44.9793158751489,-45.6890079359862,-46.970702268375,-48.9213338091173,-50.08203437614
-52.0912130912575,-55.9875416658871,-57.7329917443202,-60.4428086755479,-61.4603470018179,-61.0873812905933,-59.8625663443787,-57.2674195670639,-56.7334792359362,-55.9982885036508,-57.1941424134485,-57.6569618316498,-60.6756414877816,-55.2711278820146,-49.2955602063542,-48.1155942042352,-45.968990989722,-43.5286125685773,-43.5498489114567,-41.9325809446122,-41.0577203112244,-41.1225496612494,-43.3462790051865,-43.5771594073752,-42.4365354842019,-44.9231337389715,-44.8086757801804,-44.554504286224,-46.4531674041402,-46.7117381267162,-49.5753654363012,-48.3310142885407,-50.8749634465884,-51.9329692105637,-49.5693990826586,-52.2338356483044,-50.876405118651,-48.7240358638762,-50.12589930327,-47.6060771704224,-45.4419143772811,-45.7431526086661,-48.7548367976605,-47.3957614817554,-48.155314214356,-48.9301519759648,-49.9739996912018,-56.7996435384319,-52.3612453076382,-58.0449233285196,-53.1870961936778,-51.7168722773899,-48.2633569033976,-47.5249909827714,-46.2084598995872,-45.8736294863181,-45.1773339910641,-45.3702634212569,-45.6003876886193,-45.6654803762782,-45.5543603919138,-45.6838989647344,-45.9526336694021,-46.3749306831209,-46.6931004127528,-47.329964621737
-55.460377429221,-62.9549401105106,-63.1314827565831,-63.2709680667759,-69.3804121002482,-68.6493513605757,-79.535390522119,-61.6487920094644,-61.4148360966243,-55.5765174144884,-55.3618725774701,-53.2513488358558,-52.4210324394038,-51.4912412805572,-47.1623248576783,-46.0780972375612,-45.1940164780637,-42.509294909839,-42.7353941323257,-41.0879689322423,-41.2882520210859,-40.8463560486088,-42.3352221721137,-42.9162416132801,-41.063133394987,-43.470253368624,-43.393150173449,-42.4185713288105,-45.722241841331,-44.7517204434086,-46.998397020542,-46.6369883910186,-48.2043334170201,-48.7058280237033,-48.574566588291,-51.1580493242072,-49.0243673090397,-49.3771147463352,-49.9176425307914,-48.8039363664573,-45.4519300915099,-46.6513808429641,-47.4448076649786,-46.4076694289956,-50.2155011772972,-48.3985473598272,-51.0835503094378,-62.2926857836021,-55.9573551510889,-64.9715964464564,-60.6325451343125,-52.6801248579246,-50.4732171944353,-49.1946433855618,-47.8375772329653,-48.1290724931715,-47.5147294572775,-48.062167959326,-48.6912654547987,-48.0999317802637,-48.209310426026,-47.091176664742,-46.8127508748509,-46.4353378935506,-45.5995156623464,-46.0502447442173
-55.1709128559386,-64.5087407339304,-63.3010287245416,-60.9535310254876,-67.4986033794288,-67.2477134930191,-62.7516225539695,-60.6398025096688,-59.4532388191274,-54.1504052073043,-53.4806588308097,-50.5168337092864,-48.7338151772178,-48.5314380640116,-45.2270279907462,-44.1508601253321,-44.102808948357,-41.9235433160304,-41.9944893561201,-40.9558763812753,-42.1080737543537,-41.3569887436394,-41.3433313909653,-42.0911449242469,-40.9841570813773,-42.273476747678,-42.5860773160081,-41.8368970102132,-44.5986307340245,-43.8336887784391,-45.0047527931114,-45.7611072040619,-46.7044704963062,-46.8579772272219,-48.5927927111237,-50.1188665959526,-48.8561010991232,-51.697569831143,-50.7751062914532,-51.8324600171998,-47.7941972837877,-49.2489914934458,-46.982029023914,-46.3998158842598,-51.6179216088575,-48.0710930191914,-51.076213734776,-60.003683610574,-52.299004091357,-57.757956781477,-56.2093842400627,-51.9994506626501,-52.196986101091,-50.3589166336812,-49.7567849607258,-50.4598382730031,-50.6577837130998,-51.6803950833464,-53.1271784811063,-52.0325381439434,-52.5178902913038,-49.6262601631854,-48.4856753659947,-47.093190225863,-45.5611491593788,-45.5653418457364
-53.1337008697084,-56.7768154694961,-57.3612807292408,-57.5614345187663,-61.545183708438,-58.3608369213179,-56.7137348019467,-55.3984807849581,-53.5397211656616,-51.9319531565543,-50.5460319645104,-48.3136623484629,-46.5522259481564,-46.3367931612397,-44.1609044525308,-42.7941107349118,-43.1423739902866,-41.8381776680754,-41.5425284936352,-41.5065934315547,-42.958818498794,-42.4076225710645,-40.9897626472088,-41.5315706849108,-42.02145285992,-41.7876171929834,-42.4723500970395,-42.6195154052835,-43.5645569177451,-43.8532091140241,-43.9779683341555,-45.3857609174356,-45.9980587598486,-45.9476287965313,-48.8695425716107,-49.7203836800934,-49.8468155587719,-56.5166033075296,-53.8634317715675,-57.830588097285,-54.1404406220179,-54.1144229948788,-47.5920892860427,-47.502703130684,-51.4276453816996,-48.1378692998742,-50.3837992236632,-55.0594638809161,-50.066065724683,-54.2717232508633,-52.4615152170797,-52.0577835313172,-53.1625976433817,-51.4933666843414,-52.0969269728683,-52.6360646424832,-54.2903450428356,-56.1023711901265,-58.6693937578695,-59.0993699977882,-59.4084248505948,-53.7248518619415,-50.7445828471088,-48.1770148319666,-46.3069962291501,-45.483164216196
-51.5451108833149,-52.2839396981139,-52.6743595816997,-54.8467251406214,-54.4300177350637,-53.1201135751612,-52.9645478965502,-51.3468551262278,-49.855533481926,-49.5323611231626,-47.5298025608517,-46.5669722482136,-45.0332365557625,-44.6950856107789,-43.8452361761028,-42.2296788686109,-42.6192213108383,-42.3914491752602,-41.6958342726673,-42.6785651873099,-43.3485441532654,-43.5579439496263,-41.6154173285818,-41.7703159444909,-44.0106063505811,-42.3391605052361,-43.2345780626456,-44.6527064801184,-43.3272612035778,-44.6529309880314,-43.9638358718634,-45.3774452375332,-45.8250559954794,-45.8140585093294,-48.9660789468471,-50.0628245546074,-50.8509286069134,-64.6978377515608,-63.31324672744,-62.4101476598835,-66.5352334321514,-56.0395074689203,-49.3879304999595,-49.8040516671809,-50.0647398021013,-48.731917891385,-50.0416905085563,-51.6065042773989,-50.2247616885416,-52.8430123496991,-51.4507185701586,-53.2684559824052,-53.832156864256,-53.1546899272727,-54.8460375448291,-54.9466393728194,-57.2443495369,-60.5969324419903,-61.4444820137492,-71.7635968001939,-64.3339590000765,-58.0197612711148,-52.4638954772596,-49.4381199716142,-47.2872953746989,-45.5567557165443
-50.4721872327751,-49.6199753657129,-50.0562047452052,-52.653040631882,-50.3504987300362,-50.0918906609185,-50.1561248023,-48.6894274431748,-47.7187359170435,-47.4053311798468,-45.3876972031138,-45.2968451278567,-43.9805503197759,-43.5668356693226,-43.9996580140216,-42.5879944302768,-42.7754219498883,-43.7344095586057,-42.814482998648,-44.4210713226056,-43.632199131146,-44.5285122169195,-43.3917393041461,-43.2115821889587,-46.64249336904,-44.2798770729833,-45.1732848725339,-47.7335947896712,-44.2908650190183,-46.0474730085916,-44.911463675173,-45.7245184544729,-45.9667239434981,-46.3719065532769,-48.8784179605609,-50.0742621433107,-50.7248292504512,-58.5343381883968,-60.1585503882067,-55.9917392756557,-52.3022675649534,-51.0261674197743,-52.4410103056043,-52.8971794839638,-48.7981207051358,-49.9004237359051,-50.5084159831872,-49.9979820206,-52.5185664170512,-52.8595453311868,-52.2319324812595,-55.4022435936435,-54.5914825499953,-55.4562505616424,-57.6613214617953,-57.7112536661571,-59.0350123720722,-63.8175569210529,-61.393672666901,-62.6738546479157,-61.5018312599283,-56.669706912518,-52.5578731069794,-50.3636588825262,-47.71140948573,-45.660567346244
-49.6527325522357,-48.2450736155169,-48.9821642415295,-50.9096812821663,-48.4529897372516,-48.6694690650736,-48.3226105622452,-47.2665507590692,-46.6132444956141,-45.8206291233955,-44.2574015584737,-44.4443708786603,-43.4240667577057,-42.9796149061041,-44.2765296880988,-43.9515872979193,-43.859314595234,-45.9897836330258,-45.4245585395627,-46.8436351670067,-44.6213552827304,-45.6164781136628,-46.4551967367944,-46.2459731825746,-49.2533377996117,-48.4336767057488,-48.9638810659261,-51.3954363287222,-46.6294628725887,-47.7852542674782,-46.6644051964305,-46.3894606339794,-46.3383117330586,-47.5311282644671,-48.8474026248167,-48.8840004478081,-50.2965650629677,-53.7078795822887,-52.6004464460714,-52.8654457295046,-48.6151693802217,-48.2519401947741,-54.6473705750364,-54.1358160029374,-48.2994676542969,-51.5691916041099,-51.7609655792768,-50.0427148876713,-57.2316606985908,-54.4789699247423,-54.8568966001468,-57.9383012453945,-55.4983854419008,-57.8061958543088,-59.6187284316195,-59.0719603787707,-61.2777583520694,-66.5820649588467,-64.1245991979365,-62.2180846131183,-60.3114787875266,-54.3868452961685,-51.785173079695,-50.2484857931722,-47.403279292073,-45.7593410544524
-49.0025078176603,-47.9462419174086,-49.0681155104749,-49.7778156808464,-48.3199007702531,-48.6092694894336,-47.6583766070135,-46.9989473843546,-46.2404934646614,-44.9369216785183,-43.998815923352,-43.9283612664519,-43.3547833104161,-42.9413748487913,-44.3561358264494,-46.0482720995848,-46.159686829401,-49.0819137889058,-50.8681165619315,-50.5635569493497,-46.7913422529593,-47.1750159219258,-50.8164577389983,-51.4245180449678,-51.0222242397936,-58.7103359339467,-57.246097251609,-55.4422665834281,-49.8913689210853,-49.3367334817734,-48.8124220535669,-47.3123643051275,-47.0932679784108,-49.1883412628921,-49.1783555926798,-47.8696539677701,-50.7887922059159,-51.430759792502,-49.9529010130049,-51.6204110480732,-47.6935454207503,-47.5982843154452,-52.0133850146631,-51.9404027266384,-48.6500467094219,-53.288694650915,-53.3369587399852,-51.1732033965971,-64.8452485502233,-58.7073435933209,-61.3261746570965,-59.5760904140092,-56.553495943259,-58.9130677758804,-59.4699444546514,-56.9701498263314,-63.8555361530714,-69.7879663315881,-73.9154257949708,-65.8235161909106,-58.1916260482993,-53.3032302843606,-50.8438865800397,-49.2101246539815,-46.9867224192032,-45.870973653912
-48.646000607524,-48.5799033442311,-50.0625184787538,-49.5306991444021,-49.9455714853465,-49.8920266661999,-48.3637685232597,-47.8568367661539,-46.4297710588011,-44.8331891545958,-44.3822249327607,-43.7016752749534,-43.6380924338899,-43.3857445505444,-44.1904739432088,-47.1872102443512,-49.6315526700114,-51.6695022407181,-65.424864900639,-57.0816229167259,-49.2426448396648,-48.6174692029523,-54.2381916344582,-56.6318720154922,-51.6817127965422,-56.4544610178892,-61.1926575856127,-58.2087973132544,-51.5693325343973,-49.832354543412,-50.5281740653712,-48.5884233590599,-48.5780013584526,-51.3082074043393,-50.2285691217172,-48.3852008144396,-52.6376332043615,-50.5914145078183,-49.5039900946385,-51.1858387161674,-48.6481949540789,-48.725555838418,-49.1383324681344,-49.5059762920815,-49.689364159763,-53.8257295675765,-54.1669931909297,-51.6985197546538,-66.0750881379689,-65.903454736813,-70.3421215195854,-58.6934374666528,-57.3149535025699,-57.7534129524433,-57.1879084262836,-54.5504344937332,-60.5507225925735,-62.6550108979177,-61.6348535863048,-59.5868295099063,-54.9965991937616,-52.4614149774744,-49.8730208863063,-48.1473325063933,-46.9471944862313,-46.0774233123919
-48.7035803022246,-49.9300988494813,-51.7831919163324,-50.5105455140675,-53.8649222808455,-52.7925394056815,-50.7334580194622,-49.7181653277512,-47.1037954207275,-45.5043202321137,-45.122247473398,-43.7806107405537,-44.0808012870631,-44.1335131587523,-44.0418333444216,-45.997276908735,-50.6405724265997,-50.8413135093677,-52.7230290902834,-55.3458943959821,-48.7229997633724,-48.5919627663895,-51.4621370056554,-52.1884779160143,-50.9955529516053,-49.2676443016015,-51.6180608911713,-52.8579616430395,-50.9595087069647,-49.2082186557396,-50.9327764314727,-50.4026851089571,-51.2740195028585,-54.1905400873662,-52.5584723575639,-51.3960805199487,-55.1262973487494,-50.7190101384061,-50.495056642027,-51.0333284312463,-51.6102717281425,-51.7359497022264,-47.9833840686763,-48.2339440809109,-51.3285923842051,-52.5710822604101,-53.424457055164,-50.6543678530243,-61.0250863851983,-57.557137718947,-56.396745834176,-56.1823292718892,-56.1778427053521,-54.8243365322305,-54.1597785417897,-53.0038344521006,-55.53284600768,-56.2255662997697,-55.4458443162547,-54.0550105574544,-52.5217744795432,-51.3466652616193,-49.1663573177964,-47.6746056796624,-47.413155231269,-46.5495974839122
-49.1294218192701,-51.5387722311274,-53.6433533859259,-53.0617937477138,-62.3344978195126,-58.0850488151792,-54.9089074165259,-51.8097596802595,-48.2185254571894,-46.7975929123981,-45.9729497237451,-44.2536741732759,-44.5908395295929,-44.9131500065779,-44.1901904542309,-44.517031594003,-47.3663533250181,-48.2551827042757,-47.9010992332509,-48.9772188870044,-46.831174770114,-47.6349980641032,-47.4737446143855,-47.5162074948172,-48.8205635758471,-46.6079520030809,-47.9435053167006,-47.9014747974222,-50.0656907251069,-48.3303473780511,-50.040942691251,-51.9592603727658,-55.6340344922251,-59.3564772980048,-57.8563697337761,-58.9947886547402,-54.635636814661,-51.3723016273615,-52.2817639970821,-51.2485684852951,-57.1366967518413,-57.1609680968813,-48.7652275185919,-48.6073010082553,-53.6086472097394,-50.8103053443196,-51.7666530868182,-49.7891664567423,-55.750781453559,-52.2473019322115,-51.8185892287383,-53.4971543527918,-53.3152706408873,-51.8370350354325,-51.5175933954825,-52.0789080892894,-52.0692114272826,-52.3240195238398,-52.2884386288457,-51.2469497912567,-51.0989806122326,-50.4117123721155,-49.0899712622443,-48.0403821920009,-48.3726686581086,-47.522222208516
-49.7223244016606,-52.6275809587722,-53.7323148387352,-55.9468822143997,-62.4712278913639,-61.5644043080838,-56.7967054171522,-52.4050294445683,-49.6757500497298,-48.3465737084556,-46.9181925757484,-45.2725303545871,-45.2430567952794,-45.5234232033643,-44.7334933481118,-43.9438218904475,-44.7566660279702,-46.1116234670907,-45.9349866204719,-45.6632720393593,-46.0425641952173,-46.8680295776169,-44.6892340355928,-44.4693367000478,-46.2617188982011,-45.5469960276839,-45.9048397246073,-44.9081435526795,-48.221943207065,-47.5076504874627,-48.5828242116982,-50.7429688070189,-56.8728787784758,-66.8575078949873,-76.3676414137148,-56.6633648402342,-51.7778835345982,-51.9597743997763,-53.7615714684984,-52.1513159148238,-61.3510121729073,-63.928471924185,-52.2631381022605,-51.4416836869318,-55.0463699790716,-49.6060305026008,-50.1732948782134,-50.1067388878386,-51.3112520556238,-49.4312082858379,-49.6277263114856,-51.1333154155928,-50.6588470124738,-49.7308612545006,-49.7327697124928,-51.4305201174789,-50.0348282279799,-50.1618358021273,-50.7258283390017,-50.1423556005205,-50.565845480391,-50.1563930404466,-49.8657734932,-49.3819776692834,-49.8512282924238,-49.2609076715813
-50.2921567009287,-52.5835987660401,-51.883621592548,-54.0926094816579,-55.9888462989248,-56.204597707522,-53.8305986877462,-51.7708579996708,-51.3292670752721,-49.8628397112449,-48.2653676574388,-47.0413260169674,-46.1611481320433,-46.0120964804005,-45.5828512284584,-44.3051080584356,-43.5313721781435,-44.7566842498427,-45.183952262531,-44.1584428220139,-46.2643720481306,-46.2646456122103,-43.2394900158836,-42.9229639009146,-44.3419782925867,-45.0909461137581,-44.5461952263522,-43.3112588990684,-45.5199624762115,-46.398007407619,-47.0121628982925,-47.9298783208999,-51.6621858359167,-54.9707621996233,-54.7788322927309,-50.6918177399729,-49.6344056639803,-51.9057608240901,-53.7029639672695,-53.212496686224,-60.8168693950731,-64.6310787027461,-62.1258370366034,-59.9849814469747,-52.9667325183993,-49.3804110735987,-49.0950582850239,-51.0837251881068,-48.2044363278166,-47.9651118294848,-48.620105204438,-49.2858186189537,-48.9018596378953,-48.7066638862714,-48.9699520251574,-50.9419464436226,-49.3070672107364,-49.4142235106621,-50.2529843577598,-50.2365542762549,-50.7357101881652,-50.6999840877368,-51.5441472301556,-51.8910270454297,-52.0715501822639,-52.1286916033964
-50.8083406057245,-51.6839296425086,-50.3439721457907,-51.2982082916515,-53.3475637491173,-52.9693583149134,-51.9886063524899,-51.6064903356941,-53.208826701756,-51.8125236910331,-50.6188139202016,-49.8236424933515,-47.4062748166912,-46.5869066332416,-46.5142964691127,-45.2902645708592,-43.439532308303,-44.1333274755843,-45.006634411092,-43.9854400429771,-46.5346081833704,-45.6821478214881,-43.1829132733665,-42.8831238901461,-43.4045545366801,-44.6966795376528,-43.5852770105971,-42.7196367060368,-43.236879686312,-44.8454654545836,-45.3719187449919,-45.6602040240305,-47.6701456164341,-49.0632084017023,-48.9061741952461,-48.0805626745529,-48.5049685708572,-51.074310963766,-52.16810044605,-52.5095593717944,-62.7153995965543,-68.6316059453002,-56.0185986979063,-57.6177138255035,-50.4757001754938,-50.265133146202,-48.589046426324,-50.4802305200492,-46.3537922361928,-47.3334439544682,-48.1741001895675,-48.0575563634038,-48.0736399507154,-48.7440304859208,-49.3251574460938,-50.8232655575169,-49.9320289200457,-50.007825402761,-50.6669892397402,-51.1679412517171,-51.4190658718514,-51.8354679612524,-53.8632446296489,-55.9646001998074,-55.7587724664556,-57.0109143575538
-51.3313561978827,-50.760269521903,-49.9855404800801,-50.2713105351785,-52.1682566820721,-51.535711803627,-51.572991310268,-52.3845129981495,-55.5495403308237,-55.5530617293178,-55.2156370920132,-53.8368805298858,-48.9439344953718,-47.3429838811571,-47.1874554181411,-46.35929674977,-44.2013539193097,-44.1066782750487,-45.0834461698612,-44.9503080833972,-46.281245721668,-45.6200466612985,-44.7387166346584,-44.4438467909789,-43.4681081416948,-44.2606054738608,-42.9852214397973,-42.7908921697529,-41.8458372128428,-43.2448501611181,-43.7343454972904,-44.154494540883,-45.0722512500461,-45.643874691792,-45.7835690556099,-46.7571536366005,-48.1148336336166,-49.9262147863431,-50.3642269283216,-50.6292937254912,-55.825514917706,-61.7723981507007,-50.332136692517,-50.5762893259103,-49.4283369314478,-51.5596207419283,-48.4340028439133,-48.1044096673212,-45.6219148829792,-47.1627688763869,-47.8823746076782,-47.4498355578898,-48.0537683818848,-49.7248312433831,-50.9276420951175,-51.5454861590794,-52.1891624525958,-52.0832808470919,-51.9358085069175,-52.5166019711774,-52.3243258286881,-53.031914671416,-55.6944793995934,-61.4176137734642,-63.6650751878654,-69.1577078207466
-51.9359015242139,-50.4800886885562,-50.8864984482398,-50.8262157798343,-51.7125224496913,-51.1814727289583,-51.904006010802,-53.6527915379403,-57.3634568867083,-62.4330688361181,-67.2712566899366,-57.2949585969731,-50.3990709527425,-47.9772356969693,-47.1810443107903,-46.8208664294943,-45.3966925124922,-44.5091873971893,-45.3041400404549,-46.8017800934331,-46.3446479334142,-46.9531365299525,-48.5397467621377,-47.8119437665116,-44.3367422843525,-43.9522149597848,-42.7543221501585,-43.1375546020267,-41.3278911351185,-42.0286442935743,-42.3693988287349,-43.1747466583565,-43.4349913374619,-43.6609558082751,-44.1521886597291,-45.9140158857924,-48.1481142126971,-49.077758406232,-49.2557572424343,-49.6807300146999,-50.502292719987,-54.3655984686016,-48.8090433726047,-48.3161812982593,-49.6991519021169,-50.7400911688781,-48.2305576230319,-46.1134040737554,-45.8730803418098,-47.1526112619981,-47.5851119952461,-47.3681826845237,-48.6349511390797,-51.2732128186454,-53.8844228893502,-53.8419583256458,-57.0628197324285,-56.0597074966369,-54.0004988598133,-53.7314082480074,-53.0108325476337,-53.6563346234391,-55.5165007889896,-59.8224370795231,-64.4617729609247,-63.1762421725928
-52.7940838666055,-51.2017199319534,-52.8701755104587,-52.4272427577112,-51.8323140691738,-51.6382447629722,-52.6342718219728,-54.5340947879338,-55.9426482188459,-57.7901440089822,-59.1676780734627,-55.1879768363428,-50.5355668815777,-47.7453173764899,-46.3419007665309,-46.270667925995,-46.2792499442211,-45.1327118259419,-45.6558811672712,-48.5523535442016,-47.9342098461283,-51.2398823770603,-56.4288920183914,-52.6790010563702,-45.4803749619265,-43.8840992865646,-42.8841551629772,-43.4207946126818,-41.5699100259768,-41.4060036819856,-41.5447988507459,-42.5212412891686,-42.4945720849978,-42.6817556085011,-43.5439720855012,-45.3997766123016,-48.2685169964667,-48.8334709876958,-49.2465813397884,-50.486848081594,-48.5104588385425,-51.0228744431152,-50.1281728452389,-48.5778907577445,-50.275998373165,-48.1564618367375,-47.7320007183321,-45.1877886650937,-46.8811546334698,-47.1803265953292,-47.3532472720448,-47.6849302041105,-49.5158213233297,-52.4793244997335,-57.066259382672,-58.8933538279162,-71.3568416713036,-61.046778450643,-55.8646000530496,-54.2747510315584,-53.1392328065911,-53.4957732470587,-53.9602703895571,-55.1364364060957,-55.6455178388739,-55.7112931124433
-54.1498444221975,-53.0408873003357,-55.2460539812551,-54.3535982940924,-52.7414045071584,-53.1227088766601,-54.1619877571953,-55.0796117979449,-53.6522731080635,-53.005988670796,-53.1121529423364,-51.7032796859773,-48.770546049703,-46.4425096388534,-45.0517476586545,-44.974448652472,-45.9961175259573,-45.5841667720809,-45.9909685432816,-48.4365672726896,-52.393256781085,-69.8664729916619,-57.3785386904927,-53.8232631212452,-46.2347054761948,-44.0456414363931,-43.3792748544923,-43.5713771491786,-42.456662916898,-41.4590039792878,-41.4020045345323,-42.1407204425441,-42.0834871454795,-42.4261448777549,-43.615797757991,-45.280627318531,-48.1472461302622,-48.9712704168303,-50.2751957927557,-53.748435821271,-49.4987609728746,-50.476295660529,-54.9482711027118,-50.9294677518515,-49.5972680950929,-46.2350981853074,-47.100158630513,-45.3133487966082,-48.1723563713567,-47.3519844874571,-47.4024482283468,-48.373722355446,-50.4573371222761,-52.6619868039872,-56.3815859266817,-60.1170285747659,-61.7251384905251,-58.4895040584928,-55.1566835079843,-53.8510824623165,-52.6757600438829,-52.639632651318,-52.1890122807434,-52.0545896201605,-51.7419633867553,-52.2694415867359
-55.8166268020029,-55.4963265199048,-56.2474551030535,-56.2139291496809,-54.8168623954669,-56.5988468879545,-57.8323127982533,-56.3283044877047,-52.6507925309459,-51.0397138478699,-50.1003218787517,-48.8358890001892,-46.495434701274,-44.8212912683537,-43.7867209858879,-43.5150015927025,-44.5623165745847,-45.2394654865487,-45.8430529794917,-46.9869521100675,-54.7054570861477,-51.7455679584931,-52.1269645317128,-50.9003160399316,-46.6999195063498,-44.4729509442871,-44.2996419624955,-43.7840501292542,-43.8587911944054,-42.245086217937,-41.9856664955486,-42.1256829984509,-42.1440990050476,-42.6875463637626,-44.0164014701218,-45.4709655077082,-47.562381042713,-48.673526459002,-51.1932615480306,-59.7837355111261,-54.925497623416,-53.1072067767801,-56.6935911228284,-53.4308850798738,-48.030102268808,-45.5307661286451,-46.6465358571877,-46.3641999613363,-49.079193619579,-47.8583369109037,-48.0229357702389,-49.6283893589988,-51.5928476496077,-52.5958469595215,-54.1217072604227,-54.3028673846412,-55.6983463046972,-54.6765444591339,-52.893900239558,-52.5124752030605,-51.6234039555773,-51.2050538363282,-50.5481712570658,-50.0814125228387,-49.7716177262592,-50.4993032662122
-55.7880771568131,-55.8824410614836,-54.5426628839304,-56.2162650596264,-57.0880930980147,-63.2680243769688,-65.640396384268,-57.3793524848734,-52.4649861419486,-49.9940379800347,-47.7546493762238,-46.3930763047627,-44.6071184047787,-43.4648040934916,-42.7769790920311,-42.3152120042996,-42.8599002354863,-44.0106402431421,-44.9044926380441,-45.7225047719145,-48.0125394694561,-46.4154675112392,-50.2496760313014,-48.6849999730466,-47.6276484099339,-45.3932271082575,-45.7595609016018,-44.3199040430432,-45.5924787222117,-43.845941810931,-43.3109486072111,-42.6663182720418,-42.7520093436683,-43.359744083089,-44.4530196783274,-45.6654974950361,-46.529453103965,-47.4390940720889,-49.9899501649313,-55.3149295044676,-57.0381634535984,-60.1026186136726,-50.1159819143256,-50.7226264085898,-46.8862476964075,-45.9753599209043,-46.5683256299382,-48.126918085894,-49.3072347955408,-48.7625902433958,-49.4811014966525,-51.8615916741133,-53.5077029269356,-53.3886484858753,-53.1519480449613,-51.6456596475932,-53.1856405541781,-52.4425830885729,-51.0128738295768,-50.686295306124,-50.0873399734955,-49.5398130586759,-49.1509938702364,-48.8763621845952,-48.9663527284329,-49.8479564835629
-52.7084083551551,-52.751386970605,-51.4483129426294,-52.2894880609072,-54.3816501646272,-56.7046139649125,-56.6453761286345,-53.8020219282436,-50.8758833175633,-48.2102227608891,-45.5073529112635,-44.3328093610879,-43.2177506131626,-42.488342799881,-42.0537839234142,-41.5566841808644,-41.588363574114,-42.6395094001865,-43.6570267535392,-44.9933940811629,-44.5040757140406,-44.7776413590067,-49.113092157613,-47.6495247839952,-49.518645299469,-47.2013822809724,-47.879939193408,-45.4469828756255,-47.4379526551128,-46.3939866861482,-45.4439975015818,-44.0250656768256,-44.0755968672351,-44.4261362765409,-44.8039491450957,-45.5221714403571,-45.3155354768233,-45.9184929412383,-47.7007099243989,-50.1409965492985,-48.5704357625255,-52.8535675301692,-46.9149885585175,-47.4403403665596,-46.6088379099891,-47.418900424896,-46.9820557572526,-50.1050917134145,-49.060457489932,-49.809293377559,-51.7034428599635,-55.5883207904461,-57.392060237975,-55.9928687382484,-53.6894876512445,-51.3548209746152,-52.0042924395287,-50.9524218054563,-49.6882011773599,-48.9029121348418,-48.4971671786776,-48.0959502110629,-48.1222494090339,-48.2810396568568,-48.9772018983464,-50.0827276923723
-49.0839520274897,-49.0638933861759,-48.4897931714926,-48.4152714817665,-50.0229401958643,-50.6582735292726,-50.4006180456906,-49.2814228901753,-47.7547254958464,-45.7999714353698,-43.6499366388822,-42.7580454637906,-42.2344852637276,-41.7966626058764,-41.5448978597101,-41.2426395520814,-41.0086380378751,-41.7518030879453,-42.7708747845214,-44.6640459258214,-43.4700765485161,-45.5504407998439,-48.1759033136914,-48.1432779872907,-52.4056586876025,-50.4379993190251,-50.7094864791623,-47.5038395770305,-49.3081684012547,-50.0969743966264,-48.6414682750277,-46.5874991956979,-46.2622831838661,-45.8014641456113,-45.0676936462934,-44.982918256945,-44.2707829600167,-44.7813949188988,-45.9183666634122,-47.3022047937384,-45.013601553297,-47.3932503731459,-45.8999857318641,-45.8912720988338,-47.270673987219,-49.6404464071394,-48.0478870677092,-51.2987638852914,-48.6254083811133,-50.4673417267606,-53.2853997980774,-59.3300131992835,-68.4524611694901,-61.9842230626181,-55.179699774784,-52.4199190036762,-51.0665828123718,-49.5584328397726,-48.6107817170258,-47.4966231936195,-47.2835951722422,-47.1695417811885,-47.599899504519,-48.2462093324257,-49.5831827046974,-51.0277847924221
-46.1226082985683,-46.0692812592313,-46.1896796411454,-45.9243233393098,-47.0183206200864,-47.3092529869765,-47.01690257741,-46.3015035484092,-45.2214766947353,-43.9291940093913,-42.5212111136629,-41.7658885267379,-41.5671814497332,-41.2683137087049,-41.1358987685742,-41.2193888134105,-41.0872996702815,-41.5580344594061,-42.576021483716,-44.5940888836508,-44.5746187290579,-48.9158334557153,-48.3949568131339,-50.8961112373875,-55.8900152710667,-56.0737605654238,-54.1009114909065,-50.9998398181755,-51.3785569226747,-55.1949400193804,-53.747498284522,-51.0675600227175,-49.1174990871302,-47.1092909080207,-45.2765275801654,-44.3709468507333,-43.6571154720445,-44.1817995093489,-44.8320329597258,-45.6302751866054,-43.7111162114381,-44.9929482271235,-46.372355314581,-45.9618461183456,-48.9974160269114,-52.2633723389883,-50.070285178328,-51.1260188857014,-48.4373208773275,-50.6269529810187,-52.6004656804967,-56.4460220919813,-60.6647188593186,-59.5501615378958,-54.6591849140972,-52.0121548300527,-49.4953144791664,-48.0288087096037,-47.540232867849,-46.5733067914386,-46.62218729205,-46.8779761266253,-47.7087051365736,-48.819416700309,-50.6781763478664,-52.4802637632248
-43.9682362365474,-43.9470834545518,-44.573570683392,-44.6049089195647,-45.263268746438,-45.5376466452681,-45.3727038526051,-44.8804565869774,-44.0357931712763,-43.1487904253279,-42.2589950605094,-41.3937424406376,-41.1629472345284,-40.8450113363487,-40.745191901028,-41.2021529077229,-41.533827215648,-41.9944134541387,-43.1221361962692,-44.8051936543286,-48.1633259436042,-54.6154524014351,-50.9914040250491,-58.0755947327087,-59.9639010551965,-67.6168501812765,-57.6068535239908,-56.8571690766149,-53.8585910771449,-60.6817982302441,-64.7960880732226,-58.1219972665547,-51.2834986810877,-47.8538610276358,-45.5119492239621,-44.0850296192691,-43.5678991445689,-43.9581109639755,-44.1722544453094,-44.5495557562702,-43.6894634038794,-44.2568432023905,-47.885677557374,-47.5090519770493,-52.1751567470618,-54.965076482189,-53.6055001572304,-50.5764719482533,-49.0842812538746,-50.7887300022404,-51.2525891121982,-52.460540294458,-52.9867431234533,-52.4747843549356,-51.1424656660493,-49.0773147181333,-47.4414719674482,-46.5333449710481,-46.4490225493876,-46.0725919352741,-46.4502087102571,-47.1930175577857,-48.5172716515568,-50.1261682272777,-52.3743220085142,-54.3122350141074
-42.5952487687353,-42.6542916369128,-43.5142888927724,-44.0939532051481,-44.5041923686761,-45.0051455857166,-45.2370746090341,-45.0402651348394,-44.4115790477891,-43.6553820846836,-42.8617619335076,-41.5987309800615,-40.9866575421225,-40.5370188256556,-40.3902315116231,-40.9595463978265,-41.8390367687312,-42.7209305918893,-44.1810544019016,-45.4150098075068,-52.4594681593882,-52.3987695542237,-58.9910981185294,-63.2409876123438,-66.7788406551459,-72.8364307904941,-60.6289607075344,-66.9542273906092,-56.5093568071442,-60.6134759120644,-61.7315850441971,-56.426106528002,-51.2583568347877,-48.0137445114991,-45.7933813834217,-44.2399975783692,-43.835532490771,-43.7617392604616,-43.6143961686746,-43.7457833932883,-44.3257307669333,-44.3769673128465,-49.7536350531533,-50.0058120801222,-57.7245993813018,-58.5434945909387,-58.9406958684155,-50.8719428452721,-51.115125305382,-51.0510062231088,-50.1928742466316,-49.6174855299576,-49.0187494553512,-48.488365583065,-47.8925877540752,-46.4221436827692,-45.6398476865289,-45.3262067051033,-45.4592700551738,-45.8250444177374,-46.5301329356049,-47.8883644750166,-49.8717193551396,-52.2406622065475,-55.1160242099981,-56.9300053077932
-41.9339670598301,-42.0606352059332,-42.8546400294813,-43.9717602843047,-44.5124924691718,-45.6032331380626,-46.7356650866976,-47.2194149417439,-46.796368664282,-45.6070184982613,-44.148381057768,-42.2128906531889,-40.998839219685,-40.3787416443113,-40.1662059657907,-40.5570581818375,-41.670775921544,-43.1195592711715,-45.0406850137764,-46.3475003808776,-49.0214550585196,-49.6689144655438,-60.3028364930089,-56.1856162964554,-69.5029899220903,-70.0128701661021,-61.8319220184865,-80.4349323282077,-58.3874137254684,-57.2812071072339,-54.9660033411958,-52.1589626036793,-50.0368647195959,-47.6942430425236,-45.8265041300044,-44.4169173328643,-43.9253716993844,-43.2576522573248,-42.9785048582734,-43.0669804312909,-45.0838579970515,-44.6082891808357,-50.7613380443552,-51.1732605795142,-61.6603926285394,-67.6432874912268,-58.6056569157536,-52.7692571555109,-54.1802586175114,-50.7140678791964,-49.0790348689006,-47.6274528239951,-46.6938175742969,-46.155722848869,-45.6906085012431,-44.8043011130506,-44.4591199590332,-44.5381778627266,-44.7235873541702,-45.6498692782926,-46.5857775094474,-48.4729522751951,-50.971642655267,-54.4645997105701,-59.4019164497605,-62.3132635779759
-41.8486022523551,-41.9686824314953,-42.4585467780984,-43.8041046688948,-44.8744603496659,-46.9588280103877,-49.9738981618466,-53.3639955470711,-52.6940646904595,-48.6535860622702,-45.4622125958404,-42.8950401696911,-41.1544443933868,-40.3984643921595,-40.163217799135,-40.2728898157255,-41.2600731616458,-42.8451853968278,-44.8844008894956,-46.950026473975,-46.4946806621274,-50.6323361498718,-53.2468464849305,-56.6228893408824,-64.8294616717737,-78.4309577317016,-59.4531837407792,-68.1058145574357,-58.5147141117898,-54.2055052755713,-52.0789569961728,-49.9399631727273,-48.3682804863774,-46.6668741152549,-45.1806641199189,-43.9026648492247,-43.3188244640951,-42.4623728937283,-42.3247245853874,-42.5165429478234,-45.5267714324088,-44.6333876908358,-50.1202581278619,-50.0644701310135,-55.8198690313886,-62.4815573890202,-54.6472009818877,-56.1250923072124,-53.6591627141638,-49.6493769094738,-47.93396870489,-46.4380852502813,-45.4859856540817,-44.9059104026527,-44.4030934265224,-44.0428699708113,-43.9140372951639,-44.1720402935643,-44.3589109349165,-45.4987853322586,-46.5551990234204,-48.5318426510236,-50.7578805287146,-54.4235015091588,-60.2357947665824,-71.1307847756598
-42.1018739206697,-42.133782843874,-42.2478915012966,-43.375103956576,-44.8664520910755,-47.4343889413704,-51.3631107574668,-60.9833555845896,-56.126802030692,-49.1554994701828,-45.682228088866,-43.2605137287878,-41.4244112764196,-40.6239145919269,-40.420597268537,-40.3378534467957,-41.0416931376066,-42.3114803097677,-44.044401270969,-46.4504645026332,-46.8034899089308,-55.639497112697,-52.8100603869739,-65.6316948304114,-65.5176334892117,-66.9356946561946,-55.9398645416502,-57.3515145336387,-56.538794937714,-51.8424976782541,-50.4333967802971,-48.4317243287406,-46.5459186277416,-45.1342006783792,-44.0144380935943,-42.800341263243,-42.2793179593377,-41.7159583368602,-41.8414234422229,-42.2128841472435,-45.3543813541658,-44.7764946323803,-48.5205566445702,-49.1320332351775,-52.2072144018347,-54.5922264933271,-52.9162452648486,-55.8937622533451,-50.788576521835,-48.9185634068792,-47.3460706072911,-46.1158451506257,-45.1659970986606,-44.4484147941591,-43.8443477636201,-43.8626912682985,-43.8536241538389,-44.1471338996011,-44.4189685065874,-45.5016992108387,-46.6696998077533,-48.341264397538,-49.8754521899707,-52.5942639880358,-55.5980269815594,-58.3073550827242
-42.40217912242,-42.3490841807792,-42.23131849191,-42.866267605458,-44.1595935684902,-45.846971302323,-47.6675047322587,-49.2258510546888,-48.4496282540595,-46.3672261405939,-44.7923536247823,-43.2530135824451,-41.8261135622645,-41.1012235262379,-40.9454910609139,-40.8478646158033,-41.2620306858788,-42.0654520549,-43.3815753647603,-45.3300452746851,-49.3274510515912,-53.4193842143246,-56.8891218555509,-57.4119239858866,-60.5433948666475,-59.2880261311965,-53.329967602384,-52.2859643330978,-53.7964145111677,-50.3786671597623,-49.267291753389,-47.1307675604882,-45.0585831376749,-43.764581070581,-42.921092564137,-41.8740760238126,-41.451076650877,-41.3340687491406,-41.6899139073653,-42.2947426415,-44.6723613086418,-45.3894301020968,-46.9586949991981,-49.1365551413482,-50.4616244916033,-51.2996436603154,-53.0876947702388,-53.1376911977878,-49.8254936544779,-49.4366546978745,-47.8208280723183,-46.6692649619104,-45.5185004155051,-44.5411166038682,-43.8329905242628,-43.9889222955354,-44.0496167789325,-44.338179050299,-44.8720321311497,-45.8502118921579,-47.2405212270723,-48.5827603674634,-49.6494393551536,-51.4320577064418,-52.6721678056773,-53.3970004143058
-42.6161408028449,-42.583288768994,-42.5113225605903,-42.6729762143652,-43.4075015931373,-44.1120744509394,-44.879126556695,-45.206866414857,-45.0199476700139,-44.3090109546262,-43.8498965379618,-43.1907373397671,-42.4383090513674,-41.9067106016051,-41.7626311684073,-41.8000098262094,-41.9620906042183,-42.3227437739908,-43.230685486786,-44.4707400247073,-49.6445120662137,-47.703455935185,-54.7210125649681,-50.9534317986093,-54.1218914133235,-54.3840080095419,-52.1545719146803,-50.0872656156753,-51.901247975383,-49.8685845347875,-48.3683558777727,-46.1282245964589,-44.2061947329277,-42.9704733504147,-42.2737790355382,-41.5415883584118,-41.1900834897637,-41.4656476016601,-41.9571439227977,-42.8462636910722,-44.0107647971042,-46.4695082197426,-45.9836032294831,-49.7621643057364,-49.9419912557046,-50.2519363862669,-54.9032941447027,-52.8117306939994,-51.6448365994788,-51.8343190616804,-49.5765212854041,-47.8374720108498,-46.1780547107419,-44.8961021513961,-44.1528243890654,-44.1675617936015,-44.2774174096779,-44.622596280071,-45.577685020343,-46.6483183049399,-48.4551641790293,-49.8084875266679,-50.8205224441743,-51.7356784678038,-51.6768120124016,-51.320578325469
-42.9133673287812,-43.0253691769449,-43.2674746592214,-43.1737926342103,-43.3732840401225,-43.4670506040584,-43.7858824259915,-43.6953553457632,-43.7096571728707,-43.4969278727906,-43.4224831917281,-43.398467013106,-43.3850460539039,-43.1579946186886,-42.9715053608278,-43.1571696005283,-43.0572864384676,-43.0386307881386,-43.4931602607798,-44.13074813461,-45.9645313932165,-45.2506328435781,-48.5364399648055,-48.7118184350972,-50.8223213750526,-51.6460882068757,-52.8666990191047,-50.2051622208312,-51.5036227397656,-50.2058020751219,-47.7550652721481,-45.6004764521795,-44.0144876297044,-42.8319143522451,-42.1702949825504,-41.8304349023889,-41.5777986632815,-42.130197818159,-42.6775985227464,-43.8724126308749,-43.8214120908612,-47.7325197212917,-45.8370439294589,-50.511683894642,-50.2024926238079,-50.5281676972607,-57.5090348831618,-55.9819069852438,-59.0697767353917,-56.0620477023822,-51.8605052780823,-48.7127015033673,-46.6091189746188,-45.2097357617793,-44.5507681033965,-44.2592359371688,-44.4324887578718,-44.9434719620886,-46.3075365065496,-47.7720354702021,-50.1706012971193,-52.3744227693576,-54.1651501529017,-54.0313363948608,-52.4555116650252,-51.0869899866831
-43.5938490839929,-43.9856845365508,-44.7409328993715,-44.7188514899851,-44.5186072722998,-44.1815121316201,-44.0885278571869,-43.6635510982931,-43.6315248625581,-43.598507715857,-43.5831866202311,-44.017421381912,-44.7878855300723,-45.050833258118,-44.8380176849351,-44.9783658227727,-44.4759867501995,-44.0590745907104,-43.9102932958254,-44.1331069609796,-43.4244181135522,-44.7729175681265,-45.578262536533,-48.8174141690401,-49.9684470174906,-51.2570765179913,-56.8037472317095,-52.9043428377125,-52.6776984572614,-50.8092223804665,-47.4196662326396,-45.5556362010325,-44.324016307535,-43.2498866273543,-42.5761172351085,-42.6034569482576,-42.5586098246569,-43.2609649082917,-43.8594647520876,-45.3047866695975,-44.2870464908635,-48.909271042178,-46.6557490415922,-51.0991718000991,-50.7160399277695,-50.9815858753231,-57.0928099049502,-58.9846951988867,-61.0020417603046,-54.8425275501894,-51.4473662685095,-48.3095189137213,-46.5008803703572,-45.3271594855544,-44.8365004641645,-44.3337904881911,-44.5988169222567,-45.3535704889524,-46.9009574255941,-48.7710212070099,-51.5216185036088,-55.5844458539885,-61.5320712378442,-60.0390822182056,-55.0758214899837,-52.2094245563771
-44.8679278452162,-45.7877959616423,-47.2496001583973,-47.789607617176,-47.2926450066819,-46.4103510197663,-45.5804352787964,-44.6742655368155,-44.2753547725405,-44.2086013017389,-44.1877451600849,-44.9826578353669,-46.6289490561441,-47.9336746514026,-48.0588610304779,-47.6845344277789,-46.3453417897898,-45.2064725423133,-44.266807997639,-44.1230437453766,-42.3588208051124,-45.2567906441806,-44.6177049458343,-49.8885152529822,-50.8956585664432,-53.9271261680218,-67.6638120839848,-56.42498962735,-53.5176563153871,-50.4435073955732,-47.2148698055176,-45.8146161093045,-44.8480649764549,-44.0112740556078,-43.3837342264836,-43.6736847388333,-43.974946425659,-44.7115123872811,-45.4831944449813,-47.028599256275,-45.4501850942254,-50.0511738567961,-48.5802284689624,-51.7193484605549,-51.3221535038861,-50.9842911557437,-54.3262842215747,-52.505663853909,-51.4567534316456,-50.6702611088527,-48.9678021237695,-47.1997075074797,-46.0756319170911,-45.3112863718341,-44.9968546635002,-44.5852648055731,-44.9877318571408,-46.000578408328,-47.4797649878734,-49.2855743236975,-51.6423065234191,-55.3301036252097,-60.3096864137178,-64.700066886932,-57.2941917504125,-53.144261301341
-46.7768050309178,-48.6615017791575,-51.2008254756478,-53.4873500909713,-52.6552807654921,-50.3062994558389,-47.9270673239048,-46.2936376103669,-45.164664785402,-44.8907787673922,-44.9314413518994,-45.9457894451089,-48.2737156054462,-52.005936702922,-55.2358816565971,-52.3835344308795,-48.5832147117083,-46.0215629196719,-44.3262813045546,-43.7520417451966,-42.2475843772941,-45.1421528603788,-44.7961799434209,-48.3929176968771,-50.5529547641963,-56.3376882070476,-54.9108243388695,-51.7547656901129,-50.7821429965093,-49.011663929811,-47.0199144501254,-46.1375158798462,-45.3309582948954,-44.8460168589562,-44.4138910944046,-44.8115546855496,-45.5297393045285,-46.2379560985056,-47.445700854751,-48.9239760122569,-47.3298528290615,-51.4957194511978,-51.7331332082113,-53.0174963601613,-52.7512057667569,-51.7062650107193,-52.6200962948941,-49.1495761749265,-48.6490673463038,-48.5365627618417,-47.2242715260431,-46.3120560460029,-45.6615881824184,-45.2688081409005,-45.1269441357994,-45.1278030539523,-45.8084550599162,-47.0675395524368,-48.4471400847623,-49.8110662483043,-51.4970675826189,-53.1524943800062,-54.5354036216517,-55.5294652223957,-53.8930203225561,-51.5027541618287
-49.1823888196698,-52.2187435058051,-56.2586350768133,-63.6921171267549,-61.2025911146276,-54.1646093143218,-49.9573939797354,-47.7315821619117,-45.8510220537972,-45.3042027865255,-45.4194812103136,-46.3155823507153,-48.19821785839,-52.7312683482221,-60.2799748051672,-54.590538469738,-48.5601576826078,-45.4589848272991,-43.6678010632692,-42.8652121640947,-42.5590987629727,-43.544329566659,-44.8666317289828,-44.9734469863671,-46.958483403911,-49.4598863817393,-49.5122847039491,-47.8721632761109,-47.8885757787754,-47.8658139161135,-47.0500429150237,-46.5372920629,-45.8332558121864,-45.6042708037641,-45.4540753157037,-45.7267453505376,-46.775784887964,-47.4997829872107,-49.3940466579369,-50.8166916159906,-49.7378395031679,-53.698767878179,-55.641586904324,-55.9311714588045,-56.4242182480161,-54.9814437323154,-52.5289666460317,-48.8242640084376,-48.6894222942614,-47.9116281652977,-46.5217013771049,-45.8423346947719,-45.3399408581849,-45.1892325801966,-45.2474459324806,-45.8398740845696,-47.1090496329875,-48.6765502167022,-50.3499555234445,-51.4257659263448,-52.5011673045628,-52.4402053693042,-52.346073303554,-51.6291219058187,-50.3760102526906,-48.9833762928274
-51.9701119249534,-54.5094032754496,-57.3730620387115,-57.8213457343916,-56.2383182128704,-53.0766640519237,-50.1303920058997,-48.1421415596743,-46.1755381189313,-45.4116912804887,-45.4634596568266,-45.8809958992645,-46.5048426947976,-48.292705454481,-48.6873267220434,-47.770123804577,-45.2119329961486,-43.5067723397455,-42.2666002783208,-41.6436715805372,-42.6411963335502,-41.5738822365618,-43.5822876440879,-42.4733030577096,-43.8853869550792,-45.1063657976681,-47.0700487195027,-46.5439212336727,-46.7701192601939,-47.8897084342959,-47.8713591891813,-47.4575378223319,-46.7711906090748,-46.4315400553603,-46.392119662803,-46.2636653071796,-47.3371333978018,-48.1575525980136,-50.4891386680325,-52.0858487384056,-51.2950958339876,-56.7764113372705,-57.5336334604091,-61.8603977545532,-66.3905786255178,-65.3243324098878,-54.2608256363088,-51.5457969320083,-50.5906833581119,-47.9554013988888,-46.4235004498678,-45.5497607145966,-44.9929046634685,-44.9595214224431,-45.235228030231,-46.3317965799748,-48.4261194588612,-50.5659047218522,-53.7919636647012,-55.8086469932654,-55.7567870555026,-53.3813294179395,-51.8910797440265,-49.9122107178444,-48.4855547262282,-47.3471726856959
-55.8453361609718,-55.7736701375336,-55.8888989703137,-54.4908997262588,-52.8462211237277,-51.2462726104702,-49.4467812903472,-47.8706922611047,-46.4189680175974,-45.4874788958398,-45.2821098552942,-45.1256080573099,-44.7877786634305,-44.9066087990985,-44.2227457058204,-43.4424899741603,-42.1975031002393,-41.5027112578679,-40.7951736423896,-40.489164669676,-41.9046539395305,-40.1453300913523,-41.6362273644935,-41.2732224142645,-42.3026387537904,-43.1957129329995,-46.1065911085795,-47.3335761762765,-47.7043008870227,-49.6234952937569,-50.3427281448438,-49.658693482461,-48.6886046115487,-47.6588621061091,-47.2942541490546,-46.6257131450854,-47.265144227392,-48.1008456485387,-50.0154133252375,-51.6445986168308,-50.4987457051513,-57.0057052616145,-56.0492356795736,-69.8235285738339,-68.8219201757667,-61.1072919922695,-57.8502640031141,-56.8033041555244,-51.0933457612147,-47.5994026023135,-46.179426227565,-45.0566290727696,-44.4604412848461,-44.4799679831398,-44.9338352700402,-46.2224835665044,-48.5442766480284,-51.2974421351952,-56.9230925448109,-72.6013543969476,-61.4870667455466,-54.8064789845121,-51.99812958456,-49.412455680714,-47.9184528870607,-46.8296151282048
-65.3353040283874,-58.9762072584314,-55.546441926302,-53.8037509732457,-51.9432933272756,-50.8670920932046,-49.3908741085144,-47.9535240396962,-47.0357853888666,-45.8848280162045,-45.2292039521557,-44.5453280193373,-43.6926278262128,-42.9104598109763,-41.9666167979046,-41.0879645951951,-40.418612391177,-40.1857883288412,-39.8361816053939,-39.749146224682,-40.5943299386091,-39.5335129911763,-40.2217614650778,-41.1898825914352,-42.0121110433512,-42.9973268463916,-45.8204699655794,-49.5951615501181,-51.0081856471233,-53.9393917909629,-56.6820292556427,-54.4676861084702,-52.0414358774645,-49.4948827378674,-48.273911660821,-47.1221126430572,-46.9707387989951,-47.61449705068,-48.6657534017527,-49.932279194667,-49.288738277699,-52.8402924703255,-53.1293891181606,-73.5100007603601,-65.6747247968622,-56.7397946377583,-57.3226528119479,-51.8386297419407,-48.1258623676482,-46.3653499990445,-45.2012565787356,-44.1620513772546,-43.6855679154108,-43.7602132398954,-44.3244033797236,-45.5566219813831,-47.2008944576633,-49.7493998362477,-53.1735006069602,-56.2870449867387,-56.9176479794299,-54.031027580629,-51.7289287182173,-49.6966628497713,-48.4423322538748,-47.3930559507922
-62.2450329838739,-58.8460359889529,-54.7304701380962,-53.6968687835389,-52.2529305400571,-51.7575356534753,-50.4968562559157,-49.0857912110233,-48.3571824324115,-46.8115973287856,-45.501929602372,-44.3261655521348,-43.2436260471858,-41.9487630001449,-40.9856675172519,-40.0706187079248,-39.7503162760582,-39.6926143933868,-39.5956404111757,-39.6075592242968,-39.5382324542838,-39.8291687880158,-39.813567579856,-41.9165859294545,-42.687221209977,-43.9839833903598,-45.6009052298302,-49.6812215371951,-53.706716659671,-58.1447548281219,-67.7333951487098,-61.0125272410057,-55.1986052735062,-51.488697064179,-49.3045599907746,-47.8677398241084,-46.8894729884352,-47.2084007311905,-47.5539103975926,-48.412750159618,-49.2562542769627,-49.4430192683065,-50.2051880721394,-63.8321675029692,-66.3976357972023,-57.7036981311704,-52.1604453144502,-47.363137462766,-45.6226938851648,-44.8405272230952,-43.7550214380894,-43.026255441287,-42.7680873974962,-42.9208610330148,-43.5476163995184,-44.6680473100158,-45.6194635180046,-47.5610230014284,-49.2901239213739,-50.6045931052236,-51.9945810605014,-51.9044491638622,-51.1625444250885,-50.5816456057596,-49.9807990162398,-49.0638411740978
-53.0961816945518,-52.9076651113595,-52.5855693667769,-53.1516157256631,-53.3166470681997,-53.8572007810331,-53.2111906055832,-51.7314151780345,-50.3789992313391,-48.1640057567512,-46.0956049108496,-44.4819939731447,-43.2983269524909,-41.7852186139258,-40.9011190338835,-40.0866472128283,-40.0017074229931,-39.9630353480476,-40.0556396390478,-40.1158022628058,-39.3174640709718,-41.0474141111327,-40.5965926790181,-42.9797699225029,-43.8662652014974,-45.2624581956506,-45.3544509614679,-46.9200811583007,-49.6944867656893,-52.4328792643035,-53.4559181936783,-53.9889040936563,-53.0053731613625,-51.9786699927337,-50.1196854699877,-48.8344564291752,-47.3467766519815,-47.326614972905,-47.2520953042473,-47.7964880229081,-50.7414011386441,-47.5542866346133,-48.3759115691131,-53.6269940514612,-53.8372452275633,-53.6754642585999,-48.4867652840076,-45.4803352965323,-44.3641921319925,-43.539497520843,-42.4232600213987,-41.956337832347,-41.8878002993524,-42.1264722022336,-42.7928609318171,-43.8301147978303,-44.5162153692471,-45.9292294603514,-47.0909044079787,-48.2022443628415,-49.5575558389684,-50.4814862621682,-50.9525529424316,-52.0997400374349,-52.7027622511169,-52.0993476911646
-48.9063463497982,-49.3336028355377,-50.6607782689217,-52.4157354754329,-54.7758934992303,-57.6566945088834,-58.8609282166143,-55.823942774622,-52.2925522739038,-49.4292819870232,-46.891016893676,-45.0076419735318,-43.7189283607753,-42.2665863804998,-41.4995559800808,-40.9386480939031,-40.9722020435566,-40.8532287737419,-41.0689669280271,-41.2262696048347,-40.2460454576542,-42.9933596852399,-42.7409298328413,-44.0132998459817,-45.0988371078311,-45.8802534716456,-45.4833646469382,-45.2401987062032,-46.8005815119519,-48.8378700080218,-49.5611586726865,-50.0608683813565,-50.1903318564482,-50.7404985845262,-50.3607559237236,-49.9471558938457,-48.5630765684799,-48.2610461935277,-48.0106436856641,-48.3238797606386,-53.1143057316383,-47.1325393709522,-48.1170320376569,-48.5767340614355,-48.1957986360391,-47.7010970758248,-46.101451183382,-44.9122902872152,-43.7951898349438,-42.5330701883783,-41.4742108406727,-41.1526983291379,-41.1967926217198,-41.5192860444081,-42.224188049185,-43.2144724859835,-44.0269368179433,-45.1086230778779,-46.1676428161335,-47.4556222600335,-48.6054186339727,-49.980499821765,-51.3092871644356,-54.2138038218202,-57.3486396428484,-57.6255453530963
-46.5505179002999,-47.4778787153444,-49.4571033546195,-51.7158667144201,-55.2054939394976,-63.2158595621698,-67.21070027512,-56.8597556518849,-52.8465063760339,-50.2007469705178,-47.8464818581443,-45.9698912889862,-44.514879627278,-43.3199610129301,-42.6615111933737,-42.4292261033598,-42.3896736695323,-42.1264882884194,-42.3835854567376,-42.7854797185972,-42.6265977562917,-45.0021821040769,-46.3669860262544,-45.3458705442716,-46.4809995662753,-46.3348504830198,-46.3858907771353,-45.3064999810999,-46.0351522462396,-47.4783131533458,-48.2863719544801,-48.6076116190245,-48.889357040335,-49.5637038170547,-50.1464113721874,-50.9598791669064,-50.641056740201,-50.2006576407559,-50.0030986765093,-50.1503224077143,-53.4207453786025,-48.3733074565748,-49.668510203013,-46.2634112166225,-45.571537504856,-44.4443354507036,-44.5503096005579,-44.4114794393368,-43.1506659797017,-41.7150344438903,-40.9055403774862,-40.6651604882285,-40.7706250175191,-41.1856496932175,-41.9633553490575,-42.9600639845994,-44.1435443683815,-45.1742890830508,-46.3248783983203,-47.8675012726665,-48.7166716917286,-50.1237284319091,-51.8883517801341,-55.6084635484892,-62.660285849561,-67.1634538612516
-45.2598040630892,-46.4719427100337,-48.4863895009114,-50.6263014627146,-53.4618423132266,-59.1962311892878,-58.0254356728813,-54.2631468891346,-52.7339270417825,-50.9657298996495,-49.1885419758093,-47.5569742294834,-45.9238835355367,-44.9829259029357,-44.3456366730535,-44.2825821067383,-43.8594355056175,-43.4481918762842,-43.6991963986711,-44.5106152850185,-46.9088962374153,-46.4520850661559,-50.5787030117918,-47.9398604762422,-48.69599647684,-47.7008332360663,-48.2354223021895,-47.0348624548653,-46.9513053939118,-47.5993131188305,-48.3779766118915,-48.5437926799473,-48.8089404105641,-49.2434101744123,-50.173558354553,-51.6485506748721,-53.4352039002697,-53.2654599886273,-53.4273620607639,-53.4502612581802,-51.8763279724652,-51.9624228332269,-52.740227081875,-46.1463568945168,-45.0459172068461,-43.3358810960733,-43.6123863711825,-43.2109468726395,-42.0884373615314,-41.0115497755387,-40.5955967780496,-40.4406536307041,-40.6088385743116,-41.1458892479784,-42.073223363411,-43.1891060028347,-44.8787105584181,-46.2702850103544,-47.640964219108,-49.3192572627849,-49.7815384935721,-50.7035798202182,-52.1863646744495,-54.2836839433762,-56.9413534599994,-57.0499053359843
-44.6778095862374,-45.7932111880218,-47.3831753228144,-49.1021220738936,-51.2769693815864,-54.0479305853615,-53.9380111018704,-53.0556439263657,-53.301846328137,-52.5775042204695,-51.4570321278767,-50.1509611283913,-48.3886166458865,-47.3934462522927,-46.5243331167728,-46.0920414853058,-44.972616416934,-44.5109387577221,-44.8106824123201,-46.044783561918,-51.7297196141512,-48.0804474935665,-52.3875417666095,-53.4500289195088,-52.36362257881,-50.0555759333873,-50.8628236387731,-50.3164192425192,-49.26360942445,-48.7858349517074,-49.2015127356429,-49.3303128418173,-49.6486117980462,-49.896380697505,-51.1324108237943,-52.5909646238485,-56.4177275688843,-57.4033006168749,-58.5027972387421,-58.2473600365701,-51.5559004972764,-59.8424617423055,-53.7737386071043,-48.3502590470912,-46.3257414993706,-44.0083029676158,-43.199364785073,-41.8835641583928,-41.0006206190317,-40.4585682598141,-40.4060486935924,-40.3796794083692,-40.6536270126631,-41.3506010219943,-42.5123117406986,-43.9444540603421,-46.2761506876831,-48.7159352880607,-50.6303591166066,-52.111691398296,-51.9017015910153,-51.6980568896707,-52.185563532481,-52.175289019131,-52.585560187355,-52.0496063578972
-44.5617111258501,-45.3781531636947,-46.521453589959,-47.9049143191991,-49.8991400446206,-51.3708514630134,-52.3941816629029,-53.4699820709691,-54.9104776834763,-55.7171843446091,-55.7822325782439,-54.5997855341411,-52.4644208061448,-50.5655420088629,-48.9782495851568,-47.4040144533449,-45.6115584970838,-45.2626202555139,-45.722183374613,-47.1628212845484,-49.6645430205173,-51.2696022626834,-53.6090998649776,-61.397881881264,-55.4748456519634,-51.5343806881941,-53.3390198432694,-54.6429138575811,-52.5087876562526,-50.6698474073667,-50.4240206876211,-50.7158281327266,-51.2420816888186,-51.4655482981958,-53.3992047980409,-55.0915055365785,-59.5636648652966,-61.8942078839195,-64.4122269764175,-63.2577720707329,-53.1230201235136,-60.9003507937635,-52.3242357707081,-52.9764709556783,-48.7228020323562,-46.0176234780778,-43.257273370619,-41.1969765688713,-40.3845162427184,-40.1627982690264,-40.2687849331539,-40.3968639909077,-40.8212206510569,-41.6865563188203,-43.0699868040374,-44.9895241220614,-48.1497432824717,-52.9019689038369,-57.3918750025608,-57.404573706006,-55.0277378817764,-52.9649741344222,-52.1698051861698,-50.9489259222285,-50.6544282175728,-49.9945250796012
-44.6807229588115,-45.4497002705691,-46.5162322382564,-47.7945002065322,-49.7449045635888,-50.5268061547726,-52.2496613347205,-54.7248431861716,-56.8834732649887,-60.34756594619,-67.8127122787034,-61.9019495162853,-56.6018053311262,-53.3586106552969,-50.8987164376155,-48.0075545565455,-46.033831465054,-45.9412762474931,-46.5895445338727,-47.8959754054569,-47.1542602869049,-55.6308720964421,-56.8917449322082,-53.4761698954588,-53.5725754574187,-51.3488108536879,-54.4812813205075,-57.6719063304743,-55.3211184074716,-52.9202235748477,-52.1176517790675,-52.6841941168229,-53.4687192217382,-53.6531685004608,-56.1235399217384,-60.3387143938292,-65.3413769610166,-65.0176526540024,-64.0837288253174,-64.6078043317583,-55.2015962444379,-57.5501788242916,-53.1813497689754,-52.9211147084662,-49.2592915424491,-47.4077077336591,-43.6708522903964,-41.4311718076483,-40.4727704478241,-40.2265185885688,-40.2332827919961,-40.4804366360144,-41.0535507730512,-42.0255674040282,-43.4132049914952,-45.5645623694188,-49.1790756654467,-54.9173977186789,-64.3070424073597,-61.0125446446588,-56.3282445884707,-53.5627361097471,-52.083520792643,-50.7771416836832,-50.5331257118719,-50.106852176632
-44.7555598388745,-46.1286700207234,-47.7660108731789,-49.4201065452267,-51.4358621734793,-51.4995577045487,-52.8827022144539,-55.2269553793178,-56.6330201928081,-59.0670607309902,-60.5988768957483,-57.6683376745046,-54.270490451803,-53.4543840585732,-51.1991913387995,-48.1260255701932,-46.6501485323574,-46.9085289944813,-47.5852583334376,-48.3961729417114,-46.6670580157859,-53.0313796973026,-55.5095769596983,-50.1737406385826,-51.8832121828876,-52.3068604772208,-55.0130145227185,-57.0820541068545,-56.583988460419,-55.5590853721419,-54.3279633832061,-54.9562298397677,-55.9070918105829,-55.6057474665664,-55.8494809429946,-59.0917066402614,-77.9705587012595,-66.1603455999891,-60.3865822179737,-61.5837346399079,-54.5779546456101,-62.2538838231092,-59.0957812257766,-49.2789730331279,-47.5200288447727,-46.2361359077214,-44.1861617774878,-42.5102885590949,-41.2654015138255,-40.7070802049311,-40.4461987390588,-40.7262525664472,-41.3800793943314,-42.332620288414,-43.4211979382829,-45.1077983835679,-47.8786465696958,-50.5535809015846,-52.8128488150753,-53.6426296338447,-53.1202850594199,-52.4323393179177,-51.6542406287743,-51.4370709124461,-52.0532597120564,-52.778507993201
-44.4724377619873,-47.0297125803624,-49.9806415667093,-53.5601956779804,-57.3744585944574,-54.768635621461,-53.5878095286347,-53.6922352149062,-53.4312838166685,-53.784687301826,-53.1859409781279,-52.4920458165915,-51.4353180198629,-52.1143583917194,-50.3431355659194,-48.3390800564024,-47.9678639629913,-48.5856115726837,-48.8831179656071,-48.8459515691461,-47.7467950503617,-49.1556570104345,-50.5179683742581,-49.553494074877,-52.137892673008,-56.35576224994,-56.0027434067625,-56.204970987688,-58.4933981448492,-58.5361041771791,-55.6154387667645,-55.9296698268666,-57.2031564106893,-56.3742005684438,-54.0518329155248,-54.4723258289203,-62.6300682899932,-65.5407975133698,-58.3917888356663,-58.4840058889927,-54.0706627125407,-63.8151249774114,-56.9643600865526,-48.2194586817553,-46.5153884994253,-44.8225152404983,-44.4583543244672,-43.8819188659585,-42.5189929370881,-41.6163916883787,-41.1065130692587,-41.3375512863129,-41.9563249681674,-42.7466656880855,-43.402713761279,-44.2997994499149,-45.8516809813401,-47.2011344831004,-48.4838374300074,-49.3496600192438,-49.8713887072919,-50.4565588429101,-50.9017786869358,-52.340405292753,-54.5621414352692,-60.0262189950326
-43.7021046426344,-46.9361412909611,-50.0210085192523,-54.3507538192502,-63.7248341041706,-56.8843789264131,-52.9463021084583,-50.8421843080014,-49.8617286866263,-49.8276889938037,-49.4791382222849,-49.6733214724891,-49.9201150113111,-50.7039095554714,-49.6655613922469,-49.5195526522838,-50.8937687230419,-51.6327149135065,-50.825244703177,-49.4358518041217,-49.7393077321171,-46.8940279676339,-47.3790569230163,-50.147691907244,-52.9312858803849,-56.6541656649437,-56.1837681507611,-58.5622348416244,-64.9474898556785,-57.7944911501233,-54.1781856420771,-54.5265015319616,-55.9337145510087,-55.9662199409074,-53.3485666272336,-53.0494279313954,-58.7544061582306,-63.9408330775036,-58.731758672844,-57.5119901827456,-57.4492054532943,-53.0228681237475,-50.0428280223379,-49.1534383675017,-46.6986830791037,-44.4118910514796,-44.3131290107618,-44.4661835950589,-43.7369266908312,-42.9478837883223,-42.457697724814,-42.6297601150235,-43.0753232076826,-43.5430802732036,-43.7786413544202,-43.9560706688144,-44.4692032070305,-45.2973998843392,-46.2773936320602,-47.0075341095683,-47.7214423696342,-48.7489746446095,-50.0732116868633,-52.4505708452387,-54.7030708534007,-58.1367659793339
-42.7061440087904,-45.3568349757838,-47.0028319573988,-48.5480820064772,-50.5355355589699,-50.9586476826294,-50.0455050699023,-47.8099580724144,-46.9199709219231,-46.8939068729794,-47.0198134600891,-47.7016133222813,-48.5650366101969,-48.9705054607564,-49.754985427524,-53.2240398930529,-58.7026082185775,-57.5402230263483,-53.6668232715924,-49.922291489037,-50.987647208646,-45.4474410796074,-45.5087014516848,-49.7821340466345,-50.5802455715078,-50.1580080800415,-53.1500240038715,-63.7494609727614,-57.9298952110045,-53.3689862710198,-51.9814080381291,-52.2573616665541,-53.001637619768,-54.447352452586,-53.5115871496412,-53.5413669297401,-57.7560880601418,-63.4006461225433,-62.790333575537,-59.7122165402228,-78.4547205110272,-49.8873599588077,-47.5879408859663,-49.5996059642731,-47.0935598668439,-44.7553757145382,-43.871444507434,-43.9940861215335,-44.545650376511,-44.7049417213249,-44.84463152628,-45.1423329352536,-45.2319703693992,-45.0414544117061,-44.739552580194,-44.2592349305274,-43.8695203542693,-44.3055415166241,-45.1192587883276,-45.8021224231048,-46.509402369152,-47.6619200674007,-49.3763060070482,-51.5615040580697,-52.4213163268808,-52.0490430560567
-41.9295581968664,-43.5647175784094,-44.5233877900881,-45.1312647575345,-45.8269093724783,-46.5241181036296,-46.6443628168638,-45.2515799070384,-44.7139123885998,-44.6790837305552,-45.0593363511523,-45.7403437247361,-46.542904111896,-46.9011444392208,-49.8215717518671,-59.599098997672,-59.6739504384152,-58.1766203768478,-53.3002737424102,-48.9597430431713,-49.5366458775521,-44.4415178029354,-44.4320253980616,-47.1872727582426,-46.888471170499,-46.5948885921909,-49.4307059848213,-52.5473910209101,-50.5189804104073,-49.9364352994155,-50.2787319714245,-50.0649311865698,-50.0603006142656,-52.0517216831006,-53.2926772355758,-53.1314536236222,-56.3540870869418,-64.5496987112599,-84.0071381595794,-66.0921907301866,-54.7962641814645,-50.3044139254806,-47.6701857720498,-47.0889901312233,-46.1382841135675,-44.97143678641,-43.2988307254966,-43.2458843759151,-44.9526656593283,-46.7367962659102,-48.7745802746339,-50.2700849019733,-49.4776985691457,-47.4144754140018,-45.9684659153891,-44.8207076109925,-43.7913786884772,-43.8489926586816,-44.5294766506643,-45.3058243278108,-46.0733061055118,-47.2914750749417,-49.0579366508523,-50.8021833808833,-51.1647863433027,-50.0754652031426
-41.7193200874446,-42.4959347410266,-43.3245641713464,-43.6648817302623,-43.6893685587022,-44.0468574725284,-44.083498015761,-43.4349618778176,-43.1853836075267,-43.0363902582937,-43.3323005702226,-43.6631564201626,-44.2077000940145,-44.8569116762898,-47.7203866104735,-49.928117057615,-49.4402580101724,-50.3889063997937,-48.2117048616188,-46.2786765502312,-46.351108764394,-43.8529960607555,-43.9484347441898,-44.3777745275431,-44.3315928310725,-45.0390132496837,-46.7716328181957,-47.0205329075608,-46.8315851751741,-47.9210635574476,-49.0707493629524,-48.3585177386994,-47.9136983595342,-49.5677431492335,-51.8056414784243,-50.5508321052837,-52.5120016785142,-59.451525113333,-58.9024523799814,-57.1729227373009,-49.8862297640423,-52.1691440390343,-48.3600493394292,-44.332461601071,-44.046781475239,-44.0646739326404,-42.6392088606949,-42.5160581037558,-44.6491425998431,-47.8106711659013,-52.6507254987737,-63.8091593091444,-57.100451090629,-49.3865966814645,-46.3251877200803,-44.8591356968985,-43.8412412804398,-43.6533434713467,-44.2209278292243,-45.1977625803208,-46.269389483436,-47.6635545252295,-49.4586080293421,-51.1873671884063,-51.7378955640732,-50.6197925241644
-42.2847604833484,-42.4592896191776,-43.3151085521643,-43.6350903816654,-43.2150394779412,-43.0459069560019,-42.6730399954213,-42.4238735432315,-42.2499821032526,-41.8964544004447,-41.8646019998775,-41.8165698340357,-42.1865113661736,-43.0550451614665,-44.3585544001927,-44.3134060710983,-45.0461381715203,-45.7495198776737,-44.2340693475775,-43.5962589520249,-43.2568630901131,-43.5751370844366,-43.7667793081962,-42.5113989903836,-43.078515855358,-44.8113711458445,-45.2968969151333,-44.5734994755598,-45.4026067278303,-47.1803582970204,-48.3324731375514,-47.4576038112459,-46.8117892372562,-47.5798320706851,-49.5574553435271,-48.2849603655289,-48.7420050000014,-52.3407014308235,-52.1754932015637,-50.6358998118891,-48.16434588201,-48.2162921757303,-46.1347560019056,-42.6118049695268,-42.0969190374595,-42.2929627447474,-41.9134022254581,-41.7130988293664,-43.2767425503593,-46.1595103162625,-49.0240395585944,-50.5388527087736,-50.4964820663258,-47.6495206596458,-45.1679244403348,-44.0869970758258,-43.7029371491013,-43.5399603216969,-44.0425291004363,-45.2250083955655,-46.8639808220076,-48.6218757073923,-50.8508243650063,-53.6112618584585,-54.6540657723972,-53.3083775628704
-43.7558338237684,-43.5952051543158,-44.4566367198479,-44.8595011690452,-44.1924463249381,-43.3996879602409,-42.4638322079999,-42.2016748411107,-41.8260201084464,-41.2258941855218,-40.7911175816374,-40.491280777308,-40.7372696935474,-41.5614360848198,-41.648452063687,-41.3422728821623,-42.5612843593257,-42.7993008205879,-41.8235810170561,-41.7790597490714,-41.0935241218346,-43.2493022452772,-43.3893933088976,-41.7508226158857,-42.9256780131722,-45.2971576816509,-44.8888173318381,-44.2979679978182,-45.937814651177,-47.7352561141827,-48.2852745049903,-47.5552159715443,-46.8148070863137,-46.3614432187389,-47.3080212755615,-46.92918808469,-46.1328643946714,-47.519246304799,-47.8915444260366,-46.7189493239152,-47.0715780462681,-43.6950744896076,-42.9352515841096,-41.8108392347411,-40.832983654178,-40.6773200004382,-41.2351535530129,-40.9875528320041,-41.5806010905035,-43.4546358432512,-44.8640928244769,-44.9786585334508,-45.0124453378219,-44.5574931025854,-43.5698526196813,-43.0718161316454,-43.3438820983063,-43.4563143976632,-43.9809588981278,-45.2823157170803,-47.4727423763433,-49.5643760544339,-52.8014022928178,-60.0765533562668,-61.3204676589527,-56.3233553024168
-46.2062307350813,-46.0274866294649,-46.8529607045846,-47.4247208770834,-46.7489308887385,-45.2262512820203,-43.4857195591208,-42.7073405979098,-41.8356758055227,-40.9862976470584,-40.2089120228788,-39.7863530350045,-39.8964863834974,-40.4305022907498,-39.9802190583893,-39.9387109172232,-41.1054292618629,-41.0037932000814,-40.6834220834738,-40.9596637642235,-40.1398459450764,-42.661520738186,-42.6754000017037,-42.047110190934,-43.5610319995678,-45.5267251996753,-45.3790966985214,-46.0771972680676,-48.6814666828803,-49.8923977969763,-49.4066421437891,-48.7167343735523,-47.8423092092099,-46.0333206279112,-45.4977904085884,-45.8966521343607,-44.5711968108661,-44.4051593073071,-44.8473719321813,-44.1642604531898,-44.8533354279596,-41.2899940893409,-40.9953108793568,-41.6615817379677,-40.3940706746824,-39.8165012297715,-40.7901469215868,-40.6706470333726,-40.4355540387396,-41.3757888631879,-42.2532168141915,-42.2299711973954,-42.1774532952866,-42.3638925561434,-42.3740929127086,-42.3227423455311,-42.9479778329085,-43.4742897037745,-44.1327493672801,-45.4641686502814,-47.789264144837,-49.7422305803356,-52.9650889974287,-60.0505376386687,-59.5236464545141,-54.4702196085017
-49.5561447480984,-49.7205213735304,-50.6697165317053,-51.9866607602434,-51.5060614950076,-48.7205866609932,-45.6538483667746,-43.7889540376051,-42.1907494144089,-41.1019764475766,-40.1324193436295,-39.6846268162671,-39.6307202984779,-39.7451983658042,-39.2976789234085,-39.6703327999697,-40.3637958565024,-40.2118598688265,-40.6306024349515,-41.1038370097338,-40.522942805825,-42.153869607163,-42.1619978721144,-43.2551915440123,-44.4693108262658,-44.9611787221816,-46.4261392877189,-49.7658256386705,-53.4916559003963,-54.5377896807942,-52.7153888618528,-50.6248011591397,-49.1980394764533,-46.4737607437189,-44.3051624998787,-44.6486969718885,-43.7143979711703,-42.5450784116792,-42.7767404222302,-42.5543600326801,-42.4529619289835,-40.5988470925926,-40.4811342207227,-41.9425542270071,-40.8339203220186,-39.9635289707356,-40.7616842082289,-40.9285193720204,-40.1540019613255,-40.2320647050145,-40.7385237304053,-40.838243065386,-40.7788047183755,-41.168328495473,-41.7482609688351,-42.0126587709308,-42.7364936587669,-43.7319759500232,-44.6412079306679,-45.9865152112928,-47.9874895270433,-49.4953368888824,-51.222039589916,-52.9577147312598,-53.5275091928643,-51.8111223236062
-53.133309366565,-53.5336231647495,-54.7513348587465,-61.633965450223,-59.2319370265227,-52.1158598410598,-47.9864710977219,-45.0627426890696,-42.7711940138511,-41.4633480270239,-40.5059108164155,-40.1124232270727,-39.8876073267202,-39.601989885191,-39.5208993470436,-40.2695971112051,-40.2889486138403,-40.4124124843507,-41.5571277632154,-42.1455444649744,-42.388421731202,-42.2912156222851,-42.468485220655,-45.0366095048238,-45.1811575993421,-44.3889129422812,-47.3690292260047,-51.1234243472902,-52.2031062125058,-58.6014650388099,-60.1521025034824,-51.3938388129356,-48.9319883333983,-46.8055906732068,-43.6811649060106,-43.2960974009034,-43.1241691527682,-41.6491568090851,-41.5931373615929,-41.7521802071958,-41.0830583058812,-41.3345082247273,-41.3162602354791,-42.5936491096494,-42.1957618835098,-41.2942662309656,-41.3022789138889,-41.6334864970249,-40.71672971399,-39.9924268980503,-40.0710562640321,-40.3198609183853,-40.3452145165866,-40.7783857394167,-41.6349436233533,-42.1755230609703,-42.9082718689289,-44.358669678996,-45.6360833888543,-47.0765569669725,-48.6032811878503,-49.8292231910178,-50.2313035560181,-50.1034851560919,-50.7900166718527,-50.5544039527335
-55.0411848019903,-54.9902513269287,-54.4086290658159,-59.0891001788421,-56.3632479675178,-50.5073777257088,-48.1781266492787,-45.8748164290497,-43.4233642264539,-41.9828909199964,-41.236194713989,-40.9624832918622,-40.6091953090112,-40.101202914181,-40.6055752810909,-41.5013517261631,-41.0044683377763,-41.6704472282798,-43.3493399220846,-43.9765209181587,-45.8529292919324,-43.5517786843631,-44.0536689989893,-46.9062579327866,-45.9040188679233,-44.6983941721678,-47.6662862952222,-48.1686787510328,-48.2651068169695,-52.1822665437503,-53.6330277895337,-49.2869665134869,-46.8712879144367,-45.6573691930667,-43.3841336668698,-42.2321547411241,-42.465957171992,-41.4836913674838,-41.2285639350314,-41.7106680142041,-41.0203722258998,-43.3515186919842,-43.5489405851256,-43.8615533011051,-44.5385704352593,-44.0382358943263,-42.5418152808422,-42.4487618247812,-41.885282524437,-40.5746031423981,-40.1537018668127,-40.4505879740746,-40.6248940384854,-41.0147912665941,-41.9412840245882,-42.8117324706634,-43.62149556903,-45.414968859436,-47.1883179739348,-48.9277354315259,-50.198313842765,-51.4424737844649,-50.9031833632697,-49.6239542824422,-49.8715494703545,-50.3048641581937
-54.2239012114324,-54.5987598860443,-52.5100703095627,-52.6466360773069,-52.0871326202125,-48.482683950993,-47.08970909656,-45.9312405457145,-44.0241312165989,-42.6618254223752,-42.2319507726948,-42.0977415460555,-41.7342308795676,-41.351641942832,-42.52109110593,-43.185733962448,-42.7659197445373,-44.1216657477039,-45.7732087997301,-46.3936803343483,-49.8354896046974,-46.5159594407126,-47.5505088491233,-48.9001093919001,-47.3398620527914,-46.3046441546051,-47.613448750687,-46.302771455046,-46.4645562096885,-48.0137044638386,-47.5505776909709,-46.5697581550131,-44.8850885780264,-43.6636711660176,-43.1089438236867,-41.6689185517536,-41.789346691006,-41.8246637405847,-41.5855935441501,-42.3659643311031,-42.1724657790195,-46.4942699292948,-47.4570536851383,-46.3931013825968,-47.9894834230347,-48.3715974996666,-44.582654398829,-43.2316132618555,-43.19897018911,-41.852681255194,-40.9544468597554,-41.1098944469814,-41.4342982812654,-41.7273126096544,-42.5882970309182,-43.8823638016752,-44.9333724680789,-46.8329124250755,-49.2401830870868,-51.6588567188255,-53.4494065353685,-54.9847168207578,-53.4907093811222,-51.0503607706674,-50.2281843223719,-50.5564255061866
-52.3795433286949,-53.2515078792073,-51.8705934850342,-50.3897374069763,-50.4173338487145,-48.1623078381873,-46.7890453381532,-45.7749280789787,-44.5925837671517,-43.5813400479168,-43.4189352787314,-43.3500985753372,-43.1904327178113,-43.4615972331201,-45.1352620548734,-45.3663718814446,-46.0567188813953,-48.0016000648434,-48.4344915502058,-49.0938543407016,-50.5312963636075,-52.7130696910449,-55.1496728608766,-52.1431302109511,-49.9674968286786,-49.2382803942261,-47.7119692460745,-45.7109769948548,-46.0804214680156,-45.8234371288503,-44.5416796328058,-44.6082828873731,-43.6397479587493,-42.2126117098701,-42.7498048017471,-41.6462215445153,-41.4023329974041,-42.4495967520564,-42.4965733091852,-43.5254802714885,-44.0820844263186,-50.2346076738903,-53.6747970741423,-51.695060497089,-52.8070032268594,-52.3139293553287,-47.3979831246233,-44.3743348817453,-44.292461199381,-43.599725890777,-42.4511142650057,-42.2258329337886,-42.6066547923629,-42.8009484940809,-43.5214955323312,-45.2531890347314,-46.6634620825072,-48.3520113531813,-51.4396362219117,-54.970109733629,-59.7864343918754,-61.8148726800264,-57.5432426656447,-54.2881729566586,-51.6152277334493,-50.9321859364074
-51.0410695181837,-51.878592723689,-52.4414549208005,-50.3827522121068,-50.3780359928447,-49.2232822044076,-47.7398568403541,-46.0695647755607,-45.3143548235912,-44.8158271104311,-44.7055379248198,-44.5449433045977,-44.8658559545653,-46.3843811604472,-47.8638677723252,-48.5183499468742,-52.2144309600423,-53.8103193302497,-51.2072954662126,-51.7930348039383,-49.9058757432872,-63.029052091559,-64.107399112553,-58.9599817314677,-52.5726064060051,-52.064905145591,-47.9163689413636,-45.6860901100764,-46.3791530841413,-44.8270794355241,-43.289296275897,-43.5771130355841,-43.1461529906848,-41.7886006638319,-42.5020092152986,-42.135205741073,-41.5510149964662,-43.1401355037088,-43.6826050869049,-44.752324351064,-45.6775652298602,-52.9146934375512,-59.4882968117386,-64.4856893315839,-58.2273856953334,-51.807800518891,-50.4701396100428,-46.5705744060452,-45.4423282437203,-45.4719974986022,-44.5572858476597,-43.7396683224881,-43.9821952229017,-44.1612136172753,-44.7074316479149,-46.6514167011911,-48.2646040785988,-49.5987996613081,-53.0335420260518,-57.0181383829247,-65.144576386184,-66.3241845740132,-58.655659105091,-58.0024595726743,-53.7929800569309,-51.3261783012774
-50.8258258184201,-51.6870178107201,-54.0678515634168,-52.3910866364892,-51.7761878917685,-51.0801089579204,-49.8655991369679,-47.191449598937,-46.4414403289441,-46.3485322301036,-45.9562507814705,-45.580895759732,-46.5441025139064,-49.0856104421425,-49.4879266366351,-53.775455363995,-69.4379444867822,-64.3553405356115,-54.5278635656883,-54.028667173808,-50.3196526829161,-52.7819672909509,-52.5141406089446,-57.3964827176641,-51.3050879062904,-51.7385530014373,-47.7924534392908,-45.8970406379676,-46.7308649610396,-44.6263737529636,-43.3504037581646,-43.4741570437353,-43.3597642257184,-42.4923473495253,-42.6790536788783,-43.0733840049375,-42.3387349956604,-43.7095865888489,-44.7850882010718,-45.5265006828956,-46.3837577137271,-52.9034176041193,-56.4096861516848,-54.1125410297492,-58.4694385019853,-51.520496649357,-52.7394103446524,-50.6943956427523,-47.3777401525629,-47.2034929039806,-46.9486483938248,-45.564511939294,-45.4303094517959,-45.7539710886473,-46.1245000423381,-47.7874308014392,-49.2789483748583,-50.4799596470637,-53.5951955277928,-56.488888812736,-58.9946420837474,-61.2571136046667,-57.5112513764928,-58.2089510172992,-56.1843341219948,-51.961385176585
-52.0072278831134,-53.2336630355106,-56.9184338571711,-56.996704842946,-54.8303701663403,-53.2582225811331,-52.7669250156886,-49.3404149085143,-48.1953092316675,-48.029917743864,-47.0592039036678,-46.4846304428502,-47.8292618157372,-49.2731837902412,-49.7032874097571,-58.1107024781442,-55.8637015006956,-64.9839478880747,-56.3013391898146,-54.5252728958654,-51.2695793406695,-49.1859572170653,-49.3718050753542,-50.7702477352241,-48.8634614299255,-50.0902114825396,-47.2539547152682,-46.471434829156,-46.7358957941571,-44.9693103223477,-44.5355907574035,-44.3150487799258,-44.3477374903337,-44.4090858068724,-43.5976150620733,-44.3726536078277,-43.8013872158385,-44.1310605017669,-45.5331215930681,-45.797538583273,-47.0776238124696,-51.2808506161749,-54.04538650088,-50.512316948607,-57.2953207116098,-53.9503544907608,-54.5832657124976,-57.5688242865638,-50.8453115467255,-48.8525189002163,-48.8594603662965,-47.5274844513193,-46.8946493237182,-47.5083624846884,-47.7587270973703,-48.6867321280733,-50.1145827407189,-51.379159576766,-53.7529871153828,-55.5781084755892,-56.8942617997701,-60.2524379649322,-58.7691109188986,-57.9010432463502,-57.8117152544638,-53.1698958654517
-54.7701331980859,-56.4079721426807,-61.8619174957112,-67.0888091843812,-60.0924643714461,-56.374668026824,-55.6360179853558,-52.4939591666717,-50.6761987433567,-49.5644373766022,-47.9660967053527,-47.3137470029792,-48.2882364536261,-47.920451763532,-49.3675838745541,-51.934071312724,-51.6949329578012,-55.0042690860249,-53.1763277059028,-53.1256386775782,-52.4546796166393,-48.1438641683325,-48.7283877903296,-47.752701679927,-47.6778495534345,-48.8408226746263,-46.7737122456346,-47.4408909109939,-46.4013132648307,-45.7168799763762,-46.6825497699787,-46.1448930859552,-46.3833475710353,-47.7833087482312,-45.6749657510311,-45.9735113000788,-45.967231506007,-44.6312692834171,-45.8674392860244,-45.9321550733679,-48.2974953085131,-49.3137755777162,-52.626467261835,-50.4150324114261,-58.7428435047961,-61.3075558823763,-57.9693113913,-56.7671152196977,-55.5500420152497,-50.5787908781448,-49.6856714021496,-49.3397970949296,-48.4294452521413,-49.3326377896837,-49.6162411757966,-49.7636606245488,-51.5230202798923,-52.8157816170621,-54.3298647006512,-55.5185122627217,-57.1752002544167,-62.1029846104656,-64.6072539135619,-60.574875458626,-58.6551353586975,-54.8625284620948
-57.8817463791447,-58.1470500662214,-74.5679526316747,-68.4844653454396,-67.8472238518494,-63.6091337955637,-58.5792877525784,-55.4025832082372,-53.3617330763472,-50.5186999881989,-48.534834443997,-47.9988689129316,-47.9438604553759,-46.9299219699504,-48.8001477490123,-48.1113664202165,-50.2784175643542,-50.513238381146,-50.3249994203165,-51.4185809786654,-53.9915472115473,-48.5480532785926,-49.7067959065853,-46.7845554204834,-47.8407497841634,-48.0912803137642,-46.7966799569804,-48.3015653328046,-46.0761055254542,-46.8234980360399,-49.3163360918705,-48.9444586180882,-50.1421621266088,-53.4481634018287,-49.7758441527216,-47.9164592135305,-48.584409291743,-45.4961172782612,-45.8848632745993,-46.137999044719,-49.4271263703971,-47.4688089881237,-51.2939271575331,-51.0132546481123,-59.9115206131178,-62.1741801826617,-62.0193184099645,-52.8904904476856,-54.6146950069535,-52.1415179149587,-49.9758663598448,-50.7668986697836,-50.1931609930388,-51.1660572831859,-51.7561513221902,-51.5060229494276,-53.9573209093927,-55.2154785859528,-55.8625199809911,-56.6244730525499,-58.36795458413,-65.0365236170236,-79.0897977369904,-72.1948855581223,-59.6955250034229,-55.5976454134303
-56.0398752941585,-55.8533555219422,-66.7502795509088,-61.9710374694075,-74.1512140822853,-68.2236631268808,-63.0045307394458,-55.2440905917516,-53.987180365218,-50.5242423183673,-48.5409528814667,-48.3458446612336,-47.2989775046714,-46.6267838842049,-48.0311064573173,-46.4258223782273,-49.5750822679603,-48.2626341561807,-49.0752151315111,-50.2011260222046,-53.3805461043922,-50.232006066781,-51.9338599200628,-47.4998282930814,-49.2804907870817,-48.0496114122636,-47.5154795669172,-48.5199048465799,-46.1677994255073,-48.1367129055201,-50.9557255087778,-51.9781062828584,-56.7092724681139,-65.5643881338428,-57.7384421090014,-50.1523793627391,-49.8864875175275,-46.7207490722113,-45.8021042024127,-46.3768601695026,-49.2186383973926,-46.0434040657878,-49.7740064874515,-49.3652769013465,-54.859447564868,-54.8826343828019,-56.8234639319099,-51.6441327938386,-51.3082120810251,-52.8810493795281,-50.5640109718472,-51.9666779084016,-52.4178436123646,-53.0626567496351,-54.3411442698401,-54.2386535729392,-57.506497143908,-58.9002577882974,-58.8850387374296,-59.3884766536001,-59.4441537050524,-64.0331191534449,-63.6088665961722,-64.692702458471,-60.2727005094797,-54.2517869724931
-52.479957406458,-53.0909804312316,-58.5284345570839,-57.816340267562,-65.5355611667276,-57.3635199808289,-59.905929886783,-53.3977622085503,-52.1034224087234,-49.7307319502489,-48.1130631858159,-48.2461326617621,-46.7964773840762,-46.895016492404,-47.299214667541,-46.2689431809042,-48.8516657345343,-47.6451191800625,-49.109661291726,-49.6886668937724,-50.5225998913143,-53.4235216238255,-54.1052156088455,-50.1725325724171,-52.094969212647,-49.0296767622602,-49.0064939556942,-48.4168181197547,-46.9026296788414,-49.068818266481,-50.2990212740469,-52.6072866027036,-55.0230831136443,-58.7050622228598,-54.1394011018885,-51.6813119318919,-48.5036960504662,-47.7771849309156,-45.9314179015418,-46.6238854474155,-47.730833131764,-45.3421589726605,-48.169245116932,-47.3390862230788,-50.6797855207147,-52.1307886998621,-52.3755486672592,-51.8340808468442,-49.7150494040514,-52.6820660060443,-51.785787378762,-53.4143573922082,-55.4022356291999,-55.3571584926069,-57.7314858987936,-57.9462662099967,-60.9990974274228,-63.5928076393933,-64.4639278651564,-65.6820259054119,-61.6723679160162,-61.8359392299946,-60.4556591639363,-57.8400109206897,-57.7506346758714,-52.4443576188925
-50.0773251532501,-50.6587097668044,-53.9319330171528,-54.106690821693,-57.4030448483556,-53.6735200664172,-53.9200286684316,-51.79258609707,-50.1551817049541,-48.7156209676119,-47.7168386888695,-47.830309371548,-46.6289699905002,-47.5150480801483,-46.9239436155427,-47.4335794179168,-48.3330923094081,-48.526680028244,-50.0782328868682,-50.061433074718,-48.8240048385738,-56.5601397983191,-53.9793880470123,-56.36859366673,-56.7113297354754,-51.1723402718937,-51.3786954654775,-48.4424072199503,-48.1709824634331,-48.9886387418852,-48.5912986362084,-50.6304631228614,-49.5785740486448,-52.2905621342331,-48.7690985289569,-50.92639317987,-46.8879350510611,-48.1704350480184,-46.5961253545914,-47.0678146738784,-46.3040835100363,-45.653282055164,-46.9131755517317,-46.7578874795067,-48.3583846933052,-50.9128167005097,-49.9668170879213,-52.4078405772551,-49.3725980409023,-52.1390609603037,-53.4509407437498,-55.2758330260704,-59.3659972817268,-59.041811228477,-62.7148385847085,-62.3557872238041,-61.2777529367161,-65.8201884929282,-69.4444254641764,-79.4711455056882,-70.4648033678246,-61.0819955972198,-58.5040283355048,-55.3646152487246,-53.9741472975231,-50.9909620690896
-48.7054451150263,-48.9015899095081,-51.110838082082,-51.71739991245,-52.8518868859398,-52.2169822620241,-50.635364268219,-50.6405853520494,-48.9710115466909,-47.95666064843,-47.6710359930387,-47.3792431864075,-46.8523086857271,-48.1200953009623,-47.1562691635234,-49.6187088911476,-48.6255303654986,-51.1068575860269,-51.8389341414668,-51.6175782398366,-49.0517690172253,-54.4985193374932,-52.9888416270166,-71.5395083547317,-63.5162140533957,-53.8626714952998,-54.4478128130792,-48.4113852228229,-49.2902668737488,-48.1688272684314,-46.9775187378645,-48.2912177254983,-46.732933867006,-48.6643150095906,-46.4794141461012,-49.0334876774272,-46.3816332568828,-48.4003728305479,-48.1089030280996,-48.1099363485349,-45.9406946137393,-47.3185301008788,-46.5023701502666,-47.7921001096135,-47.3570533962497,-49.9731484361678,-48.7841565528583,-52.2205307236161,-49.7796213752467,-51.624467049845,-54.7276828214491,-56.3237011754854,-62.1764314367829,-66.3630036444292,-68.4519628406845,-68.9625707911021,-59.6713640346185,-62.9572045883243,-62.3531437646029,-62.6660063931977,-64.1227600523047,-59.6245663587189,-55.2741854901074,-54.0989495131188,-50.8974876357074,-49.6317804492848
-48.109269183025,-48.248704951074,-49.7870530854129,-50.8922115544279,-50.6480237376285,-51.8996513648831,-49.2650995204139,-49.9183987466475,-48.5348824920627,-47.6858178167264,-48.0025811953127,-47.1822185081681,-47.4998355194058,-48.3891687653399,-48.180451297087,-51.5433526172981,-50.278600738962,-56.0877028381612,-54.859366446731,-54.9540687218784,-51.1340018634527,-52.1411580300487,-52.8330188640934,-56.093506557439,-61.3430062642087,-54.1170758739441,-54.7428389230799,-47.8051700012748,-49.1648952977772,-46.9940782474175,-45.6705646230659,-46.1203656577322,-45.2192405497834,-46.1729385450351,-45.7264613402459,-47.4510870589762,-47.1177102758565,-49.2094591489086,-50.8878328329022,-50.3722154252138,-47.3447244174207,-50.9784210856056,-47.3554592136214,-50.0926024008215,-47.3724374578054,-49.033334535104,-48.4286604752364,-51.0674989322306,-50.6943955447962,-51.2363898235346,-54.8479391571071,-55.1417112679204,-59.646661121723,-62.5870689900801,-63.5026177375868,-64.5996676068582,-58.0285653476897,-58.5875466052989,-57.5077236891014,-57.3083326624284,-55.8087506920971,-55.5130559100213,-51.9185449441703,-51.9245659334351,-48.6012023287895,-48.1487875359841
-48.088365453118,-48.9428639248174,-49.9586640091863,-51.7143189787153,-50.4191416624074,-52.2194146953275,-49.3994218940756,-49.630630581848,-48.6506118497648,-47.9605718130113,-48.5428751306879,-47.4706010574644,-48.6023292108496,-48.5415446208751,-50.0716583702211,-51.7103081895792,-53.7540367692133,-61.3529719861604,-61.0228997583183,-61.428093115035,-53.7767173624604,-51.7034726312587,-53.3535159656193,-51.8551712132914,-55.7047204754732,-50.9911684310086,-50.7725997611893,-46.529774380734,-47.6238789722378,-45.41870894414,-44.5758751777206,-44.2128833487367,-44.3303005903522,-44.4391194500652,-45.7032171196549,-46.4293441475952,-48.8099890605156,-50.6287864050746,-55.7925710121221,-55.2299558219831,-51.8145610407539,-57.497220120164,-49.906863642097,-52.1789646897526,-48.2998782583089,-48.4401440077613,-48.7358657341351,-49.9072364703248,-52.0683905382781,-51.1423783657719,-54.3563005822361,-53.5984663703168,-56.6503932442386,-56.4899407406702,-58.7502196567985,-57.2632375513222,-56.0792003748834,-54.8502083415173,-54.1129120594586,-53.7407413151781,-51.728382813458,-51.3357102071395,-49.3088359038786,-48.8649026238394,-46.8911781559037,-46.692309571227
-48.4394310007378,-51.0974453891463,-51.7455404763125,-54.5972327077968,-52.4053008152796,-53.0004689776441,-50.7665228724361,-49.7557857400207,-49.0305649418441,-48.6812140337818,-49.060063980074,-48.3992045552587,-50.0846268885756,-49.2588242155035,-52.5281876730905,-51.6359057461013,-57.685183433931,-56.9684359404032,-66.5298365415423,-62.3073701850864,-53.4328915219375,-52.0680237549789,-53.5565501268838,-49.7181799499854,-51.8462387002823,-47.5836584708647,-47.1734299011319,-45.0420167826184,-45.5028155945326,-43.6467883755212,-43.561833847915,-42.7141358652826,-43.6359913260982,-43.3083939381073,-45.6959475360846,-45.8258163926714,-50.2644984725438,-51.5548698311885,-62.3860174338338,-73.0619688739438,-69.7354492218559,-56.3561124857903,-54.188746429916,-52.0630843929631,-50.0886401842499,-48.441239491677,-49.6400295075306,-49.395606846867,-53.6949241612437,-51.6251817738802,-54.1480711434681,-53.2732489604689,-55.1108739566089,-54.0159780720321,-55.9544632911036,-53.6253983721411,-53.8185212801734,-52.2162764895864,-51.4893823042999,-50.8350537822292,-49.2354742765188,-48.255650540809,-47.4304761617304,-46.2981314139222,-45.6759208696541,-45.5073817084035
-49.0006316184916,-54.4104564862206,-54.9096031355829,-61.5317218097364,-58.1224196545611,-54.3065183447039,-52.5786945780208,-50.1774304976406,-49.3666215232225,-49.527496379643,-49.3940239590543,-50.0019968268019,-51.56863861121,-51.3339395453078,-54.6849376860347,-53.0934026958527,-56.820943311461,-54.1062153449957,-57.9810140749379,-55.8742234151096,-51.7886342041875,-50.8030461726673,-52.632759394798,-48.1592351258686,-48.832652641619,-45.0298562808346,-44.6981803935167,-43.798921218324,-43.5039468028139,-42.1574537753424,-42.583622412486,-41.7260888292014,-42.9261939747896,-42.6536121769244,-45.2104425373908,-45.3689057850134,-49.7643662315884,-50.701903927744,-57.2136616952389,-57.9845528934999,-55.3159424382897,-52.0159688990322,-55.2929351902071,-51.0828889358436,-52.2958982210267,-49.0964873713591,-51.0375966454751,-49.5566518074148,-54.8456068899975,-52.8743709195106,-54.8188585790704,-54.8182705091624,-55.2337550490858,-53.9546861327611,-54.4060828845091,-52.1033877032441,-51.6996248276402,-50.4536041804483,-49.4137854281309,-48.4703322377118,-47.472595516202,-46.2541921024805,-46.1534537910645,-44.7538006867936,-44.9783287799954,-44.7651007543093
-49.8043746062443,-56.5720346820351,-56.2226987267315,-71.3454254320483,-64.1510230362509,-55.8505576787566,-52.8611763538861,-50.5424438335523,-49.4618255511949,-49.9657069555336,-49.505861145215,-51.8705235389995,-52.3994880975363,-56.0365772527978,-56.7807184931438,-57.1418004893313,-56.0528355521368,-53.3035601488432,-54.2865226102241,-52.29004270569,-51.0614907701294,-48.4285438629772,-50.7070861165568,-46.903422175565,-46.3345326365779,-43.5119024233293,-43.146549916841,-43.0024654314646,-41.9960020057098,-41.2615845512068,-41.7248988570575,-41.2653167245648,-42.2195102485838,-42.3530604269424,-44.3289761127384,-44.7983291064487,-48.118353409402,-48.8701570075802,-52.7843432788912,-52.4859676423008,-50.6219914791357,-50.7653699457229,-52.9814227995313,-50.9847290906519,-53.5671622795145,-50.6303304774771,-52.6086628627447,-50.0564149008565,-54.7586449531968,-54.570884767432,-56.9452603343229,-59.6324616478809,-57.8114531567562,-56.1050083212408,-53.6547736400835,-51.6716749802093,-49.9638670775519,-49.0929545964058,-47.7803643599296,-46.7292201280251,-46.1746838981642,-45.2021330968049,-45.4347777314816,-44.2877373658338,-44.873060611296,-44.6055485740503
-51.1631669808926,-55.7817601308851,-54.3604021121508,-58.2534683570597,-55.0905570322224,-55.4902575147803,-51.4059624376913,-50.2707057617492,-49.2637879156814,-49.6184403637391,-49.3848408486136,-52.3662602397775,-52.2392085203019,-61.4861505621674,-61.1848708384481,-60.6459540779866,-57.0773217063495,-53.1702146565124,-51.8273954876141,-49.9865290095359,-50.8780098434986,-46.8280501822603,-48.3592997842457,-46.0597311137968,-44.4249871903777,-43.0173061401319,-42.3797083997158,-42.6523441335143,-41.1563207646292,-41.0455868190957,-41.1552342808891,-41.2855060636067,-41.6865047279901,-42.3230005326169,-43.4722996405114,-44.1437073620882,-46.6966019587165,-47.1903943817441,-50.3896349365432,-50.4562142264924,-49.7000586208376,-51.6951276428252,-53.0645529393567,-52.8049756578618,-53.7388656972731,-53.8345018642848,-53.5939266418131,-50.7222020732938,-53.2719497645881,-55.2315982176031,-59.093882894126,-68.147107728536,-65.5019535005851,-57.6407665029051,-52.8764398096198,-50.8039096065396,-48.5673432550783,-47.755567593376,-46.5575907361768,-45.6722207865089,-45.4207904225506,-45.0216216582504,-45.3145305594623,-44.8776551130236,-45.4366441818682,-45.1839167190417
-53.653138343634,-54.7576205143169,-53.5472280350093,-54.2199286296568,-51.6751525175574,-52.6136223761015,-50.0042857069485,-49.2501824876339,-48.8024508959541,-48.6506623167298,-48.9481810634352,-50.5312328062438,-51.203256629162,-53.9454354353454,-59.4756997497463,-54.9092369603934,-53.9863573793346,-52.2017587750487,-49.2532220343255,-48.2994259629925,-50.1132996012405,-46.2951475079902,-46.2243255470753,-45.6270556287429,-43.3144773735336,-43.4695645336205,-42.3775880182505,-42.6922958548368,-41.0892781852796,-41.4871500430497,-41.0600321571715,-41.7070054191084,-41.521517131212,-42.5380279232154,-42.9701497081803,-43.7330444059497,-45.82495420539,-46.1245244308772,-49.0441573698504,-49.8738257362235,-49.7069040492061,-53.6846888329607,-56.4111756937346,-58.9990469084943,-54.7456721979419,-58.8281545520179,-53.1202749351326,-51.8554015895845,-50.8332939740114,-53.6724885683013,-54.6464739163021,-56.2661954173138,-57.6366901365741,-53.042208171687,-50.9671562334625,-48.7261339433004,-47.3730223356363,-46.4668699727734,-45.7854812286412,-45.331037301202,-45.3853685072459,-45.696201550005,-45.8934217823666,-46.5140163003474,-46.7319106820215,-46.6775994625459
-58.4371872561416,-54.5897519957935,-54.6661437255278,-52.5062580719318,-50.8109115532717,-50.0144121446047,-49.2757138117952,-48.1067956259762,-48.1768972023388,-47.5022218790763,-48.1316165098109,-48.1641444713533,-49.5343297912131,-49.4155754693984,-52.022952462028,-50.9582942116967,-49.2916824940281,-50.2573129380384,-47.0295454861353,-47.0746659741768,-48.2351328754014,-46.4419703759544,-44.7352825493214,-45.4539176548161,-43.2020086327263,-44.7357551812943,-43.2384699186453,-43.1943669497404,-41.9117847158183,-42.5421247637288,-41.5947981610468,-42.4328721353151,-41.8522245867286,-42.988683996861,-42.9643008202604,-43.8862469286989,-45.5064137489084,-45.927283292994,-48.3914251145413,-49.9090928854023,-49.0406913375,-54.0699508255221,-57.0558271944992,-61.9659149239758,-57.4490637792387,-54.3946263300537,-51.4257267746099,-52.6426094233085,-48.4332886752893,-50.8559448765852,-49.6400522647331,-50.5526939319015,-50.4196206210138,-48.6904695444125,-48.2066164425363,-46.5164766267715,-46.3026185426175,-45.5099392763065,-45.5353374992455,-45.7381076300356,-46.2019561087544,-47.2777394745868,-47.3525768209779,-49.2012568342038,-48.8143008267611,-49.2862026344053
-71.6115555631806,-55.4019126119362,-56.9130659893533,-52.2143538337566,-51.4683109948682,-48.7324312758527,-49.152101588634,-47.4045404714469,-47.5196872188083,-46.5166229612693,-47.0675361651692,-46.3458390453598,-47.6713576841902,-47.0379843301998,-47.8065542321611,-48.779690772397,-46.5415714104501,-48.3746660972576,-45.8303421385407,-46.3883001022506,-46.1859002429478,-46.6861265224396,-44.0950932011127,-45.4333256502689,-44.264412205982,-46.581601158243,-45.2172851679396,-44.4811416306887,-43.8308029346094,-44.1885944717382,-42.8586378057686,-43.3361927518392,-42.6912539633513,-43.6067505901147,-43.4420459402119,-44.7552636118187,-45.7361962017833,-46.842356662542,-48.4624621738592,-50.329316853234,-48.6364669503509,-53.206102491603,-51.5113626771077,-52.3979270192386,-55.945633312082,-49.400392657969,-49.4204770358139,-50.0228354803213,-46.6670889468998,-47.7745684806135,-46.3016529784685,-46.985269944812,-46.3215806033987,-45.826432936006,-45.6730928701131,-44.9189107742701,-45.3808715241614,-45.0746840191522,-45.843010345643,-46.9228367349302,-47.9321557186815,-49.9197063914615,-50.0547200737037,-52.9235269159284,-51.7531978125228,-53.214417565288
-64.7588689775955,-57.3220992214522,-57.6124826954094,-53.32179120809,-52.9684618300003,-48.9303334613345,-49.3738231605441,-47.3341698173225,-46.9188659025911,-45.8602793411887,-46.0126875041837,-45.2148254221906,-46.0339142900426,-45.838407323346,-45.5641926225931,-47.4734743661302,-45.6094991579313,-47.1646659097299,-45.946695399422,-46.4137182339837,-44.9673518943883,-46.7549197750191,-44.3950290694843,-45.6423895371218,-46.6489557124106,-48.606558019009,-48.8987383774441,-47.2231292239682,-47.2683554983911,-46.3607562307032,-44.8205119395533,-44.2159142237439,-43.8799663839443,-44.2466956841967,-44.2533291103335,-46.3257855834118,-46.5582102571798,-49.2343619646996,-49.6221131346521,-51.5710577503797,-50.0932237804141,-53.479336717972,-48.6003523569063,-48.9645930127547,-50.672888813475,-46.9445476214657,-47.5622627238135,-46.2681203532162,-45.5087529332604,-45.0559680481822,-44.1602211436757,-44.4618531656241,-43.7828996056133,-43.9652546922346,-43.8289583918986,-43.9703662736815,-44.6871157336534,-45.1369822947005,-46.6165482927086,-48.7853607658011,-50.4682131529249,-53.949221644351,-54.9352135276016,-57.552355898824,-55.6777853993112,-58.4351388100465
-58.3444506594641,-60.3565891817269,-57.4077491299422,-56.425705347207,-54.6295655239731,-50.6637822240966,-49.5811080586182,-47.7912062222688,-46.4028670799296,-45.5421656596309,-45.1473400359653,-44.6715643992484,-44.8388436168689,-45.3324598349506,-44.7090072100641,-46.5993640318213,-46.2555193087695,-46.8799767817341,-47.5666945444224,-47.4061596634208,-45.0846912762001,-46.9485913216462,-45.6927048597696,-46.2464127767311,-50.021174584739,-50.2265907435737,-55.4302278677845,-53.1187517434134,-52.8221960844916,-48.4374009932281,-46.9870414409911,-44.7861532931487,-45.0079495746316,-44.7471713902202,-45.1320245039922,-48.3323695005132,-48.0060085921338,-53.9189181110117,-52.7708504812486,-54.3756731313658,-54.9257762595211,-53.8158871869185,-48.0136624743897,-48.0246140434699,-47.2730105575454,-46.0916173822565,-45.9621051986832,-43.7355233808224,-44.5764907431859,-43.0536127574841,-42.8268634013001,-42.6698910632885,-42.2597704118703,-42.7685972260986,-42.7066546365099,-43.4878740801941,-44.2915810365649,-45.4816514971171,-47.5182149008994,-50.6279760719946,-53.0395391807451,-59.4136722399929,-66.6488179004523,-62.2204546847767,-60.6662961438569,-62.888919950761
-55.542605251655,-64.4844475862216,-59.8236846636798,-63.9183758980242,-56.2561446603879,-53.1801445835632,-49.4814662273536,-48.3174861730806,-45.9748143175809,-45.4390045825863,-44.5337646711962,-44.5547677770867,-44.1870130568036,-45.1992278314869,-44.9977283196581,-46.1424577213733,-48.2636883625399,-47.7204270458664,-50.9747855150405,-49.8183596943406,-46.9287534804999,-47.6991668934816,-48.0033686554502,-47.3037118334607,-51.5889794411031,-50.7732678020407,-55.3486784229263,-58.9449540770952,-54.3506393338669,-48.5164550714701,-47.7692962445031,-44.8143294064471,-45.4586575663722,-44.944421994327,-45.7772958945688,-49.7256744967533,-49.6487890264589,-60.9291076292247,-61.6131779083398,-57.8084506883968,-57.9839207574685,-51.4402891853919,-49.2430806461127,-48.230021676416,-45.6485382469668,-46.1007745871193,-44.7126960757092,-42.5896597197227,-43.5552117098062,-41.8766565922555,-42.0410849722856,-41.5237938836896,-41.4829344198128,-42.0417440692039,-42.1961951720097,-43.2928550070698,-44.2140246676922,-45.8293200028887,-48.0513669758331,-51.0709018735713,-53.8979697261033,-60.3501133166964,-63.4767354242934,-63.2134728596707,-63.8058322955096,-61.8406300784771
-53.7758279231919,-64.9476137203844,-63.6458731113443,-63.7424283022833,-57.3122536848844,-52.7362425507487,-49.0006614411336,-48.1419648504947,-45.6197851887299,-45.3425636077367,-44.1891562073294,-44.6792685251902,-44.1618261463662,-45.291384575555,-46.2898889429217,-46.3935224064898,-50.7493998643485,-49.8981078703262,-56.1051584245608,-54.844210229377,-50.9824369209764,-49.2059030676881,-51.1039650082381,-48.6051877442511,-49.834931695011,-49.8881590587166,-49.5458992151545,-49.5599459394331,-49.2433872951097,-46.3881914769553,-46.2030369791143,-44.3004686776503,-44.871759371908,-44.6321292245855,-45.9651541224008,-48.8980724103737,-49.7699017191283,-56.1351961134953,-61.3925705511574,-55.3183724675235,-51.5487550532657,-48.9135129825173,-51.338366173285,-48.2327764351946,-45.5024924745245,-46.1724264863993,-43.9779955982128,-42.6792356435426,-42.5958555521869,-41.5036744754064,-41.6526371861912,-41.0026865596145,-41.2812586799419,-41.6890999467687,-42.141561991311,-43.2994358915799,-44.3965912313125,-46.0802570217431,-48.1293526414714,-50.4081843829288,-53.1931287566417,-56.8935980892171,-57.3043355237631,-60.8676425622796,-60.8905427483543,-58.6502178882593
-52.6014435568787,-57.6490662587909,-56.0947889652593,-55.7372587605688,-54.9872215029232,-49.9115838309876,-48.13264596265,-47.0152254605089,-45.2875704486207,-45.0680911107157,-44.133365824918,-44.8774094598069,-44.8298883550812,-45.7185939760883,-48.305289734234,-47.7806249037335,-51.7898890222565,-53.3796407563704,-58.0705409500707,-70.4989422890511,-54.5625797417061,-50.981225324655,-53.8153505582512,-49.5623747477305,-47.6668139978208,-48.0271484296312,-46.3053097876381,-45.0256930160784,-45.6840622807449,-43.9943356235602,-43.814582052023,-43.4143574486321,-43.5642192860555,-43.7697160528359,-45.5982336700464,-46.740073294645,-47.9254474476585,-51.8481557667692,-52.6675769424979,-52.1007611363926,-48.9054619081292,-48.1670282401295,-51.643900043484,-47.7831039744133,-46.7083110631133,-45.9706490134495,-43.9371317478232,-43.7794134537028,-42.1195802748842,-41.8475190762738,-41.6273829336335,-41.0981109844972,-41.5294411526991,-41.6891807413065,-42.3965314416464,-43.5083727144745,-44.7069195264372,-46.3802991000062,-48.2188638916694,-50.1504621389954,-52.7571683636441,-55.1069044334192,-55.9102299663216,-59.0163988413018,-58.0441548288745,-56.3744507073358
-52.1869800891017,-52.6831998163812,-51.4760232806784,-51.8790064418831,-51.0091017099084,-47.8251855719425,-46.8865750336453,-45.5523132633402,-44.9056549491702,-44.5832138665645,-44.3486787867467,-45.0588985588362,-46.104000192894,-46.78440089374,-50.2959380884536,-50.9346619876238,-52.1087796423392,-56.5792220116868,-56.1281738772825,-58.9225820298382,-51.3296120393596,-51.0285882767856,-53.8600188120236,-49.4765427404008,-45.7322300579705,-45.968595393256,-44.2910378455648,-42.4364932451675,-43.1886221185465,-42.0777332795401,-41.7340439862744,-42.3308741618892,-42.1312815163077,-42.6780744283738,-44.7316326513597,-44.8848263364261,-46.0822532599736,-49.7999471957625,-49.759442968533,-51.1280937775932,-48.9991183461479,-49.6715476217817,-50.4692490290861,-48.0218587081947,-48.9796447673412,-46.0169942856636,-44.7306053045385,-45.3546582082031,-42.467848329315,-42.776003376781,-42.0301224642376,-41.7967333813271,-42.1358326667654,-42.070068337417,-42.8859985018786,-43.9380808392906,-45.024419152365,-46.880428902721,-48.695700712152,-50.89761501091,-53.4881346754923,-55.2745247236421,-56.9531706502748,-58.2451679811797,-56.7373526694731,-55.3593204176496
-52.7503358426474,-50.1549461221655,-49.6357825016978,-49.5766488597379,-47.9525687269296,-46.5866254528321,-45.4579718989525,-44.2929346573058,-44.4231988577259,-44.0199243712801,-44.6806603344783,-45.2389419643851,-47.3846879415049,-48.7576452055047,-51.5906608440232,-57.1589222939505,-54.1456288658705,-57.8927305274919,-55.3261457390047,-53.5747201538012,-48.9867229805873,-49.1241982703895,-51.5524845379172,-48.3282867296437,-44.1008906311804,-44.1479820322513,-42.8099865665923,-40.8687914943807,-41.3096761526152,-40.6877316444978,-40.2548643706106,-41.2016545812199,-40.9637810864219,-41.748854826716,-43.5931216417107,-43.7310416130362,-45.095251327944,-48.8083869653219,-49.1253595585714,-52.3101244649303,-51.3869270971927,-54.5984035025406,-50.5476859817399,-49.9125791557824,-50.9688592297157,-46.9713723966815,-46.4321227033256,-46.4964204432253,-43.8793649193681,-44.1447787568462,-42.9859936670342,-43.064336938672,-43.0439815237952,-42.876562292971,-43.6249793616584,-44.5687679721456,-45.3791343225916,-47.5442625765874,-49.4834700999406,-52.3401666559699,-55.7550417268851,-57.9050454872,-60.7907140591363,-58.2841252445122,-56.8534351551649,-55.1754616267091
-54.4767211800638,-49.7251419026311,-49.5799417660822,-47.9951466230653,-46.0071750578131,-45.6548444200102,-44.1364262180749,-43.3836891447513,-43.8316181296884,-43.5516500443973,-44.8205784322953,-45.4780917948549,-47.6347880286707,-51.1073915944571,-52.8026095880383,-61.4204485263097,-59.3111131407151,-60.1513336601735,-55.1377069433603,-51.7173707948437,-48.5150976594091,-47.5110378409864,-48.9449170934829,-46.7687227907384,-43.0002835141049,-42.6923504697284,-41.6143136592494,-40.0347482735989,-39.9503004300974,-39.7562039702014,-39.39321488724,-40.1806304947753,-40.2020210755543,-41.1769058435956,-42.5052037658091,-43.1383236639584,-44.9677308592035,-48.2118253533284,-49.6257997818634,-55.4188493340584,-55.2669383747381,-76.3835716439259,-53.2027817908343,-54.3795672937847,-51.1222241513047,-49.2477747591887,-48.9949505985677,-47.1350226215692,-46.6109695870431,-45.8933680729185,-44.6516760358959,-44.8071798003729,-44.2279465654982,-44.1277424241192,-44.6600966056968,-45.3477603890128,-45.9703526741772,-48.2074598421946,-50.1218586690191,-53.0316138186972,-58.6638933570527,-65.3523710471473,-74.2385895817256,-58.5156114113329,-57.8649384504083,-54.9838766330308
-57.4286328918288,-51.2974839043579,-49.9966282724747,-46.7562773441309,-44.8746176005545,-44.5871336847726,-43.0901246743446,-42.7630042116073,-43.1559047416897,-43.2645979340648,-44.566112244078,-45.7536696362162,-47.0400323368271,-51.2065461949002,-54.0809040955479,-55.9213678598811,-58.646521983551,-59.7952339539223,-54.6320436633778,-51.18945219414,-49.1480702761535,-47.0025108618096,-46.9532534382893,-45.393022174272,-42.5780725134714,-41.6566991494592,-40.7524300727329,-39.825269475796,-39.1198360847189,-39.209440430418,-39.0550015263344,-39.4063031995244,-39.8335998207097,-40.9700772488806,-41.7540595204169,-42.8868987845508,-45.4761002290002,-47.7350925128182,-50.0212227321335,-57.0227402085226,-55.2016392739986,-57.5730459747513,-61.8397955451736,-62.2575801173559,-50.9572696196977,-53.0188551557026,-52.215352557112,-48.4753396271566,-51.0297436229269,-48.1742468034762,-47.1785873040408,-46.787621954275,-45.6604572287391,-45.7596013776012,-45.98767464143,-46.2584220696397,-47.0442814862347,-48.8483492634623,-50.3852423316652,-52.2479048188818,-57.4698597630955,-61.8397981094171,-62.9043613205093,-57.8321546473771,-57.4579239824573,-54.2628352061005
-58.1143257906034,-52.9166446122338,-48.7369234942741,-45.6851898878711,-44.1601346599384,-43.3520367878567,-42.3432972794313,-42.3078861872825,-42.4565774132344,-43.0945128184582,-44.0784107837701,-45.8650589146666,-46.728974863946,-49.4046428173901,-53.3711338679672,-53.9802780991364,-53.906248714114,-54.8393718009504,-54.0190657910973,-51.0160283683566,-50.2642205620491,-47.5660846679967,-45.7417148112035,-44.532957709643,-42.8942047361131,-41.1825994478704,-40.4248314128798,-40.1544990109807,-38.8291632232535,-38.9845510717729,-39.0684952056957,-38.9605191123412,-39.7635441992032,-41.0171619659689,-41.5062566530246,-42.9251353041151,-46.335924554606,-47.580296602097,-49.8624854110835,-54.5091622823262,-53.0767371005754,-53.6300644819591,-60.1912098045621,-58.2889540852108,-51.8233337810617,-57.3531003630518,-56.1392507796037,-51.9790326605361,-56.7156360275056,-51.3893153272095,-50.4081680263967,-48.5383156725856,-47.2396597168324,-47.54789090785,-47.5136890789888,-47.3944610784588,-48.8038744231597,-49.7761937400805,-50.822729345428,-51.6227260155127,-54.5683971672735,-55.1122636376303,-55.9768759155068,-55.7368522163353,-54.4522671789737,-53.2216757026033
-53.0767540095063,-49.8618744473476,-46.3853874487104,-44.7492702383704,-43.5164914716926,-42.2543792482529,-41.8663049335159,-41.9222058458467,-41.8322051080311,-42.858221119309,-43.6308882064301,-45.541038948935,-47.1223928946781,-48.4932728908697,-51.5292135182551,-54.4583662241337,-52.7394633492533,-52.3516743609249,-53.8007599642374,-50.6401733567767,-51.4262873638676,-48.8223324760921,-45.2396404281883,-44.4066532322075,-44.0741408576964,-41.5507658502307,-40.8732435310482,-40.9223604316782,-39.0498169359949,-39.0208366961955,-39.2048080944105,-38.836879699703,-39.8487760247671,-41.122705768939,-41.7521869357539,-43.4033602046135,-47.3728637296603,-48.2403920460277,-50.3779345744099,-53.1323562227158,-53.4581471646024,-53.5759182574888,-52.1423898434901,-53.3028960809666,-53.4828332423838,-58.8237185752766,-61.065680128825,-59.7811481440542,-57.6397235253556,-55.5032902091355,-52.4476858993932,-49.5511372951968,-48.7010391431663,-49.0702318300913,-49.0462307910405,-48.9400856410983,-51.3894234846983,-51.5569114059217,-52.3110442026497,-52.3538969949049,-53.1148435792315,-52.1944335582412,-52.6861433881668,-53.1407244072155,-51.4188046910985,-51.9664819778822
-48.6907807986203,-46.4189652533454,-44.6921639243112,-44.0432144726003,-42.9138242723886,-41.6252522978864,-41.654349323137,-41.5969164970961,-41.3949796754288,-42.4229373252985,-43.2724541564589,-44.7409118863849,-47.5860317235472,-49.0711729438782,-51.1070339546388,-56.9435907224351,-55.0229929526145,-52.5651657323416,-53.6526961018043,-49.8848026802398,-51.75845141439,-49.8948143346091,-45.4383539096885,-45.3215479196483,-46.5539054646321,-43.2192523658763,-42.3269404785439,-41.9894191373015,-39.664709922437,-39.2165255993019,-39.2355087841462,-38.9251971036795,-39.9191177024466,-41.0562076196998,-42.2057566559476,-44.4096157803983,-48.6474010762305,-50.313475521411,-53.2984611060069,-53.9111552141058,-57.6412834139047,-55.0478915874166,-49.0164346300381,-50.2155016321848,-54.4681684688422,-56.6307813358986,-58.1767095262708,-55.6930926198268,-55.5903191158498,-55.4774482009467,-51.2969518267445,-49.7673113676112,-49.6629972761449,-49.8956616197495,-50.2516628643923,-50.9973016104471,-54.7069780672764,-55.0852572880202,-56.0064721638489,-55.0385478400813,-52.9557638815141,-51.2045968672126,-51.0070940820535,-50.8517144013659,-49.3203981616398,-50.4115181815331
-45.9554502543907,-44.6533710087494,-44.1013785795002,-43.7576156314208,-42.6659347615797,-41.6949239797755,-41.7537304344596,-41.4302328276934,-41.2377560485581,-41.8711066725888,-42.8319782314212,-43.6959619648871,-46.67119190549,-49.8464467821225,-52.3521980342769,-59.5211020095258,-59.5507508515449,-53.6388640165387,-51.9662137247704,-48.6772232720483,-49.9397336183951,-49.4400472544306,-46.56709864231,-47.9679432604603,-51.869792484174,-46.9457644306482,-44.7196732118581,-42.9564398444521,-40.3941120646595,-39.3760349316717,-39.0308518840101,-39.0275152022661,-39.8099222272501,-40.6740804444693,-42.2902467113916,-45.4332386595939,-49.9572644066363,-53.9150431461228,-64.8541820840392,-55.6008035566517,-57.9442374274131,-54.003574489337,-47.8740413985303,-48.2751109636354,-53.4868009184266,-52.6191079242608,-52.6776762539618,-50.3887640969666,-53.7712329024732,-51.5293899998852,-49.4958883290342,-49.5124014955101,-49.915986018014,-49.9582241813398,-50.7208223117922,-53.1069138762814,-57.2358859071551,-62.0605346709169,-65.8064350690994,-59.397820020114,-53.3157566853208,-51.3082562064235,-50.1710254827501,-49.162740879857,-48.1106001770612,-48.761002617662
-44.6618486490158,-44.4106348772363,-44.6164478650479,-44.1386079645162,-43.1705574552496,-42.6154635901083,-42.2486785139694,-41.5933700242039,-41.4153029449695,-41.4245671883021,-42.193261161007,-42.6582981550951,-44.5078524059103,-47.5578868522991,-50.8432458735656,-53.3656217560082,-52.5590541248788,-49.9704075870625,-48.4626198268421,-46.9813439435575,-46.7776605934414,-47.1733404362823,-48.7457902692542,-53.6697812835251,-66.0121560224681,-51.1231157137024,-46.0536686665992,-42.9076211699317,-40.8051507463488,-39.2687345826328,-38.6221245406098,-38.9389928287833,-39.421436454004,-40.0174827808075,-41.6525287614803,-45.1031636518287,-49.4334192875145,-52.7103021789702,-56.3873288882292,-53.6192054703454,-50.5961922237173,-50.5700028552462,-47.9968392949888,-47.5584805792632,-51.2928326019149,-49.2760401632295,-49.5855124966668,-48.4923385745332,-51.2655219327594,-48.7267300317903,-48.3635612479837,-49.0443259692326,-49.5644956795566,-49.5695424846897,-50.4635004101021,-53.7741495067896,-56.3545655994654,-60.6329980701205,-61.9160589361245,-58.1388698827838,-53.2668575851681,-51.6495459425352,-49.6615138326758,-48.1688004104248,-47.5987603881732,-47.3477563105373
-44.6993828029163,-45.5315904127243,-46.2641730846682,-45.5021794727869,-44.8081650582069,-44.4798953899957,-43.2366123098366,-42.2595418054636,-41.9348481364589,-41.2716858064002,-41.5159253025936,-41.7931550179026,-42.4404415690434,-43.9878368696129,-45.9284224122831,-47.2677303967353,-46.8237021113516,-45.3144350595542,-44.9137188468937,-44.9209756587783,-43.7897865399764,-44.463266804657,-48.9868875537169,-51.3457353538735,-50.4543455207455,-46.5849889273563,-44.0399856859594,-41.5706528013841,-40.6128847141172,-38.8558289979356,-38.1550277055238,-38.5712613526292,-38.7785563695459,-39.2438696656106,-40.6121388629169,-43.2944261100619,-46.327245600877,-47.5720569352235,-48.8396084062132,-49.8759966541234,-46.8074901949063,-47.9307596684843,-49.0943413289461,-48.1929269514173,-49.2859286872449,-47.5103344318173,-48.2507908762488,-48.4926408904873,-48.7464304555808,-47.2261148372228,-47.8406025543027,-48.4827858867559,-48.8568255027946,-49.0843198297603,-50.0144687157959,-52.7212318329481,-54.2506535673875,-54.9260896153484,-55.404618631996,-54.5309384924122,-52.7872995193771,-51.5462691150365,-49.2928110214507,-47.8917979749936,-47.543993236934,-46.3528868682103
-46.0195735879395,-47.9803060646001,-49.3067223723688,-48.4007599728326,-48.1029412968305,-47.2116392865952,-44.7875476086219,-43.5183511902027,-42.7554352559758,-41.5217444071259,-41.1070084207506,-41.213676712815,-41.0088347836399,-41.3676032139324,-42.192638916393,-43.1361265181725,-43.1966397873457,-42.1453484983754,-42.1113162099976,-42.757479788672,-41.5569904292589,-42.3348323567412,-45.0241186219766,-44.9419373382447,-45.0888691238248,-42.7893768975575,-41.7122840800169,-40.0432702324915,-39.9915385478866,-38.3740664411211,-37.7870380651787,-38.00828907407,-38.0313912317644,-38.5033933733946,-39.6131710072479,-41.3374259731731,-43.1197596479249,-44.0472707227342,-45.4046125534048,-47.270696301815,-45.2069096919001,-46.588366253429,-50.888123694457,-50.2841759256389,-48.4080142027249,-47.5001971949439,-48.3073796984844,-49.4570921850273,-47.0438770703963,-46.7290165645878,-47.675743157845,-47.9212188501259,-48.0908023145233,-48.7056143889696,-49.7997906800424,-51.5371890188687,-52.8796628505861,-52.7432729318867,-53.4267954686124,-53.201717960612,-52.6633616643148,-51.2773086833263,-49.2574732535773,-48.2624402043881,-47.6715066207233,-45.8513509927565
-48.3547269371104,-51.5810725877222,-54.7409097940267,-54.4905517222768,-54.1151663415946,-50.0717893545138,-46.8428281291114,-45.2671635070914,-43.8354973113916,-42.2601448326123,-41.214366490249,-41.0059546060609,-40.2558734068859,-39.8290539810537,-39.8943728863349,-40.3705562722184,-40.6608874120345,-40.120320890991,-40.113411160109,-40.7892951930522,-40.2242817667045,-41.0613302666236,-41.6975384888869,-41.7129286436882,-42.5626329633379,-41.2594673723807,-40.5749109386769,-39.1844587183427,-39.3693477408199,-38.1213505479795,-37.6243429451149,-37.4489385186373,-37.384658526887,-37.8994215194715,-38.8229611179938,-39.8421326102677,-40.8061811137157,-41.8991748937113,-43.648422118746,-45.7294453961653,-45.0825382737439,-46.5026195566851,-52.9194204855691,-54.0205432558564,-49.2828378684287,-49.5789529497037,-49.5807137374972,-49.9516596057112,-46.4010968111007,-47.0054415879591,-47.6483328563159,-47.4689656084573,-47.5450724080062,-48.4895804293419,-49.8641615163481,-51.021754471366,-52.4810841920915,-52.9116019275285,-54.0838873980444,-54.0835881250645,-53.3908067099327,-51.5214619711086,-49.8183509519237,-49.0573415695864,-47.8410946472973,-45.9322374012053
-50.3431141847576,-54.3591095773541,-62.2549934462951,-73.7646782999558,-58.4563125849851,-51.5151301849847,-49.0653013467217,-47.1930465071992,-45.2792055553369,-43.6281328435422,-41.9811211652803,-41.2218154067115,-40.1063414589693,-39.1453546598152,-38.6394509226672,-38.5970508776158,-38.8335505876709,-38.82352033641,-38.8133366242917,-39.2608685321307,-39.7471120129146,-40.5601346782279,-40.0551934728498,-40.5641839905977,-41.6996493677151,-41.4523537761676,-40.7218085116117,-39.286946169731,-39.1162584451765,-38.2843587378741,-37.7170781890097,-37.1108067605538,-37.0162170903861,-37.4987799293101,-38.23549903985,-38.8463858900827,-39.3936261633436,-40.7046648549527,-42.8044441602225,-44.8601901583687,-45.9382456992897,-47.5789998680528,-55.0029253268581,-60.0920735156429,-52.9049790209951,-54.7214368845611,-51.706398069245,-49.2951249147824,-46.887170822708,-47.7980793122137,-47.6283527044647,-47.2251257304759,-47.3744466230952,-48.418331050644,-49.9881022831817,-51.2385740861843,-52.8769622290117,-55.3393891304064,-57.8520730556823,-57.5417991684362,-54.9328172941363,-52.5470191098482,-51.0281303265263,-49.9489978443633,-48.2410459043949,-46.754689129949
-50.2941929591614,-53.1185775097557,-54.6943829959304,-54.1243482200612,-52.9118501990391,-51.6695349458565,-51.0691947691776,-49.3022432541677,-47.5576068093916,-45.9024891414633,-43.4378403756512,-41.8394253933116,-40.4204918518536,-39.0483942927256,-38.0829910066735,-37.5649824281086,-37.5871807227205,-37.9711154293226,-38.0744933563549,-38.3177187118263,-39.847426514322,-40.5622219631737,-40.0221171472909,-41.1985733428413,-42.3125504049861,-43.2658994178033,-42.1810848610766,-40.4346276260297,-39.4678802243837,-38.9180025121777,-38.081612168571,-37.1624920867221,-37.0326032087462,-37.3399849025802,-37.8255566295606,-38.257253697648,-38.7143696291041,-40.1846677121592,-42.4297830028073,-44.3493055924272,-47.0624784462696,-49.2890458875021,-57.7493420292619,-73.956990716905,-64.1248852681932,-59.0979879316614,-53.3333428025774,-48.7833447439122,-48.5928375724872,-48.7346155351673,-47.6143392493609,-47.2377550758231,-47.5611393751131,-48.4484429909362,-49.9239166422106,-51.7456480163486,-53.4397148289754,-59.3310093318443,-72.0014998634101,-63.0884079591187,-56.4363988642327,-54.0300396086125,-52.5975618131882,-50.8431964675072,-49.3001054488833,-48.5816441416749
-49.4181568480449,-50.6268633310473,-49.983073848104,-49.4858710164359,-49.8393974313798,-51.6115010031341,-53.0837682284045,-52.8063982955211,-51.9899122960771,-49.4693042756453,-45.2763166442381,-42.6366768553863,-40.9067290478352,-39.212334992894,-37.9234919478146,-37.0815284356642,-36.8715485585961,-37.4135444645875,-37.7545925575085,-38.0059207668704,-39.9711227558033,-40.7470869201121,-41.6016502446732,-43.7629117175353,-44.6916655605634,-47.113249183908,-45.1328975950059,-42.6039135267175,-40.5090383644359,-39.9450748969042,-38.7204227131054,-37.6924066103619,-37.4568975791583,-37.4434431260394,-37.6254014672287,-37.9955302303049,-38.5770149008111,-40.1169907977342,-42.2165834522213,-43.9703678744707,-47.6077101447038,-49.9765388907516,-59.2388004635436,-66.8039508249327,-60.1416007670256,-54.0815003902352,-53.4278274820218,-49.6065790030912,-51.44345808502,-49.3913688345708,-47.6904044624684,-47.4655697477018,-47.9142423511928,-48.506790983011,-49.6291782819244,-51.5613650633543,-53.1535831351629,-57.4443273227429,-61.3420925498627,-58.9211195909194,-56.4263268479474,-54.9271524185065,-53.9237369186183,-52.0483889846089,-51.4990976265893,-51.9325636624362
-48.7025002370998,-48.5899284305852,-47.5580407352205,-47.4690185259624,-48.268369728511,-51.0044576282702,-54.2732668810195,-60.0686736938155,-64.3966663083889,-52.6127024351359,-46.2019554265592,-43.006575174325,-41.0682511997052,-39.2892966816767,-37.923422010486,-36.9977872050553,-36.6435860510232,-37.1213278153794,-37.7277065567131,-38.2735767863154,-39.7536423302768,-41.0166804611273,-44.5797640406259,-48.1528482760507,-49.9135030464257,-55.2055028315758,-49.5994398898582,-45.4070603502827,-42.0513590397895,-41.1264514848509,-39.622893736552,-38.689269865714,-38.2338751105163,-37.8374228949119,-37.7374236022575,-38.0599666352306,-38.8319105858092,-40.3246387075011,-42.0093527245333,-43.560052223278,-47.4072689373794,-48.910718996012,-55.2901190182987,-60.99296634209,-54.8111499384371,-52.8523503529173,-53.9879839540625,-52.8034390720513,-53.4572557004066,-49.5600342630655,-47.8868729292411,-47.737950178737,-48.1203962027911,-48.4826389098593,-49.2550091605996,-50.4536811492157,-52.081672531702,-53.8124265387143,-55.394022876359,-54.901462974533,-55.2689203932077,-54.5132275543179,-54.4848602262613,-53.7267258941342,-55.2552737054927,-58.4794830293723
-48.0590864711629,-47.2275832497486,-46.487341625773,-46.7259130496318,-47.4000966675974,-49.4142422303679,-51.4696685161258,-53.8768994100761,-53.553568922307,-49.421790155776,-45.0372718729088,-42.3650136257839,-40.569599965359,-39.0982922409296,-37.9647154155413,-37.2103900127674,-36.8564035562085,-37.1435588292809,-37.9246172643794,-38.955607437286,-39.5753011007885,-41.6023086915948,-46.3949376138379,-49.0474070865947,-57.1318198160426,-64.3132815150502,-51.9303801657855,-47.5241053198491,-43.4468451462117,-42.1245629880684,-40.7413149301536,-40.0143299713741,-39.2624701950951,-38.5888868839265,-38.3138636794679,-38.5597737934617,-39.4541761294049,-40.7270247384322,-41.8332474973126,-43.0689026696076,-46.8276489432175,-47.5735546553972,-51.3342065439476,-58.2374881802197,-55.3313487228678,-56.1961567303579,-57.7077180936237,-60.3113513102153,-51.6373858777613,-49.2874609089209,-48.0359221332186,-47.7614485597537,-47.9071306994288,-48.2687408861716,-48.9419043533702,-49.4375621756008,-51.2906808302904,-52.4929700194484,-53.7087425039916,-53.6328826980974,-54.3483167540526,-53.5524456395155,-54.1346188187706,-54.9236536290923,-59.0292102106526,-69.7371736879647
-47.7174392774706,-46.7638172316184,-46.528083556569,-46.8497558242248,-47.0258722694039,-47.5489696296087,-47.7821582782799,-47.7818499369508,-47.2339769044558,-45.5272960585313,-43.0846453637334,-41.0977425929791,-39.7043198449904,-38.7576612118363,-38.0558984206131,-37.6525202885569,-37.4629274259648,-37.5574992416895,-38.3632635651312,-39.7947402187183,-40.0618707137128,-42.7760256645257,-44.978057649538,-46.4903341176748,-50.9376760791694,-52.9724854453932,-49.7417167803524,-48.0675109668772,-44.1044404917233,-42.8043449926342,-41.9509470434419,-41.3995851324235,-40.469174603393,-39.8135166848102,-39.5401183435184,-39.7077558442529,-40.5750277530218,-41.377157310764,-41.844882851885,-42.6469272570766,-45.9682624171884,-46.5715785000812,-48.3434430180879,-54.3231150239338,-55.9378149493026,-60.1787013988587,-63.0523394748197,-54.7423200644957,-49.1503538483581,-48.5740174265646,-47.7913809799776,-47.3074222366472,-47.2562050160981,-47.8225621741387,-48.6832074602559,-49.1881445679092,-51.3585309653249,-53.3845521421187,-54.6954911261289,-54.6109811358876,-54.2505178482958,-52.8927266371037,-53.1232321212547,-54.1912485627391,-56.6609674844857,-56.2988919802712
-48.288271331174,-47.5261687137391,-47.7180532481626,-47.6978818167589,-47.1047915297019,-46.1612110675333,-45.4132898730197,-44.765638028118,-44.1356960796018,-43.0340884041937,-41.5420560607014,-40.00755435711,-39.0225489010722,-38.5424723278745,-38.2833778914452,-38.2804480539453,-38.402739627107,-38.4247347520276,-39.1301182711023,-40.6021220219557,-41.5400410313085,-44.441393517411,-44.1408860318739,-46.1456601568371,-48.3149713449564,-50.5356079677207,-48.5939560934177,-48.2799352741019,-44.4792467464721,-43.3853519695555,-43.039537959996,-42.5722626198608,-41.8634378921517,-41.6514109432014,-41.650042287071,-41.8259082001733,-42.4343586827144,-42.4311553240364,-42.2455600559724,-42.5621581598074,-44.7788896799373,-45.679877529967,-45.7083375106317,-49.5646595397898,-50.0779292589368,-50.9030947896655,-52.386517903429,-48.6705788434057,-47.4990348749375,-47.3917562368771,-46.9845086195949,-46.477914613284,-46.4243883083303,-47.2055538375747,-48.3494275439944,-49.6419238885532,-52.1682546382656,-56.5424694286632,-59.337652787139,-58.1717559655222,-55.0326865253965,-52.7737809409501,-51.9577472156847,-52.3464826403531,-52.630723455229,-51.0756549923659
-50.3755504561734,-50.0681909224572,-50.2901140205075,-49.1392579401368,-47.5107579921306,-45.5343706852639,-44.3338109911959,-43.3835802777001,-42.5112949778309,-41.6003425953945,-40.6704528413551,-39.5215577866615,-38.8775176684615,-38.7058413773941,-38.7796291034673,-39.0943994607437,-39.5814495301087,-39.7518199058513,-40.3213949350064,-41.4524170342034,-43.8136805935648,-45.7325952144574,-45.3154000562081,-48.630559740277,-49.265286457825,-51.3189204121776,-49.3880765188101,-49.0089811172824,-45.2963730455128,-44.1111387684327,-43.8087086544239,-43.4451835761671,-43.4528284066115,-44.1773153426146,-44.9935734241565,-45.5082352767995,-45.3539347747052,-44.0917850089868,-43.2052709206111,-42.9874368360088,-43.4220442780541,-44.6232843180742,-43.4262338702776,-45.7218979841476,-45.6274375151961,-46.1789879956214,-47.0220391623042,-45.6508658369079,-46.3871995402865,-45.9910007711945,-45.8942778360814,-45.6285511430701,-45.7509285845108,-46.5999159292907,-47.890681499524,-50.0733447503362,-52.7378857249893,-58.699497838593,-73.4000537662666,-61.5119458281818,-55.6693795032669,-52.755817218919,-50.8106949338135,-50.2806432085098,-49.2940465284531,-47.8879012454368
-54.4461265392659,-55.9709864306809,-54.5346248520228,-50.8273496373459,-48.0317025741048,-45.6716919620153,-44.200513547682,-42.9593906542954,-41.7675548283932,-40.947871978729,-40.4470895762287,-39.7660610542325,-39.4359255284821,-39.4495263367637,-39.7290095017467,-40.2018133449075,-40.9178343738925,-41.4656604154714,-41.9835873491681,-42.6114270754218,-45.6104542745922,-45.8500624524209,-48.6329167344125,-53.6837193255018,-54.6065703372428,-55.9478028524086,-51.7591507804424,-50.0564825455225,-46.6404165064616,-44.9391305283658,-44.2361923457761,-44.0730700412588,-44.9904066887622,-47.0117715833952,-50.0084828534485,-52.6875421725685,-49.7141051248892,-46.4798327957817,-44.7085766713174,-43.7679260419836,-42.2553389965392,-43.3803180840771,-41.8333512183353,-43.0877363280984,-43.1648027658885,-43.83235916291,-44.1726373494095,-44.2031315702759,-45.4397753508295,-44.8057300246948,-44.9612905932749,-45.0890646130448,-45.4992415116589,-46.2707947204127,-47.514019472502,-49.7596861409828,-52.0035610375233,-54.5515618307725,-57.2801697100387,-55.8641946091539,-53.8327146639539,-51.6955845144823,-49.4414600844007,-48.1475003921558,-46.6889123739833,-45.7457847027336
-57.8966822298455,-87.4909312851035,-58.2615187315201,-52.0736099713218,-48.4851691770468,-46.2775062602538,-44.4910026738875,-42.9766726051996,-41.6054049967077,-40.9138818321585,-40.7908104059332,-40.7322313004668,-40.7877669730816,-40.9723646075721,-41.3916516272084,-41.8673324160182,-42.5061949282838,-43.463049841676,-44.0740281438227,-44.3085868657139,-45.8193638515719,-45.6816401557697,-51.3218413660196,-52.0205290599691,-62.8704270807732,-64.9141380012047,-52.8384358082199,-50.4181041973013,-47.8715491897377,-45.5494047199877,-44.4541508107705,-44.4715514823742,-45.8479987098619,-48.427102940155,-53.4511034951397,-66.5460644394939,-53.5223479727016,-48.7599567530234,-46.0544940760661,-44.2334682540386,-41.6092794770346,-42.1923119884405,-41.1463209637734,-41.5459850540006,-42.0663531715347,-42.8482090805476,-42.8112032896655,-43.7321477245284,-44.6109179678305,-44.1569419920873,-44.5032415749182,-45.0657852217667,-45.8284832964077,-46.4896342035286,-47.5798302394144,-49.2000370105083,-50.780141192641,-51.3173664353273,-52.1109287518584,-51.6414711580635,-50.7207309368547,-49.5246189004277,-47.8272527354181,-46.2771249646521,-44.9259279239247,-44.4043417380553
-56.015216825267,-57.7693307966209,-56.0259660260155,-52.0647279134242,-48.6074024986704,-46.5810283342532,-44.5570502455009,-43.0455599240353,-41.8560200043113,-41.3917321980759,-41.5937557098742,-42.2971386485967,-42.977987667298,-43.5346705304336,-44.1720639554554,-44.5441772803761,-44.7411406765258,-45.7791570430128,-46.4623894569368,-46.617557322726,-45.8220595848212,-46.3540196269701,-49.1400703213377,-48.49287038517,-51.9453027956221,-53.3636361247334,-50.1820265950869,-49.1220425149544,-48.0693492760741,-45.6599515080532,-44.5726660098097,-44.632311429771,-45.6928148965416,-47.3775707483081,-49.7044212327921,-50.9408717266861,-50.2424374978923,-48.097181528882,-45.8124504805994,-43.8125243507286,-41.6667197885198,-41.3940586535467,-41.3881329372745,-40.9898996457779,-41.9501273239792,-42.74407313168,-42.5321565114294,-43.8913834285485,-44.1110042291154,-44.1862070881322,-44.7035194187519,-45.6778027117766,-46.8256865666662,-47.5016266080745,-48.4357386353172,-49.3133103614427,-50.2055270160532,-49.9275298600178,-49.8265881738584,-49.3989170669972,-48.3664274435426,-47.4885657266055,-46.3870425189156,-45.0240620739159,-44.0479582769727,-43.776081230511
-55.3307049695724,-54.1193095639019,-53.0344851521263,-50.5118574425575,-47.9546133604013,-45.9235776235161,-44.1562516445682,-43.0512037358872,-42.4037651220378,-42.2753306002384,-42.7186323389818,-44.1441887863825,-45.8616577550211,-47.4983038937834,-48.8834214343639,-49.076372902059,-48.3012407678738,-48.6811294253291,-49.0040615395003,-49.3873488397604,-46.8576069675856,-48.4268334759498,-47.6940230704381,-47.7964324755362,-48.5565045802181,-48.9707696046233,-47.7677655688449,-47.0518605666786,-47.1430933248228,-45.3276125567699,-44.6092657315196,-44.6107132121487,-45.0100503358501,-45.6810545941821,-46.4485784261808,-46.5633861259075,-46.4886376436463,-45.5615198880204,-44.3525912517906,-43.0212470951606,-42.4168522391161,-41.2504554280555,-42.3805974932906,-41.3694888019248,-42.5681289337178,-43.2243089669978,-43.1249702378338,-44.4555775740446,-44.1432909701724,-44.9018924560358,-45.6560841859967,-46.9924116295309,-48.5386421149723,-49.5655221199667,-50.4334023707226,-50.6048432264025,-50.6635041063641,-49.957349554502,-49.145576938241,-48.4680313861604,-47.1527074594419,-46.28102998317,-45.5196828730341,-44.5408131720155,-43.9986041226801,-43.7969853966622
-56.660387191674,-52.8623491464213,-50.5749881865835,-48.2651260810811,-46.5847858395897,-44.7810941897969,-43.6358464657299,-43.0827206137478,-43.0967118846872,-43.3809245467352,-43.9993104133624,-45.762873969321,-48.5496477759397,-52.5846749103259,-57.8943655097331,-58.0627489803693,-54.0080229382225,-52.2731306444824,-51.5883083742524,-52.135274874026,-49.369356111972,-52.4399005308469,-48.5026325980866,-49.5145965100782,-48.1230501089268,-47.4519216228329,-46.7093921508939,-45.436248322467,-45.7926701277509,-44.814738231425,-44.5430774658776,-44.4793285650077,-44.3419483321106,-44.4056093489444,-44.5555265265063,-44.4604150917437,-44.2696923485188,-43.7182839391799,-43.177939955081,-42.6279103966116,-43.5633231243112,-41.9050983594588,-43.6891929269311,-42.6737102802062,-43.7547096420245,-44.1472845815652,-44.4729119880049,-45.3276775379877,-44.8001095414744,-46.2021114587098,-47.3435409952578,-49.0006316320201,-50.9751589639864,-53.0572489991626,-54.161361788722,-53.4032898688637,-52.218030340615,-51.1504819879722,-49.6547921831584,-48.5454221062164,-47.0432106066923,-46.0576828935889,-45.3982843431996,-44.8139265675917,-44.6346098973111,-44.3839570627598
-55.284338660055,-51.2046130872015,-48.4708134224031,-46.3819012271423,-45.2145374265749,-43.9113250941351,-43.3431041484732,-43.2005613341583,-43.6948435261166,-44.3693684672647,-45.2384639749834,-46.862718023888,-49.6087625758823,-53.7684447847779,-59.2539176967264,-62.6776237141987,-57.9999812016918,-55.139003357498,-53.9727316906756,-54.2249587251138,-54.0328439840635,-59.157529708994,-51.7577312899659,-53.7555718836621,-49.6414224271938,-47.6087349523649,-46.7647108723089,-44.6617296751465,-44.6548273145901,-44.3524901940924,-44.3737481318739,-44.289952722772,-43.9544091048794,-43.7928752090938,-43.7268709555093,-43.6564709718282,-43.3487431909647,-43.0220453555656,-42.8561660701906,-42.9244858305178,-44.5238505700124,-43.3711199578126,-44.8488716072819,-44.9000464890957,-45.4663330522779,-45.5957252180761,-46.5600415349739,-46.534626413299,-46.1044421055727,-47.8871829986968,-49.4914945394002,-51.4443498257068,-53.9508679361227,-58.4985390522998,-61.5069246991823,-58.0180338055067,-54.7586210517635,-53.2914653269641,-51.1432438441588,-49.5082454482295,-47.9737193448427,-46.8101266832395,-46.0385848718599,-45.7111235596469,-45.708714497893,-45.4028059515541
-51.5300141184511,-49.1796189854058,-47.0571612876619,-45.3488421356991,-44.3956698460071,-43.6022325676612,-43.3632089196285,-43.3762429861615,-43.9849812915439,-44.8644051434106,-46.1839709041446,-47.6581908136151,-49.6744382626033,-52.0671912927619,-54.3669956830221,-56.3415916428419,-55.8510276775789,-55.8144804325623,-55.8015899344658,-55.6099504890586,-64.3126918410232,-60.7138665987627,-58.1720244650561,-59.1956399403314,-52.09874812297,-48.558847747888,-47.424075991814,-44.62755300405,-44.0139694401579,-44.066239749961,-44.1472341169054,-44.1408632950073,-44.0173255344512,-43.9849414963839,-43.9764348439964,-44.0340889868164,-43.6551718353363,-43.4561807363453,-43.4355759464,-43.8627127231524,-44.9485589646631,-45.4582566199129,-45.8993273510915,-48.035467243195,-47.9356040972668,-47.9812459695675,-49.5608489109475,-48.1985328335424,-48.1053798285833,-49.735417206786,-51.4021787238856,-53.4611861977014,-56.4247838708604,-62.6551328928017,-76.6085929665381,-62.6263644943026,-57.6601655658295,-56.0184786495117,-53.4123598805808,-51.3380798561361,-49.8558273571159,-48.4243776282572,-47.3376399003873,-46.9729117754096,-46.8643375259779,-46.631147657777
-49.4221776417226,-48.0905114283952,-46.6517202400528,-45.2895172083977,-44.3144687049246,-43.8340100842696,-43.6228881317834,-43.5760795881436,-43.9944334081558,-44.8443286508376,-46.5693635621011,-48.2528780711309,-49.9695493743613,-51.9822721199764,-54.3617251674354,-56.7994395325633,-56.5627207572697,-56.9239752132404,-57.2466332002098,-56.6869564250192,-63.017671318309,-56.4811720715432,-58.4377086441872,-56.4916151076867,-52.364273342599,-48.8162892190886,-47.8126272219921,-44.9515971372192,-43.8254086381977,-43.9642574802678,-43.9611652865322,-44.1821200066226,-44.6568404308926,-45.1611503205464,-45.588432130835,-45.8620819571667,-45.3665820570955,-45.0333039449853,-44.8027282385051,-45.16939098997,-45.0462071613524,-47.5643944765883,-47.0084104052359,-52.0187258477445,-51.9715999904204,-52.4091837766184,-53.9691700606239,-50.5715971048696,-50.9775247737055,-51.5769297393826,-52.4642056329092,-54.0912932214817,-56.6161575687108,-59.5024773510952,-61.6073826195321,-61.9299987789875,-59.7274415838161,-58.9014787746309,-56.281934852502,-54.0829008193959,-52.4034771531214,-50.4847578902845,-49.0003008006383,-48.2160408926316,-47.7430399153677,-47.7517984586165
-49.4113633272055,-48.5637220543741,-47.4133745374203,-46.1559182527483,-44.9388650448336,-44.4307500726022,-43.9921371773373,-43.8051963275498,-43.9576489315278,-44.6713650386833,-46.3580366659431,-48.2293010483566,-50.207627476435,-53.1026062692734,-57.0749379428682,-62.6418833938509,-62.7291898043942,-60.4932373333398,-58.6937742616769,-57.1677290382778,-55.7686576816382,-54.2580193949383,-52.7160053450374,-52.9903872904808,-50.181998000892,-47.7420971317051,-47.2588811457548,-45.1816298865129,-43.8620888157599,-43.9740893867346,-43.9245812861287,-44.4814791334667,-45.7985056490812,-47.4326600089658,-49.2856497754246,-50.1572294987941,-49.1422817469566,-47.7613404855208,-46.630531202717,-46.3413928878405,-44.9816465664512,-48.5570398833041,-47.4443978345036,-55.1310354275566,-58.4182149478662,-63.9286080708692,-58.9245582633396,-54.0323152639016,-54.7489417077624,-53.0697245762093,-52.8939617115071,-53.8014970777145,-55.3628732531632,-57.1544605441417,-58.3754352665156,-61.2774320784669,-61.4632871730757,-62.3953581055277,-59.9925800078114,-57.627823499494,-54.7499118173765,-52.0450170719208,-50.4384079790456,-49.0934818928335,-48.2245180989989,-48.4828978257984
-51.8651876286607,-51.0559382529618,-49.3160913742047,-47.6467375517229,-46.0293293377408,-45.1018018671656,-44.3450589646425,-44.0807489995643,-44.0854789652231,-44.6732376463853,-45.8764679287085,-47.4512668338881,-49.5382402871912,-52.9979563171244,-57.0509681956349,-63.7539969316628,-71.0841945821073,-64.8802457891177,-59.4247983891377,-56.3953409614571,-52.6501885259131,-52.9612706025818,-49.4527176152549,-50.9718556379296,-48.3536803477227,-46.5177216000891,-46.1809157058185,-45.1999818002203,-43.9773510362598,-44.030437347117,-44.0741800591057,-44.8817564163305,-46.8030263403234,-49.8492509958871,-55.5142841761599,-64.0588425463945,-56.0989195453385,-50.5318025026362,-48.006963064438,-46.786796959604,-44.7738265569061,-47.7996860026719,-46.5223124278875,-52.5500161774744,-54.5490536368774,-57.1752381980824,-56.2294295151048,-57.2469126038542,-56.5380601897191,-53.5653076644982,-53.0587150197417,-53.4947848397972,-54.3380351136059,-56.1756091567544,-57.4852863814831,-62.205085807911,-65.1268236801242,-69.5213761751,-65.3908489718206,-60.1700497843365,-55.7807893536491,-52.5605704926814,-51.1359469669661,-49.5916860290125,-48.5424959424407,-48.8294147146772
-59.1707802510045,-56.2171153135975,-51.5428952371002,-48.9449316173813,-47.0513966873836,-45.5719282728157,-44.6414547888306,-44.4197388897112,-44.4501816511967,-44.9485826869428,-45.5366852480886,-46.5986135848514,-48.3894517404281,-51.0624849118167,-53.4418741382025,-56.8918689390148,-59.3746803459413,-60.9805335279114,-58.3548161988754,-54.9905895975165,-50.7127106625348,-52.1622863540894,-47.7707636542729,-49.8439964567081,-47.4334450910007,-45.9180041224897,-45.2760587653663,-45.1793242485929,-44.2273582261095,-44.1227486588533,-44.3201609216097,-45.0606126824267,-46.6721997747909,-49.1683559362876,-51.7947176444025,-54.1377644464901,-52.64216741341,-49.6301655015251,-47.7640637305232,-46.3656563199464,-44.6992677641067,-46.2076345037721,-45.2856039148865,-48.7803620806281,-49.386827443901,-50.6650226897151,-52.4607460611098,-55.0101984596594,-53.9668287699995,-53.1559197308878,-53.1739654813779,-53.5571193354574,-54.0538116262131,-55.9195415174891,-57.4357417681167,-61.3947943530868,-67.3847354485467,-71.1349843825529,-64.6925710458023,-58.9198635064707,-55.7669584010066,-52.8165682434312,-51.3761487299988,-50.0604982719125,-49.0879852353522,-49.1013410528841
-65.3211018149291,-57.6796747799059,-51.9034441979986,-49.2576316955547,-47.4833230685801,-45.8484945061799,-44.9891426547678,-44.8568439041393,-44.996264089994,-45.4127903041978,-45.5832027353798,-46.3059145723993,-47.7394102902266,-49.568878957194,-51.4118805697634,-54.3393300300047,-56.2835662905694,-57.1203115744543,-56.289106632649,-53.8841899096984,-49.4567388568537,-51.9338955404462,-47.4329440806556,-49.3775723425585,-47.318754533743,-46.0518071157868,-44.8639715309491,-45.1658848144128,-44.6313076918084,-44.2448949489947,-44.5059127922558,-44.9133420831057,-45.6904916457902,-46.76855562013,-47.1354108277337,-47.6744250547619,-47.4045882662875,-46.9777651147165,-46.4504542848823,-45.6032895846073,-45.1381925146023,-44.8706126671613,-44.6893596781115,-46.31517324853,-46.8272830919414,-47.9507130551667,-50.500383000555,-51.9504001759925,-51.7649475722091,-52.8346823146963,-53.6690520119946,-54.237339004693,-54.6725603362212,-56.1102053491167,-57.5532756916698,-58.2901298622237,-60.7831911700292,-61.6757169728933,-59.2198441212205,-56.8301510761114,-55.6410536353886,-53.5976566754303,-51.8837728775905,-50.9130208504647,-50.1414071259748,-49.6376634913426
-54.3681803605784,-53.0648166511714,-50.822724177456,-49.1186679872317,-47.5646646379946,-46.2597502175561,-45.5928215150466,-45.4484129045824,-45.6101564669175,-45.9097893793581,-46.0538052017708,-46.7673537532399,-47.9636960697397,-49.3079989749427,-51.0606515625472,-53.5132210591359,-54.7269957202209,-54.5670893705367,-54.2917416658112,-53.2765663776862,-49.1245963669271,-52.2535531736071,-48.5391031152608,-49.48640958835,-47.9375240008289,-46.8417987298686,-45.0549558257211,-45.127816608013,-44.9728038742471,-44.3530574351008,-44.5597806110256,-44.7089467305534,-44.9243240789095,-45.2931095583522,-45.201557643103,-45.2698037654834,-45.1684763586559,-45.3883314574695,-45.3805317283551,-45.0965995201184,-46.1022817575676,-44.2460653530394,-44.9314015350839,-45.0009916990738,-45.7484200305459,-46.800551753654,-49.6835320369215,-50.4796315163956,-50.9986494409369,-53.3322371829087,-55.1291038869856,-55.9890006391608,-56.4510320221531,-56.7621768481021,-57.597117188546,-55.9536721111518,-56.638789848481,-57.58723662501,-56.3840975838615,-55.8568498818379,-55.9293445755647,-55.1564466949077,-53.170334395762,-52.3742550911462,-51.7078673169993,-50.6092167699116
-51.3742176146518,-50.9769378652337,-50.4192053038649,-49.5005376556953,-48.0481599971546,-47.2026425173191,-46.6507946869411,-46.2677233221972,-46.2368823128687,-46.3550478133033,-46.7953539688116,-47.7858985037776,-48.9219745692478,-50.2050928790568,-51.8784889068974,-53.3263441348888,-53.5814234528021,-53.1002147416824,-52.862974724263,-52.9486033533058,-50.0837718154748,-52.7067131779685,-51.5510098018355,-50.2605149977123,-49.3908428938105,-48.2500858622452,-45.8926915921018,-45.2151904540661,-45.0535638896103,-44.406135472985,-44.5300525742244,-44.7171431976781,-44.8589372599404,-45.1099900272056,-45.1708099467561,-45.0150520931816,-44.932019366844,-45.1649773615824,-45.1182878422553,-45.1346987117135,-46.8833803041932,-44.4162713706159,-45.880089141731,-44.5727254522872,-45.5683589189499,-46.4658895188862,-49.3211456600294,-50.0187712320201,-51.2057528173136,-54.8268249386891,-58.2036190893067,-60.0386827361694,-59.9495064959529,-57.8720401349876,-57.3767437183058,-54.8562355031512,-54.6364291672205,-55.6202854739156,-55.5744581423228,-56.3361381948046,-57.0998748496928,-57.5322879966022,-55.4512082226601,-54.2780313343473,-53.4198033526796,-51.9875093858637
-50.9491386068873,-50.9436667325013,-51.3388640074695,-50.930343686553,-49.5601202488919,-48.9973806085988,-48.3007970103177,-47.4078482998585,-46.9454228257296,-46.803163739409,-47.5208425622369,-48.7255589612896,-49.9344234343652,-51.6594477005247,-53.3414232811234,-54.0398478445032,-53.8684223217361,-53.1189535486918,-52.2070794105266,-52.5610465427116,-52.6011279296925,-52.5829110567234,-57.9369814438249,-52.181055818603,-52.2591146258933,-50.4501730882884,-47.2377032841754,-45.5227002938154,-44.9361079173015,-44.3735609740301,-44.4483080610038,-44.9733881872665,-45.5643958193466,-46.2670018429829,-46.982681721244,-46.7949950765416,-46.5656852843912,-46.2542570479447,-45.7268548221761,-45.6973397089005,-46.6565360191455,-45.2981184136963,-47.148792931683,-44.9312606639887,-46.0327403539734,-46.7023576107734,-48.8977892176893,-49.5119318511417,-51.2228829954379,-55.9102206827443,-61.5807372083887,-76.4469885207744,-64.1976867309167,-58.541625061547,-56.4680922437248,-54.5971622399951,-54.0432129945472,-54.9478166458825,-56.3580171050065,-58.5493937576747,-59.9462082218457,-60.731286969493,-58.3270555887954,-55.9075675435882,-54.798035640205,-53.611802248923
-52.1063475963292,-52.5007733625431,-53.7277863152632,-53.7843221810343,-52.6759033611634,-51.8675963506348,-50.566230769211,-48.9339644067337,-47.8271990088134,-47.349852248752,-47.992179029428,-48.8837862244004,-50.0280850747379,-52.1128764444826,-54.6536880492528,-57.2579889275895,-57.5253616243278,-54.6534985460339,-52.0001673912264,-51.7065985103291,-55.4743894796486,-51.561599186477,-58.4056893709616,-56.5446100752946,-59.1305059102649,-53.4090186487755,-48.1812917250684,-45.5414952886465,-44.5552198898192,-44.1507101099885,-44.2531864165537,-45.3049230648278,-46.8726772067857,-49.006602459779,-51.5846311817715,-51.6857292490557,-50.3911043706174,-48.3519652929542,-46.8852110019327,-46.464614137334,-45.9120315928837,-46.689624653179,-48.1530222718259,-46.2385856277459,-47.2832641518376,-47.7253851920045,-48.5093640364224,-48.5563718053681,-50.1324699469675,-53.6907174964882,-56.8882797514439,-60.4483474466872,-59.2560457666477,-56.763810706006,-54.7091838865957,-54.5489857721243,-54.3114992166321,-55.1150353864712,-58.0221064939609,-62.5332644881289,-66.7326981742654,-64.2926506313443,-60.0471760537466,-56.8876150424522,-55.9695367074116,-55.3447072358931
-54.3791099746276,-55.4597257748173,-57.708024854716,-58.7150698865425,-58.3868493308241,-55.6349746421398,-53.106718065043,-50.6599303863763,-48.8007662668833,-47.9814434580076,-48.1574511228904,-48.3534916159248,-49.2067261354541,-50.8391389151522,-54.2800625720362,-64.0018364049913,-62.0672961591645,-54.2845156548011,-51.0626096405491,-50.0810125828227,-53.1155593038707,-49.9428052415845,-51.0846636251672,-60.3104029106168,-60.2837290131945,-52.5576698383359,-47.1560457968438,-44.4983429413827,-43.6137593260094,-43.5806485939718,-43.8376724771387,-45.3022609449088,-47.8440279552141,-52.5982631461531,-63.9926326057824,-60.5472021900061,-53.3652542036954,-49.6254067988805,-47.6579463267988,-46.8885212654435,-45.4175333064319,-48.2441552248885,-48.8930592628935,-49.0493069206592,-49.9586621325994,-50.1034399175121,-48.6810077600845,-47.9446074428982,-48.8260236588097,-50.4092437144892,-51.5863236058043,-52.8513436246029,-53.4719386923222,-53.2844552488004,-52.4796274257937,-53.8442685612683,-54.410567777478,-55.4060542003789,-58.365646748932,-63.6219663295988,-75.7006365089738,-65.8912824379347,-60.5257669351437,-58.3066823589175,-57.6364284521805,-57.1404337635219
-57.4299622097087,-59.6743314361354,-62.8752254014957,-67.7449787849886,-66.4247649083169,-58.4266503538998,-54.7841698676645,-51.7823572230559,-49.5175812779911,-48.5164215637975,-48.0383498204565,-47.6625944409425,-48.2342799198944,-49.1984335101072,-51.8999581283641,-54.5944996207437,-52.399836540151,-50.1267873378666,-48.855423586487,-47.9540474321391,-48.658555912985,-48.0654164753039,-47.1185743980747,-51.7192005288283,-49.9523735574766,-47.4948211808118,-44.7861569028522,-42.8055390524581,-42.2668776533541,-42.6621395400765,-43.1050139726171,-44.4270283020255,-46.6632226114521,-50.0978962303558,-52.6467343277046,-50.7723820469182,-48.9205870062036,-47.8771368445765,-47.0656068764793,-46.5742956510019,-45.1721922055965,-49.4293973905529,-50.2472539285998,-55.042195148555,-55.6932300231921,-54.0424882814381,-49.6597734459408,-48.2983952731355,-48.1475278580304,-47.9220285693001,-47.9734915067633,-48.486908445595,-49.2863660701196,-49.8446705140771,-50.1162520019247,-51.8380622180722,-52.9385431023702,-54.5641924179728,-56.5061641077097,-60.3031481142253,-64.2663088544121,-66.0024481777027,-62.9273944752181,-62.1716300883975,-60.7505107106792,-58.7715401334175
-61.1909656464081,-65.036190625573,-66.2953454192745,-82.8816533269131,-63.2030679822877,-58.4677282294063,-54.7045527397393,-51.5303307278664,-49.643262218437,-48.7249192793423,-47.6870686099065,-47.1177856223823,-47.5217577089465,-48.0082274926112,-49.3099234629276,-49.0109045046332,-47.5739724817476,-46.786090270508,-46.5310943447597,-45.9338140660638,-45.2220805656575,-46.1302187212501,-44.8102564454832,-46.2667754041967,-44.9528120503596,-43.5401754257317,-42.5725837662045,-41.3673255143502,-41.0700459555455,-41.6053289409708,-42.0710240809381,-42.7917283239462,-44.0718753410165,-45.52567833301,-46.7213239172356,-45.9967916292842,-45.328159650746,-45.323858268335,-45.4993884996126,-45.5984122003317,-44.8103212954756,-49.4498555192895,-51.8358602014747,-64.1523721988377,-59.9743178238203,-53.4673304098799,-50.33105540004,-48.925249877769,-47.6508440398003,-46.0980529195216,-45.493566205212,-45.5477663941099,-46.1459455612801,-46.8854516112722,-47.7509181273244,-49.0442885822238,-50.2805773450016,-52.2158264502762,-54.1445021233511,-57.4662684862058,-60.8598607807577,-68.0910245996198,-76.7906997463828,-72.0927844404466,-64.7716813502998,-58.9370222665634
-66.5270367212159,-72.0224955099383,-66.326019507196,-67.0394129791491,-60.5079202594721,-57.0438557684878,-53.5079915916375,-50.5156551190563,-49.3048286380441,-48.5742385815249,-47.3074688095082,-46.8898480524783,-47.17649720033,-47.3804089107778,-47.4831688715295,-46.3080597896659,-45.3396309002601,-45.0012070433877,-44.905285242665,-44.4143707968226,-42.8986691983806,-44.3139806645627,-43.4294799503195,-42.8651863016725,-41.9619096698659,-41.0071173528705,-40.9785624480072,-40.5135910426165,-40.34100786862,-40.6617679878762,-40.9804115558141,-41.1939370897217,-41.891884569371,-42.6344639840363,-43.7060702198084,-43.6826433985417,-43.394102491755,-43.454509787228,-43.8711274128368,-44.3481505231584,-44.3000861326838,-47.8104074932249,-49.2536280826115,-52.7871279884462,-51.6194230835764,-48.8946086260822,-48.4251886702867,-47.443560478835,-46.1112655520807,-44.5246365096851,-43.7738012970047,-43.5451980212038,-43.8441227984725,-44.4938879879459,-45.5305624846744,-46.38867964808,-47.6772672227864,-49.4064828253204,-51.5048856121364,-54.1332051391839,-57.3799059116436,-62.8317911210845,-61.8962910383457,-59.8967132413475,-58.5554295820226,-55.9194739638002
-68.0679107864042,-66.3144381201101,-62.1085211172158,-59.5063103665654,-57.0345534873919,-54.2851329649955,-51.7775946025684,-49.5754081871299,-48.9031512950282,-48.2810145486058,-47.1983970161329,-47.1156825857929,-47.2439403859301,-47.298429865672,-46.6265965808364,-45.3856131627508,-44.759564798491,-44.5233934244423,-44.1539418234592,-43.5370995243527,-41.6354080379155,-42.8050021419287,-42.5357686363969,-40.7560088209164,-40.2179170566674,-39.623085622192,-40.0375343074855,-40.1961115325896,-40.0911058236264,-40.0427695273868,-40.2060135180012,-40.2336097499282,-40.6652883689219,-41.1460379439473,-42.091238599255,-42.5948092239357,-42.5486663339184,-42.4261955383443,-42.7045612244971,-43.2848772384643,-44.0172952054114,-45.4342968699753,-45.1695483996458,-47.8979865285717,-47.2420714769595,-45.8974375102002,-45.4424599690594,-44.5195933009008,-43.771391846483,-43.0655499650003,-42.5900472656498,-42.2833432646009,-42.321009621738,-42.754258631399,-43.6728185140975,-44.3117153345543,-45.5654891611761,-46.8736642044715,-48.6100569852673,-50.3131375175048,-52.523023110159,-54.9417553250082,-53.9769473262437,-53.35027494733,-52.4653263145524,-51.7917819620706
-58.5348376782642,-58.5077974824906,-56.5934438281066,-54.2181792489349,-52.8310980307184,-51.2694842647841,-49.9699681310561,-48.9893630593739,-48.7158074364197,-48.1357741475884,-47.5927507398164,-47.8555539798001,-47.7740870406624,-47.7934667075702,-46.8212739339596,-45.9289305626632,-45.5214267413486,-45.1637894745264,-44.2716472788507,-43.3226067375359,-41.3883604885529,-41.7608556917172,-41.837089122096,-39.6661835502842,-39.440618280733,-39.2201243996433,-39.7268323517473,-40.2788270181344,-40.2446546781104,-39.9532475548455,-40.0675371503353,-40.1583920212997,-40.4390827252729,-40.7763454931776,-41.4452733191287,-42.2710080718261,-42.4867710252181,-42.2432636483412,-42.2939427492155,-42.7946347223445,-44.2331455790451,-43.5076894859611,-42.6670488501767,-45.012425741206,-44.6493374583584,-44.1513265052638,-43.2057643196071,-42.2784777959235,-41.8628729847764,-41.9217640810404,-41.8571468462883,-41.6755529797522,-41.5669902389465,-41.7585509095456,-42.3889760939184,-42.9205346370357,-43.9773451101315,-44.8486649835066,-45.9805935008083,-47.0264560156429,-48.3259666075743,-49.7525592383143,-49.5811741248862,-49.4636467212632,-48.6558742018475,-48.4930719516733
-52.4091092998451,-53.292187710513,-52.3416583070912,-50.6789659259732,-49.7159125628743,-49.0433812668322,-48.6183045853215,-48.8314522545662,-48.8705686487888,-48.4125956002705,-48.6305781975804,-49.0849093190042,-48.8413851477435,-48.9630755211934,-48.2369352832494,-47.9971848576549,-47.6290390838894,-46.8391116732499,-45.2322740294898,-43.7275797961789,-42.0601587517473,-41.2565003781932,-41.2463161643627,-39.4632372166778,-39.4924772742447,-39.6970891971318,-40.0494742595479,-40.7201566618363,-40.8524946280448,-40.6330595298475,-40.7987464667257,-41.0561880187881,-41.1721513681789,-41.3566853607261,-41.6212811539943,-42.5343785379007,-43.0758391057074,-42.9631273897131,-42.8637181558681,-43.1526367730656,-44.8430586317926,-42.5725115163605,-41.8160951831927,-43.169199864709,-43.0243412747063,-43.1020989569857,-41.9637047767282,-41.1639427413518,-40.9101843720852,-41.3583837243053,-41.6244150303581,-41.7054995215913,-41.6079719437972,-41.6041263448861,-41.8523694885478,-42.2418036555429,-42.9114964299748,-43.3992782539392,-43.9835378055013,-44.6228577579279,-45.3354390416788,-46.3070497652375,-46.7448617796641,-46.9235669737049,-46.3918444763323,-46.4122024888793
-48.517065055082,-49.6332994208759,-49.3328155856727,-48.4168849924644,-47.851174857706,-47.7901478479342,-48.0117034965822,-49.1314134951002,-49.4563449474721,-49.4125462368132,-50.459044822566,-50.8283014821852,-50.5913327261269,-50.9388105318501,-51.255734262321,-52.2020245499253,-51.5581332629447,-49.5694012660414,-46.9320731401179,-44.5986005635955,-43.3981889680844,-41.2424286451874,-40.8223065752475,-40.0223398236477,-40.2555531368446,-40.9268438421911,-41.0400063788812,-41.6848394080864,-42.2077219938083,-42.4183267758675,-42.6156071866613,-42.9425523495003,-42.7768391429681,-42.7312482701175,-42.5660353342644,-43.3774152430746,-44.3277513777357,-44.731089240164,-44.6706090280375,-44.587610165526,-45.442951686381,-42.8374679551457,-42.4639823781384,-42.2324986019328,-42.1778832180319,-42.4782905547374,-41.6181241066716,-41.1110193742073,-40.9872127302576,-41.5314715774556,-42.0141179758445,-42.4253406470063,-42.5250848670478,-42.4258966606563,-42.2330607582191,-42.3365161784753,-42.429487444678,-42.5502470594511,-42.7001817326384,-43.0512607265,-43.4022511820918,-44.0678654837289,-44.8759724373825,-45.312264202532,-45.3298149562531,-45.5847262618132
-46.211163942812,-47.1732727593285,-47.3357515186496,-47.1258380145905,-46.9999787870386,-47.3763711069432,-48.1394374082336,-49.7761472145481,-50.5716850728882,-51.5591638213171,-53.4489035153037,-53.4407739176757,-53.3144650977287,-53.7909992485887,-56.6644711091849,-61.9316273858358,-59.3493853343627,-53.258362671539,-48.7686020220655,-45.5112711127024,-44.8180884218126,-41.5179516585767,-40.6181065123634,-41.1190221816446,-41.4967662930055,-42.5409395194387,-42.7175847107003,-43.5703842727915,-44.940571772466,-45.9532589825384,-45.7863556636636,-45.6704836310239,-45.0161460632192,-44.6483530742031,-44.2163562320297,-44.8853628830618,-46.4527797741641,-47.9087475069223,-48.1870088654806,-47.3568330632437,-45.8642616605625,-44.4003245370139,-44.4339862094421,-42.2609553880318,-42.1325233797052,-42.287254146287,-42.0624310359387,-42.0111330450177,-42.0442589988876,-42.4768802185912,-43.1297883215497,-43.9550202378956,-44.5088450719942,-44.479994057728,-43.7709770118935,-43.334240244064,-42.6322291876751,-42.2969924397622,-42.0696549054599,-42.1650522862081,-42.3045331253377,-42.7269571797313,-43.6952051072083,-44.4390416817306,-45.2727230363195,-46.0315871794012
-45.1976976495301,-45.7670665311178,-46.2161590856733,-46.6252984673803,-46.9348638745515,-47.59931698157,-48.7315828189439,-50.406301486941,-52.2021758627263,-55.5017365731993,-58.8562350219291,-58.0216418626054,-57.3842916286654,-57.2113177372406,-62.705322194039,-62.8864175859569,-60.7673489295726,-55.2408144427601,-49.1163757901795,-45.7490116077085,-45.4209281881497,-41.802041881109,-40.6419195985293,-42.2914703828843,-42.6648790463982,-43.6641320780467,-44.8548919062518,-47.0116815464892,-50.7668861482137,-53.1374033817261,-50.3162717504114,-48.4527931845769,-47.2391264099677,-46.6322729710664,-46.3454993252303,-47.0478690698435,-49.8896126644988,-53.7042376714774,-54.6580562287071,-51.5137300300267,-46.5753621375884,-47.0411960132551,-46.9181971525436,-43.3487343100926,-42.9727665001805,-42.7091924521606,-43.2144625115064,-43.7305692529909,-43.9595055515424,-44.109172156696,-44.9321704091005,-46.4264719102613,-47.9920099052741,-48.4070843295448,-46.9015779837463,-45.3748783647092,-43.5640606740468,-42.577369226316,-41.9626644490617,-41.7935009494806,-41.8181916681099,-42.0498104022675,-43.0171659712386,-44.1427849635318,-45.9518476710554,-47.6857542263458
-45.2907004978655,-45.3363347962369,-45.9077531141058,-46.8023847296179,-47.4871736502037,-48.288017754078,-49.4105167931421,-50.7079405862626,-53.7281441189435,-59.8887623029378,-71.5970201777174,-64.6613523469109,-60.3254912858991,-59.5623413769261,-58.815974296829,-54.0566535636355,-53.2122104057546,-52.1394122156825,-47.5769458506034,-45.0523007056279,-44.7729407756162,-41.967440277849,-40.9285259653874,-42.8686696197028,-43.0358311026514,-43.6614345910788,-46.3597222372303,-51.4925886481989,-67.2906685995546,-57.4178157099158,-52.6076393385205,-49.5255368266134,-48.3099148466869,-47.9686135228659,-48.3298861478812,-49.1241347737928,-53.7951125563311,-68.7966123993433,-61.0170397511652,-54.1748920923231,-48.201264265059,-49.2115529470712,-48.0123276044564,-45.6281177185265,-44.8385619072988,-43.9992833240669,-45.0011365911147,-45.9780077032816,-46.443495766958,-46.1788940421922,-47.0105090615384,-49.5425329597378,-53.779382348886,-56.7348526493489,-52.1581612276265,-48.0755954955715,-44.9632300636514,-43.2044953198978,-42.1948949111249,-41.7477947747043,-41.7041726096176,-41.8099227143274,-42.667875220904,-44.1616164066852,-46.6756251618307,-49.5537386896558
-46.2847584395988,-45.8083359577975,-46.3694678056756,-47.5559203876875,-48.5728205587642,-49.4199521880977,-50.1551838486045,-50.9585861481506,-53.8872358600789,-56.5117642905651,-59.7481822454671,-58.0348206170575,-56.6730769289926,-57.9346373108642,-54.7181898538365,-50.4146327374361,-49.7456443522218,-48.652416468043,-45.7261983982768,-44.0267136132147,-43.4538023964193,-42.1534586807256,-41.5605053017744,-42.59566931789,-42.6467912008666,-43.2127479726896,-45.9824716614425,-49.1231813700576,-50.2713481794178,-49.7183355874543,-50.2289336159759,-48.7223513393163,-47.8894170271001,-48.1871974503194,-49.3364988391723,-49.4275680870773,-51.7532268611987,-55.7295759313629,-54.3380036918921,-52.1927956146165,-50.9337195095386,-49.4387816774123,-48.0720646484533,-49.3493339897479,-48.0483009634221,-46.5324261777099,-47.3225856970769,-48.0871500344119,-48.8118370946338,-48.2694442350153,-48.5695082450364,-51.1848247822858,-56.7193429363118,-61.9446941817886,-54.048237765433,-48.9855957855878,-45.8807072971514,-43.8113717313077,-42.5376224191768,-41.8307246544903,-41.716992287674,-41.7778996776774,-42.4587268109073,-44.0729126678536,-46.3851562727844,-48.9982571731293
-47.806993029026,-47.0465713906493,-47.5313354928171,-48.750142173631,-50.2342127126432,-51.2269283989652,-51.5387393431184,-51.840350201804,-53.112728690976,-53.0383058581216,-54.2038007490625,-53.0506432672384,-52.9238408986418,-53.8450614875955,-50.9795594127369,-48.2357389050632,-47.8778876585699,-46.2321654484154,-44.3659438077262,-43.2976543990387,-42.2996788824738,-42.5516745140524,-42.5567096641861,-42.0212211893888,-42.2559634643229,-43.1278412032774,-44.762339995797,-45.3010912555712,-45.8305171716026,-46.8918633262198,-48.2666600242956,-47.6448880892424,-47.0451721942772,-47.7020764610295,-49.2815346027565,-48.4781693110498,-48.2741706638018,-50.4490598137055,-50.9980999694415,-50.2551141726247,-53.4105116590461,-49.7046536503414,-49.0819252493825,-55.1582861737643,-53.5731199184391,-51.1311028265484,-49.9530159764372,-49.2898905307241,-50.0133845745157,-49.9560697999276,-49.4675789075269,-50.3499605392466,-52.223238200765,-52.6373571073752,-50.1582701345199,-47.4644073701768,-45.5730021972186,-44.0321920127982,-42.7800573273239,-41.8814314580978,-41.6638262755995,-41.75957352004,-42.2269667348028,-43.5396357705323,-45.1203271492935,-46.8852361804196
-49.1956899854947,-48.7223356703888,-49.1786633813297,-50.1954088433654,-52.6812668562505,-54.3327717566983,-54.5309438549572,-54.0299738314642,-52.8950235990126,-51.4860845666268,-51.3978134956122,-50.3737648214583,-50.483612176875,-50.1923097519444,-47.8517996047546,-46.8230557803874,-46.7471731494444,-44.7665220557477,-43.6724510726141,-43.1681054818553,-41.8530125249589,-43.2344270053877,-43.7260961836881,-41.8494391518452,-42.4136672822188,-43.6051804961909,-43.9464438809463,-43.5344057345286,-44.3611193458403,-46.2033879894519,-47.3821113647398,-47.1896355174894,-46.8120418548028,-47.3973496034821,-48.7681576011619,-47.9827919535434,-46.5835301601791,-47.9595791915136,-49.2323076321999,-49.2339647061739,-53.0902689625765,-50.7878601631393,-51.1693658952034,-66.3530010251845,-64.17363603578,-59.5316965548037,-52.2643560717095,-49.6692985771697,-49.838280342835,-50.9684093586276,-50.4815990499579,-49.799724833987,-50.1767343641633,-50.0398614851365,-48.3745107432906,-46.3959288529361,-44.9308261673122,-43.9033458176344,-42.8405105660285,-41.8469293601637,-41.4892937032058,-41.6531199440963,-41.9213927605998,-42.6986058172289,-43.8474332760847,-45.368456387669
-49.75161086959,-50.1834482145424,-50.7427361664316,-51.6063868265585,-56.1044497123474,-60.6416488989571,-61.0138078007808,-58.0448192862367,-53.5704456286236,-51.0784574397192,-49.9086926875198,-48.9754175933106,-48.9762409837001,-47.6811409452632,-45.8180223555336,-46.0013768620326,-45.927435762237,-44.1043622514747,-43.7132053838903,-43.7789053574533,-42.4482249582772,-44.2543689154269,-44.7970801256717,-42.5605432938407,-43.3293975031906,-44.4385762886647,-43.7949087536987,-43.3428530690179,-44.5941236399728,-46.6918614048397,-47.3359284058986,-47.8320583772462,-47.874643141817,-48.0164005021431,-48.38796276108,-48.2565604727741,-46.3752662617962,-46.7102714148746,-47.9500533165601,-48.5200977085444,-51.1461677293628,-50.4359020905576,-51.2214478193362,-66.5446660895303,-57.2891685548539,-55.6612854193593,-53.0595823979222,-49.8025315838565,-49.2283442002319,-51.2854402583738,-52.0782158297204,-50.8135712359178,-50.5741622810899,-50.0486003842242,-48.6427242596593,-46.5989182668783,-44.8790305163029,-43.7887313489449,-42.8098743324329,-41.8128743836315,-41.3059327600344,-41.4821103990613,-41.6315029467824,-41.9688143517297,-43.0256145018242,-44.6452823189901
-49.3433865417161,-50.7008556849914,-51.3832804253464,-52.405865418081,-58.055233296666,-69.2698432640992,-63.0325718557493,-59.9259286552283,-54.0117736976832,-51.1561339965037,-49.3487620891048,-48.5003977307904,-48.164681602886,-46.3117224772064,-44.9366960907902,-45.6574894561638,-45.2328462446154,-44.1187512136822,-44.5073613938699,-45.1897296625232,-44.4774257486014,-45.8879500176516,-46.0061085190656,-44.5326785713775,-45.0154930388133,-45.2509021366309,-44.1557956259737,-44.2638126238822,-45.8766150199449,-47.5654710951967,-48.107325094658,-50.2214063598086,-51.2069343948913,-50.319472152727,-48.5793159195652,-48.5866432503965,-47.1467284632997,-46.1564895471999,-46.7903405871579,-47.6536052669957,-48.6051333152955,-48.2534717897352,-48.7289466902725,-56.8149637969484,-52.3036115358081,-50.4200032229336,-51.9407313909778,-49.9375524966838,-48.8319590908084,-51.1299170932419,-54.0201482404912,-53.9317277687682,-53.8591727059295,-52.3081930417525,-50.4020019247265,-47.6596890845991,-45.5193596499995,-43.9496094532018,-42.86919444742,-41.9544532620771,-41.3352023438193,-41.3954660279494,-41.5221483816137,-41.6498568906148,-42.6390516581837,-44.2755786238019
-48.4584238121351,-50.1258172095388,-50.8855166583015,-51.9179693866635,-54.6937041562773,-57.2895520473003,-55.9412450978083,-55.7478689027863,-53.0542830617397,-51.4560120927008,-49.6883333746488,-48.8895424776143,-47.9529492923877,-45.9697494281855,-45.0889383058881,-45.6170653348198,-44.6757650095919,-44.6489081867257,-45.8436314738878,-47.1872935080912,-48.9002536974467,-48.9183263124595,-48.3820240796787,-48.2029113542554,-47.2398555431731,-45.7478510615705,-44.6985888553227,-45.6261612961658,-46.813003520499,-47.7523094386119,-49.5746434793767,-56.0592231902869,-61.3915007921319,-55.7398393776678,-49.4068502418503,-48.0451436370557,-48.0022040217457,-46.0023298158165,-45.8005186088115,-46.6484384959734,-46.1382529649786,-46.7113386797321,-47.0362970324434,-51.5462191438212,-49.8959700838454,-48.0859872504328,-50.0122078275016,-49.9914658138312,-48.6868245534979,-50.4797867824402,-54.8867160204315,-58.6986494486404,-65.9437219497739,-56.821947807431,-51.8637543207588,-48.2661334507856,-46.3464453840226,-44.4118054145933,-43.2000181970899,-42.4722189748062,-41.8314641045544,-41.6412546254251,-41.7673580770631,-41.8590034054729,-42.5500515862026,-43.8184994773907
-47.6887671113223,-48.9247006298894,-49.7738695965944,-50.4642152220361,-51.1637690216382,-52.6607146162193,-52.8183904260359,-52.8582905311209,-52.0993305827537,-52.3613370345103,-51.133627259481,-50.2611608715857,-48.3498028541165,-46.4925888146639,-46.0598775042184,-45.7039518648051,-44.3831414667564,-45.4244003594586,-46.8892816740074,-48.5661989579453,-57.6615473630736,-55.8663200394091,-53.8800873678776,-52.9224698291151,-49.055831408893,-45.7143732000787,-45.000198281733,-46.2293307964418,-45.8563807023226,-46.7788560047791,-50.1990974092297,-57.5890871968645,-57.4891502634051,-56.5109907083257,-49.9142991495163,-46.9281513453123,-47.7879096732714,-46.0449890746201,-45.1964716855848,-45.8438565547578,-44.5839948841957,-46.4850836063854,-46.8205124681681,-48.1859480387192,-48.4839074241422,-47.3199353851593,-48.2266210810605,-49.5982108210716,-48.6146563129963,-49.149767658853,-52.6313299340992,-55.343437400161,-57.1346289295942,-54.7913120734139,-50.2678737332473,-47.514230634829,-46.6486149793645,-45.07163689354,-43.973807387997,-43.5867529781334,-43.0736779910532,-42.5406552837309,-42.5407367691886,-42.6037940003582,-42.6942639418207,-43.2195595288569
-47.3328134880954,-47.6521726447894,-48.4931614387667,-48.9320668654079,-48.9358622226105,-50.3522892876478,-51.608657188154,-51.7401711192065,-52.5874493994598,-54.6907813762328,-54.2141667251855,-52.8811859341656,-49.4175862729671,-47.6020254286519,-47.476421371405,-45.8609806121109,-44.4868147157179,-46.0286636608832,-46.6491748037696,-47.8414676700055,-50.9529346235883,-59.0798100088742,-54.9992071191226,-51.4535066905395,-48.5996456890254,-44.9370945756387,-44.7487120100762,-45.3134639756549,-44.1054079829308,-45.3363807616571,-48.0051943157287,-49.5519081699948,-49.3819555197482,-49.3926294573084,-48.6540913035893,-46.0597966925247,-46.605952159836,-46.1351711310564,-45.180282743283,-45.5897124746613,-44.3536555184168,-47.4429986590309,-47.984229682636,-46.4312287732983,-47.6624406089386,-47.6365726096107,-47.0141932882158,-48.4677954357284,-48.4733450380775,-47.5608827440617,-49.1276046837374,-50.2915930294323,-49.8470365431227,-49.3813450829379,-47.6955411333987,-46.3892891613928,-46.3561682283075,-45.8385708501341,-45.3824364886461,-45.6146787123229,-45.4790191344657,-44.5353832704876,-44.0287609739981,-43.7963998925386,-43.0829481364048,-42.7199741852115
-47.2864545885511,-46.6267750783059,-47.2846246179473,-47.7480843421019,-47.7757284860639,-49.2758294451014,-51.3785611868221,-51.9245778536211,-55.0426416617899,-59.7279095647124,-60.3599099567005,-56.9427768682314,-51.0870491744404,-48.85686458608,-48.764869948406,-46.125097374227,-45.0374182966326,-46.1058382833133,-45.61969546668,-46.1905362331558,-45.7997181286364,-49.102313311848,-47.4374855140682,-47.6167376410523,-46.1947283625426,-43.6677521739105,-43.9771014854909,-43.6310877751593,-42.8276281728781,-44.0623173171477,-45.1603858289383,-45.5403892512591,-46.0108819431855,-45.6759190061989,-46.5920032755632,-45.7221976302271,-45.4401767854247,-46.22977147466,-45.8583473032832,-46.1283817502134,-45.6647502657326,-49.3179122881553,-50.2598824605478,-46.2820591859065,-47.5462698839618,-48.6209021389126,-46.5663127944406,-47.0452170991298,-48.0405324458839,-46.369688917678,-46.4162831426908,-47.1386766593223,-46.4930092097231,-46.1603247713598,-45.8401136685247,-45.6226914452105,-45.8625139028779,-46.6140603448595,-47.5704047481846,-49.1543378569287,-50.0914008216947,-48.4493334273504,-46.3479673639565,-45.1310773029,-43.606703631849,-42.4745109976641
-47.1131659446819,-45.9192734445333,-46.2922188363709,-46.9793890827399,-47.4005849796772,-48.9309050108459,-51.4874912670775,-52.9464914898457,-57.9471056336871,-64.5250405259782,-66.5290674787771,-59.6706916393875,-52.6600952153058,-49.8837976099047,-49.4148911313047,-46.4588694037572,-45.9380105131721,-45.7271650997029,-44.7686916137366,-44.953091942552,-43.6361603737791,-44.950227543597,-43.7066140046126,-45.0824985919852,-43.8267304206507,-42.5524487073859,-43.0161657055923,-42.1357672781809,-42.2570019942285,-43.1610726890098,-43.2331609178651,-43.5814494473374,-44.4794804514391,-43.9888517977594,-45.1169477917163,-45.8372855394776,-44.8500515897924,-46.4394909771531,-47.1889318339991,-47.5755042770491,-48.7969158378362,-51.8994408788314,-52.8409546325932,-48.0370361746028,-48.4334117273904,-49.5282439420288,-46.9601557659821,-46.0850038062229,-47.1689553102068,-45.8777187691311,-44.9018953160542,-45.2690486848107,-44.8108744897046,-44.4309688875576,-44.7133028556751,-45.1280190364319,-45.2804564519648,-47.0081788701513,-49.8208247122622,-54.6236744082893,-63.4972638633029,-55.3830311617939,-48.7629030240323,-45.8922681363102,-43.8731042465373,-42.4363106701276
-46.4489472403029,-45.4750252128049,-45.5824091480969,-46.5726219614457,-47.4935743069094,-48.9227839130546,-51.5346188468439,-54.0971617684675,-56.3358642910931,-59.1666010257165,-59.6543124791457,-57.4401697095289,-52.9183943300365,-50.7111066713876,-49.4279045535061,-46.7048190788062,-46.8951983884983,-45.2810069609686,-44.4250580033691,-44.4059583856898,-43.2208355531031,-43.0506948078112,-42.1584128567626,-43.5648416613722,-42.3129263186375,-42.0315571646147,-42.2399037234478,-41.3057554088562,-42.3104175326975,-42.6674647412079,-42.3911118725195,-42.9843947343737,-44.0943565681649,-43.7651859559035,-44.5943732749256,-46.2706551431326,-45.0716773728076,-46.9088747941494,-48.8636425585816,-49.730939999726,-53.8876778473449,-55.3566625870567,-54.9366993749972,-52.8630413228258,-50.6512258326054,-49.7235935890204,-48.1559586684613,-46.0717860872283,-46.3206935443149,-46.0969364594901,-44.6081573745713,-44.4217300724086,-44.167046071374,-43.7181332679123,-44.0897402825699,-44.6436582420472,-44.6056485362999,-46.4531982635461,-49.2105880287413,-52.7500177762757,-54.9071516883134,-51.9135919913724,-48.4311727458091,-45.476005523307,-43.5595236904942,-42.4791926274133
-45.4722218331457,-45.2277334221073,-45.1727145965496,-46.3904572785889,-47.6609248456208,-48.9123653148387,-51.5060300354606,-54.6777796129507,-54.6618629286505,-57.2506208243252,-57.466134382126,-55.8041337249187,-52.2753355369908,-51.456511742613,-49.1532357525371,-46.7919640429797,-47.4954396307027,-45.0938734002003,-44.6419969220253,-44.5422838312613,-44.1779208274688,-42.6878964397602,-42.1909715504158,-42.9418974516653,-41.8265353678768,-42.2421056124009,-41.9156451338267,-41.3285700871224,-42.8067187269667,-42.592023919238,-42.5572504198512,-43.4507945905168,-44.613611523971,-44.8704670590487,-45.1140208512916,-47.0233784194691,-46.2848229947617,-47.6348787730375,-50.1910615680263,-51.4473347304136,-57.2924823249473,-59.540670742503,-58.2534932847261,-66.9225340846276,-54.3124273884834,-49.6596239047661,-49.9030223176409,-47.3005304435757,-46.2878079586441,-46.964859506983,-45.5578230581327,-44.5422532254106,-44.2679516757737,-43.7448339307961,-43.8028999934695,-44.1153606738117,-44.0199037610519,-45.1970180034359,-46.5138114185948,-47.6723430481093,-48.0420951595043,-46.7134702697789,-45.9830475820345,-44.3740632313385,-42.9613758007011,-42.559073957444
-44.6651507629493,-45.1589454774235,-45.0834061136534,-46.2234093283457,-47.5892641042491,-48.6987197923953,-51.3887177911118,-54.6042048459382,-55.7876562852114,-59.509626985878,-58.7909461492312,-56.05429134919,-51.8636533028863,-51.7822427029935,-48.7424123152723,-46.8937207172596,-47.5220336065597,-45.3580455622828,-45.503524147606,-45.3907016086274,-46.3135477757269,-43.7450171722001,-43.6611710708969,-43.2331928376106,-42.3975973956301,-43.1431928963604,-42.2014830778924,-42.2322788496661,-43.4409894448682,-42.9461100682009,-43.6095053017949,-44.7030118990551,-45.9696030493725,-47.4392501157767,-46.9296156580942,-48.344005179164,-48.7298782842593,-48.4909503735059,-50.5061167463314,-51.2881797240452,-55.7362956099616,-57.2678993357123,-63.7972941251283,-54.8451379989432,-56.5818202065355,-50.0956579875236,-51.7248561807045,-50.1042713876191,-47.8163100764773,-48.5803821091164,-47.7872870840959,-45.6424837862599,-44.9069224142514,-44.2781628110504,-43.7674135339955,-43.6859107111602,-43.7549092915312,-44.079130408482,-44.4842684639773,-44.8972208721771,-45.1080521039493,-44.3057316980296,-44.0855047061467,-43.4175802912385,-42.6134145930971,-42.7393314657041
-44.4212523432846,-45.3234333441004,-45.3755255259326,-45.994104610745,-47.3043300972089,-48.2842692958306,-50.7360400415391,-53.7683124781441,-59.1279346137462,-70.6159278324079,-62.33484098498,-56.5358564392641,-51.5553261024628,-51.1302939581429,-48.0652251165436,-47.2521572460622,-47.1905119806929,-46.2539509160058,-47.1689758699919,-47.1115863610889,-49.2383624364062,-46.41403289577,-46.6546404882712,-44.4311077248379,-44.0338518005114,-44.5924516045489,-43.1891452872244,-43.8878228670743,-43.911667279677,-43.7207573550119,-45.2494996817136,-46.2236045854423,-48.0686764505918,-51.9321627436821,-50.8954328518136,-50.8094319951941,-52.6348093035238,-49.5061395959633,-49.8947098396098,-50.0916244303322,-53.5160783870741,-51.9238079840424,-55.1234565737946,-49.9341627048272,-53.6921450485004,-51.2054795793245,-53.3197673586261,-55.0929612165311,-52.1231786788528,-51.4697591181986,-50.8633386742767,-47.6180515932769,-45.8433467697733,-45.0213606378978,-43.9476138174485,-43.5211303139616,-43.9010674037951,-43.6001204136775,-43.6352719053504,-43.7802576638433,-43.9540708606218,-43.5800625954987,-43.269659027316,-43.0152017252546,-42.7840925824229,-43.0757543839203
-45.0197800169037,-45.8782739662116,-46.160829046001,-45.9752744058819,-47.0992640315829,-47.8594336850981,-49.3329647479736,-51.9092431923748,-55.1558742734198,-57.6727413780672,-56.8613128273863,-53.4123456660506,-50.4682806307933,-49.5674759176731,-47.1653005996414,-47.9006794495959,-46.9579593503289,-48.0525404115346,-49.7390919403454,-50.1128663933208,-52.2517223236045,-51.290708516474,-51.4168889423083,-46.4286308067962,-46.7338650416351,-46.4182714691607,-44.9360258953369,-45.9365577363099,-44.2924390167775,-44.8551388550431,-46.7247384738497,-47.2713303136022,-50.1022975004962,-57.3637129495476,-60.1509975895701,-55.4032584228124,-55.5626242630611,-50.7663443181916,-48.8699470733186,-48.8429645818876,-50.3491856624546,-48.2902654124127,-49.5183670927222,-47.9709911224097,-50.5518964896154,-52.4736796089167,-54.3798587674452,-62.3033384139406,-63.657998842326,-56.6335792122559,-52.2026087102485,-49.58424145355,-46.7203935053677,-45.5888268481293,-44.3145080498952,-43.732078610412,-44.3972510252023,-43.9101505558919,-43.9557834175732,-44.0386445126611,-44.1554334946364,-44.1568689102734,-43.5357174460564,-43.2965713073726,-43.4743280268063,-43.5399606954018
-46.7203429961533,-47.1180828699679,-47.6166618898625,-46.6656822351647,-47.2689065151173,-47.6804109574408,-47.8227824668376,-49.57198043156,-49.9039602104301,-50.8409492543425,-50.8867465103785,-49.1870515993519,-48.5775592142392,-47.6543364161947,-46.4226274331757,-48.4152720541806,-47.2253764687671,-50.9655225330013,-52.7449732545712,-55.495534041407,-55.7317157693539,-59.6855049262333,-58.0373466990297,-49.0780464588219,-50.4788900762479,-48.5356843560079,-47.4685935025511,-47.8487849353315,-45.0210356031508,-46.2150664465364,-47.2059136494061,-47.6421331531647,-50.0343292951532,-54.3483452983226,-55.642146580805,-57.3906497264349,-52.4801676589649,-51.1781709676478,-47.8325076885715,-47.6397125155986,-47.3765389391409,-46.1099196918345,-46.5872945628869,-47.1848321056883,-48.3946989198021,-52.8236196306579,-53.4900550579257,-60.5107177552334,-55.2804474676909,-57.456436073371,-50.7802736299627,-49.5908737702111,-47.1557016517294,-45.7372680718963,-44.8181223243562,-44.3535663674133,-45.1004482752106,-45.0012470505437,-45.4530894152241,-45.7270305279818,-45.7889283196079,-45.9963576010025,-44.9135675476243,-44.2837214815443,-44.5194746247524,-44.0653356097084
-49.8441099384715,-49.5465650959687,-50.0869384820544,-48.6176091581395,-48.0190544977226,-47.8662732152423,-46.8185972502819,-47.4532155336045,-46.7706555257916,-47.0911844260862,-47.0802070989848,-46.0703592288703,-46.5893352633244,-45.8522271628104,-46.0837275010229,-48.0228536844455,-48.1176637925034,-53.2323427036015,-54.3551718617823,-65.1969149493739,-62.1492998102543,-64.8301353959259,-63.6834732599718,-52.5997279037966,-55.3149756578648,-50.9700423514996,-50.716547414498,-49.2832646272325,-46.4542526855845,-47.613166478984,-47.0316512372734,-47.8331421044281,-48.3548316602163,-50.4296357841163,-49.5231454100747,-51.4182651339157,-49.2046952567783,-49.2090720027041,-46.9921273968621,-46.5550164536194,-45.4053610045832,-45.1232129205139,-45.2162703691285,-47.034298059361,-47.1395782317476,-51.7868009838175,-51.1101133251476,-55.8463532005943,-50.5046885115498,-51.9316684023874,-49.4720598279902,-48.1839420558118,-47.0901358815105,-45.6438185895511,-45.3899457218272,-45.2969769226659,-45.8485946764566,-46.7209693167757,-48.1126552576202,-49.265733060494,-49.5096154951587,-49.3064918615411,-47.4626699268899,-45.8962882858298,-45.6294404106178,-44.6244164859333
-54.7350301506289,-54.1409258161991,-54.5261088532908,-52.4051305017917,-49.4157293941859,-48.1788451754091,-46.390969663655,-45.78758833459,-44.9048658116407,-44.7734482820945,-44.5865572341765,-44.0464389819082,-44.8364486898158,-44.4273438478707,-45.892780635179,-46.7403732615192,-49.0215579347591,-51.121252912368,-53.8044644171561,-58.037379913389,-59.1499002077976,-64.4004290906019,-61.7816509934385,-58.4537936137896,-61.8095987128429,-53.5574842318897,-54.2093378581903,-50.1772217031588,-48.5396752467409,-48.9050007737205,-47.0781310664729,-48.1842678887596,-47.1063665158772,-48.1981653890688,-47.1215548124751,-47.6834829636643,-47.2989005744555,-46.6869033429739,-46.4116618576633,-45.7941736825018,-44.4579692808485,-45.1903059052657,-44.9389240595651,-47.4613743198639,-46.8165707914486,-50.2306771265118,-49.3266087390592,-52.4288888000082,-49.4313901416863,-49.0817270815725,-49.0035591736921,-47.2200442151367,-46.8758225764476,-45.7083431192489,-45.9738767402034,-46.3075957956892,-46.488294482692,-48.5568458681672,-51.1186177174381,-55.2696869294064,-58.6247074199177,-54.0515805130476,-50.5798795459289,-47.7643598217397,-46.4192047118693,-45.2085657177409
-59.5693016516772,-60.1903361979902,-65.0750222841323,-55.7697515994019,-50.8989455991464,-48.0012132836156,-46.1326251570629,-44.5581576154847,-43.7461691282701,-43.3191973430597,-42.9833458718121,-42.8588029002318,-43.3963031987612,-43.4972776504924,-45.2620960007224,-45.4415547021797,-48.4822785051291,-48.4689501081545,-52.2651062582799,-53.4582130409936,-53.2776510395617,-62.1381847161984,-58.079714431065,-66.5234082757259,-73.0728981210538,-55.3538257866335,-56.5291846833219,-50.6484729784732,-50.6698497970865,-50.1143366615352,-47.7883551291315,-48.695758239621,-46.9004420287961,-47.0594624677888,-46.5161744898159,-45.8623855753005,-46.4108816907118,-45.1261723169774,-46.0942485138085,-45.512601036621,-44.438628765823,-46.1699976320293,-45.5366462477545,-48.4809288124549,-47.5068592656306,-49.1825665195047,-48.9100706062275,-50.2533651934672,-50.4150292492096,-48.3186331947677,-49.1041824632431,-47.2522355952952,-46.924669212153,-46.2233229872044,-46.5679578278946,-47.0818006557921,-46.9362595688481,-49.4869318859733,-51.5422337681774,-55.5882166284368,-60.0965287339434,-54.918191364943,-51.0943531695271,-48.9485869340165,-46.6259471127377,-45.7635988178445
-57.425917851135,-54.8045190003525,-58.0798107040843,-52.1767216439024,-50.5831846201739,-47.0701979927038,-45.5192967577845,-43.7167890937249,-43.0247680416915,-42.4659392314191,-42.0692214864329,-42.2838310997942,-42.3646227605392,-43.0575862224291,-44.1607965145618,-44.6861773418675,-46.7423404270189,-47.1641234164263,-50.2645857767402,-51.4020183438678,-51.1473963989923,-56.0561065120434,-56.7357584446099,-58.631147452803,-76.7110710470931,-55.3245328893062,-56.7599928230418,-51.2082919296949,-52.5301122057338,-51.476799151815,-49.3521401131379,-49.3585825704268,-47.7365063030111,-46.7569790400464,-46.8711025849035,-45.3448517721733,-46.1649783779851,-44.7487072028975,-46.0740609687539,-45.7785209816985,-45.3571101989362,-47.8054476740211,-46.9543130910979,-49.9028520671851,-49.2603003723352,-49.281591935217,-50.1369092556561,-49.6280549984293,-52.5703002118103,-49.2355600343146,-49.5372793569866,-48.2933499930687,-47.5017879225317,-47.3099838605745,-47.2601440451073,-47.5857589262281,-47.3202738114321,-49.1575407360079,-49.8684152491489,-51.0557204586224,-51.2555739784699,-51.2101354655357,-49.0226316837898,-48.7283415756399,-46.456786571713,-46.2606184076231
-53.2372508727763,-50.6222528971867,-51.3032672789183,-48.8424769079231,-48.3982386767276,-45.9437113578901,-44.6379245901891,-43.2782590664294,-42.6987514160083,-42.1048007695227,-41.7473356898059,-42.1374545402921,-41.8577529688915,-42.9983346487063,-43.2240628456984,-44.5483208178044,-45.3436260838873,-46.9534534432381,-48.5263618788818,-50.3979594306807,-51.5864578927397,-52.9854382307936,-58.6154772250418,-55.447488808551,-65.0827244002634,-54.3833457302114,-56.1923523351335,-52.5581680936347,-55.405796933872,-53.448151086211,-51.9781221426091,-50.3860066638144,-49.2803757901355,-47.1970370358138,-47.409578543342,-45.7927698769351,-46.2551023591502,-45.4749274012407,-46.450458129616,-46.6407593666917,-47.3625575112923,-49.6318020683123,-49.2836360011715,-51.3778285050763,-51.9720323526832,-50.9649696021712,-53.5653987236087,-50.9756201388929,-54.4564918557957,-51.781794103938,-50.3139516077975,-50.124256465225,-48.7430997647009,-48.9795671525041,-48.2622652097463,-48.1617092816202,-48.0069846308765,-48.5503115514257,-48.6945403043787,-48.8272941431396,-48.2660839414949,-48.6734629339706,-47.4938602242683,-47.8301874364734,-46.4495357741956,-46.8448736128332
-49.7283154432654,-48.5981334667064,-47.9882729197332,-47.118035687671,-46.4022351973401,-45.2227530351671,-44.0944383990494,-43.341739803946,-42.8619322852935,-42.2377526438968,-41.9745936425665,-42.2914915217117,-41.938586478446,-43.1400883487896,-42.9288231370311,-44.7985668318076,-44.9329101089138,-47.2928981890356,-47.7315432025149,-49.9770559542015,-54.0531548238797,-52.2978839266539,-61.3951756493468,-55.1164706873803,-58.0896257152702,-53.8711937194478,-55.8112000610271,-55.6081738864159,-62.097002984619,-56.9140132050508,-55.7540586850003,-52.0662617775751,-50.534402740081,-48.2375621175775,-47.6232002114561,-46.9313067490198,-46.6017786193805,-47.1483089338411,-47.3597128375343,-48.1920177001274,-50.6584079059758,-51.1159164429452,-52.6760448033263,-52.585469403038,-55.0816795979744,-54.2426959317672,-61.0714197059534,-55.6462399884467,-55.3023212437044,-55.7434130087472,-51.5083430061384,-52.0920159500264,-50.6921586485012,-51.2338788310672,-49.9749109762116,-49.3458259205993,-49.4654557315983,-48.4939434479815,-48.3923699454002,-47.9965996489785,-47.2296404927015,-47.3791804376843,-47.0355051119045,-47.217299784452,-47.0770154969226,-47.8095543742671
-47.3224385672064,-47.6495288444362,-46.3135985020501,-46.4255790218678,-45.384354719256,-45.2049964091072,-44.3840134978569,-44.0853054204581,-43.6680732087193,-42.9517771061147,-42.7340956195122,-42.7034712868029,-42.5767927637715,-43.3322077848166,-43.3909158036655,-45.0658346266828,-45.6293527078356,-47.7175570818288,-48.2968268605959,-50.3004123403342,-55.6977462200376,-53.2303010187536,-55.8775940879733,-55.9066383184055,-53.4545943345749,-54.2953858577283,-55.5857652369205,-64.0574796556889,-62.5450314204559,-63.0622119274751,-58.0514851374546,-53.8670333409235,-50.5395021304766,-49.4359983420619,-47.7429075844686,-48.4440551936427,-47.3926970462081,-49.4847663151754,-48.9116577309842,-50.5899969183191,-54.9216749300279,-52.1758990906077,-56.5454340581367,-53.0820620637173,-57.6049249545852,-55.5644778653394,-62.9843021417705,-71.9363194584274,-56.2775906869646,-57.2413134128942,-52.8664437813831,-53.2367456757887,-53.2348827780902,-54.2505732249024,-53.2452065732093,-51.8945986991644,-52.1217238251023,-49.2303167870166,-48.6168981154038,-47.7834108848246,-47.1357051114239,-46.9340411978397,-47.4440149183539,-47.3582086967374,-48.6840764409984,-49.4739893851524
-46.0988312419635,-47.15741704952,-45.7443822905359,-46.4050801392118,-45.4494745556934,-46.0627233538289,-45.8299509386035,-45.7860951385904,-45.3297681420793,-44.3964973410689,-44.0117472683752,-43.4125019847304,-43.6299582270765,-43.564425370777,-44.4431805646795,-45.1613443498961,-47.2642167281044,-48.2644236078275,-50.7119352855907,-52.0662079556156,-54.2999116767442,-55.0000321801444,-51.8239229559803,-55.2919706798962,-50.4955747308231,-54.7614869410998,-54.6386322490519,-61.8487012611364,-55.3160006906671,-58.6385809731356,-55.4041957687307,-53.23057858107,-50.0196896720752,-50.1112562520149,-48.281571440551,-49.987611792616,-48.8502725007103,-52.0101343606734,-51.0628676375457,-53.9756500069504,-58.0661093761429,-53.5434085121182,-57.6892934421491,-53.0135019448314,-58.6832741080605,-53.2834693208245,-56.4605084007568,-55.145801329439,-57.1697660895223,-53.7543742823796,-53.4735302406369,-53.1588948162871,-55.4135907515216,-57.9914105501092,-61.1226547488758,-57.1359848503933,-55.0725115677429,-50.3478481312413,-48.7828794989688,-47.6089766075673,-47.3379063786868,-47.0135492609137,-48.3718991744537,-48.4748502042419,-51.5999165215288,-52.257468388515
-45.945178533998,-46.8169031119098,-46.0210178904657,-46.8702395186252,-46.5871711199306,-47.9754300308944,-48.8108367515599,-48.9518937077086,-48.1852564146294,-46.7637051723562,-45.756468252835,-44.4742503541102,-44.8394372162385,-43.9461482484299,-45.5747929545605,-45.2433289384832,-48.7082966525651,-49.2476977770873,-55.6469240490598,-57.1843745824123,-54.6146846590185,-56.826167731126,-49.8745096485009,-52.515260366809,-48.655230491935,-52.5126320944822,-52.1811726666299,-52.008322070745,-51.8991031787481,-52.2553274127664,-52.4002080447877,-50.6721768548813,-49.9005607554071,-50.3317473495005,-49.5766767696727,-51.4966301592382,-51.0407905272088,-54.2199629449163,-53.4048395159379,-57.7345941295641,-60.8193089141894,-56.8102766899022,-56.9736689200018,-53.9211933227924,-56.6914224086708,-52.2967736175038,-53.577712926436,-50.0127485524385,-54.5234539055303,-50.4563861932115,-52.3096842355218,-51.6678687252094,-54.3451480714319,-56.9724476442572,-61.4758082599551,-57.9606583060582,-53.1996608922385,-50.3260092573734,-48.3279665921528,-47.1660982687291,-47.3395517939395,-47.2358780815455,-49.2181725771122,-50.4563730686353,-55.6420472958372,-57.1580595479737
-46.623929366615,-46.6286002885923,-46.9322146274049,-47.6691559328649,-48.6979198385481,-51.0284681701634,-54.051192288328,-54.9686246562123,-52.7264223723561,-50.1553654175107,-47.7873318794443,-45.8491020105897,-45.889345987812,-44.5651356324653,-46.0607034581148,-45.5083088088034,-48.0297082163903,-50.2558459614845,-55.762782791974,-66.6493820686528,-58.2402274003834,-56.2528147602598,-48.5273126101634,-49.3395814193183,-47.4789401296218,-48.7856258219708,-49.0566295284976,-47.409522453948,-49.5800152860791,-48.499665317612,-49.9811482904632,-48.6629934479372,-50.1828316122115,-50.9401153059094,-51.8540584516241,-53.6956953711006,-54.191575619227,-55.7881324584627,-55.4261019432614,-58.4702195595818,-62.7552100052687,-63.5808661649409,-58.3089542907575,-57.7674402633064,-53.1949300190363,-52.6682490619402,-51.2932719905393,-47.8477119387213,-50.0817093983975,-48.0935846250581,-49.7747451799378,-49.1699158974051,-50.7811986317363,-51.7193683876944,-52.0006391717098,-51.1079514866531,-49.3792617203108,-48.5173773445725,-47.2506778565131,-46.4915852707135,-46.9260104785791,-47.2158423320555,-49.2279348745576,-51.703362147518,-56.0254014446739,-62.5840747782905
-47.7087923628215,-46.7246556199294,-48.2076168515627,-48.5951777560881,-51.2840990999547,-54.1260283264313,-60.7593854681854,-77.5615560962281,-57.4167133171493,-53.5542005220417,-49.6452327204522,-47.2747075316099,-46.5636475580319,-45.3736398901925,-45.7469488065948,-45.9106824365939,-46.245709345161,-49.6383919738148,-50.2819156134805,-53.2186340040889,-53.5895725308668,-51.7440579980412,-46.8324905564347,-46.6579810238689,-46.6177502483019,-45.8345603002611,-46.3178995995411,-44.8919485800796,-47.3233711134515,-46.1893562623944,-47.7068426806238,-47.4626804712166,-50.0964355897719,-51.9276402135402,-54.7913910855552,-58.9491497466678,-60.639598704338,-56.3040867659894,-57.2281109153022,-55.7475836017437,-54.6921506334139,-55.5307426216302,-60.8533304828129,-57.23901105564,-50.3926959932782,-51.2489029005523,-48.7154292751578,-47.033931952201,-46.6506851425788,-46.4680304071247,-47.1163718533234,-46.808698311853,-47.5666473879937,-47.8232009149238,-47.7019791012284,-47.2108480696064,-46.7218712750611,-46.4542023665202,-46.0336630228662,-45.8046441340372,-46.2276456578408,-46.8782491264383,-48.3528393377287,-50.2332031417613,-52.4361846020451,-55.3938990158702
-48.5581521252812,-47.1602067929179,-49.4407439531523,-49.5006196662728,-53.1282636429484,-54.4486301124353,-58.393650563945,-59.3197015139683,-55.7217561081979,-53.8839682499382,-50.7061032746741,-48.2963851314045,-46.8769202823267,-46.1687397266673,-45.1836036852126,-46.1915277718599,-45.0177967965152,-47.5339025116445,-47.1664333322052,-48.2044610056817,-47.5513307574691,-47.6809156967723,-45.2415421807747,-44.7766916436248,-45.8718428364241,-43.9710624647295,-44.3457797639297,-43.7111180625968,-45.1898267151665,-44.765405998495,-45.612506064948,-46.5024817072234,-48.8753246535575,-50.9600385462669,-54.6363457132772,-65.5081471061936,-64.1862458408752,-55.1154469625104,-56.3829462423267,-52.4577246910182,-49.4397767193366,-49.6257393544873,-53.9382465102706,-49.890645090616,-48.4358803132599,-47.8541920992704,-46.3984040985621,-46.6956264535593,-44.5287608707057,-45.4311547590313,-45.1039448487178,-45.196189724659,-45.3571277510546,-45.3664846731183,-45.3109296204789,-45.0915953042374,-45.1147097430109,-44.9926753041236,-45.0957194664259,-45.3279535571215,-45.5975219381182,-46.5327575686623,-47.3541172651661,-48.2480754722922,-49.8158035205761,-50.6944752928489
-48.6611800502476,-47.8283009032972,-50.1611926902205,-50.4369555810607,-53.817089602337,-53.9650064029004,-56.8027187611448,-55.8651046658289,-53.9340336860605,-52.6850913295288,-50.8594950874724,-48.7009255541938,-46.9907365669905,-46.6984617854156,-44.8414263085306,-46.1281589943464,-44.6807192042392,-45.680713216939,-45.7185060068462,-45.8544069136837,-44.5346253655501,-45.2340570137258,-44.5044308147483,-43.831049533211,-45.2063534696167,-43.0992271849161,-43.218321541258,-43.4688213506337,-43.5516332320556,-43.89823595974,-44.0063450017814,-45.3369370830807,-46.9469744829584,-47.8410068579451,-50.8448879396385,-52.7779202799163,-52.3675862867173,-52.2670413256674,-51.5916543021173,-49.3716849307456,-46.5499999600882,-46.5888252106934,-48.136391792065,-45.829021144228,-46.9495605079748,-45.2487460056523,-44.8509283759189,-46.156945141078,-43.6308659630324,-44.899505151538,-44.0299124383424,-44.4529755244638,-44.1809735406847,-44.0768582384964,-44.0849060423315,-44.073689703221,-44.269149498982,-44.2179852593199,-44.6298594387514,-45.2152684312011,-45.4031721092429,-46.5608125436983,-46.9063695586905,-47.3585991666359,-48.4805937078298,-48.4036320111701
-48.1442018536767,-48.5176232150607,-50.2116902764972,-51.3781605161093,-54.4348753594445,-55.2457008427291,-58.9092685319677,-56.9589335497188,-54.2575260497062,-52.3551714197851,-50.5348660156987,-48.7345580832723,-47.0062657877353,-46.8560213260014,-44.918583008443,-45.7895951603607,-45.1481767180804,-44.741767387662,-45.40417182742,-45.0934053075448,-43.6332912297936,-44.2936470577676,-44.9177978102939,-43.886053482699,-44.7396163567871,-43.1467133050947,-42.9445269113219,-43.8081742152326,-42.6328703957269,-43.4203542887828,-43.0972529881984,-44.1671007343675,-45.1430726108969,-45.1784138921894,-47.5270485243905,-47.3860101337716,-47.3151955977203,-48.9531701908779,-47.42445053773,-46.8002987266967,-45.1414381208133,-45.1130765188081,-44.75847667348,-43.9026802060128,-45.7126607740621,-43.9706343228142,-44.2322298431747,-45.3948028798872,-43.8993093945022,-44.8802642595765,-44.0042677568037,-44.5578563519709,-44.0192570568651,-43.8232129068183,-43.7705365065391,-43.8492963417341,-44.0109079924173,-44.0402837400644,-44.6573807353259,-45.5133735102169,-45.8783252393326,-47.2460165837804,-47.4341764615169,-47.9037545890904,-48.353703034176,-47.8113326318636
-47.6036511609598,-49.1261286270552,-49.9275301590873,-51.871085987695,-55.1790711059731,-57.9795419929057,-68.1538746648554,-63.312894657055,-55.3081969906172,-52.7058905111081,-49.9910989688993,-48.6416430262316,-46.9166810267884,-46.7498892766686,-45.4969912417531,-45.5215299477139,-46.2564025936139,-44.8750331479147,-45.9967201700827,-45.6068027933944,-44.5448493618111,-44.7465091693549,-46.4639533293612,-44.9950925556638,-44.7104260392626,-44.1084404992822,-43.5356766250245,-44.4283624993842,-42.5564160753016,-43.3440120639226,-42.952017912817,-43.4349036354866,-43.867056846176,-43.6510648219456,-45.2178493469972,-44.4850929945319,-44.6567112362751,-46.1150271421268,-44.723848571098,-44.9004527282104,-44.7015002074906,-44.5478021684173,-43.052100046225,-43.462096309097,-44.8563870879838,-43.9141788201998,-44.5904841849207,-44.9735726480999,-45.3282325353654,-45.4811793184006,-45.1031056815813,-45.4878028585224,-44.8924530085797,-44.5710641958123,-44.3038380097049,-44.3034516560698,-44.2612124307136,-44.3663860233699,-45.0601896911617,-46.1021793209555,-47.0163022506593,-48.764548223595,-49.3830771285611,-50.3389347345222,-49.7088662769457,-48.6730150574538
-47.629514806039,-49.8109438101994,-49.7665408269681,-51.6648652727937,-54.810899194038,-56.4239818920152,-62.875562891271,-62.7321996278332,-53.9709677781273,-52.2569699352581,-49.247186577253,-48.4212844717252,-46.7779654594358,-46.596084116691,-46.6118951365605,-45.7503628342485,-47.7998371042019,-46.2801059620117,-47.4849834599348,-47.3534415277791,-47.3675299712339,-46.5906310400383,-48.7706944561965,-47.2290069433374,-45.42056605026,-46.0417838654333,-45.0337493491004,-45.255111299998,-43.4383557843398,-43.8003042034268,-43.5543706515833,-43.3606742017832,-43.2610011834248,-43.1807163522627,-43.776844060328,-43.0926903135295,-43.4630227783759,-44.0914749657907,-43.2736964122654,-43.702701352369,-44.7321597284449,-44.4228179724932,-42.6674519000638,-44.1498552113482,-44.6727582766932,-44.9956551584479,-46.0032079293309,-45.4533973056874,-47.9543566102191,-46.8839081909957,-47.4152907672017,-47.260811870844,-46.8827552726173,-46.3732237836932,-45.7629365324561,-45.4596519480377,-45.0212086848675,-45.1190510478158,-45.6102727392731,-46.6366617115516,-48.2901001910707,-50.7807703703037,-53.3445205336176,-56.7247675147621,-53.3637743476301,-50.3690271686381
-48.6851102303652,-50.8329487258757,-50.0688974927307,-51.3573905050655,-53.0097417529847,-52.6456730374874,-55.0030463418507,-54.3818042806804,-51.1654231261046,-50.3574378515323,-48.3828313270673,-48.0057193312051,-46.7923025806678,-46.6156584333706,-48.1464295427598,-46.8659038724324,-49.5485373734005,-49.4538021854007,-50.1426012655562,-50.5183651317163,-52.6371079218223,-49.9293499824849,-50.9260548261575,-50.6149501994857,-47.2232180050492,-49.0632136460454,-47.5453538360174,-46.4535944946845,-45.417035670811,-44.9084798516352,-44.8309317998789,-43.9550536456145,-43.4072439415637,-43.614978651426,-43.1697965336831,-42.8812132964072,-43.3222559869809,-42.9807743349309,-42.8703960356606,-43.1860417392205,-44.693187972178,-44.4535433338055,-43.4109872094805,-45.613199700854,-45.3626728957071,-47.214693154826,-48.6707839509078,-47.3284558444041,-51.8195746654266,-49.3313181545805,-50.9772029011196,-49.9226920216405,-50.1657057719916,-49.4586566658841,-48.4459130848881,-47.4218755002059,-46.3584880779994,-46.1751765839409,-46.0758801774287,-46.7006287608127,-48.5060543001743,-50.9479834329196,-55.3156552047872,-64.0531552633909,-56.9127485385584,-50.2778365472931
-51.2858177936144,-52.3498010697709,-51.1222774246585,-51.4824178777137,-51.1665413767789,-50.5152821175875,-51.2838189670342,-50.4792769061453,-49.0887228200966,-48.341158212398,-47.6162547930709,-47.4674347765961,-47.1285040244682,-46.9936996013232,-49.5148029172553,-49.1870622524478,-51.3803857130162,-55.7447049012714,-54.9150718982286,-55.7118560289735,-61.519674142555,-54.8646682916262,-52.2690195653193,-54.5508798788165,-50.6768426119472,-53.3912753292286,-51.3168749648138,-48.1580151987894,-48.6024224252894,-46.6343450450137,-46.637773823055,-45.1714056449262,-44.4133137208024,-44.8127060999501,-43.4740841579502,-43.7251211726426,-43.9523266088723,-42.8302371473272,-43.3552455179468,-43.3266635254475,-44.388582770453,-44.5872040222668,-45.0950110519068,-47.3290903113596,-46.827013740461,-50.5306568735275,-53.0479650949291,-51.4368128991624,-56.6705540491194,-53.2019583549253,-55.2298450048074,-53.3405002668031,-55.0860245860495,-54.7387818416867,-53.2360721782756,-50.149773101757,-48.293194220356,-47.2020796130863,-46.3299094375701,-46.2310832796163,-47.3258781020608,-48.2847434987634,-50.0518471370199,-51.3361906634477,-50.5123011881851,-47.6031581296125
-56.564860849304,-54.4229661691106,-53.2512236436891,-51.9504545499972,-50.0958646408468,-49.7629300925244,-49.2365735534974,-48.4559656521295,-47.9421425835056,-47.0417863816357,-47.1630670853099,-47.0408541088691,-47.7304819002887,-47.8586542869959,-49.8838219847904,-52.5300827823992,-53.389353565943,-61.5790206389204,-66.8513047992394,-63.9101770949497,-69.5983066995342,-60.4784055203528,-53.0608494338275,-56.3586862587323,-57.4389419543795,-59.8080352487143,-56.7526540188999,-50.0702788468753,-52.7205211609367,-48.659979513238,-48.7370253245346,-47.088718459284,-46.4771339739686,-46.6737793382907,-44.8607994579984,-45.5469859708702,-45.1092759755853,-43.6803123062188,-44.5612680791379,-44.1298713670133,-44.2160932027994,-44.915863027328,-47.4080620484263,-48.6507027471007,-48.2688283469617,-54.0441168974485,-58.6606385174648,-58.8053492427257,-60.0901550727793,-58.9943768355186,-57.4156267656024,-56.1834750179099,-61.2446956463552,-69.761719807982,-61.9167743780146,-52.3440252062686,-50.1635497590428,-47.601162522496,-46.2928238685554,-45.5353194238569,-45.746701795881,-45.6103333587725,-46.1886948317934,-46.5328015221157,-45.8479045107548,-45.0745155591973
-70.3385564887615,-57.2290694221366,-56.5506108028547,-52.3532994380881,-49.9578615803262,-49.6966483677738,-48.1623573831522,-47.4932453380291,-47.4475163424775,-46.5612701135248,-47.1304591321584,-47.0111604350735,-48.3629245839996,-49.25375595611,-49.6729094962549,-54.179173879239,-55.383502921846,-55.5071633645056,-62.2390528211264,-62.0880522761295,-65.3152332015259,-61.3496604280175,-53.2626604642339,-55.4514021773153,-71.3037362589547,-71.0030958833028,-60.4366548343421,-51.1363841541666,-55.8224141289395,-50.5430094110844,-50.8448721827701,-50.1248433726614,-50.0556469886612,-49.2693801389377,-47.653097476134,-48.0510262828946,-46.5592261229781,-45.5236116580666,-46.275614156282,-45.6668932427783,-44.7772900865129,-45.6778141314644,-49.7826571605938,-49.2148491262048,-48.6294060020071,-54.744953289892,-56.3549636309388,-54.6325485924453,-58.5591747157327,-60.0565728047976,-55.6522471510943,-55.7939789625967,-59.0175537868156,-59.0005944415261,-56.3101722504258,-51.4560331828253,-49.9781390022593,-47.1508395648556,-45.9209113854664,-44.900307464638,-44.4268620041319,-43.8761007222732,-43.967940990123,-43.9360203318671,-43.2736316756479,-43.4416158361723
-63.2772496061692,-60.9460168232539,-58.4586057406146,-52.6111491837215,-50.5504192269616,-49.5832076474358,-47.7314836646839,-47.1515933190941,-47.2910626021734,-46.7512472203438,-47.4814396759464,-47.6030256716686,-48.9685518175675,-51.0756153790725,-50.1490853494048,-53.0936759603694,-56.0578573313525,-53.5968563710822,-55.8011262745698,-57.4738458997837,-57.1080132337092,-57.1859668264491,-53.0688482660506,-54.3151696021637,-56.511887217972,-60.2297655477505,-56.0804160770267,-50.7771697048676,-54.9844448366924,-52.2268318235334,-52.7404351111365,-55.2261065366489,-56.7513877542112,-53.1585277718432,-52.3873623774926,-49.9954145409936,-48.002330065944,-48.1151193129803,-48.2612953358009,-48.1278703854226,-46.6779035746136,-47.4421943753131,-51.3098876684759,-49.1843575469811,-48.5368551100356,-52.5957926236789,-51.9660199540092,-49.7670316235892,-55.0112021359209,-54.1053596663884,-52.4982428220626,-53.2991859528738,-53.7223907559292,-52.2478945698536,-51.0703667447591,-49.3054044274771,-48.1040969575182,-46.4516476418948,-45.406036203519,-44.4865189755797,-43.5906525929867,-43.0447418577563,-42.8246229368035,-42.5485956754228,-42.0426999155149,-42.5739018047349
-59.6830267041808,-62.0519596023528,-56.2886563261636,-52.9471785823018,-51.1295581963639,-49.1473456932915,-47.7223656550558,-47.1128301676199,-47.2161905643587,-47.3289066831365,-48.0046725907763,-48.8445271584595,-49.8715181121415,-53.0095768225077,-52.3581894135613,-53.0712040986665,-55.4753198436224,-54.3943513899698,-53.6698258131739,-55.0208441676471,-52.38101085648,-53.1987133263788,-53.2947484119332,-53.5169489840671,-51.6537221036044,-53.9182937502655,-52.168776774545,-49.998038623552,-51.7100370541673,-53.1952457564899,-53.8224169780616,-58.4797527827439,-69.4230964515139,-58.59621495397,-55.8851426664381,-49.7709085768626,-48.9516481751413,-50.5343003822938,-50.165078536189,-51.7793912768881,-50.823250482522,-51.6251140551268,-51.3938955165535,-49.0086262500106,-49.0462467377453,-49.8288624546388,-49.0956624712056,-47.5561797936173,-51.365418065614,-49.9090696873268,-49.7153178198099,-50.6979835621328,-50.163690036658,-49.1638593815095,-48.6491909814295,-47.9258339810869,-46.7044423286271,-46.1659584730769,-45.1575810829043,-44.4258358500789,-43.3664152050821,-42.9673299453227,-42.4563433629182,-42.0285709484492,-41.783724306821,-42.2793204563039
-61.5989776362067,-58.2258707848553,-54.2771867042621,-53.1392092444673,-50.8287941998044,-48.763214317832,-47.9684742518102,-47.2119427931053,-47.1362661013987,-47.9117899520957,-48.3584141162808,-50.1864745828579,-51.3685441167715,-54.5811191858893,-58.1681656911282,-55.8133418021145,-55.8909503857331,-56.731752787937,-53.0362135695774,-53.4526595802753,-49.9964939002607,-50.6140186481032,-53.9853814325227,-52.9064150302559,-49.1499264597917,-50.3512454838015,-49.568012709987,-49.5235604170917,-48.6300922571803,-51.6342216736456,-52.5322499006821,-52.5601381260419,-54.7451403799771,-54.4635176808754,-51.1998986080547,-48.3138232750051,-48.8867934788984,-51.156533629352,-50.8186461086609,-54.9989509647887,-55.9256868788898,-67.136386802481,-50.8834303653076,-49.0470207423174,-49.6706214714472,-47.3218805973811,-47.1297944305181,-46.705852319519,-48.2374007646784,-47.2167105507567,-47.7983390174505,-48.6434588796305,-48.0473451374407,-47.8290690166173,-47.8080071706089,-47.6679048842877,-46.525118744039,-46.6319040635501,-45.5567136838499,-44.8744800896154,-43.8642447745701,-43.5045237986816,-42.7175269293137,-42.2352397040631,-42.2603916712736,-42.4268864299262
-66.6538575046976,-55.2086747199168,-53.4128337329261,-52.6747441871342,-50.1014778846821,-48.8756109896548,-48.3985425220155,-47.5073901523512,-47.1854739175894,-48.1984103934899,-48.3442613099081,-50.3191902440969,-52.7928683052944,-54.9921877626852,-64.7487557645175,-61.4913477376582,-58.1495376318321,-58.1724195668219,-52.6604521645619,-52.2092288706735,-49.0921641249039,-49.5426280610835,-53.8689923861239,-52.418526376105,-48.2449610533831,-48.4658609330172,-48.0267172465689,-49.1702726803056,-46.5676208371235,-48.6416164468891,-49.3658657732791,-48.4025971656323,-49.1377373255415,-48.6241321776493,-47.2389714049675,-46.8305588039782,-47.7785868973059,-49.3738910644218,-49.2036830288022,-52.3634403490395,-50.7416219131627,-53.5249232477893,-50.6254714878401,-49.2182271808784,-48.612137530162,-45.5212824295077,-45.7541525164633,-46.4978832555117,-45.9177951136008,-45.6604873522022,-46.7396885882808,-47.3724702953593,-47.1800035508991,-47.8019126786625,-48.224240698025,-48.6056540901131,-47.7830410561111,-48.014357953775,-46.8736336820354,-46.0078151725457,-45.1671787849711,-44.5464246241103,-43.5680488127721,-43.1069567010976,-43.2754068148866,-42.9650018000462
-58.9969888972547,-53.6642422773592,-53.083070709788,-51.9405791894408,-50.0053428026361,-49.7299980297661,-49.0936895942484,-48.2024489513493,-47.5927900967986,-48.2020763778796,-48.1303012360233,-49.1490031446644,-52.0338105003784,-53.2528993778022,-54.3407097727386,-55.505270006191,-56.0597203736619,-55.6353757277461,-51.7634323071408,-50.9669844409781,-49.3559840789836,-50.1052341928535,-52.6479685025793,-52.4611786612598,-49.1330996199368,-48.0277023054651,-47.447200346505,-48.4354853205817,-45.4006876215607,-45.9642033099367,-46.1813099161017,-45.6218151487694,-45.5268072531229,-44.9417638879373,-44.6526086759216,-45.5088891025734,-46.1869600110115,-46.6858468054928,-46.9585800728498,-48.7869351587645,-46.8669023567894,-47.5431389895996,-49.9620794880279,-48.8289391648154,-46.4139720998081,-44.5684590101765,-44.8424308706905,-46.2500229229019,-44.4714601580043,-45.0230248393907,-46.3955519729092,-46.934770050986,-47.4650838982305,-48.9389735620909,-49.9413431971778,-50.8903333411658,-50.8017900733714,-50.4515334495541,-49.3300653160469,-48.0137273139476,-47.3036082608485,-46.0449174640106,-45.0391807042585,-44.5949978308453,-44.6481039532727,-43.919077859658
-53.7881795773394,-53.1881918879242,-52.9269451530617,-51.891429742696,-51.1820066624481,-51.486863932333,-50.2764069475135,-49.4938057334498,-48.4937491492997,-48.183009054808,-48.0205227143453,-47.9659723115877,-49.6402090543788,-50.3985539757746,-49.9905787841014,-50.1130428427156,-50.4496297874385,-51.3408656839765,-50.1757740406075,-49.5179008755451,-50.801455507146,-52.4448571231901,-51.8171804748739,-54.1757179116526,-52.7755113307089,-48.8552159698864,-47.4761410610465,-47.1967566402136,-44.6034532103822,-43.7558840325043,-43.5284698931759,-43.4338228762504,-42.9191444420665,-42.5631004566668,-42.926760946846,-44.312627992141,-44.7566496753015,-44.6049746858159,-45.4823261053459,-46.6932067557075,-45.5023926734243,-45.4166033559103,-48.0507303745317,-47.4272389167199,-44.7316289024273,-44.37182707851,-44.31560469138,-45.4870440157609,-43.8365140041274,-45.1065147316432,-46.5953776395989,-47.2410270570831,-48.8054220613184,-51.1387574190714,-53.3234662641172,-54.8565338417414,-56.455631996066,-54.1288144951712,-53.1401960807631,-51.0928095475905,-50.1555324305951,-48.0454481993648,-47.1873247411663,-46.5968344160863,-46.244582786791,-45.3748798702658
-51.0999798270635,-53.3544440797845,-53.3645336038801,-53.2414900021975,-54.3036627019646,-54.3573938584268,-52.2196333022732,-51.4393846901086,-49.7735590196897,-48.4001176429075,-48.1894837262017,-47.4021315067014,-47.6599586331434,-48.0349536391989,-47.8186805700668,-47.2484176903463,-46.7611143232083,-47.621012329199,-48.0508414141228,-47.7733164245137,-51.7323989447281,-53.1592255626048,-51.8459410182747,-59.7441313427989,-58.1874691232552,-49.2969403789322,-46.8767178560798,-45.4597479840356,-43.5222628921883,-41.843265864257,-41.3926969504805,-41.5348462467412,-41.0277679589286,-41.0417717067189,-41.818541266758,-43.2772436922155,-43.8582162304734,-43.6852140692715,-45.1657291559071,-46.0570649496994,-46.1111208742878,-45.4716222671759,-46.0105676232215,-45.7339494851388,-43.9910125444522,-44.6392254813894,-44.0840323527244,-44.4205179449064,-43.8741609705601,-45.6721468911741,-47.1336067917978,-48.0485522226766,-50.8712898179558,-54.0260938791991,-59.1410862985529,-61.1096626644505,-67.1647444526022,-59.2606584088743,-58.1962439265549,-55.3351203212981,-53.2465238872187,-50.666604526861,-50.0088566778682,-48.9056780601788,-48.036348079723,-47.4553606268818
-49.7352714881331,-53.5167762132414,-54.7989074369551,-56.4607968915503,-61.7562659590189,-58.3023833491802,-54.879294441771,-53.5622360632317,-50.9799598512053,-48.9984793155852,-48.7031062350898,-47.5958053515299,-46.721229856474,-46.7331822678161,-46.8164663410622,-45.7972857087723,-44.7189894342672,-44.9538126872089,-45.7420034838109,-45.7878407961618,-48.0509893382089,-48.1584504204857,-50.708393038995,-54.0576762888458,-50.0704131353028,-46.4450923650305,-44.6211422724776,-43.1337782598129,-41.9372969093689,-40.2102856084551,-39.7244899970113,-39.9027421892749,-39.7032051586213,-40.115444388948,-41.1765366613259,-42.4862872428737,-43.5397690498329,-44.0266735905907,-46.1947197757347,-47.0304482898569,-48.870889221617,-47.4102916090836,-44.9534248538921,-44.5695656825187,-44.1070282515654,-44.8955917955318,-44.0417895763847,-43.5805006869675,-44.3879304655408,-46.4133811674266,-47.7246249576233,-48.9684423865882,-52.6505414654764,-56.3567146264976,-63.4697589935878,-67.0975148674977,-66.2347355321197,-65.3372849339369,-62.4286875846157,-59.739454903181,-55.8137276129677,-53.945313937335,-53.2322861123225,-51.2910358415373,-50.1290214417187,-50.2951715686775
-49.0455472042954,-52.6960361767599,-55.1912342997563,-58.1976228788717,-64.7995371756287,-59.0877638702256,-56.101566701204,-54.0659849575358,-51.6377267586439,-50.0252269780759,-49.682839256833,-48.7238942909508,-47.0537864217824,-46.6575540174087,-46.6474640522321,-45.2480392337467,-43.8241006574256,-43.2443511940202,-43.6513986314674,-43.7662497000844,-43.7281060463792,-43.8449834030617,-46.7604095762198,-46.3034052003931,-44.6037620815251,-42.7786394844444,-41.8733910735679,-40.633933789572,-40.1961652626355,-38.9524479184577,-38.533638472448,-38.6426378693421,-38.851312805444,-39.6042392309228,-40.854807341033,-41.9800094395265,-43.5381612028267,-45.3916870675243,-48.7903582607203,-50.4395889824535,-54.6031543194115,-50.8462850533679,-45.21042551278,-44.2543763981136,-44.7869871601129,-44.7483548380511,-44.0990755028084,-43.2657578984853,-45.1588459916407,-47.0070708768654,-48.0808588101563,-49.68444410373,-53.1786060287782,-57.0049819090337,-60.0677468705393,-64.5257263080009,-65.2293676158889,-68.757579507893,-64.3693936638804,-61.5462253957794,-57.8563468960522,-57.264312936636,-55.9594060185449,-53.7109814971579,-52.7020977491673,-53.9962038894673
-48.635259853364,-50.7467142464466,-52.0032156430777,-53.6343702315439,-55.0366056368593,-54.7339203004231,-53.59117751688,-52.2220312015235,-51.7129065771986,-51.4508071955272,-51.4368711011722,-51.3614749882976,-49.1100843970115,-47.9215614904997,-47.1187636317781,-45.2647703566715,-43.6446581644859,-42.2504830488464,-42.0058857816514,-41.9658193202194,-40.8235340164926,-41.0804161310655,-42.7453980523295,-41.8438302230996,-41.3726339052146,-40.1615951954251,-39.7069397823533,-38.608218685532,-38.7094229437125,-38.1477567454057,-37.8604408629322,-37.8821390021396,-38.4351515006896,-39.3999199898259,-40.7047807621291,-41.7016902961698,-43.4015920584542,-46.5626622873399,-52.0222076486765,-60.3792714152329,-56.0016024757808,-51.8030755670271,-46.7649171670486,-44.7689269691007,-45.4194402451805,-44.2734625283252,-44.2261454456737,-43.5214818366978,-46.0041662562591,-47.282045546669,-48.1758977230676,-50.2166490203489,-53.2552231287811,-56.9509761538549,-59.1295371388468,-62.453023756149,-71.3461274300304,-69.890533683057,-67.5009665632791,-62.4009516491579,-60.1619309316387,-58.8250121734025,-57.1469123122226,-56.1877721693581,-55.8148510108936,-58.4564390155644
-48.3800650499085,-48.7191764455369,-48.8504202477186,-49.9409690615933,-50.7804684852732,-50.9344340240359,-50.4903417859887,-49.9065094738164,-51.1413785382384,-52.8400593475889,-54.2173276173376,-57.5398653228566,-54.13802004842,-50.2559009141709,-47.7361612872642,-45.465313523519,-43.6754624660281,-41.7005051112122,-40.8631977541167,-40.5821914483959,-39.2030914496181,-39.489909735934,-39.8810964631254,-39.2170592451436,-39.4005358824806,-38.6499104029545,-38.3555881610736,-37.4168250370369,-37.7304731346581,-37.8222280478551,-37.7362642215234,-37.7272909451509,-38.4758212341564,-39.4811183274576,-40.6390997863998,-41.5490797903711,-42.9722781524331,-45.9441214316896,-50.5188059497579,-54.670745919446,-50.7874232926515,-48.8996114118562,-48.7457565150784,-45.7325223632548,-45.3557951103702,-43.8788249333978,-44.4702070280481,-44.2845071180469,-46.8041891316001,-47.3476622045107,-48.2725254215574,-50.7408440053263,-53.7931690720281,-57.0788362002058,-60.7670296867797,-62.1235552512533,-73.0352103685648,-71.8513320583142,-71.9759021058914,-65.0416845902037,-62.566094430337,-58.6402605419397,-57.1481766676529,-58.2029998248467,-58.927906486686,-62.0276770073638
-48.3570692582032,-47.3898011137152,-47.1123369455265,-47.8684399478082,-48.3285600369794,-48.2560491525535,-48.1273333012711,-48.038341079183,-49.7164097395683,-52.4825727546661,-55.3464023439174,-62.9725721969335,-58.0121480735568,-50.8104380855717,-47.4179525350259,-45.3193618142439,-43.4296830636721,-41.3942814826444,-40.2153652567738,-39.7263378767573,-38.6399858934945,-38.8325052273929,-38.220902855463,-37.915041666932,-38.3419377015237,-38.0609580804527,-37.7941992900547,-37.1739234961592,-37.4092234216572,-37.9783905796548,-38.1663431982926,-38.2562007096576,-39.0392855845032,-39.9158957732205,-40.7293464442125,-41.5384156302339,-42.6292221221775,-44.6713828764846,-47.1012819110696,-47.8094763665143,-48.1560936862107,-46.7326902289477,-48.4649432616158,-46.3550687331855,-44.8263480865437,-43.9412236990963,-44.9401890926429,-45.5204214405064,-47.4959293545963,-47.4840594992736,-48.6151570688914,-51.2998848281013,-54.6261008987136,-57.342825980026,-62.4871147086277,-63.7052187663822,-67.8767192890158,-75.7596051167722,-72.0756046672186,-69.4797230678609,-62.6820313010732,-58.4614049711079,-56.8532730321979,-58.71809057812,-60.1179202440266,-60.1993691386673
-48.6808197941826,-47.0273092987213,-46.6527049582978,-46.8837621135636,-46.8212569989585,-46.4673235074675,-46.4895556591379,-46.7139891798098,-47.8806019247986,-49.8893083108796,-51.51467571119,-52.2755830696559,-50.5175567433129,-47.9424917883054,-45.8548963395376,-44.4985225472141,-42.823230397375,-41.2899251487811,-40.0655748702316,-39.4603333082776,-38.9864396361538,-38.9665385495256,-37.7101690464073,-37.742512446217,-38.0908349564131,-38.2369922300838,-37.9719129565667,-37.8790517327943,-37.8474272927388,-38.629856377164,-39.1323948725734,-39.522937074582,-40.2245188001238,-40.8499520499236,-41.2269747271644,-41.9104621801462,-42.8509576980892,-44.1460474840102,-45.0787049663324,-44.9712244930847,-46.8431474353902,-45.7543559215222,-46.3240910275233,-46.2441219932845,-44.605545976103,-44.7169988981731,-45.7863147980551,-47.3008844399949,-48.1251574062371,-47.9626554502566,-49.290656684615,-51.8777978880301,-54.9164376529351,-57.333060285766,-60.3603824706248,-65.4284389265075,-69.2009911930728,-88.1896333482481,-71.9824510594342,-67.0822434681277,-60.5861303508073,-58.5719217044377,-56.4654597088839,-57.3395272489388,-57.9516601170623,-56.2086392765848
-49.4148184149074,-47.6680265442859,-47.1315693233662,-46.5542188770448,-45.9455314779031,-45.4502866603402,-45.515615667698,-45.9013720936913,-46.3372093843056,-47.2091170847024,-47.8773713029119,-47.7747301713627,-46.5482544962389,-45.3269456857561,-44.1447439492991,-43.3589830511111,-42.2185304408022,-41.4757278014889,-40.4606965934126,-39.8409004418415,-40.1383719093947,-39.792800910341,-38.3530444349712,-38.6420404822306,-38.6554070470769,-39.0770791345935,-38.8702196332081,-39.4412742196298,-39.1196184214604,-39.8161501676153,-40.6057780916824,-41.5488199850539,-42.1699928191539,-42.5135207003515,-42.5087404045884,-43.065036511779,-43.9487514146119,-44.6031103158893,-44.3512482719455,-44.0365774522475,-45.9487294645185,-45.5740993302802,-44.7265439123613,-45.9695566350026,-45.1453719529416,-46.3740195251692,-47.1824980023908,-49.7207490980968,-48.9218217592845,-49.026295591913,-50.3869772978899,-52.6011437277628,-54.4316632518354,-56.6896264732965,-57.7325790439983,-61.3357401940179,-67.1137905167948,-68.8021086013847,-67.5259584791181,-62.1944288492469,-58.5405849171443,-57.9705293286361,-55.6539910747901,-54.8913647384886,-54.6598770530747,-53.1420631231114
-50.457467475867,-49.0657043060283,-47.9853912701693,-46.5498755192636,-45.6166554386439,-45.1809334111774,-45.2219683770507,-45.6025267599687,-45.4481198863622,-45.4479423989543,-45.6697446500763,-45.5155981885926,-44.7186718712563,-43.9196861572884,-43.0743646489797,-42.5365142716689,-42.0302311970942,-42.071147261697,-41.4914228403928,-40.9572085488443,-41.9632977554416,-41.2307722621995,-40.2357505728503,-40.6399457669522,-40.1221801801956,-40.5734994247741,-40.5298359838149,-41.6283323869201,-41.2663800960669,-41.5887954289488,-42.5557589768302,-44.2590464984249,-45.0778755606666,-45.3021140363626,-45.1264282669262,-45.526247679418,-46.1064585143433,-45.8045807696801,-44.6276813147544,-44.3975534987545,-45.3371358947236,-45.8877486243339,-44.2381914547193,-46.0652066071087,-46.5204927060237,-48.9619346777902,-49.2833305829998,-52.6433020515868,-50.302650148642,-51.0441944436619,-52.2591252145761,-53.6842096673656,-53.8543490359922,-55.5142342318697,-56.0175357502628,-57.0999217494441,-60.3404072119237,-61.6503411326379,-61.4277264898408,-59.0228734107669,-56.9610910739851,-56.2284786597684,-54.4340256523897,-52.7099760692964,-52.100786594236,-51.2142388175134
-51.2112550730772,-50.2347883524452,-48.5024984561597,-46.761008769469,-45.8980474780697,-45.6986549743928,-45.670024249376,-45.8678029431815,-45.3313397739344,-44.7498343622289,-44.674859615473,-44.5570552723484,-44.1739335136772,-43.5808960287395,-42.8859877048184,-42.4614442632169,-42.547916190595,-43.1855762633227,-43.2826023904396,-42.9712308260847,-44.1998338424327,-43.2368999195335,-43.5442324220381,-43.8072597274673,-42.6797077886878,-42.8675663234557,-43.0908488010847,-44.1019377013291,-44.2332404179762,-43.9620582183973,-44.9170927042876,-47.2576836489525,-49.1168641248405,-50.0809170774984,-50.3669505338722,-50.1261157110493,-49.1809377128219,-47.2306329110516,-45.6734037677182,-45.7442078766619,-45.3370361514495,-46.6077600606583,-44.9533310984325,-46.6879968240102,-48.5591342164791,-52.1800706426486,-52.0452377813448,-55.7085014712131,-52.8954656319116,-54.9567325809922,-55.7633734830235,-55.0620110114419,-53.5737304449356,-54.1938064562033,-54.6272163964232,-54.5673375416885,-56.3019978543073,-57.5982795526296,-57.6431064070911,-57.1008013884283,-55.9272120675662,-54.6429822893517,-53.5111816756255,-51.5592774871121,-50.710810820403,-50.2454826709375
-50.8218237893324,-50.0051814260049,-48.5498962267245,-47.3521028843778,-46.9438895378192,-47.0943332828961,-46.9531611374209,-46.789514138385,-46.0488951403857,-45.1148634938659,-44.7017932007148,-44.5240769476043,-44.4761300415061,-44.104533390615,-43.6390365447466,-43.3800720972836,-43.9973025211363,-44.9618861352316,-45.9962426521521,-46.1901207400009,-46.5326127754319,-45.8668155681756,-48.5176497947932,-48.0691958117875,-46.7407165567152,-46.3389609225802,-46.8950833073246,-46.7752215312681,-47.7056324513196,-46.8149329973517,-47.4736608076873,-49.5023057581877,-52.7543044842856,-57.9159003171927,-68.1384838232192,-55.762500786725,-51.1990682873347,-48.2454360386744,-47.2133718489627,-47.7589161175739,-46.2483385899166,-47.9647246600859,-47.1402900427822,-48.0512877638232,-51.0865729835553,-54.8799394211101,-54.619568690788,-59.0061389086944,-57.2862583070981,-65.3696472198393,-61.4183933916507,-55.7133040941052,-53.3599067101463,-52.9048714255017,-53.15567552816,-53.1078403549208,-54.0197804954303,-55.2653953758151,-55.6625459212504,-56.3059287532689,-55.9065497517853,-54.3823388917933,-53.6184880310555,-51.7059210939343,-50.4237611877128,-49.9444790250503
-49.7247738361291,-49.1466499228832,-48.6974517777349,-48.6026491007501,-48.9511090606643,-49.5144311124096,-49.2344186133334,-48.527430660274,-47.7108692928933,-46.5538759236574,-45.6125575145184,-45.1839620814458,-45.2832892199484,-45.2407177786049,-45.295642944968,-45.4663448833618,-46.6401289918106,-47.6777295491184,-49.8692871119216,-51.2797523643111,-49.1342245727893,-49.3050241033214,-54.395050524585,-52.2486423646038,-53.3554814694584,-51.9369095261687,-52.8592915928254,-49.9849661609727,-51.027292697135,-49.7786317949259,-49.7274504876787,-50.1196424966203,-51.5131647135808,-53.7451831945461,-53.9596457758083,-51.6744783355461,-49.8687714909261,-48.5819540300438,-48.8053056833837,-49.9088728011481,-48.0679583799331,-50.5429398560424,-51.6702718905599,-50.9065254483189,-54.4648278917961,-55.4237133364112,-55.2818154973653,-58.5632944616495,-57.4535927481933,-61.303179433925,-57.7188790151029,-54.3592844224291,-52.6600339522551,-51.574152117358,-51.6290475508838,-52.0718676505614,-52.672913497052,-53.9101229890391,-54.8106540577642,-56.7452264801556,-57.8468179199272,-56.4444406785123,-55.348445639285,-53.0948605881785,-50.7954508318084,-49.8405288678041
-49.0351818692475,-48.8663173897738,-49.4442760454421,-50.7205833747438,-52.1018602142127,-53.1969977597725,-52.9017153593285,-51.4215395164711,-50.544140529349,-49.0366002986616,-47.2167914156836,-46.3018052576094,-46.2694285406332,-46.5869093075314,-47.4902625118107,-48.6804991046672,-50.7792835508469,-51.9215129949797,-55.3032380970063,-60.2590017408809,-52.9078627681029,-53.5428349994092,-56.2417464567907,-54.0029870627091,-61.7032905851711,-63.8256833781933,-64.2190993670216,-53.3230255781567,-53.7557437612357,-52.2512724309736,-51.0326961248121,-49.6333727202436,-48.935553472627,-48.9945446861791,-48.5559429076584,-48.1241577119105,-47.9142735068656,-48.3960230485284,-49.7661510342097,-51.3071254092799,-49.9133676675339,-55.0714201414214,-60.7023505526866,-57.927358279703,-58.1707173218941,-53.7069161681411,-54.1261574337838,-53.1800269207116,-52.4436367567301,-53.4295563517427,-52.5382282342085,-52.0033724783965,-51.2554108768116,-50.1530933374264,-50.1448996817729,-50.9728481025311,-51.6367198140006,-52.7271342611549,-54.1435454478435,-57.972781009122,-64.1147581487512,-64.2749402891605,-58.75452900451,-54.4256081807286,-50.8226535161227,-49.4113297406051
-49.2594402045296,-49.5562397990315,-51.0102181822948,-53.665455130642,-56.2495014506302,-58.6205471070923,-59.2791798629592,-56.3264341283497,-54.769864778247,-52.0105628834965,-49.0922323159627,-47.5736396817394,-47.1766555003475,-47.6281552199457,-49.0542924534511,-51.4750115096112,-55.0053445622521,-58.0983695466627,-61.5937853865424,-68.8266254957265,-57.126493800469,-57.0648804814741,-55.1152130990733,-54.7526855195749,-57.2292708203682,-62.3966425979573,-60.9967521143154,-54.0440367361441,-55.1873328264021,-53.2147497809306,-50.9041917648769,-48.7134711283017,-47.2926278150379,-46.7654125794691,-46.4667339046784,-46.5579845496275,-46.6995170015479,-47.8732844348725,-49.5047627023316,-51.0962711179628,-49.9509566858202,-56.1598317785287,-55.5623145386336,-63.089620943069,-55.0433896432629,-51.3500881565056,-52.2050510239483,-49.3747449893169,-49.4353978198827,-50.1238507261819,-49.7619633458181,-49.9050014900604,-49.5627751392476,-48.7872413937266,-48.7793862545735,-49.6578363687766,-50.4282607333841,-51.1499895502341,-52.7244244499688,-56.8545250755142,-61.7069893435703,-62.2821969013802,-57.5657100575175,-52.966716228837,-49.8664553445818,-48.5807036160036
-50.4429385999103,-51.2890559812638,-53.5104955097743,-56.8266636325142,-59.6829608923051,-66.2623436932036,-79.2941434729099,-63.5729968826412,-58.0983607756383,-53.4775046073124,-50.5512246124209,-48.7026257831446,-47.9209071618408,-48.1514029761578,-49.0883577287923,-51.010694108219,-53.4281544964046,-56.9586189910231,-59.6057210895444,-62.2492474386717,-55.5269808286241,-59.0012750494719,-54.4625597250306,-56.6413549557393,-55.6612518770899,-56.8133780681859,-56.4312594453598,-52.5005846080064,-53.4065578528868,-51.7453960989399,-49.4721260007125,-47.6391694516052,-46.37995515019,-45.767171460691,-45.6953827401914,-45.9906453783233,-46.1148752929272,-47.166649385245,-48.2670119043107,-49.549034164929,-48.7426764785114,-51.1265290667619,-50.6829001129318,-52.0493162599635,-50.7647270666344,-49.5844038238275,-50.0992496427644,-47.4215969604677,-48.1553122727698,-48.5724299775248,-48.3753873022072,-48.3948589978766,-48.105422185582,-47.7176547595103,-47.6855237683764,-48.3192610171833,-48.9927397114137,-49.4388722111209,-50.8027223514365,-53.0729148563694,-53.881266492761,-53.3758578785152,-52.6295769430546,-50.328890026626,-48.6546682833052,-47.7574134657788
-52.4374626043543,-54.2708919862623,-57.2491603580895,-59.3651918120856,-60.4724656236097,-64.4424418524589,-61.8265730628918,-59.1748381636887,-56.2547886822798,-53.0739105023834,-51.3634835875023,-49.643677792314,-48.5985245996794,-48.3997121127615,-48.5289364643111,-49.4102071699414,-50.5535391930462,-52.495477212725,-55.2983698968577,-59.4773310372813,-54.3631238824208,-64.5272728973654,-55.6957527941229,-60.155894300724,-56.9362447839444,-55.0081281778579,-54.5623003233129,-50.5988706566545,-50.204145228364,-49.2515956095316,-47.6762166118306,-46.6319325383717,-45.8610358160612,-45.3732141910221,-45.4803444307713,-45.7965481898006,-45.8828827311967,-46.4561949487197,-46.8843696159728,-47.759121030627,-47.9719278764046,-48.0524552556982,-48.9601549049572,-48.2990827222398,-48.5010371323057,-48.7059431067003,-48.3875697304233,-46.932649494723,-48.0131150600404,-47.9463230141941,-47.8256923510142,-47.5245339933818,-47.212933938569,-47.1531745526923,-47.0664843472417,-47.2965797631295,-47.72195643567,-48.1500570759985,-49.1886815714023,-49.9710651961621,-50.0416339566467,-49.6212915194823,-49.4783599357081,-48.5356040831806,-47.9379596224627,-47.3269762647593
-55.0497047815068,-59.6454921468788,-63.9637964215235,-61.2843346285777,-59.9070166813262,-58.9387564782664,-57.2495386256561,-55.455586410218,-54.6935664472075,-53.2242301463529,-52.2473321228731,-50.6647730430335,-49.3228776262273,-48.566772656771,-48.0995086587176,-48.2851319842838,-48.8391018250002,-50.0286360340667,-52.2809977802391,-55.3502700268757,-58.3124572445003,-67.9724068929706,-60.8100851056328,-59.9004733239108,-56.9709706131784,-53.1589604002104,-52.7434735960043,-48.6492621305232,-47.6674869509289,-47.2115595076508,-46.2911789888914,-45.8941529042378,-45.5520710466636,-45.2383112869207,-45.4037231598269,-45.6292099702819,-45.8131702727657,-45.9395395415296,-45.9609479460496,-46.4585941863471,-48.0559748762165,-46.7535365563922,-48.8913733616152,-47.0193088280114,-47.8103283825517,-48.5819553729304,-47.4481266344156,-47.6181515422374,-48.4149186668007,-47.8257787890706,-47.8301069108228,-47.3573592181737,-47.0986875782907,-47.2679215705141,-47.1144879690126,-46.9054082296477,-47.0446946904272,-47.5588872668847,-48.2341166506777,-48.1613273209708,-48.2048498401424,-48.0256264340987,-47.9704402487906,-47.8479024003284,-47.9338314662933,-47.4826229076361
-56.8077382610261,-65.1669783149574,-67.8699305647876,-59.9844521535833,-57.9026731664401,-55.4852515381215,-55.5690591302256,-54.866780276055,-55.574248485312,-55.5168756677599,-54.1324672362242,-51.9735367689177,-49.9364417884619,-48.4958092039535,-47.6614881440968,-47.4403702346337,-47.756316089257,-48.5333801110919,-49.9665069843769,-51.5732238510476,-61.7681078755142,-55.6204297406945,-56.6644457734862,-54.9544486316127,-53.1632739106445,-50.7333760183055,-50.5883255061106,-47.2363685704333,-46.1682385490923,-46.0086790702694,-45.5905144085204,-45.5619338083406,-45.4663439514163,-45.2890231902205,-45.3859553899024,-45.4941868831059,-45.897697555144,-45.8256602668773,-45.7736135187151,-45.9523569107962,-48.7040119584511,-46.7262729925009,-49.5948394247951,-47.315376743906,-48.3186937389547,-48.947774307051,-47.4410317169852,-49.0937563299872,-48.7688046686863,-48.0577361409308,-48.3035528242417,-48.0124824014117,-47.9784724978666,-48.2772030804095,-48.0419540384486,-47.4118735598722,-47.2242345254025,-47.6863497810358,-47.9240974946713,-47.4621016581713,-47.6926739993931,-47.877221163363,-47.8328057542356,-48.2670559930862,-48.6959827485084,-48.3342493927555
-53.8061182206579,-55.8222134116652,-57.0012511393572,-55.4178070643635,-54.8019050397779,-53.1298891797122,-54.7209998270865,-56.5120115103734,-60.288208834911,-63.2038576133665,-57.1504988315321,-52.8483956276608,-49.8013756241758,-47.8927465561354,-46.9156272086301,-46.5085621095457,-46.6379924728434,-47.1366705015243,-47.8853379805124,-48.7356714695726,-50.3761944313922,-50.8183166042264,-49.8801198247855,-51.6752281264294,-50.0992932722894,-48.7618785338551,-48.7850339520215,-46.8408402117596,-45.7274073303907,-45.6735632664994,-45.6111270944731,-45.7177376545052,-45.7505792977226,-45.6987784349615,-45.688238889122,-45.7327856951293,-46.3552764414627,-46.3495667968719,-46.4562307963452,-46.3784300882188,-49.1465780733466,-47.6725262883624,-50.023654037403,-48.8615082543658,-49.7414052318395,-49.6350342436927,-48.4549848831299,-50.5751350011229,-48.925758843488,-48.6601963307198,-49.2316308051781,-49.6198480386969,-50.1875986707644,-50.5936236524051,-50.2297698412434,-49.1080691281423,-48.370296115449,-48.3747806788801,-48.0570740426514,-47.5976440568801,-48.1068779168018,-48.8805778389356,-49.067524591936,-49.9963952463553,-50.4346767701392,-50.0159185261648
-49.6411782479553,-50.5527234696448,-51.5717479796743,-51.4545571358403,-51.6505523201517,-51.216247552265,-53.0616914463879,-56.227756999802,-61.2169250620384,-60.9375561051253,-55.7037009242289,-51.4315699954628,-48.4838037256516,-46.7450439327197,-45.8130470861871,-45.3033181878949,-45.1412925154698,-45.4115908235408,-45.8291235248354,-46.4407618630365,-45.6197083918647,-48.1753268401155,-46.6498073586888,-49.8540938319041,-48.6207352217121,-47.8527978562219,-47.8077270966081,-47.6102160580523,-46.3714211460745,-46.1899674627362,-46.3129463458798,-46.3993539574498,-46.5511080266292,-46.7318163130013,-46.7515274071048,-46.8923058990688,-47.6265155617733,-47.8222830167625,-48.1203304816143,-47.8055354367317,-48.8542397355919,-49.2915755763298,-49.8210058847116,-51.4360442816772,-51.8495418296833,-50.8031730105062,-50.6127156097334,-51.1825384699134,-49.2187568649918,-49.6014314899483,-50.4151426240891,-52.0525732632667,-54.3306611014242,-55.3859035978475,-54.6900337138575,-52.3715507647776,-50.2735466049238,-49.2141062375372,-48.2944435120459,-48.1709616674356,-48.9607538966115,-50.672805056794,-51.9174051539555,-53.8755324803908,-53.8905826545357,-52.6242048849073
-46.7935453476233,-47.5035652915014,-48.2169039830186,-48.567712301606,-48.895046074071,-49.3586577346763,-50.3696326826814,-51.516498934974,-52.6959393305751,-52.1012298670536,-50.6503505434484,-48.5229342403906,-46.5950092265003,-45.3560023376523,-44.5198574347544,-43.8956106221927,-43.4787848853675,-43.5542702598265,-43.8830607238757,-44.4319128419989,-43.4055023895869,-46.3250655398324,-45.5312537459334,-48.5285904727565,-48.3188215748675,-48.2316606257402,-47.9162034977508,-49.4995645175498,-48.1798687133929,-47.5292086282616,-47.5733698435525,-47.5313398268185,-47.8525213690733,-48.5339676112267,-49.0744089652051,-49.8042597569497,-50.522572694184,-50.7878302461065,-50.8529708387017,-50.1072843802197,-48.3949572593227,-51.0718557656684,-49.7897830123169,-54.683651687484,-54.6807520787094,-53.0311925106481,-54.1052207657267,-51.2451618932123,-49.9927584843395,-50.7011204816849,-51.3313191009065,-53.8986953369581,-59.2533328020272,-69.5286254439463,-63.6751730333026,-56.0311764166529,-51.5824196257806,-49.4828422377042,-48.2539204303107,-48.6016261241476,-49.4800965396128,-51.970710530825,-55.7086975540332,-64.1066299010065,-60.9423503911379,-54.9314236725014
-45.207516800931,-45.7306198420476,-46.0780064441294,-46.5124437571602,-46.7122525623679,-47.5624960801473,-47.8004535336764,-47.8186288340595,-48.237560064638,-47.9569763098208,-47.1205165729082,-46.0189354727901,-44.9038692913001,-44.0525630698477,-43.2709922052527,-42.5589783071235,-42.0402401317771,-41.970839137565,-42.2627034910581,-42.7558381086433,-42.6547681240353,-44.6296287518625,-45.6505484140689,-46.9528120070559,-48.4242184849073,-49.909815318145,-49.4901798891158,-52.4448418519277,-51.3251084093199,-49.5726816897418,-49.0532105189314,-48.7414610767485,-49.2020734424931,-50.5754121522236,-52.7104688478972,-56.3338177525296,-57.6956482801435,-56.3382276161019,-54.0512738542488,-52.3824601655586,-48.4911513278953,-52.3698261456925,-50.4581961940902,-58.047295324035,-58.9362667950515,-57.6574933387886,-58.6693922300884,-51.9045098066938,-51.566991832067,-51.8847337894954,-51.7103066011143,-53.2805315273582,-55.7229931771177,-57.7219081316123,-56.283016451417,-53.4111667587515,-50.5114571085922,-48.7148556727045,-47.7409708807245,-48.3347780975233,-48.9877265176358,-50.8513425002075,-53.8412818860428,-58.06092899331,-57.2723438033133,-53.1335368986618
-44.5554193160608,-44.7711166752217,-44.7696568160435,-45.1014212046013,-45.1917249990669,-46.0566950068709,-45.9970627075192,-45.7715808414364,-45.9490071557452,-45.8184450705818,-45.1418060094989,-44.4484172869533,-43.7587734446336,-43.0585423205684,-42.2863462252607,-41.5633520019098,-41.0643341299777,-40.9207612170122,-41.1527999639886,-41.5740607612738,-42.6905003103531,-43.1044755245065,-45.6157766074244,-45.2915735417904,-47.9216217156742,-51.6384617565124,-53.4598291813203,-57.2577529571192,-56.1226394170249,-51.7946279696446,-50.0620642753063,-49.2750515347072,-49.5740582245981,-50.7705713295838,-53.0098146888636,-56.6516461546958,-63.1646666920109,-58.344274322678,-54.3167277724177,-52.9273108561625,-49.2683670939763,-53.0729308487523,-51.4022102188961,-60.7389903803461,-64.5909771111071,-71.5556871253705,-60.7153428534325,-54.2415748425023,-54.4897601908979,-53.2969817750622,-51.9702893316172,-51.7988190319783,-51.7499095540236,-51.5972513507816,-50.6346460866825,-49.4394736840641,-48.397615988859,-47.3502516277183,-46.8902488202302,-47.3312972032614,-47.7006934713845,-48.4557896689158,-49.6237161538536,-50.7917748670979,-50.6203316497205,-49.6925911608508
-44.4576867226898,-44.2860524075601,-44.0482586225464,-44.2269882336335,-44.3526204648421,-45.0528917545525,-45.1195759950254,-45.1201257336574,-45.1996548102421,-45.1008900506163,-44.4761798950485,-43.8649745221329,-43.2707723123839,-42.5134381579182,-41.720369554472,-41.0593189912584,-40.6565082441485,-40.5197074224404,-40.6740275777257,-41.0180559397707,-42.8172096667367,-42.0896407530352,-44.3449826527802,-44.1228846042363,-46.7127632688077,-50.2423457837546,-58.5074747873307,-72.3308224990986,-59.162680643506,-52.3689247206565,-49.7696524850671,-48.5807105725512,-48.476346227351,-48.7202181895884,-49.0528523739855,-49.5362807699502,-51.4106060372325,-51.9179302450139,-51.5178441129986,-51.8699430985185,-50.2001376515678,-53.418236058489,-51.6844322136023,-60.8064661849113,-61.8465233141538,-62.096629242152,-59.5805839831776,-59.7090208088495,-58.2027303316291,-54.1714795828529,-52.1386153308873,-50.5802628453404,-49.3616072725008,-48.5706728670445,-47.7279658653458,-46.9622678072714,-46.6710740984078,-46.0778733042847,-46.0189090238684,-46.102721994929,-46.3457247692752,-46.4904043229632,-46.9435908841805,-47.3171995526428,-47.1392444180911,-47.187492340593
-44.5348322095757,-44.0342642658616,-43.7501480732776,-43.8292383190624,-44.160402533152,-44.6880784707214,-45.2090312072605,-45.7809499688684,-45.8925669178025,-45.7463716847128,-45.0807747474162,-44.268511100947,-43.4633373520549,-42.4964054895328,-41.6560018724673,-41.1046090965461,-40.8708459906944,-40.8158928915406,-40.9060523592595,-41.1826848495625,-42.6780584829078,-41.8737534332638,-42.9097048592293,-43.7362567578554,-45.5708612340798,-47.4765637456727,-51.6663975781162,-55.6994590749193,-53.1610818830114,-49.8552856706963,-47.9173580112618,-46.8599700490861,-46.5579271215078,-46.3909426076296,-46.0799249322994,-46.0514759352152,-47.0188076887391,-48.0169137110702,-48.8608740742528,-50.1415112487171,-50.4462173928602,-52.9126347419351,-51.393023150395,-59.2816120675301,-59.2109747050898,-57.5101969706613,-59.3920225245456,-59.562468996643,-55.3500837569778,-52.5699836110934,-51.2362880577921,-49.3054647989103,-47.7639781423278,-46.840289736792,-46.1548386258044,-45.6348714892544,-45.590053021297,-45.2760312858476,-45.4259851115534,-45.2153306328634,-45.44802754535,-45.4072530900485,-45.5935488103636,-45.5924146285725,-45.4118103404041,-45.7593547641738
-44.5945687461944,-43.9354540844096,-43.7796409307234,-43.8695611775355,-44.5316294269869,-45.0352838387062,-46.2691010451555,-47.8544929102789,-48.3213849013577,-48.076224680406,-47.0796951550503,-45.636566706365,-44.2940802385681,-43.0294600923894,-42.1292457191265,-41.7219388210928,-41.7339216327728,-41.8185324091258,-41.9056455737322,-42.1669771152543,-42.6589165713297,-42.666524228702,-42.4535136475406,-44.1482133258607,-44.93997752355,-45.5395769476032,-46.7869199025909,-48.5917984235924,-47.8894647209277,-46.4184403363075,-45.3103926944802,-44.7000084793345,-44.4733694399001,-44.4106923065494,-44.22559831531,-44.2311802802748,-44.6545247463458,-45.6256289541399,-46.8197902887223,-48.0974038810131,-49.9707965505316,-51.093319595774,-50.9838447218729,-58.8866122036116,-61.47512177005,-58.5212866948921,-59.0222473298665,-53.1625063150058,-51.0350360038139,-49.8807637903326,-49.224294190174,-47.8450123186824,-46.6439529567938,-45.889873965074,-45.434482604738,-45.1731093790942,-45.1580586903174,-45.0969510379472,-45.3193497382371,-45.0246481212311,-45.2812886311466,-45.292726312569,-45.3598969503463,-45.1445569548486,-44.9952475443346,-45.295097329323
-44.7225520969314,-44.0520348741446,-44.0844077480941,-44.3003965213416,-45.3037035188103,-46.0487763366562,-48.1130452517561,-51.3808726987096,-53.6026302239954,-53.2698957146773,-50.6054123501538,-47.736385916428,-45.6017702791127,-44.0664395533724,-43.1502408562245,-42.9203939205817,-43.1993450545555,-43.4607173798157,-43.6912310528627,-44.1054229550459,-43.454327896513,-44.7360424371298,-43.4120518578112,-45.2710845172432,-44.8820503824067,-44.5374136502801,-44.1510622194519,-44.6084890968264,-44.2946562886192,-43.5918858446867,-42.9433266299996,-42.6997999777767,-42.6316074636153,-42.8085202067735,-43.035840289161,-43.2639391133721,-43.3232223502479,-44.1093981282181,-45.2978283565292,-46.2595507868236,-49.3084100051317,-48.8508376122917,-49.9827646107354,-57.335367350161,-68.280053605833,-64.5178577171104,-55.5142529749576,-50.0097361949089,-48.6638280957007,-47.9213367655495,-47.344695370557,-46.613477122084,-46.0283076905815,-45.5949841757047,-45.4271521911117,-45.4578910344387,-45.4090536842231,-45.6087255540785,-45.8215616158347,-45.6992404031402,-45.98461433778,-46.2071424086428,-46.2423088393384,-45.9270732206305,-45.8016630952021,-45.7538938272326
-45.1043214074703,-44.4789095405147,-44.6181522910028,-45.024094993869,-46.1849076134311,-47.3610718664767,-49.8364202908906,-54.0426857778667,-62.6995462348352,-65.171660689634,-53.9557964864998,-49.6419115801349,-47.0536289387087,-45.4805721418022,-44.6936122467612,-44.6438454598675,-45.0188888963151,-45.458597595309,-46.1230201028367,-47.1192106103136,-45.8276111287127,-48.6926533865671,-46.1024862082333,-47.0362908026623,-45.3421276286988,-44.2485667177957,-42.8535451938064,-42.2515181884602,-41.9870865316926,-41.6687161917893,-41.2894988269531,-41.2525010965497,-41.3062289060822,-41.6485679156637,-42.2575522725338,-42.7619790241897,-42.6962533970221,-43.2859332577545,-44.3092316316036,-45.0512945081281,-48.5379565692905,-47.0694941992293,-48.44309904815,-52.3072499615457,-54.7975740180083,-55.1281957896989,-51.450340768984,-48.7018381201815,-47.6804318563453,-46.901728345122,-46.2171353388914,-45.9813034334132,-46.0295540984904,-46.0122469548294,-46.1990587983135,-46.5240308235654,-46.4612055166393,-46.8662531432174,-46.9843778799938,-47.2588668545252,-47.5974025658738,-48.2370029279373,-48.464610335699,-48.2124697339465,-47.9876888508484,-47.175420855179
