-53.3904332060611,-52.7875567075121,-52.1484105863426,-51.4503728366747,-51.0728508078093,-52.1158861686569,-54.2002622431459,-54.8923602183867,-57.2923119629953,-61.270426150124,-70.6968580816118,-63.9622549363776,-56.2779715829012,-52.7703167783709,-51.6831638227182,-52.7863093121829,-55.4455215857519,-58.8524296705686,-56.5905142683643,-57.6941763029183,-52.1579017031306,-51.1298286765735,-49.5387339145977,-47.6845795910184,-46.3807678376771,-45.4028610138814,-44.7684971331352,-44.4463269319016,-44.0576807777574,-43.9949688695752,-44.3534539824193,-45.6161312995219,-46.696551047774,-47.6432186264362,-48.2351807454398,-49.4719762044677,-51.5714159101626,-55.4238006839985,-62.9205030027292,-64.9953368748524,-54.8155129098176,-53.5411604585211,-51.1258765453847,-49.2515723665288,-47.8324908770534,-46.9039495282485,-46.5332373962858,-46.6437995711508,-46.7259184727369,-47.1265304876452,-47.8313773385502,-48.5167775472168,-49.3190826145893,-50.4081884778508,-51.6651323939904,-52.4931334723529,-53.2122666713136,-54.1075265785472
-56.5331097855567,-55.4458461161871,-54.3173247722274,-52.5259049485882,-51.4509107079082,-51.3501977548074,-53.1253739407186,-53.3091328143257,-53.0109699148428,-54.263778026116,-58.7299317058863,-60.9626461169467,-53.9128952986558,-50.7850459255916,-50.3194684455695,-51.6277713416235,-53.4287600735542,-54.8347406704458,-53.3380943307483,-54.045820956969,-51.3747285214297,-50.5587647998366,-49.2880780301966,-47.9919305140129,-46.900640542573,-46.0412321733698,-45.35815653433,-44.9920529885602,-44.6305035198681,-44.3347223815585,-44.2922789726331,-45.4307260937349,-46.7637993221997,-48.3407906024204,-48.9164997315133,-49.7330005516026,-50.9465267221346,-52.4797785196154,-54.9179993681125,-54.1359178854048,-53.7941583207748,-52.6905703992471,-51.2019464671718,-50.0048126278399,-49.1929537027441,-48.3605736571203,-47.8883655202983,-47.6216424947644,-47.5163562848393,-47.606007771444,-48.0897571128748,-48.5996452577912,-49.4345623128997,-50.5878574803366,-52.0991472035388,-53.3957656087808,-54.638235296698,-55.7309980357094
-62.2760902178744,-58.9227789534148,-56.2580226040236,-53.6210151363004,-52.0716341508631,-50.7049339062352,-51.540113892797,-51.8654631528472,-50.6574044767171,-50.9869436023114,-53.4000872323042,-53.6168999359894,-50.8877599524307,-49.5362883750509,-50.0847552332206,-51.2915150931446,-51.8319846102581,-52.0545673623582,-51.9858791926667,-51.7822265583205,-51.5706625456941,-50.7941329170409,-49.7980004377958,-49.1665360070511,-48.2449431410827,-47.503885600234,-46.7430208564483,-46.2291967669803,-45.9468656361745,-45.4513796970738,-44.990373638964,-45.572051615437,-46.7790842250813,-48.6404281960645,-49.6764899727228,-50.1417322919178,-50.583703721412,-50.8473038842998,-52.4681121026243,-50.9842495846764,-52.5959684122235,-51.3807445108568,-50.7353323661832,-50.6575708572282,-51.0318404239826,-50.8065354783608,-50.3452244508865,-49.5460668475551,-49.1203201795349,-48.7161467102032,-48.7592852159382,-48.977554441947,-49.8997266204728,-51.108281911317,-53.1967513035385,-55.4161168291465,-58.0688902118937,-59.6838197800558
-81.0301618703727,-62.7732272900807,-57.3795285471868,-54.2630065005469,-52.7149193375565,-50.504597893578,-49.9127822101151,-50.4818665372805,-49.4637343323378,-49.1130398288523,-49.4863323767067,-48.7268809903474,-48.2548648397455,-48.9038296909167,-50.5648223453138,-51.0734207835137,-50.5926901306853,-50.5695649106398,-52.0056437070989,-51.1283177379705,-53.1277360093827,-52.1150033082905,-51.212704147987,-51.0728115449253,-50.3124381796198,-49.6733203756801,-48.7928084292254,-48.0193422723593,-47.8077515226379,-47.2606928619049,-46.5279770071713,-46.2921883562259,-47.176523753304,-48.9164753038779,-50.7654673395281,-51.3915850402921,-51.4126890548012,-51.0745320687804,-52.1287056381271,-50.4679362748656,-52.1341933468681,-51.0282002598991,-51.0173907420214,-51.8225641465667,-53.4471134272756,-54.4314781042503,-54.1224606230797,-52.5208814773587,-51.4962620474439,-50.318957233924,-49.6495541630168,-49.4541116386609,-50.267369694184,-51.4106901801567,-53.9695313722171,-57.3744219470014,-64.4223489864711,-72.13614757082
-67.2660043621651,-63.5203434670176,-57.7643013333296,-54.0135509238878,-52.5281743092182,-50.5447101812877,-48.6475304878528,-48.8440368891629,-48.6199234352232,-47.8910423457174,-46.826354297252,-45.9712150877986,-46.7071745770042,-48.8332302439461,-50.8044913537994,-50.4085862460084,-49.966374910189,-50.5232264088802,-53.187377470286,-52.4775296763351,-56.4952855479703,-54.7902034327105,-53.5470389461913,-53.3297860451547,-52.9308659507251,-52.3478130715999,-51.274201645909,-50.1453296835384,-49.8443208840798,-49.5321927951113,-48.9297679380958,-47.8534463074331,-48.3959636444377,-49.7938968421046,-52.3146380717774,-53.5937204341415,-53.6011727973049,-52.9514036836154,-53.0165158353284,-51.7928411017482,-52.5380737604511,-51.8126928109578,-52.3249814218806,-53.8484894038235,-56.6088818686418,-59.7157243077757,-59.6364499370042,-56.355368957929,-54.2683928342992,-52.0906396963243,-50.5618017995328,-49.92579051184,-50.198956649795,-50.9675403281226,-52.7381473905217,-55.4406288386115,-59.5604492030529,-61.7680917175519
-63.069829277076,-60.0654488972957,-56.8361793500195,-52.9967893153995,-51.3137826731787,-50.2681729316038,-47.9662614678108,-47.3231183567321,-47.687580747461,-47.0346060925816,-45.4055739163944,-44.8478338063453,-46.2689143595783,-48.8498803139956,-49.7577748865594,-49.4901166140838,-50.166233137114,-52.1107148795922,-55.496771536422,-57.2600518157095,-62.8379358562358,-58.7950619041547,-56.6485398040974,-55.9093244742902,-56.2255587062724,-55.3901571650117,-53.8489465436424,-52.2683708882635,-51.4818407778664,-51.6844731112173,-51.998351173691,-50.4684812910265,-50.7770712637105,-51.9554670500627,-54.7648124475549,-56.407231905185,-56.7690909285704,-56.1911981584642,-54.6405629692047,-54.9047632122896,-53.88629454412,-53.8934482684196,-54.5461727642002,-56.3826636904233,-59.8308516286231,-68.4780805964427,-67.8132579754504,-59.2828251682843,-55.8690054590035,-53.1656922619962,-51.1565618550342,-50.2087674172353,-49.750698914121,-49.973797988868,-50.4433650358523,-51.9331379483501,-53.6122389383134,-54.5364009622942
-61.1922875530001,-56.3332812656938,-54.2341761496243,-51.6352066910957,-49.9865239045698,-49.4666766575265,-47.8628940183609,-46.4117491925245,-46.7591431022785,-46.4197258781888,-45.0905641743595,-45.0582102616049,-46.5787312329734,-48.0906084622255,-48.0192385359603,-48.8251880283735,-51.0524998506142,-54.8770125216774,-58.1339506622436,-88.5336627957355,-85.1571325300546,-62.0688750550783,-60.7146658736043,-60.5222049623362,-61.7067159183447,-59.0867961641893,-56.0700079797557,-53.8391335086512,-52.2126551117111,-52.795130029997,-54.8432240955863,-53.9185586406655,-53.9860866525683,-55.9830151187554,-59.2222578655317,-59.1701433962286,-58.9616874123857,-59.3737202157824,-56.6248012087885,-59.9941451182666,-56.4360140441076,-57.8517059164086,-57.8249421574641,-58.4277018554384,-59.9535080798997,-65.2383712986924,-65.5179360983306,-58.6078170679973,-55.0492449360587,-52.7119574284593,-51.0006187555294,-49.9700532932969,-49.1250024522455,-48.9469905761188,-48.6256381440791,-49.4046843650191,-50.2525860084482,-50.8250304232867
-57.400892461896,-53.3286083863592,-51.5809905161971,-50.4044516687417,-49.1898201901707,-48.6402467035628,-48.1829620689854,-46.3670034764874,-46.2245251053764,-46.0923578776667,-45.6984546495321,-46.3367999641975,-47.009114483486,-46.747018565384,-46.7320824290806,-48.6263244846321,-51.7140178475755,-54.4631915256544,-56.7570390805087,-57.016607747092,-64.329829974243,-62.5798135698758,-68.8595130191977,-74.9261852556494,-79.6535735251111,-63.134981029375,-56.9425831652366,-54.081908550604,-52.0847298547282,-52.5578092561412,-55.7090763283978,-56.3817258190765,-55.0164150127368,-58.3817983742027,-69.1738893014681,-61.3554250574399,-58.6780157946087,-59.8563558637379,-58.638272237455,-65.9367219341825,-60.8858127548255,-65.7981572458854,-63.864044380092,-60.4477153960066,-58.2064258455866,-58.5630591081717,-58.6340524747256,-55.9474667798793,-53.3115330458418,-51.3691467868285,-50.1257253887408,-49.1820694016297,-48.4469443563539,-48.1450536340755,-47.6223664168145,-47.9396986249712,-48.3605142270386,-48.7375434645131
-53.246998872083,-51.1775327996491,-49.8662052673102,-49.6830592767499,-49.0781045356609,-48.3316902834906,-48.7507937313995,-47.3114186541754,-46.4705489490966,-46.3166172270023,-47.0416472777791,-48.2662099021208,-47.2379343867335,-45.8875258535404,-46.3836624682871,-48.7824173596529,-51.0078669105732,-51.1288541871334,-52.8894193933497,-52.1349388855747,-56.9516474490245,-60.7867673543637,-62.718606914739,-58.8910823960875,-60.155924579389,-59.5019952880876,-55.1858973782919,-52.8238468837617,-51.5454837439983,-51.6269737882044,-54.1611409659057,-56.2780312802876,-53.4650884117938,-54.7169359798592,-64.6810078860892,-62.4037067179388,-57.84454968149,-58.6598039659567,-59.9842045521918,-69.1870998094387,-67.8230853597084,-70.6920713818499,-70.6403413102784,-63.3244992170289,-57.318188900462,-55.119594448002,-54.5100775939189,-53.2133454846172,-51.6530192291303,-50.1111271907701,-49.1207714203869,-48.3315690345028,-47.87660561644,-47.6461039968706,-47.350952025822,-47.346315182522,-47.5062118070921,-47.7746938766523
-50.372407610367,-49.9153869336626,-49.2363219695431,-49.6390271892216,-49.6174886063824,-48.8144515984633,-49.5585721384549,-49.3459878440413,-47.8527713781908,-47.4967497459564,-49.0086970060614,-50.1848826243576,-47.6798787950622,-46.1441667775906,-47.105818003472,-49.0066286835048,-49.5512234803234,-48.9334341312873,-50.1087330622542,-50.2782838261132,-52.3477869223779,-55.5946680608282,-54.5999988000317,-52.9230569792939,-53.944892516832,-53.6830686102516,-52.0445044120063,-50.9655104945363,-50.8970410192881,-50.595186248634,-51.8382714530668,-55.04957732213,-52.6731470900296,-52.2595932231783,-57.9341506730889,-61.4274671364503,-57.4267876178788,-57.2642400282396,-59.7408493944412,-67.7704140494632,-64.4103808812293,-63.0468852813271,-60.5542804514559,-60.6503749327825,-56.8909704105247,-53.3927902690514,-52.0964033195121,-51.1541806672928,-50.3000752769314,-49.3159608342414,-48.5068151952115,-47.9091913578302,-47.6508538843755,-47.5291752949771,-47.6655219547418,-47.489319521135,-47.522644600989,-47.7635330515608
-48.8928803195784,-49.5518483425017,-49.6166193788131,-50.2423801535162,-50.722944623659,-50.2287726504669,-50.8750864725245,-52.5865069399317,-50.8558622508025,-50.1627534105549,-51.6240386004163,-51.528091583453,-48.7980540599004,-47.757008962614,-48.8904073167594,-49.1413885959394,-48.4827554054726,-48.1297074663188,-48.6506846376203,-49.6926427023811,-49.4570428990229,-51.0304411719432,-50.1883026034205,-49.8460840852564,-50.3577363715059,-49.7175435461385,-49.2562607238873,-49.2947092512818,-50.1730911978875,-49.7048697989405,-49.9691856537374,-53.4308065314802,-53.2682981912275,-51.6952069789225,-54.5683330711762,-59.0985925431186,-57.6333831155032,-56.2089975115927,-58.5344490052937,-60.3552546798883,-59.5458343807489,-60.3775280467564,-56.6608262256045,-55.9678323726577,-55.5556208075823,-52.7311483080381,-50.9603911206995,-50.0365777789265,-49.4722036091131,-49.0862081960756,-48.5283812137562,-48.1538789071277,-47.9798748175981,-47.9169665794267,-48.4501375215151,-48.3060363975331,-48.3660471874188,-48.658736735969
-48.6990699335868,-50.0709643733321,-50.8737225549852,-51.3484120576107,-52.310984695666,-52.7130125771993,-53.1660552960541,-57.1345559271394,-56.5737025092318,-55.3468329676,-54.8898475305902,-52.2972711141464,-50.4975307989411,-50.7856146740327,-51.5219635081213,-49.4305964088277,-48.2661071752295,-48.4466860685461,-48.3286084230527,-49.5833264826338,-47.9329501349959,-48.1104098933412,-47.6298871730772,-48.099546212606,-48.0129782474518,-47.1889085570769,-47.312088211956,-48.0522491008474,-49.2953467420722,-49.0311343744095,-48.8808502783667,-52.0832017022904,-54.9159121966159,-52.6195133102214,-53.1411192698832,-57.145754105044,-58.6372634062163,-56.1025757255539,-57.4932736951222,-55.5244936921606,-56.8783494228698,-58.5372370909209,-55.2760772142329,-53.4006699542577,-53.6159161794739,-52.6291663269556,-50.8813220377848,-49.9313329180981,-49.4104333604342,-49.477452057109,-49.2564612354831,-49.1227638062943,-48.9788829710977,-48.945725649494,-49.6769743575744,-49.8208669218631,-50.0821827915672,-50.4886064489608
-49.7003255533376,-51.3837722774737,-52.8034863851828,-52.8888711896201,-54.3759139558739,-56.4629647217612,-56.8957105675562,-63.1787998412073,-68.7517206987199,-68.0194262000945,-58.6353779509507,-53.0031700968586,-52.1770971605126,-54.8766458564377,-54.3570760927975,-50.3582369899049,-49.1461141262596,-49.7497189001975,-48.9934823137736,-49.6669849504632,-47.5448428866939,-46.5956121203766,-46.3309055501109,-47.0697522871234,-46.489412582964,-45.763743188946,-46.1920911181604,-47.1757331289418,-48.2545107000368,-48.5800926457499,-48.4617375891444,-51.4229041779407,-56.8350729633491,-54.7149566543699,-53.8324070500456,-56.6921643082301,-59.7853994739014,-57.3268188448487,-56.7185644993148,-52.9564271648595,-55.1447079855351,-56.1193418934366,-54.8588969447034,-52.5022642808518,-52.3441177196969,-52.7981185059518,-51.755894030076,-50.9060963154811,-50.3157036871471,-50.5295966889742,-50.635743832771,-50.7319273627838,-50.6493646098839,-50.7407964204934,-51.4636583502061,-52.1977166997549,-52.8323900213143,-53.3351897076763
-51.7468458581622,-53.1903305477264,-55.0806098495202,-55.1284337526223,-57.163250785175,-61.7377273715463,-61.1601074724471,-72.5899191989782,-64.7124954036691,-65.728243091382,-64.0374236126942,-54.2957472822069,-53.7660222684041,-59.0657262639179,-56.4933560471504,-52.4233910175288,-51.5373026852866,-52.1203506727135,-50.5111651793539,-49.9848691215834,-48.0596204596159,-46.2368809903961,-46.0024698791169,-46.4397035298502,-45.6055886658988,-45.2115250802417,-45.7191639168643,-46.5143360814857,-47.2019662713231,-48.3132690056782,-48.4333255200845,-50.9867953154588,-57.6108476524185,-56.9701174723027,-57.6255921863057,-58.7275285912203,-59.0248666643796,-58.7869008057661,-55.6131708334786,-52.0330946853443,-53.6524785209617,-53.5314219162081,-54.1364722379292,-52.7121530030344,-52.2668944432555,-53.4943029333189,-53.6853534421319,-53.2055348636681,-52.4018480691159,-52.2053772955449,-52.4014238482682,-52.6663595722178,-52.8119512557234,-53.3791092003808,-54.1509309574535,-55.9162417583959,-57.039712325655,-57.2713563281619
-54.385514907607,-54.8407970621977,-57.2196765975012,-58.756502980763,-61.5158527217776,-69.0990169935506,-62.0783242374297,-68.3936354756883,-62.6115091774531,-60.5869832960717,-69.9804531074645,-56.0622970371636,-56.3220363491202,-62.9270814340044,-57.5519255059007,-56.3107243997888,-56.5339879068679,-55.9386150640035,-52.6498500982871,-50.4333096064104,-49.1188922111711,-46.8278392140857,-46.4469474459375,-46.0943108375005,-45.2633844926654,-45.3113944935092,-45.6487719276214,-45.993022892349,-46.3806285233989,-48.1641575441156,-48.5722340890831,-50.0012097672933,-56.3072483839936,-57.1287758003166,-61.2759024553672,-64.7846199006929,-56.9490797244296,-56.7582475157759,-53.9174029636575,-52.3200923762681,-52.1206488910596,-51.3231819479279,-52.7366393846592,-53.3669483840734,-53.2947067922652,-55.4624762444709,-57.4722699090734,-57.6563138323183,-55.9683570617641,-54.1979116367868,-53.8857554970636,-54.2031263091896,-54.8591167411467,-56.5049614244583,-58.4041779859667,-62.7316234961927,-63.9444506651608,-61.7367917027627
-56.7620292381441,-55.7661863281837,-58.509568707248,-63.6473623357658,-67.9762568686085,-79.0596005276252,-63.8410958348751,-61.6916924788746,-63.0631439341691,-59.9549455662887,-58.915606331953,-56.3859500425027,-61.1869945671267,-60.152315069731,-58.1347607504973,-63.9679575533724,-66.644195844076,-61.7012232955822,-54.8223263803026,-50.7261371694308,-50.2302727856599,-48.1522607778084,-47.4916251332302,-46.0917153194935,-45.4093030725036,-45.8063636284429,-45.757326887779,-45.6711070082885,-45.9834341177817,-48.0628419656304,-48.8741838627948,-48.8197622208563,-54.1311678159357,-55.9776280169863,-54.8507898131001,-60.5783816823418,-55.4961765561679,-53.5148092035005,-52.1832618362051,-52.8624855874635,-50.6013514981588,-49.6393282612992,-51.0366217045491,-53.3623921323253,-54.1074821244038,-58.6298414702107,-68.9249170158672,-64.3068815704478,-59.5040916059088,-55.3551128595124,-54.0697686244029,-54.3320415689803,-55.489979224144,-57.6438194056769,-62.0112525782797,-72.7673960270757,-67.5041142393545,-62.8471479950568
-58.224555488265,-56.1369181083117,-58.2019513956631,-61.3823298449545,-62.7654123803661,-67.2581755655838,-80.0157477827438,-58.510945296229,-59.0799993034397,-60.0461914044114,-53.8422105402138,-55.3066468958462,-64.0089981029051,-55.2162981692421,-59.833006201419,-65.2743380400159,-59.7923668380198,-63.5131000999873,-56.0955014269548,-50.9762075950668,-51.2112422461152,-50.0040712685932,-48.9894221867195,-46.6080398243301,-46.0205430668978,-46.4142119744443,-45.9342373703123,-45.6483360036838,-46.0629361881056,-47.948268327639,-49.4375301256009,-48.3602488782584,-52.4986925137081,-55.7279335297863,-51.8001693265138,-54.8202860360412,-54.8856916045107,-51.6362644878056,-50.9210400629748,-51.8647295114151,-49.2644456998862,-48.4794898699965,-49.2399686852922,-51.7064055860227,-52.443356707401,-55.8625845139376,-60.9224721771866,-57.4010872729917,-55.8240210991318,-53.9196820907505,-52.53849438757,-52.6933686947609,-53.9266769711042,-55.070521412651,-56.7670509543885,-59.3768303918302,-59.7654033753806,-59.4524156464107
-57.7772070184183,-56.1955897838892,-56.5202920305192,-56.8398601602446,-57.2485338214726,-60.4905240339264,-60.3295087509169,-56.7172968263347,-54.980564409247,-58.3676230994888,-51.458510425322,-54.8843036549733,-57.5760806927333,-52.7161728411197,-61.8876498958496,-57.4583516522455,-55.6612546967685,-58.8753436073074,-56.3895680485445,-51.8245842431132,-52.6134090360053,-52.3981188539977,-50.8649562216133,-47.8470147303603,-47.0710919302086,-46.9054768733195,-46.1495698276742,-45.939087700771,-46.4908990217665,-47.7628430174941,-50.1978565722356,-49.0206865145102,-51.9717450211468,-57.0928722106806,-52.0787224210043,-52.7240721370664,-54.4185411902855,-51.1860637631717,-50.1922312073945,-49.5776961868777,-48.2307149178565,-47.785707202668,-47.584493094891,-49.1456820165751,-49.6755242873653,-50.6677415919955,-52.5108076239444,-51.7726295282061,-51.0542397920739,-50.7920517987002,-50.0818984344305,-50.1315566590894,-51.1823494964165,-51.7671974848815,-51.9952970685914,-53.7646833997767,-54.8405590406012,-55.5975561592523
-55.4127263020465,-55.6739706547625,-54.4927508971622,-53.939195001776,-54.0281126472317,-56.0669854989469,-53.5895912093737,-54.8571809948672,-52.4360147604428,-54.4600326482095,-50.6296050914841,-54.2848299338128,-52.9145999888717,-52.1240658811981,-56.6738351554072,-53.6213373866454,-54.5194407885661,-55.4806411748203,-56.4561238385104,-54.0981540872881,-55.5122020758722,-55.9624138842574,-53.098548506636,-49.8137097594325,-48.4339758289009,-47.1830468719524,-46.3434021581237,-46.4135507898165,-46.9686919655381,-47.4646823287158,-50.7751912209609,-50.4735610911494,-52.6118481560001,-60.7621498210736,-56.5691940295326,-53.2650665352824,-53.3783605329773,-51.5575963392724,-49.7245689242388,-47.6745654601206,-47.5417928450341,-47.4172451400741,-46.4227608448743,-46.9303307621859,-47.518178640765,-47.373954014536,-48.2704396890037,-48.3496175647798,-47.792111962278,-47.8239630466808,-47.6496927464643,-47.6325441633881,-48.3821630828599,-48.9050752318734,-48.8159384685102,-50.0827613275061,-51.2754508963306,-52.2700818195946
-53.3057162087104,-54.4436296707735,-52.7905459875646,-52.0364374769155,-52.0275834765672,-52.8116791785509,-50.3383903345759,-52.4843411463795,-50.8891005732659,-50.789240027888,-50.725796301616,-51.8509138997347,-50.0697207210287,-52.7468034153237,-51.8829628455169,-51.7257575590569,-54.4405471184495,-53.2430577957885,-56.2829594320909,-59.4224619048213,-62.1473233901066,-62.952808447263,-55.2269952148665,-51.5113888569607,-49.6697925342715,-47.2697964776072,-46.4394733070625,-46.819540156084,-47.1784657550838,-47.0702784843143,-50.5705653701679,-51.2101529570484,-53.4446142996152,-72.1221113317443,-74.5009170165992,-56.1845426824464,-51.992540182037,-51.4020885619919,-49.1864005874561,-46.7627965010889,-47.1930700971959,-47.1862121922933,-45.9792797011825,-45.5882166841462,-46.2127448733147,-45.6199942822218,-45.8579184944818,-46.1724832868255,-45.7283391283839,-45.6369174256441,-45.715639620104,-45.6629903849706,-46.0440720917089,-46.5855037010101,-46.6389772227849,-47.4325615605927,-48.5529657151255,-49.5640051801709
-52.446397150722,-53.0168377066065,-51.6050392933368,-50.7534059428472,-50.7207660282745,-50.3723344941255,-48.8830714952107,-50.2802927064847,-49.9382887088137,-48.4811553582091,-51.2279475417984,-49.4036022824235,-48.8119269930964,-53.461309581215,-49.5086990309874,-51.2569207034419,-54.0626179132978,-52.0179609016349,-55.2887122149836,-68.3304638246978,-64.8286330790458,-65.9144975789592,-55.2236865716584,-51.0500804322281,-49.9903411998598,-47.2244429606024,-46.4570658698806,-46.9048422136207,-47.0044898086605,-46.6712487899155,-49.3478605890173,-50.2998617382644,-51.9811170614117,-63.2368307509072,-54.5914976558246,-56.9068529755795,-50.8603747666263,-50.0816440419539,-48.5840670597275,-46.9039324430047,-47.1829002999693,-47.0275871609725,-46.2781606988196,-45.2610261735213,-45.6940572025172,-45.0696471800663,-44.7257979511054,-44.9330085954141,-44.628570898625,-44.328605097054,-44.43661514047,-44.3555110859759,-44.3713717375826,-44.8422511339797,-45.1677477053104,-45.5798925030473,-46.5236692890138,-47.4618352876963
-52.9286769912362,-51.9646664485137,-50.8479860123674,-49.928689329714,-49.7794731332642,-48.6868628361166,-48.5651919993896,-48.7639824451103,-49.4370581993058,-47.6773463719066,-51.6738649240982,-48.3599148790331,-49.169232645754,-53.1142043375244,-49.085628376363,-51.8838426995038,-53.087769944406,-51.815402277237,-53.831161053087,-57.1478334805433,-56.6390500837145,-56.9950893501241,-52.7850330465932,-49.5167579176083,-49.2005701387174,-47.08614598878,-46.4930276529961,-46.6004737312159,-46.5437581586279,-46.3868111752474,-47.6646522179203,-49.1501279005573,-49.1683398462961,-54.7427026194563,-50.0505477689332,-52.4836996574918,-50.212679135155,-48.7859224001816,-48.2668567924653,-47.9972031899488,-47.5602079359977,-47.129073414983,-47.1919208665496,-46.0010943806192,-45.9419823243925,-45.5476131420592,-44.6970459009131,-44.5488970058362,-44.3533222985915,-43.8836068837335,-43.8524967816035,-43.7239615490116,-43.4461220224307,-43.7301941422299,-44.2606145232714,-44.4288344651464,-45.127195774573,-45.9400163279581
-54.3495155084262,-51.4898280554773,-50.2853217796612,-49.4445081663567,-49.0043233650992,-47.7550164068972,-48.8903125499253,-48.0458391658677,-49.3718395675606,-48.3826675680745,-51.7121160306622,-49.0273115842259,-51.2527169576951,-52.21088524072,-50.4268173437685,-52.9474576681736,-52.20318368722,-52.570487675964,-52.8132157494156,-52.5170327224958,-53.3035548219243,-53.0864719177382,-50.421575579608,-48.6276552566591,-48.1014926059303,-46.9040416729719,-46.5916041218459,-46.0859827077897,-45.9959075190839,-46.295162041921,-46.2531736466273,-48.5244455977497,-47.1967611186032,-50.378534118956,-48.6472044051588,-49.5334243062721,-50.0305769986371,-48.3913240805963,-48.5718638516201,-49.7307567489525,-48.4497733570556,-47.8401280462052,-48.5731224300278,-47.8776162784676,-47.0353479061673,-46.9304015730703,-45.727736005545,-45.0292681079369,-44.8121223352818,-44.2696984519052,-43.9773745045532,-43.7583092932082,-43.3064029110465,-43.3090836761101,-43.8579627446711,-43.9172610988026,-44.3343779355658,-44.9894816828009
-55.0089926430111,-51.3735429644174,-49.7365241100953,-49.1700270705872,-48.357575612739,-47.5381048308765,-49.3554132825729,-48.0556646506237,-49.7897937315277,-50.592600015191,-51.5446109158729,-51.7327632803208,-54.9519171324686,-51.8875595945232,-53.4966405535121,-53.6030317321034,-51.9024902834755,-54.0349519074165,-52.7049292995508,-50.7713887869095,-52.2524326242301,-51.4221433947793,-49.1153330620367,-48.6868492837643,-47.3916887783521,-46.7892801791558,-46.7037481994661,-45.6541185098616,-45.6026334914834,-46.3947990963898,-45.5198748222042,-48.2815833253038,-46.5345841373171,-48.1211035714783,-49.0638475986101,-48.4367537144319,-50.2870907218222,-49.1094627361833,-49.6627882331487,-51.4980038760984,-50.0476673459313,-49.5577028859553,-50.526980214963,-51.0287635332852,-49.1726714618716,-49.0329048596266,-47.8008686790788,-46.4249575674597,-45.9578528995153,-45.4539351345894,-44.8349664003518,-44.465062577304,-43.9770768036842,-43.6390011537601,-43.9551315991978,-43.9960141300454,-44.1331222277909,-44.6111777896261
-53.4955208552367,-51.0797048823949,-49.2708399759402,-49.0050878011075,-47.9550498390026,-47.9249245413439,-49.538036819335,-48.6276456676158,-50.7479395564987,-53.7676171961618,-52.0789175027566,-57.7446038866091,-58.78845966952,-52.7131998480902,-57.8544290709325,-53.9432027473739,-52.3998127708427,-55.6667229155337,-53.6715640986768,-51.1901813211227,-52.8451095421833,-51.4224577136914,-49.0121169849554,-49.4662360494596,-47.3280366781255,-46.8894189515185,-46.7662778570501,-45.5435151856882,-45.5607170693484,-46.6150820358605,-45.6003339565622,-48.2106152247605,-47.206087309723,-47.551327462566,-50.8631708753717,-48.9029617910176,-51.05200963344,-50.9424169941637,-51.5235493636933,-52.8888602380546,-52.5833338869142,-52.7877192502185,-53.6966381693517,-55.6971016613142,-52.718899456681,-51.489435112929,-50.7013444411117,-48.791113448369,-47.8038363074229,-47.3993594613703,-46.476100567477,-45.8938490683306,-45.4781838106349,-44.7841858862875,-44.5931022550293,-44.6263333114323,-44.5209889027493,-44.8063792041467
-51.6026810956707,-50.408064236103,-49.146801205242,-48.9655790799223,-47.9888392155751,-48.7327650341027,-49.316840139045,-49.5120714103733,-51.9695974353203,-55.138358766299,-54.373136393791,-67.4477460160303,-62.7160670147585,-54.6142724742772,-61.1109537160844,-54.4565172455939,-53.8656750480714,-56.742542790689,-55.8281740623927,-54.2606889526707,-55.0756587046424,-53.0331721145021,-50.0851504469299,-50.5063215101234,-47.9023604246464,-47.3160626581924,-46.7985439447028,-45.8713315575832,-45.9410939253873,-46.8785097543023,-46.4654793812047,-48.3164497427549,-49.2293801058042,-48.6165776690391,-53.8652816067696,-51.0345625486371,-52.4806701013501,-53.8055843788952,-53.8972848391882,-54.0705205591247,-56.0313319803132,-58.1681694594482,-59.839328749143,-61.7212283084483,-58.0284784398437,-53.8639212686447,-53.4971780920852,-52.085649859607,-50.4540297733003,-50.0683596867417,-48.99600314174,-48.1663772952492,-47.8125097719099,-46.8091268854977,-45.8575538498445,-45.7831355695947,-45.497481953626,-45.5665519784755
-50.5196701882094,-49.9028760634019,-49.6288690713706,-49.2382781060309,-48.6694501507905,-49.7677422483794,-48.9671616490705,-50.4499641329812,-52.1886543668379,-53.8100827000284,-57.6626120539028,-57.7630093981966,-72.4580482934924,-55.5880218373866,-60.1574346845956,-54.6272951728999,-56.2320735993285,-56.9778489831057,-59.2198907325338,-63.6087895234903,-59.2069472536372,-55.8377299951654,-52.0527413703451,-51.356134626012,-48.9300386758963,-48.1175444820967,-46.9361470341535,-46.632959163851,-46.6762689986781,-47.1647313237536,-47.9126974470515,-48.614191470369,-52.5587280724981,-51.3027901873209,-58.1952810369921,-55.7956574712432,-54.78777554377,-57.2312847591899,-56.1554705080578,-54.7044307152719,-58.4883114662346,-61.3761596761198,-67.8195288480334,-63.952082426009,-61.368723392411,-56.1587872317604,-55.1791465556611,-55.8881757733728,-54.1613287946929,-53.4752890147296,-52.5581288001706,-51.5154966595149,-50.9206161741808,-49.7299320539582,-47.885595880757,-47.4640033558482,-47.0509455868114,-46.857809867584
-50.369286362069,-50.2107655779335,-50.9430856417901,-50.1867486090944,-50.2456907374578,-50.9329300517679,-48.9808367208899,-51.2656531934107,-50.7844444084985,-52.3860267490332,-54.0037099028208,-53.7516337753094,-56.8766638521047,-53.9248940083987,-55.834296851813,-54.0102277721116,-57.4618226146507,-56.7637380244275,-62.1021560317913,-62.944178582569,-62.0756535798689,-56.6525031432944,-54.0349944997411,-52.0575362466747,-50.1645892997695,-49.3026069624754,-47.3919135169528,-47.7115721305859,-47.608535714048,-47.4937266754735,-49.4857503831623,-48.8902890758156,-56.2594672381527,-54.0902034301972,-65.5734453865075,-71.2666311768285,-58.210337772713,-58.9399872819947,-57.3433185203038,-54.1874976173538,-57.5146123495452,-57.8581163982839,-58.7953637991272,-61.4072465873968,-59.0250223385537,-58.8128028938959,-56.8723033876698,-59.4488073862392,-59.5532584423766,-57.8577763275838,-57.3776045481236,-56.3136850199766,-54.6276743809232,-53.3341478732906,-50.8799784929163,-49.7018741488003,-49.1229664245421,-48.5851471187357
-51.0351244113991,-51.6973260306869,-53.3611945245407,-52.4207580212466,-53.1208253612003,-52.2446565268806,-49.8127845925422,-51.6981121607786,-49.3027224507292,-51.2290175745239,-49.7687679386462,-51.9120575670106,-50.8851373949923,-52.24621989801,-51.841660939686,-53.3416673010192,-55.0332189658528,-56.2661507723017,-59.8888097950051,-55.5999922006983,-58.7067547769747,-54.8726766031134,-55.4587083505175,-53.1817050951473,-51.6043178852414,-50.8317122293034,-48.3686963234522,-48.890103214559,-48.542781258428,-47.8619488576176,-50.525632672569,-48.8566218661839,-56.7472236130934,-53.0412566839532,-74.8714766036457,-60.015892457715,-61.5751563665257,-57.210687126858,-56.9408225691136,-53.5193911571452,-56.0491480858595,-56.1383910578349,-55.3092924313599,-59.2653133569961,-57.5989154133617,-61.8627435264986,-60.0517179990585,-63.5975675628866,-69.2548466510517,-64.0399838999283,-63.080345550474,-62.6844991867034,-58.8717174183085,-57.0311217440618,-55.0597292263643,-52.5377484559724,-51.4904406430139,-50.5035238646867
-52.2901575308513,-54.2230715124279,-57.2719470553371,-57.3874028582093,-58.0918754275246,-53.6551024544361,-51.7083838266606,-51.3481912795894,-48.6964512721916,-50.0469411961192,-47.6733241186295,-50.6732326553057,-47.9601074731942,-51.1870642330994,-49.263978474401,-52.5513435430014,-52.1053438278487,-54.7888293307919,-56.291404424264,-54.115120079082,-56.3889117111818,-54.4150475706798,-57.7936956600856,-55.5378847277713,-53.6827536145721,-52.4468644439219,-49.9219550094475,-49.9001465879284,-49.222859055814,-48.2558015546602,-50.5575412080832,-48.5784555165819,-53.9914813751027,-50.9670468546571,-60.0635661650439,-54.1299516211762,-59.4891672497399,-55.0363192327065,-55.7549468044515,-53.8997693120115,-55.6054189832177,-56.2940585870982,-54.324869999406,-57.7085841020113,-57.2726048213019,-63.6821813973337,-62.522015279936,-70.976201361284,-73.6496259157646,-70.2235338973664,-65.9751325088546,-67.893016488814,-64.9652395525619,-61.1302150013128,-59.578452374048,-55.6201864849444,-53.4626886753139,-52.0625758288173
-53.6314568728155,-55.7873785618551,-61.4795587751784,-76.6772427616269,-63.1761240696929,-54.7349416619838,-53.9846974966034,-50.4188211273409,-48.9259693829799,-48.8729106675702,-47.0425341846311,-49.1184878803196,-46.7108627103302,-49.6514872198157,-47.9452937815114,-50.6815357401672,-50.1816828497464,-52.2966193762976,-53.5756508487663,-55.1319153787657,-56.0373377155723,-56.6173137625803,-64.1688066225678,-60.5888172677243,-56.9385969599925,-53.4364889713304,-51.6860455704958,-50.5360412239966,-49.4072053780589,-48.7226862367025,-49.7171448638316,-48.4573198100108,-51.1451747732195,-50.0421209417101,-54.4258129117985,-52.0055216197993,-55.7357220218609,-53.8522072274603,-54.9057211685109,-55.8241728070302,-56.214933498454,-57.541264602042,-54.9372683793631,-56.6970518473011,-57.2102119234924,-61.8463392520871,-59.7501756127281,-63.7181159545045,-63.9429924391837,-64.0616771142796,-64.651919635684,-68.8438047287829,-74.1676127260017,-68.6113012764561,-59.4696268184733,-56.6873934234822,-53.8929572404637,-52.504020766061
-54.2451903494104,-54.6381152484731,-59.3068314512951,-59.4065149354488,-58.5243175132471,-54.6998806334506,-53.8839188883302,-49.6931117512831,-49.373817624344,-47.9595016677232,-47.2074721551269,-47.3610365267132,-46.5326045603522,-47.5726886467285,-47.5910298317085,-48.3657056447003,-49.2103361965,-49.9697704183908,-51.6913048642141,-55.4622241218822,-56.4065525955671,-61.8032034333418,-66.1107845878198,-67.2575229439966,-59.7787549752173,-53.2824064616557,-52.7182847863657,-50.7713101154024,-49.2349310630001,-49.3237083949829,-48.6669170127767,-48.8446595311935,-49.1391306087786,-50.1003677551587,-51.2413972139368,-51.5730856266044,-53.350062344085,-53.7548237716227,-54.8890997982807,-59.4390941145204,-57.9177751498872,-59.2504060320015,-57.2850969176623,-56.4953882228683,-57.4106932294863,-58.5097324181722,-57.3829132257755,-57.6297930996618,-59.3962732501974,-58.8239185242854,-60.8627911640596,-62.1702245081102,-61.8876830920358,-61.4258915610175,-56.2688036231248,-54.4031510351417,-52.6706251383988,-51.6809632773437
-53.9180854503126,-53.516207349929,-56.0523488210848,-54.451371006144,-55.1646631279541,-53.6277122337663,-51.9418629887607,-49.6688643557944,-49.3565427161081,-47.5610414845796,-47.6013115120437,-46.1228988648232,-47.0467219062234,-46.0223193157066,-47.8530125862004,-46.7925509148753,-48.8881854222661,-48.5151330885291,-50.4877647883114,-52.7652465791068,-55.1335081666071,-58.5424943049382,-57.9438821804774,-58.9224461888473,-57.451056554392,-52.5978341356816,-52.6638629142029,-50.764668152081,-49.2138348948057,-49.9597378389111,-48.0507745673652,-49.8182306352261,-48.1319296214025,-50.7825448668997,-49.6281434698598,-52.1401940377838,-52.232619767908,-54.5400130457825,-55.6906022994153,-64.2003135013068,-61.1325926928185,-61.6610465145655,-62.9713561629424,-57.512006055087,-58.2503800626023,-55.907308340211,-56.3725284096572,-54.4487742102421,-56.0068954698887,-55.0851945730116,-56.3221768882243,-55.9413134356411,-55.8785647865302,-54.401063098937,-53.1915648275982,-51.5414222822676,-50.8070811703792,-50.2394702591993
-53.4822700445964,-53.8219977807958,-54.6578075675336,-53.2522631969264,-53.9829137053186,-52.5555204430514,-50.7595965993599,-50.3311590448076,-49.0729535847673,-47.8220615504116,-48.0709148116426,-45.8607500182354,-47.9695782554702,-45.5901206739353,-48.2648565619126,-46.3588045745673,-48.7786650764821,-48.0541562109429,-49.8393477997977,-50.3879157326053,-52.7042538822851,-53.6966462510754,-54.9244759923214,-54.6958992285545,-54.5505296428473,-52.1916644495608,-52.3683089280247,-50.7704273518048,-49.7602661681188,-50.37215165492,-48.2309083095446,-50.9780671509236,-48.1005310046202,-51.7453129526819,-49.2745060613559,-53.2326240410057,-52.0711443493716,-55.7770952584998,-56.8471818353191,-67.5462801292023,-66.1650455037261,-67.0060966182749,-73.3693796940438,-60.1664790066696,-59.0061693655389,-54.5274555519933,-55.4902140851146,-52.8952081042301,-53.293719075089,-52.4076592516848,-52.6446412790587,-51.892416396188,-51.9903338780822,-50.3867780119431,-50.3982592161319,-49.1779279529404,-48.9495051905908,-48.7561603419031
-53.7584843245736,-55.866094056943,-55.1356210895516,-54.5000658040338,-54.3283508101404,-52.1704005025193,-50.848257604564,-51.148774373064,-49.1946162867029,-48.6995085083062,-48.8268499018559,-46.7487933466534,-48.999968339704,-46.4310130313026,-48.4601209204951,-47.0739708505775,-48.5461688108826,-48.4680039734679,-49.5865270636253,-49.4738738451971,-51.0739432713474,-51.7480435160336,-54.1025058974741,-53.1098616402978,-53.257715497959,-52.4737290024235,-52.4928050670488,-51.0448693136623,-51.0029402465902,-50.5374736858763,-49.3680970650241,-51.540281336066,-49.0164762006052,-52.5044778631576,-49.9965241301214,-54.3961848488456,-52.5391016341731,-56.8332622225014,-57.563704039385,-65.5918090619016,-65.3520925622457,-84.1270585640238,-61.648198691707,-63.1401257800771,-57.9846232913459,-54.3675543086297,-54.0800445893437,-52.4182204459123,-51.3110253566738,-50.6381205886631,-50.0428874774116,-49.3046244520778,-49.1529015680216,-47.877466746904,-47.9773433440103,-47.3252967089704,-47.3218380995765,-47.4708854586959
-55.1404895902166,-60.2152385276822,-58.154868790046,-58.5029369883789,-55.655032061947,-52.6255725325949,-52.0333964148091,-51.4662805084501,-50.0261221805481,-49.9628181217618,-49.939173954606,-48.8819711403942,-49.9124719877677,-48.5898135476382,-48.651108124349,-48.8061176341137,-48.3506328038502,-49.4754818967845,-49.5546064989772,-49.9165812137069,-50.6952960564638,-51.8585036485133,-54.2824049277295,-53.4346994560875,-53.6205989641214,-53.7155134603916,-53.2999581379031,-51.765656843729,-52.736883265183,-50.8342282397597,-51.4906735911417,-51.5844549438965,-50.9810514184465,-52.8797111227844,-51.7202243908204,-55.1954362988458,-53.4175063526658,-57.2250788214697,-57.5593172431069,-60.8856853901387,-60.879930757098,-64.5307469470927,-58.243960927148,-61.1326442326241,-56.3747261404349,-55.2056953553117,-52.8816384295475,-52.4847111408671,-50.1450398395556,-49.5948173301826,-48.3605201346145,-47.6922448444757,-47.0801858707679,-46.2978767018482,-46.0721329974167,-45.9123407799622,-46.0086828351681,-46.4357962791855
-57.0903108309779,-65.3586442505795,-68.6881588873439,-64.2967385405155,-56.4787522914135,-53.6613891247868,-53.612027696858,-51.4869261563023,-51.4958316366054,-51.5089576210834,-51.294965678849,-52.4763869824562,-51.0558836318641,-52.08177808829,-49.4788152765073,-51.2483450253103,-48.6734237061092,-50.6345719848103,-49.6764822656947,-51.380942453381,-51.3534337666161,-53.6773648407804,-54.6843529340147,-55.9949528951585,-56.124282813725,-56.2428418850111,-54.9197831440872,-52.923199630064,-54.2482257598308,-51.6030929137815,-54.3656582056978,-52.1244632216657,-54.3990271749902,-53.6995579535373,-54.7935607725788,-55.4816089710023,-54.8581040699353,-56.8547773590616,-57.2530861814931,-57.4060444925273,-58.5025071750034,-59.9994692582969,-58.2495300282609,-58.6772246142781,-56.0670850961136,-56.4240021409792,-52.6931366588441,-52.425346884484,-49.775857293321,-49.0217831115971,-47.411543229659,-46.7406619036195,-45.7162289408112,-45.3638464375531,-44.7873542223532,-44.9256096224688,-45.0601327950864,-45.6404437404896
-56.5540547171513,-59.9908049922836,-62.5981099761097,-58.9974386110284,-55.1968113909928,-54.5515115931867,-54.1153391699022,-51.884721186028,-53.3553109729562,-53.8348967046483,-53.2010493412913,-58.508314068701,-53.4810768489667,-56.8647199100642,-51.4875297128701,-53.8391253401413,-49.8768370728495,-51.512879161492,-50.0665725250707,-52.7803995102942,-52.3414711128755,-56.0639986282238,-55.0529125317342,-63.5688512467772,-63.7333377618655,-60.0349952971193,-56.579089940535,-54.1537126176088,-54.4989350101699,-52.7699394706167,-57.053553646955,-53.6197469548056,-60.2806329950557,-56.4161676700014,-61.2979724385956,-55.7133853849215,-57.2498634456498,-55.9195806856649,-56.8168980105141,-55.2505545572875,-57.4021241744306,-58.3491608079566,-61.0150264357789,-58.7903812898388,-58.0233229384324,-57.1591691936376,-53.8586008607988,-51.9480812031613,-49.9818089613777,-48.6530795196476,-47.0310798975088,-46.2664107529837,-45.0799702837758,-44.9493538080583,-44.1998439051289,-44.4056369870715,-44.5237747713085,-45.0851226982061
-53.6685042912742,-55.2502041990668,-54.7117381700354,-54.5299511754593,-53.1837526505674,-54.5210841350262,-53.2947684214578,-52.7689306822015,-55.351102493391,-57.7012007112367,-56.8631234272086,-74.7052383284134,-58.9661665104004,-63.0909471717536,-54.6222140294307,-56.0073189622829,-52.0003132965141,-52.0141130285291,-50.8736646939025,-52.4272875045173,-52.5892754927048,-54.9407996779344,-55.1374121029054,-63.9376402709604,-65.1181426195391,-60.621612752115,-55.433315021793,-54.7200490652848,-53.4360889142022,-53.7305675545385,-57.9096248993712,-54.7826449959311,-66.5229153608653,-64.0462496674854,-72.7413841229036,-56.5857722688572,-59.3841717795461,-54.9034010453314,-56.0786539313557,-53.8470828566063,-56.5626460597433,-57.5083123998867,-66.9474640293683,-62.723135450158,-64.096921948167,-57.346577400264,-55.9241039116181,-51.3957926865552,-50.2494092362344,-48.3712424765755,-47.1068743716194,-46.2374291877774,-45.2237179279991,-45.0670415674762,-44.3851153183475,-44.4295888815249,-44.4569593316408,-44.8136701591159
-51.3585463745212,-52.3294662411849,-51.2809134883736,-52.0735311743682,-51.7359641102399,-53.5452009906263,-52.3755039830742,-53.4832003703136,-57.2200004626397,-59.4974470211874,-65.5889036023217,-64.066848711694,-63.6912901980164,-74.0261543130912,-56.7993494496948,-57.8092746088588,-54.4428670023952,-52.4373961879461,-51.9594074772727,-51.0419975314457,-51.8893998749161,-51.7256177174144,-54.0815586946756,-54.4453475990949,-54.7978938614542,-56.2470842621744,-52.4453535074025,-54.0413132900639,-51.9778356141731,-53.8034246684688,-56.4388894785295,-53.6128861561163,-62.1346924369294,-63.0134052050952,-58.0535366216616,-58.3862951638085,-57.4868151791413,-54.3264067594724,-55.0503403452904,-52.9391655414868,-55.4145642779286,-55.9092543646206,-67.6777378200547,-66.7837229204508,-63.8855389893812,-57.0469830958452,-55.5532529662346,-51.0303781844207,-50.0700256008799,-48.280781998569,-47.6201388061599,-46.7752734909894,-46.2452013635954,-45.8658015496626,-45.4412011994254,-45.0998793247305,-44.9236540746567,-44.9002495072244
-50.0856644780697,-50.5298514307128,-49.7659833280914,-50.7134961189576,-51.0167685585823,-52.1309773395994,-51.7776665656174,-53.4472087512964,-58.3339883737204,-55.823632058659,-63.5566297546997,-60.7690692856881,-57.520605984962,-73.9735204708569,-57.2074756925967,-60.3433920109604,-55.9758508390386,-53.1490464836849,-52.6045416593389,-50.021106448505,-50.7993080683529,-49.3823439151173,-51.9056225096913,-50.2895576783532,-50.5182508844679,-52.2660819267649,-50.1016411763023,-52.2180674326957,-50.7127147027209,-53.0281023423992,-53.935495462281,-51.9865275707103,-59.5177112278918,-55.983899045625,-54.4278821786288,-59.9742763350962,-54.8984991360238,-54.5292842443217,-54.0900933051343,-52.7500246850945,-54.1829108274659,-53.8178759734199,-60.1725304786075,-57.3002781138475,-56.0602738681413,-55.2451035328926,-52.3424676294494,-50.6837712284004,-49.5597964645016,-48.5674623312025,-48.64441552644,-48.1236411012573,-48.3541629382338,-47.6561329550648,-47.5139118744592,-46.5318266902711,-45.9630201836291,-45.4017629410216
-49.6524914146864,-49.6186766330068,-49.5361681945893,-50.1697078021161,-50.9134566928165,-50.9196771642144,-51.3810663706645,-53.1744059077563,-57.5209331734273,-53.5552636586066,-57.1925740953099,-64.4194977788634,-56.0130599795878,-64.9857778891275,-59.6020055190606,-66.2382263806871,-56.5022543717294,-53.9521691688746,-52.1958479204865,-49.472527097561,-49.5960610056382,-48.0786589046281,-49.6345476046491,-48.0807227374071,-48.2236930883921,-49.2130891197547,-48.6575348419566,-49.9388781512938,-49.7312122820399,-51.8352165803881,-51.6645343512557,-51.4207925143966,-58.0146185647739,-53.7305071834758,-54.2509758816369,-59.3510178762485,-54.1307563901914,-55.6151078150547,-53.5828941927572,-53.5407197374825,-53.1694420779099,-52.2606430437315,-54.6392040120133,-52.4665421901855,-52.1048565994118,-52.3207411545905,-49.7302073541286,-50.0993881318703,-49.1670268165819,-49.3030823806306,-50.2273148350683,-50.6282288952697,-52.0963755213076,-51.1016665294272,-50.7766522524409,-48.7816148125229,-47.4907621558218,-46.295427724285
-49.8784956629613,-49.5544813914337,-50.3480686541143,-50.4672612938321,-51.3797312573967,-50.50164956766,-51.3246996523829,-53.281152760935,-54.9648357616572,-53.0071283446512,-54.8191140083659,-64.6279402563908,-58.5411656473837,-60.6931554326192,-62.6967001578532,-64.8915048400441,-56.5239349145825,-53.598842425196,-51.3372147093676,-49.0453256387447,-48.5403234420481,-47.605915770641,-47.8236996177586,-46.9911592276095,-47.0088533742759,-47.0397793812801,-47.7844569479718,-47.9272697317773,-48.8986888046937,-50.5346548346764,-50.0243583284698,-51.8116822197512,-56.8371022797727,-53.848041588762,-57.4344710718961,-58.4774835556156,-55.6477324646384,-56.9623143062712,-53.6567116061775,-54.6126569898768,-52.2828355876407,-51.4555818994481,-50.8593212015943,-49.9599880899692,-49.8869296441421,-49.7360596251158,-48.2705770339303,-49.3314421043872,-49.034672831064,-50.268010122333,-51.9915684974934,-54.4734978332835,-59.430708707299,-58.4098525834147,-54.7556597410228,-51.4341728739437,-49.0933292913991,-47.4260636903157
-50.6499415497553,-50.3596933238566,-52.0771399629418,-51.835693278225,-52.6010975080353,-51.3599899567381,-52.1177665626982,-53.6795383370939,-52.4044966806495,-53.1613622922144,-53.7653361146199,-54.7918032398415,-61.0982511563455,-58.1185972560652,-55.9948698185092,-56.7719379811291,-55.6891830469475,-51.9649832400382,-50.8307260175976,-48.7572031654554,-48.0305664460147,-47.8147390548049,-46.6684191732917,-46.6641784952446,-46.4703525221739,-45.7533227666911,-47.1369012677246,-46.5484595097318,-48.093376554758,-49.2758468735925,-48.9160863413897,-52.3665451612959,-56.3864701606411,-54.8709782577116,-68.33776984044,-59.6721064174927,-60.2263884392451,-56.5459402877289,-53.9363860899225,-53.6045316309014,-51.3271583433005,-51.0137841170474,-48.6090481002728,-48.7890488950597,-48.6610394872564,-48.0374678632203,-47.7552320120505,-48.6142212866357,-48.9919970581074,-50.828951649432,-52.5985437242058,-56.5122357260511,-64.6523747969142,-64.5820691414103,-55.65256939079,-52.7295168436912,-50.0658046429563,-48.5605867402678
-51.7628233933162,-52.0058124848203,-54.5354070830722,-54.8706998737033,-55.2011820781973,-54.1056243968967,-54.27153076136,-53.7495713028408,-50.7713568373468,-53.0713884589,-52.9836804907216,-50.4582564686134,-54.9838187803343,-56.4910995065098,-51.7675657332119,-52.6298123081734,-54.2265823333696,-50.6645711552879,-50.9604471402926,-49.1272941949749,-48.421394314485,-48.632004488672,-46.3300778097041,-46.9105965722775,-46.3779272075945,-45.3206014649975,-46.5398062433426,-45.8694361038216,-47.3270047041717,-48.0888602452528,-48.1376808908935,-52.2408134163038,-55.6443247610229,-54.1597848400594,-61.3145151706829,-63.9812673589815,-61.1582884776129,-54.3912132498669,-53.5291974522451,-51.1863742253089,-50.4024717133533,-50.4254285936315,-47.7270232793184,-48.4900388953956,-48.1530103025598,-47.2969968577523,-47.958421888278,-48.1165013975673,-48.8923281766167,-50.4751108731884,-51.4924037929389,-53.4869781952798,-55.4716960719626,-54.5023460303774,-53.3888267799031,-51.9321611269397,-50.3478876638119,-49.649215872575
-52.6389611531044,-54.0832253031078,-56.9031048306743,-61.4680907490768,-61.2527447278835,-59.8739153744961,-56.9075567204363,-53.1415183437172,-50.2428215930981,-52.5551130827032,-52.1268421062733,-48.6932329732904,-50.9584008204786,-54.4569841397011,-50.1320834581604,-50.4807709791643,-52.7476664922719,-50.5372436504703,-51.7554661462042,-50.7960399129745,-50.0313804091056,-50.0743068202264,-46.9939528511647,-47.6047078989429,-46.6023219100834,-45.6261265118555,-46.0249436655974,-45.7885111241227,-46.6977382042109,-47.0345386609365,-47.6307574784897,-51.4720858612362,-52.7882391899657,-51.868417433795,-55.3521082409397,-60.9609580673188,-55.0241688687283,-52.5449132760809,-52.2641583495286,-49.572395870871,-49.8304347467069,-49.722807222497,-48.1144055387188,-48.8176503601321,-48.324257878178,-47.5415250777403,-48.6840842873222,-47.9856290349966,-48.848417032217,-49.6262658375787,-50.0969643801083,-50.8540300335313,-51.7333522519628,-51.008822878507,-51.6851254594171,-50.9917994180634,-50.7102552415007,-50.9917402900335
-52.6138719115088,-55.1952084051679,-57.1743466428447,-64.5325554663273,-72.3544967919217,-61.2086055236624,-55.4112687209612,-52.3122017639127,-50.6569893094617,-51.600749558495,-51.0220202574582,-48.6286361618178,-48.9370610500966,-51.5402698972472,-50.1308231336393,-49.6383662754843,-51.4466357657613,-51.6683157314053,-53.2080085472268,-54.4910765475162,-53.3896490424285,-52.3001325827954,-48.8269056277794,-48.5518047073647,-47.0791083395374,-46.4274447225098,-45.7131399009603,-46.0957370652312,-46.3041694498047,-46.2998858227196,-47.5114199173518,-50.5274444062973,-49.6980883532854,-50.1984157946082,-53.2148891095184,-54.7101866119278,-51.7714901138379,-51.6322737533919,-51.0518012949042,-49.2421093195459,-49.8616729784182,-49.4340229797848,-49.7304305408699,-49.7596648212899,-49.3052200862627,-48.883587092767,-49.7700587983937,-48.4331718831932,-49.0817487269048,-48.9880189735274,-49.2747307572169,-49.5487703036849,-49.9861652899232,-49.7408816912955,-50.9352997539697,-50.8225327777931,-51.7041949010698,-52.9782477126633
-51.9642674314801,-54.3624327523068,-55.3574308213706,-56.2855455785729,-57.6667687341052,-55.4858161953252,-52.4744683302126,-51.8263947874725,-51.4829001619586,-50.2006630210429,-49.7657875540901,-49.7493964179117,-48.0968234418531,-48.9976963644086,-50.8294325255503,-49.8343000930001,-50.4951948079824,-53.4237935036855,-55.2361431089541,-60.153313975694,-60.1689927271644,-55.6212862664469,-51.6555603433298,-49.3546024559347,-47.7459184869304,-47.3292229262804,-45.7096303118979,-46.5284516895667,-46.2153899271176,-46.1042237947915,-47.9084001074927,-49.7296286841723,-47.9566414885513,-49.8028410900256,-52.6480459887605,-51.4383204022731,-50.5984714893013,-51.5473831388746,-50.5191872184794,-50.1099764838261,-50.5808477718782,-50.0051955021175,-52.5635532178226,-51.6020098830059,-51.4221385531698,-51.5978125701854,-51.1314208414936,-49.6971381129137,-49.689947046713,-48.909779470907,-49.1350311334131,-49.2178459221785,-49.3474320618306,-49.7174488064807,-50.8815210640411,-51.4138820516116,-53.2993653648964,-55.5511337636996
-51.4135441381943,-52.8278301814261,-53.3847965042567,-52.7833056345206,-53.1997876325276,-52.8115565300288,-51.1507044213909,-51.8982858118821,-51.9452516170419,-49.022818925329,-48.9109449500274,-51.3403848688484,-48.1593107978595,-47.6361390265329,-51.0649391848275,-50.8976501618569,-50.2047997840102,-54.0497873645774,-57.0617555213571,-58.887706757033,-69.2317280795799,-59.1093146135174,-53.5971089842895,-49.6342682710741,-48.4490282289479,-47.926792469902,-46.073186705737,-46.876046558313,-46.4544359659322,-46.5736043979067,-48.8114067873218,-49.3873727975143,-47.8588735129691,-50.8894075344597,-52.8590541877973,-50.2527236911044,-50.9920301972545,-51.972244780595,-50.7852508004924,-51.9236777006114,-51.9002017143193,-51.61528191368,-56.5363809901931,-55.0068903030142,-55.4680570742752,-56.1505838720983,-52.8168515227145,-51.8760107027759,-50.6048672728606,-49.4786715480021,-49.5725338640124,-49.5592295568092,-49.4689619135262,-50.4856308960366,-51.307447782535,-52.5172325221028,-54.8652858306121,-57.3365469547471
-51.2287349448304,-51.5972611510753,-52.0160003360062,-51.5400166663343,-51.5326281071612,-52.1217203378003,-51.5318861023442,-52.4432323755283,-51.9465036385224,-48.8158316527368,-48.9677305247928,-52.3256574893311,-49.181874258668,-47.6675221144621,-50.6491357476378,-52.3009669042206,-50.8259156597411,-53.3307403548182,-56.8187141803801,-55.8895143808016,-58.9917299928231,-57.2406838919369,-52.8594053030787,-49.5595049122369,-48.930212741407,-48.1156515067649,-46.7998318839457,-47.0768255438671,-46.9627737863252,-47.6677529885815,-50.0076172914619,-49.7359716102855,-49.5437535007591,-53.9449534710852,-53.7390538190998,-50.9126570181084,-52.7401401343359,-52.4941892309408,-51.6998143007679,-54.0748903991058,-53.4822810737472,-53.9765284580531,-60.9405883354226,-61.0982555965553,-64.7320849454774,-60.995139942556,-54.9533033942063,-54.3360557207507,-51.6976920985548,-50.6540310680323,-50.4355496734758,-50.3427632028855,-50.168060347605,-51.6918035312552,-52.0736576889386,-53.8470488862164,-55.7710188591884,-57.3324043917508
-51.3123623449383,-50.9673366823817,-51.4212239154325,-51.8510714853926,-51.7487432527795,-52.9308989280934,-53.5269166285617,-53.2176272782106,-52.1400050532516,-50.0029786157927,-50.0960938264505,-52.1344673761129,-51.2232259271516,-49.1986657339695,-50.4280172141958,-52.8225677157971,-52.3998246728117,-52.9857178014628,-55.0575136101732,-55.2887621808899,-55.4226571845219,-53.747858235229,-51.9584697002542,-49.648910986695,-49.0821863576346,-48.1458663033052,-47.7915520704571,-47.221585925567,-47.590929467689,-49.0948284835564,-51.0853985381596,-50.6456085892365,-53.0265385622388,-60.7994299952618,-55.8155331467494,-53.78480582188,-55.1600129881376,-52.7969995275354,-52.8894251718498,-55.3003527552025,-54.6663458017432,-55.6760485068659,-62.3258978044471,-62.5849853562023,-67.0808573502946,-59.2486298027403,-57.3201833714963,-55.2328469258574,-52.9342512709376,-52.2844632744521,-51.5656165649527,-51.3858697468345,-51.3315603758441,-52.9868541428121,-53.0944407939024,-55.2292777726431,-56.5222467908351,-57.4935446796357
-51.4520510417858,-51.0164436684476,-51.6707969979602,-53.4399323056559,-53.8696390361732,-55.3377184754752,-57.0807043083338,-54.1057599588549,-52.9824522851919,-52.857184412585,-51.9825031232847,-51.4426021527551,-53.6305468779624,-52.4472429616653,-50.9676693589363,-52.3664987184873,-54.5980769126166,-53.6878847891243,-53.753638331199,-56.0841762809386,-54.2186274056008,-51.9530038326605,-52.2124673384708,-50.2398846140923,-49.1946786830201,-48.3669260365077,-48.8371505668643,-47.4884671755893,-48.1905440193705,-50.2595577083064,-51.4739248857486,-51.2151835820292,-55.3655581517034,-73.6952481937607,-60.500188304097,-59.8209878831425,-55.6098629201157,-52.8298925873902,-53.7481179969885,-54.6931901609617,-54.8879027444613,-55.6300038853924,-59.7536425652866,-57.6892404059843,-58.704897525191,-57.4645899369178,-58.5963666227222,-54.8953987566854,-54.4223968042336,-54.0786515918379,-52.8245522499057,-52.5633690684422,-52.8621731030338,-54.0819589078853,-54.2786217948249,-56.6310232151813,-58.0449391057366,-59.3873489009429
-51.4233199271369,-51.6043081344007,-52.7398751217309,-55.8021360538033,-58.7665922635797,-60.3685473136699,-61.1970752176012,-55.3288530620882,-54.6105692038157,-57.4944227364584,-53.9347697108468,-51.3487908308315,-54.8373686386016,-57.9681696147516,-52.568899691077,-52.4422731274463,-56.6479623040495,-55.347075720269,-53.5746210882221,-57.0543151826258,-54.4782466859242,-51.9617435846969,-53.6759608313719,-51.4232654934621,-49.7235650832987,-49.0176758862652,-49.6769245391877,-48.0570227046785,-48.74651674842,-50.5821674917443,-50.7990075279987,-50.5533643131627,-53.1751618685597,-59.9306021683466,-66.1311901441721,-58.6940759445441,-53.6417614371994,-52.6983140007697,-53.7399292214488,-53.1586964435647,-54.375697899419,-55.2729168931161,-57.1669396643352,-55.7262215788833,-56.6428916190117,-58.0046625349281,-58.3099213905746,-55.4359703708019,-56.283879497734,-55.6686225366681,-54.1325336050659,-53.8331958948769,-54.6018008317681,-54.8735694025846,-55.4677697773016,-57.9576528034976,-60.5896459136485,-63.868990848917
-51.1107536871151,-52.2011875723099,-54.1914965739496,-57.2020507828707,-66.277388546173,-73.0404737960083,-61.9910623894654,-57.1314743110188,-57.0013053763595,-62.6079620153386,-56.2578617700672,-52.8617153549354,-55.643990633973,-67.4618318636725,-55.6854030366713,-54.0167314015944,-57.946572845678,-57.5018021072535,-54.6763171412856,-57.5684162399525,-56.2134607110636,-53.9857870209643,-56.3146594183995,-53.1560388974267,-50.9827567557803,-50.1017147524807,-50.1871958768698,-49.0268728605613,-49.3403673123203,-50.1108167929887,-49.5716834813549,-49.496695243975,-51.5602965606966,-55.7740392853202,-57.2258860517337,-53.1636842486492,-51.9046535709042,-52.5047572250925,-52.9793822203914,-51.8501424467519,-53.7737431172351,-55.5296633349483,-55.5935368160971,-55.7813562372343,-57.2180280940361,-60.7958178020527,-58.4645686009405,-57.9366752861512,-58.4495145777664,-56.8831087211048,-55.4943435639774,-55.2156123669099,-56.240368637936,-55.4642756623421,-56.491296237186,-58.8913137911921,-62.3892374045626,-66.5132342645398
-50.7270275901878,-52.2418276005148,-54.7843352847735,-56.3453684528638,-59.5889844832555,-62.6172135473427,-60.1740435573609,-59.0026146920941,-59.1418231885921,-62.9014119842743,-60.7241187455015,-57.662269295017,-58.721783256799,-74.8034181761452,-61.0781566926316,-57.0774139298704,-58.0937310357444,-59.0148483743582,-57.1398497020996,-58.2605938353198,-60.3008148544904,-58.8643895682156,-59.8945914399308,-55.3018749187805,-53.0215429286052,-51.3243764495107,-50.5228191158501,-50.3667555297056,-50.002915266833,-49.4624386298132,-48.7050580448258,-49.1415407008775,-51.5521552168768,-53.1019154607062,-52.2392859572815,-50.5268391989502,-51.0978102777791,-52.3239623196511,-52.0774055070908,-51.2089305563363,-53.4945391500028,-56.2738900441667,-55.0263952911092,-57.1683352014142,-59.9137869979583,-66.3655300635407,-60.6656457377613,-63.7990355536809,-60.4870713876277,-57.9607513606661,-56.9763487069332,-56.6768705108117,-57.3367991596853,-56.0169691203188,-57.313019628205,-59.128951784451,-61.006872760359,-62.0000092640718
-50.7529142428347,-52.0451717984187,-54.0419426110069,-54.9373189646634,-55.4433747219288,-57.016803288205,-58.2185781304466,-59.0816398779998,-58.1665684424823,-58.3781214030692,-60.4342633238052,-71.0337253905625,-70.1321758331415,-73.5730575118513,-66.3142645539583,-58.7439358594602,-56.8812923591872,-58.5017135521238,-60.6853257132283,-60.0921780677315,-71.2617896434598,-63.6249717409604,-61.1277078665302,-57.5401348058175,-55.3835885211748,-52.3803136834073,-51.0318207142162,-51.911848976281,-50.7323565300927,-49.2801272958432,-48.7701287256934,-49.9040967803258,-52.4485570780225,-51.0832769567514,-49.7362818334183,-49.6641789106436,-51.1531835575858,-52.2165849203524,-51.5279959091641,-51.2608239063002,-53.6136718924785,-57.1138334309463,-55.3177049471196,-59.2894301081392,-64.4742037490401,-77.7343978129024,-67.0105561316761,-75.5287192870758,-62.0144098845008,-59.4032035886894,-58.6248704683709,-57.9607292408026,-57.6059093873839,-56.5833085617949,-57.9363637565031,-58.7388241835529,-59.1227967236152,-59.6831479213376
-51.6819759364527,-52.4187547080167,-53.2469888481296,-54.0281289723478,-53.6320514010265,-54.2042572568677,-56.0229132135991,-56.8662000246046,-55.4204197767034,-54.3137164891024,-54.5171289266932,-57.1783157192,-62.7160141096919,-77.9834502598157,-64.7682038264159,-57.5437536539133,-55.5622108535689,-56.8765161787311,-62.7844228047417,-64.0929568346358,-64.6412468494696,-58.5573796450608,-58.4678058382911,-59.2764643839908,-56.9787319619135,-53.5359992578026,-52.0733448293881,-53.4336903641158,-51.6630525378587,-50.0168611345045,-50.0657727145043,-51.8469119370716,-53.0585037810149,-50.0306474920371,-48.9579866367612,-50.1400055692932,-51.9456348795325,-52.260989215423,-51.5690350937263,-51.9069560920126,-53.9216557468894,-57.4462368716625,-56.0548363599402,-61.2373192020893,-67.2474212713231,-84.7212952774784,-80.9653108601802,-67.3187042399554,-63.8054763279768,-61.6607526117023,-60.2593062454081,-58.5603270080369,-57.173414002763,-57.0086215518949,-58.087847946445,-57.9705951234174,-58.285010046141,-59.6730439327388
-54.0249127748199,-53.8722680052945,-53.2328946850529,-53.6648364637437,-52.9458950367195,-52.5317010688373,-53.6325257855559,-53.9934387586154,-53.1372879617736,-51.9439782239257,-51.6482833676067,-52.7216040147862,-55.6696459318724,-61.7510144369477,-62.4081454813306,-57.115440840795,-55.1961023429067,-55.7383369817724,-60.9504502047144,-64.9938440813438,-58.5064894150561,-56.2592099209066,-56.5916382021244,-60.0493789919567,-57.5643998425988,-55.5026597793906,-53.9344024095198,-54.7899208815565,-53.1059269463563,-52.0161778045158,-52.8203393147105,-54.4283528253488,-52.8023677425545,-50.2096525264169,-49.8015573960929,-51.9352888091232,-53.3185179616173,-52.6017426262358,-52.311941888085,-53.145456319974,-54.1253089054058,-56.4397879327205,-56.2578489377876,-61.5601059778812,-65.0209577248596,-78.1827552462611,-69.3684149402399,-67.1210387761512,-67.637102500827,-63.7499204510887,-60.9078377209789,-58.0873866646813,-56.3287367250488,-56.8856487455758,-57.2913910608133,-56.89279801343,-58.2721302080793,-61.2954329334009
-58.7231230407024,-56.4832609652589,-54.0289903225095,-53.6424816558789,-52.7882687670287,-51.5545019993948,-51.5780762037075,-51.5545279245554,-51.4993835116851,-51.023984544859,-50.9639923195323,-51.2972667980431,-52.5186853337868,-55.0000089489291,-57.2706942607798,-57.0000100239769,-55.8741061281286,-55.650088917982,-58.3305004807553,-58.8883052442801,-56.3965360901716,-56.7956783563876,-56.4111117109677,-60.0614825177946,-58.2348780082072,-58.9798729356631,-56.8626405333675,-56.1233545356101,-55.4485277001378,-55.6523541775929,-56.968287921686,-55.7044782517146,-52.4984096628484,-51.708803560751,-52.5481583747641,-55.3302542149781,-55.0013067582257,-53.463305414943,-53.8509857251547,-55.1267651366967,-54.2494533310941,-54.5863429203894,-55.4407773598788,-59.9493628098317,-62.1048240709933,-70.6439745926923,-74.863969384967,-82.2791298266533,-67.7074564371618,-61.3588117840465,-59.1856325872465,-56.6122301836653,-55.1290895712973,-55.6885538529535,-55.4684716444904,-55.3800926053146,-57.7331474970985,-61.3920562944748
-67.7932603492602,-58.9765037424684,-55.0709664753913,-53.6762307894424,-52.8038738577342,-51.1988848936576,-50.3218092682285,-50.0520542258694,-50.4753422741566,-51.0924440348302,-51.754576615267,-51.4145956959657,-50.9326170602054,-51.3685060951522,-52.9926765382851,-55.1375906630717,-56.8150941321755,-56.6911898222059,-56.583713937776,-55.5471018093148,-56.5142034256268,-59.755880826762,-57.7584571377129,-59.8676066710269,-59.7256568501259,-64.5500259680751,-61.2194684063569,-57.9862580841398,-59.1679189043163,-61.1059850194519,-59.8907397494134,-55.3351551140261,-52.9745647994328,-54.4251902344812,-58.1974868526529,-60.6097690069656,-56.7561768560375,-55.1486890128808,-56.2426839421151,-57.5143140386717,-54.6565359315725,-53.2091150426559,-54.6280471025672,-57.8428744872449,-59.0545679986725,-63.0054066809483,-66.7603498174853,-62.7396993795776,-60.0354141402877,-57.0330345725889,-55.9714434070383,-54.4557324569994,-53.4253113343934,-53.4315809516412,-53.0640296202839,-53.4051665284426,-55.2551636236108,-57.2578651562092
-62.9994017091905,-58.4890225467143,-55.3969414415237,-53.5638799722563,-52.845553830626,-51.4956839341806,-50.1212540655313,-49.7363958866603,-50.2629301390831,-51.699913381647,-53.2527190374777,-52.3902622184329,-50.510680160723,-49.8085797877253,-50.7456893035529,-53.0024334888693,-56.7365350218601,-58.5815023530033,-56.3210717967352,-54.9256220015107,-58.6865495162343,-64.7412792119941,-60.3117887917029,-59.9799900763671,-62.1041620026912,-69.7196772999627,-67.3418092336425,-61.1642641584311,-64.7131351137023,-64.0603273998679,-58.9733280401139,-55.4397022017356,-54.630847142862,-57.7814863969925,-70.4768057895088,-64.2982490702147,-58.9034601616299,-58.1319685718078,-59.0666015542966,-58.0667382797316,-55.5903251911263,-52.9720205802361,-54.6582749135315,-55.8939162024802,-56.2189365833301,-57.461744781693,-56.9503556116951,-55.6643232435307,-55.023570340486,-53.5291879782965,-52.7844954235065,-52.0000289430394,-51.2856793024291,-50.8264532815225,-50.6112643138705,-51.2157196435009,-52.0516394895656,-53.1992485090581
-58.0307556629393,-56.5971007432756,-54.9071765553299,-53.4012596864992,-52.9856472978084,-52.4760373355406,-51.1629465360729,-50.8126659635774,-51.1703259060014,-52.6591452838505,-54.3195397606196,-53.5788943058006,-51.2536436750985,-49.990896919856,-50.3238233107196,-52.1026602051067,-55.8262274096272,-59.8857271016105,-58.2694150741447,-57.3497935897774,-63.8266404441676,-68.0535331523867,-63.5286186689642,-60.6063924399057,-64.041261303179,-67.9556332628939,-67.412282262751,-64.2570177930813,-65.8703841328744,-61.3771208963043,-57.9269449477961,-56.6476319755518,-57.5316177076766,-60.8192114994115,-66.8076843969467,-63.6922365779817,-62.6552988342265,-63.4960692894789,-60.6672366776977,-56.6860081679643,-56.7643832157383,-54.0914759219185,-55.3171195242064,-54.1060249935135,-53.9141378229765,-53.6306266263521,-52.3069656547294,-52.0270232079902,-51.8032498271226,-50.890825610397,-50.1516055894354,-49.6349207234632,-49.0970065736731,-48.4976680504084,-48.4721629752794,-49.1361458078054,-49.3832832828525,-50.2861283770971
-55.7182073802307,-55.1982253563469,-54.4259059988113,-53.51000862164,-53.4552875446822,-54.159270826821,-53.720349668464,-53.6423051827272,-53.4851129482531,-53.9378583549982,-54.16305479731,-53.897252603737,-52.8189570824071,-51.7119512246704,-51.5333820180438,-52.6121571308075,-55.1785026793507,-58.9096362420109,-63.5521792091443,-66.5304098806397,-73.8635015118942,-67.9710405558596,-66.145736282202,-61.2762330816893,-62.9795688365014,-65.3382227902376,-62.4959823214285,-61.0215768055676,-60.8482556525378,-58.8545109856035,-57.4277119594263,-57.9242033916774,-60.1403999217768,-63.3048865024177,-65.4874926071837,-65.8627857920034,-71.8422770708119,-73.1341644068482,-60.8360446859607,-56.2141145797346,-57.3192843795332,-56.3931717200222,-55.2457778232677,-52.6618694462472,-52.2625952263745,-51.2352964063393,-50.004949374922,-50.1584974749157,-49.7303089272301,-48.9761117671181,-48.1838812647322,-47.666871472453,-47.2317414158704,-46.7156673925413,-46.8177251975606,-47.3811976952074,-47.4878574231935,-48.2992166789374
-54.4113701857524,-54.3042166802121,-54.3384340536675,-54.158841652167,-54.5321031508664,-56.566298344261,-58.4215174916389,-59.1849610706944,-57.0089197664243,-54.9196652496503,-53.2228250577663,-52.9306362854751,-53.6777004807315,-54.155235815431,-54.0242575325419,-54.3122897116201,-55.200588087558,-57.1887520598024,-61.9100929336317,-62.5477476114693,-64.5305861162113,-63.7949670471395,-64.007889809852,-60.8828227836809,-60.4312516774114,-62.1510251091871,-59.3705312178679,-57.391880392677,-57.3483863518564,-56.8467541461469,-56.8344081474731,-57.6410451459029,-59.5648666955255,-63.5509611738908,-68.500476716402,-73.5920323625986,-73.3740520450433,-67.1688507761387,-61.7317626088823,-57.7828823055488,-57.0325298965209,-58.0628473597808,-54.038268798819,-51.9471069242696,-51.385086466997,-50.1408781407927,-49.3122370239419,-49.4346597406768,-48.5136897133937,-47.7365892439231,-46.8997198057103,-46.2827797339601,-45.899287122185,-45.5563134403905,-45.6975667006848,-46.0600242538153,-46.287896908059,-47.0017997608132
-53.4823262724235,-53.6469137879963,-54.3817481744557,-55.2961390746025,-56.3618883089809,-59.6186137533738,-66.8325061208087,-69.282317269858,-58.9618442601424,-54.8325581061272,-52.4747070204177,-51.9660057510763,-53.0185108613106,-55.0111821082625,-56.1889082572657,-56.3981646009289,-55.7022127819923,-56.0953328311577,-56.1798818170715,-55.5806312393406,-59.4562314955904,-58.3916924037416,-59.3829491916059,-59.0314652518285,-57.7469655060768,-58.2352387896612,-56.9831181223174,-55.2569046924492,-55.0630376262673,-55.3116432978123,-56.0204326037665,-56.6139040717039,-58.2710516308246,-61.4021278670748,-65.5344232762806,-67.8074242348622,-65.1125131279679,-63.177518378296,-63.3883722450684,-61.797766518857,-56.7620585304516,-57.0833139998674,-53.2567030861567,-52.3290617125769,-51.4600118468605,-50.3176797408856,-49.8933208440768,-49.4106500756462,-48.0155687273953,-47.1663967060645,-46.2966059108637,-45.5810990385301,-45.2023523018709,-45.0273450466763,-45.1112468900053,-45.2336986765564,-45.6559828324306,-46.2185562671659
-52.8106645485645,-53.1445395650401,-54.1241256377418,-56.1451057257285,-58.2454355747793,-62.2088278567691,-67.4582373831732,-64.3264223872433,-58.0441340269811,-54.5262402269941,-52.56758960693,-51.9127929871538,-52.4298903526498,-54.0959888169777,-55.7169661790401,-56.745914846022,-55.9480019330618,-55.6733697889175,-53.7712057727331,-53.4472352901209,-56.857689415203,-54.8549700497511,-55.8136926139591,-56.3631578082059,-54.9360732176669,-54.5107343992961,-54.4741761632549,-53.7469389937173,-53.4337245683261,-54.1761419278355,-55.1648070168693,-55.9848127185007,-57.8983274413931,-59.9527990823395,-62.0454685347129,-63.224664115417,-62.5633636376947,-61.5776669549257,-61.5283777259441,-63.1678360830256,-57.0746726293962,-55.9413909879474,-53.9589336869773,-54.1994642141001,-52.7495168900159,-51.8244072029088,-51.380877654667,-49.6852872896922,-48.1587659851254,-47.2530337781532,-46.3639707812155,-45.6155085693014,-45.2070411436518,-45.1274867730191,-45.0602841614793,-44.9530954434304,-45.4763025877349,-45.8355820369293
-52.6067099438544,-52.9719817114645,-53.6812063475691,-55.6850250639011,-57.9008695790505,-61.238367859101,-62.3310015291528,-60.6692314721582,-57.5591991362645,-54.9770431745058,-53.5613211957299,-52.6931863711015,-52.5373298589739,-53.1746359508683,-54.1347948983085,-55.0679685991273,-55.356294042903,-55.5908021711047,-53.6647419437284,-53.8311030590396,-55.6026913287475,-53.0543952006996,-53.4561437419404,-53.724158409027,-52.4037456051472,-51.6069548912708,-51.9648183189527,-52.146667498494,-52.0616834528015,-53.0985069495917,-54.1950902301464,-55.552968588903,-57.7993131046033,-59.2382473467335,-60.3127917996229,-61.1077080644926,-60.7049274299641,-59.8401822971824,-57.7927536414577,-58.6184579101657,-57.9128322553751,-56.0348531668826,-56.7430374933414,-58.3470067761879,-55.7118413290289,-54.6529049562259,-52.9491272740874,-50.0445446770637,-48.8496697813011,-47.93835459867,-47.0862316298501,-46.4319933558425,-45.9922597696753,-45.8874817711298,-45.5870654964266,-45.2765453580855,-45.6731933010151,-45.8000653353737
-53.2509573238497,-53.4755431458907,-53.6522007368443,-54.5933732924227,-55.8310806044372,-58.0206260710174,-59.4406907659745,-59.0352619714146,-57.7166328991896,-56.0186926717159,-54.880272543881,-53.6943938074672,-52.9690745828454,-52.7264262538985,-53.1273996531117,-53.6404165913537,-54.6154912860451,-55.6660083425724,-55.5428826982581,-56.4217915491038,-55.4799952745788,-52.7441163597352,-52.141269590948,-51.7588959297701,-50.5936300974308,-49.6781260344549,-49.8964646874927,-50.3823962858674,-50.6742158908115,-51.6952596196985,-52.789404571596,-54.5124147968995,-56.6286522738692,-57.7252798496459,-58.2143210640425,-58.5039370899755,-58.1801226695916,-57.4185505998558,-55.3996097157641,-55.6293871738513,-58.7350463190931,-56.9735493945234,-61.9557725120066,-68.1369917719932,-60.9078213350884,-57.3872633311085,-53.4893414311803,-50.5363522514807,-49.8831305789698,-49.0729462216686,-48.4464012528531,-48.1132397495196,-47.7156809392286,-47.4313472957028,-46.8085062601734,-46.2719747725279,-46.2170645603271,-46.0901854806722
-55.2827132283651,-55.116795362604,-54.5563319094673,-54.0927348319005,-54.2674929421395,-55.22328523307,-56.8679461558442,-57.4086599766841,-57.5438641071781,-57.0288143707027,-56.24150788417,-55.0418701572929,-53.9246078582091,-53.2262493745496,-53.2649237489597,-53.4867238138387,-54.636167333368,-56.0424056527018,-59.4184708946723,-62.0170847153277,-56.7061595575096,-53.8806239775097,-51.7850742724546,-50.7314249241532,-49.6284264239049,-48.6161071000584,-48.4041983504475,-48.7212188031946,-49.1850176035621,-49.9106955503101,-50.863318671862,-52.4940636056621,-54.0734979531732,-55.1804383149373,-55.6756434092744,-55.7854671880449,-56.008054157571,-55.5390538628989,-54.5083686550242,-54.1518369832004,-58.7369947308251,-57.482643240492,-62.8785533453255,-67.8198333123096,-61.7822088497103,-56.4416439814565,-53.0962073946194,-51.1841827806176,-50.8642595948638,-50.374270067563,-50.4058823868263,-50.8608965560156,-50.7954303028962,-50.1106715300203,-48.9432076379674,-47.9711119515759,-47.0677914289887,-46.6439420085907
-59.8329004913705,-58.6536339449615,-56.6956988846355,-54.6289069899839,-53.7068250502358,-53.3559254846974,-54.4180519576735,-55.3644674913604,-56.7444106363799,-58.2123157886742,-59.2027480310944,-58.8005169946779,-56.9080213551874,-55.5843721747383,-54.9295579615135,-54.7870883156713,-55.6595436056132,-56.8349535164573,-63.7106240160109,-71.2718777534853,-60.2302938171623,-56.292122188564,-52.1812214497596,-50.5304607445678,-49.3355976864153,-48.1443006651214,-47.39026694612,-47.3415224491832,-47.7134608573212,-48.0709590064312,-48.8367853813851,-50.1142998735958,-51.2730694797133,-52.6708718826699,-53.7389919681945,-54.2259282524908,-55.0424533318383,-55.0220764828631,-55.0934152985066,-53.9277309619859,-57.7600095665397,-57.2130647554389,-59.4315637218591,-59.930976028112,-56.7565039020631,-54.0399410942027,-52.4794877121554,-51.6591528146082,-51.3151340132041,-51.4280342474432,-52.6643204663774,-55.0280820755432,-56.7410048475481,-54.8739386040438,-52.1858660251307,-50.0962942731955,-48.0312837101356,-47.2811578301059
-72.9608783279727,-65.6610539746373,-59.7181269361593,-55.9663206397194,-53.8864312274822,-52.392314938586,-52.4168559191198,-53.1946386257103,-55.0018807715704,-58.2987872329353,-63.6165541926869,-77.5348496816443,-65.5909649013225,-60.4375066708842,-57.8253958313623,-56.9629670293078,-57.0961343229474,-57.6475547769968,-61.8273730784926,-62.6938406928887,-67.1541973106091,-57.5127257600233,-52.5382795541059,-50.5618411753824,-49.2576137669923,-47.8896770019539,-46.732711667828,-46.3386019974539,-46.4915587886773,-46.5768528387858,-47.1909229639333,-48.109766096242,-49.0792605208084,-50.6795425645836,-52.505134853788,-54.0385465511438,-55.5879524897082,-56.4154497093337,-57.6244695733852,-55.3792426658222,-56.5623770087373,-57.2030295822162,-57.4255037053461,-55.9617000214677,-53.4912671031238,-52.2042600935965,-51.6522424861091,-51.4098317898839,-50.9883931596997,-51.7313119155821,-53.7876669536729,-58.4199441322996,-76.6776168148951,-61.5527570526341,-54.9167323482397,-51.3330651003958,-48.6635237017491,-47.7317732607749
-66.0015495121684,-65.5186529144931,-60.455579790758,-56.7145590110395,-54.1112617368192,-52.1337806722986,-51.0731703981263,-51.2944061086161,-52.4310118305319,-54.5406590239897,-56.2715234321338,-57.7698112018454,-59.2138569815376,-58.9745652770872,-58.2564683785025,-57.7043910883095,-57.4253237481595,-57.4429918647325,-57.6982430645394,-57.7704608457256,-59.1249554292119,-54.8623810409774,-51.7906177311011,-50.0076152057048,-48.8827957852503,-47.6043020728643,-46.4075602918425,-45.809483637732,-45.736446222029,-45.6930937053435,-46.1716649540432,-46.8242677875126,-47.7415458160576,-49.2976194115007,-51.572397163036,-54.5366135826672,-57.6384174058953,-61.0634318263583,-64.3372710831732,-59.9277637103062,-55.7598870978436,-57.019762047909,-55.0395571060643,-52.9115843047578,-51.3646290852977,-50.7173995697687,-50.3780087645646,-50.3104171372839,-49.9930644090395,-50.954270034248,-52.3577012300307,-54.7315123730391,-56.2975908238268,-55.4311657231293,-52.9209574474923,-50.5029093976814,-48.6572270400341,-47.8780408586974
-60.5362696772359,-59.8623298609497,-58.0442556451967,-55.5545143402542,-53.642431909626,-52.1532855748021,-50.4361453682683,-49.9792574120156,-50.1456818378775,-50.7921758733195,-51.2330683056859,-52.0421842974694,-53.1917133616541,-54.4078054075367,-55.7316875464761,-56.1038223075927,-55.7883958670707,-55.5210896043384,-54.219138757283,-54.8225568394253,-53.1904259347417,-52.1129777631821,-50.422847319829,-48.9930594662638,-48.2317718153267,-47.3588746432174,-46.4739425708312,-45.8410465784428,-45.5885955300031,-45.5412030880563,-45.8515616042574,-46.3364165257104,-47.2292751033364,-48.5483586754886,-50.7033159183262,-54.0510930920354,-58.8705323411407,-68.5108022820972,-67.573523062106,-64.4896377126229,-55.3168228894198,-54.9327583616975,-52.1589949535329,-50.5612415917337,-49.8134641089347,-49.3085353860306,-48.8374122653972,-48.8004229763726,-48.6985724781713,-49.4680859719802,-50.1064047080507,-50.947159445297,-51.1613848911336,-50.8350313612717,-50.0313036149646,-49.0700543218988,-48.3632621594648,-47.9306778847258
-59.2278072696348,-57.3521815015563,-55.8916857564601,-53.8492874486173,-52.6455043425151,-51.9126333719543,-50.4047296116799,-49.4004279570617,-48.8169195284865,-48.6550217823291,-48.8946436127871,-49.7568666822302,-50.8039129910997,-52.1504855012068,-53.4325049983035,-53.5338784651251,-52.9491780190855,-52.652732706424,-51.5956290360474,-52.5160868165392,-50.0950660280946,-50.5361479686777,-49.553464999173,-48.3663052063629,-47.8162226542959,-47.4030362826044,-46.9868975769908,-46.4656135833149,-46.1086888982828,-46.1439964009048,-46.2356230984857,-46.6089565626591,-47.4024192319332,-48.4256064238964,-50.0712639572631,-52.427671218765,-56.0361771223565,-58.7768620143123,-58.1259757444687,-56.3176015066368,-54.6302506382127,-52.1911022178078,-50.0096374651396,-49.0490984754829,-48.6797944534359,-48.0709896527649,-47.488291498794,-47.4140025763948,-47.5514533248824,-48.0287840085194,-48.4324574190565,-48.7529632481419,-48.851573480502,-48.7123423317646,-48.4971407234137,-48.3235857504698,-48.3826321464997,-48.2413214203116
-58.8160586185185,-56.1165390834006,-54.5398687528656,-52.7446073543255,-51.80535717772,-51.3190044252256,-50.6970800021393,-49.5392933422724,-48.5575824588495,-47.9927686958472,-48.2545595232533,-49.1071884224144,-49.8947739464382,-50.7151917155929,-51.051751791597,-50.6324175253913,-50.120776819607,-50.0311538214857,-49.836028074257,-50.5174953591792,-48.7452961735843,-49.9278677467007,-49.5756398651523,-48.6484583265542,-48.0985072355217,-47.9706001700409,-47.9589337850444,-47.6387875696059,-47.2827671833957,-47.4421051341268,-47.3179963670881,-47.5686604058899,-48.1315998472059,-48.9122061007208,-49.9951899946635,-51.286457758031,-53.299161889032,-54.4174623337591,-54.5760845489226,-52.4417326286064,-53.3561613521819,-50.4298123342178,-49.0331549126843,-48.4090599826636,-48.0030640642085,-47.2571572063837,-46.6836826475379,-46.5426905364438,-46.8785512779089,-47.1202569543659,-47.5732263839409,-47.7743811923579,-48.0702483003647,-48.1698530227789,-48.335097164113,-48.627603178004,-49.1063699041081,-49.1012930070346
-57.1781255311514,-55.077566648819,-53.7047522003801,-52.3775561190319,-51.5033571811637,-50.8412678647665,-50.9655543738542,-50.2113965382136,-49.2458464426584,-48.5383191377467,-48.7322084784283,-49.1411795375745,-49.2354403031883,-49.1207630910019,-48.6976432208494,-48.2585461001768,-48.1098325786472,-48.2842030256861,-48.8643667229824,-49.0729571427453,-48.7914017563481,-50.0424949046471,-50.4340730330657,-50.0404402635693,-49.4060959675609,-49.2913909055232,-49.4116543313166,-49.2558399609267,-49.0032208568309,-49.2635370418631,-49.0831061678447,-49.1698047979306,-49.4403333207038,-50.0561934855318,-50.7456128615117,-51.4425603910654,-52.3345708669991,-52.928784574371,-53.5051714147074,-51.3030267121643,-52.0724597495763,-49.9593454885063,-49.2115493920107,-48.5842531994154,-47.8788773346829,-47.0793885198598,-46.6185782872448,-46.4247945461081,-46.8453898497989,-46.9252563328658,-47.4704081082727,-47.7483355379765,-48.3920318021091,-48.8967972049316,-49.5191710717163,-50.1957296842971,-50.8018501858805,-50.7570021138031
-54.8779330866559,-53.9651563462028,-53.2136482522346,-52.6312425884456,-51.8675012470702,-50.9785929195848,-51.1957646633159,-51.1086499584021,-50.5714902698103,-49.9613424910739,-49.7843014594806,-49.2267003724729,-48.4674332081008,-47.7217329006645,-47.1169417041008,-46.9646852731608,-47.2226556720829,-47.6397225325395,-48.6358662075789,-48.5557559745703,-50.0991789646559,-50.8111394276546,-51.9519748927926,-52.6953487818444,-52.1547554422264,-51.7044088785418,-51.4490619046458,-51.1966188230786,-51.0069227735368,-51.2296171805694,-51.3902692823141,-51.4212784540261,-51.5610461674305,-52.0576235274704,-52.6143690016704,-53.2664163602112,-53.3576345738738,-53.5040886934925,-54.0715305307458,-52.1977879442529,-51.4499803842607,-50.6744033697086,-50.3508924767463,-49.45405331449,-48.4095415394844,-47.691908821264,-47.4081327438476,-47.1908150896996,-47.5080320315586,-47.484113288459,-48.0153082936321,-48.4749667132841,-49.5029634869263,-50.7093370102703,-52.1873233862421,-53.5176332011664,-53.9218398818069,-53.5261687111771
-53.1826126379799,-53.1310308055991,-53.0990138924398,-53.4114256034218,-53.0031790453962,-52.1083808413013,-51.8635176044214,-52.051506152273,-51.9985534021693,-51.6847398542637,-50.8478235061779,-49.3006997384219,-48.0455893437998,-47.1358439463538,-46.6891835482027,-46.9194426624637,-47.5543619951656,-48.1967331807992,-49.2036815075104,-49.2698622763675,-52.4868510315856,-52.4021510800187,-54.1187428908742,-56.9467394941097,-57.3622310864979,-55.7438960865819,-54.1468421111717,-53.2670829606516,-52.8038180596115,-52.6871952365326,-53.6071994948617,-54.1928492778573,-54.7900845602135,-55.2890701908454,-56.0654547907283,-57.4790047530936,-57.110304580846,-56.2848920051959,-55.562962166139,-54.815606859429,-51.7830868234422,-52.2189667353722,-52.0056253927025,-50.8449854988419,-49.7073615966948,-49.2362276385516,-49.1399273038724,-48.8941319280633,-48.853196825706,-48.770979305766,-49.0925673742154,-49.7406180098261,-50.9483391832507,-53.090762209803,-56.2882457987265,-60.2363808686388,-60.0105018907084,-57.7498404127397
-52.3960826768355,-52.9067611604028,-53.5079825428511,-54.7241079710283,-55.1438127159743,-54.7316077410971,-53.6800704675088,-53.3072912038563,-53.0835564361673,-52.8275706152526,-51.4005732078667,-49.4618621039593,-48.2443615469861,-47.5431866867361,-47.5034834168419,-48.1779580247737,-49.1600525399064,-50.0258697289784,-50.7162574051322,-51.5471034517461,-55.2698715624372,-55.2068203167135,-57.3557721298379,-63.4862765599481,-69.9158239951873,-60.9025401079323,-56.7833364096842,-54.9049710652648,-53.8865267441104,-53.1876211350239,-54.5502118973146,-56.4757311443444,-58.9286722807325,-60.1385184674763,-61.4998777192668,-65.8148736301415,-67.8488804541077,-61.7451876644461,-56.5993449551384,-57.3523215112811,-53.1294409747417,-53.8502075549174,-53.5375397671113,-52.6296247059554,-51.9236726372495,-51.8773684678674,-51.8632984395779,-51.4716502050924,-50.8008221240215,-50.6944342721659,-50.6003853883568,-51.3157000139758,-52.2169408857947,-54.6468721483591,-58.4929988706019,-66.8465241062561,-74.3805177817614,-60.6581690387308
-52.516462893349,-53.3910778276876,-54.5619449329777,-56.6484708198842,-58.8198790701861,-60.1883700788808,-57.8182574706599,-55.5322841365775,-54.0292419361899,-53.0015585282783,-51.2156394195309,-49.5986462626928,-48.9142576997304,-48.8559779627818,-49.582895731316,-50.8090879511853,-52.0642612182179,-53.0777879186727,-53.3757143769168,-55.9709249248722,-57.2253488999177,-59.7470416985831,-62.3611305981817,-67.6479299833727,-64.753790877326,-60.1634341182172,-57.3562784904407,-55.4776303930317,-54.3570525366143,-53.2101226969705,-54.1663456063296,-56.6664583761201,-61.6050754751527,-65.6802397587244,-63.9482959381559,-63.3811939203475,-63.8134323693878,-62.1293695276463,-56.5625318546766,-56.5505562033339,-55.3733399851012,-55.0341587322307,-54.8526444030085,-54.9530014672869,-55.3297449233969,-55.7826911727198,-55.4005240539027,-54.5665870157418,-53.176315592317,-53.0420505678624,-52.4579614541704,-53.0315600574141,-53.266805859532,-54.7692452360433,-56.4057316544544,-58.2927017959384,-59.4849660022409,-57.3563636176325
-53.5862640555723,-54.5396393057437,-56.1796211281219,-59.0058468104685,-64.7870005385285,-76.0326813105452,-69.7887059274029,-59.5150264648009,-55.4136619871292,-52.9439427593674,-50.8838278703639,-49.892150474033,-49.9809780373419,-51.0319933488399,-53.025543617544,-54.8778242884276,-55.9470794724508,-56.5836558337062,-57.3107422048674,-62.677959354402,-58.6935435898212,-64.8954186044915,-66.7933772689474,-64.5846976734816,-60.2064429688331,-57.8167258091252,-56.5894827712123,-55.507890445688,-54.8677155020919,-53.5809671657353,-53.5539328006131,-55.4770358503012,-60.1381719527426,-66.8781393091805,-61.7870509361462,-59.0239895078636,-57.9146873024969,-57.9941575341914,-56.7748847165767,-55.2961343682873,-58.0957441565088,-56.2635350174104,-56.5232514269973,-58.331882810235,-60.6338524253832,-60.7923385128629,-58.7925083733705,-57.3673740747492,-55.676248217828,-55.3942819768981,-54.5506740647817,-54.8062455212003,-54.5491278384202,-54.8552985703039,-54.9993417871587,-55.1414717557593,-54.9643551691074,-54.3459849205279
-55.7754009721668,-56.3161082426296,-57.8945269280358,-60.4050360198754,-65.2408880811909,-62.8163381822316,-63.3034485943986,-62.8487621378741,-57.3881604571955,-53.5274796904811,-51.3658272164004,-51.0892537103141,-52.0162960119249,-54.5386203014405,-58.1516466036767,-59.6669316095623,-59.0534377983864,-58.5907417838828,-61.7883511443869,-61.97301005991,-61.4452585582078,-64.980990874815,-66.2303179111585,-64.2662990293963,-59.9916421466744,-57.5632901410163,-56.4672921774683,-55.9369708304549,-55.8811685723759,-54.7651502636415,-53.3807303962566,-54.1672125847968,-56.7178624643311,-62.2587729213466,-61.5188570917779,-58.2781284007522,-56.7607446379564,-56.6182137243704,-58.1931767521523,-55.551626345099,-60.4918704442717,-57.9655470576249,-58.5912189739655,-62.834427432697,-71.3454176592916,-65.4467641093395,-60.9426342936961,-59.3143730161908,-57.8609370587761,-57.1466448572097,-56.5966744320124,-56.5376464879724,-56.4494052332392,-55.8660609535648,-55.2310878727295,-54.3903114937663,-53.3088884081188,-52.801040066583
-59.4100043969146,-58.9186853792342,-59.3102030236063,-59.7737539263041,-60.4526928877207,-58.470117072733,-56.8232268280987,-58.7818295675424,-58.4897850334317,-55.0731641631997,-53.4220621140715,-54.3130166130838,-56.4770503214123,-60.7978932550538,-63.2431565576233,-61.0949612801994,-59.5532697226464,-59.1187843920265,-63.4636156366143,-59.2514862134973,-67.4197308911896,-65.3023691297172,-68.3896142422559,-66.0502323851574,-61.4328780007876,-58.7093715211106,-57.302148121626,-56.9952693846792,-57.266997410798,-56.7850483776305,-53.9709656417241,-53.2928323093906,-53.9773069742361,-57.4667767387736,-61.1659018298809,-59.7997005254506,-58.0761885365875,-57.3876485921998,-60.9294620803654,-57.3293991532055,-62.0794846062429,-59.6397129529761,-60.1026618955505,-63.9193924575936,-72.4007854075667,-68.4484603860257,-62.9439613576901,-60.7836251711099,-59.1527884182366,-57.8394455993908,-58.0918682850625,-58.1157556651377,-59.2417332739409,-58.3324870175357,-57.0906043837993,-55.1423003068381,-53.2062236897572,-52.1843112057433
-64.992022965428,-63.0884018544274,-61.2184235711218,-59.2262585253009,-58.0992149597033,-57.3242210361991,-54.6263073265915,-55.3119284603845,-57.0270084467484,-57.0995575078966,-57.9762750606285,-62.317857713585,-66.2434960218253,-64.2922565173596,-61.4800844002246,-59.5352881490867,-58.8932579088658,-59.5018272254241,-62.1800557490737,-59.4014365925343,-74.3041270591312,-70.2877614249204,-74.3593958362274,-65.2853304351516,-61.7876087494704,-59.7753120463575,-58.4808997651119,-58.1533542167351,-58.1445984646409,-58.9299450286039,-55.5536592920718,-53.3534220640928,-52.957339440186,-54.8997073496672,-58.7681994672737,-61.908675902297,-61.0973144628453,-59.5991480906499,-64.0108739814089,-59.9682645765909,-63.6264462785322,-61.4276118668807,-61.6514550512916,-62.4234223067964,-64.2458048940176,-66.0750777590089,-64.1098562923256,-61.4585224267113,-58.9434910293833,-57.4822287910503,-58.4753880318384,-59.2977423656159,-63.3222411469753,-64.0941969876324,-60.7222775725939,-56.6552115714496,-53.6488607448475,-51.8317667408539
-72.3040758133904,-71.2108157471566,-65.6856242002292,-60.4840996700528,-57.4064768943272,-56.9947797861975,-54.3734485497268,-53.471692456349,-54.8727768716985,-58.3953269307653,-66.646752861888,-62.434143650801,-59.6639127450416,-60.8532250023691,-60.6722586219506,-58.2622475374394,-58.145807435038,-60.3037541068317,-61.2879593364176,-63.1493924791969,-68.5557993856313,-82.8115596154763,-68.7518921904616,-63.5264991655128,-60.8129478843763,-59.5190646634559,-58.9100575681813,-58.4104914219013,-57.6591785942509,-59.4225716558209,-58.1017948583939,-54.7833340321514,-54.1370315265387,-54.8663032225511,-57.0458382865981,-60.5580546612998,-63.5908500763953,-61.9167432899233,-64.3052340911793,-61.3281431335733,-66.583878954498,-65.5376067397617,-67.3478068010555,-63.7033220599074,-60.921779373733,-60.4366067165648,-60.1859231835867,-59.3624782314268,-57.2602662447436,-56.387495000887,-57.3860591436306,-58.7262022765522,-63.9081544608612,-75.8000969642276,-62.358852991706,-56.8230701636662,-53.1294778785512,-51.1353253950608
-70.9200413676396,-77.3312098919607,-75.8012510723882,-63.6507323227949,-57.3596487076405,-55.6231401107612,-54.9575238498129,-52.549681818866,-53.0317649893879,-57.7539832457162,-60.701937140341,-55.1020851423312,-55.6498330533711,-64.3451422154432,-61.3078415496065,-56.7915019245826,-57.5918171802567,-61.7166470703388,-62.0053144344238,-77.4220667969566,-69.7370886241265,-70.4850364091655,-69.3224253457256,-65.0011506496038,-60.1453947282937,-58.3345666746741,-57.9060892922796,-57.0784347661243,-55.9480097825245,-57.5177851826472,-60.5542780716855,-57.4321201160765,-57.9416394146522,-58.4436906940219,-57.4049529749299,-57.696535006622,-61.1323087028903,-61.9045258678127,-60.9627063466872,-60.585705236157,-66.1371483106563,-65.4348085782077,-69.8101390386535,-65.4068039009973,-58.5413042415243,-56.462929331256,-55.7993645519729,-55.6586371280658,-54.9593787898374,-54.8832666997583,-55.2623436027844,-55.9854869058975,-57.9949933644977,-59.246045405192,-57.3906287000334,-54.5530724258581,-51.5263130540618,-50.1049278916678
-64.3672385036143,-67.3069427967395,-64.6071885134867,-61.1354772042306,-56.2903151179022,-53.3999280742937,-54.2778010903869,-51.9485457800327,-51.2505234950604,-54.0197569492293,-53.8659265882447,-52.0029075225359,-54.4143533309131,-61.0646109724164,-55.6749636012458,-54.5483462114463,-56.6184032987091,-58.7598002165234,-60.4314916923906,-59.4697693989373,-69.5943082132003,-65.7404421033425,-73.4106828915604,-62.8283848191024,-58.2475205322815,-56.4326478140025,-55.5865470359966,-54.4095765263326,-53.507043435178,-54.5256759934566,-60.1056576506341,-58.1334901529222,-58.1599020746617,-70.0089297764769,-60.2179091729594,-55.7974450954583,-56.8561240765128,-58.6398617064692,-57.047939022482,-59.5354618517163,-59.2654760338088,-58.0371414128965,-58.0991341782542,-58.8357137023459,-56.1319828975103,-53.9296243304275,-52.8406138245386,-52.5686900862159,-52.8003209024707,-53.2477846929841,-53.0702974291521,-53.1807128095759,-53.7424217835436,-53.838382648356,-53.4012341532627,-52.1119721569441,-50.1461152654224,-49.2539306663338
-59.7104974106537,-61.7406386092596,-58.9596617644543,-55.8164200406666,-53.7215556934326,-51.4312383997119,-51.5189149061072,-50.9771282471746,-49.4382055764096,-49.6461765122959,-49.3607692262845,-50.2022401281016,-52.3549392348379,-51.3970364412669,-50.2636998336409,-52.1212683832477,-53.8759938725272,-52.9870264841346,-54.3118742156698,-53.2374661136897,-57.9099915858116,-58.7587559789601,-57.7824653516104,-54.995149388574,-54.2707053545524,-53.6930712982169,-52.5504135275256,-51.3958307892074,-50.962724053505,-51.5694643438037,-56.2386475829716,-55.4045296393476,-52.9836638277887,-56.5404161556976,-61.4046778104383,-54.7723340364039,-53.5582431217078,-54.7798708955868,-54.0183636034784,-57.8131575985933,-54.6275889133537,-54.0701243496932,-53.4629136197509,-53.8550046571,-53.7220585874748,-52.3048760371284,-51.0440999998232,-50.5336068922157,-51.1060525098869,-51.7205207045989,-51.3903997108005,-51.3125274009148,-51.3081935841608,-51.1538955413386,-51.1372298130215,-50.5976268417586,-49.6239036992314,-48.9777230990984
-56.9304072054828,-57.3171356909094,-55.451215264483,-52.4586047299589,-51.0686777471634,-49.9246210033793,-48.6606979157163,-49.1249259249265,-47.7462239697035,-46.409955127848,-46.320913342706,-48.5638312109423,-48.8360672862011,-46.611406585751,-47.0283833435493,-49.767085853085,-50.1691754164701,-48.8703347045869,-49.5861918431362,-49.8637906432411,-51.652470997922,-52.7674950332211,-51.2913034340929,-50.0030932562475,-50.4088541148167,-50.5526392012456,-49.5429122763209,-48.782914679152,-48.8055719217559,-49.1219410719142,-51.8559016581767,-52.7318810804727,-50.0383478442516,-51.0329557317687,-55.942937900839,-54.0680485519205,-51.5753749056326,-52.0176776797053,-52.1121661537195,-54.9505661101998,-52.0383921275851,-52.2309525629243,-51.3497248330332,-51.1139089822366,-51.6736841290409,-51.1799547045236,-50.0824093931905,-49.4374377976139,-49.9410253226779,-50.481481022094,-50.3987764172485,-50.4862048809141,-50.3246079041905,-50.2136444957905,-50.3230741648396,-50.1752201329621,-50.040366657994,-49.4139869135172
-55.6506471195661,-54.2307740427883,-52.771862142153,-50.4609025946739,-49.0791002364666,-48.6321991495705,-46.626911965119,-46.8090516360359,-46.192672226333,-44.4020514276402,-44.4475021773898,-46.5939007623497,-45.71080758063,-44.1107415580386,-45.2966284143294,-47.3630994261583,-47.0137023579447,-46.3583707749717,-46.6772862284511,-47.8545081846426,-47.8796661745223,-48.6486739590955,-47.5695039859206,-47.0088256370115,-47.4923784574332,-47.668098178615,-47.0456305961806,-46.8243240627584,-47.2048587234011,-47.3137095189793,-48.4558903140625,-50.4972291526349,-48.8844279639953,-48.5177263512994,-51.7392857050703,-53.1340242108928,-50.8287050549194,-50.6208371306092,-51.2921636734233,-52.333571903454,-51.0223750538445,-51.69639946062,-50.8303641402759,-49.9415683894703,-50.2287454726747,-50.2712583442589,-49.6446160013489,-49.0494275609906,-49.2511856937429,-49.6285582928405,-50.0915721887124,-50.6451068889034,-50.6873537463548,-50.8772096715263,-50.9770993436594,-50.9332258530221,-51.2988732676082,-50.5103825138168
-55.4194028109389,-52.5180877833895,-50.8144219866219,-49.2491148933826,-47.8232594732755,-47.3708564468631,-45.4597485982644,-44.8115450940554,-44.7290765008543,-43.3764461387067,-43.4619008276308,-44.47195318514,-43.5419303707946,-43.0965305080986,-44.4895144314028,-45.1754115874034,-44.9018799967189,-45.1101519160856,-45.208942260053,-46.6054810311523,-45.7326441909146,-46.0565688383121,-45.477289127752,-45.3648647154845,-45.5230588577114,-45.4587832009557,-45.2645980283263,-45.5402321257213,-46.1353286346894,-46.150549558079,-46.2692743032234,-48.5758680693129,-48.8467853491055,-47.5867595934391,-49.2568658458829,-51.9382667264085,-51.1704317941311,-50.5400887498133,-51.5055128520084,-50.9090358281774,-51.3956682235213,-51.9541828356808,-51.4601610585377,-50.0269886705972,-49.5021869599922,-49.4935644958593,-49.4038560329973,-49.0717102149853,-48.9200819996037,-49.1685603989671,-50.3376972363465,-51.6922561061481,-52.4896302818609,-53.5172696957567,-53.5565346964977,-53.0870979600084,-53.1278776150346,-51.9952501058015
-55.5416176217973,-52.0037912763246,-49.713959641807,-48.5041159198983,-47.1965181005021,-46.2347017892153,-44.9717606130179,-43.5420338968869,-43.4767607269322,-43.0427923205692,-43.0673974169182,-42.7337613785053,-42.3418524609258,-43.1837792213663,-44.141024961207,-43.6991058721066,-43.9290107207676,-44.9160803164513,-44.9550669630353,-45.9006948201985,-44.8993210322769,-44.7481403755729,-44.5859990259078,-44.7267660548716,-44.4252403040724,-44.1029964447809,-44.2579869279169,-44.8651231863254,-45.5045652586571,-45.5946903563875,-45.2194766149658,-47.2425360844755,-49.3823597572991,-47.7995444867869,-48.1488226385255,-51.0029519387814,-52.3931053308564,-51.6927409326829,-52.7168924649158,-50.9657711216068,-53.1782305948089,-52.8375360091455,-52.7986771581238,-51.1894052023187,-49.5605441269346,-48.9669829026838,-49.1096782136404,-49.159968390427,-48.7956446592665,-49.0131899051362,-50.7788400864067,-53.2099886181512,-55.7336619894802,-59.6840135558206,-60.025851406927,-56.7924841419544,-54.7797274542566,-53.2912705723935
-55.3502823874336,-52.3232462622766,-49.5101564841903,-48.1610779223642,-47.0650131151072,-45.473190748546,-44.8625817814557,-43.101147956432,-42.6851986794237,-43.1195674650579,-43.0122251504281,-41.7899148353433,-42.1288142467824,-44.055342480194,-44.0585917003119,-43.2914769635833,-44.1541884524609,-45.6497970061499,-45.8007099124896,-45.8342471864662,-45.2709466439616,-44.6294339815365,-44.7085489109339,-44.8828929412967,-44.1567965793872,-43.6523641658017,-44.0027472590797,-44.6816536319503,-45.2122863379281,-45.5717979131071,-45.1772976191996,-46.7307413754636,-50.0398629137848,-49.0919112831339,-48.4062474770196,-50.8650044221615,-54.1599663032945,-53.9385100445609,-54.839153358619,-52.6669261696663,-56.6978029999918,-54.8052317211902,-54.3918725058123,-53.0739321791377,-50.4114788294469,-48.8869484684915,-48.7483183512701,-49.031281324435,-48.7233365437784,-48.995608538913,-50.7992743356256,-53.6839974194649,-57.4474832767436,-63.1889322417323,-66.548544558684,-58.6736530818941,-54.9934116911667,-53.7401080456852
-55.0517133990829,-52.8424371947304,-50.0844646927263,-48.3230020102066,-47.3028948069578,-45.2961853709616,-44.840877393768,-43.4335330457822,-42.5564898071201,-43.4001081945252,-43.1765917869747,-41.8481764610946,-42.9555741611518,-45.2555849652545,-44.4318300293985,-44.2163843738692,-45.6984149656497,-47.2314716180778,-47.6884059810554,-46.6561247225488,-46.8516459239882,-45.734441416812,-45.7981668873893,-45.7034056118834,-44.6954277023544,-44.0970010351901,-44.4064832324165,-44.8316934491174,-45.1713252881597,-45.9544021265582,-45.9652469340458,-47.0138357086177,-50.6702671750023,-51.714233312962,-50.323504016813,-51.9306820368185,-55.9583493682958,-56.8967246427179,-57.50544778848,-55.9398028622161,-63.3619983208557,-59.3963561411823,-56.2461140990929,-54.6227054562925,-51.8010030599851,-49.3762740141162,-48.5210692000723,-48.6395486556951,-48.5977320328236,-48.9454475522478,-50.0808414294152,-52.0311331735208,-54.2505032705712,-55.2294062911521,-55.6875639257921,-55.1063783918272,-53.6883320728704,-53.2347919405158
-55.4031225559498,-53.1049283393717,-51.1363418417374,-49.1044738567155,-47.8163548241987,-45.7957396577971,-44.8796656446579,-44.3553925493448,-43.1816722334965,-43.8006335759138,-43.5702467842408,-43.0048502011646,-44.7495108548403,-46.1909579859372,-45.6501175571983,-46.854528688174,-48.7869682954219,-49.6521495379442,-50.5673157567163,-48.6304381456931,-49.7271355713476,-48.2643353907365,-47.9543968461917,-47.1516559823288,-45.997945015147,-45.3660273603273,-45.2971591348203,-45.1627902448072,-45.3131971071942,-46.547125579845,-47.2742134736229,-47.7470324189236,-51.5055614097704,-56.4249700771132,-54.7413218450551,-54.7412398031317,-57.2607520042582,-59.5433926270427,-59.6565086002085,-58.5108298340991,-71.6310352301661,-78.2127913845613,-58.7086512158071,-54.7458513862979,-52.7955637916971,-50.348265098921,-48.6504341368447,-48.2125081175534,-48.4135444493024,-48.7954809753666,-49.0567111167029,-49.8967108877328,-51.2078012130936,-51.5591601852943,-51.6513407673269,-52.0905965935733,-52.1008130428795,-52.2702822260977
-56.8967712022178,-53.528145915201,-52.2902283507867,-50.4932790181699,-48.5572254287178,-46.9033465356528,-45.2644576163569,-45.5586287358165,-44.5497684036734,-44.3508200780718,-44.2603759337332,-45.2595016313536,-46.8201844642468,-46.7154845605294,-48.174917977445,-52.0699969336052,-53.6341966405609,-53.1865563759226,-54.317332564072,-51.912218188822,-54.0068836292193,-52.8154179428024,-51.557423133746,-49.3322665410801,-47.9070480845372,-47.2384453511087,-46.4201056060868,-45.5926090585897,-45.5877671449402,-47.079734770419,-48.5859037645925,-48.3223394493473,-52.676255548485,-64.9220958331614,-61.8867561366838,-60.9640353841147,-57.9022404083262,-59.9364209629599,-59.8553186181167,-57.9225397008896,-61.7861518100354,-61.0553860842178,-59.7333846341357,-54.2258913353534,-52.5175920858173,-51.331258484322,-49.2360231252942,-48.0736379806531,-48.276304157084,-48.605152331102,-48.2826771614434,-48.4443167525971,-49.4252310714714,-49.864664148691,-49.9001495167084,-50.499417826727,-51.0206515501004,-51.4465105423352
-59.4619649782891,-54.8882904101763,-53.4330973702377,-52.1865903998559,-49.5037043408622,-48.3296199434224,-46.3548153186296,-46.7855295914139,-46.5476274864782,-45.2001554473715,-45.3600608826859,-48.2798035495048,-47.7567489710127,-47.4158472547676,-52.6218062986594,-59.2760299910544,-58.5222786085795,-59.2991720592546,-58.5436561591145,-56.078003862593,-59.4722129702838,-61.8920502316205,-57.9834643877881,-52.4872528741702,-49.9441989063845,-49.1005448702466,-47.43146358624,-46.0859940291003,-45.9521791850461,-47.2438719962544,-49.3290886072364,-48.396132845898,-53.059925102744,-62.5290018569308,-57.1536566060953,-80.1852706980113,-58.1262251325215,-58.0132896114002,-58.2768369032155,-57.958118632172,-57.690851508194,-55.8065315516337,-56.9989725728385,-54.0164018872195,-51.8239908402344,-51.6861620828926,-50.1784891459783,-48.470360163743,-48.3592403687621,-48.4962248978889,-48.018610399843,-47.8736254685556,-48.6326042171959,-49.2850836645359,-49.4425950172218,-50.0075759033295,-50.7420005511772,-51.226280112731
-61.5321642409683,-57.4568915760682,-54.7213739290334,-53.4868317163986,-50.6159099824847,-49.7087201005864,-48.4414973103336,-48.1409475953934,-48.9402563603599,-46.651154503967,-47.0542430898843,-50.7395020965391,-47.8334873875919,-48.906023847734,-57.1078270697,-55.141936283983,-58.540971377356,-70.918831868464,-61.1076005138878,-59.7830441785408,-63.5988036519409,-68.1677046872676,-74.9617094614848,-55.9549927134665,-51.2068297921015,-49.9010674816419,-47.8803977980408,-46.533286814275,-46.34198016809,-46.8938214551187,-49.2445608966925,-48.2239005555508,-51.1596744816634,-57.1011320497158,-53.2734822842744,-60.0604021896444,-58.1416219842847,-56.167588914953,-56.5757333631689,-59.690319822772,-56.0340010178585,-54.2803256567011,-54.5622801086865,-54.1795043439762,-51.8265488585272,-51.5769859015657,-51.1698320264811,-49.5177175382171,-48.8424861007991,-48.6127047633449,-48.3189593975367,-48.1284164010105,-48.6101230266337,-49.4327506839366,-49.8851215686503,-50.4246013105842,-51.4075516862263,-51.9570064431812
-61.1426205086025,-59.1134255590555,-55.9707792432938,-53.8797904290298,-51.8310427352917,-51.1280371429614,-51.7723606597762,-50.1065413660544,-51.4033192207821,-49.1538529805859,-49.533170738306,-51.1679385510054,-48.5035387743884,-51.1839678798795,-53.4804454668639,-52.442933429784,-56.6242735361468,-58.2056119352505,-58.9096995577327,-63.3843805277031,-61.3726088734627,-58.5682959449773,-59.4431121092885,-54.9829397029634,-51.179851795961,-49.3552360399886,-47.5056134276951,-46.7314150496775,-46.6406938135691,-46.255569320484,-48.448734654366,-48.121088167116,-48.6701798920515,-54.0910913794062,-51.8682779732636,-55.2795283640278,-58.0280652191025,-55.5988481164027,-55.9521142443562,-60.2418420432466,-56.0531827210804,-54.9139028939079,-53.8025830308483,-54.5679251367625,-52.9602863599638,-51.8665752194174,-51.987326671042,-51.1754043361383,-49.8702571785321,-49.1178214090051,-49.141119099892,-49.0740950373865,-49.2000569610954,-50.0772295917918,-50.9919836862046,-51.6788800123355,-53.1296532676845,-54.0123915912188
-59.4914210117698,-57.06563404926,-56.3604322557759,-53.7049032519039,-53.1433898909356,-53.1959400751818,-56.6282431363487,-53.4164855139735,-53.8129921142192,-53.1843354048394,-52.7749253914981,-50.4735795144424,-50.1300597059221,-52.7697115530615,-50.1966091736403,-52.207728114548,-54.1834620825918,-53.5807619652666,-55.78254753195,-61.016918614885,-57.1833613184649,-55.3295919833261,-54.6956580289506,-51.5989692613422,-50.3627023114882,-48.3541455784688,-46.7003011604094,-46.6039486172157,-46.7010049198087,-45.7307701128859,-47.2954238372344,-48.1601892914168,-47.0502183871475,-52.1056116453057,-51.5938872309707,-52.942721964755,-58.1336005244676,-56.6585027594048,-57.1344030895304,-58.6140653729217,-57.6991083358685,-57.4652598877353,-54.7208393786332,-55.3685546001114,-55.3989108303942,-53.2876010096034,-52.9659679527631,-53.2106593402733,-51.5121955387737,-50.1719169831015,-50.37057105043,-50.4801359539246,-50.2224045840055,-51.0365236547717,-52.5404827708609,-53.7276665239378,-55.9135395920945,-58.0734455040883
-57.1479901457564,-54.7579766473853,-55.5255338223707,-53.469586055646,-54.5976007770721,-56.0786701911058,-63.3022704524219,-59.516104696301,-56.8049332622016,-57.2448635385555,-56.3574410498198,-49.8971455646122,-52.0739190694884,-52.2728473010358,-48.917144745941,-53.1600856086055,-52.1402483430212,-51.8318995578216,-53.884630213853,-55.4190117496616,-54.3254655239534,-53.730226946336,-52.5628176699385,-49.4566118121389,-49.3921837335403,-47.5781165849967,-46.10224616612,-46.3332630850922,-46.4615792444604,-45.5806613127111,-46.2048971300025,-48.2493049865882,-46.4842518158755,-50.7345087970677,-51.7215517619023,-51.809222838767,-58.9005007788447,-59.3773384310306,-61.3437866450531,-58.496925043236,-61.3091984638233,-62.0916656397318,-57.2936383015725,-57.0155134959845,-59.3213358820675,-56.5935261063546,-54.9560545203577,-55.2978872301971,-53.6492947856244,-51.8594480223349,-51.7944883008066,-51.9647341192553,-51.4218253583445,-52.1064706919099,-54.2099772911286,-56.3187678658252,-58.9899881298243,-65.603229100381
-54.585705841148,-53.4835098908482,-54.1054460862868,-53.3666396790281,-55.84078398608,-57.1854562898062,-66.2007900293933,-64.6361313216842,-61.628508950172,-55.9545700116098,-59.3409699549623,-49.9593342030656,-53.5004713518411,-51.2867083181003,-49.2259592435723,-53.9160886178225,-51.255146822474,-51.8756372156533,-53.3961895735502,-52.5746968539908,-53.1079284175845,-53.1273776829353,-51.6405360570069,-48.6842869894503,-48.6469466796839,-47.1985914890821,-46.0590696143102,-46.1690575592078,-46.0616480725542,-45.8486288140797,-45.4871668067244,-48.1832066941433,-46.7906709742595,-49.6458137600926,-52.0191405585083,-51.444808745866,-59.5959619535204,-61.6256646544883,-71.4806419891208,-61.7588728772861,-66.4364069159631,-64.880621560878,-61.4367114946255,-59.6205631256669,-64.9929873623642,-63.8499358473799,-59.4760284548045,-57.404424614098,-55.6582124869972,-53.9754586439651,-53.0721342461362,-53.0327427818649,-52.527125498978,-53.048035637643,-55.5036856431761,-58.3851844311225,-60.0722412338488,-66.5323786312734
-52.6183210817185,-52.9184756558878,-52.760675045757,-53.4497818822225,-55.7915464152699,-55.2998152801291,-60.6166369190087,-57.7498558237598,-60.8092425560716,-54.1509338165229,-57.4220511438272,-50.7548772228586,-54.0903546236979,-50.592437436886,-50.9605782780641,-53.1677961024014,-51.6727297579515,-53.3609709826129,-54.3253283738529,-52.1118876828493,-53.5568907893287,-53.4583069754126,-51.4154895114741,-49.0437736607091,-48.3654764334146,-47.1847888798863,-46.6313150540939,-46.2759449087882,-45.7889973081137,-46.4094967372056,-45.3186085134107,-47.8233192423622,-47.6751473341149,-48.6094322728614,-52.5125074469312,-51.4779488810727,-57.9678764918291,-59.7782940503806,-62.5039980517326,-75.1905072549466,-64.3988253212067,-60.6891631506797,-65.6823852793702,-61.6484937381715,-69.0219482434783,-71.3506568739995,-72.9314550936898,-59.612683793435,-56.3932234125996,-55.5577833251452,-53.8122178931518,-53.3753798944321,-53.3945521081655,-53.7140914582319,-55.9834830779787,-58.6088674315768,-59.4689951018707,-62.2158625575621
-51.549005245916,-52.674992365976,-51.9502287877821,-53.7780699125333,-54.5827552746202,-54.0339857384832,-56.6670223700484,-54.7386240518536,-55.0953453441149,-54.0172947279032,-52.9647760885728,-51.9261291106732,-53.0798596543646,-50.0304803790354,-53.6635382768803,-51.6710911395972,-53.4361460640195,-55.846671709533,-56.7324015086688,-53.9721766201362,-55.9063875931108,-54.7247214512058,-51.5811163172292,-50.2390343066379,-48.7136725881059,-47.5539350600589,-47.7177210504718,-46.7609290032577,-45.9357238224343,-47.0578720353144,-45.7972754792383,-47.3577584243927,-48.837706361697,-47.8041950132965,-53.0729337962746,-51.5936495688125,-55.3446008865172,-57.7516703352448,-58.1462926594544,-64.6062633446491,-60.414242194119,-57.7457842540079,-64.4536861135926,-61.184518473203,-63.7874390611447,-61.723166016619,-61.1472279534956,-59.9764023265457,-55.6934246845062,-55.3827407721419,-53.8221283988603,-53.1544108569726,-53.9957439160936,-54.1745659417124,-55.8098348078583,-57.9468436190751,-59.2300494006597,-61.6441253392671
-51.2850792697416,-52.5943611169593,-51.9985385286924,-54.4236189634777,-53.7579924729056,-54.4129933924397,-54.6325067965901,-54.2555569125332,-52.2054850114819,-54.9060019314974,-50.2150780764583,-52.9249545575364,-51.1590273553453,-49.8687897748043,-54.9018535731331,-50.828651949783,-56.7407754263079,-57.9134563213601,-60.4137200331868,-58.5206773907872,-60.3377310347155,-56.7973784046354,-52.0155012059454,-51.8338731780293,-49.8087640700566,-48.4946390965095,-49.1436688850929,-47.7108809733585,-46.7230028120959,-47.6476706773543,-46.9722123599241,-47.1363604368179,-50.0521942708202,-47.6275449450685,-53.3807144535193,-51.8628259987855,-53.7832056962705,-57.233643560848,-57.276988351352,-58.9663420473044,-58.5944610467909,-56.873455618087,-60.369457577091,-60.2115367779382,-59.2544972022834,-58.7018333720979,-55.5933309726378,-56.915879042642,-54.464373060869,-53.9697560446876,-53.2467890172602,-52.7376415133345,-54.2653701869735,-54.5612620162864,-55.5689893215043,-57.8215758085948,-59.7748790048154,-63.5018371126511
-51.5592278759321,-52.739898389187,-53.0739272817206,-55.4304550750078,-54.2799865423141,-56.5754690766576,-54.3255189191368,-55.5414492222602,-51.5668732916619,-55.5893737670399,-49.3601653389327,-53.6025529739305,-49.8974002358057,-50.6059779022566,-53.142473300067,-51.1973881293845,-59.5646327634492,-57.9858115978765,-62.3700585610652,-60.3230367750963,-61.4361537304263,-58.6809598156906,-52.8635459604654,-53.5159967338922,-51.7304259250143,-50.346765957505,-50.7562434236877,-49.1460317893838,-48.2831057366604,-48.217265391659,-48.7970415904972,-47.3632728890708,-51.0036320787158,-48.3470225694487,-53.2304120467122,-52.7169567994998,-53.6048617253037,-58.079741760455,-58.8123295855699,-57.2793969702354,-58.7245615001652,-58.0886685118681,-57.5836363731368,-59.3109904744387,-56.5173207431801,-57.0507868371453,-53.3930980951123,-53.7196358764647,-53.2144300702703,-52.4073599236177,-52.3772750220844,-52.2990494799598,-54.0492743256866,-54.7806991043566,-55.5708520789575,-58.7109211764712,-61.0789288143582,-66.6608300052806
-52.1228760851805,-53.2315118569679,-55.0339373358861,-56.7176108740052,-56.8599483252293,-61.1121326168175,-56.0406144067672,-57.3965416439163,-52.8947130226595,-54.9895643002662,-50.1523725926199,-53.5814122742688,-49.6417667052838,-52.1627703647362,-51.1556852704693,-52.6790181382949,-55.8702949603997,-56.9928525680728,-59.435774799589,-56.0373214154959,-57.7197388028874,-58.3189452169551,-54.5387949211411,-55.7092367298402,-54.5362466245603,-53.5880240301681,-52.5188577322676,-50.9005363951133,-50.5835211411689,-48.9897331538718,-50.9261926826529,-48.1104861049347,-51.3061031381269,-50.0062181799694,-52.689102079161,-54.5364551805807,-54.5129524184014,-60.04570395922,-62.9855225205237,-57.6635554509555,-61.170470196806,-62.0919286684267,-56.6393180052983,-57.7817337988705,-55.2107881099424,-55.2173602807008,-52.8691451461136,-51.6785640605643,-52.0900510564876,-51.1558573085191,-51.4365861766246,-51.7740047701617,-53.1575237482438,-54.4421641068198,-55.4249035485949,-59.8524217044113,-62.6856405897566,-69.278229298596
-52.97258222617,-54.0826574752123,-56.8486124287057,-57.8373570655004,-62.9337276044406,-71.6298687228222,-61.4765866341037,-57.2369235415442,-56.0380707756301,-53.6027793937869,-52.1170289287785,-52.3738234881139,-50.0615480058254,-53.0474374017682,-50.0811043578227,-54.0828554149909,-52.1940919259206,-55.7951598748486,-55.9923600713581,-54.1173792820125,-55.7170071544178,-56.7935315854191,-57.9346439458546,-59.7437762586008,-58.3315810127548,-58.9573288771213,-54.4715764416196,-52.5623618226101,-53.1502272401366,-50.2797776609798,-52.5367844773852,-49.5616905726845,-51.2147171353617,-52.480299559349,-52.0493445817032,-57.2882130115153,-55.5457761657453,-62.6376572235859,-71.2393710215909,-59.9827968965972,-67.6600406318962,-68.1480288319062,-57.6069632019009,-56.3515506951398,-55.1541567588346,-53.6402058684177,-53.3054709301113,-50.8511025663377,-51.1859652965841,-50.3449067787385,-50.5335644128859,-51.0448920664467,-51.6300087148228,-53.2541393795249,-54.2658314799602,-58.0487893602862,-61.0936736372255,-66.4238858069142
-54.3156725136518,-55.0732979407677,-57.0269471151011,-57.9595330185506,-64.1894185060656,-68.1018562186624,-72.96852903396,-55.8350452790631,-58.7134908159234,-52.5191200400975,-54.0809341042585,-51.0586952386431,-50.9286419931945,-52.344270044747,-50.1676265873235,-53.8759783005611,-50.5282255899904,-54.5094190014515,-53.5302786419123,-54.3613385697194,-55.116334522096,-56.0364710783697,-66.4137495173797,-67.5969045061815,-62.5298020504238,-64.3937375036861,-56.1792552586171,-53.7973786379225,-54.9397463721424,-52.4140601275736,-53.3557748242171,-52.31330191801,-51.5392701908911,-55.8549535210875,-51.719726116881,-59.8113206055901,-55.4220560717354,-63.3891495787225,-68.0253057089736,-64.4293431427364,-67.758257497528,-63.110107400517,-60.355460119701,-56.1753755287217,-56.3465909788189,-53.2423232154023,-53.9569928558072,-51.1541862085361,-50.5807409774339,-49.8987091060144,-49.7002617889981,-50.0994417620114,-49.9132692281211,-51.4951633871694,-52.2275871860231,-54.2293512493765,-56.5676153354404,-59.4617828260979
-56.1799556258346,-55.8318123352976,-56.3253867408151,-57.0619255870268,-57.9251415856108,-60.8493258188398,-58.3126832280626,-55.19791546367,-56.9349724603918,-52.271208335853,-55.2254067924072,-50.7594986964637,-52.7383706346278,-51.8987990013674,-51.7556838579311,-53.2532443247572,-50.6594714925641,-53.3313711349866,-52.136073374995,-55.5099359100044,-54.7773237789973,-55.856118206581,-63.2475131684036,-61.5428661721441,-60.7064385938579,-59.7984863651902,-55.9220051443601,-54.6878283701956,-55.508580292325,-55.6746074363207,-54.6019544683843,-58.1341023589486,-53.0622934701566,-60.4580512751527,-52.0925095220336,-59.3157947388416,-54.4836894374212,-59.9303166526165,-61.7405730779707,-61.2395864993972,-60.6576198523624,-59.3626308322815,-63.376313986069,-58.160180228014,-59.176517801982,-54.7552716570735,-54.1557990650981,-52.2406338759962,-50.2506952233382,-49.5493205589827,-48.9416288568518,-49.0445379796725,-48.4997582167032,-49.7293767028044,-50.2794091404475,-51.1759868638894,-52.8566275863228,-54.3169869236352
-57.9667870124166,-56.3816458102168,-56.0022781607333,-56.1839417490493,-55.2847082556263,-57.3673701619626,-53.8858565509325,-55.2616955616177,-54.5065344284576,-52.8729293848771,-55.9249551218454,-51.822697350941,-56.5116578611919,-52.8919270606283,-55.5971914352527,-53.513049999371,-52.524119225266,-52.4794981531882,-51.6542432569746,-54.7932148143645,-53.7695014925423,-54.568825673857,-54.9461716482518,-55.5314779316491,-55.7033169659793,-55.2955701141519,-53.6635665514076,-55.0633949712389,-55.0114568758689,-59.6824627550187,-57.5919828334935,-82.2712713975586,-57.2321586239269,-58.6861554716659,-53.5130050940771,-55.6006935923519,-53.6353910674022,-55.5844548011178,-57.4186743213623,-55.0148466958397,-56.9588519272176,-57.2801779782714,-64.9551388759453,-64.0934855703366,-65.2294599953244,-59.1616907190662,-53.8760522008195,-52.7676516889639,-49.9888662441774,-49.02651473207,-48.2817106384618,-48.0690056126122,-47.6510378389387,-48.3689608423217,-48.9411030816167,-49.2810516646699,-50.4494034420142,-51.0539381492126
-59.0316590425444,-57.3490264530176,-56.4164018557204,-56.1344485235274,-54.6946901494611,-55.3602128698704,-52.3590916458361,-55.0856014775843,-52.8440728870762,-53.8705745426364,-54.832360504785,-54.3374512521569,-59.4860872176262,-55.8090358561899,-64.1894623541745,-54.5325353281449,-56.078328809865,-52.0397596289431,-51.6593388605908,-52.2446179835798,-52.1897010696244,-52.0553914753391,-50.9285461680686,-52.082328715594,-52.0699983925166,-52.0049202766073,-51.3971632464854,-54.0049042258434,-53.2601798510993,-59.4936761809279,-58.4807364298243,-58.6026705031115,-80.5496063558274,-53.3400634880368,-55.6163236680365,-51.6325101872152,-52.7134522982985,-51.9172443550652,-53.6477171554628,-51.1130451770696,-54.197610806201,-54.8867207660981,-63.8469295088647,-62.8273352950598,-64.3921195993583,-59.7044013800726,-53.2045530264799,-51.4063198909895,-49.5104818693455,-48.3700276141413,-47.7951671806701,-47.3987954350822,-47.4352813635704,-47.6270822011621,-48.3224041016962,-48.4379069282899,-49.1940863899849,-49.3056635307418
-60.2123079377252,-59.5060098883624,-57.8506842283576,-57.2964345267095,-55.2978415535179,-54.3052630805688,-52.6065171686971,-54.1952887198421,-51.8382148464129,-54.561367677642,-52.4051278710981,-58.8147664300557,-55.3666918173298,-61.781816416225,-67.2412867496826,-55.1828957980195,-59.3263003439024,-51.9268017491522,-51.5465405370409,-50.1216100993325,-50.6175708105947,-49.9146379086846,-48.8339507546106,-49.8911530970651,-49.6565670032999,-49.6074072262352,-49.7576165257955,-51.6178120202197,-50.9785471690472,-54.77622244682,-52.938709715146,-54.0780839886073,-55.8696808288789,-50.2803511826983,-54.1279575804114,-48.6927327815456,-50.9687063788868,-49.0740398823184,-50.3189739245723,-48.6918782430992,-51.5341588206411,-52.0589362569921,-56.6856299023845,-55.1948271307664,-56.1609966550126,-53.2299624398489,-51.8778853802398,-49.4899273686595,-48.8190307882697,-47.892042938949,-47.6079612389787,-47.2346024685869,-47.8125015911035,-47.5991244950075,-48.4075351026218,-48.5535604498052,-48.9987454717982,-48.9051619470911
-62.756171098324,-63.8311550150426,-60.9850350443238,-59.523379177254,-56.2750753771853,-54.0484960615453,-53.9263509957956,-53.0607214020026,-51.5947560401042,-54.6069817003773,-50.9546654581193,-64.2083625809971,-52.9132367843452,-62.3725781588193,-60.4201427571087,-54.3462388865123,-57.4022488333585,-51.8819340636888,-51.1264086375116,-48.9081081136768,-49.4499216221277,-48.7483194010464,-48.0738357122923,-48.5884544650131,-48.1860178178928,-48.0526471530427,-48.6302749109446,-49.1866220347023,-49.0814514891027,-50.7053684146699,-48.9886860256063,-51.581640511725,-49.36194428802,-48.7677370241786,-49.6533421590604,-46.8925147133372,-48.50132980436,-47.0306201509408,-47.6360583770419,-47.2512016546325,-49.0906619166463,-49.5835032535387,-51.0828871189111,-51.0664706669024,-51.453721934644,-49.559414452551,-50.148356831703,-48.2877339970084,-48.3017867003684,-47.8955754892032,-47.8731434918233,-47.7128193377373,-48.6730659736931,-48.3090679473022,-49.1609105107719,-49.5851757264189,-49.8927257695392,-49.8813008852317
-65.0949212444396,-70.9565316619358,-66.1532794722813,-60.3814876975267,-56.7716432587068,-54.4311916066127,-54.8302156157977,-52.1635729982069,-52.1528240887081,-53.8304578458023,-51.0929385777634,-57.0064928181129,-52.9065035561969,-54.9655801431648,-57.5339457069024,-52.6553169836238,-54.1242178534136,-51.6688578905885,-50.7843291406089,-48.527082194772,-48.9451225350808,-48.543016106661,-48.4411994408736,-48.1042441457826,-47.5826895619918,-47.3089747802056,-47.8848211949424,-47.412623228527,-47.8372698573985,-47.8670566184535,-46.913832928478,-49.1595672112255,-46.2027994361173,-47.9345171442387,-46.3709691509747,-46.073481960764,-46.2462569427616,-45.7560017731134,-45.750747362096,-46.4941541392649,-47.1174954175976,-47.70782784933,-47.5419459632028,-48.5660679676213,-48.5964641634387,-47.8151146520147,-48.7787347127661,-48.1002602989011,-48.4094846556372,-48.5966205228424,-48.7495256232964,-48.8988568661069,-49.8469667761507,-49.702090531537,-50.5262700196864,-51.5143831433392,-52.0657945631031,-52.552868262182
-61.9138925890346,-65.4021697811468,-63.9237962752834,-58.1332072477849,-56.6979741228615,-54.9699797090259,-54.1625311575064,-51.8052170532816,-53.1260210571584,-52.3850698011449,-52.7113635834759,-51.9137419808461,-54.5508717415614,-51.1483754009066,-54.8855006470556,-51.3394945563461,-51.8220011299408,-51.3886875079948,-50.823909743511,-48.9624300494932,-49.2864295451734,-49.2278829067571,-49.8706451037819,-48.5209206652467,-47.9566947413635,-47.3731528238496,-47.5756766092153,-46.4560278734402,-47.1401532105054,-46.1289358820479,-46.1325087529864,-46.9539591544794,-44.9087395134658,-47.1856525552426,-44.7062948744962,-46.0353045511296,-44.855861786755,-45.2227349574544,-44.7191097325992,-46.1232185487578,-45.6609091724154,-46.3037450540902,-45.4532644251669,-46.9772260751744,-46.985276734945,-47.3596358552149,-48.2811268901031,-49.0175964211408,-49.5255823618689,-50.2314634429592,-50.4004114440344,-50.7763853986843,-51.1160671932956,-51.5764799583749,-52.3143133982899,-54.2361358370548,-55.9174051146955,-58.1118378799858
-58.3690561574728,-59.9018880285348,-59.3432390434274,-56.1326146305251,-56.6437057391817,-55.0080813471314,-53.2678955052901,-52.2852692560878,-53.7537569930149,-51.2249947422521,-55.2375766356425,-49.6179603814046,-56.0512077473617,-49.7435159771279,-52.7900550051965,-51.1213111006836,-50.7744198176845,-51.3808329926563,-51.2215597759619,-50.3079227940125,-50.5412498535426,-50.9101521923457,-52.3856879721258,-50.1494720060035,-49.6212321331762,-48.2995633788724,-47.8092577259948,-46.2679812342157,-46.7191083319106,-45.2979209399048,-46.1342590484138,-45.5275774619265,-45.062419853526,-46.663539907706,-44.6471292814186,-46.6500650562894,-44.6598676652758,-45.3892820932928,-44.5168971489537,-45.7192141099358,-44.6423143452612,-45.183559568841,-44.3962280278903,-45.9511940496401,-46.2922591723057,-47.7895846829919,-48.8262989403024,-51.2294087034436,-52.1655815541535,-53.2734439185448,-52.991003507699,-53.1601258943693,-52.259831795058,-53.4734357942309,-53.9511838747639,-57.044559755824,-60.7880215836372,-77.3142886732536
-56.2398063308748,-56.8951473945751,-57.140390024047,-55.6094204490093,-57.0555487629882,-54.8304573889401,-53.3643838546723,-53.8492198539303,-53.8594258058042,-51.1348611628993,-57.0639016844056,-49.4406135759079,-55.5318899261958,-50.5384032218003,-52.0178703318946,-52.4736293460013,-51.1512166485094,-51.9021344932162,-51.8317009533535,-52.540961331018,-52.4550648237963,-53.9165387215852,-55.9305526503725,-53.9741522196683,-53.1797866276188,-50.1193239428937,-48.3947682699469,-46.626002100553,-46.2511543996714,-45.1110323087781,-46.3137704359037,-44.979512940359,-46.4505600693626,-46.9732151365747,-46.4812451817753,-48.0531302407491,-45.9744886084802,-46.1291254061011,-44.9886010271649,-44.9495464926411,-43.9623638553009,-44.2488876045757,-44.0375405823592,-45.2619916169885,-46.1585323997284,-48.5756561926405,-50.1414623506616,-54.9919078826967,-57.6827211374536,-58.9603468219087,-56.4298906390346,-55.3357677463071,-53.1282497738667,-54.715658614723,-54.6253244306357,-57.9605833756597,-59.5699403973402,-62.1690235627916
-55.0376801037576,-55.4866266457883,-56.4084069115409,-56.7325058729742,-58.249271226546,-55.6095387210302,-55.0252035931851,-56.2380865575798,-54.0147020608776,-52.3595153903376,-56.2654891954767,-51.3135906514522,-54.1934871564462,-54.1227891762337,-52.8877888633205,-56.0159188460448,-53.0588309609363,-53.078804603248,-52.5239906092325,-54.6224304028494,-53.9410929333058,-56.8995019374721,-58.5234140776988,-65.007914871389,-57.501899373495,-52.1165892359926,-48.4515992216761,-47.0081432925427,-45.5421682410598,-45.189837967948,-46.1018496842567,-44.9846068863471,-48.7026115547379,-48.5264423839274,-51.4123382029739,-50.914511878893,-49.2531198659914,-47.0407964425076,-45.6768418238735,-43.9778341804254,-43.5529783135417,-43.5219842824896,-44.0701578129347,-44.7529055868336,-46.1006040135184,-48.891931809763,-50.7919323167649,-57.7002168399148,-65.0726574151508,-63.5753988610259,-58.4607461562253,-55.7915223657177,-53.6667003012084,-54.8752590096837,-54.4217434228731,-56.7646759101609,-56.5944358775267,-57.7255236070944
-54.3488055110579,-55.2368117450279,-56.3120466092732,-59.8020910209066,-60.8469366182339,-58.8267019038707,-59.4479350961869,-57.3445005537191,-54.5501810218253,-54.4118669111407,-53.7471063277291,-55.5187417966907,-53.1865375309853,-61.279867286587,-55.9193461312957,-62.8061167560086,-55.8938827441652,-54.992797362376,-52.9831860404471,-54.3644385969534,-53.6452987848392,-54.1213875930877,-56.1371978468248,-57.185010468272,-53.4471320224075,-51.4347773225018,-47.1966420832792,-46.659826036514,-44.6381890278256,-45.0662931137058,-45.3049892158199,-44.9335786633844,-50.4267753545576,-50.2443821941548,-61.2185941014837,-56.5876948474864,-52.6769546822845,-47.3293088774413,-45.8164102113463,-43.2698624774077,-43.3856654446227,-43.0904923815769,-44.2272133123186,-44.367761999201,-45.7748484070161,-48.2788828176302,-49.4882748030987,-54.2137753266475,-56.0307369447929,-56.4299039310034,-56.2786148588349,-54.383529312548,-53.8612076962351,-54.2055235749487,-54.1382206066732,-55.4282021973834,-55.5127278809769,-56.9579321868542
-53.9243251588327,-55.2956656182826,-56.0336132692538,-63.2925138803248,-66.1033400757907,-69.6901343240633,-69.8164070927774,-55.9698633172059,-55.4204498598292,-55.4374821585275,-51.6062518707011,-60.5115423874024,-53.127601353776,-57.3354272141475,-63.483203394757,-65.5960828632337,-56.6295152578754,-57.2122928026823,-52.7779094020159,-52.6971123187238,-52.0983944297977,-50.4574901783803,-52.4888270046928,-50.0981899047295,-48.9390503460556,-48.3109680773501,-45.335071049103,-45.3486744468645,-43.6972252782504,-44.3975883493062,-44.0801687059427,-44.4494135177079,-49.1583618150679,-48.383433036689,-51.2733134172987,-54.9417178755152,-49.1834326073734,-46.6093313077077,-45.1777348640192,-43.1468316719518,-43.4547962287251,-43.0401169608463,-44.3417524043722,-44.1731792209663,-45.3434992538202,-47.278162206166,-47.7949980315474,-50.8554765852305,-51.6085646072776,-52.5712363167618,-53.4470927347022,-52.7028251254807,-53.7098971240965,-53.316641106879,-54.1630306351607,-54.7416877357107,-55.9237623653144,-58.2157726133051
-53.5864919783565,-54.4191149724868,-55.1966165766968,-59.359570367471,-64.1149363243183,-61.8106769771155,-58.9168599312506,-54.5286185890999,-56.0629697410652,-54.7669110775325,-50.7169659927286,-57.9473746246152,-54.7181329891074,-53.553648101734,-64.2228874995176,-61.8048642891697,-55.2333535091227,-57.2278950321915,-52.1884012142867,-51.2024281931411,-50.4170744561225,-48.3813565653159,-49.5737470016579,-46.7336176967891,-46.1404486904437,-45.4609031780306,-43.7205563590788,-43.6347781133532,-42.8256453766632,-43.238464438318,-42.7438641472394,-43.7658820110763,-46.1130562557467,-45.1715728333839,-46.7545669090306,-48.541398258386,-45.7538024365875,-45.5588602240762,-44.4255746065336,-43.6885939020211,-43.7584435420346,-43.4191265341547,-44.4036750151777,-44.3095891854653,-45.2322348386237,-46.5831649335142,-46.9690308018684,-49.0431028674434,-49.5941234174296,-50.7822465329411,-51.544970668256,-51.596011101841,-53.2740684774154,-52.6517966375313,-54.4082480849362,-54.7184353986608,-57.1677489687943,-60.6586164751996
-53.2038614026949,-52.8539500232872,-54.0808710800508,-54.8842219418147,-57.0422921757048,-54.9001833614438,-53.4844207308741,-53.781277314965,-55.0105722562348,-53.7198924879318,-51.2507174891005,-54.1730514477591,-57.4493257722598,-53.1667826704635,-55.9919959292189,-59.3957536655285,-54.6856259635144,-54.9238426591014,-52.0200386233845,-50.0782804951825,-49.1865129776075,-47.4987130719468,-47.4275938643688,-45.024837663412,-44.3371454608189,-43.4520445609413,-42.5699726060323,-42.0881125609067,-42.050714676039,-41.9635298650773,-41.6458229882073,-43.2043014015086,-43.5461950206774,-43.1857293232611,-44.9423515411752,-45.2258746440039,-44.3144865099683,-44.9089535673194,-44.1723375245201,-44.7562388117132,-44.2884170705463,-44.2233659184321,-44.5667596137132,-44.917602255984,-45.7453464640381,-46.5494386776968,-47.2739466916049,-48.4999358532266,-49.07719731195,-50.2880495815197,-50.6417601349187,-51.2433718191247,-52.7182289797467,-52.3762191080431,-54.5628978037589,-55.0164347219613,-58.0282439797321,-61.658146236426
-52.7879787465835,-51.7278724832713,-53.0240514256705,-52.1612768569606,-52.8818662428398,-51.8234560967826,-51.009537460116,-53.296838356664,-52.5694438111693,-52.3605137373706,-53.0823139650567,-51.7187119591983,-55.5439182934293,-55.3694960988285,-52.9109662534385,-56.7822350156359,-55.5574274281863,-53.3836568143974,-52.7736133645501,-49.4558283222288,-48.7271133011849,-47.3238140720367,-46.0382754389111,-44.3247703919746,-43.1847406910984,-42.2135359188997,-41.8181204097553,-40.975730929429,-41.3681182727203,-40.9362508617394,-41.0190212386008,-42.8216145425996,-42.0650719978578,-42.5751923197441,-44.6038290058476,-43.9240619451306,-44.4839926384702,-44.9902183613386,-44.6670962451988,-45.9746446118579,-45.0291602448665,-45.3824067785246,-45.071288768379,-46.0992140217297,-47.0302140744239,-47.3638537504193,-48.7787102651155,-49.1114399002684,-49.8331889378087,-50.7922497887948,-50.7195405142066,-51.635869178513,-52.2931959677652,-52.51791149907,-54.3963824466731,-55.0808215281803,-57.5209608628187,-59.6919631936912
-52.5103245634757,-51.3976415933589,-52.1229325777368,-50.7090436397566,-50.5180351527769,-50.4287009205127,-50.1429367822051,-52.5547141429648,-50.5532084801843,-50.8741538982653,-55.401619058347,-50.7638935869619,-52.1455989785734,-60.3781970201468,-52.5883538239269,-55.2254934148186,-57.8470652525164,-53.6029456613044,-54.5290434097711,-49.6492109058724,-49.1782176025032,-47.5260464666757,-45.4438616881892,-44.2736735385003,-42.5902232819895,-41.6135248814847,-41.3504937079729,-40.3638288578701,-40.78628243304,-40.3415266772568,-40.9175827684245,-42.5620265210842,-41.7190140226391,-43.2226616414084,-45.403526880589,-44.3282149414206,-46.1636735305719,-45.9475232680443,-45.94956298327,-46.8652410473801,-45.9617539394648,-46.7497256963927,-46.1191610110991,-47.9059891077262,-49.1564112081038,-49.2119611511275,-51.6487899302442,-50.9632725368719,-51.8989749944768,-52.1808027691674,-51.8100435339407,-52.7234735673292,-52.2985863141857,-53.1196740622602,-54.046422135416,-54.7508112365898,-56.3978990385873,-57.5441142979301
-52.5561181920017,-51.6251691195922,-51.3983698034203,-50.2327155208827,-49.4659938793637,-50.0584558452863,-50.3120502656443,-51.4637572190811,-49.6030033413295,-50.019841548915,-55.9211571281596,-51.6993397638733,-51.0050466512607,-63.4986456931915,-55.2050192820864,-55.8894542474104,-61.9737059711946,-55.9717289021033,-56.9174280810289,-50.9331554216686,-50.4864771605578,-48.1224272602273,-45.6542762625105,-44.609657056046,-42.555117031588,-41.4932633783384,-41.0812293643943,-40.2004686558833,-40.3399633633274,-40.192914581428,-41.2278385717196,-42.405198092391,-42.3450696407622,-45.0459664968286,-47.4208608662504,-46.7185594549462,-49.6625485164783,-47.8766762006478,-47.8427359846686,-47.2823975671848,-47.0638765983392,-48.1285231733304,-47.7499103719795,-50.303349905118,-52.0991107922569,-52.3670321775647,-56.3816142771865,-54.4211438762191,-55.4660863242596,-54.4345052511072,-53.9911540517319,-54.4559716787469,-53.0597744821839,-54.2938041324385,-53.9314338271828,-54.5246040016425,-55.5457374192822,-56.106717185794
-52.9887064571586,-52.0135940945883,-50.9867465944552,-50.5731360048914,-49.5389105972824,-50.4225195860751,-51.0197788330114,-50.4028981196085,-49.6735334723385,-50.2297610388805,-54.0395891582812,-54.6255196146754,-52.2878073423246,-58.3968457781171,-64.5027021579466,-60.1412399313244,-69.7965555197317,-60.7904961867881,-59.2269843811309,-53.4174094394746,-52.3972651971693,-49.4666698993802,-46.5554090227973,-45.1655095552239,-43.049692167159,-41.659507416359,-40.9723027948922,-40.3507682120322,-40.0765530560605,-40.3771919001547,-41.6913440043469,-42.3132719173972,-43.4069759437624,-47.726682454891,-50.8720272902501,-52.5356453989173,-55.7221968022628,-50.6970883613288,-49.6930506791513,-47.5333529754495,-48.2866462929902,-49.348073380472,-49.692088819147,-52.9997450602537,-55.3552359186191,-57.0070720723623,-64.8522239048151,-60.695303569559,-60.5628115804366,-57.5769446901533,-57.3773067517924,-56.8108985077035,-54.9598808601409,-56.14497263015,-54.4763897176968,-54.9066679645503,-55.1985980761593,-55.2862959251668
-53.7080945116249,-52.5057351883434,-51.1592173767818,-51.6313530570653,-50.6681668451091,-51.347807762773,-51.7847629739411,-49.8743340518396,-50.5245663220892,-51.5247348768482,-51.9319555240094,-55.6043635558534,-56.4535177937713,-55.5386335650922,-62.4583487949574,-71.5651829957908,-102.972050083284,-62.8424599445815,-61.5586268409233,-56.9464513111252,-54.7261049084859,-52.0007759510928,-47.7530362733,-45.8703967118768,-43.8926703763662,-41.9363083957294,-41.0155920580511,-40.6355944711275,-40.0322876989459,-40.7045883439966,-41.9751960648007,-42.1548567538787,-43.9382858384684,-49.563174253469,-53.2512625356557,-59.1769397920059,-56.9245561402928,-53.1417238923148,-50.5065369024009,-48.0009438728897,-49.5053527408781,-50.3056501274754,-51.3664657107773,-55.0522455177594,-57.2158609328034,-60.2922537861848,-76.8427258189683,-80.8553413729442,-64.7010982033209,-61.5420252990493,-62.0714230852224,-59.8646014086446,-58.598384554066,-58.5704769025487,-56.0450303605741,-56.0535512141657,-55.3747841128074,-55.0285960616982
-54.548364126871,-53.489617548812,-52.2485319935905,-53.3402970318542,-52.8243253260245,-52.6398055709818,-52.4613470486891,-50.2997564814824,-51.9597617594749,-53.5949508177434,-50.7918600064035,-52.5008887536888,-62.9693456351475,-55.1265394036688,-55.1521011944628,-59.9013710673673,-79.9927105193684,-60.4768328447982,-64.6522010404729,-61.0184625404036,-57.8739867428404,-55.4815240953471,-48.570377056502,-46.6301940497204,-44.656037718979,-42.2563252339215,-41.1933828540422,-40.901939370869,-40.2123351777655,-40.9827631384919,-41.8532357478363,-41.8283137919351,-43.6549179531705,-48.4946277374014,-50.013246453056,-50.4191949798159,-51.9703301634992,-52.6816811349112,-50.3420206003668,-48.956202452421,-50.5225158986778,-50.924057394461,-52.5166612670544,-55.3967177450495,-57.025265825518,-58.52313313241,-66.149540053466,-66.334904658939,-65.1451690641953,-65.8891126166631,-67.9765846439256,-63.9767509699128,-65.3300680643992,-61.0983409863785,-59.0440176152343,-57.7702036028201,-56.1088518741222,-55.3542316882255
-55.5883428413284,-55.4053834760584,-54.6608252560433,-55.6391983100679,-55.9201698241868,-54.1096596761535,-53.362770067386,-52.0800244936333,-54.1057692860286,-55.7769329380558,-51.0789767407218,-50.9718854818662,-59.07312450639,-56.8423174985945,-53.4006779736532,-55.4542364509289,-66.6508517154658,-60.6171396834789,-64.5301413215942,-62.0104812950871,-60.6396287908753,-56.0534796167893,-48.7070779405504,-47.162294649435,-44.901085948773,-42.6708951217717,-41.4603612928916,-41.0961797974281,-40.5787932159834,-41.0982138560095,-41.3905649701487,-41.4470734759989,-43.3095150580226,-46.4294655157955,-46.8377229390923,-46.9926971991212,-49.5626338613479,-50.9320733796532,-50.1472527826386,-50.5680463995177,-51.2403706520791,-51.2054784293251,-53.5137003180977,-54.6415079937,-56.375782136379,-57.0645343963137,-63.9411155521055,-62.2875284110522,-65.9143403107285,-70.2864857006964,-74.5709452145934,-70.1709713532226,-73.9571141893942,-63.6405406760826,-63.9523080840433,-59.5773609834049,-57.4344264605164,-56.1173708851992
-57.4315352289156,-58.616786105897,-59.0836482885767,-58.3575009259114,-59.5615773647242,-55.8813928039102,-54.9533450612449,-55.8633277228616,-57.3360228139396,-57.3348410001821,-53.1382834184651,-51.6589667715743,-54.9997271996809,-57.9776747055078,-54.2811727919677,-53.9560055553846,-58.5436617453126,-60.5310605025205,-60.3232704756595,-57.3900329659575,-57.4463143320036,-53.6240840263144,-48.596811457769,-47.1855134471625,-44.7608483849245,-43.250152044818,-41.7850531955843,-41.2775595346258,-41.047533798605,-41.060782931415,-40.8877701757974,-41.2640793197201,-43.3622633731241,-44.8828771036422,-45.1222317544889,-46.1289838264844,-49.0256218536615,-49.9917770891535,-50.5565952942082,-52.8176554485472,-51.8258094125336,-51.3916824675843,-54.4846977336277,-53.81843049222,-55.7130274068555,-56.847968074212,-63.7553089499033,-61.6323353456593,-67.3754948611981,-77.3764852522116,-80.9555346972756,-79.6798527265435,-70.2211511146817,-68.0756858266896,-68.0607253291139,-61.0419730045047,-59.0534375805586,-56.7341187909159
-61.4020971224197,-63.959026401012,-66.7774305450509,-60.8482711425824,-62.530149776373,-58.5610994528469,-57.6970464898192,-63.6920849932332,-60.7438652466351,-58.1301769385177,-57.4883428271911,-53.8368793498359,-52.5003132754779,-54.7936609460918,-56.4230794459841,-53.8536576926412,-54.0580041420301,-56.6206425786517,-57.260649653089,-53.9257643662843,-54.0658571278361,-52.2426778625694,-48.7485036782292,-46.9641166923833,-44.8147152378513,-43.9946472111834,-42.210260306823,-41.5581434174329,-41.5024372878065,-40.9914749259229,-40.6526000958662,-41.4651217495098,-43.7126380334227,-44.0693503762466,-44.5174615431245,-46.8506879295464,-50.0004031541543,-50.3999642677907,-52.0256195157292,-55.0658716118397,-52.5554041564537,-51.8922466805445,-54.8500051908879,-53.1620958435214,-54.6931522587445,-56.8804762270552,-63.5428127994871,-61.8818240420424,-67.6992518067946,-80.7479946738509,-80.3159886010529,-83.6675025053546,-74.5459981829294,-78.5740749494291,-65.1268914028883,-61.7611708918728,-59.7587617001505,-56.6470777494223
-68.7914809647624,-72.0873089375574,-67.3893578598592,-61.9064842114561,-63.0396835444103,-62.6237983884894,-61.8052996814407,-76.4643974917608,-61.0428003660194,-59.1671507776241,-65.2707822873905,-55.2438063313388,-50.9902883075172,-52.114029609181,-56.8020887265913,-54.4529660518222,-51.8164689394589,-53.3939603676887,-55.5031392137193,-52.6883984912057,-52.8359565157065,-52.4235425988885,-49.5679844327044,-47.1951313109443,-45.5213112927517,-44.8250309397857,-42.8308857762377,-42.0056994894329,-41.8407411729574,-41.0524753397728,-40.8597534343925,-42.0781882166299,-44.0340863041242,-43.9015290523371,-44.7171322515929,-48.5345643514614,-52.4617736541047,-52.6157065866726,-55.3300070853781,-55.9521895208989,-53.5366356648279,-52.9758924950792,-54.0045659639861,-52.531129777747,-53.3465465940991,-56.0691036681919,-60.9673430490396,-60.1610896293257,-64.7642947024802,-69.1369199709959,-71.3724619098706,-77.4823555533107,-73.3520651645309,-65.8606477337638,-62.2871279207354,-61.1557746718273,-58.9363966959713,-56.4060508380771
-61.9262749292683,-63.6964025509056,-62.630945850052,-61.409934104214,-61.3352560703086,-64.1709034904578,-64.1008305528571,-64.6045160046343,-60.8784813515058,-62.1399866946212,-74.0720738433183,-55.2524190203902,-50.7406779233242,-51.2178406838204,-54.9213462808438,-55.0355500808146,-51.2741243323761,-51.9378188472032,-54.4919511672145,-53.5724103484979,-53.5656866385239,-54.1541502560854,-51.693385637715,-48.5487361058605,-47.0327610858193,-45.6120509099751,-43.6714639522631,-42.5486031443219,-42.0326344145497,-41.3525747693403,-41.5238997698632,-42.9657786886407,-44.11222392522,-44.1541176896447,-45.4828234368453,-50.2333645921208,-55.7777669347983,-57.5252492883471,-62.8680707077267,-55.8327076699513,-54.5063797684107,-54.1860431497006,-52.3249275014323,-51.830344297852,-52.0118023355406,-54.3736341591296,-56.6982143764668,-56.3220334328972,-59.5511025136031,-62.470968884418,-63.5699043311668,-64.9181600358283,-61.9979824699965,-59.9739669294955,-60.2843476935227,-59.8017147484426,-58.102571281307,-57.0841095166026
-56.980073607231,-58.4574900971404,-60.079815630703,-60.2986266564142,-59.2152413697706,-60.9812387185355,-62.0143382355981,-62.4472191876095,-61.5711812006156,-63.2908143220625,-62.6898201696305,-56.3490431829634,-52.1232098477434,-51.5902299148412,-53.0908400726025,-54.622792089396,-52.1622111471788,-51.8910641600253,-53.730158667932,-55.9831006534647,-55.7195538354474,-57.7651375410828,-56.7755803890422,-51.5653321525478,-48.8357017495481,-46.1702741508503,-44.5341357464441,-42.9563337887122,-42.1299024121423,-41.8794234004695,-42.4930338774361,-43.8629783396404,-44.0597999606527,-44.5768432973331,-46.6416580492553,-51.2562008460247,-56.0565401687071,-59.7668733753714,-64.8882547382229,-56.4550794556395,-54.731086613129,-53.7386308110648,-50.649292390287,-51.0473982433914,-50.8269282705445,-52.3206495464074,-52.786662027077,-52.805671599873,-55.0131624836749,-57.2264243773277,-57.8783998890028,-58.1474744954825,-56.8771365569583,-56.7267292718645,-58.4168855996656,-58.6306927396042,-58.3094261892218,-59.656497039599
-55.097790155691,-56.1518866586724,-58.3655223105132,-59.0127915601112,-57.5657145066737,-58.5061902242043,-60.3648711212302,-61.0175514118722,-58.8267529484939,-56.9339103029375,-56.1518534770673,-58.2510667949973,-55.6844626095126,-52.6376810515925,-52.0930233075954,-53.6715886967145,-54.2904483804671,-52.7749003744106,-52.9536920627483,-55.9239536327309,-56.4261197173845,-62.0338462002273,-64.969721045997,-54.2998428183886,-49.0886593457131,-46.2073514217608,-44.9445021206117,-43.0149981037397,-42.1984945258944,-42.4760997661106,-43.4436924060142,-44.5117368710794,-44.2165091624643,-45.1870374947701,-48.2091648658141,-52.4141079332724,-53.9344679404661,-54.6561409922082,-57.0228782063726,-57.8813084782739,-53.6341038624618,-51.5058899173024,-49.4432276461971,-50.0743380154961,-49.7071685859332,-50.221325108526,-49.8092437015723,-50.2788960338697,-51.7273280575547,-53.1734020285624,-53.8022749055537,-53.8755217627489,-53.7874707784469,-54.6285779895782,-56.4398504936755,-57.408463114333,-59.1276155069814,-64.686068987342
-55.2929663707428,-55.8757243541449,-57.3716081123095,-57.7461462882655,-56.5115545227265,-56.6175529612133,-58.4272990840722,-58.0488195018417,-54.997220994179,-52.9513442970384,-52.6120222597634,-56.8179552470486,-63.2116891004067,-54.629700593804,-52.5754279398279,-53.8400581006368,-57.4582437201636,-53.9158069550088,-52.2377575198083,-52.8560591666269,-53.8247004081205,-57.2264974562164,-54.0161146298308,-50.7581161301677,-47.3550116521871,-45.4835428239896,-44.5060748886271,-42.7544843448724,-42.2433242028518,-42.8789619304087,-43.9657085613602,-44.7724754513535,-44.8218210154574,-46.307892206358,-50.5137660778891,-55.1909683821918,-53.2522717318558,-52.4748768933962,-53.8209708771835,-55.6882762885004,-51.6914057719961,-49.3645424853134,-48.7202519917374,-48.8256479028722,-48.5709441290994,-48.3460430225189,-47.7962253756119,-48.6782208294036,-49.5344206362677,-50.2911249344235,-50.9839766098153,-51.1701937169252,-51.7777776732254,-53.0797491398187,-54.3902144032336,-55.501076334945,-58.057403349621,-61.8442099681902
-57.508494388586,-57.4110158071492,-57.2582414706161,-56.80377975183,-55.94622322635,-54.7622610499077,-55.2159989990268,-54.750684275225,-52.6342442798264,-51.225647931656,-51.1914039120171,-54.2216086503818,-65.7304937542882,-60.1579750063564,-55.8021796978968,-56.5706663473504,-60.5499968791109,-54.5418354430232,-51.7286160985065,-50.5377824359552,-51.1711852500755,-52.0130429909708,-49.1760352219821,-47.0830265705105,-45.4728889810517,-44.2109557889242,-43.423199128792,-42.3559728409611,-42.194279717623,-42.8527695598369,-43.8067609968613,-44.5294191379126,-45.5699460118539,-47.9671120243418,-53.7580133424927,-62.5899420380253,-54.7736255731876,-52.7676769105187,-51.9688357209346,-51.1613066084447,-49.7088141017676,-47.9925837732693,-48.1996691083859,-47.5283197437524,-47.5060299145057,-46.9700478020105,-46.7032806094378,-47.8483276690753,-48.2531289830362,-48.5114734065782,-49.2261182641326,-49.6356931652705,-50.5326359661311,-51.856001741847,-52.5162310317675,-53.3255923814816,-55.0734557511469,-56.3283403316803
-62.5466520697599,-60.5315217478643,-57.9493881465518,-56.5074335414634,-55.7421597006871,-53.2799345450393,-52.3558924436627,-52.1426558533137,-51.4132348355269,-50.9892123705561,-51.3709943247975,-52.8917233464337,-57.3623119318765,-67.8394971964682,-63.3284803657849,-61.1091546155251,-58.6869309051521,-54.3234884955128,-51.3446374368425,-49.1247087403062,-49.3509578806871,-48.7907948711624,-46.8980671882591,-45.0796418200442,-44.1764139363491,-42.9305459241267,-42.2452835609013,-41.9342772386005,-41.9649068985877,-42.3667976442649,-43.0651844721604,-43.7205229004588,-45.3923033963951,-48.6441091154496,-54.5407618882268,-63.947703917906,-57.4122759057041,-53.7335281954087,-50.264103591601,-48.0297609072966,-48.1355946508948,-47.3557037514986,-47.6264668441234,-46.5879854753262,-46.739437181461,-46.2892440912606,-46.4939044784086,-47.6480175519094,-47.7663020635924,-47.771503784133,-48.4361277554145,-49.0769331525708,-49.987122375174,-50.9889483951588,-51.1458212970537,-51.6949690368185,-52.6387147749038,-53.2700246255853
-74.3961867686109,-63.5238063163346,-59.0710282679655,-57.0217471470195,-55.8098774047807,-52.6193536312015,-50.7512835225866,-50.5118149039676,-50.7668628607985,-51.4736500567601,-52.4976555331444,-52.4924644181891,-53.2436279270449,-54.5159256919388,-55.4022184289261,-55.0345135118216,-54.4313424657328,-53.4634290928794,-50.9096827557115,-48.331663636089,-48.3364995203072,-47.0789238661036,-46.0953840595572,-44.3280201034986,-43.4682994319734,-42.0541222526837,-41.3733418710339,-41.5249154043311,-41.5433496996538,-41.6252192095227,-42.077256423808,-42.5989794507631,-44.0665951099764,-46.976127062477,-50.8080497345059,-54.0553430385265,-54.1904009372008,-51.6993089499192,-48.6591144983571,-46.4740984722945,-47.171233796309,-47.2819386745108,-47.1164389046596,-46.3088974290438,-46.5155498615768,-46.4210611540441,-47.1413084635749,-47.9831593462127,-48.0176379558597,-48.041286757137,-48.5944293094738,-49.4058105614574,-50.1741426580527,-50.6436803339234,-50.5402705666617,-50.9788210648954,-51.3770484607481,-51.7710930256853
-69.6697187024451,-63.933334312276,-60.0540749521753,-58.0723289391775,-56.0660392357143,-52.9424401618243,-50.5122470943737,-49.9306396941787,-50.451569476879,-51.7514470458545,-53.26540476642,-52.3917195569887,-51.0987624366172,-50.2058671009268,-50.3275797651324,-50.4445312710806,-51.4409813537571,-52.318527986489,-50.5921548091605,-48.3924067507344,-48.2765323913111,-46.7340490964129,-46.3828757228533,-44.481208242246,-43.2548491726435,-41.7559082598496,-40.9816198390801,-41.1685901317883,-41.0380508205887,-40.9177619549427,-41.1850952910462,-41.6149602436088,-42.7572763746921,-44.9853918121253,-47.6339052382005,-49.5316054165601,-49.6281074490234,-48.5759371188276,-47.5867115076123,-46.2862619378335,-46.9282043999997,-47.6293100408799,-47.0405416425,-46.8588702694487,-47.0394848488805,-47.4449950398817,-48.6041835927793,-48.8369000510161,-49.0041414153975,-49.3341080758386,-49.7472077408946,-50.6167918281611,-51.1626460320301,-51.0291906602657,-50.8879216669695,-51.2690443378171,-51.2345868081641,-51.3723532109638
-65.9843798881878,-63.9883853520917,-60.441422539513,-58.5542815299083,-56.344744875212,-54.1267851616028,-51.5350027913488,-50.288843224632,-50.4435176699615,-51.2542966453615,-52.2353562117124,-51.7564156639732,-50.1226470077674,-48.6710711214564,-48.4049375758924,-48.5110493701207,-49.8163747915252,-51.2782059154939,-50.9198921742524,-49.9520759118939,-49.5582806698035,-47.8405128747366,-47.5480148451991,-45.2487793826057,-43.4759198894405,-42.0472514039247,-41.0887259188576,-40.9406583504615,-40.638347630185,-40.4797029934205,-40.6326720143984,-41.0963687554189,-42.1497322254131,-43.8376413509205,-45.6846519211072,-46.8891476160284,-46.8976539958174,-46.6943220190128,-47.3007880985214,-47.3243309101816,-47.5031909059396,-48.3914511353896,-47.7313261001012,-48.3551318631101,-48.4948406474995,-49.4276512553478,-50.7690352226257,-50.2745893698677,-50.7775503969097,-51.72139468437,-52.0326514024793,-52.7998103383229,-53.0570490766193,-52.3844035150389,-52.3706580839134,-52.5816034441974,-52.1099467034043,-51.8822164884539
-66.9291237622411,-64.498292654945,-60.2486276726632,-57.8636195166714,-56.4066341179598,-55.4844021729293,-53.2636765042717,-51.0593640621129,-50.3836232658555,-50.0096374980691,-49.844896090042,-49.8549970734388,-49.3321152781034,-48.5309323781113,-48.2684412034515,-48.3139438792482,-49.3177629068951,-50.7135252366582,-52.3861547016571,-54.3000529995668,-53.0482390687883,-50.603529028855,-49.2232219578665,-46.308808802782,-44.0866997548917,-42.8195343689632,-41.6120263912903,-40.9364932696251,-40.5371712872539,-40.4544357546946,-40.567788933533,-41.1790412977212,-42.3043156439669,-43.5241235916749,-44.6490030281224,-45.4214839680463,-45.6406030941553,-46.1595296077966,-47.8284317079363,-49.4382376932535,-49.001691135153,-49.7559240541896,-49.46081313875,-50.9764569666151,-51.1003556437398,-52.4071726994448,-53.3435457493984,-52.3778115303533,-53.4471189797565,-55.3765320620551,-55.80115759228,-56.2122440200136,-56.0257409763012,-55.0210846278867,-55.2304307717457,-54.9168440084546,-53.9587908447195,-53.2716582113998
-71.4507547021761,-64.5623990524689,-60.0688865813838,-57.2418896368494,-56.2153903877617,-55.7271353185517,-54.0267744296565,-51.2974254712191,-49.7272919257642,-48.4732511817091,-47.5526273666829,-47.5544524082356,-47.9960978994208,-48.5535742500849,-48.8838030693284,-49.1786227330539,-49.6986067214897,-50.8590325969187,-54.6893673778574,-64.0279617691024,-62.3941317963908,-54.0785500369395,-50.4238989421667,-47.3183228858859,-45.0024256593453,-43.855241075741,-42.423557196219,-41.2614203951101,-40.8752903517688,-40.9038046902599,-41.0545871943963,-41.8492593098727,-43.0228306550693,-43.812641065696,-44.3690978106724,-44.9522151662925,-45.5715326481837,-46.7638144130983,-49.0591137476845,-52.2663166037259,-51.5083181063225,-52.0704452151018,-52.616389445221,-55.2069565806809,-55.233747141318,-56.2377564083903,-55.75080730696,-54.9999912357238,-57.0676026129994,-60.6463031962275,-62.2207028322279,-61.5396039287799,-60.2907142755532,-59.3866174031071,-59.7704505457184,-58.2994793786287,-56.8955280471827,-55.6838660247503
-76.2136293562693,-65.0382577754887,-60.644772723669,-57.6990072725483,-56.1089602393155,-54.9723516051631,-53.2266359091589,-50.9248600895658,-48.8634254900841,-47.3779700213108,-46.2078402857062,-46.0393817665761,-46.6511382701318,-47.9097160798091,-48.8495027363906,-49.8903569822381,-50.3876302763127,-51.4668301924378,-54.4750137248777,-55.9197375109643,-61.1073180614192,-53.1664189844386,-50.2570193106542,-48.1058112628959,-46.0761563056735,-44.907531807119,-43.4354587667339,-42.0196589997028,-41.7110199936456,-41.8040412143137,-42.0512811053921,-42.9475162339204,-43.9944583766151,-44.5182838697437,-44.8600580557899,-45.4841888693144,-46.6045118121048,-48.347175342205,-50.7938575892545,-54.8933650291199,-54.8052008772757,-55.5769308384434,-57.9119546176288,-62.9679325389869,-61.7238275624723,-59.7608404956449,-57.2332082416306,-57.2326927072645,-60.5997276803754,-66.4373116460627,-81.5654540073953,-69.4971567996118,-65.6628953400416,-65.806514532315,-65.9987909742879,-63.2278691652149,-61.5740685040313,-59.4678830035964
-73.312469523172,-67.7141244949566,-62.4266892106457,-59.3890876342013,-56.4958750407903,-54.623983911522,-52.6565717722485,-50.947233495299,-48.7322344092757,-47.3042859930652,-46.1433656600865,-45.7353257977951,-46.0435681507692,-47.0436586492323,-47.8017048943849,-49.1047550859172,-50.0898008742144,-51.1869445100509,-51.4859237500259,-51.5340308841915,-53.4538281644394,-50.6904227925842,-49.622220732584,-48.8761412020224,-47.2212510867994,-45.9212736048748,-44.667835731197,-43.2794624016604,-42.9826481879008,-43.0036401293346,-43.3503669671357,-44.1636442031566,-44.9305689825536,-45.5425575537093,-46.1952950925534,-47.1117433480646,-48.8418682944325,-50.918955773043,-52.8390479519743,-55.9937746180176,-57.3695164049911,-58.3179777217688,-62.3122598740627,-72.1814098528435,-66.697481321306,-60.1166485514396,-57.4460492578687,-58.0146820347134,-60.6777725700144,-64.1331104033116,-65.5528649487091,-65.5887528750601,-68.4022034977483,-70.7511478634733,-73.6857758236716,-75.7005022426102,-69.3297183514884,-63.4183756852114
-74.0744587245941,-74.6994942863119,-64.9976099351508,-61.3777187203305,-57.4996325652306,-55.4326521595626,-53.3611482070393,-52.1192593285837,-49.9722655876954,-48.6134915043746,-47.5034687011013,-46.643852271829,-46.3315525172397,-46.5138677215614,-46.6933951425922,-47.4712521947164,-48.4107260205721,-49.2765384094614,-49.1901476214571,-50.2785638812585,-50.7936356387264,-50.0001252774192,-49.7738222314409,-50.1646124276354,-48.6728055990748,-47.1854682949231,-46.2191616034895,-44.9936417792899,-44.441286585493,-44.184712428913,-44.562820954091,-45.1585387392069,-45.7144724325344,-46.7496546080929,-48.2834807233209,-49.9712477379318,-52.6916283991049,-54.9703219072793,-55.1504657089108,-55.4777704089557,-57.5671267458329,-56.8320721569043,-58.4500941226979,-61.4312203072937,-61.2760113379701,-58.2175862079687,-57.0045952583408,-58.0230867227753,-58.5357859993266,-59.7812204934265,-59.7774990520508,-60.1069880846002,-63.7450919518753,-65.7013869930431,-67.1558677747237,-66.3880288893247,-63.4184128884594,-60.2381942458702
-85.8930255451633,-73.3034077142116,-65.7840000121556,-61.6640319749513,-58.6924987890639,-57.4492026784968,-55.6964208289674,-54.8616599417247,-53.1031745297554,-51.5872949745412,-50.2360366322496,-48.4105759936485,-47.2124760433261,-46.3978129007528,-46.0924670213506,-46.211753198323,-46.7174886846651,-47.2900937401673,-48.0341062973694,-50.2632573068692,-49.9883446963631,-51.2114820941803,-51.5076640724306,-52.8606273191241,-51.1359938427233,-49.1806409898865,-48.1006140770159,-46.8318135195234,-45.6345037749187,-44.9884934128162,-45.3161748341303,-45.7532120246575,-46.3564357632134,-47.8192447916419,-50.3786118036734,-53.8216333648728,-59.3337109421085,-62.7043586354755,-57.7502360421117,-54.7659878083996,-57.1505323014651,-55.3359562954546,-56.4574700223259,-58.3625161263777,-57.9942086413918,-56.709486443011,-56.661380078843,-57.535905611396,-56.3359167399431,-56.3249662903162,-56.2740375993478,-56.3909917366685,-57.8877991500989,-58.5229285632592,-58.390003248519,-57.7835491599052,-56.9818415333739,-55.6525621402702
-75.8258041793074,-68.0198939779897,-64.4034718235875,-60.8799912789797,-59.2614790881798,-59.5271276698921,-59.7841493149222,-59.6309871204814,-58.9444793424862,-56.046485431745,-53.3413735238723,-50.1956265539917,-48.2394597516722,-46.736858120011,-46.169231117332,-45.8159862548026,-45.9132322064924,-46.2586412917256,-47.7038626465489,-49.8986047496438,-49.8982743667598,-53.6916613947863,-55.9841715106551,-59.562488146655,-55.7421361924308,-51.9273185328888,-49.735859835589,-48.0197466440314,-46.1725594091558,-45.3168292901687,-45.5172691037177,-45.8845200102211,-46.7616767594466,-48.3447633818141,-51.0634261846355,-55.7140435681138,-64.0440192121487,-68.2072239755078,-60.1503763821646,-54.9545208335571,-57.4569336774531,-55.8256660517526,-57.2263901376185,-57.7971045168552,-56.7502963479704,-56.2146204796776,-56.2779125347912,-55.6660137465248,-54.1067593029727,-53.4587329510763,-53.4763186601974,-53.4440355520241,-53.4215974206777,-53.4521035238696,-53.226672115486,-53.1202353873518,-52.9993851836151,-52.4564617331428
-69.7314814183532,-66.3333829683991,-63.1979372606298,-60.5612554835799,-59.3086023994646,-59.8034788856515,-63.9622139878539,-66.9357935158832,-65.7628670364426,-58.8125944903727,-54.7815913893557,-51.5579369284776,-49.4270535526366,-47.7866543101393,-47.0804285774804,-46.473981912108,-46.2590963614273,-46.3998213896612,-47.9173451041131,-48.7847590821978,-49.7374746519414,-53.7217348679993,-59.9917940173265,-65.7767125891685,-57.4816497278972,-52.3777327686433,-49.5981979660574,-47.903200053915,-46.1051779135086,-45.3625508747258,-45.3281238914383,-45.6061504580542,-46.7186496492544,-48.1812025721497,-50.3335059451149,-53.6160856895643,-57.4521737144318,-58.8655975352354,-60.9661183751589,-56.3057646722099,-58.7828167123586,-58.843003117777,-61.0569834196364,-58.6206624382342,-57.0070596191986,-56.2589836389696,-55.0062460691787,-53.0738359081375,-51.9737239972308,-51.1656708358961,-51.1411582935333,-51.0532338389319,-50.3821412203202,-50.2165057830224,-50.0971644174871,-50.2218799951707,-50.3453141134223,-50.2901357400391
-68.078600459267,-65.7141048613676,-62.2370428719149,-60.6200346730392,-59.6086305499981,-59.5795263436313,-64.98385274765,-76.607693286479,-64.2689803647089,-58.8052734554879,-55.6857049161794,-53.3349459161386,-51.3222075065723,-49.8907159814654,-49.0496879507977,-48.347746937126,-47.8595975115335,-47.7449444669392,-48.5628155717537,-47.9233866752135,-49.3618195752405,-50.7122096791012,-52.7766929149814,-53.2535299677633,-51.4255124894486,-49.2684298003112,-47.7877704498783,-46.8911229522564,-45.7888086476103,-45.3663936686212,-45.0824397478875,-45.2842281172526,-46.3506265582339,-47.6440974368807,-49.2771132961332,-51.3204816968904,-53.8040364333216,-55.2942290095166,-59.7273106508637,-57.9571846595225,-61.1563048872033,-66.1018420604005,-68.1561965631056,-59.8245517798278,-57.6770954897258,-55.4580588519489,-52.9621681744714,-50.9670017146193,-50.2432713288854,-49.4982968119105,-49.3341839394906,-49.2451011664149,-48.5552069461417,-48.3998486384846,-48.400763247828,-48.5595954130297,-48.6970327566973,-48.9264349415226
-65.2086475644025,-63.4104399692307,-60.8522901889827,-60.2595524683241,-59.8578849529164,-59.6718688176576,-64.5356741654698,-76.7253111635202,-64.5447477414857,-59.8961898822137,-57.869110129718,-56.2440565986995,-54.3194229760797,-53.2568641768988,-52.292387740144,-51.637686930878,-50.8574745472217,-50.3441461171557,-49.7087815166751,-47.9520022664866,-49.168731629599,-48.4644326817762,-48.5852439959572,-48.6951952074397,-47.7024362996803,-46.6430064382392,-46.0180048906744,-45.7986693789009,-45.5480857765553,-45.5243128109513,-45.1958496257489,-45.4384001610233,-46.2526984859929,-47.3609911646761,-48.570658763445,-49.9751056581815,-51.8645718493832,-53.4236725892766,-57.374684529973,-58.0812357304572,-61.7553460350891,-66.5480294860581,-63.8689635653673,-59.6910881573188,-56.4308974246267,-53.4702749549955,-51.1235762614233,-49.6840166999348,-49.0637400504595,-48.450500915413,-48.1430709366386,-48.0883280470532,-47.7717975640967,-47.7601587511072,-47.8783416896127,-47.9595746595682,-47.9876894530418,-48.2949218967178
-60.1726243392682,-59.7057058777143,-58.9785562142517,-59.06519901024,-58.9336941079344,-58.513768503372,-60.4975944712778,-63.8648576468562,-63.3602681385992,-61.0874204075822,-60.6120960693408,-59.4258540306701,-57.6753565339724,-57.2660657754961,-56.3812228934308,-56.3500320840311,-55.5791655613869,-54.392339943804,-51.53721195186,-49.0193779101188,-49.4683443155225,-47.511753986037,-46.6328436207002,-46.471225905041,-45.8401329504671,-45.2706337654494,-44.9946095976928,-45.0991430506189,-45.579593095228,-45.995895648171,-46.0131111081604,-46.4879602999444,-47.0650032836738,-47.9800094143174,-48.7541756527983,-49.750698856267,-51.1170161582215,-52.3527514626806,-54.8144300166502,-57.0348632873969,-57.7870258196112,-59.827213263666,-59.5455563713068,-57.4211359422062,-53.8093102919072,-51.5627630143379,-49.9579767973942,-49.1136475737968,-48.412762154472,-47.9554449245159,-47.6015326336903,-47.6350210748217,-47.9084809123394,-48.1747869586712,-48.4408058447187,-48.4126850825219,-48.2696409035938,-48.4173007955985
-56.4132121059375,-56.7243511873427,-57.2637965084331,-57.6853090548111,-57.5758108127927,-56.7293926513947,-56.3982404894231,-57.940769977165,-58.8079463090556,-59.3664736377073,-60.4566165836123,-59.518068878364,-58.272175454964,-58.4238444976243,-57.8502861714582,-59.8425074277036,-62.6361959243396,-60.7633058730591,-54.3215566105559,-51.0829281977402,-50.271580735802,-47.6105767539961,-46.0903517633147,-45.5792587853257,-45.1590272667376,-44.8810901229056,-44.7486218279647,-44.9654550258071,-45.9737711851584,-46.8911258009456,-47.7624239675321,-48.7880966840762,-49.3792030674651,-50.1328670504913,-50.3796139969538,-50.8262250908549,-51.4489321254621,-51.9768704808928,-52.7067216300186,-55.6284243279492,-54.1699336759178,-56.2352443797458,-56.4183667694996,-54.4360013842654,-51.7045477932334,-50.3678594862534,-49.4426101914954,-48.9687239199739,-48.1883513013367,-47.9174714915112,-47.6856663392712,-47.899608965774,-48.8410174303274,-49.5869043100187,-50.1367398834663,-50.0774229323429,-49.7179991427212,-49.386528382842
-54.4130908145616,-55.2111433041497,-56.5407620324944,-57.2132574713802,-57.3124183070633,-56.257394649748,-54.3051602720399,-54.6784729552596,-55.3419823428684,-56.3505887568623,-56.8645376943512,-56.1623889290938,-55.7816090616909,-55.9658266716539,-56.0982075724334,-58.5470859229665,-65.1611728083772,-77.2048165317716,-58.211694941844,-53.6528385303728,-51.2931439087066,-48.4076442622521,-46.4632461524973,-45.5372241393518,-45.2012044257206,-45.0883141107288,-45.0716846592155,-45.381516560055,-46.7152452145733,-48.2525552122093,-50.5924419698627,-52.8897095848415,-54.2327363144429,-54.7430417369064,-53.9775599847191,-53.2131059038172,-52.5972979443116,-52.2805623348369,-51.4111529064658,-53.7323956526664,-52.0615855252391,-53.6311041488754,-53.3323924827675,-51.9355940785225,-50.4538617132895,-49.8391703363917,-49.3466488499005,-48.9370107184338,-48.2937086271152,-48.2509381935017,-48.3196810116358,-48.8272423116006,-50.3538419276283,-51.9073631538654,-53.2022133399841,-53.4782395020362,-52.7582408270885,-51.3467976716022
-53.8701895708735,-55.409040932075,-57.7528385107389,-58.8265252547146,-58.7722806348842,-57.5806369484977,-54.1170201837459,-53.0954064649744,-53.1160164099235,-53.5626837902082,-53.1976294520182,-52.8745486238794,-53.284571499024,-53.7467219349307,-54.9104935634408,-57.1470081532424,-60.8992653564914,-66.8005006577419,-60.2489709309496,-54.9850356717924,-51.9522296769616,-49.3014446366349,-47.1741549191741,-45.8857142372414,-45.5131132900412,-45.4270778924819,-45.5679102743961,-46.1092988711551,-47.5636166087034,-49.9150372415252,-54.377549423904,-60.421493053435,-65.6430701377266,-60.5441693518027,-57.5143187026163,-55.4247331991598,-53.6958952915166,-52.9479566622243,-51.1194388198245,-52.0210114872847,-51.2862109923303,-51.7201081447211,-50.9421021889619,-50.3100760117847,-49.8866457656538,-49.7268833128074,-49.4277797664052,-48.938907482535,-48.7119988178096,-48.9171389546217,-49.3857997903532,-50.2285361704466,-51.9991670267967,-54.5956941615826,-57.9994234330638,-60.7380923310963,-58.3745865586742,-54.2142824144583
-53.9242058071656,-57.0921622883658,-62.972737499972,-65.2130185188042,-60.2678262779643,-58.3502854006963,-55.2820177381068,-52.7642093257598,-51.887275452582,-51.6233189150243,-51.0290561551188,-51.2248071892103,-52.2755183010582,-53.2879787458309,-55.4728570095469,-57.6079130108909,-59.4214953217789,-61.7195121376804,-57.4122710747472,-54.3141633959187,-51.74772540706,-49.5705122459425,-47.5597313883663,-46.126980046069,-45.6339975230583,-45.4571466431215,-45.7293256771749,-46.5759350173898,-47.8674988228143,-50.8664382900458,-56.5337658297605,-66.3238627098418,-60.518173425212,-56.2232786367425,-54.9237452452011,-54.6988127801917,-53.9345405994065,-53.5885622553305,-52.0431804878728,-51.3533243117381,-51.7054290062854,-50.7349114621963,-49.7132399167077,-49.6107706255261,-49.8245686186523,-49.8328064334435,-49.6424075544952,-49.2313393665996,-49.5532835689205,-49.9635303313635,-50.7743635580539,-51.7505184570754,-53.1498123862392,-55.8253233412708,-60.8022552087502,-69.6029756657514,-61.762124365947,-55.9313864162578
-52.6705590677359,-56.481960083029,-63.3691427462126,-63.3537920490954,-57.2107229822028,-55.3682736149059,-55.8506710418412,-53.3308217581666,-51.7145842316066,-50.9793699950329,-50.7022088925852,-51.642962707546,-53.5026476274496,-55.5907704101741,-59.1462702627171,-61.2610317749608,-60.9313085789348,-60.5868692621314,-55.1016828262417,-53.4949451029133,-50.8809230591131,-49.1453771812458,-47.4019327651097,-45.9927070324957,-45.318510043698,-45.0239651291842,-45.3058355288575,-46.1953027392896,-47.1040434058965,-49.6579677712834,-53.7694777864536,-57.9362496486718,-55.3851289594085,-53.1881916575662,-52.5661261099873,-53.3207444385803,-54.0657731618078,-54.5778026237595,-54.6459106984965,-52.2907866574876,-53.2648218163424,-50.882699830119,-49.7257771700291,-49.7646081216211,-50.1455973054541,-50.1342514695057,-50.1685650810541,-50.1855748021332,-51.0733407156275,-51.5996184684128,-52.5157272908143,-53.1283552912462,-53.6039498426773,-54.7945071239169,-56.6781917033288,-57.1460928472926,-55.8321329799724,-53.9683089414256
-49.9083214027865,-52.1647168352437,-54.5138188837015,-55.0887769516332,-53.7369404173541,-52.6767665712384,-54.444782036526,-54.3056464038652,-52.7679752906049,-51.9267789690464,-52.4029002903062,-54.544064897488,-58.047900271308,-63.8521476797859,-78.6608377383612,-76.7948110347283,-67.2546755455264,-61.6963596539944,-54.3236864798223,-53.3493488557153,-49.9476882056412,-48.5741634878755,-47.0361036257555,-45.6323670168405,-44.7312777911401,-44.358427767072,-44.5607148213861,-45.1895970898411,-45.8085421363074,-47.4011521822123,-50.3677325985622,-53.6633239499928,-53.4988244493239,-52.2894488762524,-51.8556134230132,-52.8866691436758,-54.8864935156951,-57.0344821065018,-60.4759984078947,-55.7566833178965,-55.7750767949227,-52.3039661605848,-50.9346656846853,-50.6037844366853,-50.7054478813649,-50.6736049315976,-51.1551600981994,-52.0350869261348,-53.7164992051257,-54.3868575280491,-54.9589440753108,-54.5511027727571,-53.7802066764941,-53.3577860244342,-53.3870607620873,-53.0256921583324,-52.3835735146722,-51.5043699816553
-47.301525094479,-48.6709765263142,-50.1694556633931,-51.310395045104,-51.9574228215047,-51.7465710297333,-53.2588101125727,-55.3088428740786,-55.2010570808708,-54.827672058008,-56.4425946877069,-59.5629020713482,-61.1172415024141,-60.1948101587692,-59.6376021931628,-62.0192327679806,-70.5859637102882,-63.7938914465795,-54.3316653881745,-53.6505016748404,-49.3605244553478,-48.2586718069391,-46.8088796443905,-45.370680970645,-44.2689395528608,-43.8498719530474,-43.9413446890559,-44.2637557380051,-44.7740607855496,-45.6273472335527,-47.8810644379865,-50.7132442899945,-52.4165239362013,-52.2716964864558,-51.7518751346002,-52.7291670522182,-55.4841695539535,-60.9011480420006,-79.7563648736673,-67.0138897899833,-57.8114146307352,-54.8243023413215,-53.0748161532166,-51.7917301082652,-51.2719017182463,-51.3374985383065,-52.3855554469009,-54.4102061639724,-58.0839354850593,-60.0255682552405,-58.9033589509777,-56.2571941996271,-54.0197956909289,-52.4280675890777,-51.5148324659248,-51.0300083607283,-50.6349285099755,-50.0228085944762
-45.4483049790518,-46.5252456694688,-47.9080754413159,-49.542231893553,-51.5504608353447,-52.3307549367103,-53.4844367906541,-56.7594118078334,-58.9630616739766,-60.3515275901825,-62.5117724927737,-59.1555801667389,-55.3507658349623,-53.6259188763969,-54.0644568615956,-56.7492641730046,-61.2577106084842,-61.522589106464,-53.9952008814354,-53.8834684750103,-49.3240072414603,-48.3552640102867,-46.9205780155855,-45.477296101287,-44.2751831983825,-43.8017560788519,-43.7459442530934,-43.8375430022305,-44.3216185049546,-44.705537990874,-46.2431792260022,-48.5188507893199,-51.2184773611861,-52.3111006478397,-51.6116641812351,-52.163156846316,-54.3567855625815,-58.0979807011618,-60.6475439683228,-61.2706533687573,-56.8418371945182,-56.1499249795296,-54.7888813588523,-52.7267828916213,-51.6477368180297,-51.8506448891039,-53.1345902543423,-55.3993580939383,-61.1291838396908,-74.6837148551043,-63.4635837293212,-57.2157150917478,-54.2139565769687,-52.0205437355584,-50.5991450576131,-50.0907988536052,-49.838288719854,-49.4615820195374
-44.3017876973016,-45.3542246920172,-46.7914840159985,-48.7405960238938,-51.6171432805026,-53.4348802894971,-54.8173416250588,-59.962075871557,-62.9901693614642,-65.9770357961914,-67.7416421355775,-57.2374394083899,-52.884576179599,-51.4962383517365,-52.3081237179093,-55.0523367394482,-57.0610801459749,-56.6867627595404,-53.2188806427389,-53.739110273248,-49.9898502666521,-48.9611514195231,-47.5154891819443,-46.1272894669513,-44.9361765039601,-44.3485602119194,-44.0735131075609,-43.9991713446204,-44.4362833622099,-44.5608435258462,-45.3175830664656,-47.0550852362531,-49.8937826832867,-52.1559983485094,-51.8854244018644,-51.8630952419737,-52.9672822471286,-53.9860782478021,-56.1609591634161,-53.9777843270806,-54.5731231481296,-53.9959631413834,-53.9508464242603,-52.8259047422872,-51.8721052953412,-52.1323058936002,-53.0687443476251,-54.4108224808257,-57.2183998317752,-59.2040452993674,-59.3251749794911,-55.8176627194632,-53.9495042091208,-51.8919825282796,-50.3406965994188,-49.7929623030819,-49.6230835811464,-49.5787598330385
-43.7115402536369,-44.8143881280865,-46.2238385795131,-48.0863466805972,-50.8822929911474,-53.1373430278878,-55.1321027502552,-65.7258931106094,-64.3828686153086,-62.3393171345765,-65.6885888086535,-56.2611355089365,-52.3610172284227,-51.4921983357156,-52.6695471083562,-54.5772271670903,-54.2022987919009,-53.2360563813781,-52.970076864251,-53.3825607685261,-51.6051175681963,-50.2432682828314,-48.6894356818712,-47.3634411957754,-46.2390269290296,-45.4295515284711,-44.8416970478158,-44.6224252936877,-44.9232444047556,-44.9744953024839,-45.0267840903344,-46.3671233215011,-48.9463026767472,-52.046340881288,-53.3409834026363,-52.9105464638985,-52.9108008149341,-52.3144835149857,-54.3684903318292,-51.3464516418044,-52.8598729270097,-51.6714850961047,-51.9555935331584,-52.2416116122751,-52.1442236715034,-52.4777291466417,-52.9400367234194,-53.6502223773036,-54.3950253563501,-54.6355115500179,-55.1513729303602,-53.7206677690515,-53.1242218292507,-51.7570654349522,-50.4906316039998,-49.9001267246752,-49.7620848372087,-50.0941508315933
-43.5683395695453,-44.678062236904,-45.8594952932275,-47.2959891228661,-49.4285403440172,-51.6444021528432,-53.121260314534,-60.1620067352265,-61.9540258294494,-58.994173634889,-56.7031309953714,-53.0987985600934,-51.8983999813861,-52.5718408682618,-54.316253486906,-53.7182375538391,-52.1508326696092,-51.3786724270233,-53.6819779415664,-53.2951243169321,-54.7577023814705,-52.5761672695791,-50.431164976368,-48.9392802908242,-47.8082516270021,-46.7097374948792,-45.7751276057893,-45.3991948996409,-45.4724497996457,-45.6403460098708,-45.3121354867353,-46.4352798556534,-48.8725999398121,-52.5958752945961,-56.5668739533394,-56.3907799500026,-54.8121427338174,-52.6576784314544,-53.6071102320915,-50.8813342069611,-51.9312676996111,-50.5472444054821,-50.6142750279697,-51.6684901018871,-52.6249278892987,-53.2127684280486,-53.4751790928664,-54.0527343938256,-53.5895618337724,-53.2076442158365,-53.2561470689438,-52.5211046464122,-52.2547148717491,-51.5364440949822,-50.8149509935142,-50.2347617029974,-50.0856147093958,-50.6905450523966
-43.8488413729107,-44.9016188797458,-45.7716660946604,-46.8110453660921,-48.3952213497359,-50.5795874917157,-51.0638811480294,-54.4889341553773,-58.1183653236912,-56.3659091109132,-51.9376623127662,-50.1249312413728,-51.1161098956056,-54.0438489735125,-55.5561827790276,-52.4998994532513,-51.1861634927275,-51.0325574136435,-54.7199215143546,-54.0041313761907,-61.3732881806437,-56.7871677801627,-52.420656322297,-50.1325180301009,-48.7829379331505,-47.5507738385447,-46.4325492149123,-45.9046789323621,-45.7583049442398,-46.2271083434248,-46.0376082902567,-47.0195436858677,-49.8198676815676,-54.7833386364766,-62.0567707749907,-63.8183977824393,-58.7899938332843,-54.6313721145643,-53.1196696225277,-51.9941047441151,-51.7208333148687,-50.6450270167094,-50.3842575789989,-51.6521950730966,-53.4197073527867,-54.430134793947,-54.8932955782465,-55.6501890294947,-54.471613823514,-53.8338005483303,-53.1782815275767,-52.596369393598,-51.950453932694,-51.4585559280539,-51.1559483439245,-50.6435810973469,-50.4555900175481,-51.0946158238826
-44.6240622399771,-45.6350832558542,-46.3373888652089,-47.1875466274506,-48.3593676137363,-50.3876749929911,-50.0112896163309,-51.3757298390443,-54.7008490803658,-54.1503251236092,-49.8611074407074,-49.0463520805817,-51.2907851746218,-55.6525020603757,-54.7795142645369,-51.9577348095171,-51.5880286674374,-52.2506838794243,-54.8682685159165,-55.8771280048474,-67.7348194428502,-61.487662763524,-53.3918870347193,-50.2904331879686,-48.6839002744427,-47.4793910158207,-46.4347215983051,-45.8343521746149,-45.6140366077062,-46.4746638708539,-46.8845904372633,-47.4862761778303,-50.7473434911307,-58.9994434926313,-64.7709039481758,-59.6747970226784,-58.7144281651668,-56.6998577571518,-52.6990369134705,-54.0710833661107,-52.1591135036022,-51.8963716939769,-51.419591001369,-52.5177474346346,-54.6412869073125,-56.0190350658893,-57.0343336452096,-58.108807054528,-56.9650210823205,-56.4496725728876,-54.9483100450811,-54.1587764126872,-52.6345631748822,-51.8504117722899,-51.4898894214791,-50.9984530348855,-50.7640404335405,-51.2001250277466
-46.0408517571209,-47.1710307448424,-48.024577248859,-48.8454835955485,-49.4769344555951,-50.9199487876653,-50.0480437889665,-49.8047351045937,-52.0483836730757,-52.3247083505891,-49.7189565179502,-50.0687067929727,-53.1024666162033,-55.7301407087677,-53.3677786573516,-52.5634359699631,-53.5932277234788,-55.2634585505188,-54.6743371371456,-58.5117732852787,-58.0016186523749,-56.3341415071483,-52.0914558098234,-49.7098202772973,-48.1098779457647,-46.7597403949876,-45.8100779308165,-45.2497736245341,-45.1349684977007,-46.2695961687535,-47.4059501793959,-47.2618790627852,-49.4966645615846,-55.9056302922319,-59.6937239451436,-54.7453531056334,-54.4210980744405,-55.6224133176087,-52.536995120086,-55.337840528371,-53.1387781191743,-54.2039668060463,-53.889379744556,-54.5638329840409,-56.4517801505189,-57.8641793538888,-59.3464484402819,-60.5286244302403,-61.0693438626152,-61.7404338050969,-59.4319680272396,-57.7383157658591,-54.6257129392985,-52.9045738077759,-51.8653963338295,-51.2133141445724,-50.936017074969,-51.0753938386866
-48.2617424801634,-49.9571542547542,-51.5338254018707,-52.3409314536946,-51.8412625382251,-51.8708156134776,-51.1153815447607,-49.4156389075662,-50.2405189847007,-50.9520923585531,-51.1485203036008,-53.3538999057281,-54.9429648670148,-53.4944714916787,-52.7554424567558,-54.4220041099895,-57.5460745471645,-60.5071627197424,-55.6594762521827,-59.529130070141,-54.5168840015605,-52.226883120787,-50.0134340552688,-48.9235444159893,-47.5990172124076,-45.943025824933,-44.9557544138785,-44.4910738831743,-44.5664202337446,-45.6864512360511,-47.3378829153711,-46.6920985669392,-47.3395667499944,-50.8418228655354,-55.8500959389905,-53.0114285923057,-52.1393517901766,-53.373037708645,-52.8476617144986,-54.6340566342512,-54.3809045918608,-57.1268657208107,-57.7854357322046,-58.2156086452325,-59.2778132746073,-60.1641301934158,-61.026306679424,-61.6209040951309,-65.8010765094636,-74.2314606250193,-73.2177761085199,-63.857141699044,-57.6832512089219,-54.3793453733648,-52.2624746884834,-51.2676532873645,-50.9498678063576,-50.8693154335292
-51.1388829840057,-54.6246994283322,-59.0866092514257,-59.1888095560688,-55.5840538490636,-52.8450349957111,-52.7971438145559,-50.0897975821267,-49.4142037595291,-50.3458821471835,-53.9325879629503,-57.7951607099154,-53.7293899983467,-52.0824205298923,-53.6598789349033,-57.8425182648212,-64.102147094611,-67.6813072508331,-58.7597290577899,-59.0373697296053,-53.6488205366536,-50.4657943290855,-48.6199036354838,-48.1656616844865,-47.1496417687332,-45.3173830642257,-44.2558132012716,-43.8867695531356,-44.1084105430572,-44.9239114658359,-46.733438241623,-46.4175165944109,-46.1123205545353,-48.3617796876405,-53.6170693499782,-53.23251263168,-51.8924219672345,-52.2427112244534,-53.7262535756989,-53.4703143127886,-55.3101780995178,-59.1913815018846,-61.0812974996797,-62.7260429410715,-64.6991619942284,-63.8254284042857,-61.6182333033075,-60.8076749289728,-65.4926563706255,-67.93652901744,-63.9051313008772,-61.6505352700566,-58.020093664581,-55.0152829277263,-52.5104586807748,-51.2331424254861,-50.8852344441753,-50.7469121617726
-52.9754703726522,-58.2235010303476,-67.8623317727031,-64.7922949209993,-59.3750928839934,-53.395445391765,-53.5599971583392,-51.6993606860027,-49.7175552323551,-50.8829293922951,-57.8206975596112,-57.2830543639111,-52.7558661695761,-53.0554440359909,-57.1674228078999,-64.5882088568179,-75.1474275862118,-71.9161733243878,-64.2193787723065,-59.8393342274428,-54.5351704232222,-50.3445211151776,-48.2605702647923,-47.5986507966294,-46.5599082139836,-44.8836677846062,-43.8761472062717,-43.5895672440708,-43.8257196753914,-44.1684385533395,-45.8129773815412,-46.6113672729388,-46.0541390821055,-47.6646462581936,-52.7335501151274,-55.1148212482625,-53.762924736553,-52.7290867058886,-55.181558262752,-52.6408747182089,-55.3672201517507,-58.5370422079149,-60.3956469555824,-60.8144677550708,-67.8072344466004,-68.3252871290891,-61.0458682660525,-58.714098010039,-60.4760014691653,-60.0180743903566,-57.4291227549938,-56.5789292780498,-54.914700949236,-53.8926789725016,-52.4457006299676,-51.2877178744015,-50.9462822171941,-50.8764617993845
-52.0865986658195,-54.3376077965911,-56.5085116516854,-57.3918380673231,-57.3628978419194,-53.3323875181074,-52.5823627637892,-53.7213306540114,-51.2629391496656,-52.7113486874052,-59.3938899767106,-55.5891147512003,-54.4173870196129,-58.0138162574715,-68.2157027782381,-74.7118645369358,-75.6847864571641,-73.4766812618361,-65.9818187618505,-62.0010466657941,-56.3768253775831,-51.2616308322073,-48.8534068288458,-47.3806799853698,-45.8265661703944,-44.5198750585,-43.7775575122049,-43.5603534235558,-43.6653891372297,-43.5468381379172,-44.8737899368059,-47.0205979042178,-46.8107098953728,-47.9483807508592,-52.8276401318129,-59.0306120641018,-59.1212553984179,-55.5110946899511,-56.8667533718692,-52.4185151624352,-54.6633715490215,-55.8531561001148,-58.1065364810497,-56.9493171687372,-58.4687249438115,-61.0499836765876,-58.8910184958595,-56.3272481612102,-55.8772260751409,-55.2612381925407,-54.3144050631146,-53.7555309688632,-52.599219935556,-52.4228564836197,-52.2621317022607,-51.7050011918766,-51.4316937732128,-51.4481363259317
-50.7700064792247,-51.5274624998593,-53.329000126649,-54.2751759791358,-53.8787863683139,-53.0111824670381,-51.5857112632539,-54.938737363625,-54.0346436284628,-54.8449964892071,-55.8094294377894,-55.6895580026568,-60.717470745773,-83.9662242942924,-63.8494576372227,-63.5358034528649,-67.342294375794,-69.2502583884521,-64.8989706907136,-61.6288730628489,-57.1028453360847,-52.1185125412494,-49.9835276376224,-47.5740184971821,-45.2229947081707,-44.1798673122747,-43.7959747666,-43.6118472091708,-43.5134043827396,-43.1432913676771,-44.1375696486293,-47.1890784396844,-47.6724690735546,-48.1688627178084,-53.078028042302,-66.6114415567084,-88.0642658054484,-62.911864571239,-57.3556764388185,-53.3622242490742,-53.7569598383711,-53.1057338442379,-55.0687184614395,-54.3245522895886,-53.4183869272347,-54.7754385115559,-55.3049381814059,-53.9367430503839,-52.474240961064,-52.0646503957507,-52.3358598757243,-52.1034265140696,-51.5289584155658,-51.7379139534843,-52.5046070710617,-52.8582716794685,-52.7315484156538,-52.7165990351527
-50.4050224444517,-50.6234634222982,-52.4045985669893,-53.0701959917051,-52.0062038967785,-52.985541274952,-51.6264642582221,-54.8872364587938,-57.507691931256,-54.842276281639,-53.3057660870666,-57.4942379595374,-71.7631096294834,-58.6711499837326,-58.4632147556934,-61.4557509374246,-63.9541890936865,-67.5271368949878,-66.7179550772945,-59.417895592173,-56.2223357858466,-52.0853089953752,-50.8789900535753,-48.0576308570346,-45.0263504391258,-43.959470499214,-43.7490231613532,-43.5059903015546,-43.2550167363954,-42.9838466504501,-43.6165096365316,-46.7621825786667,-48.0063084221429,-47.7898218209221,-52.5101654895356,-65.1829331988167,-59.5596925668289,-62.0481740152956,-56.1557010844632,-56.0491433099165,-53.0966802083902,-51.2737924104481,-52.0326703264155,-52.1966044421464,-50.4848136644342,-50.78809380085,-51.6440490437868,-51.5032714077806,-50.1107547162992,-49.9885316491103,-50.8812599465043,-51.0361770584861,-51.3017160649627,-52.0430345657454,-53.7546301986277,-55.34544745667,-55.493328109829,-55.0474160928937
-51.0811445537266,-51.1049538154735,-52.5619782740157,-52.9264400229047,-51.7600261853096,-53.6603086308236,-52.8951786952071,-54.5163366957432,-60.0106062506178,-54.1250492789985,-53.1584024119872,-62.6379891929967,-59.6544345781463,-55.8627074637202,-59.4827878077472,-63.5952338506234,-63.8163159545113,-72.4529320973322,-67.2684489492736,-58.6210825916751,-56.0081291621652,-52.0853595818574,-51.1659016998728,-48.4664026747488,-45.2818877450224,-43.9664930727467,-43.5405592359413,-43.1104769588957,-42.8339365493728,-42.9920530668106,-43.1710710889554,-45.7414914116188,-47.8781790689003,-47.3893939024815,-51.2124021812529,-58.9456845731586,-55.6851262800573,-55.8527868479834,-55.3141305176358,-58.1507425565367,-52.8787320653752,-50.5884354037355,-49.8062691784365,-50.1770770415796,-48.7712714801371,-48.2727838944992,-48.7630439580672,-49.2227530230693,-48.5463800464917,-48.6898361131643,-49.713626031572,-50.2629049481887,-51.4056235619971,-52.9909544084821,-56.3105440609586,-60.5672931107773,-61.5205493283282,-58.646287476627
-52.6354533245966,-52.6357860999726,-53.2560247851025,-53.5824813891383,-53.138586963806,-55.3119742357473,-55.4307885052796,-54.522455969763,-59.8783521201502,-55.0490059969599,-55.5649882760826,-71.3039390731749,-57.2356693881968,-57.7558980149599,-70.6430165779071,-64.712885742311,-66.9704721583254,-72.4025937841946,-65.409649712139,-59.0800647115717,-57.5599568068962,-53.1589981593977,-51.3832078305667,-48.3825974200299,-45.6897981297897,-44.1785054074301,-43.2009811333524,-42.5011920712293,-42.2928685224754,-42.9771252587563,-42.7120436453858,-44.4394155379153,-47.5503537343252,-47.3767839235931,-49.8507346869819,-56.2311118352675,-55.6782464189433,-54.6634175452561,-56.3028988922748,-54.8999912428461,-52.9186983774275,-50.8808268090488,-48.5926602411981,-48.4360771062437,-47.7967925095427,-46.8650866610577,-46.8608375328336,-47.4181151537616,-47.5804849097317,-47.8895974532052,-48.7341978225529,-49.6686785699171,-51.352177757164,-53.4744118508121,-57.9897409027434,-66.979609307157,-69.8143428427702,-60.1707011783048
-54.8575121137177,-54.943328898072,-54.2965903679288,-54.9758408392459,-56.307850086244,-58.0778154748287,-59.4327269345508,-55.4527614332578,-58.2005213236933,-58.1927893302156,-60.3013479290413,-57.8488927060611,-56.5889122128655,-65.8715286595754,-61.3783601170128,-60.1807694362285,-76.7048714260088,-62.5090668006683,-67.6381105477269,-60.1007813788339,-60.5426220650186,-55.0684135767304,-51.9459993432481,-47.8503715740234,-45.7478711865013,-44.4094729852713,-42.8445973632637,-41.8936857771957,-41.7517758372643,-42.715592995498,-42.3055694541512,-43.189670223473,-46.9281046800937,-47.3837523011291,-48.6360510410087,-55.5499484964326,-58.908546068468,-57.8916362872383,-59.8412101017504,-52.2548084588488,-52.5405327945461,-51.298068160915,-48.2968516700476,-47.2646693200464,-47.2436158269598,-46.3495115265847,-45.9205811502335,-46.2998196590736,-47.0777122540302,-47.440959122852,-47.9800020485028,-49.2437575448323,-50.996045818234,-52.66080665703,-55.2273884274987,-58.5532058789748,-58.7439325594468,-56.7477964616561
-57.5960152883539,-57.8861361348865,-55.9305680597194,-57.0853402676188,-61.2671397161226,-60.9749600971296,-65.4561392598877,-58.2950603316996,-57.4595439317094,-61.009418730153,-61.9553640024581,-53.4222678616736,-55.8701633885033,-68.3320414513637,-54.7038771292757,-58.3990171894529,-71.484415210699,-58.8850450329944,-73.4655308272852,-62.0661152088764,-59.946835635194,-55.2970028247035,-52.4268246732513,-47.3304331536362,-45.3970534426395,-44.4278617409683,-42.587210533346,-41.4926151139704,-41.3366765604299,-42.1160074880217,-42.038404611115,-42.1591288993345,-45.7407259615728,-46.8138089119692,-47.397312564085,-55.2482865954548,-60.4471388564174,-72.3019433036617,-59.1811475181071,-51.5992118773545,-51.3503264090936,-50.5414890030902,-48.616447811388,-46.82721682592,-46.980519862216,-46.539315612475,-45.8735783095825,-45.9500660512897,-46.9776217103302,-47.3561775862068,-47.6203034210692,-49.040983279631,-50.5914054032568,-51.5106048984371,-52.4188079599221,-54.2696100481319,-54.5430298896661,-53.9826880612796
-61.0398517904443,-61.795198302345,-58.8171480714836,-59.7522109292938,-65.1555491430673,-60.6634535705173,-71.7262274569993,-64.3166216438836,-59.4842044764437,-58.8356347857748,-62.4610822483431,-52.0515525759767,-55.9049287315669,-59.5953035716105,-52.5230124880829,-59.4227458009857,-61.8442116793619,-57.843080530006,-61.4078941089851,-62.1662973377384,-56.3959920044109,-53.5679979482835,-51.9762519975659,-47.1788764702462,-45.1782855076308,-44.2128419165354,-42.4852308165699,-41.3977359190471,-41.1236707697937,-41.3102618689762,-41.8554312038809,-41.3855525694657,-43.9903071215903,-45.709264244678,-45.9385016786761,-52.2452454227697,-53.9674931982495,-55.1237487277431,-53.3589407676058,-52.0799774412464,-50.0232192640361,-49.091399373228,-49.0329955121982,-47.1831401000769,-47.0693066196799,-47.2214126018969,-46.6169636811285,-46.3717902458013,-47.2869342601714,-47.7467293835626,-47.8863428224826,-49.1868459505502,-50.4793082273681,-51.0111860938245,-51.1568971705708,-52.4065926358765,-52.8356724225413,-52.7436390717962
-66.2731806544582,-67.4730765289681,-63.5324190438012,-62.2374412067874,-63.6733328425657,-58.5455520789038,-70.8544147451757,-60.9534047233878,-65.7129961430541,-57.055113789368,-62.4965281122772,-52.406825068965,-56.8364461892556,-54.8321747379482,-52.5558982053782,-58.0840892409332,-56.2490820074854,-57.9040864370346,-56.1857410346333,-56.5020875459279,-54.2985983606752,-52.671779539164,-50.9883919663427,-47.5305883507804,-45.6054661382314,-44.041342403827,-42.5341088622818,-41.5801753978267,-41.1141902264728,-40.5601711955633,-41.5686343148305,-40.8851024187903,-42.1297557718531,-44.4773275759158,-44.3783172199851,-48.1070269399453,-49.6164718508043,-49.4381804240302,-49.9024548154959,-52.0633379043127,-49.3438122165087,-48.3316614108657,-49.2582870705329,-48.3529618833746,-47.6750464931842,-48.1536536966461,-47.9653906733846,-47.492231143057,-48.0394255950055,-48.750605307373,-49.0292295676437,-49.9352770743109,-50.9628509821104,-51.4815096465019,-51.2965087435419,-51.975753411262,-52.5283443236612,-52.733697627231
-68.7760899869095,-66.5796155974012,-63.3245420848123,-62.7141990706463,-59.5919604870753,-57.0430270086558,-65.0536324053059,-55.7004950463358,-58.8101217683524,-56.744298529048,-54.9477338932768,-53.1553241784508,-55.4792796973728,-51.0379984762316,-53.8402535361937,-53.2778987448892,-52.7541440419234,-57.0293153591195,-53.7521805289608,-52.406580851149,-53.9059833528103,-53.5640943432577,-50.7586704797853,-48.4589057007228,-46.8845065811151,-44.2436129718181,-42.7089401719936,-41.9018329541434,-41.2210653110716,-40.1006190804024,-41.0499607928667,-40.6823921683974,-40.6695079448185,-43.3157376391394,-43.0845114902072,-45.006871355288,-47.0700353984764,-46.7910253911352,-48.2799483405877,-51.0567925888643,-49.6773408147968,-48.9417129395949,-49.8131311976111,-50.3695160413164,-49.0056351037307,-49.1369372501428,-49.5458061154529,-49.098151184615,-49.2020316694605,-50.4704160042705,-51.3478946407965,-51.7731623457182,-52.4569771794321,-53.025962149201,-52.6249771575406,-52.4571926212725,-53.0271787283975,-53.6348003555018
-60.6406388583999,-60.0044953861126,-58.2660420086369,-60.0509878948457,-55.6565911576845,-56.1271548719557,-58.3085161156624,-53.6209328893878,-53.2770142879336,-56.8549282939788,-50.5337700216992,-53.1895489506027,-52.4329480485905,-48.7149465966676,-54.8805096169565,-50.0607076180677,-50.7930488254637,-54.4185711050843,-52.6805563061023,-50.6752493334177,-55.1417076284661,-56.7405839926431,-52.4320299614688,-50.0489664832372,-48.6945861961969,-44.9021494564948,-42.9855969811234,-42.1875045278476,-41.2903034892158,-40.0510928086933,-40.410238705877,-40.7476456601346,-39.8920841955065,-42.3009924766069,-42.3577243010774,-43.1618970268877,-45.6489328156537,-45.7118844532076,-47.8803236823477,-50.2475758982082,-51.1104024304929,-51.3547203795177,-51.7563628698664,-53.3281179336172,-51.3348968300228,-50.1071566015516,-50.713592535056,-50.7122905558984,-50.4893737023505,-52.6431016544406,-55.0411174261894,-55.8253023913713,-55.945110526575,-55.5740414046175,-54.7159705580232,-53.2398342970534,-53.5878137632985,-54.7872679800949
-55.3138756511368,-55.4936417721931,-54.9559561989718,-56.2380256995226,-53.1092684494288,-55.3736635781221,-53.8975003437957,-53.4886838452549,-51.1267997488337,-56.3038914044708,-48.9419366528104,-53.1224315116034,-50.5319241865548,-48.0417230193536,-53.6710709505151,-48.5589137871572,-49.9087528434444,-51.5424519991593,-51.9843322687728,-51.0251385926679,-57.2895216172092,-61.502363513651,-58.2588029489604,-51.8460484442914,-49.5125769157919,-45.563084263232,-43.3109289789828,-42.3386444498454,-41.2219220709016,-40.3905226519358,-39.9268874874389,-40.9474511351741,-39.8877007468281,-41.5455653300614,-42.319328638279,-42.4333265313856,-45.0206090466657,-45.654689687809,-48.2142881088474,-49.8899003639323,-53.2001783180567,-55.826506728751,-57.0405607702932,-57.209650106793,-54.7199581039239,-51.0953485606264,-50.8807435191418,-51.5521504141628,-51.219475036636,-53.4736877959189,-57.3215942818652,-64.3683806805944,-64.8390656342767,-57.1654363525172,-55.5782823650157,-53.3391792694247,-53.2220438338468,-54.5866658107616
-51.9148587783803,-52.4209344544394,-52.7960188522265,-53.0601673319951,-51.9890074133012,-54.5762942230626,-51.6168068929681,-54.4854245519002,-51.2846221071106,-54.9431305572139,-49.6452717596487,-53.3607210608559,-49.7697539399319,-48.9531515723683,-50.9464184684603,-48.2535272952999,-49.5713804561073,-49.3168231475812,-51.030228303425,-52.9165127691581,-55.9987323099206,-57.8368984591208,-61.3035169720862,-51.5760529654647,-48.3335598919695,-45.4031529703547,-43.5889230820165,-42.3901396749705,-41.1087420319533,-40.9681044979822,-39.8634346220353,-41.1406432999199,-40.6367214969037,-41.2025208820359,-42.9478340552529,-42.6911260533324,-45.0191661764918,-46.346641218791,-48.8094968776137,-49.3923117699989,-54.1352647116266,-57.2753083185837,-67.4223893966367,-59.3082773597656,-56.1047327169492,-51.9702285265694,-50.2266137231305,-51.0230704411414,-50.8657785150128,-51.5529925771451,-53.9018763296944,-56.4290559718672,-57.9376691606092,-54.249382202042,-52.8965916331469,-51.8649028542658,-51.4781185646512,-52.2018262639315
-49.7759069658555,-50.3975093635116,-51.2056266373443,-50.9747925636509,-52.0053572206421,-53.7876361082205,-51.1962876575726,-55.8921414029354,-53.6790715124081,-53.7502454859489,-52.5640255886203,-53.2300201917312,-49.3627647025019,-51.2240950849701,-48.6180703171695,-48.6966058141899,-49.3269227409938,-48.0193447055429,-49.9303967671512,-53.1268210764769,-52.1375375125419,-53.2376462690826,-51.7275398114772,-49.1373460193429,-46.7843243312939,-44.5600360922208,-43.765726462825,-42.4601103048941,-41.1885662384765,-41.5839855756637,-40.3881014019576,-41.3678416865614,-42.0347103199018,-41.439735410575,-44.1322846531159,-43.8443421638774,-45.5913104166618,-47.6925850076243,-49.4365322981466,-48.753278190292,-53.1525531519338,-53.8755259584904,-55.0752297736948,-56.3177489768727,-53.1153330005692,-52.1551104042539,-49.4647663982626,-49.5509730597639,-49.7483031015319,-49.1069264130752,-50.3040452652763,-50.4156433606069,-50.7459583011652,-50.3016511295789,-49.2885517854378,-49.2532537489476,-48.9713815670997,-49.1639675435819
-48.5846295302378,-49.1816247066681,-50.0037713710665,-49.9599214704233,-52.5747192647118,-53.1682934637964,-52.5366682488627,-57.9724332950813,-59.1415049603366,-53.864657894971,-56.5147367333037,-53.0199665299893,-49.0094825479361,-54.0346551024506,-47.4329168703156,-49.5908472459573,-49.1475767777131,-47.7577826295998,-49.1113259623577,-50.3467523873737,-49.4718153135732,-50.6203106145786,-47.8848818074496,-47.1619118956053,-45.9134709208721,-44.0113289024142,-43.9346990362372,-42.6831007546347,-41.6784063538695,-42.1409190061241,-41.556473073121,-41.8352613984869,-43.8619718369212,-42.4332185995768,-45.748521676322,-45.8720612740784,-46.8128011083992,-49.7674197917517,-50.3009061583071,-48.7414720608881,-52.2341378758105,-52.3420235507314,-51.1099452787189,-53.316499391298,-50.71524255017,-51.2736550667801,-49.0869861745232,-48.0951112468366,-48.3948278636536,-47.3109340200833,-47.7308735579579,-47.1490222509441,-46.9175006118733,-47.2393616737183,-46.4475357587067,-46.6156457688226,-46.5292546995567,-46.5520091236687
-48.1526025068423,-48.5715635100392,-49.2436761607147,-49.8150844408545,-52.734663369921,-52.8305220156666,-55.05818413495,-62.5092362653072,-66.1101655969549,-56.368642736469,-56.6034662745361,-53.7415371734269,-49.3094159318975,-55.4051451470224,-47.5989601828342,-50.789049685469,-49.3047717823418,-48.5766191526826,-48.8570293144588,-48.3120044310553,-48.2964453893907,-49.2554539783511,-46.5309047113246,-46.4651947008482,-45.8625096066226,-44.3632306566429,-44.3120705945975,-43.1906434534811,-42.6875249710197,-42.7076901547697,-43.265858662704,-42.6755924491807,-45.7290633532163,-44.3337420900094,-47.7429726145169,-48.9498942349373,-48.9734082404536,-52.7846250122544,-51.7545574430582,-49.958619962724,-52.3265604970517,-52.8403052564015,-50.3804669858967,-51.8642756201236,-50.0408645787201,-50.0791652326763,-49.1499490572648,-47.2341003681236,-47.0993929655813,-46.1656755979709,-45.9000548351633,-45.2368741221864,-44.7301033280028,-45.0920240351062,-44.5547123983061,-44.5812954045151,-44.6205317129579,-44.6411600428198
-48.3549988714917,-48.4510686470512,-49.0205270057128,-50.1641781672167,-52.0387795406134,-52.6796224371592,-55.6714009797651,-63.1709005941876,-59.9578003986086,-61.1139862019085,-55.7729070806738,-54.4065400472714,-51.034314543768,-54.1806642528295,-49.2259732307109,-51.987442233001,-49.9553650661284,-50.4399838997831,-49.3566091782713,-47.8001160336932,-48.4558249789343,-48.8000443978905,-46.8648207180693,-47.1217068793094,-46.6116364781665,-45.8634844610534,-45.1545616363107,-44.1221536498338,-44.2070731506211,-43.4325226917084,-45.1447361785117,-43.7773571343269,-47.1176248695625,-47.0324077151013,-49.9910764474017,-53.7690297636837,-52.8964855350382,-56.8183540022052,-53.8812763914805,-52.6544039086452,-53.4621959533702,-55.0677381141893,-52.2579293477649,-52.1509943733025,-51.0987647464556,-49.4662776752604,-49.2791086966376,-47.0794866980826,-46.0630323231889,-45.4743919020513,-44.685352131971,-44.19211552427,-43.6587789441389,-43.7783668547255,-43.5493634756663,-43.3682775214633,-43.4409886539523,-43.484256849781
-49.1293732431455,-48.8635472035313,-49.373004507196,-50.5467426194866,-51.1281919063128,-52.3851892252662,-53.8347437920967,-56.2241906921458,-56.522857714448,-56.6302249472355,-56.7320246816084,-52.6191699675526,-54.9375349378937,-52.1098575666804,-52.45676573574,-52.7690207956632,-51.1269712612762,-53.1454540974043,-50.8240549273054,-48.6218247427082,-49.8762586842886,-49.1652058679435,-48.6107983854453,-49.1433610952807,-48.2603742018924,-48.7083202857045,-46.7621959322413,-45.6440694184219,-46.0985967980886,-44.4851559384902,-46.5175654083807,-44.8808941619883,-47.6120163895678,-49.3158590199283,-51.4609893989806,-60.5764538954277,-61.8719001819015,-59.1911416697246,-55.9590934809306,-56.7269743503276,-55.2734657427779,-59.1909815156239,-58.0377300490077,-54.81673367531,-53.6723783765321,-49.7546998218358,-48.9464395582895,-47.3433028222251,-45.4491399473743,-45.1018052063459,-44.0907829744689,-43.826137901143,-43.4776622852342,-43.2789908798781,-43.3674983789252,-43.0498933723352,-43.0782976448569,-43.1050441626923
-50.5128328349473,-49.9913456520042,-50.2559789994147,-50.7965316681943,-50.6115116878633,-51.7728501012559,-52.7065767123101,-52.6118946641963,-55.1117559116809,-52.415187039776,-57.7775463842754,-50.8029543657339,-62.1514283477966,-51.0569556764883,-57.6404816989565,-53.5920351771938,-53.0726558911539,-56.3250916639449,-53.5518619626841,-50.5783153862188,-52.5433577880005,-50.417436055827,-51.6796613595459,-52.4657981529357,-51.2049067944987,-53.2778159233352,-49.57887206807,-47.9614099442759,-48.0559526068764,-46.0552323812293,-46.865968539181,-45.9564878511993,-47.1093819688495,-49.4773616227387,-50.3236822084656,-56.3937792789131,-58.7730045472703,-56.123206239825,-56.0256602823682,-60.8098295320941,-56.2673503760838,-64.8791407675308,-64.5782482168672,-61.5528047530127,-54.8598868201294,-50.5829620053393,-48.1901573511254,-47.4330153772455,-45.3633131272586,-45.0510364848622,-44.1653078501001,-44.0901083690671,-44.0598760067092,-43.6191514982432,-43.9779576943588,-43.6793022482788,-43.6095244487202,-43.5542008257262
-52.7240840250653,-51.9816939107556,-51.5168603055873,-51.1050106075699,-50.6526567741328,-51.1638728132936,-52.692287769012,-51.1548653673365,-54.7417775798137,-51.2915350013051,-57.1492317387525,-51.0769203496114,-65.4097108249429,-51.9533963979511,-67.3425267957689,-55.7248336418739,-56.7312990008593,-59.7801853242786,-57.9619410554979,-53.6292059922635,-56.3465738966744,-52.7562450583759,-56.1990832741212,-56.4301327623531,-56.4962456265892,-60.7664325864881,-54.3242714949674,-51.2151805775404,-49.6474550005704,-48.1583770891378,-46.4756204627067,-47.186254319842,-45.966776375931,-48.6023319086298,-47.6912838571652,-51.3986485021873,-50.9740251994673,-52.4117775700858,-53.571206109694,-57.7313758838493,-54.3743710244786,-58.655776115937,-54.9625561864469,-57.2828284707881,-52.026530031911,-50.649986870482,-47.5667208350434,-47.1121173481922,-45.8654634140973,-45.4465054494944,-44.9691136390981,-45.0016827320791,-45.309619604704,-44.8491165647789,-45.3953149391108,-45.3477602069071,-45.1687695316041,-44.9495504139554
-56.2508259432805,-54.3473542751951,-52.8475282860303,-51.5115263761825,-51.150114919959,-50.9841132715722,-53.1744792046714,-51.0738114453563,-54.9720250147152,-52.723908324672,-56.5077268739522,-54.4867826648284,-60.6130617267326,-55.852209318846,-69.2174141996288,-60.7915694311359,-65.5026608748975,-62.5620356109023,-64.721386749524,-58.1394699148045,-60.5576801780795,-56.5905644262737,-62.3032679746533,-59.3949163261699,-64.7435378471018,-84.6275667493517,-59.3980262995634,-54.5018960449456,-50.630573123641,-49.7916358070019,-46.1069631488211,-48.0362746348523,-44.8637625116913,-47.4780495676809,-45.3667925700111,-48.2389146950538,-47.1295756681594,-49.4446967281164,-50.3576936399789,-51.6309109966242,-51.2019799758281,-52.3914577293683,-51.0754286464583,-50.9778012523521,-49.4214593365321,-49.4039386087397,-47.4916912377776,-46.9231472964905,-47.0109225304557,-46.4781064518572,-46.5739509352056,-46.6018650090002,-47.1298143510874,-47.0185461954832,-47.6745493915835,-48.2396502601018,-48.0532326153258,-47.5562939904747
-60.4170154876174,-55.0391739476702,-53.7478492382847,-51.7327901203867,-51.8172281592204,-51.3810240129493,-53.5994605528768,-51.8268722549511,-55.5660593861396,-56.4280582748928,-56.6360244093115,-65.0552570268788,-57.5460138308476,-67.2392525889349,-59.5105743670016,-69.6980997664863,-66.646693039005,-61.875347258079,-70.7009348151236,-65.2803351324035,-63.3862688149157,-63.0544585024421,-63.6654316602747,-61.4646494309423,-60.4703101803057,-66.6217644938313,-56.4446680957119,-54.5317429593809,-51.0659903033961,-49.1827729931377,-46.2736126238897,-47.16684079301,-44.3108645794341,-45.8197489375747,-43.8635605910507,-45.89440097535,-44.9707928576204,-47.1251157778188,-47.5463878763275,-47.4111615539383,-48.531340229932,-48.5921908487121,-49.2085732867046,-47.8920814924779,-48.0943145290241,-48.1668924422715,-48.1231589090408,-47.5104329358529,-48.8974294501073,-48.3909997201254,-49.0814102191308,-48.945173915033,-49.4061546669808,-50.0989146129765,-50.7977709245974,-52.7119335130674,-53.0769051053407,-52.0383324378815
-57.898160578052,-53.8159589466746,-53.7521614629076,-51.6920857556917,-52.2985970238153,-52.2070894059037,-53.7532798717231,-52.9652200486097,-56.7303839761581,-58.3478154182811,-57.5941849986924,-61.9821937477399,-55.8602669999186,-64.576736353416,-56.2188353514175,-64.3158817950212,-58.9837046359843,-60.0125557437147,-63.8257612598678,-70.2413246593315,-63.4821052904004,-80.8004524332312,-61.2593655182473,-63.3823485900049,-58.5383236394556,-61.4537168746238,-53.9438414418216,-52.4961336545113,-50.7034555322516,-47.5050918757665,-46.83380349338,-45.2466763726939,-44.398655418464,-44.0466116377563,-43.2418948319036,-44.1660050854045,-43.9328734574238,-45.4433315227592,-45.5648453348655,-44.9177172413323,-46.6927040361085,-46.367438153042,-48.0781156100407,-46.5519449638193,-47.7643603170253,-47.7882644534497,-49.4977234844117,-49.2466327546723,-51.7009835646914,-51.5732095829245,-52.6647265702813,-52.1465474335837,-52.0216522848795,-53.7551394854205,-54.1057054498679,-58.7653776731847,-63.9203255148826,-60.183632102562
-53.8937307700636,-52.8376030526313,-53.0254697194917,-51.7845962595534,-52.4775195487611,-53.1500430896674,-53.3154883694979,-54.3061981900306,-58.7540656984177,-56.3485558972867,-60.6671717994094,-58.1023043168486,-55.9730855810759,-61.7629395147861,-55.8303474818306,-61.3292187386594,-57.2388777029067,-58.3705862380072,-58.4910334185826,-62.4598326147247,-60.8084696060062,-65.4428364968166,-62.7161264602104,-62.9019977376545,-60.8588487283527,-58.1467803555897,-52.86579758541,-50.814669289681,-49.112850852472,-46.286010943806,-46.7049187474497,-43.7331877521386,-44.7084559496604,-42.8347346446655,-43.4232694524545,-43.2083221487112,-43.8620434118836,-44.5094726498706,-44.5531682132917,-43.8357510737626,-45.6170483237243,-45.2734087061845,-47.1656394533038,-46.3620168330645,-48.1026242035607,-48.3463956986335,-51.574586261337,-52.2432817495382,-55.6398240619424,-56.8970243332891,-57.6868044215541,-56.5150521913824,-54.9523113646428,-57.0612145518008,-55.8170990743841,-59.8593067990859,-62.185442814106,-59.9228379775988
-51.8498627703318,-52.780570351927,-52.3020087958937,-52.3792406976645,-52.5963676187872,-53.9286161080824,-52.3707512500001,-55.9556342543309,-58.93396094046,-56.0549066058559,-65.3618898134602,-62.0871848408704,-57.6245823484682,-65.5296296995625,-57.9414623601666,-58.2707225868497,-58.1211433088399,-56.4065234326383,-55.5254971221384,-56.5736249042627,-57.5773191532065,-58.5896195702229,-66.2333412976538,-59.4218895283416,-58.8533779845617,-55.246692237927,-50.9807530078887,-49.3186935032565,-46.8158329069365,-45.5390209539997,-45.2019215154362,-42.9795110139926,-44.5561705045218,-42.4649186979935,-44.2665000783976,-43.2681868728064,-44.817489824759,-44.5164550703213,-44.5616273346013,-43.9960750905384,-45.1432738565199,-44.9980177398706,-46.4261407381341,-46.9280066397445,-48.80637072648,-49.5431454822372,-54.0578336214023,-55.8052893829385,-60.3709790934724,-67.87616264291,-65.1664851008065,-62.4492506288508,-58.4532898536584,-58.9707799010796,-56.1737758182353,-56.6273654348233,-55.7867092377826,-54.2586543821563
-51.4641461326321,-53.5142982876727,-52.2334026116048,-53.5393283117883,-53.028233885776,-54.4079984397966,-51.854175964123,-57.862993840993,-55.4411690528531,-57.8051111046274,-57.9290455101225,-66.355249007888,-58.317493081962,-57.7025502876928,-62.9444756004981,-54.8694161446762,-60.1221927742591,-54.9468906604577,-54.5195538595157,-52.7374872519704,-55.2842103834219,-54.4251697696914,-57.8424298754375,-54.7709527900194,-52.3212551988803,-52.0900478403187,-47.9236747033298,-47.3682903404106,-44.5957254922368,-44.6461345667506,-43.2915406593352,-42.7641914339038,-43.917135834262,-42.9087914529198,-45.7484266801572,-44.7140946108122,-47.1635489853625,-45.7699220563201,-45.5793693186951,-45.283023707013,-45.0595826347738,-45.2362428373488,-45.9562679674084,-47.8037754227818,-49.6041062010622,-50.8320912536428,-56.0487476416229,-57.8475516837759,-63.0820683050695,-69.8011306583784,-76.539785341326,-65.4491195161836,-62.7925830935744,-59.0079137700916,-56.8232709772661,-54.629638218516,-53.4331544696237,-51.7723243731803
-52.5168787961465,-54.7351498377239,-53.2503343509247,-55.1785758431695,-54.1754554310952,-54.7602912251979,-52.6499609660229,-58.9549038739181,-52.7873583557425,-59.6196482166711,-53.4220488274155,-55.5671503680136,-57.5100427355677,-52.4704421455283,-69.2849782233999,-53.1316217724948,-60.4807902373653,-55.1569029226653,-55.3950076514854,-50.9247393072665,-54.2378422797235,-51.8485990605892,-52.5943661062533,-50.5760625168704,-48.2281113302317,-48.5077659183256,-45.025024780282,-44.8573168262964,-42.6830657780227,-43.0824866983543,-41.6387791891287,-42.6001095435685,-43.2074529255605,-43.7941170264967,-48.1576175867149,-48.2754735927343,-52.1525916210103,-48.7253931904538,-47.2644138938269,-47.178363627643,-45.1252221787018,-45.6595503956775,-45.728053257782,-48.4618828097687,-50.2589783244372,-51.789408144115,-56.8948002128056,-59.073105737743,-63.8497130886207,-65.1160921842856,-70.0168011139798,-62.7133781368834,-63.943640148855,-57.8593342689907,-57.2027430141587,-53.6019040607365,-52.3803329596318,-50.7197816131394
-54.8504159867271,-56.1299677314226,-55.7482971063437,-57.4313040679658,-56.6273762351872,-55.6822691941726,-55.5143009037362,-57.696762560973,-52.0365661715558,-59.3285405106468,-51.989588370003,-52.1372216722103,-58.2611880672786,-50.6848593379368,-61.7683472329033,-53.5572722285306,-58.7668568280311,-58.0021470028074,-58.5845139016848,-51.224866049267,-54.4012619944258,-50.5768358895874,-49.7075058714637,-47.424227959127,-45.6319720180054,-45.0311074231038,-42.6921424903389,-42.2065006090075,-40.9691669634753,-40.9818684151836,-40.188430376014,-41.9097219912052,-42.1743980318094,-44.0911426222215,-50.2007840334899,-52.5722623412374,-58.6205556021238,-52.0003656502073,-48.0600993652906,-47.6139427432545,-45.1359999192366,-45.9700716635233,-45.6017600621029,-48.5904210446569,-50.5036702557162,-52.3538583317571,-57.3075770443749,-61.5662003630875,-67.2344062434943,-67.6940935505129,-65.6070290164738,-61.2307015064997,-60.1412360562179,-56.8439537944231,-56.0297226204785,-53.2391770423261,-51.9175505577838,-50.4854077858967
-57.9436920039899,-57.4872035066168,-60.0277285295021,-61.0691666891418,-61.770317409266,-58.3415537774149,-61.5819132324794,-55.5253187612644,-53.1694500357722,-57.298740547568,-52.7212741998506,-51.4036004504763,-58.4315716717547,-51.345238264161,-55.609981347284,-56.210659174734,-56.8731940178337,-62.5193253623934,-66.7949018971396,-53.8504864908389,-55.1789386298412,-50.289975030929,-47.7104760003605,-45.2470103567915,-43.6551661488602,-42.1081995074837,-40.7564962343676,-39.7868397440367,-39.2895023401094,-38.8022163368048,-38.7517654972775,-40.4100351486122,-40.3244875707508,-42.8109960327027,-46.3873542774595,-47.0374233602793,-49.3763153266861,-48.4720510759077,-46.5357695686668,-45.6790812379226,-45.0180621296596,-46.0150976187418,-45.5294331323859,-48.3379499233931,-50.1209639425074,-52.3658114881042,-57.0721046068741,-61.4094820462871,-76.1970546167173,-68.2876848545676,-62.5405441098186,-60.2854010089753,-57.3711219016803,-56.333695928893,-54.565420079886,-53.4708358157429,-51.9980546288463,-50.9236506738767
-60.1756110381661,-58.6560490007857,-62.7050725693419,-68.7191998709843,-76.9915356782615,-64.4377523044267,-62.9339860760416,-54.2613883584553,-56.0781516240619,-54.2656759775589,-54.6903502963876,-51.7942419781135,-54.1369201945008,-54.2356999260034,-52.0408083065948,-58.6997624158175,-55.6009392544964,-57.8700649706172,-67.0246343188164,-55.820805464997,-54.6236714211327,-50.0930677704522,-45.7507348899868,-43.719171401688,-41.787220954038,-39.831349456858,-39.001289523317,-37.7368031593687,-37.5735730586098,-36.8448494598173,-37.2733169483467,-38.3494970052922,-38.0886312803047,-40.5702456094516,-41.6773286395926,-42.2084769503079,-44.2295466340235,-44.2668606230912,-44.3554345430935,-43.6770974962859,-44.8640107683884,-45.8685528618692,-45.6782902489482,-48.0515333250064,-49.3398311652187,-51.8073715976927,-55.0320975087016,-57.4009080752227,-63.6277841817489,-60.8402307130071,-59.8481289974563,-58.5462206293269,-56.0793734094143,-56.1099777450336,-54.1734318551585,-54.3788294339214,-52.8981676496152,-52.1463451777278
-59.909330838957,-59.1031883605983,-59.737505253708,-70.1068767997959,-64.6444822206747,-62.8774610769798,-57.9817070731886,-54.5550435929017,-59.2173420687357,-52.0351209494157,-55.9812993249748,-52.3409270446936,-51.0122513706288,-59.3596507250482,-50.5933393837347,-56.2933374802132,-55.3980472361745,-54.2037068896654,-58.0917556042573,-51.9039192826862,-52.140272738577,-48.666353855288,-43.7793094534993,-42.3755440287114,-39.962042329977,-38.0853844683611,-37.3312299370635,-36.04690020142,-35.871878336802,-35.2163896699556,-35.7948463396491,-36.2143655061964,-36.1696103047888,-38.3328137025351,-38.5233498005939,-39.4497910118577,-41.3754655360552,-41.8134779755726,-42.8069324424878,-42.6079472430122,-44.8660040738643,-45.7739111054449,-46.3100407470312,-48.0055063337701,-48.7852545768274,-51.3229407799203,-52.5553726891529,-54.792067465914,-57.5137685132942,-56.703974899182,-57.4799351829601,-56.5870913263706,-55.8162360253196,-56.2090392406747,-55.2730437020571,-56.2982220177397,-55.1218773311426,-54.4404705317418
-57.756377840615,-57.9932591724836,-57.4736871724431,-61.2946580298436,-59.958211759334,-57.3653619698812,-56.2198901904218,-56.8216270001743,-59.0956159216896,-51.6283607607969,-56.5086804789546,-53.461975422369,-50.1975602573666,-62.9954070869979,-51.224588136405,-54.0564084647177,-56.3082764016681,-53.4514031016464,-54.3551856858296,-49.0436956762856,-49.6191454259984,-46.4116969397579,-42.1157213099105,-40.8663074696147,-38.3484384036233,-36.6764780763207,-35.7697051530428,-34.646433159983,-34.2933228103272,-33.9085233748348,-34.3801566863147,-34.37298284474,-34.8232414252857,-36.4923542816453,-36.6387948046803,-38.0307502947829,-39.8675417115508,-40.706074224875,-42.1520600408785,-42.5451288443572,-45.2109791822172,-45.9828233918598,-47.6168795739792,-48.3966290839894,-49.024299353454,-51.6007192242394,-51.1462395635971,-53.8431947096673,-54.190116356687,-54.5486779917393,-55.4901670477526,-55.1335557109344,-56.0441651728894,-56.9400764899718,-57.9606501369339,-60.2408804813163,-59.8780620552211,-58.1729907693748
-55.2780475779835,-55.8846526774217,-56.5225773520192,-57.2711130051717,-58.3937118812488,-55.5863048012579,-56.5510193061566,-61.5143435998162,-58.2527662432122,-53.611651515826,-57.5161339069389,-56.2358483066512,-51.387608187105,-57.923002240951,-54.2805925976636,-53.4573067678779,-57.178371330362,-55.1999617506507,-53.0484211631176,-48.3986512672454,-47.842834669153,-44.580746072928,-40.8657926331581,-39.261864692147,-37.0459205648769,-35.4358912924913,-34.3787384106666,-33.4584307602128,-32.9325778748383,-32.8530402529859,-33.1053658588436,-32.9975083915536,-34.0095367449498,-35.1810143948442,-35.7122814271228,-37.6229860582088,-39.3863811247431,-40.705033317804,-42.4614577324748,-43.4482336826178,-46.0067911671236,-46.635059135135,-49.6438964085259,-49.4072706965711,-50.4940478518833,-53.0378823604635,-51.3001011868216,-54.0914725718347,-52.5401715075697,-53.5267639370514,-53.8989902636459,-54.0818149966641,-56.0267336682582,-57.6253059058637,-60.5999997072635,-69.6203655964279,-70.7145942264681,-61.5547429800945
-53.4012657439291,-53.9849713720906,-56.0659146529451,-55.2123883408367,-57.4821477818955,-56.4781714852907,-58.3075664986715,-65.4257345846424,-58.9453336989213,-59.1635565702602,-56.3871661448992,-59.4329915366489,-53.8170046409033,-53.3988743989607,-59.8327645882295,-54.1125918152767,-56.4403882459604,-60.1556531365231,-54.0326932181413,-49.5263596888935,-46.8279129113062,-43.5557238811561,-39.9041481888268,-37.8611539133539,-36.0019467094557,-34.300606616218,-33.1947058645249,-32.4295194571071,-31.8335551273305,-31.9644518503154,-32.0422337279345,-32.1162716050933,-33.5798721166505,-34.4381875195197,-35.5227846909039,-38.068969718843,-39.8343867070349,-41.7785143834427,-43.8505157052301,-45.3558467229609,-47.2372407742196,-47.7239055088938,-52.1965274602835,-51.2034004607538,-53.7178463308018,-55.9983943387722,-53.4812860524715,-54.9923558039969,-52.2760288315673,-53.1630324412997,-52.7033548587802,-53.0960245690991,-55.0991860364825,-55.9795298051017,-58.4719422283638,-62.2995832288484,-60.7635989174864,-58.5749548891083
-52.2648058390928,-52.7438278721112,-55.282568703638,-54.4173102812971,-56.0986796252369,-59.2002379068271,-60.5862189277445,-64.2130402924882,-62.1150103006208,-63.1380367827789,-53.607351555805,-57.9958239003628,-55.6562519907306,-51.0575446168401,-59.2578020728748,-56.1523574356222,-55.5073007990384,-76.495660969542,-58.447075573381,-51.2642059043996,-46.3919610763946,-43.0721913531639,-39.0799245091056,-36.823494202731,-35.0838007434439,-33.305436258251,-32.2110289553241,-31.5343704449049,-30.9850714469874,-31.1773552863064,-31.2210662494512,-31.6600519199914,-33.3524556458934,-34.2068313029386,-35.8838390168594,-39.2280119056443,-41.2265823520986,-44.1114537333498,-46.5776371834961,-48.5196811549355,-48.7354604557827,-49.1225894537292,-54.6157679670099,-53.6929852444562,-59.2922677053441,-61.3921181498546,-59.1804143113935,-55.8272437485015,-53.2477246022951,-53.0799722718563,-51.8938726696128,-52.1360782068399,-53.365066698915,-53.0269250201361,-55.0099194222127,-55.609882266636,-55.1118200021244,-54.8457379272338
-51.6781180061026,-52.1133535836327,-53.8654306852364,-54.3053165912162,-54.6708621828556,-59.032383062185,-60.9999525570343,-65.2728235112918,-74.7513102869255,-57.8022202358204,-52.4141643130515,-56.5944758582797,-57.242117176212,-50.8463029840967,-55.8875189731621,-60.5242023573053,-55.9134009644628,-64.8197836849236,-64.8268193795408,-51.0422654252535,-46.1053564436977,-42.515237127923,-38.3634088923072,-36.0820566627215,-34.2028903274607,-32.5016417416919,-31.3937644363395,-30.7629592007881,-30.3336947370852,-30.4644061209805,-30.6146238521937,-31.4822649224155,-33.1499766616783,-34.2764763006669,-36.5644306021686,-40.747106852176,-43.5341653541539,-48.2586241168731,-51.3744182544617,-53.6617174233965,-50.2513838397254,-50.6988114526578,-55.7447088571252,-55.6656273444814,-61.4190223983009,-70.5297354925481,-67.5697175372405,-56.1884120586264,-54.8061533983777,-52.9328384735977,-51.4624150036256,-51.3796324850639,-51.5067744539754,-50.8089870915289,-52.439604951545,-52.0698848119082,-52.176756978187,-52.3973415915991
-51.4397708207672,-51.8575014059472,-52.2510945243578,-53.8573649533007,-53.809673642651,-55.8136744360427,-59.2933039151815,-64.3998449809152,-63.5505956863327,-56.4957402541331,-53.4722318769085,-56.2778811788322,-60.7740202875054,-52.9608960837335,-54.4312336712359,-61.7610681004395,-57.8913977823298,-58.8939839341659,-56.2410149640871,-49.4830159235396,-45.3960411936386,-41.5438794158272,-37.8127654879404,-35.4527602691195,-33.3905326661136,-31.8931037705277,-30.7097045292654,-30.1067897663776,-29.805586290617,-29.8268444486485,-30.1562228924615,-31.3808873581114,-32.8385067341659,-34.2816970126837,-37.1754451581265,-41.7289871067034,-45.8123992058034,-54.3414712934318,-62.0515845850646,-59.6372648892767,-51.6873223393273,-52.4945706834288,-55.287189573777,-55.6529547578056,-57.9789450086109,-63.6481996631024,-58.1394418061922,-56.4059483630724,-55.1011092826966,-52.6002436763197,-51.3948369123656,-50.8731530170848,-50.0507094646969,-49.6100954684081,-50.5753631974531,-50.0029563807834,-50.478518248203,-50.8547231576088
-51.4360263600415,-51.6903559156329,-50.9882422809605,-52.533511442537,-53.4992976921248,-53.9026281329937,-57.7677126891823,-59.3962550057586,-56.4304683287223,-57.5170062937397,-56.9776431861669,-54.6066334358113,-59.3596154824479,-58.240033373905,-53.6762723924689,-56.1931324263417,-60.5390675212892,-56.1780729245068,-52.5068662635509,-48.6588612441867,-44.2977325051978,-40.5521621974785,-37.4601370636917,-34.8328108633929,-32.7468198519071,-31.4280079667112,-30.1455999367074,-29.5527772432281,-29.3321188605675,-29.2729150103542,-29.7745760038133,-31.1591363790784,-32.3630571798569,-33.93921672149,-37.2210294203125,-41.3205250365271,-45.3571169248419,-51.9244716279306,-59.9947303486761,-55.4015798759056,-53.2385586426286,-54.7850274672388,-54.4568117448382,-55.3015536183176,-56.9381113538008,-59.0476816561247,-55.1186410970084,-56.791491193572,-53.9775812285469,-52.3454524854365,-51.636028595887,-50.4978030539026,-49.216262635824,-49.1810640972534,-49.2208403393615,-48.8495920720396,-49.4883518768475,-49.9346814114472
-51.5027882910525,-51.4053714329668,-50.3482995584015,-51.1454548357487,-53.3262284207066,-53.4317558854319,-56.8213961642327,-56.4986777885938,-53.6909966496974,-58.0583458165604,-62.3274783469532,-52.9521035690151,-55.2821029946872,-68.9599400767604,-53.5103028268446,-53.5488927001964,-61.5225796082687,-55.1051966588474,-51.7824673775853,-48.9328091942846,-43.4992732421475,-40.0383476600961,-37.2782730878363,-34.3097927983935,-32.3336157485125,-31.0318155405443,-29.704099506268,-29.0836016882796,-28.8717045244931,-28.8036480148364,-29.4180767354579,-30.7176700264655,-31.7472986320974,-33.3262745389879,-36.576209520216,-40.0267156466328,-43.0866884279915,-47.4936468820625,-52.3915084276352,-51.8808760323776,-55.2206173137032,-57.9473326427143,-54.279774383386,-56.2540038659421,-58.116645776428,-57.3886553169161,-55.3548867140062,-57.1822718588939,-53.4637963767286,-52.560746004157,-52.033050047178,-50.1975605492648,-49.0230582110066,-49.1579790522891,-48.3333122314735,-48.337336996739,-48.9508393937077,-49.4788119303869
-51.3664791035131,-50.9960279796124,-50.3690179347744,-50.4488890435595,-52.9241318354445,-53.8618813716206,-55.97528091013,-55.4104677298672,-53.5056855748758,-57.5599350577112,-65.4262302482739,-53.5384688603464,-54.6618312958499,-71.6877657961891,-54.8408810468478,-53.4385926969606,-60.3089441012738,-55.5805813249095,-53.3287634640114,-50.24148208491,-43.5446163159849,-40.1193672696588,-37.2306299750832,-34.0363257018648,-32.1171355623447,-30.6568949373901,-29.3830308432431,-28.681812730899,-28.4192009103564,-28.4093901852665,-29.0549189473088,-30.0950944736868,-31.0583115782175,-32.6994301733732,-35.6432466034189,-38.6676778856293,-41.2844133290514,-45.2342566574172,-49.3827224807623,-50.5386715166502,-57.9362501557282,-61.8897895250746,-55.1358386831539,-59.0454719505087,-60.9984663741952,-57.856387341569,-58.5784597905417,-57.5721103496654,-54.5551626804363,-53.4223341203959,-52.3406335041062,-50.1091300716373,-49.3406340840434,-49.1981029393838,-47.9345032561938,-48.28990227872,-48.7342185977368,-49.3815393122693
-51.0122394817467,-50.6683147295077,-50.9333848741411,-50.635512483425,-52.3658838254734,-54.5027228027194,-55.1332254038925,-54.857667451162,-55.4738398222008,-58.6788809609026,-69.0835261326166,-57.9104995286908,-57.5733003207828,-72.0333018685622,-58.9998437421861,-55.2215145159505,-58.0848626082457,-57.611517310056,-57.2889185197997,-52.7341543005502,-44.5285393626876,-40.5178732574379,-37.3046950318874,-34.0433992659206,-31.9877475225502,-30.3114708633145,-29.1579306938461,-28.3358439555814,-27.9981070444433,-28.0706426456913,-28.6638548869305,-29.4100047995699,-30.3763403259457,-32.1852375601893,-34.811594648587,-37.5218166254205,-40.2223357468984,-44.2535019322195,-48.3862261415249,-50.6707521759,-61.8595045703833,-63.3728894142954,-57.0739666504271,-63.6154665971448,-64.696373870921,-60.5703424253325,-67.8905820779202,-58.6748467445838,-57.6810926834023,-54.613979037959,-52.4191967822734,-50.424403243996,-49.8964550932272,-49.1647876839107,-48.0476556561595,-48.5648928793143,-48.7792101440253,-49.5497272943275
-50.8718581235207,-50.720525420301,-51.8189253689987,-51.6121767010125,-52.002869894887,-54.5506772167544,-54.626572157378,-53.9474119582319,-58.0302731470714,-63.3726414767871,-66.8480617629965,-63.4026223395675,-59.0402089966476,-60.7381637790451,-70.3971444162201,-57.6587719039151,-56.2708263340941,-60.3905883457352,-64.7957200552648,-56.48384486654,-45.7610499600925,-40.7456057401815,-37.4637222369603,-34.1730813089599,-31.8470076952899,-30.0391733460089,-28.9817189429297,-28.0434909532036,-27.6390457525951,-27.7607702433416,-28.2359793155174,-28.7751680150423,-29.7801235271875,-31.7552990504982,-34.1855387800498,-36.6070412137394,-39.5881689597807,-43.8844336450488,-48.6633491629759,-51.847786006585,-68.3012408731523,-61.247073197184,-60.1854572574045,-66.7634643748326,-66.5240859030755,-64.1972576539899,-69.2498032655541,-61.3263821808923,-61.2697172551612,-55.2354452165757,-52.4390553035815,-51.2144846174718,-50.402845849659,-49.1996165703952,-48.6686467175526,-49.0423840906408,-49.0680083567772,-49.8933372279176
-51.4314980534452,-51.4152218645282,-52.7912113554176,-53.1105847438804,-52.142684328445,-53.8477666680644,-54.4628850784138,-53.2244096436074,-57.2244843991513,-73.7176716252003,-61.9223305089465,-56.5127982011985,-54.4982433486713,-55.7734289250923,-67.9288882895954,-59.4954521764948,-55.9419015946556,-61.2645788246385,-69.5301040448111,-57.3939402495461,-45.7736097355901,-40.6200061915063,-37.5874961835788,-34.1962263162082,-31.692629538233,-29.8684478384498,-28.803195107992,-27.8075118903594,-27.3566171023953,-27.454059345938,-27.7851662564741,-28.254949327006,-29.3298591122391,-31.3501106335273,-33.6731557321076,-35.885917001599,-39.0424230098851,-43.5043125523336,-48.9111501965825,-52.7482735820282,-71.7049544533647,-59.7513126167808,-65.8554061319988,-64.5771071278771,-63.7499412599998,-61.205291656769,-61.5085932868031,-63.0812198431584,-58.8490063434663,-55.0054737917792,-52.7413301321497,-52.369532339081,-50.8569678395798,-49.5898347917315,-49.7435097805278,-49.648773062767,-49.5986562894396,-50.3403063838309
-53.014599088388,-52.926194770183,-53.7297396182642,-54.6524904706612,-52.9749760773184,-53.1851757026721,-54.2200668954879,-53.5438857182972,-56.0660117732797,-66.6172708294879,-62.1988758311143,-54.6837004614005,-52.7221348069478,-54.2747733915421,-63.0035366777419,-63.2592073766642,-57.5809562508546,-60.5688258004821,-62.5564133832866,-54.2868085400491,-44.8721092304386,-40.4427911833939,-37.5534629845098,-34.0704268350788,-31.5965063977104,-29.7776000497651,-28.5937341167429,-27.6242032539239,-27.1382108701697,-27.1389988146668,-27.349960382101,-27.8673943227626,-29.0467123985082,-30.9688517750044,-33.1562128670289,-35.3127125730638,-38.46285903052,-42.7907188447735,-47.6477438038937,-51.2948352281512,-63.864780462184,-59.6645817288206,-69.601711409821,-60.3980389375014,-59.7683076711869,-57.6516625837139,-59.6261287728757,-59.2413254791693,-55.9926424206138,-54.883848374259,-53.6102503667778,-53.6813068972179,-51.6252961676322,-50.6379633838415,-51.1390974815276,-50.3900229297335,-50.3647566502445,-50.8545504251778
-55.9041955145392,-55.3050679611762,-54.6618281574073,-55.6459289400296,-54.5365696735086,-53.333111953008,-53.8533675654992,-55.2227412433382,-57.2981879135969,-63.0928924252399,-67.0661002195334,-57.3831462622988,-54.1314967784195,-54.6640734515964,-58.9939203189311,-65.7324901836072,-60.7434175515217,-60.2605112859965,-58.5177391124769,-52.9071979418883,-44.5855107380997,-40.5054891741675,-37.4213917036125,-33.9832672635681,-31.5975354368041,-29.70292876937,-28.360345952429,-27.4732520998807,-26.9509003819653,-26.8266208644948,-26.9794909964134,-27.6046149451841,-28.9032183564374,-30.6589424635143,-32.6365947909009,-34.8665623668608,-37.9859635370408,-42.019061422849,-45.9421639469233,-49.0409304338024,-59.1883590249713,-60.2769690479862,-59.8368435628435,-56.7729282004136,-56.9050575191535,-56.1317659836293,-59.1949304934421,-56.0956280489803,-55.0446237902115,-55.6446644275658,-55.2621385559492,-55.1360338540922,-53.2296590655516,-52.623587893636,-52.6425984664398,-51.3551285928933,-51.336413891533,-51.426674052203
-60.6841053480311,-58.3501776655025,-55.7251309612737,-55.9802053989591,-56.5194083483045,-54.6566903060618,-53.9952164926729,-57.9372493526375,-61.8126070618144,-60.6945248689417,-61.3158339104838,-67.507223656745,-58.6122298651372,-54.6726398742823,-54.6069236467798,-57.5036666403202,-60.8773696269414,-59.8427517906993,-56.41456918918,-54.3633055953397,-45.4749868506113,-40.8415284576725,-37.397344257016,-34.079077206459,-31.6285724043715,-29.5842983904025,-28.129862827019,-27.3181430531768,-26.7608353004656,-26.5435549280321,-26.7114391994782,-27.4488949670894,-28.8337174543022,-30.4527025190946,-32.2365904859926,-34.5871509673551,-37.816724635689,-41.6704848699783,-45.1626751523107,-47.8813913897196,-56.2433818035792,-59.5948177505561,-55.1374451047538,-54.6575416062754,-55.3838053605924,-56.1155035439427,-58.2594904279832,-54.917729501575,-55.6254521350412,-57.5158443122273,-58.0015587040832,-57.2113761382877,-56.3522042907422,-55.7037268344421,-54.0851253647276,-52.6649951157584,-52.4245594028708,-52.0300441985661
-68.985336122411,-61.3425027241843,-57.1248339518146,-56.2585754795553,-58.1161802723148,-57.1155290397777,-55.2300561851186,-60.3531759336791,-71.5075543754909,-59.3639565458329,-57.3342625809136,-62.7557758393522,-60.5729787609415,-53.509880733573,-52.1074393165066,-53.6526859480712,-58.0770775235362,-58.2527209216889,-55.7837513878776,-60.9707181278945,-47.1609007758664,-41.2733813173236,-37.5358681158446,-34.2342283124538,-31.548202252992,-29.4047397130328,-27.9171964997876,-27.1209287391998,-26.5506533638704,-26.3136761838913,-26.5538975668033,-27.374402816132,-28.7633699582869,-30.3250440359397,-32.0632281943311,-34.5491499419627,-38.0653888433081,-42.0450934113153,-45.6770400916884,-48.3372141062823,-54.4803851447349,-57.2181386126863,-52.996719055319,-54.1468626210401,-55.0925083930948,-57.0844659919373,-56.8647312986139,-55.3179824105768,-57.3908570046824,-60.1973266598111,-62.4965948481454,-61.0444033374857,-62.5996789227968,-59.0714253737003,-55.5201454245738,-54.3129322594936,-53.4126676136176,-52.5758777407151
-68.7656856202573,-63.2866628314057,-58.9125626405817,-56.9710186634512,-58.7518269159463,-59.7492157159461,-57.7049348220127,-61.9250841255658,-75.115854379115,-61.3351112032565,-58.3321486946387,-60.4869206557054,-58.7501494676946,-53.370908062216,-51.6974053087321,-52.4270932809311,-55.689887906801,-55.7125130872142,-55.4820463425293,-64.1628444866588,-47.7221437849082,-41.3664676504932,-37.5025135042667,-34.1076079991193,-31.2661435560047,-29.1804775887995,-27.7083690427442,-26.8650473140193,-26.3233932585211,-26.1424554960887,-26.4788052874223,-27.3407777552727,-28.6420999709745,-30.2013268562876,-32.0880799251774,-34.7624575303024,-38.6677260784579,-43.1770201635258,-47.5160228943933,-50.8504453630107,-53.7420634054779,-55.0279760316693,-52.6245476373139,-55.1804702832139,-55.9505193579984,-58.4401775299759,-56.1206171427671,-56.893908929127,-60.0217478054417,-62.2332765219928,-68.1595818004943,-69.6774396866419,-72.3806853741938,-59.8218166796236,-57.0213039197522,-55.7387706941285,-53.9514673539868,-52.9297253900541
-63.7392430219746,-63.8298063538943,-60.3616551904402,-57.7522135285814,-58.4244346200079,-60.6208884567107,-60.817316118262,-63.6749389390597,-69.3625052931537,-73.9735253010953,-69.9046958689318,-70.0663346480394,-61.1843397435454,-55.7233356015709,-53.228810790026,-52.5937853415245,-53.490650423286,-53.3115796839022,-54.1221557305048,-53.7672498086646,-45.8511381815101,-40.5960275512815,-36.8399333463816,-33.5374967524598,-30.8285479410136,-28.9224448842294,-27.4763024516743,-26.5695556649725,-26.0946977948342,-26.0135725385773,-26.4308124875996,-27.293854738001,-28.4610381312115,-30.0137893488571,-32.1333647165543,-35.0652925727234,-39.2929888999574,-44.5444926481799,-50.2693185824237,-56.7178778378604,-53.9487777801917,-53.7688091106001,-53.6984977060345,-57.6626777867952,-57.9550238527615,-59.7314297144285,-56.6180285346034,-59.3083476506609,-63.0444489683893,-62.2861576327103,-64.4204402074346,-66.3668562870296,-62.4534107137006,-58.6602551682176,-57.8887592155413,-55.7766483830215,-53.8636943762042,-53.0285242435463
-62.247470018186,-62.8422062629297,-60.0926648333117,-57.5387876787794,-57.0547760225112,-59.2421541426583,-62.8384000877479,-63.085045610944,-61.0060274888226,-60.4209103324831,-59.7703702411559,-61.1071542697094,-65.7410569936063,-62.729383992335,-56.2982104101267,-53.015557102014,-51.8432168144945,-51.8174888492393,-52.4136914228733,-49.7606856211047,-43.4121145136097,-39.1511182128831,-35.7012880472953,-32.7736301800093,-30.3541536675514,-28.6264799260994,-27.2157394105249,-26.2813524275365,-25.8828552126421,-25.8981417808798,-26.3512677284151,-27.1826143048053,-28.2407832354644,-29.762586978478,-32.0152630819662,-35.1564996098537,-39.4200225745779,-44.7547358633546,-51.2615726137477,-60.5879777021736,-54.9866394165935,-53.4661300273653,-55.9135981092663,-61.1906289130316,-61.1578797058108,-61.3845828883101,-58.8182639496763,-63.0815737246692,-65.123502522211,-61.6089637715139,-60.3738108546376,-60.0189440492752,-58.8299557773219,-57.7504257595576,-57.0068799500124,-54.647856491248,-53.4669101009508,-52.9949177989978
-61.8787907342774,-60.5817485668537,-58.5590653690656,-56.4920005492401,-55.3336339654983,-56.5664069690266,-61.0471645243362,-59.514785972747,-56.4256817388111,-54.5482395045724,-53.3464333609492,-54.0247202116067,-58.5577432531089,-75.6436700235597,-59.3085116332779,-53.3917583711767,-51.4243679540268,-51.5350335337941,-51.390217032253,-47.673562579953,-41.5030497369079,-37.8008242658971,-34.6641553781046,-32.1386297620734,-29.9344860219699,-28.3038421444946,-26.9606961094081,-26.0511826540525,-25.7028023125234,-25.7713560109489,-26.2081103992324,-26.9862259658223,-28.007772963253,-29.5104587848448,-31.7456507056999,-34.9007285192422,-38.9171593143481,-43.5103372782177,-48.8237069141114,-53.3991299602516,-56.6138803116521,-54.0547907305181,-58.783978690246,-63.9700172292222,-65.2220920134668,-64.7538331957322,-63.8364636337326,-72.5561499448697,-64.1843152328877,-61.0047563043235,-58.4618101157418,-57.4912262500072,-57.5218042476691,-57.0446821288581,-55.3694176463172,-53.7434655916089,-53.2968237874561,-53.0935026696067
-59.9563729644121,-58.1082685362524,-57.009656186228,-55.6622614442278,-54.1816739647856,-54.1270435413426,-56.7237717717979,-56.2408140435428,-54.5198353091494,-52.8993693563063,-51.914105668979,-52.3529662878554,-55.8045526563904,-63.305359667795,-61.467361141455,-54.6921892007968,-52.5807990501221,-52.4052555933333,-50.9125976727924,-46.4711431348167,-40.3590452472136,-37.0409417981234,-34.0687382138274,-31.7623230622883,-29.6174339150289,-28.0082177808273,-26.76633141468,-25.9115370985609,-25.5649462390938,-25.6280658947446,-26.013503813061,-26.7321234940922,-27.7841993590009,-29.3190260518619,-31.4999828475282,-34.5202230688364,-38.252902684988,-42.2122607117107,-46.3870680241704,-49.9912278370566,-58.3606111481361,-55.585345299254,-61.9199518992824,-62.6198543425665,-66.1814730385087,-68.5700384629812,-67.4672935358185,-67.3578448896616,-61.7879127180266,-60.2394637407406,-57.7872593759809,-56.7246898014293,-57.0390398592867,-56.4243396405989,-54.4383043220895,-53.8015274114376,-53.7687459529214,-53.6047332968548
-57.2924686808499,-56.2888946393699,-55.9008799983564,-55.3488522250336,-53.9121646017524,-52.7742202454985,-53.3596207041624,-53.7381970919446,-54.1389153783164,-53.9739227687654,-53.9342524324559,-54.394368020996,-56.9804217319679,-62.5387848302485,-65.4238858021442,-57.825148317497,-55.0881360944869,-53.6410613716893,-50.3793891073589,-45.9197570510433,-40.0613348421767,-36.9931147283258,-33.9517519918914,-31.6254441066404,-29.442460958591,-27.8209734581425,-26.676283963827,-25.8677984024175,-25.4769664547411,-25.4877956143759,-25.8160857084183,-26.4873897914221,-27.5964614023904,-29.2075769960414,-31.4068213302418,-34.3078048362177,-37.8684956246909,-41.588625168166,-45.1879679422802,-48.7270831349926,-59.6122060354319,-58.4008620583302,-63.4155402343491,-59.0567403273635,-62.1917494777314,-62.1939304454367,-60.208969861561,-59.9089438804511,-59.8290768268111,-59.1041651756102,-57.6582237688115,-56.77754981468,-56.7555343736604,-56.2584041469499,-54.7877632138597,-55.1596343427876,-55.1905253613484,-54.7607578749917
-55.8797616026909,-55.5324477457143,-55.4381646928381,-55.3772686264361,-54.3942396100097,-52.6287908075648,-51.5977285675014,-52.0575004618348,-53.8373854939706,-56.4913258799257,-60.0666935605405,-62.8520771149913,-62.6444444772113,-64.1339939846118,-68.6869178544021,-61.5210647020031,-56.7241065312977,-53.7795985593733,-49.8307151180651,-46.1573242579711,-40.6173066453689,-37.5617146283292,-34.2041985863674,-31.6846923915147,-29.4566412176523,-27.8072084603448,-26.7015146220167,-25.902344637933,-25.445076885801,-25.3852537597246,-25.6739562502435,-26.3258543735724,-27.4821476490648,-29.1680777580272,-31.454444075634,-34.3528542719241,-37.8673425095341,-41.6437123847725,-45.2716687079063,-49.0627715331477,-60.1614931573355,-62.9943949927838,-59.8431446484439,-56.3339794780033,-58.4559664974137,-57.2620854013229,-56.2142709893912,-56.7801513813491,-58.343298947174,-57.7172530488208,-57.5022960601624,-56.9895312499984,-56.7559473530351,-56.891728046223,-56.7901479026244,-58.3178487446007,-57.900458678594,-56.7092014568759
-56.3525694817258,-56.0271753378683,-55.7607036606683,-55.6330425852937,-55.2202235695933,-53.4809274531109,-51.3038949250716,-51.3960381055347,-52.9344947797454,-55.9083795455497,-59.3714814265879,-64.5848746162178,-67.0412932572096,-64.9237451858484,-66.8991056585243,-61.2758426965431,-56.0911432755819,-53.2496276451838,-49.9634689425508,-47.3969904117173,-41.8959624027226,-38.5207560071995,-34.7056196850502,-31.9432433606135,-29.6876672840134,-27.9758070224786,-26.8164873454592,-25.9859407696397,-25.4718715566186,-25.3524011372725,-25.6271426794708,-26.2926782321743,-27.4770231338633,-29.1991607947457,-31.5535274023452,-34.5366265656596,-38.0855470857556,-42.0439300764433,-46.2692836831529,-50.8651636307653,-60.5929357585148,-64.0282362861315,-56.420515511026,-55.0869440963881,-55.9772679522852,-54.6701319941078,-54.435398408911,-55.4823754806994,-56.8005856970445,-56.2572261788524,-56.9667589539845,-57.1439787024112,-57.2978273111244,-58.3224177647727,-61.1691788630271,-64.985099835138,-62.2417592616863,-59.2822469550504
-59.3142086450442,-57.7438881400813,-56.6415202400008,-55.9651787064897,-55.7793772432025,-54.8172838411771,-52.2556347503043,-51.9233976561414,-52.4728254833427,-53.7914089779966,-54.942193266635,-56.6016802269193,-60.660235709629,-65.744400741023,-72.2432964774825,-61.6438211981757,-56.2368091282383,-53.6185587739151,-51.3464858838136,-49.7514462197178,-43.5456624379971,-39.6270589132844,-35.3943540432335,-32.4127718519162,-30.0948147590945,-28.261584304469,-26.9700805136636,-26.0899076616537,-25.5516772851071,-25.4026250169359,-25.683322894609,-26.3861062876278,-27.5890020493159,-29.3100616208545,-31.6480867323628,-34.6787098168922,-38.2598062194915,-42.3089538597208,-46.9639450133265,-52.7892833651646,-61.8051204004788,-59.7535218381384,-55.0508900127687,-55.3816524717038,-54.720461422048,-53.6966402216272,-54.1127381041543,-54.8868692471117,-55.0007401714504,-54.8253103737122,-55.9024264891689,-57.0618705327026,-57.9214511919945,-59.7227266731572,-66.7676302732611,-77.1234496709204,-65.7784149881902,-61.25322560618
-65.936055711091,-59.513403923573,-56.9596966347873,-55.6830961464023,-55.4466746228976,-55.755690172351,-54.1063367206288,-53.6928540793819,-53.3346221239446,-53.4866895859672,-54.1840680413047,-54.995376364655,-57.8977804816237,-61.8901610484098,-70.1196155016185,-65.388566252557,-58.6462793679045,-55.6218581358839,-54.207291413977,-53.0449250453347,-45.0964634203454,-40.744128785388,-36.1977231739473,-32.9996655695111,-30.5383639411046,-28.5450325085483,-27.1097332908679,-26.1938013097246,-25.6675932359215,-25.5238300954294,-25.8192489479095,-26.5625185832466,-27.782196656509,-29.4908172345639,-31.7528237500122,-34.7172544814735,-38.2696268904163,-42.2391090132972,-46.4142220939213,-51.777149908421,-64.5427588660633,-57.8629869998197,-55.9597185655934,-57.2126057333224,-54.56094779794,-53.9450420807265,-54.5829279337305,-54.1245109426382,-53.275801761539,-53.5174445675433,-54.4422221437844,-56.0668340536834,-57.2391587891695,-59.2459226928797,-62.1893181942298,-64.1269764119674,-63.2781646137403,-61.2783715822069
-63.5685100067589,-58.6551311911388,-55.8357193247099,-54.3755409000359,-54.1779919207913,-55.3863890388009,-56.156505025472,-56.3980238300992,-55.6833113839954,-55.109661190542,-55.5190506001809,-55.2440617843621,-56.1356968189011,-57.2843626003541,-60.5737459021459,-65.4622041712636,-64.2437008923779,-59.6072222137148,-57.9553383035282,-56.7905119477489,-46.2436472189557,-41.6871221757559,-36.8645713375392,-33.4424947309875,-30.8283042086207,-28.7217534713634,-27.2089666930789,-26.2872733465354,-25.7943646498243,-25.6825084053198,-25.9935404752765,-26.760696518841,-27.9883548713121,-29.6896498274069,-31.8864978545006,-34.7256201131355,-38.2073090416006,-42.079759801284,-45.7780203891945,-50.2010803221284,-67.8628982610189,-58.9806900009755,-60.114781426382,-59.6031359999906,-55.1591716785862,-54.7528743686679,-54.5323312330029,-53.0032868546693,-51.9741780699798,-52.4660548067602,-53.0359365112299,-54.2688697792732,-55.4102242862319,-57.2332378665864,-58.4380575718296,-60.2241045494607,-60.7904582399311,-60.7099771244737
-58.3847655816804,-56.5383154043618,-54.3880827025817,-52.9375760200644,-52.7112479865212,-53.773689083266,-56.9053281747777,-58.5377009676053,-58.9526522791362,-58.3808910704324,-57.7528780173978,-56.0345476702712,-55.3869632268701,-55.5319699224696,-57.8661343569753,-62.1761488501025,-77.6224141611167,-63.8835814782624,-60.3483949594633,-61.4177330942818,-46.51051740322,-41.929086081028,-37.0154473121162,-33.4891837752848,-30.8685667477193,-28.7756307387133,-27.2775856690488,-26.3698657634401,-25.9091188582895,-25.8389413843602,-26.1648923411304,-26.9326499113774,-28.1450893202599,-29.8346452446801,-32.0087380387696,-34.7585218366969,-38.1657192349311,-42.0356256704755,-45.9018078204232,-50.3588467647345,-65.972905028,-64.9281929999743,-66.185994116773,-58.6166355680589,-55.5859699422048,-54.6888444664881,-53.1347210511474,-51.8918209276055,-51.2223493545993,-51.7970744551739,-52.1075705985797,-52.7537647688853,-53.9250964130686,-55.507480054979,-56.822435360629,-58.6085359923066,-59.5846100675528,-60.6837984023452
-56.3569746075811,-55.2437307732769,-53.6149755700768,-52.1837040297022,-51.714707284487,-51.9592581165148,-55.085365057714,-57.7442278642036,-61.3824095690855,-64.844107637784,-61.937816654792,-58.1544565925554,-56.6093723929656,-56.5595647352498,-58.629986622172,-62.4774591567491,-68.3514204648269,-60.868285350333,-60.842328873062,-61.1772234871837,-45.3132916792202,-41.1504526589234,-36.5933508557599,-33.1946102313447,-30.736817809817,-28.7723766516278,-27.3476230650839,-26.4533683876245,-26.0075336330418,-25.9699701752923,-26.3101599196309,-27.0636585737352,-28.2355261732559,-29.8920229819598,-32.0536069150567,-34.7721483068266,-38.1048399935885,-41.9870801963499,-46.1801754767594,-51.7698643755537,-62.7794600980593,-65.6045174470915,-58.2731397316533,-55.6571148983932,-54.8491243498883,-53.2661895917655,-51.4991516414182,-51.1001371904138,-51.0057457281302,-51.5799516803483,-51.8554997597012,-52.1672926239547,-53.419805318652,-54.7542349017557,-56.4846080165262,-57.9971815897862,-59.0313138231465,-60.8756421009738
-56.2537067127916,-55.0607040286781,-53.6812768484573,-52.270521914313,-51.3860921858759,-50.6842019691479,-52.2478270365661,-54.5940332976558,-58.8048869150253,-65.8071161256681,-66.4470071260067,-60.8805231436639,-59.5180812616905,-59.9645794677758,-62.3451674665413,-64.2820098610903,-60.7773074021817,-56.4287630237038,-58.4280375293234,-53.6726436621969,-43.3089380934077,-39.8843843208242,-35.9516627708062,-32.8331467419458,-30.5848408312368,-28.7914533749397,-27.4546402562703,-26.5656310408128,-26.1154556928439,-26.0872354204984,-26.4359725173588,-27.1723437583401,-28.295078230336,-29.9013438368973,-32.0236257327542,-34.7174947149296,-37.975906261206,-41.7636875921097,-45.554336603465,-51.1295820796535,-60.9054513565607,-57.5227975292649,-54.3071366551721,-53.8143135092821,-53.5005461473218,-51.810640045634,-50.5688785989414,-50.7842787073329,-51.2578047554445,-51.8104232614704,-52.2885150995437,-52.6776369368606,-54.0152698978403,-55.1479574481552,-57.0464483404839,-57.9583134189969,-58.7526452833181,-60.4940813024743
-57.7731318140593,-55.9312420115295,-54.345614105915,-52.8862681374537,-51.5223983369025,-50.0889062023756,-49.8929101679421,-51.1951274522953,-53.4121174677398,-55.1135509697614,-56.1061924953284,-56.9980746612264,-59.1885750933037,-62.8555932244991,-65.6518170796849,-60.3152438455529,-55.8883162201135,-52.973487903132,-53.744156999684,-48.5555116800809,-41.4589525904567,-38.7372049691879,-35.4201032156885,-32.6120241684882,-30.5279734969048,-28.8885919465488,-27.6330815974058,-26.7490903276999,-26.2840623072737,-26.2362992021357,-26.5769897720469,-27.2955721980562,-28.3811387926399,-29.942775996255,-32.0117731321955,-34.6555496074579,-37.8725394794028,-41.5245417081887,-44.6259460262223,-48.7766748959491,-59.7129457429359,-54.6742185208355,-53.2990681884657,-53.3691829166342,-52.5244745627399,-51.1229569101627,-50.5504483982034,-51.0321414471889,-51.8877511915202,-52.4152084084254,-53.2727505166974,-54.2513434328135,-55.7504215296714,-56.8450789445916,-58.4079602123787,-58.4500812596391,-58.8134382487252,-59.6645329767763
-61.4781522737993,-57.6804043376286,-54.9385884131555,-53.2110787765128,-51.5424904361412,-49.9296436070254,-48.315923856981,-48.538454374238,-49.3770574882387,-50.1011769387713,-51.2470341411677,-53.5298169620473,-56.9377124572739,-62.0937877858923,-59.5227501214528,-54.9141915505626,-52.0430277437849,-50.10843380569,-49.582482222752,-45.0954177208736,-40.1574468999297,-37.9805270720118,-35.1741853076446,-32.6303577910851,-30.6448802804025,-29.110966304147,-27.9216206717888,-27.0502419786084,-26.5688737336741,-26.4761889680877,-26.7810036021381,-27.4702820932566,-28.5357397903315,-30.0716634414423,-32.1110856366213,-34.7080250317814,-37.9467773275497,-41.6005920676471,-44.5214021544663,-47.8627487437193,-58.8289536848794,-54.7544005470869,-54.5735121274049,-54.0086430263078,-52.2483629384528,-51.318590719513,-51.369395345074,-51.8286138710836,-52.759613540309,-53.2707739290144,-54.5565795888256,-56.6081661151129,-58.6676148865513,-60.2262350389065,-60.7213018403304,-59.6966140610898,-59.4826672241354,-59.165352130971
-67.3844712754698,-58.7359312757523,-54.4222373286751,-52.3627406139568,-50.7741653747038,-49.6825762332223,-47.4240513932028,-46.8083557405844,-46.9000664801803,-47.4576643821568,-48.9236607695316,-51.7438127879408,-54.3211119708025,-55.219992174831,-52.5786550413773,-50.3219572283419,-48.7176285373976,-47.6343435021413,-46.3914668204117,-42.8041059370206,-39.5989470891423,-37.7820688366384,-35.3631185060332,-32.9829101330176,-31.0224541120163,-29.5207154855946,-28.3634610125003,-27.5041495993029,-27.0059577927371,-26.8540982508945,-27.0915934645146,-27.7247955027624,-28.7711166927511,-30.2843967092606,-32.323224381791,-34.9088161948631,-38.2077084225316,-42.0721337873198,-45.4264359050262,-49.0751839040149,-58.4067473241694,-57.4422877102018,-57.660197968025,-54.759556950227,-52.6058800716922,-52.2497144044304,-52.772078728743,-52.9528387751502,-53.6751381743662,-54.2383462146313,-55.8682299687597,-58.9177122852697,-62.5227353022329,-66.6058817129683,-64.5815626074013,-62.1149174218965,-60.8763566790443,-59.3538654208526
-60.0543054108251,-56.1163519030145,-52.5954574052661,-50.5632479570348,-49.2101158963643,-48.786422877695,-47.0194158142318,-45.9165505577894,-45.6288049932043,-46.1824312029263,-47.534888357455,-49.3562270710511,-49.8220515373613,-49.0218897342565,-47.7340030666146,-46.785509564062,-46.0647635451245,-45.6557685794925,-44.1749159800459,-41.5958984513907,-40.0308214876674,-38.3706004434249,-36.1940814653396,-33.8184256481188,-31.766549192207,-30.1887098647835,-28.9932854358611,-28.1200533628508,-27.5965577673758,-27.3874820784871,-27.5378487214715,-28.0840501902022,-29.0869944504212,-30.5451423797639,-32.5647972974348,-35.1473360625971,-38.4558154207642,-42.5510728936143,-46.3173383684485,-51.7400696991001,-58.4951170680995,-60.4444493257509,-57.9097166775916,-54.3056506922513,-53.3047292739062,-53.5085429134891,-54.163981725536,-53.9753028523187,-54.4342218797552,-55.1942519183659,-57.0818428205849,-60.20793579816,-65.2438649931318,-80.1908058616855,-71.7309719128496,-66.0257744478314,-62.5796001377353,-60.0655520943866
-53.9174891382195,-52.2787006229052,-50.3336405598284,-48.633842008889,-47.4484948119108,-47.2283658622442,-46.7655627242935,-45.6713522046597,-45.2349673429534,-45.667684440678,-46.1857083744317,-46.4250901378458,-46.1244233290416,-45.3871938101027,-44.8821387231976,-44.5721339519139,-44.3911837290595,-44.4005438721961,-43.0061486082363,-41.5740400085938,-41.8675109247695,-40.1131948581113,-37.9500274389272,-35.308436729963,-32.9543365859605,-31.1503390697813,-29.8105802485273,-28.8703086278644,-28.3023868413519,-28.0551459985353,-28.1291106936935,-28.5771172029562,-29.5013120506139,-30.8530420457892,-32.7811505689208,-35.2969082849703,-38.4927676212777,-42.4934934887478,-45.7327696619381,-51.1727918217072,-58.5957524633994,-57.257744250556,-54.6418675117108,-53.2947889229856,-53.9266574758821,-54.3715636295357,-54.6702398043708,-54.5267037580522,-54.9056070607336,-56.0034285506286,-58.1739715612618,-60.7963407084461,-64.6878204317007,-68.7512410682504,-73.1930463713721,-68.379301581515,-63.5582518248924,-60.8157401565739
-50.2459507570482,-49.3080563900594,-48.3027924069628,-47.0285496424878,-45.9794574696349,-45.579928214482,-46.2330652876193,-45.7815053303742,-45.4342167570536,-45.5479595450422,-45.1267840922107,-44.6012693786056,-44.3226782183395,-43.9125323394606,-43.8268487163102,-43.7932297155331,-43.877809754407,-44.044077343631,-42.9965755069774,-43.0001139584441,-46.0474857699703,-43.7428503538007,-40.9736336724006,-37.4954020633328,-34.5072087355954,-32.3255629081049,-30.7448486407082,-29.6861090959353,-29.0532524964696,-28.7976516809275,-28.8473507847982,-29.2289003054369,-30.057719589424,-31.2766371176742,-33.0486095199039,-35.4136840052429,-38.4247278690212,-42.0639184291425,-44.5657286643131,-48.2451995673587,-58.1723530210453,-54.5066641661357,-52.9288480368098,-53.1189737375504,-54.3390954045905,-54.4651099945908,-54.2118501018007,-54.5402854186367,-54.9968743562893,-56.4568782382149,-58.8663082182798,-61.3452346343566,-63.6296718029797,-65.3912678526635,-67.4453155449761,-66.176433824291,-63.8248883608911,-61.2831844740113
-48.1425636453567,-47.39576192021,-46.7582633823297,-45.868324250957,-45.0096465014583,-44.3753530290875,-45.3457964740689,-45.9033054944384,-45.989762847915,-45.8256994781746,-45.0960548727402,-44.5728346404773,-44.5644873942738,-44.477957477509,-44.553228431499,-44.532660632382,-44.6181089605854,-44.6712271020041,-44.2835765225999,-46.4632071073768,-56.1595850648098,-51.4479940447875,-44.9687544316235,-39.7370303459284,-35.9679710903641,-33.4408022071758,-31.6443533046039,-30.475291438238,-29.7755062286261,-29.5361952720791,-29.6391979988552,-30.033504188504,-30.7935461852048,-31.9069961844484,-33.5206269271342,-35.7138145399519,-38.5688677136916,-41.9391530544985,-44.1384063842782,-46.7809395067004,-57.5826324749098,-53.9575715352518,-53.2183289663328,-54.3903265168148,-55.0000282864061,-54.4497471108332,-53.7569879536727,-54.2853228313961,-54.7751685100436,-56.3779830792868,-58.5306872589367,-61.3082325465956,-63.1698872084095,-65.8270081408579,-66.6590958033405,-65.683008624014,-64.621064717023,-61.4840991003143
-47.3136288797414,-46.453701695155,-45.7819167601275,-45.1428774551679,-44.5672816091746,-43.8742977001924,-44.5463048624854,-45.8814270632019,-46.7244544928405,-46.7555857344408,-46.6759385828383,-46.8345925277506,-47.2903284359821,-47.4146553950296,-47.2935494191796,-46.9479559728337,-46.6671501092881,-46.2718282308663,-47.0084281472204,-53.0722285302419,-52.410944328822,-53.0315164805192,-45.4774621942375,-40.3057597141012,-36.6325001538211,-34.1559197560844,-32.3610887988318,-31.1783461495806,-30.4413570331041,-30.2178247284597,-30.4253079684951,-30.9287730141937,-31.692673628836,-32.7761908359821,-34.2858845612557,-36.3597386335062,-39.1357390644631,-42.5244414371887,-44.7366536583551,-46.8809974216238,-57.4243920777421,-55.1678669505788,-55.4122891881498,-57.4338139277996,-56.6566381539793,-55.3123021883398,-54.2390779989908,-54.4098306854165,-54.6696482798297,-55.903250359358,-57.115708406489,-59.481782932883,-61.9559252112196,-68.0745105232504,-72.6298202805874,-69.3478832937462,-65.2314081889778,-60.8866962614791
-47.6172120314083,-46.3490788048997,-45.3795750419626,-44.8223667145612,-44.5930272907746,-44.141086089053,-44.287387111569,-45.8971666170304,-47.5553603095959,-48.598328684933,-50.6289368846062,-53.0431492374879,-54.3051365560402,-53.4935823586395,-52.372443639137,-51.1975736556711,-49.9432156898636,-48.6643178103025,-50.8786117674027,-53.2377513560621,-46.715251699457,-46.1764617340159,-42.8392049712689,-39.398585341612,-36.5774627675417,-34.4878379703001,-32.9154731575626,-31.8301207772584,-31.1025701681426,-30.8615576788219,-31.1420363971309,-31.8013955653307,-32.6600132957982,-33.8081238924039,-35.2827341440924,-37.3153522269922,-40.087604484399,-43.8002424699469,-46.179115449371,-48.143489329965,-57.8137138121435,-57.7020887895365,-59.3897753637417,-62.3517689652926,-60.2779395311253,-58.1381668214378,-56.5505111057357,-55.7357368782831,-55.231554899249,-55.3938179997163,-55.4061714936025,-56.6058174016003,-58.8057456798634,-62.7179734198855,-69.0560590452507,-67.1762430056233,-61.8611717630667,-58.7783808158853
-48.7202325702273,-46.8226162841626,-45.4932826180447,-44.9063720370175,-45.0039115244732,-45.104575712174,-44.7430233491358,-46.2059551589361,-48.5238648101836,-51.5187221843855,-59.5996336357427,-68.4506334514941,-58.1420837513208,-55.3395778071311,-56.2328284509175,-56.1768218979389,-53.6873475110499,-51.2965314814681,-53.1567611013276,-48.3632402492731,-45.1320454743514,-43.8035857100245,-41.387176240946,-38.8305323182163,-36.6276475082421,-34.861612586404,-33.5212395678614,-32.5528992930231,-31.8653664554756,-31.5555038536909,-31.7907777726344,-32.5413732172335,-33.5459387273879,-34.8350572772496,-36.3226947241878,-38.3457005685699,-41.1441193965457,-45.2685321219031,-47.8984476405063,-50.0666745508777,-58.6954601836687,-61.3535539447845,-64.1757714020374,-66.4249994599464,-67.2679991200111,-66.1983548661366,-62.9844995127996,-58.8850549590184,-56.5801075756502,-55.0075179803238,-53.9820819636898,-54.0459613863315,-55.2771499130146,-56.6944327052774,-58.7082763096561,-58.713922164219,-57.2036362280969,-55.9799797697134
-49.5273988403441,-47.3919050371666,-45.9973566167293,-45.4131671996917,-45.7274441307634,-46.5407872703133,-45.8278734570253,-46.851237917247,-49.6179880661982,-54.9869140292243,-61.8254079350805,-53.7698085703246,-51.8380055351223,-52.185461348859,-55.2014740721514,-57.9112285296484,-55.6710497338278,-53.1113825937592,-52.0633691736485,-46.3742141829756,-45.5775376307986,-43.565857892765,-41.4086548869395,-39.2700408408351,-37.3417276011563,-35.6837161543608,-34.4208011953621,-33.4794150600857,-32.823607434428,-32.4025167300149,-32.444034754661,-33.1199140276838,-34.2298252654559,-35.6911081466496,-37.2391210259508,-39.2154397746551,-41.9779459844977,-46.1275099822543,-48.8164898188451,-51.5196325982438,-60.4845875845886,-67.9676778273965,-70.2336628109434,-66.8334722019229,-65.2569968169039,-67.580181487055,-67.6904654142205,-60.282537811863,-57.1695957212337,-54.4886445311525,-52.9496734492992,-52.2113128409387,-52.4909398125634,-52.7891223252494,-53.5157191784691,-53.7343827330493,-53.5939251946417,-53.443983203348
-48.8978425296228,-47.5993458551235,-46.723404410891,-46.3194863972517,-46.6732092804283,-48.0396974190432,-47.2938151749979,-47.682687205058,-50.4041734911712,-55.2083591835396,-54.6354032013564,-51.3373781737418,-51.1275366550603,-52.9769370007287,-56.5595979279298,-57.4224986860994,-54.8231726869064,-53.3364454637466,-50.5368962412311,-45.9529350332353,-47.4152501222166,-44.7094144104282,-42.6364173619587,-40.7564659549601,-38.8862160904968,-37.1381674123117,-35.7475386514999,-34.67790141414,-33.9992657004954,-33.4605036687073,-33.2051926654108,-33.6219033542571,-34.7123499358125,-36.3215484796207,-38.0295802279235,-39.9564198793762,-42.5676842417011,-46.3152406231106,-48.5232696317353,-50.9103470077228,-64.4497188406274,-69.8822226436345,-73.6383224588773,-66.6683329651144,-60.3065661476393,-58.4790860057561,-57.6447629812466,-56.0716416024021,-55.1441147395076,-53.478147109488,-52.1423035477354,-51.0387529441396,-50.5770163912753,-50.3133147680276,-50.3839200702742,-50.6232302400548,-51.0032275259911,-51.3938686608416
-47.7323515019512,-47.535574881947,-47.5258963271413,-47.4880488562974,-47.6866367665351,-49.1574504660936,-49.0109248056886,-48.6827620499266,-50.4667451453225,-52.5496439614028,-52.1755068965932,-52.1289369421066,-54.0941166460722,-58.7289659504321,-59.7928508021316,-55.4950321977771,-53.2293653273628,-52.7962815283702,-49.5208121016566,-46.4841547793792,-50.4289556314786,-46.85510631753,-44.809124359623,-43.1024134526205,-41.1699086238762,-39.1769148949681,-37.472836802727,-36.1098900819767,-35.3078607987555,-34.6969938127024,-34.160038345134,-34.2010271817606,-35.12178423268,-36.7964510402101,-38.7859922324238,-40.7843390435218,-43.1882619222628,-46.5529005585169,-48.1210769470938,-49.3389171912631,-69.150885185067,-60.8337836970934,-61.3595615009406,-62.9451489455524,-58.4764098604702,-55.634153828847,-54.1732193335787,-53.1671510763685,-52.7399065194791,-52.1397904623428,-51.3378461816689,-50.3116668418418,-49.4000234823378,-48.8479733766112,-48.5308159605634,-48.7021192074196,-49.2094983615606,-49.7922041391378
-47.1375566756536,-47.6103461398265,-48.3166405371872,-48.6773519836042,-48.669051149994,-49.8643170298599,-51.2775907346062,-50.2513214354234,-50.5335135406724,-51.1497773202747,-51.6837635805604,-54.4050798638123,-60.5380009594653,-75.6656363164836,-58.0321620455176,-53.9265454250879,-52.7299386273071,-52.9431163539986,-49.5137732012745,-47.9984735514304,-54.9103616203984,-49.8357302265063,-47.7038782968782,-45.9351967453601,-43.8359882937533,-41.4702509378169,-39.3656843234187,-37.6110599897104,-36.5575125738371,-35.9478332633782,-35.3247069631721,-34.9955145543233,-35.6186000331618,-37.2237313279916,-39.5261111371421,-41.7952319117906,-44.0795760073059,-47.3154713321419,-48.6351157311953,-48.6623869087108,-62.8677972543985,-57.227400895717,-56.7232608494272,-59.0202437395125,-58.2941879149536,-55.4090365731477,-53.4113532735723,-52.2409669157177,-51.4218228370549,-51.0032872250603,-50.5004524062157,-49.7886784508475,-48.775712942916,-48.1449441713739,-47.6253398225198,-47.6690565421908,-48.0782790456827,-48.6172671361874
-47.3169605924794,-47.9994502936328,-49.0394989155341,-49.7655651059518,-49.8484677878725,-50.7123389690335,-54.6616165531181,-53.1276312498164,-51.7863222529738,-51.9634660905032,-53.4018831906469,-57.5950897830106,-63.2206886466309,-61.2507971471973,-56.7539708696495,-54.5485886877183,-54.2501749480444,-54.8164327784804,-51.2188545794433,-50.9001409185804,-61.904139399931,-53.9238705952122,-51.434373396022,-49.0964279184551,-46.4631884680263,-43.4969654394792,-41.0199047385442,-38.9221667441522,-37.5273962403586,-36.9258610927263,-36.5648097870452,-36.0456637123166,-36.2830619229591,-37.6423304275307,-40.1318056379153,-42.8439101475822,-45.3120026560161,-48.7296340716021,-50.5523214713563,-49.4941767032548,-58.973758013761,-56.3784860432244,-55.2386106965602,-57.0649049306255,-58.6483811317862,-56.9081301498517,-54.5851058787818,-52.8412254423066,-51.2736089009563,-50.4256208726147,-49.8412832436301,-49.3651051284841,-48.5489660372764,-48.0303487775049,-47.485051766682,-47.3717315265651,-47.5505257429351,-47.9110840952514
-48.0678804375435,-48.636542907804,-49.7347795611064,-50.9973176305233,-51.7916615985761,-52.4986807951231,-59.3070137633044,-58.5752912951272,-55.2834871927314,-55.9264420629799,-59.7759235313267,-63.9301842114691,-63.0032898729986,-60.7057641294634,-58.7034170115234,-57.8674628996756,-58.5709293040324,-59.7293259657441,-55.4100370511686,-54.3313682803159,-67.1173855280768,-60.0415431378712,-56.8823663714779,-53.242286103443,-49.0956767964209,-45.0723547007529,-42.1332267182464,-39.8247722013713,-38.1275602115695,-37.4090225547269,-37.5273351700446,-37.2175561720788,-37.0567484544305,-37.9747478667708,-40.418679372509,-43.6374347316463,-46.7846235172593,-50.7830564854613,-53.7510282783455,-51.8145036813535,-57.674516528493,-57.6352668996325,-56.2845987021123,-57.2964552240326,-58.7639687830137,-58.2902355376694,-56.7382900466804,-54.2724449822455,-52.0179723423714,-50.5126716011982,-49.6447710856912,-49.1855953779732,-48.6872259906394,-48.3872676400314,-47.9892193092324,-47.7261076116979,-47.6115918505261,-47.739467798501
-49.1220699597457,-49.5224351313252,-50.6715201136284,-52.869048836544,-55.2241717139799,-56.1286344549618,-63.2869880958154,-71.0026684269532,-62.5567398072248,-66.0852636147609,-67.473795136148,-61.3947753196113,-61.7153111952267,-60.4111064170976,-59.2194648566686,-59.6610281982333,-63.3535822421386,-74.0670646144055,-58.8070353045205,-53.5337571207349,-66.8994396003743,-67.5510291120276,-63.2382269251099,-56.8847975691769,-51.3148980274756,-46.3235319033606,-42.7369830603842,-40.2745174674406,-38.4495413195584,-37.4792171511735,-37.8189984177945,-38.1483477850489,-37.7665565764549,-38.1159322234117,-40.3064463274972,-43.9496324196206,-48.0772634528541,-52.9707139890456,-55.2371079292398,-54.523944317455,-57.7268607427976,-60.2986299249655,-60.0081115629459,-60.6265072092729,-59.0076433654298,-57.1352519473406,-56.5253798428296,-54.9940560043181,-53.0443520740378,-51.2118231345688,-50.1358043242541,-49.570530070106,-49.3516316286759,-49.2104733648354,-49.0582318364769,-48.6721875914667,-48.2587171137742,-48.1399674620918
-50.4148630096381,-50.9319089791391,-52.2800665018963,-55.8368215115097,-60.6919303757807,-61.5659435325792,-66.5004272152732,-66.6386938855502,-64.6514431231115,-60.9199061884881,-55.8325743760468,-55.5997895364868,-58.166163982291,-56.8552006895615,-55.7685933641088,-57.1470856845195,-61.5788960442081,-67.123296993456,-55.4066955486007,-51.7468219023806,-75.3326778999621,-69.7899236694755,-61.0654915090696,-54.0473063817348,-50.7412726733615,-46.6955857957621,-42.8616624885874,-40.3167799964953,-38.5911858403836,-37.4040466773396,-37.4388388281832,-38.3609641502003,-38.2158581768265,-38.0850005274962,-39.8989438445147,-43.704857202877,-48.3003072250689,-53.0945696490333,-52.9022739012682,-55.392489451089,-57.4422915348774,-61.3910101034133,-62.2152195147412,-73.7967325428685,-59.987131279765,-55.5527400792541,-54.1755417238847,-54.1529049770458,-53.5373085539312,-52.3563949890203,-51.4674206037767,-50.9092748876483,-50.9165230112684,-50.711384286961,-50.6793407990939,-50.1292231251152,-49.4505007215999,-49.0706257297166
-52.1839919363822,-53.3457988564378,-54.9356720390376,-59.5576598364881,-63.3155569024126,-60.0126844425656,-74.6237394038759,-62.9865581812727,-61.7644730812211,-58.5645816866352,-53.6920025474489,-54.6192293578803,-58.3562284930543,-55.4250360387898,-54.6948910842546,-57.8817511267647,-63.667314514794,-64.4806654758012,-54.0823194255007,-52.1221509416243,-63.6697925226724,-75.8214983046068,-59.4246320997209,-51.6194127123554,-48.6121632069557,-45.5809249052598,-42.3129421964191,-39.9399471750774,-38.4887131779324,-37.3341350416456,-36.7560447103505,-37.7011826569906,-38.2461732920633,-38.0001105452597,-39.3280441802229,-42.8612285128114,-47.0525177986047,-50.6105607155162,-50.3540352822216,-54.2087533098091,-55.9430778558911,-59.9483099948373,-58.163140943087,-61.9517381192696,-60.3961130445529,-55.1649311164111,-52.7520833326851,-53.0207328520114,-53.3591221494876,-53.6730074544412,-53.7008003767746,-53.7017923744676,-54.1197708697081,-53.4853229064049,-52.9510518883075,-51.9079520192992,-50.9939765715399,-50.3393711892949
-54.8470129142527,-57.3921150522297,-58.656849717978,-61.0560288986057,-61.0991780866434,-57.2065596315275,-65.6402926060745,-62.9263291501568,-62.2653326053508,-63.4898619771393,-55.4449608820206,-58.413960250067,-64.1459166067188,-55.7761194789431,-56.9982324655929,-67.0743691566641,-68.7680409776964,-66.3882813658897,-55.4403725700848,-54.1843035030041,-58.7973447171269,-64.0125922402797,-57.1300474011426,-50.7173863313841,-47.1642429732504,-43.8935498624399,-41.1374732075129,-39.1586493755964,-38.0028753473523,-37.1899055874519,-36.104732311244,-36.5577782171603,-37.7732102033968,-37.9118651314555,-38.6443931125251,-41.5017500007742,-45.1558675513364,-47.9901220732876,-48.3540328333355,-51.1815480664397,-54.4657164275149,-58.8562939980347,-56.0659081464828,-56.051787324621,-58.1154516932904,-55.8658180345025,-52.8019986618514,-52.4980688500033,-53.0400014853936,-54.7467488956493,-56.4878471654881,-58.5141263006374,-61.2077758970419,-59.1882304012271,-55.9074611354932,-53.5186217453054,-52.3556162400718,-51.547574434165
-58.7820923472665,-63.2844872943336,-62.6533776651437,-61.0245855814432,-60.525434557137,-57.264186399533,-60.0049095145155,-64.5673010158377,-59.1291161999985,-61.4283707208951,-59.7890960315622,-73.1596882343634,-57.1657619888531,-55.0247399020177,-64.590139479222,-62.0047910829411,-58.3567809400835,-65.1244598849664,-57.8801327616957,-54.1830450393599,-58.9141317740929,-59.1868120494987,-53.0777586273246,-49.2116821551778,-46.1754075810483,-42.4702043384229,-39.7808189508728,-38.1522584641371,-37.1747074618276,-36.7598114969488,-35.6285553121906,-35.4429726063402,-36.8948225465884,-37.7417846108423,-37.9225249327909,-39.9967692850246,-43.3828252813361,-46.0554800337493,-46.9298739022664,-47.9915919464154,-53.8393852539502,-58.2242979764059,-56.3446073256095,-54.1587690808644,-55.6339489786047,-56.7156521668937,-54.2470954998421,-52.8137374634822,-52.9103281110917,-55.0134589647552,-57.9294565865166,-60.7213260606065,-65.0856836839947,-65.7498150483619,-57.8057127150086,-54.1109320263515,-52.7993632781492,-52.2304930960309
-61.121920398088,-63.4357762689194,-66.2241263208671,-63.3075706117712,-59.8114694363035,-59.5815616589631,-57.1180113409186,-68.154169578432,-55.4913503265694,-53.9894356872703,-60.0650394404026,-57.4820695072676,-51.5317578473887,-53.694737190652,-70.0447490320437,-54.6360829306327,-54.4721043169422,-62.8624643873958,-58.0826789654063,-51.6833659869067,-61.1900206503041,-57.3439280634297,-49.914940568548,-46.5375849563846,-44.6632652802613,-41.2786912942109,-38.5889798679198,-37.1629732806041,-36.2422856581669,-35.955964987015,-35.2979050093372,-34.6507854424691,-35.8773831666842,-37.3743010345542,-37.3376784723572,-38.7820100846705,-42.0169730978485,-44.7730162559705,-46.283036982147,-45.9469840238509,-54.0669926052624,-57.4295197255492,-58.4879641052773,-54.8075377210911,-54.7394819339529,-56.651359529457,-56.6106927895505,-53.9895561063419,-53.0769607888009,-54.268238138548,-56.3106449443059,-56.2760101950179,-55.8917540934751,-56.198845174223,-55.5221846282749,-53.3559388217198,-52.2560421120596,-52.2037139845822
-57.1515389668829,-59.4772150934074,-63.6428217760362,-63.4417427667182,-57.5247142346209,-62.0207696620903,-55.0581515445117,-62.6399354512475,-54.4176936405465,-51.624312432485,-60.0863288409161,-53.7659080340423,-49.8726970312246,-54.6536303403819,-61.4583169984173,-52.6450051344943,-54.0725361477778,-61.9024770183527,-56.0999628190323,-50.260803075979,-55.4218882265266,-54.2597100661615,-47.6900066752159,-44.2043518413479,-42.5751802004203,-39.9862611120516,-37.6190744490527,-36.329694936262,-35.4159400067306,-34.958599209672,-34.9629941629754,-34.2512312517083,-34.9719581967273,-36.7975776400706,-37.072292909477,-38.1187683819834,-41.1364994780948,-44.0468693026784,-46.5778507242861,-45.1597186606621,-54.7587184328525,-56.6439194647727,-61.5579198282119,-58.2930343388874,-56.0255064978214,-56.3029900086371,-57.6653823103821,-55.4963474059775,-53.5818202970418,-53.0807167215121,-53.7144637813181,-53.1448902885098,-52.1602783653031,-51.8091677068136,-52.337264802408,-51.9601198418577,-51.3288728019295,-51.6332206390175
-53.4803127939135,-56.6853369156038,-57.3466546938545,-57.1802947627384,-55.5784090204928,-60.7046468807713,-53.5921805289572,-56.4105971052953,-55.7181060339097,-52.4755541428763,-63.0918429611697,-53.1908031917466,-51.1635932180351,-59.7128573821969,-56.3613483065258,-53.0945155659511,-56.2432890215666,-58.3843524359133,-52.8663275521937,-50.3755636375939,-50.5820452277857,-49.9828813895728,-45.7258221048015,-42.7426985511459,-40.7074493541181,-38.5622101725929,-36.7898817962915,-35.6602526463958,-34.7653677197154,-34.0446321376667,-34.482792665404,-34.1651530913728,-34.3234188146461,-36.1552649752163,-37.2072066643665,-38.0790466818828,-40.7802324968257,-43.877590026508,-47.8930549755232,-45.3744280679745,-55.2643179619572,-56.0253456710343,-64.1273856239904,-68.2364226237849,-61.1285354739383,-57.0227191492781,-56.0891779517298,-55.5097325119523,-54.0928327890476,-52.0455038841224,-51.5373920221251,-51.2468133740608,-50.4327448097153,-49.7382689332365,-50.1411296945169,-50.6246640298258,-50.4780030218186,-50.8514837109804
-51.2797796376209,-54.3200805588969,-53.345907482141,-53.2996409847104,-54.7339655510873,-57.4991268472428,-53.1730830337367,-53.3148244287613,-58.3749721554317,-56.833303099083,-57.0894585218012,-52.9271498008982,-55.5741810711032,-59.8815702171951,-52.2114128311755,-54.4925618229628,-58.7738495999537,-54.4461198096115,-49.9717766897958,-51.9712190061971,-48.4061523906566,-47.0353450411246,-43.960712447513,-41.9367499246324,-39.487728706182,-37.3217941833689,-36.0517125462717,-35.090617305404,-34.2487803908995,-33.3907933726328,-33.8671411134849,-34.2221105259497,-33.9958062292609,-35.6537982804128,-37.6850091604864,-38.5850905570164,-40.9872614297483,-44.3757112984402,-50.3055752276813,-46.3485372188575,-55.0875052645968,-55.0688699347736,-64.7006356783055,-67.2984920575937,-76.1554171723907,-59.4817012479318,-54.5018693000746,-53.7100658169632,-53.633985050045,-51.3184253072376,-50.0822514536924,-50.0470331024327,-49.7697802559169,-49.0180701166317,-48.9911859347909,-49.6855017546217,-49.9265797163222,-50.2243158070438
-50.1531205003664,-52.1767646680222,-51.2120681922492,-51.5459597934536,-54.5067601721032,-54.2966241417179,-54.1136014307621,-52.4788238435073,-59.9312881356192,-64.0822698647155,-53.2287956725057,-52.0138963995256,-60.7182791055606,-54.4723311341245,-49.939988536449,-55.5849617987506,-57.3330681020744,-52.2670007069401,-48.7647476780316,-55.9046263745004,-48.2084316178592,-45.8886042409478,-42.8661978060221,-41.4342844326178,-38.8800083083142,-36.5232720314663,-35.4339238641284,-34.5539907473418,-33.7799290378016,-33.0329196712838,-33.2530780507265,-34.2270358116118,-33.9994632781295,-35.4215595118471,-38.3037687862649,-39.4233425919587,-41.7525893174162,-45.7099476661594,-54.0586461581548,-48.2401718755188,-54.4536268290882,-53.6586808313331,-59.6443536517126,-59.6878381275733,-58.4209919027931,-60.2262726023068,-53.9078097243691,-52.0160965414616,-52.0423950681572,-50.797895273621,-49.4163210173831,-49.4568772945827,-49.7705702733719,-49.2939864043956,-48.8298912592463,-49.3411026549256,-49.8321312416623,-50.0399179297865
-49.8056575230113,-50.5230029662147,-50.4158864833656,-51.1844951948368,-53.9470895353718,-51.9482264040466,-56.3352156472846,-53.317927867734,-62.121592293807,-59.7140759736114,-53.605881729332,-52.1329121475213,-59.751881754047,-53.2207715999559,-49.7273503875975,-56.7995107256875,-55.1042759001732,-51.7986578384998,-49.9078625045128,-69.6560996112106,-49.7150836505757,-46.5051095708738,-42.7755095344385,-41.0520247769297,-38.5710221339101,-36.1719277676527,-34.9732882985818,-34.0230066723526,-33.298595305751,-32.8952081688198,-32.7714714531038,-34.0576904625299,-34.284063345101,-35.4263804961577,-38.7557582974035,-40.2987589392674,-42.8656866521409,-47.8825926316275,-59.9927643317531,-51.8882705104777,-54.0162878774398,-52.6165281058247,-54.806962273751,-56.4670218177511,-53.7423555011469,-55.5694096843384,-53.8452232872497,-51.1586932253304,-50.4634387331882,-50.4116575583323,-49.5300791493076,-49.5711876657824,-50.2857493365935,-50.4229757892133,-49.7170998149236,-49.8045275902243,-50.3556406712784,-50.4696811892051
-50.1360304272101,-49.6400277025929,-50.5501153503161,-51.4779143841154,-52.7016607932017,-50.832774587248,-58.8679651463456,-54.3974449431966,-67.969614038326,-58.4271146722927,-60.4295920848233,-54.314173213122,-63.0845767296058,-53.7908451236265,-51.6215309350398,-57.0080357746615,-53.0255727152378,-52.6324934895504,-54.9498023527485,-57.7458339876252,-52.7170089117129,-48.3930915003304,-43.5018328698192,-40.7906574341835,-38.1468967162225,-36.0279302814006,-34.6380327683166,-33.5118571990764,-32.8171541827426,-32.8355535979286,-32.485674488511,-33.7343896726303,-34.7214048961448,-35.5029683158448,-38.8215956670971,-40.9982489201915,-43.7017196445749,-49.7723081114813,-70.0504753511155,-56.0714332819285,-54.335783757837,-52.7409155217822,-52.0723497542199,-54.1628085892587,-51.9201036946114,-51.9433857321853,-53.2012605169628,-51.0615032672383,-49.6325609438849,-50.2585301250753,-50.3440923054157,-50.4278462367091,-51.3433774572713,-52.3849457374138,-51.8931744795994,-51.3980780762115,-51.6867980289814,-51.5947213152969
-51.2718708072925,-49.7053350992765,-51.1795228565397,-51.6116446856115,-51.3502925315641,-50.8927550652177,-59.4227007117259,-53.6466565264952,-59.3406032910674,-61.8794020294329,-60.8016806369461,-56.9495184140315,-66.4117470181047,-52.4270436934792,-55.5019777318385,-54.4389782832731,-50.9085232051338,-53.9729828258231,-67.3238444009901,-51.1319039661101,-54.0668768397149,-48.5082388292791,-43.7379009185799,-40.5274533802912,-37.4314709064142,-35.7438440089921,-34.3224318295503,-33.0533381725028,-32.4067148288583,-32.7162353658384,-32.4060412867013,-33.378875770625,-35.1209473952731,-35.5269820430912,-38.5959871529038,-41.5001501109404,-43.6984037919941,-49.2487396859201,-65.7593466992897,-51.8753126104091,-55.8297787791555,-54.6230421587602,-51.2225276289824,-52.4295674124054,-51.643085460808,-50.1321884274037,-51.7518542562624,-51.4113082667355,-49.7367469517321,-50.5170165011316,-51.6709123747464,-51.852915525596,-53.0024959103432,-55.292487655393,-56.0029158461027,-54.7771765566753,-54.0808970210639,-53.4057598566031
-53.4009334384648,-50.7779133518436,-51.7850561669388,-51.3044187642947,-50.3863406690283,-51.6655626091073,-56.6919242510854,-52.3752932529089,-54.4275569762352,-68.154792550668,-52.4091766921037,-56.2750077144377,-57.2054999388752,-50.4173326235997,-59.0159768593293,-52.5875348539054,-49.6161569238248,-54.4052068688574,-53.3228248452792,-48.3906365869564,-49.7942233375372,-45.5281248920548,-42.218560276683,-39.8772978128073,-36.6020062378749,-35.1771911774855,-33.9174448589338,-32.6780321347351,-32.1399405308216,-32.4845256357727,-32.5080344917478,-33.1090365713965,-35.3126107842025,-35.5798614703778,-38.3586656163207,-41.8670926181807,-43.3068832061601,-47.799569083736,-61.0740497711017,-48.6585664690027,-58.6912064328144,-58.5351720784383,-52.1892867446981,-51.5458825265696,-52.2533541881145,-49.7931312848727,-50.5309444266505,-51.8500373354731,-50.7870026900711,-51.3087727041151,-53.1732571468347,-53.417751921255,-55.002498784686,-59.3472071892918,-64.4510364804777,-62.0844497431008,-57.7644692432724,-55.6011891478699
-55.5849621490836,-52.5442810973613,-51.8904884451765,-50.7798372366106,-49.9247827749388,-52.2217803717925,-52.895486412046,-52.1883647876372,-52.9321350522044,-62.1688824141937,-50.863979336571,-56.8434354841701,-55.117870723245,-50.525035277498,-60.1536945935335,-52.6713825862642,-49.7309268431006,-53.1695032787724,-48.9316341223301,-47.5593925287734,-45.6681095714501,-42.7984371522574,-40.2424120876642,-38.6901996489742,-35.8854304706674,-34.5168581232411,-33.4129279291979,-32.4098436815993,-32.0465821027232,-32.200047262398,-32.731938645107,-32.9831363269579,-35.2569613990391,-35.8500230858538,-38.2648952391655,-42.146602300432,-43.2834935846606,-47.2948706395655,-58.6201068560912,-48.3662800582908,-60.9214209268371,-58.8314687127441,-54.9992104776658,-51.6400168906424,-52.9868756788433,-50.6867321486474,-50.2153639669508,-52.263522440183,-52.7464353127003,-52.6868550408007,-54.5213007432964,-54.8718667271828,-56.3994088727608,-62.8301179474923,-70.2092202240452,-68.1461401511401,-60.764530300946,-56.9278842885279
-54.4340973191036,-53.5146646776231,-51.322858579346,-50.040303055273,-49.8505079355795,-51.8769426839403,-50.0564972739834,-53.1676140722961,-53.052590954377,-58.3644762765731,-53.9286356532911,-62.122731024152,-57.7818584659582,-53.3650459699827,-62.9919178833148,-53.202033549803,-51.3676191511928,-51.2720256435999,-46.7390885257607,-47.8905391162629,-43.0498676512202,-41.0166006601747,-38.9525389680348,-37.4005254967349,-35.3739953245461,-34.0241633060151,-32.9299330297377,-32.2736984795731,-32.1075983459128,-31.9888493356761,-32.9885704015301,-33.0211917845672,-35.066416637696,-36.4117505367832,-38.2565774655968,-42.3983558590411,-43.8412156079593,-47.9323113311602,-57.7810830901818,-50.840379666521,-58.8566843745548,-54.7514909138735,-57.5124705698553,-52.6566562772073,-53.1022107424572,-52.5421002309754,-50.9046068329315,-52.8887416201405,-55.5080907459195,-54.758232548238,-55.89739142044,-56.7759203570526,-56.8841567769183,-60.5177143556898,-61.3112265290613,-58.6618227040798,-58.173423789377,-55.9546578568495
-51.6017977649555,-52.2497371504898,-50.2780286143339,-49.0946072591012,-49.8611560556194,-50.8653517536414,-48.5763859739365,-54.6192840770161,-52.3347453893973,-56.2029235537632,-66.7523658252445,-58.8872066853335,-62.8392770605487,-55.3719124873756,-62.8735315779315,-51.4982747777695,-54.0562124083781,-49.8798597720453,-45.2374123783819,-48.6869252084938,-41.7860196929586,-39.9971908287017,-38.485807555463,-36.511057824902,-35.0868983920338,-33.8322918077911,-32.6462881571703,-32.3016475611744,-32.2797630683242,-31.9797535422137,-33.1979824040267,-33.2535974607289,-34.9100844174622,-37.1328052660258,-38.2192229638681,-42.6702004740523,-44.6031454602984,-48.9830050949813,-59.5492238563989,-54.5264911698964,-56.6094464760665,-52.8301037227801,-55.2726464235848,-54.3607830107522,-52.6903999644817,-54.7284940804693,-52.3016922309402,-53.8647795167555,-58.6424332634782,-57.8383875149354,-58.3663546312129,-60.3722003557328,-57.9801921337636,-57.450184582404,-58.058567676985,-55.3179802503485,-54.7578691299554,-53.807181630402
-49.6129264481375,-50.1527863254498,-49.0819031495475,-48.286512440064,-49.5768060755083,-49.6680836238521,-48.2990143376334,-55.2653695979714,-50.5240941169107,-55.2410591066759,-54.9865076223273,-53.820270672275,-56.108844461573,-52.1506766996694,-59.042681107625,-49.5672253057057,-55.9970634861654,-49.5295512180805,-44.417942645531,-49.1880038084701,-41.7408135531817,-39.6733787086284,-38.6636544020393,-36.2578952453082,-35.0587805007205,-33.9457209297851,-32.7050450335937,-32.5282293169192,-32.5340036157204,-32.2660590978235,-33.3483776214711,-33.7365071750657,-34.9096827255023,-37.7678986304085,-38.1913081478487,-42.8792153523534,-44.8959495757604,-48.9731359346188,-68.1014426318669,-51.9268381744235,-56.0590850605575,-53.3033876924361,-53.0913199201954,-56.03571396566,-52.4589712993343,-55.8758641587658,-53.7893173824873,-54.5291386996853,-60.2375805287154,-61.5099977605741,-65.2289656782932,-65.9450577948181,-61.0291246950197,-55.7416491122133,-55.4779818899923,-53.6379918224985,-52.3788994465227,-51.814379111477
-48.5394113036605,-48.3999147506763,-48.0054084071698,-47.9033552541721,-48.9074119344417,-48.7529895981531,-48.8156944500019,-54.3359117903411,-49.7386299339105,-56.0458707483425,-50.9474268098327,-53.4434927463112,-52.9151348158647,-50.9650267776088,-57.2139305312755,-49.3673712903964,-55.9253658232941,-50.2876394911618,-44.8241036352468,-49.0908021881852,-42.8173621493236,-40.1323777673001,-39.2484666371678,-36.6514726552033,-35.3488088553122,-34.295523739953,-33.1711984117534,-32.9795959568493,-32.8886703655619,-32.8914617449861,-33.5258683516124,-34.518486257377,-35.1149710747632,-38.195723841649,-38.350360256108,-42.8035771834758,-44.6287780840816,-47.7925595835043,-63.6037173528864,-49.1137472284659,-57.3200143265598,-56.542204589135,-53.070019764662,-56.4668923358551,-52.9898905101486,-55.025918694806,-55.006347297025,-53.8645362117831,-57.8893300673159,-59.8276046580581,-67.2541004589114,-60.7279558074647,-60.2884324672785,-54.5466573013874,-52.7821815157628,-52.1453850699359,-50.7418038253214,-50.3244492876247
-48.0404808196495,-47.2425520180902,-47.2622673730844,-47.8902222662535,-48.189713420478,-48.478864415575,-49.5423542937421,-52.6479238396406,-50.8906374176353,-57.8209041482791,-51.4227029691296,-57.8895366020641,-52.5271653417572,-53.2410274111876,-54.8427160656648,-51.2452062695225,-54.5654539473853,-51.7489497714515,-47.0951531159823,-48.9435858969217,-44.8489548209739,-41.4703760343021,-40.0370174247428,-37.5016208281353,-35.9887123448739,-34.8018750218823,-34.0239194537798,-33.6681954366706,-33.4210457302218,-33.8487088154895,-33.8934266050582,-35.5937090130381,-35.5656028970704,-38.5301972534471,-38.8423136433938,-42.370661268303,-44.368498957497,-46.6243788018627,-55.7441330641452,-48.3827601790762,-60.6350225252374,-65.5918650533041,-55.8611860628417,-55.9903887170208,-54.6783837933056,-53.312832330896,-55.6244726596481,-52.5449056938966,-54.1592352487681,-55.2228730058541,-55.790650212832,-55.039763599142,-54.120172814608,-52.626162284358,-50.4277577611673,-50.4364803936755,-49.5837796932237,-49.3746286853595
-47.8448356405294,-46.7502816493848,-47.0266475101817,-47.9879422458664,-47.8459666468345,-48.8454836372223,-50.2329916289902,-51.3744091135454,-54.2990253533956,-56.0596360065435,-55.7491850347104,-62.8363522731465,-52.6153798795076,-61.1161813590028,-51.6280867584656,-55.0815200259409,-52.6415881329185,-53.2185802333494,-52.2415156948013,-49.7767982965371,-47.2939159105354,-43.4962491977355,-40.8859308660734,-38.4065403669244,-36.9173454657694,-35.4438121425812,-35.1656478050576,-34.5993917792799,-34.2537863041587,-35.0900968532469,-34.6500787216423,-36.8838142052553,-36.3804037022696,-38.9766714517459,-39.7263534538582,-41.8809115301087,-44.5157433303795,-45.9268133629161,-52.4213680211643,-48.4302508763533,-65.7407220119597,-68.9458635503118,-65.4698441364428,-56.2193964031734,-57.1919110624676,-52.0463212890145,-54.0045156441363,-51.5518199429007,-51.0514600512815,-51.7608988003884,-50.8431954862529,-51.3775445411421,-49.9468359525541,-50.0427808075893,-48.6815815035409,-48.8107460025956,-48.7602115725327,-48.9240012434647
-47.833844312669,-46.9616816283251,-47.4057484215798,-48.1273846810453,-48.1693074036421,-49.4041374909225,-51.3037686172271,-50.9917476659255,-58.5075922748867,-53.3813560551923,-59.69568463395,-55.9270122739164,-51.6200247508549,-71.872616049168,-49.6196630541514,-59.4682147215917,-51.3075906716511,-54.9559108446901,-56.4441763983991,-53.0350411239852,-48.7859643764363,-45.0654766485929,-41.612378414521,-38.9885239450033,-37.9360651460941,-36.28969125708,-36.4550464550471,-35.7867526291088,-35.5293970852209,-36.5619138410449,-36.0078035786585,-38.2804949545484,-37.7914294079962,-39.6957417825367,-41.0590492666529,-41.7617298693405,-45.1586730761225,-45.7406203568254,-50.4074133081306,-47.9956083032752,-64.6299195737123,-61.2968010165576,-61.0238970185315,-57.4685059360564,-56.5218683683578,-51.6096081612137,-50.9519989124352,-50.7187730579895,-48.8709568115948,-49.2407302486901,-48.0471099396749,-48.7894397464807,-47.4626929618745,-47.7694538559586,-47.5179438545882,-47.554235965634,-48.184742954635,-48.8478636526764
-48.0140815884603,-47.8717821646805,-48.3963619721495,-48.6132370892198,-49.3458934271177,-49.7904658739669,-53.1421338976469,-51.2486509399924,-58.1524961345633,-52.8985107911257,-55.5723010871199,-55.5945379838988,-50.897252852909,-66.5040296924466,-49.321608808039,-62.118423156348,-51.1703057031091,-57.4369684625288,-50.9482845781596,-59.3330521265551,-48.3462725030889,-44.8431379416003,-41.8982897118627,-39.311759706381,-38.7669392431732,-37.4411828063532,-37.7636273146704,-37.2688651175165,-37.3884562536364,-38.276269330244,-38.2081721162394,-39.758451926295,-40.1262447613282,-40.7655079660396,-42.9631280039493,-42.2970817752397,-46.2714618483396,-46.2100249015283,-48.6239536580075,-47.7479822306186,-59.7541702086226,-59.8037901909373,-53.7177070651908,-56.3594334402293,-52.8099943985921,-51.5475784017864,-48.599924016094,-49.4460662744718,-47.5576257464324,-47.4092826621482,-46.5251473513431,-46.9529291481996,-46.1495671572596,-46.2630079942558,-46.8256050006733,-46.7577130252432,-47.798724423005,-48.9066718439998
-48.4692951813817,-49.444476477118,-49.8622672717695,-49.8965758609931,-51.4878606691857,-50.5625091136862,-55.2299540147069,-51.4569008980532,-57.125062669047,-54.3636493140709,-53.8999919357993,-64.0005655804446,-51.2157964321646,-66.6472695653269,-50.4571356689652,-57.2605706544248,-52.0931823495538,-55.6392231752949,-47.7677412320533,-51.9311435414571,-46.997433453532,-43.880769743749,-41.5614100507742,-39.7192972150642,-39.2750976177613,-38.9134726217688,-39.0093222220238,-39.1192074866309,-39.9483901533874,-40.4122337332164,-41.6227497321896,-41.5046735814768,-43.8266474904804,-42.1670008861075,-45.4875831429188,-43.5655417533996,-47.8153537714378,-47.6837749948699,-47.4203270919972,-49.228055005302,-55.927816417868,-56.9934467132663,-51.0784803410306,-52.4531755849153,-50.0829307778143,-50.7651077933541,-47.4432314282667,-47.9001338015039,-46.9673594424172,-46.2481801011513,-45.9336550481294,-45.8282116119415,-45.7251876500104,-45.5778653317427,-46.5124241586816,-46.4371126321509,-47.5757525783424,-48.8400994685984
-49.3329125733919,-51.6345576365205,-51.6299653194705,-52.503453684668,-54.5892688726089,-52.8697416778827,-56.0451183983165,-51.6435622334758,-55.994844211675,-54.8071421576303,-52.962983200902,-56.7134798773701,-51.6883280247116,-53.5649513045339,-52.1926546103201,-51.4668770060482,-53.2970124226927,-51.3127170034026,-46.2765885432495,-46.8730796910377,-45.8581576449593,-43.3759471434144,-40.9277802287319,-40.3627875169642,-39.5847565737895,-40.4742907238215,-40.1232237888362,-41.3952045903619,-43.1979288797293,-43.4352150250772,-47.1999116968654,-44.0291566422861,-49.3383120464338,-43.8282576117471,-48.0269468401534,-45.3549323888803,-49.7438712513473,-50.71038189187,-47.6588186451863,-54.5078895303138,-53.0859886741019,-52.9242548651966,-50.6460460730316,-49.5698323100719,-48.7348336955558,-49.1525478936556,-47.3679287131119,-46.7664247059011,-46.9125492197556,-45.8461745666994,-46.1080651766194,-45.4980125372557,-46.0355226788006,-45.6797448905666,-46.5475684843623,-46.6065060179096,-47.5339528616631,-48.607325647902
-50.7130316205136,-54.0937212223314,-53.7334186420132,-57.6174122734872,-58.5896425846476,-58.3028672488023,-55.691520464442,-52.9521186852056,-53.5759154733503,-52.849994682823,-51.5598873175705,-50.1031929235754,-51.847628791635,-48.8255793868846,-53.761081136476,-48.4102361211798,-53.7793047602281,-48.8824468460561,-46.0080080084455,-44.7597466853207,-45.4397238329316,-43.550477653327,-40.5488781489671,-41.0870525124119,-39.8735848766705,-41.5097015414061,-40.9703906746964,-43.7039625641903,-46.2984394366399,-48.1197359228193,-60.6588950252833,-48.5584658497427,-52.486247679271,-45.73767708166,-48.9742878498105,-46.9798718301954,-51.8940710071441,-55.7221070606629,-50.300044394391,-62.6328192236154,-51.3791336386383,-50.296950943614,-51.5481487250301,-48.3039296248936,-48.5151803144529,-47.7683028284484,-48.0498516305156,-46.4325696294451,-47.2222866572889,-46.3144015108794,-46.9937237962976,-46.125512735653,-47.0287430978213,-46.5828444979261,-46.9725613385238,-47.2726569958071,-47.725650948299,-48.4316508875607
-52.4925655428336,-55.0594554973996,-56.2940498838584,-71.6957464233105,-64.5311038590515,-62.1864333024473,-55.4816146031407,-56.7412708674144,-51.9120711467429,-52.0453532512319,-51.4208950697751,-48.2525779939206,-53.2369692381152,-47.3890517713597,-55.5824471035648,-47.5821438210348,-53.076762029933,-48.2961274243115,-47.4339631543409,-44.5442885826512,-46.072985964935,-44.3314182820479,-40.805458796982,-41.5769665529172,-40.1821070612267,-41.3940460922805,-41.2920843918191,-44.1042240813144,-46.4350199947893,-50.1942973023799,-53.1282570668668,-58.6265529513491,-48.394228190168,-47.690623015734,-47.9751733636179,-47.6270124925076,-53.0595517811219,-56.6397945886595,-56.4588730108496,-51.7964042690558,-51.0254271596628,-49.5062140936585,-52.4078567891845,-48.5374139215039,-49.0835202036238,-47.2174205936577,-48.8988372502957,-46.9596497914295,-47.8501757826237,-47.758664431909,-48.6548703873996,-48.0059973485066,-48.7918825994437,-48.4164475294542,-47.890295284905,-48.3833580568842,-48.2014149797927,-48.5550989421238
-53.9894183595142,-53.5144816496055,-57.9669198457857,-60.3262784478489,-66.919300718971,-56.1516410768322,-55.9316249795507,-60.0860742451149,-51.960069163023,-53.1787835892585,-53.8386042265353,-49.202384718288,-57.2716282186114,-48.3085906458204,-55.7617608266232,-48.5856546626425,-51.4180018326733,-49.1477094929728,-52.1554787621525,-45.8965743650688,-48.2660508211974,-45.587501021907,-41.8221271733639,-41.6186050198358,-40.4183100850155,-40.2959158672892,-40.8331464297595,-41.8138078097018,-43.6801871333622,-44.4206169085038,-46.1531392949598,-49.4085799458426,-44.6262683935367,-48.1098072424257,-45.7833079164997,-47.2825684748697,-51.1148330886219,-52.5379291293044,-53.7907914226747,-48.3450786362077,-52.3943579741207,-50.7359172968326,-51.9271203132759,-50.1751035128814,-49.8554287108179,-47.5919353850318,-49.2699767955306,-48.2071454783463,-48.8771614371286,-50.2124066728471,-51.3160537287431,-51.8153590172057,-51.6683426618797,-51.4061195533211,-49.4318218955396,-49.7410197236225,-48.9636709781562,-49.0606557649385
-54.134823244286,-51.7196182760398,-56.2540719097716,-54.7794430046116,-58.0373255609932,-53.8443655394707,-57.2126493182923,-55.3065031191142,-53.592340470405,-54.6000740195054,-57.1494329262689,-51.8541400787879,-57.2190683737802,-50.8058656852474,-52.8194905526517,-50.9128408019365,-49.9819064542101,-50.9082580357859,-67.6800350941381,-48.9064311709123,-53.4027766907049,-47.0155103148152,-43.2374827800224,-41.2595003603719,-40.3612130134043,-38.8526238313798,-39.6101191417227,-39.0659028939518,-40.5009417976392,-40.0398212665625,-42.1426540101441,-42.7081429506274,-41.6163409834488,-45.6401217491288,-43.0110873050906,-46.2583321527649,-47.9012100664752,-50.16096282807,-49.2046505537412,-47.9273280524791,-56.6404893362395,-55.0667359103994,-51.2736483138328,-52.7710211654946,-50.1315747387859,-48.7564116599207,-49.1165850161892,-49.8333208053347,-50.2504707805176,-53.1932790725638,-55.2824253261034,-60.0685746372545,-56.6402285700397,-55.1445289799601,-51.6353336480038,-50.9366315148759,-49.9146048600484,-49.8439912167073
-52.8590123557188,-50.7246163385297,-53.4004203783228,-52.4477115896778,-53.3013363300035,-53.8962229663874,-58.5035009039873,-52.9061323418503,-55.8091079468236,-54.3409277949942,-54.6618016446568,-53.0617971821991,-53.1334212186537,-52.7228381709802,-51.0243800059335,-53.568704749575,-49.895942588558,-52.8511165658418,-52.4983598620792,-54.0740451587877,-61.4255876140766,-47.7500503840485,-43.6563937158008,-40.6311135057017,-39.6296945789096,-37.4341113729057,-37.8541240174915,-36.7491731363746,-37.5457157909264,-37.0239441314673,-38.8958301897821,-38.5714027846504,-39.1113240800802,-42.0964113893808,-40.3993845053271,-44.5697191459916,-45.2012015247369,-48.8890411027297,-47.8770876256931,-49.0659319533313,-74.3532006686881,-69.0774237492891,-51.7613074111145,-53.8395460501263,-49.8531014242988,-50.3176582416774,-48.8672872188848,-51.3042326575405,-51.3674377289675,-54.7507078679443,-58.75025050834,-65.8225864148385,-65.1116603911838,-55.9101001503455,-53.9139626782052,-51.5584204766371,-50.8105075369492,-50.6401548464123
-51.0561331794276,-50.4165156560855,-51.0644475703802,-51.3988615464994,-50.8378236686182,-54.7908145159537,-57.4708478899882,-53.1715299930372,-57.1452762138467,-55.2706577058216,-53.6863672442119,-53.0051884991827,-52.4736874362849,-53.9942127242331,-51.6423433539832,-56.7469520339245,-51.9438250720955,-54.6859122569432,-48.4503799663952,-54.8352144418173,-52.1433140678004,-46.4683129999428,-42.2084734911675,-39.630027133493,-38.0605792362391,-36.0738473000008,-35.8055657762308,-34.805007190533,-34.9088680482315,-34.7397082493071,-35.970582094402,-35.5213007538118,-36.9678075165616,-38.6690599707115,-38.2633956210063,-42.3039998705467,-42.9782794679153,-47.5175447598244,-47.3919863008486,-48.8874711536865,-58.380000271251,-55.8118946906003,-53.3599425117074,-51.8046680463678,-49.541338640322,-51.4241580832725,-48.8316637192747,-52.1358053682647,-51.5323518604597,-54.2373128683608,-56.665382864473,-56.7002977944981,-59.3490119418167,-53.9586161108861,-54.4500310637634,-51.6611743137531,-51.3249532200224,-51.126636005194
-49.4789052838727,-50.3760563447527,-49.3613195173503,-50.5781193934037,-49.8288876284482,-54.6086728299347,-55.3860766351645,-54.0140302834053,-58.3215243769377,-61.871852809695,-58.4297007388993,-55.4907052911517,-54.7791638816537,-59.3395396116014,-54.8523393166217,-65.3692904012996,-56.823510718082,-56.8779346454004,-47.6215134462305,-49.1198424573188,-47.6277448352433,-43.6103045180684,-40.1994622383132,-38.0228422406715,-36.0755657427466,-34.6476422365092,-33.7020126840707,-33.0493199847543,-32.6326522004189,-32.8308015434992,-33.3647511452276,-33.1518201528746,-35.0401053130061,-35.7032681755123,-36.545693891935,-39.8460337209344,-40.8906051965117,-45.3935076270497,-45.0959393823965,-46.4239604335972,-52.2335458379229,-50.3925809950689,-53.6611901136287,-49.5999195638348,-49.504010298552,-51.2915920150176,-49.1601367632701,-52.2857640175734,-51.3604852115701,-53.8030321366259,-54.2448333730104,-54.5830207445427,-54.8617207731663,-53.0847550859482,-53.2346627506009,-51.6715509379066,-51.3305991080131,-51.1369240475282
-48.5162072136416,-50.1534816162809,-48.3078435143007,-49.4827612966785,-49.8046683816044,-52.9748235782629,-53.8743265442167,-52.2855778394366,-60.1967655776613,-62.0407709626706,-64.799770567043,-63.0916667071271,-54.8159400064221,-63.5653021091719,-58.9907675816132,-62.8938350010499,-57.5005337586825,-59.9158636408558,-47.2538972389817,-45.6121203182957,-45.0533631909913,-40.7455246348355,-38.433174553615,-35.9897171222566,-34.1710645100085,-33.078206859539,-31.7543349934043,-31.3734536008876,-30.726750248544,-31.1043707543813,-31.1535200680364,-31.3234625234382,-33.2369949430261,-33.3607046950906,-35.1142626581227,-37.6332600050678,-38.952258474276,-43.0643651523185,-42.290871072915,-44.5443679455772,-49.4567348046463,-48.2022100956635,-51.1552793410114,-48.3237287579714,-49.715356316698,-50.3845503034585,-49.9573661382176,-52.1742286288717,-51.9185576894184,-54.433022280199,-53.7468027794624,-55.2036635343606,-53.4577627484213,-53.6948718706611,-52.2330377182565,-51.8780797200829,-51.072357200205,-50.80493427376
-48.2786984598399,-49.528948081907,-47.9604233960404,-48.4784512087384,-50.2693009867019,-51.1046400682134,-52.188638980781,-50.1516752437771,-60.9595093697352,-53.4247095122418,-52.386733005983,-63.606709462146,-51.6474546220784,-52.9420714572202,-59.6406973774974,-55.4587888643914,-53.1907980677471,-62.566388144296,-45.6282818610305,-43.5721741556346,-42.8392540076507,-38.527966257951,-36.8656190372339,-34.0357389878308,-32.5276178340239,-31.4453129946465,-30.0815125294533,-29.7725564610726,-29.1602425818116,-29.4940951985846,-29.3667498353358,-29.9429639539908,-31.5592978381619,-31.6790076876687,-33.9252154450185,-35.9304994634857,-37.4703318148706,-41.2773625817116,-40.672407758546,-44.2364577821364,-48.1585362858602,-47.6674149581088,-48.7213750240688,-48.0074681842672,-50.0345510076308,-49.606603444113,-51.2651310119696,-52.2272897114214,-53.7078598252033,-56.3261517224495,-55.4112260515742,-58.0382305876506,-54.2651836810699,-55.1936902181458,-52.2194297518197,-52.2503801674856,-50.9235292423689,-50.4491745680059
-48.6886514742036,-48.7213171287585,-48.3178873860081,-48.1163809165677,-50.6315719309891,-49.7640081203248,-50.0135580115366,-49.5696586811483,-59.0821623875512,-51.0426982556715,-49.1303529576286,-60.4618180490376,-51.1794685955889,-49.8328071203188,-60.297401506165,-53.8240150200241,-51.5615119703497,-57.8884026066071,-44.0655975712498,-42.0970677654836,-40.7476409273335,-36.9904563451748,-35.3620292052147,-32.4852203756524,-31.1159874663537,-29.9139742819238,-28.7039552787125,-28.3029428869399,-27.8722439968013,-28.0248166517885,-27.9803020933572,-28.9016317460309,-30.0731119302476,-30.5926035687292,-33.0269904330397,-34.8226078327571,-36.7114001475448,-40.3934197780492,-40.5198448852088,-45.7587639328505,-47.7384103253785,-48.2021117335498,-47.3561363219912,-48.5846742942684,-50.3814203741881,-49.3787650498416,-52.9795914868219,-52.5002643542458,-56.6061290869676,-59.2108410812612,-60.3483866603407,-63.4627352393084,-57.4988455779907,-56.2357504344948,-53.2546081843482,-52.5655708033313,-51.1324028617048,-50.3654011411069
-49.5471693548353,-48.2491443742637,-49.2822252015746,-48.6946354047076,-50.6280768005301,-49.3252389053383,-48.4228062404544,-50.6971699811772,-55.4591940717397,-51.4074645698374,-49.2687480110298,-56.4707778534868,-54.7469189791925,-49.8117904077927,-55.302036822312,-55.1122979352418,-51.5760819434642,-52.69442270341,-43.7133848994473,-40.7927521043835,-39.1960466036887,-35.9627955086451,-33.9994751536071,-31.3906698039958,-29.8840095512102,-28.6142490612114,-27.5821963221681,-27.025817241749,-26.7914483115658,-26.75336535269,-26.9346116072444,-28.0750650904397,-28.8546527190821,-29.9630070065859,-32.4761421283879,-34.2725537283739,-36.7838428356411,-40.5632380119104,-41.8507519482386,-49.7008213587044,-47.9280283032939,-49.328445225378,-47.0283856576348,-49.9583750882876,-50.8118292968476,-49.8060831329481,-54.7658096583377,-52.7581891503281,-58.9317378759468,-60.4395379958962,-69.1052084425225,-67.2815863582379,-62.554830226204,-56.1247317713051,-54.9505436167533,-52.7456729379989,-51.7744714246214,-50.7412009274835
-50.6052477264757,-48.6225984384094,-50.7193172194432,-50.3985301132274,-50.6999334294849,-49.9912504932244,-48.2570499557079,-53.3782147141108,-51.9092651061013,-52.1871974852475,-52.0589682222471,-50.8737939725782,-59.5434589365723,-51.840534288952,-50.3096165883113,-56.6983707606397,-51.86426142935,-49.8419080241731,-44.5952290530424,-39.9032340803834,-38.4347731681177,-35.2672847077672,-32.9690208932979,-30.6489527875157,-28.8499787442611,-27.5938391270049,-26.6593490607815,-25.9732957834401,-25.8555169976088,-25.7159335550262,-26.1487505054728,-27.3452504125871,-27.9397860146055,-29.6092377434101,-32.2484967382304,-34.1512547007857,-37.6012189973942,-41.8494059228602,-44.7528700451331,-56.4016328414227,-48.6311980277417,-50.5282319024376,-47.7340317911911,-51.9275592688925,-51.508672800313,-50.9383406997303,-56.0352444373068,-53.0159688856474,-58.705305507274,-58.4082568360961,-60.2773111201231,-62.5959874006721,-59.4318769429728,-55.9241846246491,-56.0060689320214,-53.0366317919805,-52.7769317166179,-51.6835535050217
-51.6079619451314,-50.2592198065952,-52.6519405276925,-53.5643217774904,-51.5938832536448,-51.8820833380941,-50.0516482139693,-56.6703792886393,-49.6896866741562,-51.1264483527865,-57.1957686934168,-48.0347041885559,-52.7504893882055,-55.1225994710828,-48.4172140691905,-55.7578819131282,-52.1683642672808,-49.0950074203356,-46.178463040528,-39.8300777973556,-38.3867433378566,-34.8590159036772,-32.3830914750372,-30.1176649332179,-28.0761495483165,-26.8244862550248,-25.8879856377647,-25.1382218156448,-25.0236952096661,-24.9054325769083,-25.5292271438101,-26.6257433884276,-27.2918467565516,-29.3526405110285,-32.1665390029797,-34.2337207685562,-38.6985791416338,-44.0168834576855,-48.9398617561698,-53.9701998898499,-49.8880773139117,-51.5777656165637,-49.6985290357573,-54.1404657047141,-52.7196625786357,-52.9467419529194,-56.3344911748467,-53.7855806562205,-57.7460255029517,-56.7040333843917,-56.6812059655608,-59.508877499812,-55.708059357738,-56.3163152932777,-55.4741240025494,-53.7358098535256,-53.9832910137495,-53.2939812315431
-52.3400186085534,-53.4899519718803,-55.4884960590106,-59.2253660134952,-54.1104461889029,-55.2350310595106,-54.7508308771082,-56.6411298023201,-49.1293761811576,-50.3510874057151,-64.7557564676786,-48.1241246312839,-50.0504013642871,-60.2013888145211,-49.6686980935097,-55.857029027629,-53.5875772470279,-50.3226383379258,-47.9758542291976,-40.7304759507238,-38.7622116348781,-34.8329454144317,-32.1874389600416,-29.7111376109856,-27.5870929543754,-26.2276829883589,-25.2361771145751,-24.4789050928581,-24.2789299707176,-24.2746540214383,-24.9815493135879,-25.8797844603267,-26.8003323644344,-29.0639533475739,-31.9067004750012,-34.204631583489,-39.1390277622138,-45.5403534554056,-50.1764187818931,-50.4003185031313,-51.8480206552625,-52.8218481109035,-53.5836465922917,-56.2576782166378,-54.6837571329695,-56.3031785170048,-56.0423750697626,-55.6804159447514,-57.360976891776,-56.5520366279881,-56.2996131903699,-57.9889464227704,-54.5484374930462,-57.055865053464,-54.557552511435,-54.8806726639353,-55.2773558947874,-55.7410811284545
-52.8863936878084,-57.4567095134206,-60.3374967062385,-71.5348745885333,-59.4234662015909,-61.3138180085439,-61.4407094941897,-53.7431499316919,-50.3516923498947,-51.4842661320749,-62.731092929146,-51.8002116581099,-50.6276079995442,-62.468646648933,-55.9844067880027,-59.4300231743996,-57.2056008431999,-52.7450260807848,-50.8773386195054,-42.3591796118362,-39.3270608221719,-35.2482636851868,-32.1582642810804,-29.4189920230034,-27.308722993357,-25.7144587274937,-24.6780052835614,-23.9340296088688,-23.6200544753402,-23.7535544388902,-24.4295725441184,-25.1239861975266,-26.331597957774,-28.6736470321881,-31.2419122168076,-33.7830750268561,-38.4956101693361,-44.5127813909903,-47.1399852214141,-49.3030508560977,-54.6387220098311,-54.7426619825287,-61.326931153495,-58.4284735150097,-57.6394943591205,-62.1292082511697,-55.918980174128,-59.1459044453429,-58.0566902981053,-58.2933784040959,-58.4093498741854,-57.5660095446357,-55.3790736123028,-57.2497309450686,-54.1832380132183,-56.0865757730594,-56.5171375064441,-58.9917128461861
-53.686307288603,-57.6486595296719,-71.0477052813341,-66.2337608521674,-63.8139253876707,-75.041808645219,-56.6362104910196,-51.9117460005406,-53.6828173698115,-53.4616992687069,-53.0343479430594,-60.0305727270353,-53.6797008408744,-53.791925969171,-57.5347472921165,-60.1972162862793,-62.93099450015,-52.595975333983,-58.0476414888216,-43.9685710707686,-40.1039754337597,-35.8448359992153,-32.0095322136331,-29.2166205275781,-27.0663710831884,-25.2280496378798,-24.181204004136,-23.4438128540041,-23.0484748324911,-23.2723920528141,-23.8367060303541,-24.410553247115,-25.8177623800508,-28.1521093743467,-30.2984017600277,-32.9613468543596,-37.372059821425,-42.4351862486306,-44.6254533448958,-48.9664102413121,-57.5152647089527,-56.9725890519165,-63.2114298997992,-61.8034644815427,-62.1404872621625,-66.6561239273913,-56.2078055648431,-63.9670801538167,-60.7735507239569,-63.0330449942779,-63.0739559569953,-58.1727054814163,-57.81568976926,-56.243707718994,-54.378785176163,-56.5831770345973,-56.9999272700024,-60.3332036911572
-54.767137252682,-56.3373209317178,-65.7637642195476,-64.0736070133537,-59.6576604957375,-61.987563120672,-54.536710079274,-52.2927602112269,-60.311463239846,-52.2376665134402,-48.5373559118912,-53.1608996013171,-58.8349881323753,-49.9224427864075,-49.4400362029459,-53.7601578581252,-61.5438501996343,-50.4126792760344,-55.310966822354,-44.6427004473118,-40.760243613711,-35.9001290500308,-31.598665368682,-28.9692045669453,-26.6809217008341,-24.7574675657914,-23.7050641771919,-22.9686551157138,-22.5562253436241,-22.7838984599046,-23.2145344874711,-23.7946097574847,-25.2943996033817,-27.5113257396954,-29.3680405257945,-32.0182029551487,-36.2563441589407,-40.549077431822,-43.0436524952472,-48.3363134307707,-57.4819361931733,-56.5327051355472,-57.320677810824,-67.8187358049593,-67.2005010305937,-60.0772696013529,-56.5042984545125,-66.9783854079003,-65.0421154023419,-70.4723709106949,-64.186218081526,-59.466360220391,-59.6650055750123,-54.6980531598842,-54.8419872307457,-55.8595192264725,-55.8897597369025,-57.313268305846
-54.7625091047883,-56.4501827468622,-59.9708239819744,-69.8708529629069,-59.8136447869497,-59.0607613098977,-56.482284097241,-56.2485194366677,-62.9513124108915,-50.1226036042479,-46.8594056698866,-49.5562919558767,-67.6984613659144,-49.1410860097436,-46.8506435612224,-49.9084767954092,-55.3161047892997,-49.4539226782026,-48.0466125432204,-43.51178112937,-39.9470898861264,-35.0257409637515,-30.9743743866508,-28.4917259745401,-26.1173244410171,-24.3110620595709,-23.2152781351961,-22.4953488027373,-22.1220393150843,-22.2766865319067,-22.6104756568398,-23.3072919467157,-24.8395518547531,-26.8245713062108,-28.6223806301955,-31.2598289552538,-35.3157781740026,-39.0227551648411,-42.0858429299374,-47.8457960885926,-55.0970307560756,-53.5180150314196,-55.59337976882,-61.4732396815092,-60.9462517947111,-55.8852303573074,-56.4530435155149,-64.2065563303338,-59.9286860451695,-61.6221041047186,-59.5936315772372,-59.2616263504136,-57.360344458699,-53.5044919127835,-55.0918810359674,-54.3133409908686,-54.0163518736791,-54.289069715836
-53.097622427964,-56.9270359386862,-57.5327808902722,-64.2596231347044,-69.6612885532112,-62.5786207932124,-66.8704848393545,-61.5140473031327,-54.8659719426771,-49.5649754789178,-47.1738170576909,-48.2164069409541,-54.0261551127273,-50.3505783734976,-46.8982711620358,-47.5824132875318,-50.1951538755735,-49.6580109778571,-44.7106826517812,-40.9828581080241,-37.8401148175644,-33.8314851194616,-30.2361255036005,-27.7699274189252,-25.4954774385761,-23.8849123625666,-22.706496439046,-22.0296293317769,-21.7178388367268,-21.7726105426719,-22.0810891282511,-22.9471645938576,-24.494459022688,-26.2083104222782,-28.0935179123367,-30.8572593662322,-34.7133003632779,-38.0089486949954,-41.6683251329624,-48.3789259591496,-52.8922732964912,-51.0601090883907,-55.6958169442319,-55.3444880668876,-55.5379391329399,-53.3934515730336,-56.436241692513,-58.9423788377528,-55.240802738408,-57.0103784733402,-56.7352322454913,-56.4582360081628,-54.4259915006526,-52.98081195739,-54.552869945373,-52.7462217443449,-52.5236411925431,-52.4538818920731
-51.5635345536326,-55.7992459433291,-56.0668961996883,-56.3015174153395,-60.3976507060584,-68.3957117979061,-59.9537145052659,-52.328578588204,-50.365995552483,-50.1786244022484,-48.598353513655,-46.413813589701,-47.1728600467308,-50.2483871243165,-48.7383341249499,-46.2804109791397,-46.9109874637336,-49.7722033791349,-43.3173104686688,-38.8588804814872,-36.1344776831427,-32.9295854673122,-29.4927528134228,-27.0135171193279,-24.9460468873123,-23.4608199664464,-22.2086628762207,-21.5834322309313,-21.3210923834313,-21.3079708141487,-21.6649639977882,-22.6860595213379,-24.2365991552633,-25.7601992845357,-27.7720457517307,-30.8406276015681,-34.6344416236997,-37.7362733951171,-42.0334240028224,-50.5598507112895,-51.2088298519558,-49.7894757748353,-55.7428066768103,-52.1480631579577,-52.5643440402371,-52.169233524553,-56.7106182229907,-54.9928044992921,-53.1974458615225,-54.9038579526259,-55.1609211639715,-53.7823068427673,-52.6408593728873,-53.0244635988817,-53.2603337820861,-51.714997846237,-51.7867629619231,-51.6905980012822
-51.0433640539925,-53.5828479128648,-54.2478714133209,-52.4740996546171,-52.6829614083718,-54.0557480711306,-51.8087747942059,-48.0357018107811,-47.970662860938,-50.8467091182522,-49.5613511075009,-44.5383978024743,-43.7875111907638,-47.3993758888471,-51.262629499021,-46.1621845174479,-45.471736100128,-49.1665851026888,-43.4605119586961,-38.0773602743966,-35.4818119391091,-32.464037469779,-28.8899885303366,-26.4374719450302,-24.5074969786337,-23.0292312132634,-21.7655831456866,-21.1656455348499,-20.9240887346042,-20.9097573779245,-21.3653851178781,-22.4797180266286,-23.9994908295499,-25.4982271962193,-27.6543323168356,-31.1214689228393,-35.1567658678118,-38.3847310421277,-43.7455109775888,-54.7735715789048,-49.9742297209815,-49.6146400154879,-54.1919632493794,-50.7371694285357,-51.3387271029491,-52.2623576586922,-56.6720643068013,-52.9343111011787,-53.1295823457899,-54.183946173987,-54.2677139894602,-52.2764105377746,-51.9681397541855,-53.2691922707782,-51.9926178742532,-51.466335104669,-51.8507355364815,-51.8905371618012
-51.4242084997533,-51.5519445909795,-52.0042174311675,-50.5813932573073,-49.3550282629661,-49.0141646931943,-48.1539558677059,-46.4767408858609,-47.0830277678006,-50.4406494848307,-49.4343050332022,-44.0221419897704,-42.6742019646706,-45.2771455051497,-51.0613593038048,-47.4515975326845,-45.8267952235594,-48.7907547718762,-45.5158854489395,-38.8675469567874,-35.7708618626096,-32.3171804744367,-28.5455735240681,-26.094286395333,-24.1361906851459,-22.6057748951709,-21.4034802138597,-20.7796202075541,-20.5342142322177,-20.5811115873581,-21.1471208538058,-22.2776946001552,-23.7153782497853,-25.3362726075099,-27.6966679337463,-31.4961519718682,-36.0596840000282,-39.9300999329665,-47.8885059117297,-55.3407265108304,-49.2019760139521,-50.3263838495533,-51.9608463765634,-50.5491089879354,-51.5527923324002,-53.8730166273422,-56.1391812979336,-52.7798797395539,-54.9005029416592,-54.3347794097795,-53.8179115978638,-51.9328207614867,-52.2011715029259,-53.3044389722096,-51.3596952605285,-52.0531883922739,-52.7299235513923,-53.0732870559078
-52.1250761699696,-50.1365707057638,-50.1595209558786,-49.7917781520453,-48.077205698274,-46.8622031501381,-46.5605970237324,-46.6810239553154,-47.1182902260219,-48.5157160792769,-48.4613144355379,-45.3229100292415,-43.5067848374562,-44.5169185304953,-47.9626703483347,-49.3663401972283,-48.0223207918176,-49.4403923281807,-50.8329142088313,-40.785413207102,-36.3490834567038,-32.2834605777476,-28.4426186831765,-25.8729363305088,-23.7777241823318,-22.2208726711473,-21.1137757891341,-20.4256406222112,-20.1666249088539,-20.3019175840714,-20.9488601504559,-22.0329015926527,-23.3562669596534,-25.1283022922611,-27.7446472687939,-31.6765855328406,-36.6029082486976,-41.4741790766906,-53.5134993469877,-50.4268410479538,-48.9277527207539,-51.532366530193,-50.2643462956301,-51.0983202142001,-52.9030842111575,-57.2905507353193,-56.3550053887776,-54.9107753780652,-58.7476786772724,-54.9843426512902,-53.7838832289308,-52.5592478026136,-52.9445566504128,-52.9943054308006,-51.534973381771,-53.3576048955293,-54.4833114061091,-55.4384073201294
-52.526151436251,-49.5181934130191,-49.1582315312109,-49.5797365008771,-48.0766788899274,-46.5304840006758,-46.5244026077276,-48.1233000036913,-47.2475229308758,-46.1784320959704,-46.584507323166,-47.9517928250225,-46.2920216733008,-44.7452310894639,-45.443373316428,-48.8636942817951,-51.7094318130428,-51.408937169789,-52.6217544028454,-41.2641466124007,-36.274009772888,-32.1705772415968,-28.3988165566687,-25.614953151595,-23.4271420099622,-21.8932362912431,-20.8588398712003,-20.1039556842412,-19.8345796854061,-20.040741965049,-20.7093572363965,-21.7134192293802,-22.9428086393052,-24.7872913101518,-27.5839010217469,-31.4425483104682,-36.0756940897956,-40.938601244546,-47.5565594712647,-47.3847777654464,-49.1753732109672,-52.6151454399409,-49.4894105160721,-51.9629129896864,-54.6704470914807,-62.5216319428169,-58.6981280770844,-61.0951562094863,-63.3803012424921,-55.8022948608302,-54.1678836370819,-53.7690975998093,-53.4400102527271,-52.4684280371112,-52.3489390018652,-54.9256843011832,-56.9372334604297,-59.3672361845922
-52.6416264167755,-49.7199462155793,-48.912405672347,-49.5130428327163,-48.7896282369567,-47.5169383610406,-47.8251881281771,-50.0324304780249,-47.2395667695098,-44.8664862911356,-45.115006293235,-49.3117147725189,-51.1818772866498,-45.8094324143051,-44.5109612815821,-47.0202583194082,-53.4983669383507,-54.8892019703657,-46.284467941988,-39.4844440463468,-35.5598855720433,-31.8818756145454,-28.2069545841464,-25.274628476818,-23.1213961844767,-21.6126618232428,-20.5957945848352,-19.8148720734043,-19.5421245654435,-19.7700962553001,-20.3967423123419,-21.3158824657034,-22.5165270532034,-24.3623409074228,-27.1562492699401,-30.8350080818707,-34.8921364066259,-38.9185568769791,-43.5619593336053,-46.2238011520598,-50.0321268176985,-53.1879468294592,-49.7552553855788,-53.1747218543944,-55.8682522511312,-66.0560216021616,-62.3348450324247,-64.8950093810999,-61.1749004793714,-56.358459866419,-54.7137759728639,-54.684487827495,-53.1060070501153,-51.908697984759,-53.2868091399838,-55.7526261291121,-58.2025021746185,-62.8518098164361
-52.7551927947837,-50.4008367107655,-48.9321583685055,-49.2140876545804,-49.5811682949071,-49.3055118210226,-49.9848344473999,-51.3598884564871,-48.0005438193203,-45.3750977328481,-45.3090766909485,-49.1074546635942,-57.0131020172211,-48.1824196267375,-45.4777008685109,-46.6056573705416,-52.091945136404,-57.842971479056,-43.975085424506,-38.3516991532511,-34.9796700818983,-31.4683499406182,-27.8679776544845,-24.9452073547156,-22.8832854875986,-21.3481866759168,-20.3042734493358,-19.556356881172,-19.2824053948711,-19.4781848702017,-20.0234189912602,-20.8728683797859,-22.1107704923904,-23.9662514854867,-26.6374850202924,-30.1038744595204,-33.7816559626097,-37.2535334958222,-42.018610223881,-46.6626505716737,-51.7752859363813,-53.5632395069168,-51.1809694290491,-55.3303377832685,-56.7623946946446,-63.2826614870202,-57.9223167317229,-56.6854919124764,-58.0272502117407,-56.0496842102999,-54.6264031206422,-54.2225664163887,-52.2671703832084,-51.493188564172,-53.7047960373624,-55.1051825991298,-56.27936489411,-59.3444293686068
-52.5822551129348,-50.7255783133964,-48.7000913580771,-48.5567686988459,-49.82276005562,-51.2682923076763,-52.0706829238682,-52.1687707360171,-50.7537376868441,-48.6477360552568,-47.9602435187341,-49.815585633435,-55.1532928752668,-52.5928304836418,-48.8905290069748,-48.2266536628975,-51.242927359845,-54.8798210689631,-44.7690343465373,-38.609126436519,-34.8229903405236,-31.0800721080068,-27.5672453468161,-24.7186941070074,-22.687773556676,-21.0779228884357,-19.9989408450505,-19.3226389886531,-19.0428561040073,-19.1734344649679,-19.6366329928064,-20.4444780175395,-21.7484152414892,-23.663293941094,-26.2280429112826,-29.480178329376,-32.9935526330416,-36.3245925978831,-41.792857498835,-48.5418187523491,-55.0708344320893,-54.4000307909558,-54.0525011648484,-59.0896335684475,-58.1675993153204,-58.7718007774707,-53.8688978300217,-53.9380648123558,-56.4100816837555,-54.8369447861709,-53.435629456396,-52.6650595916024,-51.449190912014,-51.3430900076127,-53.3773530189053,-53.6202295556539,-53.8602624916493,-55.6463604714018
-51.4730370126919,-50.141896763697,-48.3146399819493,-47.8701337315534,-49.3274147738561,-52.5236258911503,-54.0641561461925,-53.4746448548148,-56.9876748363766,-58.8650614664522,-52.7107607701681,-49.6093142919008,-50.1928672545888,-53.5804001722887,-55.4464604918462,-52.2299129621162,-51.4867867251581,-52.0292530537834,-48.6225894585484,-39.5131487251663,-34.8470102220766,-30.8237265027778,-27.4187622521517,-24.5777730365695,-22.4875510043044,-20.8143198745408,-19.7174596260239,-19.1063796852881,-18.8145445748101,-18.8804552862159,-19.293095688216,-20.0946226228318,-21.4548271404749,-23.4450889663616,-25.9835144971816,-29.0567051383908,-32.4914386285226,-35.9278719459809,-42.0132969319764,-50.9672576165597,-61.8224525132122,-56.5303235642584,-59.3286069737632,-62.5040697502391,-59.2272267224983,-55.5136752495821,-52.5662504696336,-54.0592312030489,-55.4894178579113,-53.5025667936405,-51.9683399521604,-51.1407848468278,-50.8725101109767,-51.4107677565954,-52.4681402368811,-52.1550445859227,-52.3365025069967,-53.5536144376642
-49.6050183196618,-49.0731632177207,-48.1862505228845,-47.6169045065974,-48.580939402239,-51.6240468626166,-55.6533524330559,-55.0130560881756,-57.155231839278,-56.0359703664686,-50.6203285126063,-47.3146600883354,-47.1591806773834,-49.5437972901649,-55.3224894777231,-59.3575991551679,-52.9647655214461,-51.4540840880868,-49.9487695504788,-39.4724602949887,-34.6950616699017,-30.6553178201996,-27.3428322106407,-24.4309672186719,-22.2700083493696,-20.5971993809172,-19.4949666774585,-18.9036350525946,-18.5993966315981,-18.6291683153543,-19.0349520316366,-19.8654343385027,-21.2591087893224,-23.2797845482933,-25.8310986147514,-28.7981271200217,-32.1727613681441,-35.7291213074531,-42.0404004208077,-51.3849422773445,-67.5017416120519,-61.8415135372595,-68.210879580539,-60.4930846507091,-58.6877780311431,-54.2399356775276,-53.7493697735553,-56.496781771581,-54.6957972461149,-52.699763777425,-51.0713787601556,-50.2607752876773,-50.6109602462082,-51.4292231887587,-51.258973567339,-51.0571366494703,-51.6499955346703,-52.6365228976938
-47.8645570861806,-48.0373849698681,-48.3303125807952,-47.9921910953276,-48.2241420863594,-49.4908535605915,-52.6970428813466,-53.746944662323,-52.2356745234462,-50.0899650500246,-47.8768071053349,-46.1787061730496,-46.2082089306479,-47.8136365246103,-51.621564797815,-59.9298389698581,-55.6135843376118,-52.9470934114777,-45.4025127296334,-38.4489818019016,-34.3162698047961,-30.4336746908834,-27.1856458848677,-24.2383932431004,-22.0777289879776,-20.4601600671452,-19.3443305855128,-18.7182443356759,-18.4101358732048,-18.4426335268738,-18.8779127192865,-19.7630750478901,-21.1771913428391,-23.1620810631439,-25.6864098358992,-28.6158011966175,-31.9571823540274,-35.490578735978,-41.8424328563876,-50.2990871246533,-59.0257058359166,-76.2553516456721,-60.3704679464904,-58.4674229624034,-58.2418146985062,-55.1840601544744,-58.2353858421899,-59.7883622585876,-54.1812063637459,-52.7016175795519,-51.0294170419246,-50.1700140737587,-50.6140024708867,-51.0665855913759,-50.1141060953234,-50.3573023119333,-51.452793926637,-52.5150902122636
-46.8820262367038,-47.3529008443312,-48.4204614601155,-48.782321919931,-48.5815950230008,-48.1583847157082,-49.1551720922466,-50.7318147353592,-50.7113300498525,-49.7338836695815,-48.5640957125758,-47.4475889879617,-47.1365989933939,-47.8287085480833,-49.6233826506025,-52.9204331844337,-53.9823362988478,-54.089625954286,-43.3850238383464,-37.7871327808625,-33.9650732530602,-30.1370798316477,-26.945845561623,-24.0717235252104,-21.9651243645658,-20.401554041548,-19.2529578868372,-18.5619974896119,-18.2631924439129,-18.3292505410314,-18.8120638059678,-19.7591962415073,-21.1935826809711,-23.1134364236522,-25.5550532126619,-28.4706393667615,-31.8279832465051,-35.2623948518733,-41.7054534025468,-49.9760559773352,-55.9277188077431,-59.8730422542087,-55.4495218932848,-57.7129359728796,-59.1412610484498,-58.8393615566388,-74.4272551660105,-59.0588078401051,-54.5118481105422,-53.5618100516811,-51.7954653023132,-50.7087492565102,-50.5913241370783,-50.2710993243727,-49.2930750398062,-49.9465279016039,-51.323507355295,-52.6952515110458
-46.9804834490527,-47.3521182561424,-48.4390647258803,-49.4789301920116,-49.5678106996963,-48.2255248212067,-47.6362798933736,-48.8663950580337,-50.8878619158934,-52.7382972669538,-53.5340078600967,-51.6572086735152,-49.1806089088878,-47.9408067142227,-47.6657857897682,-48.6141981883067,-49.6317588240201,-51.4822229207914,-43.8046174291846,-37.9943884510547,-33.9206842979293,-29.9562446372251,-26.7945999514722,-24.0254111132806,-21.9399362566568,-20.3819497415862,-19.1949544813489,-18.4491521807314,-18.1692115406422,-18.28111614624,-18.8103615138638,-19.8054755109245,-21.2598420620008,-23.14221094582,-25.5132143317861,-28.4173719372029,-31.8437263397438,-35.2901530984261,-41.8730137981637,-50.9091892288727,-55.0184618725414,-55.1113847198741,-53.1854116474605,-57.2558013355766,-60.3186434275619,-62.9810728242424,-63.2838121808396,-57.7848063655039,-56.0491466378839,-54.954967042359,-52.9657447582851,-51.3565360634383,-50.2050686149595,-49.3503536825092,-48.8593670349857,-49.6885826261661,-50.968745387399,-52.500322612224
-48.4085564584642,-48.3660981294351,-48.8483572593842,-49.9140975802334,-50.7023100079491,-49.5817121211762,-48.0537535069004,-48.6543839112636,-51.4089645680177,-56.2050938738916,-76.0258257014819,-56.4787488272288,-50.35158000356,-47.4987948836022,-46.3340421530435,-46.4594092391617,-47.266878857576,-49.008325670628,-46.3763072831146,-39.0311750084724,-34.3372220912839,-30.0772798780504,-26.849230817614,-24.0949825395404,-21.9454236654314,-20.3496102689203,-19.1485513724346,-18.3876445188188,-18.1263033691315,-18.2773051377903,-18.8392800175678,-19.8544300086489,-21.3155375345902,-23.2117774394018,-25.5982703172314,-28.5280344701897,-32.0842014041219,-35.7531679802379,-42.6578019586707,-53.3576506820188,-55.1264451584925,-53.0672645390964,-52.4030159918337,-56.7935476531285,-59.1700854864517,-59.3060388230969,-59.1938951590677,-59.0756042944228,-57.890588390258,-55.6526746768332,-53.6376871075823,-51.4848268103343,-49.5899580660911,-48.6883753107927,-48.7718465884638,-49.4989912745804,-50.3917011922781,-51.625604123794
-51.5087600642301,-50.6347171315672,-50.018660073305,-50.5133932197242,-51.5410993155982,-51.6111411189923,-49.9816934099664,-50.0746046703657,-52.0375430345171,-54.7322912376888,-57.2619925492104,-54.7935301082495,-50.8260776430522,-47.8666148291383,-46.5554719772814,-46.1755730316614,-46.8181657961333,-48.0545091580454,-51.3873337272515,-40.5674615746419,-35.0694805941526,-30.4009396853035,-26.9923550895723,-24.1508371350647,-21.9019507447275,-20.2765770505073,-19.1057304917424,-18.3721689145384,-18.119503066066,-18.2908598062803,-18.8682727932504,-19.8763980476879,-21.3211304678347,-23.2525075150585,-25.7354592578567,-28.7700390889245,-32.5292204790936,-36.5744539295868,-44.4382648432997,-58.9024439294746,-55.5349249479348,-52.2453601287047,-52.5991315780907,-56.8415114553771,-57.3327031416508,-57.0969505513365,-59.9505644949697,-62.3447115797311,-57.2663812556308,-54.9095353570273,-53.3425989059372,-51.188422119383,-49.2537131114996,-48.547386368522,-48.975522886523,-49.338813205832,-49.7551355851945,-50.4762892380616
-56.7945355635523,-54.02175317842,-51.869127637391,-51.567075242516,-52.2672584586227,-53.5190814742491,-52.3356312653522,-52.8456261476645,-53.7232690500289,-54.8121410946291,-55.8873428799632,-55.6357250051528,-53.1190604121662,-50.214740028912,-48.7264685549785,-47.5675628842617,-47.7603412313373,-48.1050260629467,-54.156143101084,-41.1780297153764,-35.3719893077502,-30.4690011289002,-26.9310200049653,-24.0522065162934,-21.7797167584798,-20.1753001430755,-19.0687235590977,-18.3840172400108,-18.12728089666,-18.2984198643883,-18.8769742936599,-19.8644381138538,-21.2776493159557,-23.2168490445721,-25.783847021491,-28.967049030884,-32.9458009170446,-37.2930236129715,-46.9393123844112,-67.4930239888112,-55.7926982115843,-52.103219187143,-53.5644536524873,-57.7661069323291,-56.7343054097954,-57.7218261953394,-63.9675081997406,-61.301790231869,-55.7950733786845,-54.220408184663,-52.952374056805,-51.1587934745439,-49.5815831540457,-49.0161797249937,-49.3534947434002,-49.1507887011784,-49.1727558282163,-49.5055086879305
-62.7153068019988,-57.1272076171005,-53.9735092062466,-52.9324872193129,-53.1937108469323,-55.5231911031703,-54.4594156019001,-56.0745283600283,-57.2976592883669,-58.8790154139456,-60.9894105960287,-62.3403999395924,-59.0068800577699,-55.1576099298417,-52.8467371329021,-50.1690943424003,-49.2338069700437,-48.4500420042663,-47.4936599581524,-39.4556766447217,-34.5621020790517,-29.9713693860636,-26.5510588761583,-23.8100448463955,-21.6272026143234,-20.0818912967958,-19.0405573734748,-18.3991597801972,-18.1321024623301,-18.289211861912,-18.859352777236,-19.8275745431438,-21.2154717313221,-23.1249373993886,-25.6866087830414,-28.9454999832769,-33.001118939624,-37.3204781987546,-47.1845561327024,-55.8636240380569,-55.6991057513991,-52.7299623118193,-55.5748367237115,-59.3768520244479,-57.5507843278251,-60.8758255642865,-65.9112352676734,-58.8196601621924,-56.1702439446044,-54.9180677182292,-53.4440732076651,-51.9194361831685,-50.6970016052616,-49.9164453342175,-49.5883434951924,-48.857293115039,-48.6701890003864,-48.8545838102152
-61.9224425147474,-58.9626016218324,-56.5535099014239,-54.6836654157383,-54.2919479775791,-56.9208218218726,-58.738596461824,-60.0592495305971,-63.0268855999167,-68.6484525116675,-76.5776271277051,-71.4386634109827,-70.1255859580938,-61.8425706517983,-57.3672513399427,-52.6781586699567,-50.2419652868149,-48.8072583211292,-43.0791134802633,-37.328033509962,-33.3467718880939,-29.2801496461309,-26.1033523995553,-23.5785789332512,-21.5221617021964,-20.0261964361588,-19.020346980449,-18.4009608080219,-18.1288647034924,-18.2684942894329,-18.8238925953348,-19.7809794334184,-21.1654074448077,-23.0431926406395,-25.5423955143381,-28.7541780864314,-32.6867934376707,-36.7410843778336,-44.881395386922,-51.618134101374,-55.318181081927,-54.6719077278186,-59.6649474687151,-60.6029325207765,-59.512283747859,-66.1106235731213,-63.0419556196596,-59.1435903243659,-59.7712367535545,-57.8129442116893,-55.3594886502844,-53.643484264603,-52.3201821391371,-50.6362000237348,-49.3112563570861,-48.4415609169717,-48.2292482680836,-48.4584394958882
-60.1505380103586,-61.6170719970159,-61.668808669843,-57.9640986019253,-55.7833346925979,-55.2466251093686,-60.630934254894,-63.7904533410529,-64.7130410761989,-71.1617435326108,-77.4495914799224,-70.4090896655862,-67.9402662466802,-62.0435612999706,-56.9649247536991,-53.0510477985021,-50.2881044089517,-49.0646201477166,-40.9833775051029,-36.3154814675408,-32.6833844428858,-28.926906217163,-25.8910778869158,-23.4937025468924,-21.5076606435274,-20.0165575064479,-19.0070452659037,-18.3898721226243,-18.1261554691023,-18.2535898449445,-18.7903268910803,-19.74158032705,-21.1413101512222,-23.0217830354359,-25.4864364913075,-28.614313268795,-32.3787475358473,-36.1879673270072,-43.2968768158923,-50.3091035542309,-54.9633545032152,-58.6647523961598,-65.8651500166674,-60.1581704842742,-62.0743993445351,-69.0000094180392,-61.8725589607389,-62.0859248886449,-73.2586738760227,-63.3125076714328,-58.4832975364171,-55.5973350166728,-53.2564371393505,-50.4961447167923,-48.6141552072149,-47.9811471387226,-47.8257212347266,-48.1730879476357
-58.4073462743655,-62.825245258769,-73.8774614779207,-66.29878015629,-58.4730252932952,-53.6736342883499,-53.4981801022052,-55.5283776356657,-57.0363023028583,-59.1459283473619,-59.1118443509885,-56.5035482852895,-54.4490646036054,-53.0476401784645,-51.1595302189705,-50.2316260919712,-48.8884099655059,-48.5433388812815,-40.9252431920207,-36.7460367572333,-32.8988130772583,-29.1021274510371,-26.0023365476123,-23.5740409626938,-21.5736183080576,-20.0466515826666,-19.0066996028059,-18.3832616054045,-18.140203728103,-18.2653684916405,-18.7840177000384,-19.7293045764518,-21.1465341320572,-23.0624442234343,-25.5573424932364,-28.6789354504231,-32.4021282843539,-36.1145210263251,-43.0422400837025,-51.0231092138574,-54.8484265151168,-62.5741079270241,-60.9135246653491,-58.8605047357819,-64.4056759269071,-67.9232238638949,-61.6425217366507,-63.0054626568965,-65.4616452289637,-62.7485200477889,-58.9852407941857,-55.3527549426852,-52.395030044712,-49.7168961522634,-47.9502981425182,-47.5730722089543,-47.4482020165527,-47.8636925777059
-57.0070836738026,-59.5369239520037,-61.7931502142858,-65.5939106537557,-61.7841976957623,-54.4949279373621,-50.6953004940991,-51.0743230965867,-51.935329772918,-51.8399318832022,-50.552684091081,-48.9329303193986,-48.1053298335865,-47.4595171783151,-46.7658097637211,-47.0503119297818,-46.9693813266646,-47.3795585367576,-43.1305203632338,-38.5878479599043,-33.8553700557329,-29.6533662076469,-26.3078570260016,-23.7412851721489,-21.6834584274681,-20.1114919907596,-19.0344729266394,-18.4049504517445,-18.1852743196741,-18.3189920618581,-18.8276975839107,-19.7660190179224,-21.1894807124921,-23.1393514422827,-25.690906228945,-28.9196808134573,-32.797039133834,-36.6664152202026,-44.0182230533868,-53.8937549878772,-54.7882862587018,-58.5918928017249,-56.5348833497812,-57.7246966551231,-65.6404292423223,-67.722142965219,-62.2180402497247,-61.4946428499555,-61.2573713556262,-59.3559471860947,-56.2827540445287,-53.3014455431381,-50.8397317814391,-48.9539786461787,-47.5922542874597,-47.2563044849346,-47.1042506528835,-47.478891446295
-56.9494241205835,-57.8481085296983,-58.3564931620567,-59.0091955355579,-60.3454591917325,-58.575095445357,-51.2970693368569,-49.9026628712494,-49.6014711196769,-48.3247043795137,-46.7369666924404,-45.5280239234862,-45.1879527986748,-44.8924713801114,-44.7992300866623,-45.493453667195,-46.1191691282837,-46.885496438764,-48.5198784332646,-41.014174883647,-34.9435667932178,-30.2130838197423,-26.5996884788974,-23.9067029625986,-21.811064460765,-20.2135563632474,-19.1066345705255,-18.4709459583728,-18.2652127201057,-18.4163611482815,-18.9310512899135,-19.8663029124552,-21.2846610428642,-23.2378407328542,-25.8086277637684,-29.1709033778407,-33.3003618164608,-37.6216950059491,-46.2479653841185,-61.1797396204992,-54.2907754863589,-54.2743966359827,-53.5862839277167,-56.0273774350231,-63.2131564866189,-70.2129593194737,-66.9225350653385,-65.1764020033815,-62.808771673629,-58.0257987426866,-54.1827617120995,-51.5441870575694,-49.629042730427,-48.4433117427632,-47.5009409868022,-47.0089474533895,-46.8206686321943,-47.0807279535226
-58.3188776145852,-58.4824909262259,-58.7835918258684,-57.9859094371647,-58.4028292542818,-63.0636980136218,-56.0658594681114,-51.7980521633592,-49.8850225067107,-47.7070322122165,-45.9193888446792,-44.9345294613135,-44.8255187401049,-44.809144159375,-45.2009766627301,-46.0578674019724,-47.146358665854,-47.9816557733091,-53.3157275786065,-41.5964570139124,-35.349639763506,-30.493241025653,-26.7794805605688,-24.0421273501904,-21.9501087913215,-20.3519495906584,-19.2270104306364,-18.5799187101194,-18.3705703827965,-18.5430993103505,-19.0826091782224,-20.0250578705477,-21.4356741739816,-23.3634041011851,-25.8935792360663,-29.272400555665,-33.4780111705924,-38.099634089594,-48.8592204229702,-59.4844405672165,-53.0344714369349,-50.8695968131202,-50.6449199861304,-53.0981183191064,-57.6238198989103,-62.5221461935361,-65.1857614047501,-68.2074442818193,-60.0175723646299,-55.6179202519975,-52.4436198194273,-50.2589797834664,-48.8161812568184,-48.0608774585636,-47.4621363910982,-46.8079820924146,-46.6431627430118,-46.7973106844218
-60.1216064973181,-60.2707716641689,-61.4227023942521,-60.233130780415,-59.5888103376437,-59.633586134993,-87.1744194537573,-59.1077438774778,-53.5537355861523,-50.0494369500004,-47.855494644292,-46.9565003666769,-46.9520536265597,-47.3145993236816,-48.3743309601984,-49.3424459699113,-50.768983411539,-51.2161909913182,-48.5767916064415,-40.5414503033527,-35.0772815009421,-30.5250905324774,-26.8895648460873,-24.1613073199517,-22.0913142293383,-20.5076634710962,-19.3787909797657,-18.714062515208,-18.4840621775183,-18.6737368982463,-19.2508561021993,-20.2137545673641,-21.6213446496806,-23.5179287774021,-25.9738443055248,-29.2100958860526,-33.1694127384575,-37.3492515658383,-47.0065521274691,-51.0972599305232,-51.2631125255835,-48.3965336710206,-48.1757664538335,-50.1568322567772,-52.707775787601,-54.4712234606249,-54.81779234181,-54.9730993736069,-53.5066426297786,-51.976000445728,-50.4965780519886,-49.1338511074974,-48.191500900699,-47.6755674268489,-47.333632669834,-46.7034656915643,-46.6331342879134,-46.7407834091563
-60.9376829541918,-60.5420979347515,-61.1799321656208,-61.6788542304805,-64.6697594918602,-59.7451251821612,-57.8826731904718,-63.5232144665916,-61.155010753239,-55.1410261929598,-52.252740423545,-51.4632750851712,-51.7441930739498,-52.9756658418953,-55.4693839640821,-56.7510495472116,-57.3160101205774,-55.8450592563896,-46.7046597671817,-39.7617612972788,-34.6733737997518,-30.4501575903803,-26.9617061008827,-24.2556477155035,-22.2055631997701,-20.6454955931501,-19.5307222200161,-18.8503788176173,-18.5923902291538,-18.7856555603301,-19.3984050433051,-20.3926756955149,-21.805313824621,-23.6858563201953,-26.0702193591967,-29.1084267761213,-32.7058971337228,-36.2077132220309,-43.3462426725136,-47.2819291921152,-49.6013582451431,-47.1990048842794,-46.8921205951666,-48.1601433954738,-49.1831743047853,-49.5432667697124,-49.570315176075,-49.6237996409131,-49.6253916720162,-49.2286880245104,-48.8324112890246,-48.297887680441,-47.8259421940603,-47.4633277253254,-47.2728350293163,-46.8460484780428,-46.8566980704072,-46.9502449279185
-60.0519472965383,-59.061962194053,-58.1454170726256,-58.1637855746735,-62.2459079960118,-67.320806439342,-55.0536142455203,-54.213044829402,-54.4017989736728,-53.3594074597409,-53.0914612140752,-53.8337590467674,-55.5289145596506,-56.2529783585429,-55.9908997225898,-56.5429027415241,-56.1901856618728,-55.7357821580394,-46.0584353120329,-39.2807804823183,-34.3086362011412,-30.3109999886638,-26.9630471811606,-24.2940576891742,-22.2661105169308,-20.7391575649096,-19.6571332119267,-18.9759860937159,-18.6970100678811,-18.8751787281701,-19.5045328492636,-20.534342347642,-21.9643483033857,-23.8541198682478,-26.1977371042831,-29.1167910361241,-32.5004877908144,-35.6897036313028,-41.4085407184287,-46.0008118767692,-48.6318055987049,-47.5376257318541,-47.0998162384233,-47.2608546629903,-46.9212104666345,-46.575982576637,-46.586296442426,-46.8119126903239,-47.528909716861,-47.7813009774154,-48.0592527521247,-48.2379847631244,-48.1828960824908,-47.9191931667339,-47.7075642421926,-47.4505901849016,-47.3619982682712,-47.3661243543247
-56.8948644753184,-57.048686058336,-56.2974107382954,-56.0291255012597,-57.2423013455245,-64.8562874314089,-56.7752178996244,-52.3994507047966,-51.0777220530075,-50.7465550804611,-52.0988671445908,-54.1538411229304,-55.5502996428163,-54.0625795692938,-52.828167217162,-53.1456206697982,-54.2264737948687,-54.8813675857007,-44.8572868908999,-38.7851719115936,-33.9663073370744,-30.1590787717663,-26.9120268095873,-24.2910827737433,-22.2899894482208,-20.7995167105264,-19.7585465769612,-19.0976822548657,-18.8163916486,-18.9649660893851,-19.5823354616087,-20.6423766582316,-22.107781915536,-24.0370009471816,-26.3947642294117,-29.3260851835785,-32.7359259552408,-36.0878986757564,-41.4183496065823,-47.1299445753321,-48.7502920411027,-49.48232864824,-48.7342726741102,-47.1995715134157,-45.738342903109,-45.0346547705573,-45.0479691943396,-45.445847515801,-46.4984022734017,-47.3368707408014,-48.3227866758288,-49.4063220391422,-49.9940863756735,-49.7988830638209,-49.2132894714124,-48.7178809657648,-48.1220731330408,-47.8194157736005
-53.6897492156536,-54.8880607268125,-55.476221896848,-55.992872294312,-55.5884487638533,-57.4634473981237,-62.8487200845193,-53.7426409762929,-51.4481006950879,-52.1032741090599,-56.717706032538,-61.9413577751872,-57.0633040652696,-53.7655505593066,-52.8636700497493,-53.7081730783213,-56.0772579228992,-57.3127624691419,-43.801469748398,-38.5011846528106,-33.7700698037481,-30.1327932957966,-26.9320465106283,-24.3316244563612,-22.3426218230985,-20.8754710677686,-19.8657605838702,-19.2398898680027,-18.9787866285276,-19.0970559838157,-19.6773205441852,-20.7515943608867,-22.2684715094701,-24.2671264319668,-26.7059496869594,-29.7305728960134,-33.3169569063376,-37.1137596723723,-43.3200723599353,-52.0323811155742,-50.1836940770318,-51.4246733105215,-50.0401745338908,-47.2860521350521,-45.4232956511203,-44.608923040922,-44.5740534305992,-45.0116736396394,-46.0142981911365,-47.2980034494968,-49.0910215678858,-51.736076447414,-54.5961988809373,-54.8793786293495,-52.5620319247532,-50.5662465801916,-48.8903456555717,-48.0538111043725
-51.9330668439755,-53.4180606549936,-55.2787040714743,-57.3284337020265,-55.9113323276527,-54.9639850122224,-74.6030882711913,-57.4581684501994,-54.4420082903747,-56.4609022963958,-59.8716083345111,-54.6798060372831,-52.1569115271284,-51.1501419000326,-51.81505742383,-54.5035868487791,-58.588745599503,-63.1468004009481,-43.672753424618,-38.6682798513405,-33.8526430274472,-30.3308570730717,-27.1347272623876,-24.5022651106515,-22.4921244966401,-21.0237538565315,-20.0235880401257,-19.4332390843172,-19.2102863036,-19.3156276725661,-19.8474685636293,-20.9098193995946,-22.4765002438509,-24.560330928992,-27.127133486248,-30.2228404231882,-33.9007351890516,-37.8428855185598,-45.7092492443461,-74.7057127460664,-52.444980681067,-49.7236861048252,-48.2566455121555,-46.7766916784905,-45.6479728021262,-44.9974098362255,-44.8669706324758,-45.145533412307,-45.7302640056463,-46.9676075979726,-48.8830266952691,-52.2255459707026,-58.948619030398,-70.4675471535274,-56.4691552412483,-51.6183137844255,-49.0805656092519,-47.8581792956084
-51.8607412043214,-53.1608052799427,-55.6047984570404,-58.6900963048566,-56.7406674145615,-53.5418898934202,-61.416640668014,-63.6783567674244,-57.2353377240928,-53.6858794852078,-50.209212979405,-48.3967203265577,-48.325609849948,-48.6195913156221,-50.1182980063291,-53.3133664759013,-57.3281626261352,-64.4629069672136,-43.9461888341804,-39.078868387986,-34.1437304356466,-30.6921727602779,-27.4987641512396,-24.8113647675032,-22.759022253949,-21.2740211522815,-20.2668238672437,-19.700878036102,-19.5237414439047,-19.6480995118602,-20.1376251945464,-21.1551124370384,-22.7409247078492,-24.895794462317,-27.5880060385667,-30.6733975032285,-34.1960600003918,-37.668800830683,-44.3433195245884,-51.4052373332979,-52.5776759627991,-47.4628496630065,-46.1083444533013,-45.9405200597586,-45.9516780043534,-45.729069629236,-45.5192396318502,-45.5123453250544,-45.5246504482417,-46.2245981934384,-47.3246721880012,-49.132027471922,-51.3610665213876,-52.7172609916939,-52.0378658474464,-50.0428512971874,-48.3093746776023,-47.2799391207155
-53.5743636316187,-54.1608467097048,-55.9883947243996,-58.157863111759,-56.6527974879512,-52.0417633987124,-54.4447018602196,-71.6543504346466,-57.6227237704335,-51.0110603049766,-48.0103454585619,-47.334972464396,-48.0764341207494,-48.9619366915394,-51.0521392679462,-54.2032036886306,-58.702033504724,-66.0247509641366,-43.7775692060295,-39.3844087908747,-34.4441850727859,-31.053422040627,-27.8814705847924,-25.1781489023708,-23.1035450605734,-21.6139627953115,-20.6036669632353,-20.0493144047835,-19.9129504819672,-20.0917372865133,-20.5617599421368,-21.5033448659386,-23.0547823956821,-25.2383728117026,-28.0214448842046,-31.0898193788964,-34.3993899010437,-37.4290230637405,-42.0515047295325,-47.311465377091,-50.3911466515414,-46.8401843321144,-45.4406496134618,-45.6236173092368,-46.0808476412696,-46.2014894664,-45.968350004622,-45.7644626681507,-45.4000699293144,-45.5197136240503,-45.810257421505,-46.4580242570871,-47.1242672084011,-47.5628905269064,-47.7126090886301,-47.629289898372,-47.0860702532644,-46.6284461344856
-57.6116539015842,-56.3295856971606,-55.7360654353514,-55.6868698022209,-55.6177432642707,-51.2729014021025,-50.5650030763202,-59.1917498108571,-60.9190211287405,-52.6138787614843,-50.3426413730459,-50.6428133689604,-51.9399997726391,-53.4578349503562,-56.7897934708882,-60.865265832296,-72.4711537555128,-70.0494540049347,-43.6856786157521,-39.7166970252821,-34.7222360119377,-31.3544267282976,-28.1729863634825,-25.5085029783007,-23.4623458005008,-22.0035379675306,-21.0151470484935,-20.4678320759542,-20.3553877551217,-20.6109419869154,-21.0995207482958,-21.9526991369334,-23.4193605280914,-25.5871326991496,-28.4581283952509,-31.6553895250194,-35.0070456954834,-38.0557291663333,-41.4564014061095,-46.7100198892663,-48.9860997353056,-47.994826189689,-46.5075862325089,-46.3890368457451,-46.364722532014,-46.2997123082418,-45.9595062095608,-45.6973856757413,-45.3465877031712,-45.1578313343733,-45.0237004489254,-45.0642277125274,-45.1300882539211,-45.2634880930981,-45.4581433711234,-45.944805973659,-46.1282941544446,-46.2447324840542
-67.6112460162689,-60.261919288564,-55.2798334165924,-53.066108942089,-53.8581482237784,-52.0508896241546,-49.0449588830971,-54.1021068549387,-64.2869996415889,-61.1062657006364,-60.232663563679,-58.7740981861891,-57.5337527231431,-56.6417625389414,-56.3396141017575,-58.936600026953,-60.5118251306064,-60.0787121438428,-44.5284393655644,-40.4464947522465,-35.1546536984477,-31.7102357080141,-28.4281288978422,-25.7954381918198,-23.8106668068535,-22.4109646809225,-21.4710072244599,-20.9361904959064,-20.8235848608243,-21.1494638271978,-21.7066889894637,-22.4985344560136,-23.8616105642749,-25.990548895331,-29.0035453399531,-32.5510687566354,-36.3466442726534,-39.9178114583995,-42.6794413287398,-48.4419490818491,-48.9763275353636,-50.9291504417133,-49.6051877466455,-48.6858829036533,-47.4785460697232,-46.6651415891448,-45.9568995045184,-45.5211720908566,-45.3677522874155,-45.142196455901,-44.945374027091,-44.7138145638997,-44.5225261451619,-44.5301274890573,-44.670045100528,-45.2371254730989,-45.7971866822222,-46.3553032110848
-63.3449702063681,-63.9163258570361,-54.9083175311547,-51.3010383493663,-51.9478164500176,-54.5032192811716,-49.4804950889944,-52.4139831148511,-58.2215163338018,-58.1493337401154,-53.4627028226194,-51.3595804736725,-51.2758837609707,-50.5338385201603,-50.5374488755849,-52.913368713691,-55.8104266356257,-57.4367330157003,-45.7937794896593,-41.4126299802035,-35.7795163784639,-32.2020566642879,-28.7696546162176,-26.1178466608533,-24.1862777787278,-22.8408637819562,-21.9513709863486,-21.4352333572205,-21.299815232432,-21.6574644153722,-22.3336243291984,-23.1416435949962,-24.4185138307258,-26.4919722113607,-29.6829346311113,-33.7080112182601,-38.2687452726389,-42.7683062688372,-45.668776651841,-52.4521893034609,-50.0748626443538,-55.4235795733512,-55.7744973734188,-53.4976858601295,-50.3119463733016,-48.1302979297384,-46.6525273777828,-45.7146889820404,-45.5613014019403,-45.3724827599362,-45.3464623638809,-45.1295118229833,-44.9288724941952,-44.9421418692756,-45.0415865572992,-45.4915361642622,-46.2143611789263,-47.0681078118345
-54.987532696515,-55.9752430257895,-53.3541547405461,-50.5775636765533,-50.8123267607361,-57.3353355627051,-50.973590297465,-52.5909218200431,-57.9901948029162,-53.2346173026054,-49.3053655941414,-49.1325029299223,-49.9397744335687,-49.1859309890862,-49.7452157975994,-52.7585006323629,-57.9192405499039,-59.8986048036403,-45.7834388046547,-41.8505172929537,-36.2833114631405,-32.6780702126162,-29.1901501088735,-26.5307848266666,-24.6424514519335,-23.3239897615523,-22.4557494947602,-21.9536378581296,-21.7859369052206,-22.1219620485322,-22.9429973783588,-23.8786563473128,-25.1006066763881,-27.059637929827,-30.3078229945007,-34.6235568425632,-39.6596564998157,-44.3609503873314,-50.0061218760741,-58.7186356486998,-51.5488575299677,-59.3323328325047,-69.9997680360935,-66.8438264760019,-57.194281204393,-51.629737504987,-48.5491401250386,-46.6479971759273,-46.0790256439721,-45.8174069853137,-45.9997860769758,-46.0649702519666,-46.1383442305075,-46.3196560010463,-46.4545125033242,-46.7139529149176,-47.4192761082385,-48.4025839912873
-50.8240127948703,-50.7092106848989,-50.8538368215669,-50.7814040130046,-50.8538434966487,-57.8237462362086,-51.5312812184096,-51.9761101802722,-64.6993516415861,-54.1896684451952,-50.5108563596553,-52.9657515745363,-53.4868875094928,-51.1633095410113,-52.9705319270624,-59.2554237000956,-73.1113144748198,-62.2588122403385,-45.2257109019022,-41.6488317351396,-36.3711752840243,-32.877104780694,-29.5168093512783,-26.9854938172434,-25.1825095375583,-23.8775896129463,-22.9919125501319,-22.4889183074201,-22.303597135975,-22.5798993075174,-23.5215180397208,-24.684276093967,-25.8799205052677,-27.6080671497721,-30.6105281733142,-34.7635941481349,-39.4289041019503,-42.9634055730003,-50.8514147381359,-56.9795473530607,-52.3566319557412,-58.4256534857467,-67.8176587975611,-60.3045855656659,-61.6024870287425,-56.64866348195,-51.5017887286585,-48.3551143071373,-47.0137653024617,-46.5519234966227,-46.8281514952631,-47.3422268424684,-47.9991700245896,-48.5834948806133,-48.9207682210136,-48.9870842319227,-49.4482710731848,-50.3155314933109
-48.5734705895576,-48.0255202234558,-49.1327574945933,-51.7069024499289,-51.7988287659717,-55.9756725336857,-51.5961517352476,-49.8363770319369,-55.3659925411616,-56.964073586375,-58.4471636212187,-62.0470859884476,-52.5686610465783,-51.5809724826144,-57.9544913238035,-61.4346626079206,-54.8979523619896,-55.4216689134025,-45.4489495175785,-41.4925400406567,-36.2762352275002,-32.8228911076378,-29.6368947959369,-27.3796460769505,-25.7443817622818,-24.4751169776388,-23.5578761796169,-23.0454952051661,-22.8848355835391,-23.1020997195551,-24.0840785826741,-25.5081647976667,-26.7301561623007,-28.1452443984291,-30.672007678718,-34.4585813216984,-38.6552770793686,-41.3898429276405,-46.6748034929139,-50.9890789570626,-52.077116328718,-53.8466427534515,-62.0650844796216,-54.0563481937354,-51.9474246099957,-52.508192571123,-52.2070320425302,-50.1522866339398,-48.3202745333574,-47.6885111869295,-47.9459412458421,-48.9479835108366,-50.4075896311829,-51.7029332341841,-52.5894158886888,-52.5231479091001,-52.4047002042807,-52.75844786767
-47.6612611512793,-47.1859508819744,-48.8332687271514,-53.0180307341643,-52.597698752649,-52.8050648352448,-53.8969676395185,-48.8079671285143,-49.8216970699311,-53.103347855449,-60.0481759207473,-49.4801637904662,-47.1186628398548,-49.0140872475489,-55.1486164222568,-52.2067541842409,-50.4147601939924,-52.7928831627285,-45.2552328465193,-41.5177632859321,-36.3989958856658,-32.8399237950421,-29.7110355159246,-27.7015047670808,-26.2547904012625,-25.0525041263428,-24.1342712292403,-23.631329100161,-23.555631527188,-23.757999672864,-24.6675065770567,-26.2998354591824,-27.6817230946406,-28.8680444717926,-30.9513697195211,-34.4620939034744,-38.4758004515042,-40.908770801952,-43.2955335081511,-47.260066568074,-50.8596338647,-49.5881343869848,-54.0129279517555,-51.3936765471713,-48.3797325261047,-48.3281357752064,-49.6312274417273,-50.7078322850234,-49.7965879725046,-49.3148020065011,-49.5649041559544,-51.0791837048922,-53.4042688614582,-55.6910857147585,-57.7364203410236,-57.7914963827872,-56.584992910969,-55.80932461557
-47.7838622221865,-47.8963275408948,-49.8500486353559,-53.8643543222557,-52.7350430418907,-50.4178963814133,-60.9542291269343,-50.1665735528436,-48.3380154621013,-51.1364758120919,-54.5533798681887,-46.6001331936677,-45.6171383871088,-49.3295902910653,-55.4037422699077,-50.0888648491351,-49.9652201623229,-53.9437458628724,-43.703814632472,-41.4567804439146,-36.8372246931556,-33.1578260004947,-30.0075050071555,-28.0752448071545,-26.7028495487516,-25.5512743334951,-24.6930433423816,-24.2530879926856,-24.3180192055381,-24.5806996304737,-25.3159913404967,-27.0481174667124,-28.8153960593385,-30.0497363585891,-31.8670958128501,-35.2048204193526,-39.2030963147613,-41.7676971005576,-41.5214339193361,-45.3808329128808,-49.1017875334981,-46.8112215587909,-48.7830756606629,-49.5160782958567,-47.1205121949484,-46.5525722275379,-47.7371469664554,-50.1755826737068,-51.1849339916571,-51.4663541608117,-51.8677121777587,-53.9618703515414,-57.2735065775709,-60.8294315023713,-64.1356345223901,-65.4512675340779,-62.6143495142336,-59.7921406567284
-48.698988937493,-49.8855388432836,-51.2805025580204,-53.5407446559885,-53.4988696756027,-50.0220943707318,-57.6124448097665,-55.3245795059754,-50.0592742065836,-53.2874162478957,-56.8824173055897,-47.5937876013092,-47.6594937336456,-55.8268715975161,-54.7730742439972,-50.3164081070563,-52.7030428032952,-57.8274736978317,-42.8446554770674,-41.6024188254963,-37.4654794043631,-33.7082368675734,-30.6083320926785,-28.6228017695007,-27.1426312898149,-25.9664487250729,-25.2183646616015,-24.912088297814,-25.1395317522567,-25.5455254273693,-26.0698694200757,-27.7977935592676,-30.1837731414328,-31.8530920571557,-33.5646014023703,-36.8113069369494,-40.9607686709929,-44.3984405852113,-41.3960492738094,-45.1397759037992,-47.5212389177961,-45.48518055853,-45.9054472520303,-47.9438712249869,-47.2639773436821,-46.4045203094761,-47.1515333639817,-49.6653639597856,-52.3580939078844,-54.0469919993823,-54.755308257088,-57.0119100789722,-61.4385165172836,-68.2646621858051,-68.8811138331745,-69.3006086100355,-68.2758265630099,-64.8268149147732
-50.0887775492409,-52.2156888784991,-51.7909449600957,-53.3162101841808,-56.3392440731013,-52.3563308089303,-53.0944012402491,-69.4337324010943,-55.8866656134551,-57.642305097344,-53.7095557213621,-49.8250305797295,-54.0867402080402,-58.863475964784,-48.4887448198067,-49.9765570054062,-59.4001742734171,-54.6512388925899,-44.1689003751456,-42.7077451554205,-38.1975294606998,-34.1956431711236,-31.2877641821163,-29.3044838196687,-27.6159163973675,-26.3508811322575,-25.7252010294744,-25.6013606430878,-25.9567275300529,-26.569445600209,-26.9628283149615,-28.6151313800686,-31.7113840028822,-34.142263554463,-35.7409543448024,-39.1494407295881,-44.0462700063314,-50.1775438946986,-43.1553004164008,-46.5237583257095,-46.6239632007315,-45.5098900439124,-44.7702537963204,-46.9695726399553,-48.3679520187583,-47.4566751645307,-47.5612312332041,-49.5044008370261,-53.2474940459796,-56.5502663505962,-57.1412146420014,-57.9017485616002,-61.4092378608229,-69.2589656496086,-74.5334885647691,-68.3127491098437,-66.34356314033,-67.3657690401992
-51.0417766722934,-53.0522721779583,-52.1996116245286,-55.1225119781753,-61.8785547761266,-59.7628903585018,-52.9712776528134,-58.3957360071695,-58.7763849578322,-52.9918478135889,-48.3549601495601,-48.117434259596,-55.349001223858,-49.4224540504976,-45.2198970129297,-48.9366655040483,-69.1702150164074,-50.6355293717083,-48.5283881043376,-44.9261313252517,-38.9214316371292,-34.3798197208956,-31.670605310071,-29.8848628048251,-28.0811350205841,-26.7680571153964,-26.2525871053223,-26.2974759263969,-26.6929504681189,-27.5374577695942,-28.0133928910918,-29.5161544250238,-33.1221209497795,-36.3194522724338,-37.5315626424538,-41.559164401493,-49.1818765081538,-61.2070679841606,-47.7169747951133,-49.6381010219964,-46.5989628257643,-46.8753704813658,-45.1153958199581,-46.8622751639268,-50.0087267833199,-49.4557896653109,-48.7017309219328,-49.7637097974198,-53.6542829450538,-57.9084014063099,-57.711228204669,-57.2356972044473,-59.7685320714919,-64.9031011998449,-80.0343064429719,-72.6244527440991,-65.9636108470718,-65.7871375844602
-50.2589562288788,-52.7362177285501,-54.1800576710175,-62.347943479702,-60.9131163648989,-64.2974117206982,-54.9572805235932,-57.0795699487155,-54.4036673881827,-50.9913739362055,-47.2992037307495,-46.8225968458643,-52.7439298136324,-47.8124120320465,-44.8456149583099,-49.5798916494332,-59.6074824002242,-49.1680157751573,-49.4594615392194,-45.1759788616767,-39.0905549196587,-34.2798547957816,-31.6850119439057,-30.1222777564098,-28.4233918983075,-27.2376303046947,-26.8248889159601,-26.9470969940407,-27.2876156429638,-28.3502672080275,-29.1940175065431,-30.4164675358848,-34.0656224503375,-37.8838812156513,-38.6335389454917,-42.907157569274,-55.1256985747449,-52.3753871945499,-58.9822691984059,-53.4960822309272,-47.4890994031853,-49.5346719174792,-46.8555580318342,-47.6579590694157,-51.6932919074965,-52.3799028203901,-50.6697797367779,-50.7750198707378,-53.6959390515026,-57.7946210253871,-57.7452240527175,-57.2389355084213,-59.9965210942235,-65.3321847799876,-68.2126091182938,-79.2255533033666,-68.8353919638953,-64.7400009932723
-48.5767661291523,-52.7869680568597,-56.6764731615275,-62.2723285214292,-57.7764829105822,-57.3481315983699,-54.0347402231996,-58.9300034680236,-55.6150055026481,-54.0966523398073,-50.668706972682,-48.9032513856269,-58.2568296212181,-48.9021718187043,-46.962544261824,-52.8266734298533,-51.5591928055972,-48.8262055491838,-44.3267546098494,-42.1047869520416,-38.239258468963,-34.0108437753846,-31.6334402979912,-30.0521940184563,-28.5654268829171,-27.7161541641808,-27.4078524368233,-27.4726518610101,-27.730847858863,-28.9617909419795,-30.3875033325611,-31.1889200949448,-34.5535671763915,-39.3914828582616,-40.0380849165326,-43.3621656594493,-51.8756782817762,-50.2161273702868,-51.7102624314618,-52.5748584667319,-49.2278135653633,-52.4739330784098,-49.9396568447569,-49.1146616877988,-53.0916749958766,-56.7248068608858,-54.2297277704551,-53.1867038880702,-54.1490027504053,-57.1362273955985,-58.4980895431408,-57.8125575019967,-60.3561644390978,-71.9467194882528,-65.0609858908325,-65.1543639111157,-67.8935681473355,-64.0810900851547
-47.4650735080547,-53.1830968071925,-54.0693306673642,-54.072905448096,-58.2535131962866,-57.8138015593695,-52.3934580786682,-54.8691084109401,-66.2504945368994,-64.6745243002507,-54.7573104020654,-54.4947330004792,-57.9990233587349,-47.3235640661335,-50.2527966196486,-53.9700347176534,-46.8818287613018,-48.2817473197026,-41.7369026757689,-39.7564277384775,-37.0547337250089,-33.6703066175071,-31.7585036863588,-29.9336773943593,-28.5764809514402,-28.1244111621611,-27.9012465523766,-27.820935368361,-28.0751261534803,-29.3705275827338,-31.38298649012,-31.8125501569603,-34.9985676575591,-41.6788283191125,-42.4146933123947,-44.3987969778392,-49.3566029798466,-52.7680793203093,-46.6114861095725,-49.5144364798056,-51.303289245173,-52.6292627903465,-54.086935577786,-50.630199646433,-54.2227415730783,-64.1227560472089,-61.2818169523139,-58.3477296229568,-56.0068190786543,-56.6311452929671,-59.5702935931883,-57.9731078595234,-57.5631020568655,-63.1619208494457,-64.1857016378727,-60.1172739195827,-61.7423473054838,-62.4935133174822
-47.2250124922855,-52.5910880764005,-51.2182818574256,-51.9099814902039,-62.9251167841554,-58.582062629851,-54.0976361018362,-51.5921900671441,-58.6343913081539,-53.5322789317919,-47.822016919155,-52.1116380669693,-49.2496497072663,-44.3586802656054,-50.9779205369159,-50.6080830629923,-44.792001794593,-47.7542754953516,-40.7526128337758,-38.888530871941,-36.4209286760107,-33.4434744455941,-32.0547099425144,-29.9739796966155,-28.6272786236893,-28.3999326093153,-28.1936189546783,-28.0132818220229,-28.3925208603291,-29.5762022702358,-31.9722695080427,-32.3754932081037,-35.5724530430261,-44.4867095873408,-44.5285375387911,-47.4569789840095,-49.0972703030038,-58.4721478221643,-44.8484178474909,-47.8040288215789,-52.0437481886134,-50.6400457880367,-57.7744569896276,-51.6056095002222,-54.8683180253106,-87.3797878542729,-61.2238847288633,-65.9530193332824,-60.5554092309076,-56.5051170833336,-59.4170485761666,-57.8596618192922,-54.796594224853,-56.7306280981162,-61.8048466121816,-57.7276316013488,-57.7356361301974,-59.7653027325734
-47.3524318520504,-50.6738813672673,-50.6873277406404,-53.0986247862323,-69.5677414436829,-54.2435216919345,-62.0569021209272,-51.5401799226508,-53.7517261706233,-51.0718038638432,-45.5017141473986,-50.2086783863237,-47.4031441255292,-43.6720719243981,-52.416055921706,-49.1831159104166,-44.8970134147776,-48.1377589875765,-40.5102733511313,-39.228246332908,-36.7023849966715,-33.5956451603396,-32.3846228541699,-30.2086710936771,-28.8503454657314,-28.5324501120215,-28.2474987121529,-28.124383410552,-28.7032557990579,-29.569736607047,-32.0863483495594,-32.8761971635133,-35.7253504691071,-44.7313383521939,-43.758417720761,-53.5756057299712,-49.7928265418794,-51.1700423364166,-44.9310951234509,-47.5362551417135,-50.6149929752922,-48.6084849214673,-55.994936989259,-52.1270200666874,-53.8938153254893,-68.4901695581692,-55.4547919058652,-57.5862957374417,-64.8527501834082,-56.7229412043148,-57.8463791124042,-58.0779537139012,-53.9291486767183,-53.9895385989817,-58.2007007792912,-56.8804400739825,-55.4677759635269,-56.8198713215392
-47.0756630179019,-49.0056746894354,-52.5915386523163,-56.6101155649158,-62.6160225021073,-52.4560304410167,-57.3038749120366,-54.6307296612473,-54.017269918178,-54.8667354516174,-47.3681021868384,-54.9529344464398,-48.5556435302403,-45.775167894911,-59.585698111684,-48.4228383388203,-47.1185957245116,-49.2627988543611,-41.0302604302403,-40.4071456729218,-37.9174271473066,-34.3196612850091,-32.6626764698871,-30.5149652975085,-29.2497229632552,-28.5623570084922,-28.1312167802728,-28.2114229249359,-28.9405370805836,-29.3898459958363,-31.8085851985635,-33.154566364658,-34.9039456425138,-42.3178968519682,-41.9050140230514,-48.9660423132363,-50.0321909467182,-46.7225406277053,-46.920414526329,-48.6139289134386,-48.7107227394651,-46.9869447965418,-51.2611436791318,-52.4529702488722,-51.3640657442264,-59.6022392270366,-53.390594046032,-53.0217057354971,-58.3376540725376,-57.0216380455372,-56.1484623001962,-58.1318409633084,-55.2555747423515,-53.734686164791,-55.8120763395024,-56.8614858885876,-54.5341154850856,-54.4114792092888
-46.4442294147003,-48.5333495016271,-56.9535294610615,-55.7039498309546,-61.0268125743426,-54.6842928689822,-52.4514001027255,-57.7677411576735,-55.9323362057527,-60.1986700332779,-54.4975384639722,-61.0598115929539,-47.8716237883834,-50.2342172931317,-52.3796539274938,-46.5047288969404,-51.2716917913805,-49.7064827712465,-43.1377009360744,-42.0932496207193,-39.6797025095919,-35.55707696749,-32.9268609417949,-30.7046998535503,-29.6797877758793,-28.5505585288447,-27.9686588936376,-28.2711788419899,-28.9906973431695,-29.1549360247975,-31.2748162770859,-33.1261280637348,-33.7444781655317,-40.3448679466553,-40.6374790542241,-43.9712951702185,-49.9761530747231,-45.2358228763918,-52.2593972162646,-50.5435588751135,-47.3997180550818,-46.1846515886904,-47.7692147538266,-52.2049231078948,-48.9578919447583,-53.5424274879486,-53.2619122769561,-50.7347421644396,-54.3248115015699,-56.9561815323264,-54.9525540674659,-57.8671807081111,-59.5585635291931,-56.1597985475904,-55.2774000674842,-56.7199058643684,-54.6687159253686,-52.7981670974326
-46.1373141699545,-49.2134653307227,-57.006480196395,-53.127985373094,-64.0490301967374,-63.9343528588725,-52.5209355154124,-55.1193839326301,-54.0803178588775,-50.5207120191736,-51.5829424675097,-49.5209691308765,-44.9421691823076,-50.9202027772081,-47.3564602814886,-45.1137512533808,-55.8332584182254,-49.485708320888,-48.0613104552537,-44.0640587696293,-40.8636001067678,-36.7275306613107,-33.2109873629792,-30.7023103622324,-29.9025269011143,-28.5285659564826,-27.8632885123386,-28.2476908448948,-28.7871922232688,-28.9909708628828,-30.5996154652879,-32.9342757780407,-33.0295306277542,-39.2248218685952,-40.0837415709704,-42.1993658769065,-51.1347916916427,-45.9840629687058,-60.2691713144714,-51.2840605726641,-47.0201381467081,-46.6457355650687,-45.8246251387719,-50.8128014857091,-47.5079786804956,-49.7079092869821,-53.6978096575043,-49.7133328865305,-52.0017588935231,-56.1116235920968,-54.3464850080744,-58.6426786582897,-72.2982673942471,-63.9012626445783,-57.1165709942407,-55.8931495093732,-55.0657110858577,-51.900395375295
-46.367067505315,-49.4190079756088,-52.8092947521564,-53.6676439058071,-64.8438631406742,-58.315912621006,-55.0778320768259,-54.6045483300112,-52.6633785402558,-48.4537762695404,-47.767771657129,-47.796483986343,-44.1343534758706,-50.7390975145495,-46.4992835847023,-45.886797284297,-61.1785763014172,-50.3213674119349,-49.4888023867677,-45.2043995246789,-40.6652255505452,-36.9112301387646,-33.3496473519212,-30.6161826599646,-29.766751226057,-28.4611303023786,-27.845078800202,-28.0763508520686,-28.372369142636,-28.9337931845885,-29.8762456978024,-32.7358797303355,-32.8639281919974,-38.400658115242,-40.2190389428964,-42.6180301962039,-55.2132539908021,-49.4019107449124,-50.6980864271843,-50.071157726311,-47.8207962856703,-48.7609189734839,-45.3063625933116,-48.7951002955078,-47.1831241263104,-47.4844474536864,-52.8989555989103,-49.6549782784612,-50.3558737628363,-54.5079131966465,-54.0839448217831,-60.4721189369264,-66.4082228686735,-64.4584551104815,-62.7967956491041,-54.8668166378588,-54.135130183089,-51.4066603538724
-46.5688248737719,-47.4112635019655,-50.908605547925,-55.740014891088,-58.3060417923426,-54.355221000332,-53.0155169790575,-57.6988516063422,-54.2750605558036,-51.6754395419246,-49.4925637805976,-50.8497570965542,-46.3243886498558,-58.0971232026822,-47.8316797819885,-50.2127303537139,-58.4669420771585,-52.6865764443715,-44.5072279714627,-43.6644478436378,-39.9005467989174,-36.2327898329313,-33.0346546869246,-30.5719041375833,-29.3616348833235,-28.2781554250178,-27.8535773488648,-27.741707506184,-27.866766695763,-28.8981962451378,-29.2031852114036,-32.5108988182994,-32.8677174261261,-37.293908670358,-40.8309813541829,-43.9162396018868,-69.1639871057796,-56.3612880017498,-47.3657728412392,-49.2611544005106,-50.1103876367,-52.3566814829654,-46.256344446733,-47.2032433926608,-47.9573895210012,-46.484383659,-50.6722494857272,-50.399365179389,-49.1955894710361,-52.6687720817912,-53.6462817896363,-57.3825806355039,-59.9393387934603,-56.2024867539632,-61.0300743079556,-54.0989375000407,-52.1519948484205,-50.9677403420839
-45.847678033136,-45.1742554812187,-50.7360066914836,-52.0788567723252,-55.3005244852028,-55.7648509783879,-50.1378808541353,-58.3405576706679,-55.7896156594631,-60.0508510324335,-61.8687587646326,-50.6143835853411,-50.8548193267474,-53.9876277896639,-47.7705783424499,-67.1912150074586,-50.9291144442632,-54.5483616435662,-42.7201897842589,-41.4972868260801,-39.2057756570687,-35.6007466841217,-32.2866176469102,-30.5447837668632,-28.9113997730988,-27.9664582129096,-27.7650145829783,-27.2995737190988,-27.3883815422924,-28.7277753367154,-28.6731541614578,-32.0954886931693,-32.6401508291423,-35.9812027272493,-41.1264989046962,-43.0483443189594,-57.3630217842776,-51.6227461034022,-47.3085586308884,-50.0082190345434,-53.7330277453537,-53.1063940839645,-49.0700240968799,-46.6701351296324,-49.5955830489083,-46.5495329435577,-48.4733655217589,-51.5061325859712,-48.7344751503642,-51.1091777188276,-52.8012629506468,-52.7900186507163,-56.6255324321804,-53.3118647808887,-54.3738340625429,-53.5363015935459,-50.7435256906068,-50.571822595624
-44.3336173781729,-44.0365601352854,-50.3489437360101,-48.3809511170033,-55.1768747359216,-55.7904401823741,-50.3180013229682,-54.316519568228,-52.707945300713,-49.7925081862017,-53.4921714644163,-45.4649160037149,-49.7230673779863,-46.7645817098985,-46.2716548288143,-54.9677627018724,-48.1123000556386,-55.2941160578506,-43.3521848367203,-40.6036561762059,-38.5945847804743,-35.3855349973939,-31.5504778510384,-30.392390129336,-28.561558305672,-27.6011414441185,-27.4658837841788,-26.834735368088,-26.9911376156252,-28.3022863491986,-28.3266354389023,-31.3335842959438,-32.2505065441774,-34.8651489238861,-40.436405916654,-40.8389738904087,-52.0002848747215,-47.1391687605336,-50.0809472196463,-52.9906199540612,-54.7080762094923,-50.6085637057545,-54.9889938743854,-47.5704272304209,-51.318126203669,-47.7968467555053,-47.1617347088332,-51.8622064565523,-49.1896114636418,-50.0616900898748,-51.9160569020918,-50.2265136136789,-54.2040489822485,-52.6589071868454,-51.4210588529455,-53.146259283479,-50.6281740457113,-50.59882436931
-42.9119771654288,-43.9505437156096,-48.129707519066,-47.2421942669303,-56.8188739513186,-50.5440746586586,-54.0171905297117,-52.6673584335441,-51.6834062618482,-47.0294079397387,-49.0692023016093,-44.2138196833744,-48.4128650127222,-45.4148005313655,-47.0445979583481,-52.2979081730514,-48.6760072704123,-60.3715319261354,-44.9206853824761,-41.2419428445905,-38.1488883551599,-35.3579260981805,-31.1766788087294,-30.0445716616994,-28.2898480694185,-27.2669621629113,-26.9350278601254,-26.4017491440578,-26.6502962782455,-27.6293371167313,-28.1210526153996,-30.2587231359821,-32.0064288221224,-33.9914507547034,-39.4264886435133,-39.6666321925636,-50.1462309611351,-46.0807290020216,-56.6483155139357,-60.4408635060257,-52.3828366898046,-49.520243940575,-59.5680474690452,-50.3949147100939,-52.1687290623709,-50.7672345280815,-47.1541814488612,-50.9023415508124,-50.6025707272498,-49.5682025777197,-51.3075264076257,-49.4258199240388,-52.6455210095177,-53.402006980142,-50.8534946424614,-53.3658488397609,-52.1605378236956,-51.5070034473404
-42.1098085893375,-44.3463493699373,-45.9925140930535,-48.4475244854765,-55.8454209879108,-48.1871756609462,-59.5656488244967,-51.8031738398961,-55.1985944645077,-49.4298142739011,-51.2781619091916,-47.1132278581241,-51.9605002083371,-47.5873651057963,-52.5160382544358,-53.2809513090765,-53.2131171313341,-62.4395218504158,-45.2870079087968,-42.6344151489693,-38.0570168541477,-35.0545586781997,-31.1330863163301,-29.6024085654579,-27.9620980562964,-26.977453150375,-26.2629804875257,-26.0028154163865,-26.2935338334624,-26.8336564407676,-27.94606407055,-29.1098452627581,-31.9591245840851,-33.0998521206416,-38.8647775906115,-39.5294838814598,-49.9636404350545,-47.5782351149212,-57.2868084603335,-60.5921298805851,-51.3768440216672,-50.1076725647471,-53.5216437836347,-56.4111525656964,-52.7750985703328,-56.8964616674919,-48.9775929879645,-49.7952474800218,-52.4777274386816,-49.6140757410015,-50.8834014975767,-49.9255592653996,-51.8239614973399,-54.9600051256298,-52.4037095808138,-55.087612045306,-56.0541960920968,-53.7021849990332
-42.0188384528903,-44.5201850972975,-45.4329153642192,-51.6906415612851,-52.9632225305406,-49.0227883251615,-57.5376279810436,-49.9296547539218,-87.4135404944582,-63.8552198380703,-56.4410587453302,-53.105962736253,-54.5970794998213,-48.73628882046,-57.8317401713719,-49.6517488381806,-65.5101272369478,-51.9475491369356,-45.0512930029351,-42.4187967996117,-38.1243681539087,-34.3656189400609,-31.0556133875856,-29.2060313214296,-27.4914508885536,-26.6659245588275,-25.5902783669556,-25.6022125718662,-25.8558780467659,-26.0625760273215,-27.6771128284281,-28.1260452107886,-31.8364245571581,-32.0990841817347,-38.7321366553872,-39.2885165596168,-50.3143609332943,-50.1043091899616,-51.856509088753,-53.4018255627512,-52.1732708988905,-51.829137920811,-51.2809580794573,-74.2217342835245,-54.6956232488891,-60.9707663052361,-54.1902887150299,-49.6576434266254,-53.0502441205268,-50.1586378135763,-50.3903509951822,-51.0691111163589,-51.1237895145082,-56.4367309521106,-55.7975558886677,-60.4063506353228,-63.3047389842409,-57.1939564845326
-42.2662029428574,-44.4475078707937,-46.9506074784695,-54.0780412727405,-52.3252622116576,-53.7713911722083,-57.7702276007875,-48.4660997145807,-56.2462744817946,-50.5546969951353,-49.5527698678343,-46.8278002718196,-48.3358271565502,-45.2698858689447,-50.113666128987,-46.3065376488265,-59.0492348693265,-48.6733921146438,-44.9438853333316,-40.7021049684416,-37.6395231381946,-33.6275436535321,-30.6470272871476,-28.8767684070593,-26.9485123781727,-26.2366086297621,-25.0255289502086,-25.1537954194336,-25.31762336156,-25.4046839729845,-27.2305122834012,-27.385807198337,-31.3193293390485,-31.208038473778,-38.3453890247329,-38.1667775408554,-49.1438968187081,-48.1785961578275,-49.4605145356604,-50.896334769497,-54.4025512527014,-54.3764877121453,-51.2162868582643,-66.9806777770743,-59.3560360430328,-55.4782283136815,-72.8352283346726,-51.178937081567,-51.6016404064174,-50.9408922433376,-49.784257333742,-51.8860520349834,-50.0478544468154,-56.2969659263431,-56.1968995221187,-67.594467263426,-59.1973684448238,-58.0035714322718
-41.9692932243749,-44.6508889074918,-49.9508810735731,-53.2638819692076,-55.2985014988421,-63.5374725747527,-54.3897005760814,-48.8268923383828,-53.53325216541,-46.1988351197501,-47.9712375987901,-44.1137652849719,-47.3371806738737,-44.123722537444,-49.5326869374978,-46.0673428597539,-60.1105128931898,-48.8096625111674,-43.5044256509351,-39.600987793634,-36.4932616450047,-33.0718834056078,-30.0958717224064,-28.5029213192034,-26.4777377558308,-25.6470883852331,-24.5994986865916,-24.6292855103034,-24.703733061528,-24.8698586895751,-26.589357569595,-26.8133221165808,-30.3921787046973,-30.5891097218808,-37.1132786908839,-36.9358040440914,-46.3118984497224,-45.1757197107236,-48.7165250231695,-51.071458875143,-58.0008116899029,-59.2504733698309,-51.207799511547,-72.9474891354848,-60.2222458631275,-54.6335219678485,-53.9444989423768,-55.0579202596133,-50.0157718061016,-51.1438596648809,-49.2260487130116,-51.6525746282061,-48.9417819648825,-53.8087319188254,-52.6587388956563,-55.4433462747825,-54.1200661121282,-54.2709890755451
-40.8052272552611,-45.0716567621224,-48.3896045115316,-53.3464960089116,-60.6192047221104,-56.8710342060932,-48.832716818409,-51.7822309698398,-54.8862886637494,-46.8621791643425,-53.407490974129,-45.7053840327882,-50.4209788825827,-46.5811860790458,-51.0535584653024,-49.538602763227,-55.7729845750252,-52.2603594416437,-41.7311603984326,-39.4410396228751,-35.5469764559238,-32.6327227171957,-29.7794692397174,-27.9781816967554,-26.1492369345458,-24.9629146336522,-24.2644948558707,-24.0390924941566,-24.0623953099259,-24.4151715313547,-25.7984641651456,-26.2933789425166,-29.3054204119571,-30.1356566308278,-35.4765834174704,-36.2099152053698,-43.8975360424251,-43.9970617105534,-49.5095133105965,-54.085423351785,-66.4274622278676,-82.8581143473968,-50.2014039885058,-62.3147771000065,-54.1997490300944,-57.9234470281952,-49.6980294304495,-56.6317003263977,-49.3128632945651,-50.177334330149,-48.8601272507375,-50.3366288235111,-48.3866868438519,-50.6522689747429,-50.4457462019231,-50.6727966958045,-51.575423606793,-51.2361438549242
-39.55546074154,-44.5948020999075,-44.7950150082132,-52.4832817175986,-53.3209544799177,-54.3476691286055,-46.405136358629,-59.1996146867174,-51.1980227441876,-52.7087966767026,-52.3074502395725,-52.5161653098132,-47.5487069155822,-53.6241048488173,-46.6311296558459,-60.7848342636382,-48.7344610982104,-61.8600913882187,-41.5419575682093,-39.7001423798134,-35.38358263,-32.1983709087035,-29.8137184759869,-27.3625037150881,-25.9039634668222,-24.3201063566738,-23.9298803043072,-23.4291924641744,-23.4413361876324,-23.9823341883376,-24.9326183626357,-25.7891353135713,-28.2635224276089,-29.6268396504659,-34.1002565158138,-35.7542728868691,-42.6229567994798,-44.2127440827814,-52.3226566544997,-62.597559125312,-62.235686556095,-56.683220889994,-49.9175541351626,-54.0343621904196,-51.1985594147457,-57.9567478765821,-48.8369863420168,-51.4508099046836,-49.6406871657308,-48.8976994725068,-48.7948641232793,-48.6160387064905,-48.6051348770643,-48.2124488612142,-49.5626975964702,-48.3960061193607,-50.2076998912681,-49.4683393764108
-38.7758280692758,-42.8345396414013,-43.1390390685895,-48.8208106056379,-49.7095988287592,-51.4182218388148,-46.9467149369913,-61.381424021209,-46.9607207139404,-58.2090557511478,-44.2027130013909,-53.0078554401395,-42.8476859278708,-51.8470571337375,-43.392071527404,-55.1985145019126,-46.2302923203548,-67.2524451636275,-43.6949062301992,-39.9698907204609,-35.8785918363316,-31.8468689719807,-29.9696715120277,-26.8410041278578,-25.6069897496178,-23.8309327881913,-23.5198499913866,-22.852448310561,-22.8687083730158,-23.5198502353019,-24.0599677296821,-25.3365247209025,-27.2801428267558,-29.0169856904357,-33.0702356568521,-35.0674650182575,-42.0790348277622,-44.4035645100162,-53.4460036579085,-57.7404989189649,-53.5736900485767,-51.1393356351185,-52.1528438641195,-50.4931955075144,-50.5177242280111,-51.9514965950377,-50.2483940205478,-48.4279340683195,-50.7225030907501,-48.3103680643078,-49.1617485953668,-47.4327531780976,-49.4386243884677,-46.8938286526796,-49.2390795204798,-47.5531821527134,-49.4062918852661,-48.7030812384184
-38.4164223242019,-41.0827727359366,-42.9927902163358,-46.2161509965959,-49.5180696483507,-48.0157153983972,-51.0115457164107,-54.1111107842982,-45.9123570020356,-52.169731298271,-42.1720158114036,-49.6456816679284,-41.6841623093003,-49.2873878550502,-43.4107501634212,-51.4521707922213,-47.3682300280742,-61.1586110807063,-46.9863181807686,-40.336727665387,-36.1918064800332,-31.7155975806285,-29.8828007591898,-26.5375038422606,-25.1797034330004,-23.5201433571503,-23.022151255013,-22.3405970774494,-22.3480648198325,-22.9904272411059,-23.2338143735265,-24.940219701713,-26.2589424331961,-28.4430561029343,-32.001909591523,-34.1139949560962,-40.9874055654724,-43.0483870156449,-48.5441466049085,-51.089406240429,-49.9502105739043,-48.8235524874565,-60.4164184282383,-49.2703812013586,-51.670924922448,-48.9724225966581,-53.8295094827519,-47.64799896861,-51.7700699617061,-48.9054090821838,-50.0580306426994,-47.3900307048242,-50.2802863121541,-46.7901544327235,-48.8775156315979,-47.7077757687009,-48.903028502289,-48.7565080220303
-38.1604596729516,-40.1893964410892,-43.1752736732718,-45.7466440992844,-51.5835991488393,-46.7954857043832,-59.037898539677,-50.4725219394954,-48.4978734003639,-54.7874502571991,-44.1877680964868,-53.0581246490974,-43.8978093754558,-49.5273695960409,-47.3258606948332,-49.6944097032597,-53.9957079608079,-57.4832612859631,-44.7000987384482,-40.5977833755712,-35.6854916581777,-31.7399470478694,-29.4996904327355,-26.4098741551235,-24.6950974713098,-23.3231783228333,-22.4924276924485,-21.8982350700438,-21.8691141494355,-22.3817197949188,-22.504523212923,-24.5154486691158,-25.180111459512,-27.9724324232347,-30.5917575380386,-33.2053393767818,-38.8310622375498,-40.9693919079381,-45.297660733005,-48.1157803811852,-49.0609949705963,-48.5551583562942,-57.1691688508336,-49.676675476576,-53.8490460695587,-48.198615825744,-57.7028171303023,-48.7588579759037,-52.3758515826725,-51.1101676684438,-51.4322888279109,-48.8692668298055,-50.358165665216,-47.9286515431972,-48.4307032275366,-48.548697768409,-48.6484936714916,-49.4635144723908
-37.8394016119166,-40.2924291437554,-42.7531996340148,-47.7269438987949,-52.3877166761742,-48.5561114693469,-54.7442363099981,-48.5136767365626,-59.6908215696361,-58.8170021662487,-51.5039623749245,-49.9740310676983,-49.6183352654331,-45.3691820592168,-61.9389574657971,-46.0097471814514,-55.6889317363177,-52.6914005630403,-41.9591479666612,-40.101517371424,-35.071208316761,-31.6935163433355,-29.1514955159412,-26.3074328121149,-24.3132393500483,-23.1409088882893,-22.0135256339701,-21.5136443215464,-21.4190094673687,-21.7169898431286,-21.9151552567979,-23.9344783623022,-24.1680693163788,-27.490891435264,-29.0684767476346,-32.4324848700284,-36.7142706401495,-39.2920309785261,-44.2969318158009,-47.2500196791706,-50.8581159056377,-50.4994055387909,-50.047839060934,-51.5476967639381,-54.2059027583482,-48.8240783755062,-55.8706895685515,-51.6222007423468,-53.7090455213958,-56.0355528698432,-53.0865887865869,-52.3803202038619,-49.84493083553,-50.1413109758595,-48.1871731321613,-49.6996607107109,-48.7175167708172,-50.5711351280413
-37.5821980572469,-40.9461297207011,-42.5067077860972,-52.8436887791928,-51.2428026505058,-54.7713794318995,-54.02688799542,-48.1952231266416,-53.9165245171885,-49.2374701397657,-48.2359381866963,-43.9691508622643,-48.9676919847875,-41.7494065143807,-52.6393199143176,-43.5395275769976,-48.0773441050302,-50.1030874186288,-41.6075109636892,-39.3791668865699,-35.1659266733514,-31.5913881072191,-29.1314295084236,-26.1644178733528,-24.1409344763714,-22.9216352047163,-21.6427041082561,-21.1696614582891,-20.9819983564034,-21.0466450222697,-21.4738214445197,-23.1319662099112,-23.3625883665815,-26.8225336230741,-27.7982467946148,-31.6586286996368,-35.2514763203117,-38.189440814569,-44.9637696203394,-48.3493911351175,-57.5632258167783,-57.019937548984,-47.5694035560828,-55.016408488086,-52.2839185091159,-50.070871214647,-53.3625538420954,-54.9852527941156,-57.6794937752914,-72.4180672141844,-54.8192551664979,-58.0680450047288,-49.6447463719581,-52.2359436478185,-48.3756355437757,-50.6340085905819,-49.2010132085502,-51.6832666122014
-37.4747150208416,-40.8225585310967,-43.3872477292325,-53.8167388743739,-53.4625390017195,-59.4554621835532,-56.690866883394,-49.0001753901296,-48.4884531329078,-47.5877935030019,-44.4223698683191,-42.3699621826978,-47.3091353821652,-41.0554708947478,-49.7700554877319,-43.6471510347275,-46.1678210769999,-48.7041070864079,-43.2365143244288,-39.7379087397876,-36.1383592064964,-31.8346664108052,-29.4442915278116,-26.1140808030273,-24.1501603504991,-22.6956799617875,-21.377417848353,-20.8459090527176,-20.5371709820514,-20.4250207465765,-21.1293785921829,-22.1705596768216,-22.7966835908207,-25.92581289958,-26.855925736361,-30.8201940524765,-34.2191574571427,-37.4086701485011,-45.6168198477775,-50.7251389479501,-62.3632480773109,-62.4384064495665,-47.4061655880559,-56.7349123941258,-50.5220318303989,-51.4574927931842,-51.6764920811111,-55.3885274960982,-61.4497408691675,-60.3787964219924,-55.9778285630496,-56.9852491799175,-50.3662274408433,-52.1517491681071,-49.1667854981295,-50.9400488046369,-50.1139004960262,-52.4011666995001
-37.1909933037635,-39.2540973245468,-44.1376837264475,-49.0364896873583,-71.7231741834341,-55.9541652779928,-50.3122986740014,-48.1476350489683,-48.8912134510061,-53.3565827608545,-46.2214394236305,-44.0186434634779,-52.4986389190392,-43.5166287638177,-49.2537378368179,-47.2125772221803,-45.8026937257119,-47.0678202312088,-46.0212258731379,-42.2461102155644,-37.7475923201945,-32.8270777092116,-29.8306816087916,-26.3321935900122,-24.1865761962745,-22.5177005801609,-21.1546798791315,-20.5150083313773,-20.0686028497063,-19.8904672555959,-20.7788824112817,-21.2024523056362,-22.395232267821,-24.931043835654,-26.0747996334062,-30.0215563767423,-33.1117728294541,-36.5486218319311,-43.8948170039916,-48.8444020791768,-51.5177638689681,-50.4443638484627,-49.1389532901208,-52.0984783557552,-49.2040789849721,-53.4217992398412,-49.8009959315256,-54.9345872900806,-54.4178135788374,-54.853719398625,-55.2102119275377,-52.9164551232091,-52.1661210202112,-51.0132625687745,-50.7731609305123,-50.8076789966079,-51.3503630846879,-52.6193273882444
-36.165834659902,-37.3687351923354,-41.5396264201783,-46.4641094017659,-50.005968806737,-56.6712844723156,-45.6611417448781,-45.6475759960115,-54.2252033094699,-52.9137270836772,-58.4641661106374,-46.5449081147045,-49.5807987881324,-48.8583180035959,-45.6810208526846,-60.1644111426017,-44.3018992999447,-45.8649449006502,-49.1969901149366,-49.0796018306846,-39.7899128996896,-34.4834722827958,-30.0165607082551,-26.7660688262578,-24.0763562910659,-22.3690823271401,-20.8875899280402,-20.139861167036,-19.5795196143485,-19.4524535366724,-20.3193067516239,-20.3761244673354,-22.0521434034401,-24.0008985618266,-25.3162174218866,-29.3626193346683,-31.8176635362325,-35.445579099662,-41.5739477692927,-44.8530502528137,-47.9226203332353,-46.5258109021557,-53.5314211116882,-48.4277690728028,-48.2550377572262,-55.4752558488798,-47.8780295086444,-55.7098846164649,-50.5061248818238,-52.9514054031444,-53.5545658783508,-51.0996211014839,-54.4471358288098,-50.5771909611187,-53.2951412925047,-50.8335455649508,-52.7269003792412,-52.5419717135982
-34.4511690886791,-35.7896506929694,-38.2681521739816,-43.7820441896202,-44.2833173066754,-47.9519552402397,-43.6610432628979,-44.5276658148865,-56.0807929474008,-43.4147296850538,-48.3357029148893,-45.1885695039349,-42.3133495779834,-46.6195402143721,-43.9803515813724,-52.2787248595053,-42.6430503499101,-46.1856625567208,-52.8184960132713,-57.059808468805,-42.0338553526726,-35.3540553075179,-29.9289264511359,-26.9477082657707,-23.7532455637409,-22.1065681618602,-20.518452394124,-19.6823306162863,-19.0907236015366,-19.0848695346493,-19.719069274465,-19.7731759081975,-21.7091753798749,-23.2138639514901,-24.6572348594141,-28.8277213447961,-30.7081236960948,-34.414047556118,-40.299165097849,-42.7995227094951,-46.8142525754123,-45.4568797290145,-60.9254322628964,-46.6653582824591,-48.0429878556899,-53.225565074887,-46.6772167553876,-55.2285538152915,-48.9202493813495,-52.5248690705238,-52.8689867995818,-51.0504415490359,-55.7912805277468,-51.4734892064548,-55.7554045702441,-51.5664003244029,-54.0186698764914,-52.4210579171709
-32.6882192717915,-34.4058811129128,-36.2936844666309,-40.5591539128998,-42.0325935420037,-42.6646395194108,-43.125110216821,-45.9295010964745,-50.2808857151162,-40.6633726191689,-43.7821699710674,-45.6077042746847,-40.2006883072029,-43.5198845088046,-46.9137888966529,-47.5366411356797,-42.1739996622827,-45.8379572842246,-47.7683860462441,-45.2990949682754,-40.7229031081851,-33.8852570103726,-29.3731055248922,-26.3162930354687,-23.235546139136,-21.5498018623548,-20.0434944721913,-19.1310504989255,-18.6248116479105,-18.7360312643854,-19.0462758908824,-19.399023115923,-21.3690738761085,-22.5570446406867,-24.2743035390842,-28.3483696991036,-30.0749699614561,-33.8747459139913,-40.1613402265499,-42.8267817931901,-47.4704662987064,-46.6909233530134,-52.1478783841892,-46.5261165798779,-48.9638516803369,-49.4464916042104,-46.6803399147273,-52.0233916000504,-48.6368523657748,-52.6918054256891,-53.4732765568132,-52.6787873979777,-56.9995910414823,-54.6299959356597,-55.903886542793,-53.5125995248518,-54.6444189196282,-52.3795827130926
-31.3069069300755,-33.106421481182,-35.5320668932906,-38.2094119533227,-41.4869255717178,-40.7406571350492,-43.5068962460564,-51.2844790887208,-47.681238749834,-41.415748248546,-43.7450405945749,-55.1433775650711,-41.4974474130627,-42.3508585546183,-53.1011727723658,-46.7832720970297,-41.8368651301282,-41.4900823783934,-41.8100130897528,-39.8835831784768,-35.9731921768775,-31.5128475856128,-27.9617889267673,-25.022997548893,-22.5239079830156,-20.693414729224,-19.4951533434682,-18.5304639708089,-18.1960741813174,-18.3631782594447,-18.4261026935501,-19.2088526926849,-21.053724562237,-21.9979622386697,-24.2319596352406,-27.9143530167664,-29.8814325331052,-33.9888951722022,-40.8335793304622,-44.9744394600207,-50.178594726222,-50.9840524751322,-47.2612987474268,-47.9983609487767,-50.8023603300391,-47.0473937687407,-48.2125627845769,-49.0743687200287,-49.0251439436866,-52.7895416046645,-53.8166932943435,-55.779730558581,-61.4238910733481,-64.324462416884,-55.1921667042467,-57.0436085753272,-53.792243152694,-52.3603978316003
-30.3607393202529,-32.026751475673,-35.4329101243242,-37.3676903837013,-41.5546823210717,-41.7055124241113,-45.3582332071935,-53.9281882881911,-45.267024494269,-46.0833783235931,-43.6551892936281,-47.1082693177039,-46.9343588144759,-40.4755987482646,-41.9084447795529,-46.4794161368064,-39.8209632386334,-37.5413844123914,-38.011529979045,-35.570215902342,-32.1696233424188,-29.2985616492928,-25.9678411627789,-23.6455324976849,-21.6373332952733,-19.7573752923605,-18.9201303544591,-17.9745545475639,-17.8156529541151,-17.9698305989829,-17.9748973010175,-19.1448304073672,-20.7685910637908,-21.5629318489158,-24.4136840813539,-27.5839454728888,-29.8527214463941,-34.5230341428337,-41.7414514264534,-48.8013592585015,-57.2042023477025,-65.5352960926017,-45.5083737486125,-51.5188302892923,-51.5003656570285,-46.0388955853369,-51.5934625516785,-47.2631595057492,-49.8531049522428,-52.3632260834788,-51.9769332584699,-57.1587116310165,-65.2405798111263,-59.2897639643966,-55.6002885752365,-57.8578751142816,-52.0018654069608,-52.1415472236167
-29.6441169322842,-31.3174893911449,-35.1435210793857,-38.0192072056758,-41.6763261148016,-46.3674623765998,-51.5057741077044,-46.9001121990785,-43.1717339044038,-61.6270928601487,-41.1492586528458,-40.2781752841058,-62.6762689338086,-38.5712563647269,-37.6572260570785,-45.1568787021295,-37.474135904565,-35.2725601995097,-35.2059995162094,-32.2706758341174,-29.618750049203,-27.367924794201,-24.1445414277822,-22.4964601713571,-20.7137168407525,-18.9973435759768,-18.3799704248213,-17.5650396955783,-17.5040127803368,-17.609816788521,-17.7598614858032,-19.1605575012045,-20.4970636288051,-21.3346862901376,-24.6132575619626,-27.3865324750872,-29.7557819239067,-34.869323423276,-42.1481864945979,-48.9942037103738,-65.1530303913387,-55.8666454961603,-46.212140882948,-57.6440697550882,-50.076093930472,-46.3616240669852,-54.9731065704819,-46.5881464115822,-51.2872865612555,-51.3787374159952,-49.9715812997375,-55.123822542483,-55.0858132423007,-52.2057789888048,-56.2054961497666,-53.0518666342216,-50.40203011998,-51.4408721682761
-28.8549484109802,-30.8922740657863,-34.2006169075286,-38.8889996127265,-42.0733203184968,-50.0458271848794,-55.0280132913786,-44.1296127435071,-42.7885713944783,-56.2075667154239,-40.4303718650024,-38.8027229322542,-53.248273965849,-38.4869387946295,-36.7316773198703,-42.9454775429079,-36.1982620672481,-34.2788738326165,-32.8508098750191,-30.0977323652193,-27.9605488681288,-25.8306134566152,-22.9235718886525,-21.6468559127502,-19.9759264466504,-18.5690798187397,-17.9597978309638,-17.3730128967337,-17.2981144217466,-17.3589208884985,-17.7891904041731,-19.2215165841789,-20.2236583525454,-21.37320636226,-24.7300178289031,-27.252387364529,-29.6523377300609,-34.7161641270764,-41.7295654645693,-46.3790219812014,-53.3432838765533,-50.4239157152862,-49.9431853072597,-55.6352524126231,-49.0623082346144,-48.320610517143,-52.5986820324422,-47.1528088265931,-53.0880443552621,-50.3312121321168,-49.3372893183362,-53.5808625142656,-50.514144565828,-49.6963840689442,-53.9189747411569,-49.5351617808289,-49.3940612544517,-50.1914400419769
-27.8790988995837,-30.3988995548505,-33.0464794671925,-37.2682696091931,-41.8194893921652,-43.6431677910785,-44.4916413069269,-43.6052963728088,-44.9677081438497,-61.8654002022843,-44.011531606392,-41.184959279501,-52.6612031377022,-41.2564443646427,-37.8071941241002,-39.9728124985491,-36.1133636327214,-33.8790176228874,-31.0109939289192,-28.9244927170864,-26.9359066460854,-24.8601763428639,-22.4092349708699,-21.137338786387,-19.6257525788175,-18.5323607772961,-17.7646183140385,-17.427029192867,-17.2465953511001,-17.2866311968745,-18.0196868649494,-19.2966316092503,-19.9770246485863,-21.6479569111602,-24.8438465240439,-27.0774486446836,-29.7423332095649,-34.5712922932007,-40.998599336181,-45.5593293955053,-50.5247208061468,-48.9955275965052,-60.2597119689786,-50.9689198018989,-49.518478944208,-53.0700699437575,-50.0367817722321,-49.3839925473958,-53.5679490726593,-49.8895888494925,-50.3159895332171,-52.376527681599,-48.526811803934,-49.4589837208685,-50.5030008612157,-47.7614019704758,-48.9038177202088,-48.7259954856381
-26.8998524339422,-29.5580374911489,-32.1106369097745,-34.7409275529788,-39.3624231694078,-40.8571526379709,-41.0183842809343,-44.3792879014617,-49.8391835195412,-48.1682111526084,-57.4743053324076,-48.6672008449466,-49.6064606286229,-46.9602774130213,-38.2328258791705,-37.349686697496,-36.7972015564322,-33.3328589844935,-29.8944018035392,-28.5187187528926,-26.4592254846364,-24.5904415986438,-22.5915396642839,-21.0800495434063,-19.8033471074921,-18.8983126563215,-17.9011240989942,-17.7203764178479,-17.3947712493282,-17.4414462666575,-18.3735163457079,-19.3601592359968,-19.8460248989442,-22.0444684938631,-25.0522704440254,-26.8682760429331,-30.0610817721834,-34.9688325630794,-40.7553052857681,-46.5819562403537,-50.9690344533377,-49.5292232174866,-56.2677723135872,-49.206784231632,-51.4413276056689,-68.8606303262178,-49.4371847364176,-54.7111664589352,-52.5494683376837,-50.5774074837445,-52.8485963965646,-50.7954597284956,-48.3342963873818,-50.56687755649,-48.2358178763692,-47.4461491534184,-48.693222284416,-47.5090242820998
-26.1529156039596,-28.5642172638099,-31.3713971950077,-33.3627330191413,-36.8146751525975,-39.9938323419477,-40.5145266013159,-46.2550077635377,-48.9877351867097,-41.4557011973048,-42.3972179510931,-45.9177083129021,-46.9256937391308,-43.4057088268102,-36.2779828915171,-35.7945308868419,-37.1539657414864,-32.4988871448925,-29.5539523440992,-28.6337067446854,-26.6049174377816,-25.1127940565184,-23.4880613228123,-21.6681438546406,-20.6027541132738,-19.6657046333929,-18.4508525595643,-18.2211764042875,-17.7666571083687,-17.839431776425,-18.7618541905937,-19.4034421396178,-19.9330277754629,-22.4519365260158,-25.296951269382,-26.7422817818374,-30.4277084651764,-35.8338358065341,-41.5369798681013,-49.1720576540341,-54.2612504779734,-51.861595203596,-51.2637720967537,-49.4954132720801,-54.070735252937,-58.6202178948719,-50.8217135616289,-73.772617098722,-52.1104050641917,-52.7847560754263,-56.1821520741803,-49.7863412727564,-49.8965135991364,-51.6416410570493,-47.5167696839767,-48.4726569690297,-48.5372336271672,-46.8405960664257
-25.7139211161717,-27.8390783061953,-30.717232744969,-33.2983202650076,-35.8196070517436,-39.6448550279847,-42.2720132989578,-49.7965223226651,-46.387505275218,-39.4841005738306,-38.9045867830951,-42.4485839447541,-50.6834712863555,-39.8345613038175,-34.7858149697818,-35.0108082029816,-35.9238385673742,-31.8116029359799,-29.8467120855258,-29.1179300518623,-27.5522516955041,-26.549490459522,-25.2725091390707,-23.1726384930699,-22.0800742129008,-20.8267445529699,-19.4286644008332,-18.8739132940222,-18.351231510946,-18.4489686450086,-19.1166517521047,-19.4506389768403,-20.2848455990524,-22.8462292437953,-25.3684393636989,-26.7484641063464,-30.6427557646994,-36.3626393504153,-43.0747601809641,-52.725366703679,-58.8077323631617,-57.4415275597001,-49.3340911701945,-50.7340839767578,-55.1759868304046,-54.8145161307352,-54.6289761529536,-55.5705539291668,-53.0514232618432,-56.4136608530077,-57.665367895411,-50.453243305595,-53.8643528591627,-51.9731107876436,-48.6592939851032,-50.5306860522411,-48.3688289590564,-46.8112698843901
-25.4739324771004,-27.6067402243371,-30.2991370771143,-34.0793683720263,-36.8365931014707,-39.8465136012434,-46.0262059826472,-52.4378993087337,-46.8748507654658,-41.359850999389,-39.9705988917056,-42.6928608935741,-53.9058632173062,-39.3063925489264,-34.6270793829367,-33.948569925946,-33.7010206413539,-31.5108387764584,-30.4683025346329,-29.9542726659911,-29.5440842039676,-29.226897147831,-28.5037410440644,-25.9723218521621,-24.1653125696998,-22.307742400729,-20.7063339964021,-19.5978035174066,-19.0981221249337,-19.1825934286047,-19.4264720675715,-19.5733310392146,-20.8618081553202,-23.252979298244,-25.1308831475247,-26.7635727515462,-30.6868909193057,-35.8927624166596,-42.7693266792257,-50.7935886729798,-55.1233665393756,-62.5481636808125,-47.0510764782896,-50.7049853789884,-54.6113829455172,-57.6946237446649,-56.1920457295338,-50.8910413580915,-55.3828201560236,-58.0161882717383,-56.4127369022084,-53.5568121691712,-63.622048477016,-53.3033996194452,-52.726086894773,-51.8539193056305,-48.2798137153711,-47.3010216870964
-25.2205898214213,-27.7413773427763,-30.3953881272936,-34.8788245364423,-40.301213360192,-41.9735183099591,-51.4094214744589,-48.1439031964028,-45.9940449789632,-50.2388357124889,-44.9068799136977,-40.8935813762793,-42.0601396026369,-40.6550326139839,-34.9109718566939,-32.1707118810206,-31.7040937346285,-31.403103273726,-31.0385963659109,-30.9907899179949,-32.6931935797755,-34.2693006563654,-35.1308944409512,-30.2150012940134,-26.2549761836378,-23.7876676213479,-21.935092073298,-20.3148417193684,-19.9297139683439,-19.9238574324983,-19.752257468873,-19.8830444121347,-21.5659364235786,-23.6446418266519,-24.7327617798128,-26.6536045753181,-30.659305371836,-34.9894844245412,-40.0476144416394,-45.5923847504154,-50.7718421302311,-53.159163829632,-44.9460766370425,-49.9016881506905,-54.8121220307772,-72.0742566406581,-50.3481974123187,-49.4089735758843,-58.4796356177182,-55.6734139167855,-54.0423081204145,-56.7773187558981,-66.4535668115962,-58.6806048933164,-60.4901404350662,-50.5982795199526,-48.3274347474563,-47.8897485307036
-24.7950741778598,-27.7292931659876,-30.9278315637205,-35.2958996426782,-44.6634383231443,-49.3969185576342,-58.0221618806708,-45.0715796695464,-42.4250955488492,-46.553130007039,-43.2754237279114,-37.9894974166322,-38.9013312493164,-42.5348694770247,-34.2753176899024,-30.4896647363726,-30.3040469029805,-31.0039813389984,-31.0995092448134,-31.3873963096091,-34.8338407805863,-43.8794796801589,-43.5116807348008,-31.6244193276104,-26.9042604381505,-24.5963559742901,-22.7275692546407,-21.0315442382953,-20.7811579417725,-20.6031836682372,-20.1998434747793,-20.4866939306045,-22.2978927873805,-23.9176620640828,-24.4639857879946,-26.5279225446361,-30.6507281985355,-34.3165541650624,-37.8274199096826,-42.3824183506796,-47.9732881635533,-49.0030502795033,-44.3919159003261,-50.9404199310295,-56.4831029474081,-52.7676143213303,-46.6821902454105,-49.8486583909596,-56.9772238901304,-52.8890451436711,-51.5190212777105,-52.7759401740647,-59.1486430730413,-63.508492622254,-52.3000491777753,-48.9211068202005,-48.3156630844064,-47.9243279851889
-24.192401962115,-27.076015090786,-30.9535303431108,-35.4781143146365,-42.2434641952652,-52.4658440966675,-50.0913308908583,-44.029848646801,-40.9037939881429,-41.0593678173413,-39.9856848814382,-37.7164427366508,-39.5768232215569,-41.0478501652766,-32.8666769507119,-29.4151016233749,-29.2728231728331,-29.8907087800793,-30.1136241798967,-30.2118503154633,-32.0170113031773,-34.1066073461693,-31.9921606568239,-28.2819955700798,-26.0429827478472,-24.496360520767,-23.1732871797659,-21.9093528581038,-21.6632430124966,-21.2652591589182,-20.8672729962457,-21.4207331301984,-22.9723305050776,-23.9874354033648,-24.4943371876894,-26.6626753456679,-30.7432890018142,-33.9654193838807,-36.7732855570366,-41.1446716946872,-46.6681041610542,-47.4044442379192,-46.1312631786702,-55.3133652046709,-55.1303770448794,-47.4492311735533,-45.2681708206569,-51.9999261084023,-51.623338224706,-50.0131438013433,-49.5526853893279,-49.7972681441485,-56.2376055724516,-52.36791663758,-47.7686796001306,-48.1104677005022,-47.8976670172207,-47.229094077773
-23.4599629005586,-25.9801815794271,-29.6656545406608,-34.6338488824025,-39.7602600844439,-43.6844630723574,-44.8310931456526,-44.2665164494427,-42.6123875246364,-41.4061519015977,-40.4190561591347,-39.2174666096421,-39.0990946879918,-36.2261721849116,-31.4845800787645,-28.7371745426822,-28.0890937982918,-28.0945610183684,-28.1448468655741,-28.142825045296,-28.5179144894016,-28.5287476648227,-27.8021381160166,-26.0714701360107,-25.2759860861967,-24.3175340315685,-23.8538872838922,-23.2346040021853,-22.6875929684129,-22.0397188065136,-21.7969559409461,-22.5846478432944,-23.5048647224726,-23.9156690590245,-24.8054882989633,-27.2213758342098,-30.9872840782546,-33.7549154241941,-36.4907397585602,-41.5852102076012,-47.4643036166763,-47.8603867352198,-51.7926777578928,-53.9138235112843,-50.239370917606,-45.1884761397058,-45.8438139806509,-53.8883082714499,-47.8086182555047,-47.6766927279717,-48.3937749267955,-48.9181552339147,-51.7461867212286,-47.9749564312311,-46.1990569247899,-48.0047535333447,-47.1557778238147,-46.4162419683626
-22.5564328875017,-24.8870859910684,-28.0030790794771,-32.5436844344412,-38.3373082494782,-42.4821252675514,-43.8393618411261,-45.7675356109412,-50.4462575145411,-44.9160995297132,-39.6227256244094,-35.9984598514008,-33.8937570865208,-32.3247347998832,-30.1778481687962,-27.8421664359377,-26.4272228621044,-25.9908999346466,-25.8908152841033,-26.0840078758513,-26.0031666449074,-25.599345883908,-25.8631363099193,-25.4776872165261,-25.5472670188505,-25.0804281354635,-25.4528208285758,-25.3140264759972,-23.9658390832472,-23.0177576380387,-22.9267263146676,-23.7151640252558,-23.8903625050947,-23.9376571593918,-25.3113337958406,-28.1279282989854,-31.292142227632,-33.4731412832716,-36.2054616954427,-42.7088838714182,-51.8059437790838,-51.3495176946442,-59.2817515140631,-48.1805085362727,-46.9907510050967,-44.7804446844645,-48.7574091285717,-50.8570250676041,-45.8587187016067,-46.5553162873683,-48.0622401922497,-49.039425294094,-47.7961515410135,-46.0014373111309,-46.4346123448297,-48.0727416188207,-46.6714627545592,-46.1590851765524
-21.3912926589647,-23.8135511227916,-26.7454295837525,-30.6244679618728,-36.3908447494367,-44.2059961643788,-48.0959157035121,-50.5663071542797,-52.8628489114666,-41.5034169366608,-35.5722810654107,-32.0420329784617,-30.4265979549715,-29.8300301258239,-28.5896739676726,-26.2889295354801,-24.4707748950177,-23.897336149301,-23.761561844993,-24.1738123872926,-24.1889397677765,-24.0288440724367,-25.0077868226517,-26.2139660533983,-27.4271835808278,-27.8887409787873,-28.9067824429167,-28.1469847264941,-25.336059542199,-24.1010134121563,-24.0556215545865,-24.5488387988927,-24.3119319946088,-24.3714517954008,-26.0629153384942,-29.1134563561213,-31.3702537061908,-32.9411450918792,-35.2839789270383,-41.6546678253515,-52.1355926302807,-70.3929726415843,-48.7441051154713,-45.6825135246984,-45.764324583857,-45.9927509558743,-55.1757033412921,-47.6524926781002,-45.7071638544673,-46.9622788387166,-48.5057107179021,-48.9330891037329,-45.5314407043926,-45.4871761420667,-47.8408239660967,-47.9887014892692,-46.9591670040501,-46.9108119571312
-19.9816095176278,-22.4767175709326,-25.5936651427842,-29.2795013474691,-34.1784047132057,-41.4418317602091,-49.7064692514316,-50.647837551062,-44.3222523685372,-38.3260691863611,-33.6777394185116,-30.5531150948008,-28.973817533881,-28.0977678842199,-26.5176075737263,-24.2847521232512,-22.5394463000549,-21.9234193474942,-21.7493097054078,-22.2111575619924,-22.5675526038134,-23.0771574310876,-24.4784356616177,-27.5763248226764,-31.5316595000086,-36.7365117382474,-35.5100217206176,-29.7929950825,-26.1282124952479,-24.9913216306795,-25.0146606467962,-25.2167885870696,-25.1191599618199,-25.5432977486209,-27.2870562279846,-29.8302978347714,-30.8949506855064,-32.051183158791,-33.8739277953986,-38.7991846617134,-44.5010934128506,-51.0733845800604,-44.5656088917333,-45.3684725219828,-46.4034392712928,-49.0930543244216,-56.8072749734803,-46.5174871853022,-47.6505994826892,-49.0464930522207,-49.3943180705594,-48.2511561515693,-44.8598981864247,-46.0816705780228,-49.4453113510307,-47.9265384936633,-48.2141205120711,-49.092942835642
-18.4725240067223,-20.8122752396704,-23.9174106178146,-27.6586338920145,-31.8672962424762,-36.3252361922462,-39.4858442187678,-41.1934422464021,-41.9241813799851,-39.2893393461877,-34.9314907960489,-31.1818586559069,-28.5063844226435,-26.4241994089846,-24.3143288925576,-22.3139575365092,-20.7749224474626,-20.0228035447295,-19.7083445910233,-20.0043546341739,-20.5864075105786,-21.7194283601234,-23.2317316644589,-26.6082082853955,-31.0700914892225,-34.3018450174299,-31.0076669608029,-27.7677223987053,-25.9378334685361,-25.6378476351946,-26.1377468049907,-26.4529377157319,-26.8660139464434,-27.8244941645807,-29.023771400612,-29.8051776506151,-29.8058197527737,-30.87099094565,-32.4343363083758,-36.4923658296887,-40.6068857981833,-44.8278984762629,-42.6109385917484,-46.475409609731,-48.8370986950577,-55.145228563747,-52.4747579560581,-47.7256066075293,-53.1790752792166,-52.1243342178585,-49.7814492801444,-47.5836780193448,-45.5695514156425,-47.4806247626148,-49.8816539530116,-48.0845850294208,-50.0325887107825,-53.1746441547484
-17.0037875473067,-19.0910579112839,-21.8355641699298,-25.2513213934983,-29.0437979971041,-32.562532860213,-34.8300818511847,-36.4409817838157,-39.5266999085858,-45.6885596064768,-40.1825482561717,-32.4547672822106,-27.8393898565785,-24.8081756337537,-22.4954246499094,-20.6354770451008,-19.1278391327015,-18.0907136029916,-17.5557934507063,-17.5549921231519,-18.0488665004456,-19.1715842009697,-20.5168875116037,-22.3859910441738,-24.20549499226,-24.7551515908087,-24.6431486724178,-24.7737574362661,-25.2784205528656,-26.5036953131672,-28.4833312978416,-29.8611676572293,-30.8912789942623,-31.4173586665435,-30.0159450791013,-28.6342240235959,-28.3599998525914,-29.6218769404779,-31.2198107030816,-35.0545489926417,-38.8955805155524,-42.3607329428044,-42.1138005165034,-48.4780813639179,-52.6382259932084,-69.4502300587747,-52.069675932157,-51.8107895809555,-77.2074387597095,-52.5187527551397,-49.1087786656141,-47.3077193643199,-47.3475806154535,-48.8030959710938,-48.7991919835602,-48.1912575554292,-50.8615936871915,-56.5742573977122
-15.6273444757663,-17.5482349173873,-19.93423542245,-22.8470652486873,-26.2366595121867,-29.7341210812479,-32.4094357179725,-34.1926975238925,-36.8521809139202,-42.6244571550296,-40.8427272691095,-31.9541197407132,-26.9292472951291,-23.6556241549013,-21.1699341796869,-19.1504617494474,-17.4301195987031,-16.0741582801651,-15.3335836058823,-15.0332400040511,-15.2510534429082,-15.9423967857009,-16.9646071166811,-17.9434781958243,-19.0097535714968,-19.7648464651823,-20.4953011500205,-21.8281877910753,-23.9046099808253,-26.9289552370983,-32.2097344021087,-44.469427543571,-38.8417938651938,-31.6481542791746,-28.1629749669489,-26.6826013184975,-26.8635050735657,-28.4860422912189,-30.3075390218291,-34.2077774323882,-38.5006165423834,-42.1280808005736,-43.3162468013095,-52.3058024522435,-56.489579641153,-65.5028488219795,-52.4680115334777,-52.9340518894231,-53.2562299266426,-50.7539042011306,-48.1844681900619,-47.4524919477849,-49.3204969437527,-48.6011122782002,-47.0622739825969,-47.8106596623976,-50.0701257143351,-53.3392269602315
-14.3258905850244,-16.202753749749,-18.4476599612419,-21.0798256495824,-24.2010357354012,-27.8130015135308,-31.4266965134875,-34.091478926138,-36.1671868279786,-37.9738572527924,-36.251750825068,-30.8582816422243,-26.266373924766,-22.7698331837708,-19.9028420781812,-17.5391920208064,-15.5749120464241,-14.038510776996,-13.1569244338871,-12.6200951272338,-12.5440328646077,-12.8048943515578,-13.4651492871584,-14.0949275233576,-14.9022714376199,-15.8758670684164,-16.9802197946616,-18.5227810428717,-20.7259682545727,-23.5006771615629,-26.5892224885963,-28.6393760292245,-27.9710252247434,-26.1950462341318,-24.9646046625427,-24.6168785973032,-25.4619281539996,-27.4694265670718,-29.6142876922772,-33.5961196242045,-38.5770445604849,-43.7590443120907,-47.1046363912654,-68.7452151279764,-57.1928249201285,-55.918276758609,-48.9655385900441,-47.805600462215,-49.2773200451733,-49.7355433441101,-47.483918736098,-47.6197036556783,-49.4989169695788,-47.2288232888692,-45.6568976941677,-47.2180006009041,-49.1854633884646,-50.4772746135901
-13.0609747622208,-14.9307157396258,-17.2075877462177,-19.8834127955772,-23.0571421850089,-26.9625391914282,-31.9020263706584,-37.2681269770553,-39.6188376444361,-37.5903904077862,-34.0722495636984,-29.3615067194894,-24.9169897944655,-21.2502232754929,-18.1887169937015,-15.695538663242,-13.6795207279291,-12.1222382207622,-11.1353740410144,-10.4215627033805,-10.1008502441383,-10.0539899466358,-10.384906522748,-10.8333354910583,-11.4699362301024,-12.4218818097077,-13.585741572642,-14.9506473024561,-16.6021595108912,-18.3978528884009,-19.982946535984,-21.0206395926453,-21.5069237734418,-21.728945444991,-22.0550281384547,-22.7312337247351,-24.1481477443691,-26.4265974560452,-28.8660348560698,-32.7537722477075,-37.8593982546866,-45.2569866489663,-49.531629917306,-50.7387986956039,-51.0003283523177,-49.2016877744406,-45.5015058596021,-45.4371396921248,-48.3796577004743,-48.8871818114916,-46.7635993846124,-47.063953981216,-47.6564077990565,-46.1163691114186,-45.2635165508424,-47.1526354285193,-48.8168585510835,-48.9596740461385
-11.8024010495171,-13.5980882668149,-15.8738722614817,-18.6880110326505,-22.1313298594407,-26.545629223004,-32.869709127369,-44.1788367038875,-40.8049476381737,-34.2277626012062,-30.0432408775379,-26.0449944420692,-22.3286428480999,-19.0934856374983,-16.2829322679546,-13.9235640786219,-11.9813629110338,-10.4418958643196,-9.33539366655074,-8.48139813281464,-7.97525032067542,-7.7326109546402,-7.80377055685741,-8.11351898850372,-8.60920163713521,-9.40233192227773,-10.4416772137866,-11.6013127232629,-12.8645360403488,-14.215372039466,-15.5135606477223,-16.616436909523,-17.5821267719405,-18.5868044318443,-19.7224245230333,-21.0892649735789,-22.892090196994,-25.2447381907522,-27.8007273514903,-31.3011495504769,-35.7062868056571,-41.6600073709269,-42.9189615831946,-44.1616233459992,-46.2708303676778,-45.2675248603223,-43.9463763434142,-45.4953042846188,-48.2126061500522,-47.2156107193828,-46.0454350483933,-46.2067034871292,-46.1651356355722,-46.0797846508369,-46.3866658031814,-47.965424702867,-48.4720489627374,-47.9682345109712
-10.5367926681922,-12.1553251453277,-14.247497320946,-16.9080425861204,-20.2023530684129,-24.2686991011049,-28.7397156592531,-31.2385859045405,-30.4606281367271,-28.3647278995035,-25.8126555593141,-22.9581550274891,-20.0929424088281,-17.3700959975923,-14.8259063215347,-12.566852214135,-10.6389536981201,-9.04784187596694,-7.78816508673737,-6.81885629913363,-6.17882186954879,-5.81730805258729,-5.70843985564763,-5.90083969889506,-6.29109031284439,-6.9183784178158,-7.79113079568031,-8.80762909363566,-9.90566536588145,-11.1132276738337,-12.3982848327979,-13.6821741381432,-14.9784133489675,-16.3969065123778,-17.9530463264555,-19.7139167321698,-21.7213267603146,-24.0019253294127,-26.520284302452,-29.5029864139195,-33.1495854123932,-37.3849757462604,-38.777744580057,-41.3869393256824,-44.1108077930958,-43.5611801459152,-44.1142751006725,-46.7574719508981,-46.2967508564257,-45.0804425611315,-45.7484372791857,-46.5435659371191,-46.6390935990676,-48.033064756539,-49.641779758464,-48.7448438895671,-47.3941872492279,-46.990506922102
-9.27294060927925,-10.641748328749,-12.4209696243588,-14.6528200272326,-17.3157471921741,-20.3078980301414,-23.0658215928519,-24.6159015525026,-24.9884247414639,-24.5503534381705,-23.4028568196711,-21.594228609425,-19.2957479225899,-16.73425800312,-14.1360478029258,-11.7421357129174,-9.67501917483127,-7.94142066019095,-6.51440701751311,-5.45054788158579,-4.71144380182403,-4.27202267357383,-4.05379138826137,-4.15338616562235,-4.4803703724317,-5.00453552870165,-5.75656952641721,-6.69824706389714,-7.76437781607644,-8.962450274402,-10.2949124686886,-11.7305365536169,-13.2574462817402,-14.9094948061093,-16.663372219093,-18.5818495719655,-20.6494901326619,-22.8403865203963,-25.3514671512414,-28.0075038455884,-31.3164296277381,-34.972828254217,-37.2322026436311,-41.4466465520313,-44.3363691668313,-43.4894394215353,-44.8708670909878,-45.4616843500938,-43.1395531888218,-43.0325229618211,-45.6489370656451,-49.3695896893416,-51.3469926292454,-54.9968353783803,-52.6591505850419,-47.2554197565329,-45.662444328452,-45.9371741929654
-8.04714289394361,-9.13695873999023,-10.5936459512776,-12.4011818610775,-14.4998427518658,-16.7794002728518,-18.9748834121763,-20.6343158805084,-21.8092732299672,-22.6308884951249,-23.0403493275362,-22.4967335845926,-20.375007446029,-17.2881083073115,-14.1390199737836,-11.3542639464418,-9.03210142571737,-7.11711094418097,-5.53934450136943,-4.39069104476509,-3.5640303328734,-3.05663966801666,-2.77958858348276,-2.81552810972433,-3.12194496909876,-3.63109748281326,-4.3559222602503,-5.30493498816538,-6.43350888923896,-7.70752762508479,-9.11307394125893,-10.6389913280888,-12.2686452538162,-13.9770919697459,-15.7255137705574,-17.5756787435398,-19.5569596627879,-21.6974938023517,-24.3525374676311,-27.086683355825,-30.6746092392146,-34.9106118966561,-38.9727517869886,-47.2235146293723,-44.9508359883311,-42.3400164865837,-42.1255609130308,-40.9955016618293,-39.9561490018035,-40.8524248868083,-44.0461357457197,-50.0151881595858,-57.7633122481769,-53.1687342453541,-47.6558829244976,-44.688568227744,-44.1681362874332,-45.133545404151
-6.91767693504482,-7.72686354155366,-8.90088221962701,-10.3994384927386,-12.1614939178169,-14.1194736545322,-16.1882030933864,-18.1298961720258,-20.0373503116307,-22.1660344598498,-24.890369982518,-27.0180830970635,-23.5330930051087,-18.5057175491623,-14.4413229968159,-11.2289969188221,-8.66685771222074,-6.59092874926545,-4.88456552315215,-3.63721907264507,-2.71173096456818,-2.1258820792,-1.81756693814093,-1.81992091468039,-2.14300017208441,-2.72364845984592,-3.54008219210664,-4.61114894277626,-5.9165501227336,-7.38048610311124,-8.9248306047101,-10.4971161311355,-12.0597643639129,-13.5631784105933,-15.0163379731057,-16.525301708557,-18.2141485497907,-20.223480162842,-22.9959255208438,-26.0290324333934,-30.3452188221903,-36.8435798675292,-45.6273554993288,-43.18069168398,-38.2551931230595,-36.8998712906132,-36.3830599441337,-36.0175553623582,-36.3203754104002,-37.7579825025255,-40.1741316818803,-42.7886131896089,-44.2620879454765,-44.1288505527351,-43.3990416773138,-43.0625694783566,-43.7542006557792,-45.358791290982
-5.94939225342913,-6.49328524698954,-7.41639368636335,-8.68247886105097,-10.2463372209276,-12.0825359704752,-14.1967255746504,-16.4851131487482,-19.0979917344591,-22.5257747287775,-28.4435336185123,-48.8061266614979,-25.6504049375305,-19.0509346763335,-14.6913218376365,-11.3284095723438,-8.6114932171506,-6.38392236508125,-4.53788754158029,-3.15302430792463,-2.10766502276889,-1.42966097338614,-1.099769749027,-1.09449631030112,-1.4578829927901,-2.16766047590777,-3.18883326644022,-4.53103027710178,-6.19751438674477,-8.0884273436782,-9.98988262927725,-11.635283711376,-12.8607871178066,-13.7068490951714,-14.4435992203193,-15.3205581408497,-16.5058458247547,-18.1508327703811,-20.6178749847378,-23.3354768573809,-26.9297696122075,-31.0974982896285,-32.4332141327359,-31.7006418572665,-31.109370248219,-30.9713358406214,-30.9754776077398,-31.2500244260902,-32.1568239121373,-33.7129118981514,-35.5986447686814,-37.2443767975776,-38.4672664446392,-39.4779341938429,-40.6169513078231,-42.4245199004992,-44.9764792949464,-48.1956914140208
-5.20216229991273,-5.51009222984941,-6.19848126130571,-7.24605949353449,-8.62984959139945,-10.35835481008,-12.48895452674,-15.0119415140836,-18.0598776577994,-21.9648868818182,-26.6300804747103,-27.5132106139045,-23.3175496097499,-19.0413756964911,-15.2370244185611,-11.8464617853463,-8.91285506213805,-6.44981189311998,-4.41241685211845,-2.85396148479421,-1.68568300392116,-0.91967878056232,-0.570831718701006,-0.574472247824963,-0.979178168883167,-1.81580984781011,-3.08349098252784,-4.81358973212548,-7.08100711734611,-9.9038251313755,-12.9530560793832,-14.9936159903762,-15.0538685671208,-14.2996499351098,-13.8575393667092,-13.9542466878061,-14.5752190140951,-15.7236944390434,-17.5683637559444,-19.5156810468397,-21.7926936064327,-23.890914152447,-24.8029571894661,-25.2706176115126,-25.7032238115374,-26.0898129413009,-26.4743646201893,-27.0860389046479,-28.1773101843974,-29.6591273083294,-31.3305475521927,-32.9060805358396,-34.3679715559605,-35.9540302285186,-37.8709477800385,-40.8662615645812,-45.3889381747822,-53.0204494437887
-4.73021970001884,-4.84125059859787,-5.30779870435602,-6.12259060151896,-7.27924804664212,-8.79547801057454,-10.7398651585546,-13.1269145595057,-15.9340789613152,-19.036748136258,-21.7012317067294,-23.0129121701696,-22.9168204722741,-20.8584215695529,-16.9901833505572,-12.9011758417314,-9.40262130919795,-6.57238736129974,-4.32959352592482,-2.62561961442558,-1.38080760218516,-0.563597820839327,-0.201864802176096,-0.218322585429466,-0.640173443558864,-1.52936040344606,-2.93807002313105,-4.95189676260876,-7.77608227834247,-11.907384423145,-18.7258371502905,-25.3606742708832,-18.0378691297405,-14.5135423519268,-12.9684602275625,-12.4787978538403,-12.6773693567441,-13.4047473652292,-14.6745035475053,-16.039352793665,-17.5837377998033,-18.9768372727603,-19.9576079959205,-20.8434755117629,-21.6176470849588,-22.2522782152384,-22.8873291382777,-23.7097396934362,-24.8534200910299,-26.2217077037743,-27.7302220105053,-29.2704219123503,-30.8343179188356,-32.5718774004931,-34.4884805385947,-36.964577548957,-39.8423604445499,-42.3573843753735
-4.58795138733694,-4.5425450448452,-4.80448074505123,-5.37702501684876,-6.26188834380093,-7.46283633965503,-9.02715145671186,-10.9580014309298,-13.131738452732,-15.4084683294031,-17.726034997102,-20.5299937257453,-25.450836141083,-30.3706455857901,-19.7943254980697,-13.5863631916491,-9.43492961267071,-6.3864056485846,-4.10246139803473,-2.38772025002363,-1.16509480767256,-0.361286183588655,0,-0.0221052263585114,-0.422448882950432,-1.25407637161549,-2.5852269235622,-4.49627681626381,-7.13487875242763,-10.81103563173,-15.9227960785364,-19.2040505043331,-15.9072165072176,-13.1028649412318,-11.6051612511316,-11.0014025881207,-11.0188918611457,-11.4902643613297,-12.3556806637076,-13.3830300246951,-14.5492241368651,-15.6348005650116,-16.6713670726558,-17.7034512038616,-18.5933744147965,-19.3616071986535,-20.1711212899801,-21.1413050254063,-22.3007812626179,-23.5680710258053,-24.923240594816,-26.3445979030242,-27.8349111656472,-29.4637042282079,-31.1304007103744,-32.8951137057828,-34.5681627541022,-35.8531086557469
-4.83545334972938,-4.66625383055547,-4.74393239846806,-5.0802164432234,-5.68064693631993,-6.53039117351882,-7.65034807165316,-9.05546106025393,-10.6384833472057,-12.3582998866393,-14.3494394750134,-16.9600279555177,-20.7028555028797,-22.5352916452078,-17.0301273127506,-12.0610743133599,-8.44985879891931,-5.74094846274478,-3.71371286233539,-2.16722962748538,-1.07428723648104,-0.352017667292825,-0.00840635885206269,-0.0240491976155792,-0.368509447111584,-1.06023441354114,-2.14384209283046,-3.6457646844832,-5.56468605298567,-7.82514807149056,-10.106375114003,-11.5349347816376,-11.5047112586804,-10.7519959824086,-10.0452397032773,-9.69577535933266,-9.73838626894499,-10.1070215738502,-10.7266662164896,-11.5714848671109,-12.5269685654533,-13.4544605241701,-14.5118707169821,-15.571597622161,-16.4943488472785,-17.3484862652101,-18.2813237401002,-19.3482835404693,-20.5069678433663,-21.6993863480865,-22.9335421026616,-24.2223009269859,-25.5824953812424,-27.0303570994332,-28.4635330908096,-29.8121128872833,-30.9697581684335,-31.8779851689117
-5.5414188417385,-5.26671484762223,-5.17793914303563,-5.29398986980719,-5.62362340586627,-6.14186277449158,-6.8469961070116,-7.7805210187493,-8.88596329043637,-10.1486251152523,-11.6109717661936,-13.1893525890327,-14.4314161170712,-14.201000157751,-12.1191680866503,-9.45017103429244,-6.99435610495108,-4.95333056973997,-3.36256110553948,-2.09741317025913,-1.2003283358257,-0.606797299665794,-0.297222119725955,-0.296422202579053,-0.567615893637761,-1.0959481537935,-1.89547805633484,-2.9623278370165,-4.25287994865855,-5.65931753498819,-7.01702363109681,-8.07441832137143,-8.63875504609716,-8.79416672977694,-8.75371375691666,-8.75616518222542,-8.93530505963946,-9.30789008971213,-9.80605469680697,-10.556329278525,-11.3867912309589,-12.23235394619,-13.2815561196184,-14.3139807350462,-15.244747735121,-16.1672315908348,-17.1839608196435,-18.2988209081265,-19.4415097477365,-20.5860575033378,-21.7485982769367,-22.9478744006936,-24.1987297913358,-25.4748993879128,-26.7111378300857,-27.8047409559001,-28.6998093703182,-29.4315443396263
-6.78504167964654,-6.40579695192058,-6.15958039748745,-6.07103124502263,-6.15304025824633,-6.38310243058706,-6.73683675974307,-7.26942941360637,-7.97086318103341,-8.80786623087087,-9.71058617972506,-10.4660161024349,-10.7600024184586,-10.2810090707088,-9.06653452400104,-7.49669239105449,-5.89748840721403,-4.46773292494216,-3.3104482793061,-2.34793779975465,-1.6598983027725,-1.21266576015157,-0.95117552620767,-0.930670267190867,-1.12851311881852,-1.51401368997507,-2.0794727613458,-2.81758631122702,-3.69765466000881,-4.65206509944186,-5.60895961743458,-6.48238603830653,-7.17983299556414,-7.68506867585769,-8.04080231595464,-8.34221436598963,-8.68927833648168,-9.12664069367579,-9.59791495819034,-10.3016699722479,-11.0550224793739,-11.8662025739042,-12.8817869967873,-13.8630386418719,-14.8026887101109,-15.7893036174428,-16.8584567413781,-17.9785453378395,-19.0923005926571,-20.2130599096745,-21.355304863389,-22.527477382045,-23.7152424733773,-24.851463738293,-25.9140864336003,-26.8188655578545,-27.5495428292907,-28.1693266310171
-8.65980638466557,-8.15853594888597,-7.74932577978703,-7.46133802259041,-7.31388894425188,-7.30024045114454,-7.3722413515269,-7.56642028460415,-7.90837260650799,-8.34326498367548,-8.75446675808136,-8.98203964173067,-8.89056385171332,-8.40292126152594,-7.58869634287225,-6.58938825629747,-5.54007862515423,-4.56755918009696,-3.75937467622431,-3.07011686014996,-2.56946161446366,-2.2605398269243,-2.05989599556484,-2.02475357697033,-2.16018217930884,-2.43969784186115,-2.84336406196925,-3.36791778807087,-3.99936264859943,-4.70168312924518,-5.43604941052282,-6.17501453378951,-6.86963271684375,-7.49128293220501,-8.05330949674245,-8.56636587560057,-9.06912165087735,-9.5990800981118,-10.1160299854286,-10.7986633329078,-11.5050691162714,-12.3149088066373,-13.2705774456028,-14.190689081074,-15.1469516274274,-16.1952108846138,-17.2937751929894,-18.3947714593667,-19.4819456878274,-20.6037298394531,-21.7644981690234,-22.9562504765754,-24.1185046063242,-25.154860708948,-26.0811956621343,-26.850004047871,-27.4747697520122,-27.9995771901693
-11.2809279674733,-10.6190572217225,-10.0202601043201,-9.51875449516015,-9.14484550658644,-8.9202306186186,-8.77921973813919,-8.69635493497807,-8.71602536727062,-8.78053542293421,-8.7892886284848,-8.67950941213807,-8.40790730149773,-7.95706657601187,-7.38036683132976,-6.72339356283818,-6.04019418561629,-5.39977479198928,-4.84922133717581,-4.3908090929397,-4.04094835233794,-3.84215314992616,-3.71304863865081,-3.67669745990118,-3.7673944327832,-3.97776331285578,-4.28372001679714,-4.68418524687962,-5.17346130917872,-5.73350154893935,-6.32960044746836,-6.95603414968997,-7.59306373716281,-8.22099999246616,-8.86829416234446,-9.51093057956988,-10.1377379129582,-10.7676571609291,-11.3888380412258,-12.0681516755335,-12.7563537712103,-13.5911317753081,-14.4547035074874,-15.3004778045267,-16.2652006560567,-17.3568265024283,-18.4730609388265,-19.5746265658429,-20.6854368045161,-21.8530955308838,-23.0459250316419,-24.2384763724247,-25.3530673626715,-26.3282551534691,-27.2196288066273,-27.9837959500667,-28.6026609808869,-29.0245286930654
-14.7938571990366,-13.9025690651338,-13.0577697723311,-12.3029334068777,-11.6848538703464,-11.2613952537538,-10.9725664291816,-10.6896123916721,-10.4384915313052,-10.1804052014302,-9.8692095431691,-9.52667555712781,-9.1466439684539,-8.72535315889142,-8.29809254946026,-7.86723227602662,-7.4497966455412,-7.06577289672052,-6.70384633331354,-6.43689756960105,-6.19477116579461,-6.0551303391044,-5.99799923927331,-5.98147788598363,-6.05544660864623,-6.23510178898835,-6.49610788588435,-6.83362897823703,-7.2460083385681,-7.72927720939525,-8.2430428529745,-8.78049410315662,-9.34198179832366,-9.92004634397583,-10.5644366552057,-11.2539291689414,-11.9532296829887,-12.6717313251871,-13.4496422569246,-14.1606586216782,-14.8898177748436,-15.7856957065128,-16.5123366867896,-17.2350964782758,-18.1358975307159,-19.1948584272623,-20.3273315676477,-21.5428201193993,-22.8574172588851,-24.2070967656495,-25.4140857593088,-26.4185651134754,-27.2794214869037,-28.1730223252524,-29.2572001744256,-30.4174221187458,-31.382489916857,-31.6840357221447
-19.3560502817642,-18.1160630702773,-16.9342521714595,-15.8668078046602,-14.9715946863986,-14.3341752963503,-13.950335122054,-13.5829891561732,-13.1604455194641,-12.6633597923046,-12.1086678645161,-11.5738354032651,-11.0774376702652,-10.6377727810683,-10.2859506212257,-10.0162956502567,-9.82950431583254,-9.68864374334484,-9.49088371972768,-9.38056007995719,-9.18762676915522,-9.01281432918311,-8.99288554769528,-9.02088169225505,-9.13351798105839,-9.34927670684575,-9.62857912104671,-9.94028559282633,-10.2902404757834,-10.7107360517841,-11.1810410795371,-11.6791512191539,-12.2033465164733,-12.7301887784935,-13.2947318296779,-13.9095129404998,-14.5643128140282,-15.3062772079779,-16.2837959536687,-17.1355221759754,-18.0926886962008,-19.167888438573,-19.6865304442736,-20.1131458030984,-20.6917341900899,-21.4880611041701,-22.6083021182521,-24.1888090209044,-26.2239254581445,-28.309880194964,-29.5118455426659,-29.6333911159669,-29.5930693887098,-30.1510889626615,-31.6377847408714,-34.1474454598029,-37.2925978462159,-37.5977763122823
-24.9052759023181,-23.1683348978922,-21.5886485826694,-20.1981341435849,-19.0193872206893,-18.1298794120135,-17.6676871393614,-17.398489255194,-17.0267976591333,-16.4726758142263,-15.7601476748247,-14.9898079463829,-14.2582721920299,-13.6767275256494,-13.3058567271475,-13.1710863222582,-13.2705767462462,-13.4816291300951,-13.5304246700785,-13.5363129105849,-13.2649911591106,-12.8496236865759,-12.7364710001888,-12.8185338053993,-13.0892757919151,-13.5196634304043,-13.9802778184109,-14.3034197823137,-14.4902512257689,-14.7116453180426,-15.1030427673035,-15.6642014070526,-16.3562177034604,-17.0152806514621,-17.4666960809484,-17.7437747990512,-18.0077661406124,-18.5055322785238,-19.6249496606982,-20.8779738650068,-22.7043701990816,-24.6024697304853,-24.7599145868595,-24.2019079595121,-23.7061714206107,-23.7460195458771,-24.6655038315333,-26.7147977261022,-30.3109377766719,-36.0306820971952,-37.9316493975805,-33.8003654092282,-31.672791086319,-31.3935769180843,-32.6698038073988,-35.8407849090866,-43.0653801989324,-45.9870495837191
-30.1280671392234,-28.1986948701618,-26.5225991080666,-25.0488330913076,-23.7250570866396,-22.5746466686102,-21.9828357728275,-22.0838741299018,-22.3126768235505,-22.2092882024738,-21.4211877360251,-20.0859919936037,-18.7233260847745,-17.7294820221624,-17.2010313454186,-17.2276542893465,-17.8468721274962,-18.8685429280404,-19.659230170286,-19.679108671833,-18.8487556913685,-17.6578665459261,-17.1195072957296,-17.1861453158038,-17.8087084654919,-18.9414133390825,-20.2664113175077,-20.8679348580135,-20.3797103625155,-19.7047542707322,-19.649955927146,-20.3396518214385,-21.7961002902518,-23.7006220140694,-24.6063208556625,-23.6371701298767,-22.3080479003514,-21.732813906779,-22.4706093721893,-24.1000735554309,-27.8649063165902,-36.0263142450343,-35.142671305424,-29.2103234166502,-26.2960852410323,-25.2212744694538,-25.6141510584345,-27.3474559419574,-30.702643650269,-36.4347522903037,-40.0682792745111,-35.2552420874722,-32.4027110158935,-31.4446025908723,-31.6716066990024,-32.8229993402505,-34.340501485104,-34.7787673939922
-33.329480855678,-32.2812016564608,-31.0657994847415,-29.7504698528709,-28.5331160209281,-27.3391691238286,-26.5349119061502,-27.3187289718177,-29.704935024759,-32.4290938873613,-30.1580968927874,-26.3847679585474,-23.7237592727311,-22.1219921536979,-21.3497867934456,-21.5921403199931,-23.0897624566644,-26.2794817653196,-31.8631413426037,-30.5698930620714,-26.0045410076786,-22.914394987372,-21.5653126965606,-21.3835590296565,-22.2405136131131,-24.4304071741164,-28.9622521528294,-35.9645785794872,-29.4646967061073,-25.0028178717474,-23.5255500333746,-23.8505851586489,-25.7307155874784,-29.9330799310937,-43.3179266123477,-33.0124851404152,-26.4890312397796,-23.8696386446329,-23.3223454570181,-24.0609833568265,-26.3701628668811,-29.9975214053134,-30.9258356790287,-28.649930779833,-26.4587277174813,-25.346046370796,-25.3579334827631,-26.2950580432327,-28.0335296473815,-30.1934009805164,-31.8670938572612,-32.1359801874394,-31.381069651235,-30.6647740072912,-30.2294725741583,-30.160627349345,-30.2345787579928,-30.1745235306641
-36.8504551056016,-37.7067918280566,-36.2728048074423,-33.6214376710565,-31.9286999320676,-31.2676836929712,-30.4250624713107,-31.3964582362085,-36.507925237887,-38.5999676491363,-31.0000083021079,-27.8685026541624,-26.1898442599164,-25.0225321794924,-24.2895829515201,-24.6035769932776,-26.1407020512716,-28.9743040210242,-31.2555650999803,-30.5660237840538,-28.1051950204586,-25.9314071147581,-24.6825718313696,-24.1448151484168,-24.3163891217111,-25.241397416786,-26.951971825677,-29.1530676950633,-29.3068934677888,-26.4117504271818,-24.4373613618441,-24.0391056408538,-24.3489256218123,-24.7376215384442,-25.3109373581399,-25.8501913924344,-24.9777533313209,-23.3217112567671,-22.0981239451376,-21.9253747447401,-22.5793538411319,-23.6973933096448,-24.2365920084456,-24.4361849704273,-24.4238877780109,-24.3645627070707,-24.5812821480094,-25.2231839808052,-26.3050214153565,-27.6256603750938,-28.9005459657674,-29.7722856027545,-30.0182757774086,-29.7614931476037,-29.2253030488214,-28.7044794864796,-28.2485580725048,-27.8741395628781
-42.0028913126149,-59.6754652826043,-42.3033678483852,-35.7067658247631,-32.8493621040178,-32.5195707715228,-32.2209852033358,-31.2892551051462,-31.2077954146907,-29.4748568562452,-27.3862653177261,-26.4838857715422,-26.0283008429975,-25.4058648690009,-24.9282145983068,-25.2229717264482,-25.8586578647763,-26.2238173723708,-25.6623147846682,-25.7709727245701,-26.0473261450587,-26.0830327845973,-25.6968277050649,-25.1274876463098,-24.6144099188103,-24.175596162834,-23.8330110830215,-23.7977789255859,-24.0466366978454,-23.6609053623987,-22.5100102407049,-21.88668620674,-21.6593206482968,-21.2029915102005,-20.6240376626196,-20.5611903356011,-20.7271633814166,-20.5691056945322,-19.8745819751871,-19.6541076829673,-19.8849458403857,-20.4572101589477,-20.9414766363133,-21.5506650224678,-22.3269803958453,-23.1092441381883,-23.8536101911231,-24.7104330732851,-25.7748583781226,-26.9742625713443,-28.1620909402793,-29.0729184099683,-29.5250617707084,-29.4086771970559,-28.8796884429522,-28.1662405317964,-27.4233838669319,-26.791317216423
-39.7166170437084,-39.5314350833096,-37.2478877675601,-34.6597481406129,-32.2694288769329,-31.4314661730314,-31.6601737992219,-29.573076715176,-27.7486516930334,-26.4676342693041,-26.0903228341561,-26.1527321854248,-25.5795712630023,-24.6436680951957,-24.3563850075196,-24.844779101976,-25.2526488873648,-25.0820564350203,-24.4924199887166,-24.6681035764115,-25.3711086472593,-26.0682063930801,-25.9243942804599,-25.505216272485,-24.9201430026062,-24.0536222352058,-22.9818840156162,-22.0661142502179,-21.6000644663741,-21.2449945010802,-20.2929087779075,-19.4083841857381,-19.0384493346526,-18.7325539183588,-18.0668909942218,-17.5930256732697,-17.569128261194,-17.7381019531283,-17.6304598547555,-17.6954888754795,-17.9722827579865,-18.4624588348252,-19.0794244068389,-19.8771657344544,-20.9468694212375,-22.1983792864028,-23.4651892405087,-24.7803851144582,-26.1852733149785,-27.6602022673329,-29.0786331820547,-30.1009364706665,-30.4746212714233,-30.09438640007,-29.302950183398,-28.3230589747621,-27.3405865801774,-26.495511128486
-35.4906490623769,-34.5180962433017,-33.3347406932168,-32.5172250188873,-31.1933263640341,-29.8194452593047,-29.958001508182,-28.457572815715,-26.3242198757951,-25.3522694161642,-25.8618639486865,-26.2992860832666,-25.275349573374,-24.1770246157451,-24.1578720533937,-24.803683297306,-25.1832565238515,-25.0052651420137,-24.8643406982422,-25.0580494097921,-25.7441551470588,-26.6479680519473,-26.7507855722164,-26.6317861896191,-26.1430847015782,-25.0211951652584,-23.4094865793565,-21.763958263451,-20.5225417817889,-19.7522611425717,-18.7868261023031,-17.6117730879524,-16.9156689405325,-16.6622830714109,-16.2604705970038,-15.7253288958578,-15.498299014207,-15.6347549849169,-15.865046030046,-16.196595411676,-16.6535674407039,-17.2604645461142,-18.1321010961337,-19.137876602323,-20.3692814070883,-21.8671749025268,-23.5234715298783,-25.322779807672,-27.2609442055134,-29.3764383310262,-31.6073180448125,-33.3349886304597,-33.5230001703865,-32.1966098752311,-30.541502654641,-29.0158355051672,-27.7492609962775,-26.7392142346189
-33.262366515931,-32.6603010862188,-31.6603404294047,-30.9555064627426,-30.1854821341869,-28.7185103027489,-28.3752976824239,-27.9743561273671,-26.2972272536975,-25.5468643781095,-26.2105641624756,-26.3550994351621,-25.3450316625717,-24.7149295994262,-25.1002762073046,-25.6298647163495,-25.6800476780283,-25.4897103885512,-25.9262083346139,-26.2420316717883,-26.8474395455616,-27.9363644825319,-28.8982256410384,-29.5609500418328,-29.1201608195028,-27.263326558473,-24.7483909109571,-22.286130682459,-20.2619229066145,-18.9367770891639,-17.9259922650244,-16.6204611918054,-15.5296630294514,-15.0436740268724,-14.8379874823195,-14.4945353555631,-14.2369935127209,-14.3089760597968,-14.7165989958284,-15.2413666406407,-15.9031263430494,-16.7287311048557,-17.9187107330154,-19.1830297377167,-20.5459907057444,-22.1542655929872,-24.0262148570162,-26.1667630791766,-28.6052671893782,-31.5229237424353,-35.4234785732224,-40.6537627089723,-40.7137014430176,-35.8219911323792,-32.3657833630188,-30.0618504895453,-28.4826425771668,-27.3618347217251
-32.4236134226502,-32.2085955098147,-31.2944599306285,-30.2820394668221,-29.6493738893106,-28.5079168518414,-27.6320750450998,-27.8958129538462,-27.2693364933817,-26.7937707331549,-26.8490660857517,-26.4024083868741,-26.0804681058072,-26.5702181902527,-27.517658269199,-27.4627740346702,-26.7700856380037,-26.4225347422423,-27.2448606803906,-27.858487656878,-28.5990227688598,-30.0361705888515,-32.8233033380705,-36.0014656578996,-35.7230863863086,-31.1105143476159,-26.7016428357717,-23.2538872565727,-20.5352616862551,-18.6012464506289,-17.4241454141086,-16.2059288182092,-14.8628128266006,-14.0153152994092,-13.7836662590145,-13.6847291533715,-13.5678183366424,-13.653153290395,-14.1749210347251,-14.86311402114,-15.7414629961607,-16.8445625557795,-18.3691969767469,-19.9297097870332,-21.4243546473104,-23.0462325533786,-24.9404880841161,-27.1528406274736,-29.7370801474164,-32.8320688323985,-36.9914235021639,-43.1758394662586,-44.5271937073682,-38.0245588248787,-33.8514453736936,-31.2007341564666,-29.4520763269864,-28.2916367610473
-32.6833502828334,-32.5942475074354,-31.8211977834938,-30.5695273401401,-29.8784619498568,-29.2963738724765,-28.0226985588524,-28.2383705401538,-28.803694479134,-28.7143049267653,-27.6306992804134,-26.9567690646282,-27.8260561528318,-30.102810934209,-31.7250608137815,-30.3637566589989,-28.6513723140155,-27.9525499080871,-28.6335521423377,-29.5550221122667,-30.7904368239705,-32.7727918286088,-37.4088768418075,-44.3134712536555,-46.6155784881385,-34.73928641942,-28.3766891898514,-24.2295705726619,-21.1432735895545,-18.6978351839751,-17.1284671916507,-16.0334146398695,-14.7273430188481,-13.5943193014683,-13.1678913792824,-13.2114317763204,-13.3288549438024,-13.5439884603494,-14.1860735183097,-15.0601619806568,-16.184166792706,-17.6074875781211,-19.4545774821269,-21.3355726809455,-22.9860301009502,-24.5591101910589,-26.2931761139072,-28.2857619283247,-30.5501198979707,-32.9538095139679,-35.19348376404,-36.5537858309915,-36.8405415451313,-35.8476164804191,-34.0931732011141,-32.2043999622246,-30.649385184089,-29.5584905649666
-33.925405678891,-33.6254535367277,-33.0812766531064,-31.9294967975284,-31.1164239851602,-31.0796288212083,-29.6817798811654,-29.1937232202606,-30.4010551778206,-30.7156077083394,-28.7726572137061,-28.5933967384572,-31.2132631683836,-36.3940451113458,-38.1624860087131,-34.7326238164541,-31.7520052894817,-30.3207222055634,-30.1143486333323,-30.8871834363554,-32.5214073271106,-34.6271479721274,-36.3148432004492,-36.405108978499,-36.3841768560309,-33.4660034002799,-28.8169186202819,-24.9063860761036,-21.8951853668086,-19.2244093805564,-17.1012471929728,-15.8705351100058,-14.8187285505905,-13.6646969345497,-13.0135641975411,-13.0571506600889,-13.4079020516059,-13.8668596378265,-14.6826314622721,-15.8015057808427,-17.2181132517185,-19.0015915482097,-21.1571026509897,-23.3957165464919,-25.2753896991768,-26.7898257848302,-28.2326357037049,-29.804272633457,-31.5141981643484,-33.1722977114163,-34.3198772170183,-34.6324980707049,-34.5644892249982,-34.2851322608874,-33.9123649069749,-33.12265217856,-32.1304121810635,-31.271183566662
-36.0324689352726,-35.3379531581164,-35.1418737810378,-34.5918830392263,-33.6634381971491,-33.7458628918087,-32.702370139425,-30.9243839570936,-31.699963252219,-32.2280153272262,-30.6959982069704,-31.8560173849271,-37.1780005138763,-44.0015262577655,-45.0062193423019,-42.0015685951318,-35.9694157354667,-33.3880101037065,-31.7196029767041,-31.5673568240964,-32.480341086498,-33.5927130271765,-33.5975694170866,-34.1762254840699,-34.622379452949,-32.7551784780123,-29.1861075169186,-25.5369089506301,-22.5840670660917,-19.993028081549,-17.419408092517,-15.7291862517131,-14.8437912458908,-13.9921383048515,-13.2589898565619,-13.2136348546932,-13.7362497137731,-14.5177404872822,-15.5817143124826,-17.0131402850722,-18.7738758446526,-20.9583633108932,-23.4448804074172,-26.1455102470559,-28.4309313490567,-29.9556670357445,-31.0383064522686,-32.0783687524941,-33.2113717883068,-34.3910584306605,-35.1583243581714,-35.2378125326606,-34.899091802769,-34.5076746249397,-34.4074253761299,-34.2762434820197,-33.987589024567,-33.5703917397787
-38.7457033999753,-37.947619068867,-38.4687207672542,-39.1043312395696,-38.0285561566758,-36.9750155539116,-36.9033495692168,-33.5027532247536,-32.6933021791023,-33.0570384709298,-33.6504304035514,-36.7791855491851,-38.0554498010266,-37.4539975918276,-45.1071556075709,-42.9321059982107,-36.4920575558753,-35.2915255313671,-33.1435743134918,-31.7535356694363,-31.2186847042576,-31.4093430263479,-31.9125406793742,-33.9514968181123,-35.9808213851611,-35.9277008347201,-31.4043348912787,-26.5597438109587,-22.9865352759287,-20.4385150719879,-17.8965164443911,-15.7267247279498,-14.7278865685779,-14.2993186217975,-13.7631401374714,-13.6475472119891,-14.2737694437457,-15.400288346686,-16.7707361537351,-18.5515731132451,-20.6870984955862,-23.3029747220779,-26.2140703083877,-29.6266961880427,-32.7177985044658,-34.4642538680399,-35.1425904494828,-35.5247631791933,-36.109625430032,-37.0280613060396,-37.7539765250741,-37.9022633382954,-37.2682162916278,-36.4348935258258,-35.9883672632008,-35.9941993396226,-36.3200134538016,-36.5843638525595
-41.5148332282483,-41.7793486225973,-44.7509582082645,-46.7272450388354,-44.4594197359081,-40.1654701333627,-40.213205320111,-36.9288222257606,-33.7797590316983,-33.5775137479136,-37.3955583162811,-38.7590259520151,-33.9048776412375,-34.7316340146891,-44.0102943451388,-37.4265326548586,-34.0190712005711,-34.7391107482159,-33.7716613946807,-31.7719475808769,-30.0925551954441,-29.6712023884303,-30.6476377321224,-32.9031370245443,-34.9617606671972,-44.8650758555575,-35.6879884518691,-27.244465025729,-22.7945035777823,-20.0192005940973,-17.9925678702511,-15.8482318128528,-14.6132506416463,-14.4377665402686,-14.3419800071771,-14.2951089975522,-14.9912380700943,-16.4228183751236,-18.1034031670625,-20.2054340634547,-22.6961711599662,-25.7150371420307,-29.1270977401968,-33.6253801199242,-38.4388263791252,-41.1223230913443,-41.3061939234481,-40.6426972132222,-40.6887347310914,-41.6261707361213,-42.5290711987743,-42.8282014377325,-41.7427222604926,-40.115576325663,-38.7793609953471,-38.4680129781616,-39.1734782089209,-40.3464654447393
-43.4971310238767,-46.0266717146705,-57.3975511729256,-48.1136987469153,-45.5932810923723,-42.7252500796808,-40.0185401059376,-40.5805839113839,-35.6151944063096,-34.633865262222,-40.8995584407375,-37.2690186429227,-32.867093982021,-34.9796600025888,-41.6505173142513,-35.3253188472645,-33.2907503298471,-34.2577252422383,-33.7070125562551,-31.8233193964967,-29.6349865865103,-28.6997869438619,-29.4322550859742,-30.3781511398287,-30.6080560922559,-32.4182510654576,-30.477717534617,-25.4387020066996,-21.7441182979609,-18.9734046557051,-17.353958195365,-15.8941219165289,-14.6380067588051,-14.4712419595297,-14.8441857678893,-15.0768507744296,-15.8596070095205,-17.5044261640918,-19.4430878377621,-21.8004796525701,-24.5824790687906,-27.8409751706075,-31.4460029206627,-36.8026860427785,-44.057398528094,-50.0253631464986,-50.9949726537607,-47.8118653304917,-47.1463500699574,-49.4696805366567,-51.5525986863282,-50.1039858261715,-47.9181500734699,-45.5297360868263,-42.8269179817443,-41.7337295118586,-42.3797658750725,-44.4296793217385
-44.024104432336,-45.4230817341874,-44.3536589405544,-43.3877606728799,-43.288251196664,-44.4193646296041,-39.2892943979068,-41.6304250252501,-38.8674129490292,-37.1047896400373,-42.1036032124616,-37.0445888378023,-34.4516117326982,-37.6102012196127,-38.556197642552,-35.0943919637065,-34.6626974799246,-35.0833498498933,-33.8722172596426,-32.0949521696295,-29.9101822233603,-28.5390724520431,-28.3730022011302,-27.8786753939378,-27.2790452485103,-26.7474255884928,-24.8769372461768,-22.3334670787435,-20.0885684042155,-17.8522273172831,-16.3549630431268,-15.6778351084685,-14.8092204953244,-14.5445417976182,-15.2251534574891,-15.9187382488835,-16.8462527349032,-18.5977784108476,-20.7521692410509,-23.3580102154466,-26.3828212745157,-29.6101310374877,-32.7072569865484,-37.6719308324857,-44.4526194329161,-48.6424127659059,-54.3489392790219,-54.5620368400936,-50.9011345529445,-53.8839292914608,-62.5817421661875,-52.905009406567,-49.9957910767978,-49.6536407585989,-47.7377346061073,-45.6590676501968,-45.3528001383025,-47.1680733361595
-43.1980738264569,-42.6781257198644,-40.5084615343865,-41.892569024542,-43.2821003948056,-45.1971797232271,-39.8578773386463,-40.6294249278814,-43.5890186968805,-41.9174538824131,-40.3292694138509,-37.2270954771221,-38.4654889012178,-41.4497742579501,-36.4777583729442,-35.9572858334641,-38.2161482816054,-37.3780285084119,-35.0376833569112,-32.9059060583293,-30.8045797099975,-29.1378583469866,-27.7576769357775,-26.0742593763548,-25.108257461208,-23.737445340231,-21.6548988478871,-19.8445609137389,-18.4186039502522,-16.9008076662958,-15.5176474355852,-15.2574988685359,-15.0318014552018,-14.7482444092973,-15.546205276275,-16.7641155975044,-17.9108484378063,-19.709171224847,-22.1194782503944,-25.0698768616599,-28.3648909636833,-31.3767229840042,-33.6230069317539,-37.7663726262481,-43.6686513202656,-45.9647528546868,-50.1886637809721,-61.7311019726873,-50.9010421345652,-49.9354221173486,-52.8247433348874,-52.8286540847934,-49.7157244098436,-49.1922515429351,-50.6870358774011,-49.7790380015041,-47.5429966157106,-47.5668486538294
-41.7292343865086,-41.117916529997,-39.6703563859152,-42.4395925445285,-44.4925295849341,-45.2945195036862,-42.4424780081617,-41.0790968387762,-46.0040344401647,-50.3225649009419,-38.9248584746116,-37.0778060484543,-44.005342772475,-41.7785900895192,-36.0429692531733,-37.8391646680819,-44.5535371233212,-41.3089682305244,-37.8167495031265,-34.6684024787027,-32.1377494554844,-30.262740527974,-27.74784684138,-25.0692798115455,-23.7086661520692,-22.0005225252256,-19.8461581815067,-18.2604432498994,-17.1192591396211,-16.1481118555535,-15.0491129802243,-14.8564138409665,-15.2005893964999,-15.1034775102478,-15.9045387150246,-17.5678980014398,-19.0003101928314,-20.8748054003255,-23.6441729463986,-27.0801920123537,-30.8310513745424,-33.7427572605113,-35.1834231697114,-38.4288219429269,-43.6410774651128,-44.4999534433169,-46.6603559560233,-58.4302076485537,-53.0326936129285,-49.5561230068837,-52.1012913487853,-56.4068386376644,-52.2040991929407,-49.5753385380949,-50.1885937890853,-52.000097493293,-49.1163723426304,-47.2347423234931
-40.398367310851,-40.6529300927136,-40.7223420955918,-44.0976028563104,-44.9653722097377,-45.4246155921146,-48.7559422767077,-44.72258045987,-45.8872559799209,-56.5098001264647,-39.7133393237731,-37.9507864156408,-48.5936565478012,-41.0439694402967,-37.6539144474948,-41.7985971695913,-56.9952394395364,-47.7518842192436,-43.2657264615923,-37.7279252938783,-33.7836979542514,-31.4211277656251,-28.2065891329172,-24.8170046212969,-22.902977966759,-20.968963262954,-18.9112691606267,-17.4245184531557,-16.3064416067658,-15.5916021466886,-14.9244607259399,-14.6463149251966,-15.2824705026816,-15.5910120995175,-16.3633206239036,-18.2852135720041,-20.0549828304736,-22.0907710619514,-25.2621666626967,-29.2770717835666,-33.9875569466778,-37.4818004732408,-38.1118250834702,-39.9247038935264,-44.0666265407754,-43.9184329241999,-44.0565090879341,-49.5181086953245,-55.2937779366043,-51.0832088709483,-54.4853382924141,-65.7802759905207,-59.6687374755001,-53.1065943988539,-49.9521592443855,-50.5455654937306,-49.7599306514375,-47.1090311644047
-39.8051395612678,-41.0907007663909,-43.1272313753723,-44.8000560491639,-44.5054336407613,-46.3990346775205,-59.5275402487485,-55.8288438204028,-48.5110405657468,-58.2860223570969,-43.2413646449605,-41.5150475828967,-64.9760591661584,-42.0220927730753,-42.3097828269697,-53.1611414275854,-57.5964045542894,-61.4330742794096,-50.9619530227936,-41.348283020297,-35.6727342680529,-32.2344634481254,-28.6660212655438,-25.1175488675292,-22.6392925013985,-20.3921836845382,-18.5107862164557,-17.1257307346755,-15.9527301683518,-15.2559979302713,-15.023879697557,-14.6857899788782,-15.3328980347174,-16.1635194477076,-16.9210554573019,-18.8835235692421,-21.0323650448131,-23.264376693664,-26.6944214769001,-31.2251765004162,-37.5373079375599,-43.5111198820409,-43.3700740247522,-42.5346245415491,-45.0645160284948,-44.7635720800825,-42.9845934229951,-45.7104231930265,-52.985734775363,-52.1173871853933,-55.0998466459234,-61.6771746333548,-59.421271958983,-65.1592863865177,-51.060557629504,-48.6509901228794,-48.9303591487941,-47.2837601556164
-40.3931635494435,-42.4438125538399,-45.7873599266888,-43.8107727606226,-44.5838130699175,-48.2660090018512,-49.8220469294883,-47.4944836220426,-56.9793972308501,-49.0626924724167,-45.371158010655,-51.7779638369018,-46.5120309665087,-42.8594992724329,-53.8476183725926,-48.798095470373,-49.6227101883291,-55.6072441171911,-46.4492721762149,-41.9088023043279,-37.4579029061758,-32.9770755281487,-28.7960396629531,-25.5901165741357,-22.8386806803334,-20.2070809035716,-18.4394072964945,-17.1618819826048,-15.9642501335457,-15.1750415149991,-15.2179037504414,-14.9589273193253,-15.4469571621099,-16.7452889513263,-17.5275567370058,-19.3802825099488,-21.9242788670853,-24.2804979826905,-27.7400029045411,-32.5553326993086,-39.6634358370977,-46.5120120117303,-50.932761254133,-47.3953196452072,-46.4960881904291,-47.43960805174,-43.448457211956,-43.863054211891,-49.4732735773456,-50.526249136679,-50.6185486783808,-55.6914328279305,-51.8507367082671,-53.0554133623092,-52.0097182909416,-47.7916031257029,-47.7310032480419,-47.6809296567214
-42.6628602403113,-44.8184890123276,-47.2375990839061,-43.3116945792621,-45.7380345729794,-48.2758770711436,-48.1069674211287,-43.0039547516622,-58.0974080173124,-43.8737802840726,-42.3005987270456,-52.0270096899143,-41.0742423245085,-42.7593702511065,-48.3792832350356,-43.156707221843,-47.0892454070661,-53.5643878734474,-44.5996904023893,-41.0198657647468,-38.5301203610696,-34.0928025480715,-28.9475763524807,-25.9332949122299,-23.3016788111545,-20.4082987596157,-18.6171383899387,-17.3738412034958,-16.2148263925449,-15.3598461280512,-15.4275510323564,-15.4097840161637,-15.6984421246049,-17.2471406166118,-18.1361543640698,-19.848717638357,-22.7359489084048,-25.1496771762027,-28.6097862175687,-33.5221126071065,-39.8983636888073,-43.4478520534995,-46.7326643188158,-59.5400771520359,-47.0821423580848,-50.1307134118032,-45.4567186013747,-43.1188871701731,-46.3383454255149,-48.0382998793274,-47.3316156224501,-51.9921762091849,-48.6539556186147,-47.3846748287924,-50.2365547041874,-47.883879485905,-47.174323419028,-48.2134421460027
-47.7743345595231,-48.2561227220523,-47.8716932080773,-44.296796077806,-47.6862022719985,-45.761593352305,-48.4106785728291,-42.5221046681906,-52.9974328146817,-42.5222549894344,-41.9182321533169,-47.1565690652895,-40.2477519962513,-44.8520155480819,-45.3900958288823,-43.4777235119048,-48.3751758799218,-57.8216893715423,-46.3874273127751,-41.8348709787873,-39.2607196896261,-35.4799712127337,-29.6337356295129,-26.3028737846354,-23.7751229330791,-20.9268578206619,-19.0342928314592,-17.6774818939859,-16.5766963265075,-15.7787978911452,-15.6506083062441,-15.9545944570331,-16.107887840356,-17.6104371822167,-18.7442207691402,-20.3551515260767,-23.4450100966286,-25.9988142344078,-29.621745440924,-34.6617706454673,-40.9207941146838,-43.4610506972919,-43.6217546201338,-50.4858078045808,-46.2863233171607,-47.4755215364715,-48.8284218537328,-43.3294368982636,-44.1150987502002,-46.1498147722946,-45.7609586582181,-49.1144729424527,-47.4609359429646,-45.2667793322143,-47.9492351897762,-48.5225869465432,-47.4376880186498,-48.8145037141015
-62.8601698654089,-52.9024509997872,-48.0410380977937,-46.6730836009679,-49.3746952156432,-44.1800084047399,-46.8802779231785,-44.4913816543994,-49.3808465665477,-44.1710429786267,-45.8861461453032,-47.4965206984813,-43.153769055734,-53.8449339497542,-46.5456962024454,-49.4245236529081,-56.3359922582786,-56.319320554382,-50.1406918417585,-44.6632409107556,-40.8916489816403,-36.6382630005409,-30.8772988140436,-27.0803177487182,-24.1896079766096,-21.5863646258792,-19.6562247423374,-18.0576604646967,-16.9640928863914,-16.3501538403347,-15.9401768226873,-16.4960445026172,-16.6466680336332,-17.8561674447109,-19.3734869221908,-20.8920055909601,-24.0010070266392,-26.8607655652992,-30.7026246931303,-36.1617069630477,-44.5880568530742,-47.7345511577752,-43.469381270432,-45.2439806714687,-45.5521099306234,-44.3732041841068,-49.7344863498717,-44.6433293660449,-43.1632907432648,-45.2114088366965,-45.4636334775043,-46.9817717537863,-47.4310797175143,-45.2482424221146,-46.8388068695948,-49.2689352682795,-48.3715109154018,-49.4850391336311
-53.3372835129778,-60.8833482374175,-47.3849598197456,-49.2478573818183,-49.3602090867953,-44.3573218947397,-45.2072949803902,-47.9461571289447,-45.3680884029811,-48.4131358094557,-52.4091726887434,-45.0035878444347,-51.43472301001,-47.7749267360877,-47.5362715161332,-54.5865460650612,-54.4435654058661,-50.9500572948244,-48.3811445091718,-47.8822062373791,-44.5391725831,-37.8042555698497,-32.0844983375356,-28.3302402189208,-24.7143754650657,-22.1920154961658,-20.3569761865278,-18.5169878646578,-17.3642829609417,-16.9544824680644,-16.3565676993709,-16.959606486433,-17.2650664615697,-18.0863064790632,-20.0170269167377,-21.3980979932996,-24.3885569705279,-27.5633886749148,-31.3512447943437,-37.3552227776018,-50.2973889315668,-74.120265168339,-46.0341948867463,-43.5695346941139,-45.615963481907,-42.9330067391543,-46.3898117526296,-47.0452775298785,-43.6300494320155,-45.3021877004821,-46.1140438703859,-45.7887368884345,-47.9187927616905,-46.934107650438,-46.9166991879468,-49.9050404262676,-49.792697927383,-50.3842031234663
-48.9685981615706,-57.1171699762725,-46.7782056376992,-50.4195840248779,-48.0554596077697,-46.1186218432515,-45.3036153998066,-51.2974633366348,-43.3364149818086,-50.7975328720857,-45.3323365889538,-42.3490826161286,-49.6311398631668,-42.3919647816772,-46.8220015167854,-45.9234521480968,-47.76760081473,-50.0583067452842,-45.6393341454464,-48.8777057032503,-51.4719584290844,-40.0491567719392,-32.7557290919567,-29.477963837963,-25.4476753926998,-22.6914627019329,-20.9465973938049,-19.0220625089116,-17.8169684380893,-17.4821458222613,-16.9246495273814,-17.3335041312585,-17.9190960162603,-18.42408324233,-20.6228251310477,-21.8672731639806,-24.6828232379114,-27.9650658258329,-31.3654976994027,-37.0249839556355,-44.8387057861434,-47.6684413139021,-52.7939352732491,-43.8282059740968,-46.309878375554,-42.9616904200346,-44.0535354273368,-49.2903680080776,-45.6537104581866,-46.4499585403432,-47.5342592093249,-45.7750099306705,-48.5352675142304,-50.1274983969477,-47.9039831287564,-50.4940048098835,-51.6539277154809,-51.8583646660156
-48.5803604778479,-49.918854091535,-47.154315850629,-50.8943402675399,-46.9655892776217,-48.6734717871811,-46.6942114833629,-55.2039549930341,-43.8435415342968,-51.1799674083205,-43.5803246112602,-42.8710207379889,-46.7692640048804,-41.9404591605911,-48.7827105081418,-44.5727728058225,-46.8643530359739,-51.1423596922841,-45.3611842596143,-50.8364920650554,-53.6357248365022,-43.3099718778454,-33.2299530732999,-29.7842851569806,-26.1318727380791,-23.1688764124851,-21.3103257423114,-19.4970486206427,-18.3541767555393,-17.8989038826199,-17.6100774721492,-17.6731288183818,-18.5752342932443,-18.9449728915163,-21.1410983990664,-22.4084410511949,-25.0202580285837,-28.2676835035872,-31.2773880471223,-35.8327024462179,-41.062898421532,-42.8675928685486,-50.9202770599406,-45.409641937142,-47.0988161934849,-44.3528010016523,-43.477167978219,-49.5220004413158,-49.5424963913301,-48.6982124296283,-49.7842130014072,-47.2507035184027,-49.4556675527949,-54.2773504998306,-49.5778647897244,-51.2052694843046,-54.0794349277674,-54.352442667823
-50.0570136270496,-46.8774080506863,-48.8256637286233,-50.7182107440759,-46.8456215553622,-50.6481365337944,-47.2210876098485,-55.6424567037486,-47.3892589652508,-59.4805962350164,-46.8253171427154,-48.1967507769193,-49.5606631500084,-45.1087076377977,-60.2396462673324,-46.2503146678083,-49.4096833755953,-48.3646553722787,-47.1799655707972,-53.7329066350176,-48.331911745671,-42.1588798599898,-33.5339624970803,-29.5731670184892,-26.3489161639728,-23.6627686620945,-21.5147802748881,-19.8839827329162,-18.9534636656851,-18.2640006113279,-18.3203507490072,-18.0671642618224,-19.2035556133684,-19.6464202101197,-21.5907418865154,-23.1633087368224,-25.5266438246652,-28.8591903411198,-31.6606968563578,-35.2645093350918,-40.0409956655811,-41.2384432290202,-44.8327446561868,-47.5982381099359,-47.5107656529953,-47.1842761630555,-44.4395849816588,-49.4837591393302,-56.0974350910242,-52.2484032493006,-53.2249257600713,-50.8121601376974,-50.9828758895534,-57.0721846222439,-51.9475687026959,-52.2002329194949,-57.1770319772529,-58.0444836771132
-52.2345950610997,-46.4952060194907,-51.9566223371273,-49.8165295485235,-47.9213914638762,-52.2260809609374,-46.8915909439632,-50.2375957067737,-53.6361571859323,-54.6219407656263,-59.9016491474483,-52.7882934455858,-50.5036993261678,-48.2854677235762,-51.8508726457583,-46.2916898366447,-53.2447746421199,-44.9134175924708,-50.3569296166341,-48.9133810159925,-44.6705972975628,-38.9088424569374,-33.0185913284698,-29.5494248067982,-26.18610500862,-24.0867468574957,-21.7215204188784,-20.2140465838006,-19.5395029991892,-18.6749737254132,-18.9432004203914,-18.5946226178901,-19.7807380636567,-20.4656469797585,-22.0649729805147,-24.1828279077202,-26.275024413936,-29.9889520837374,-32.7849597350709,-35.9663704644173,-40.9539164338957,-41.3327525488494,-42.428821299011,-49.1530830768437,-47.5445189591181,-51.6512975814844,-46.4329504730908,-50.5621595516595,-67.9149071245522,-58.0158949802926,-58.0129539301508,-58.3005346810994,-52.9158642673485,-55.7247031411093,-55.2401370514353,-53.5002270975497,-60.2633836421343,-60.5274904702814
-53.9909906090162,-48.8456404976538,-57.1102558912957,-49.9533150527071,-50.1150615217627,-53.2502411854586,-48.2655569117948,-47.9095390698678,-51.4638322013384,-47.1204599642422,-49.1068786830639,-45.1917273868516,-45.6821912004318,-45.1379582443161,-46.3957792782751,-44.311011517778,-52.8460162245294,-43.8128674572495,-52.958832642136,-45.4678059836984,-42.0637289764994,-37.3913877085694,-32.0925269580119,-29.8119117199801,-26.1637484424715,-24.3629511052355,-22.0338278187584,-20.5925209010952,-20.0360300329359,-19.1968029365483,-19.4162827189079,-19.2886467721118,-20.2945966995864,-21.3287851919175,-22.6564210551847,-25.3649499761091,-27.2691423104247,-31.6397277552651,-34.7079492382303,-38.2100856492198,-43.6031423043832,-42.939805117831,-42.1524251889828,-49.3386562050855,-47.5822789091956,-57.4092138728252,-48.2012374883012,-51.1945660792926,-69.9216399828365,-65.8557806709834,-59.5001812098064,-65.2652691079106,-54.7790596946216,-53.1520358314325,-59.2688436525278,-54.7795138534128,-60.6330093941472,-59.1307671697009
-55.0309672127164,-56.167093186584,-66.259432096904,-52.5557207892621,-52.7878280964547,-51.788283898893,-53.0271121624816,-47.9941989884068,-50.2179553240853,-45.7436877414018,-46.0492184682767,-44.2477699588775,-44.4670542421792,-44.661175771849,-45.8804387383101,-44.6417598275334,-52.8872755129564,-45.2653919621093,-53.0024467619201,-44.7009503598792,-40.9332503728156,-37.3025191858287,-31.8318403993129,-30.1241480973073,-26.5926423834087,-24.5772877253857,-22.4451623500842,-21.1084478911499,-20.4302288647187,-19.8242372535379,-19.7714909344254,-20.1090312004102,-20.7388784200596,-22.1859573682021,-23.3612878509132,-26.4848046549806,-28.4130581562997,-33.4569243429219,-37.2089958290102,-42.0103860617931,-48.2386333147715,-46.5510044329064,-43.491317927001,-48.9485469859208,-48.0869922698377,-58.0749426931511,-49.2579352498152,-49.6024918587773,-63.6978552402967,-58.311032525875,-56.4242174074784,-57.2342146062669,-56.8633420801265,-51.7333144587642,-61.2603967277991,-55.6299713187503,-58.6923185843504,-58.0750253416934
-55.9832575941503,-61.2141903409823,-70.717137611989,-56.2762932932784,-54.850992044479,-50.366173236892,-55.6578861585137,-48.6189550451972,-53.0874196502722,-48.2006540336064,-47.6102282669194,-49.0042111961097,-45.8412205956407,-49.3779269673679,-47.0923400539099,-49.1301815353445,-52.2445711134984,-50.0208955336413,-50.9929541072867,-45.7404929741697,-41.6512357195926,-37.8981898896221,-32.6744336676673,-30.4771145497392,-27.3933463278369,-24.9184597578887,-22.8950532567356,-21.7642765697143,-20.7866339676178,-20.4816012301114,-20.1062512921296,-20.9339779956842,-21.1216640370627,-22.9919412436502,-24.0398049478016,-27.3414977820513,-29.473074506706,-34.8543293736342,-39.3850911095324,-45.4549327785451,-56.0889719523031,-54.10325749436,-46.2658206029855,-49.1322503099598,-49.5234214530821,-53.3744348988039,-51.5177037560501,-48.0085860580988,-58.1066027536738,-53.7810829415131,-54.3875857937205,-54.2361285354346,-58.4871048730507,-51.889756009717,-59.3384866301524,-56.3955294892496,-57.3047315605824,-58.7056651023166
-56.7937802776239,-51.9559404942489,-68.6216775321992,-52.2433714652267,-56.3866008087338,-50.6708183554834,-50.8687509803943,-48.0705489232796,-52.6606906940169,-52.1774463820939,-49.0349383518791,-60.344646960867,-46.015665920536,-64.3465589875686,-46.1223755442833,-73.601193752237,-48.5580657002994,-63.3124911008182,-49.165490693993,-47.4419843445736,-44.5956662895177,-38.6603146676743,-34.31714455895,-31.168464592286,-28.2215937180827,-25.4958840670605,-23.3662787376891,-22.4676067303381,-21.1969882421506,-21.0613122883104,-20.5174008571131,-21.5970789431544,-21.4904952277826,-23.6619473224995,-24.5198635618107,-27.8937014057635,-30.1554634439992,-35.5702495095235,-40.0918922461096,-45.7147121409045,-77.8046193592972,-60.3279830896054,-49.8073772086575,-51.0072722421682,-52.5422939874652,-49.8274535850219,-57.7958710962743,-47.6730119836314,-53.7327364261353,-51.689248818009,-53.5555511890821,-52.3992753078186,-56.6271217786563,-53.5283780400313,-56.7973317739801,-57.919489345778,-57.2654849842754,-60.7837539903164
-54.7289275098286,-49.7929779948969,-60.5052876054275,-48.9783182664276,-56.9099493591135,-51.6316382206582,-49.3615860684795,-47.990707812472,-48.8186175688881,-48.8730223586506,-46.6158578137821,-46.9153442007991,-44.4405827032034,-48.3641315114503,-44.7720778369591,-52.1165738439164,-46.7353922679756,-61.5451672461226,-49.1731851413707,-48.8671823356951,-49.4919867748379,-39.7749010330535,-35.6310820450861,-32.3661589976105,-28.8329053811531,-26.2268686847278,-23.918029082101,-23.0845660376475,-21.7143007996566,-21.4959856819443,-21.0521747164726,-21.9811527050171,-21.9235278196757,-24.0781983955676,-24.7992252252556,-28.184958856079,-30.3743700367743,-35.7440890826315,-39.7428486585594,-45.7432229085845,-64.543560682304,-54.4737850345755,-50.223268796224,-56.9324436935064,-58.1280264540199,-47.9998165470642,-57.0113796196451,-48.6175729367731,-50.6250208107647,-50.9672105759061,-53.4648058732121,-51.2993991461572,-54.4345562557127,-56.1473920618884,-55.187156226186,-60.7777484324422,-58.6488923255601,-63.5470793461947
-51.1112821834651,-50.3508800777352,-53.397746438612,-48.3833618666618,-54.4952004497104,-50.7924308701704,-49.3864786575028,-50.2890146122666,-48.3345322655657,-47.1282324838637,-46.7425396190086,-44.9744419834781,-45.1068922010327,-46.5154867683021,-45.9910068983406,-50.1769650636334,-48.0299378341805,-60.5266779486081,-52.1885582914967,-51.0792657409191,-50.0313404340422,-41.4668850473961,-36.0621647937985,-33.6964406994383,-29.3880367118934,-26.861464958691,-24.6085236062522,-23.5356492952344,-22.3114782110556,-21.8108607486826,-21.6842056791409,-22.108028957272,-22.4710988440143,-24.1815261164919,-25.0545631341363,-28.2197685462509,-30.3430862996063,-35.4055701334719,-39.07553396228,-45.1348058925854,-57.3344886337628,-56.5490620097153,-47.5929830409169,-61.7797722085702,-57.1536068081301,-47.8473082947548,-49.9985774182015,-50.6787947368337,-48.6165409234014,-51.0829462870083,-53.5267298889675,-51.4206854753388,-54.215519799698,-58.8838022710801,-55.1355455364206,-64.6424109723655,-61.1718245030732,-65.6797060413955
-48.9117189814349,-52.511180665379,-49.6180531096508,-49.9503330586001,-51.570478415661,-49.5562413377692,-48.6006948679473,-55.9935252722711,-50.8930041887183,-49.2756767648085,-53.2112306460099,-48.0412851336782,-49.8264125592148,-49.6556555785131,-51.2329014411111,-53.2380771459662,-54.2205792275209,-60.8040126756954,-62.9812515918785,-55.0561104941384,-48.5612517269719,-42.6826309859508,-36.7349394103352,-34.3720095307377,-30.1489356755508,-27.2259522585042,-25.3906478178884,-23.854878775535,-22.8851206303793,-22.0987950069311,-22.3091738482023,-22.1288574920283,-23.1012448780919,-24.0678268502075,-25.4368970834607,-28.0313663393999,-30.3208529080938,-34.6960006052462,-38.2142812175773,-42.5430626859546,-51.036373079932,-62.0183625588003,-46.0860095672565,-51.1946795036016,-51.0661562983493,-49.3165437270642,-46.8060412736263,-53.2137518543506,-47.6243789276618,-51.549229942664,-52.9599361428318,-53.0477888174163,-55.8131249676167,-62.0895335903473,-57.3243455787551,-66.1306815270831,-64.0095112145895,-65.8073810700092
-48.7051078896953,-55.1789960647386,-48.2586564898592,-53.3803539879763,-49.8000189962276,-49.8300043822276,-47.7995651421416,-56.1639700641668,-51.1379192264137,-56.6314304147161,-55.8741591676078,-55.232158217448,-51.6123915534641,-51.382730338017,-54.3961929154301,-51.1062139622245,-66.8440376181297,-53.3642295635707,-59.9026353179458,-53.8239401160055,-50.1417998938156,-42.5300028254803,-38.2357292557053,-34.4502673472251,-31.0225733274439,-27.4523059374369,-26.0876352443685,-24.1400193990148,-23.3232752656831,-22.4453178736481,-22.781533910432,-22.2247137127417,-23.6973605933309,-23.9536210600533,-25.9536431088985,-27.794064944462,-30.4519646463531,-34.069703604264,-37.4499556994218,-40.327605375582,-46.9888546504163,-50.9245484583114,-46.6106989644839,-47.252755758158,-47.7459074413219,-51.6471528424859,-45.46338920374,-52.9501486045461,-47.5421373238789,-51.6667047347343,-51.7027853847347,-55.7234504719354,-56.4657180943235,-67.0593058419013,-63.176518479584,-64.3596122456052,-66.7578078555857,-63.2615219141983
-50.8595751098333,-57.0572217864104,-49.0919487973539,-57.71480193559,-49.2618171569439,-51.3878335639301,-48.8508031640069,-52.7714203799965,-47.7935560784647,-58.1183755525173,-46.4509561475197,-49.0460824976159,-46.6668858114545,-46.5960125765135,-49.772948032405,-47.2907619509595,-54.0141145277978,-50.9003054016728,-54.2339851838746,-50.3458276168288,-54.7708177586075,-42.8217387629654,-39.4725247992993,-34.7719866869439,-31.5366049155074,-27.7780750309582,-26.5146793894135,-24.4474084245581,-23.5988790077447,-22.867842101455,-23.0113332576481,-22.5126896614522,-24.1206145333077,-24.0379549712499,-26.512142392912,-27.7482828733642,-30.8078947396623,-33.9195867950657,-37.276810014296,-39.5191285298267,-44.9590852013399,-46.4255455377547,-49.7400379340566,-45.8912872431665,-46.3489278260865,-51.4118439075558,-45.3755720467403,-49.66895717837,-48.1747037032962,-50.8044032682814,-50.4501830223819,-56.5141873278672,-53.8836296114939,-65.4301984644372,-62.4947319690969,-62.188946603608,-65.6399098782448,-60.07932211626
-56.8889679748385,-57.8029348018268,-52.3934933354607,-59.66539850167,-49.8005977704982,-52.2367639636099,-52.7391308671066,-52.0931021240027,-46.8913545215798,-56.3597140159303,-44.9766367247554,-46.7607005882458,-46.6263543239974,-45.4297228889342,-50.3174918420505,-47.3014275631007,-54.0115142828125,-52.3951232307225,-54.5874739555804,-49.7227997398637,-56.3964860067771,-44.7100577268146,-39.2428653414617,-35.5158320900754,-31.4806453046354,-28.2138444915459,-26.6571540591725,-24.7360424619736,-23.7805053566166,-23.2956686085704,-23.0471162080404,-23.0036658428182,-24.3087674742282,-24.3993051479018,-27.0270120425985,-28.0387714955553,-31.4460880536731,-34.3850117037187,-38.0669759677886,-40.0996689280292,-44.717607003372,-44.9064054967143,-55.2033729971692,-46.3121946637737,-46.567456098416,-48.8808651411509,-46.5987045260228,-47.0551976010891,-49.2250261176908,-49.3111457772974,-49.5642954713138,-54.1683231901297,-51.3940852921529,-59.8543662729806,-55.753467740935,-59.6745049477358,-59.6832910269806,-57.5880591956539
-70.8779999509848,-58.8849814766165,-57.2974604342246,-57.5625189746844,-51.1912845797261,-51.9673346154272,-56.8131804025783,-50.5180276041467,-49.1155748963392,-66.6049844831941,-48.2968938331127,-48.4117586718801,-52.9315226795473,-48.0049742589253,-55.0283342427131,-51.8366164887924,-59.4582575315076,-59.4096791040301,-55.4382704400026,-51.9820707940498,-54.6857455168355,-45.7569947551384,-38.8131124904075,-35.782067205282,-31.2546070668785,-28.5007195152835,-26.6538708409259,-24.9138187565351,-23.9481424560259,-23.6069672546018,-23.0374003538922,-23.6016716636841,-24.327724178692,-24.970352020817,-27.4818230691933,-28.6208077295386,-32.3848451354769,-35.3786607227732,-40.0220111516727,-41.9300295054565,-46.2927286758663,-45.2983754528869,-52.3721778319619,-48.4526091946424,-48.5079920603279,-47.3098388583007,-49.6814468061452,-45.8808311331041,-50.2275729007393,-48.0153980170792,-48.9568866651459,-51.431772159664,-49.7874817605138,-55.4186777089562,-52.1329186737459,-56.7378678881594,-55.3606630968911,-55.7785195002435
-58.2155808904185,-64.1195279081314,-55.3766248289887,-54.5769201191374,-53.0038527506451,-52.5173481847189,-53.6019159732137,-47.8873555941779,-55.6996530369414,-52.7845115135928,-61.4232555018201,-50.1323329898471,-53.6444804123655,-52.442428028058,-50.9673506017398,-57.9683433393147,-54.1369618803783,-63.4405946988819,-52.223524008442,-57.8756722599127,-52.8759386606758,-43.2418878078899,-38.8906542744898,-34.9310721465201,-31.1736330169155,-28.436014734988,-26.614994312629,-24.9525274983196,-24.1206183370655,-23.7258077459151,-23.1205805516014,-24.1394902218361,-24.3162412088318,-25.5862440337255,-27.8901949369394,-29.259367597503,-33.4889087732898,-36.5806954779533,-42.9636992113244,-44.8628033828855,-50.0841156101074,-47.0793558637239,-49.3141159534791,-52.8442174842517,-52.7456930206411,-47.4613466907671,-54.6407305598737,-46.2058426771175,-50.3405682134354,-47.3246528720505,-48.4406639625115,-49.1052973255488,-48.6598813027898,-51.7561408781685,-50.0248826360982,-53.8646470581002,-52.8136819910582,-54.4097703899802
-55.7743772539978,-67.8610014486635,-52.77611092865,-52.5552053914035,-54.5821142367091,-52.8360546224869,-51.6270207055362,-46.7140966330855,-79.7876554254305,-47.5513073619379,-50.0983844287273,-48.3793765846283,-46.4005740138729,-49.6894624502949,-47.4567228315171,-51.2198439954383,-50.5347045059146,-56.8175390973661,-50.543798779606,-66.7084080792489,-49.0902501795097,-41.3001829808516,-38.6215929509477,-33.8714151346437,-31.0752408127204,-28.1757280000699,-26.529278676419,-24.9324441706242,-24.2512864696689,-23.6958611413336,-23.3563135900916,-24.4594363584699,-24.3829126595426,-26.1076928155937,-28.2126529427777,-29.7011299851635,-34.3582572217441,-37.4468556934884,-45.0306242777613,-47.9858763576002,-57.6450021739634,-49.672835404685,-49.2889205028028,-61.6810888978205,-60.4973153492107,-49.9839962302341,-52.8947571576921,-48.2794927304691,-49.1138186274644,-47.2306888044883,-47.9247587137317,-47.3790856242263,-47.845302768428,-49.1019987813375,-48.8198614428612,-51.56117825344,-51.498881559841,-53.4137673615859
-55.5475970247291,-55.5152831758017,-52.5289998516269,-51.3377312718187,-55.1142573584116,-50.566822990661,-50.1488838408938,-47.6068661120698,-71.5387684409835,-46.9323234978403,-46.711695242219,-48.8269988878717,-45.7461538928297,-48.386980116117,-47.9997781057767,-50.514584625212,-51.7626628026511,-57.7358558317871,-52.1751230999903,-61.6517753686166,-46.3399754738333,-40.704846050727,-37.5801250337708,-33.299878960802,-30.6556978986083,-28.0037585848359,-26.3336020839485,-24.9569916061725,-24.2820782087328,-23.6392668996094,-23.7131315000048,-24.5133909658741,-24.5526249512552,-26.5182551362256,-28.3418830638463,-29.9454061721802,-34.5851471755783,-37.5462983824014,-44.1819237805226,-47.6235167799743,-71.1095614775597,-52.8339772485321,-50.494038172135,-67.4424774552564,-61.0505213289586,-58.2269210469375,-49.198999012251,-52.6235212824478,-47.5179005629672,-47.4491077287477,-47.3543058479333,-46.3302143065086,-47.3991621927363,-47.5121854678764,-48.3405544569549,-50.079336721331,-50.9891521070837,-52.9131968295614
-54.4206901092942,-51.2125901082496,-53.7241248263609,-50.151478701111,-53.6572880712694,-48.3134791859169,-47.8746327208151,-50.594534503486,-59.5852532238063,-50.1798600701084,-48.1737178592556,-53.1912836736375,-50.6492900095949,-51.4572455435799,-52.0286780331333,-54.8322261027309,-61.4068971935025,-65.9994125289443,-56.0960094261667,-58.1455928982903,-45.2389040499032,-40.1194171303917,-36.6725295843219,-33.0564913886672,-30.023546506768,-28.0188536284452,-26.052210060986,-25.0610449043097,-24.2165230586936,-23.6625890862228,-24.0862058814646,-24.3952296563196,-24.7921110683086,-26.8710938889168,-28.2321578194573,-30.2026876295695,-34.336770794003,-37.0774507477809,-42.7966629187465,-44.8569182056038,-58.1695187875368,-58.8077312093379,-49.487161522476,-62.1480752044964,-57.0835978276213,-58.6822313589865,-48.1704201205971,-54.2003273407158,-46.507791015569,-47.5375451159764,-46.6917987139783,-45.87415399489,-47.2664703764791,-46.7927789783673,-48.509531447321,-49.4540354909111,-50.9948997153165,-53.0938918223859
-53.0596546815263,-49.9568390520262,-55.0268871350671,-48.881655747448,-50.9843213860748,-47.4770911714916,-46.3179494244833,-55.0193606812661,-50.2989290366576,-52.4572583516596,-54.9525776947913,-50.5312768386996,-53.5901685305613,-56.8660631727805,-53.062080568384,-52.2024124795488,-57.0881091836916,-74.3186329249873,-51.8419752938168,-54.9826228520095,-44.6060250715441,-38.7571889702061,-36.4743639407592,-32.6992082583556,-29.5872703114285,-28.1221087739391,-25.8312680261876,-25.2001018446905,-24.1394852177202,-23.8067972786773,-24.345054295698,-24.262710194999,-25.0744224189281,-27.174734343623,-28.0293267483016,-30.6113279269863,-34.1520316223582,-36.6604855508401,-42.2780668105673,-43.1457523583049,-53.0669898803132,-68.1644460788374,-47.6655346168745,-59.5485787252752,-54.7070857009924,-49.4730019278728,-49.3157134435711,-49.0579233566123,-46.3469581362924,-47.2297446343297,-46.0648966168833,-45.8503682692273,-47.2447655223269,-46.6231585174055,-49.1686482703809,-49.534991816466,-51.4191062133869,-54.1198958902296
-53.2091944207189,-50.8873390258223,-54.8062799544968,-48.1150322466604,-48.6515110366066,-47.7488023479885,-46.328170830179,-56.3960578825325,-46.2023196011672,-47.0625805264909,-66.747813195097,-46.4433535604588,-45.5138622161617,-51.2475516759087,-51.022554766015,-47.2344300442255,-50.1845809353085,-77.6885573936007,-47.9242494310499,-52.5307348620453,-43.2926762617041,-37.6686929444061,-36.8533382266678,-32.2400924087497,-29.5915068745713,-28.177656199841,-25.8279479077643,-25.3009067656932,-24.1583198696678,-24.0429800057084,-24.4119119672364,-24.232532351747,-25.404421963762,-27.3593912622316,-27.9649161831313,-31.1303911020186,-34.342014892326,-36.7925580557418,-42.8188511250556,-43.1335661535638,-50.159881220485,-53.3549027205235,-47.6551005804013,-53.8134561294269,-51.7510899795562,-46.4422484405044,-51.3134889397511,-45.9577524482128,-46.8874223802116,-46.715247742231,-45.7571770205544,-46.1641694672495,-47.2330846569118,-46.7413459418527,-49.9934418439814,-49.9442063635036,-52.2683214412537,-56.0026882140922
-55.5702193767727,-52.7578693830413,-52.7206350513617,-48.2027862254116,-47.1470087581695,-48.3626889388749,-47.6853863513877,-51.8122061583365,-44.8015793779952,-44.6205062714938,-56.543164398436,-46.6246992801506,-43.3160240587407,-48.2908910153119,-54.707381716728,-46.137099020212,-48.5193688393257,-58.4761702039627,-46.9033793761183,-50.7656209156209,-42.1691951326435,-37.7204776170937,-37.3792343221467,-32.1480614019402,-29.9862154650056,-28.1811491950286,-26.0983195653089,-25.3288770932565,-24.329771321917,-24.2896548733921,-24.3192204796762,-24.3378362343349,-25.7747093829506,-27.3371536892028,-28.1432985654592,-31.6266727539866,-34.8256691237534,-37.6268029006758,-44.5961297117329,-45.1209370648517,-49.2236377322088,-48.5527314747392,-50.2713416553543,-49.461062610732,-49.0888516880381,-45.9387109750353,-50.5144741979237,-44.9113070994317,-47.7266927484924,-46.4203576370935,-46.0280163668089,-46.8383808876758,-47.326859348013,-47.157430140513,-50.5301113549758,-50.1874195257765,-53.3155838431916,-57.8048096759655
-60.0301486560381,-52.0033616892363,-50.2628708421587,-49.0074608238039,-46.3880094708261,-48.666995367245,-48.8613598994504,-47.1702999547059,-45.1338670845601,-44.9138192848075,-51.2978714016916,-51.2205121021579,-44.606157652537,-46.9266469871524,-60.2802877234467,-48.2753546655187,-48.4410388584065,-50.3905050459345,-48.1701523613229,-49.1827350019305,-42.5258028526945,-39.0504314308283,-37.9128537307768,-32.7523740552567,-30.506348556166,-28.2600461282754,-26.5595152189472,-25.3221142569892,-24.626015640666,-24.4555588905566,-24.1844102089999,-24.5507534589038,-26.1158203244839,-27.1091515780424,-28.4517564889746,-31.9927376591369,-35.1678713026489,-38.6883617495718,-47.4188160489399,-49.4899218928369,-50.299345622107,-46.5460188067001,-55.4751176288533,-47.1329498435239,-47.5449711562879,-47.2845003856393,-48.1908344483945,-45.6009683297586,-48.4952021670526,-46.7361249316117,-47.0328333593091,-47.9005010416155,-47.6241466627474,-48.0957183375867,-50.4560954085817,-50.1392652941537,-53.8018584261655,-57.026997497222
-58.2780027133341,-49.7077450923643,-48.5099853476293,-49.9164306310836,-46.1814588749481,-48.3709361985333,-48.2554432910281,-44.3590864803403,-46.2138192235199,-47.2487042867426,-46.2114751667264,-50.2980531772786,-49.6736833409157,-45.4046549627244,-48.0833595844431,-54.3536529321262,-47.9569616759892,-46.7232662191692,-51.4398443872823,-48.0096009583992,-45.2982711096011,-41.1751516783317,-38.8504797756873,-33.9048345710997,-30.8977031735627,-28.5115105282007,-27.0226753452266,-25.360153061613,-24.9428390207017,-24.503069357842,-24.1315882894928,-24.8247930442229,-26.3117884221993,-26.8089134838957,-28.6653836495366,-32.172656617211,-34.9458571864298,-38.7350023415157,-47.6359011848818,-50.1916528951315,-52.5990310019857,-46.4057622134413,-52.8583056335252,-46.4744207017455,-47.1980743153161,-50.1348891352809,-47.0578249598752,-48.1219809576912,-49.3227667921021,-48.018022331578,-48.8729260958707,-49.2437386223582,-48.1822180717599,-49.6845675533061,-49.9181304559913,-50.1654884300961,-53.2194389631389,-54.5515764665512
-53.254535361747,-48.5630668109755,-47.6023640075404,-50.0469316712535,-46.4254659621953,-47.3241561087575,-47.1406794170804,-43.4417804069959,-47.0916522823623,-50.6213181188,-43.6525322748238,-45.1506703679952,-62.7795084538172,-44.7117017105513,-44.6281591677483,-59.4350596842437,-47.6374117100736,-45.8046831229746,-55.6944235180781,-47.8672883741117,-52.3411580162618,-42.7114529959213,-40.4631252268341,-34.7892171881874,-31.1536630389663,-28.8520922979036,-27.3089317342016,-25.4953004544534,-25.150203308372,-24.478839069925,-24.23304378741,-25.11247610299,-26.2819534875214,-26.6103564835708,-28.7132955244768,-32.134726230942,-34.3044344986954,-37.6340019992923,-44.3602644127368,-45.3752391971822,-52.0709695294462,-48.0476956314596,-48.5647377879109,-47.2846036796161,-47.936390576915,-53.2903182662997,-47.3502233865937,-53.0603036435249,-50.7754646771966,-50.7582256174045,-51.7188203914791,-50.6799810738343,-49.2114414096979,-51.5748784916897,-49.4294819902845,-50.6037127030078,-52.213847946657,-52.5980836536823
-50.1973655036204,-48.7205441931801,-47.2589974395519,-49.0779857883524,-47.1368378926017,-46.1021006489825,-46.381921017971,-44.3887259116189,-48.1515552842971,-53.9085740701004,-43.9052517965935,-44.0602935547962,-57.6069172456601,-46.3772295022025,-44.806927929181,-55.4881438661823,-49.2881857571396,-47.4202268928126,-57.047110113885,-49.1403058252158,-53.484542667676,-42.7332895371278,-41.5369872217236,-34.6700077529058,-31.3818704391147,-29.0179615808112,-27.3799745304273,-25.7052315629691,-25.1798653443107,-24.4746138027438,-24.4898048540367,-25.3583304659044,-26.0613094998813,-26.6116789735977,-28.7717819811105,-31.9132987585595,-33.705826716067,-36.6581918082623,-42.0033301632364,-42.6806228138154,-49.5720270613763,-51.7652489798854,-46.7591543022824,-49.5017249103842,-49.6325046066445,-54.3137327752735,-48.7561726985955,-62.2436402819032,-53.5347787906465,-56.1524786935469,-55.9651075624028,-52.2070070366752,-51.1111211849287,-52.69467751965,-49.452158474053,-51.4722786365871,-51.5158089167936,-51.6429503993809
-48.7378254106595,-49.6884766095165,-47.2025156951082,-47.6661243695062,-48.2261231667277,-45.6287104331458,-45.927269980271,-47.2922622057268,-50.3429308258717,-56.4058693400997,-47.7708890807387,-46.4999505933171,-53.9211021762366,-52.9879255390089,-48.2954179693587,-54.1814893099979,-54.9890531088444,-52.2246148141188,-54.8559846649084,-51.8779260283801,-47.6568289233156,-41.7335292711067,-40.1083990854461,-34.1025200508421,-31.5039718819313,-28.8340890695576,-27.3262452496635,-25.9058817728153,-25.0848787592189,-24.563091787796,-24.8356643554654,-25.5116042807731,-25.8008010636484,-26.808274774366,-29.0408069378706,-31.6596405878749,-33.4284345048412,-36.4463369377279,-41.1836832813787,-41.8648479984615,-48.5313763084775,-56.221290185384,-46.6587167074694,-53.1217328467278,-52.1918697963856,-53.6019628528344,-50.6250637203118,-79.5288762594856,-58.0617213033685,-69.023352583133,-60.7722830561062,-54.0190160226844,-53.9071601655155,-52.4661949768926,-50.2072340738101,-52.469371265373,-51.4313372522068,-51.7139553845581
-48.6670674951968,-50.7023485941975,-47.480654081902,-46.6516799563454,-49.1340894247542,-46.400060776157,-46.0407286485031,-51.8931303214379,-53.2075597903773,-52.9420157199372,-60.1575755441988,-52.3383219451393,-50.2333175339147,-60.9628832456836,-54.3837819423915,-52.3286064715491,-61.657592426433,-57.9456712001975,-52.4449557743837,-55.544816071082,-45.5871249222828,-40.1973589448461,-38.0284724180729,-33.759827854911,-31.3178714956527,-28.4719747081545,-27.2427930292626,-26.0245494373509,-24.9994259188102,-24.7620206931934,-25.1619280577969,-25.5659134813755,-25.6841357778751,-27.1478835693436,-29.5569123853781,-31.5756378177079,-33.5415194317193,-36.9900906511279,-41.658834553805,-42.4800335034154,-49.2115734800637,-54.7926563714908,-48.0780894698051,-57.7708303458188,-55.5482711145729,-52.3656331731217,-52.2574526390854,-74.2262229419298,-58.732702242752,-59.7042754106275,-58.4669307037032,-55.8801830290433,-54.9741467852225,-51.6986018809796,-51.644182263398,-53.1618708078676,-52.1095099403309,-52.8659397295685
-49.837801362248,-51.0298799175157,-48.3452984827768,-46.5175572902327,-49.1612901848069,-48.3837258942987,-47.2521575640031,-55.1020263129792,-55.0892522612808,-49.9638148299133,-51.7561143563139,-50.9021250893283,-47.5021520983734,-49.9384630567929,-52.8494686887575,-51.275946096587,-53.9812049808242,-53.9860473895999,-51.4606062091479,-59.109611499898,-44.3649884692834,-38.8608890615825,-36.8346700328697,-33.6141667107404,-30.8743340721024,-28.2440566140735,-27.1610548990385,-26.068022810586,-25.0434272582675,-25.0322173478621,-25.3734008304411,-25.570046978504,-25.8346085833286,-27.6021963468792,-30.1824720549513,-31.7878283181218,-34.0226584551247,-38.0120567262409,-43.0335996334901,-44.1668363916856,-51.0674832122171,-53.2924970395076,-51.4059992507527,-60.4456581497506,-58.8308511284527,-51.3466664262004,-54.3179120297957,-59.3387451858533,-54.3743316114228,-54.9764978456593,-54.636551521231,-56.2612536316568,-52.7367461000187,-51.0916420917513,-53.3301903318835,-53.3950262114483,-53.6059036073486,-55.2169459885522
-51.6331180338279,-50.6985719337675,-49.8477002210589,-47.4308598348656,-48.6494191186842,-50.4538324899072,-49.9270419274594,-55.7933968883909,-59.1324141259879,-50.5881164895647,-48.8565018354776,-48.6177972016157,-47.3319910771834,-48.5141604514392,-52.2782246259097,-53.7304271991324,-53.1016088509763,-53.0957547004123,-52.2060193901847,-59.0488205507447,-42.9285147963837,-38.2947657281771,-36.4458427599437,-33.3940727722281,-30.5038721901125,-28.3068255700027,-27.0805850541914,-26.1101046819392,-25.2604659229631,-25.3022007525591,-25.454840278926,-25.5951643293561,-26.2657146884975,-28.1776482201897,-30.7072890444068,-32.2572077180067,-34.7950632919153,-39.1821636796446,-44.5939805863333,-46.1704643712565,-52.7843802520208,-54.561643242259,-56.3960120121879,-59.400639465431,-58.8728753726104,-51.594879217428,-59.3106898593022,-53.225932938666,-51.9350369603201,-53.1408597260386,-52.3949128444948,-54.3566733719068,-50.8069751461379,-50.902838189152,-54.3818507502812,-53.3197666374678,-55.4041636859701,-58.4601574167696
-52.6225916856946,-50.4643876717187,-51.5909532310914,-49.2862413367701,-48.3749961016626,-50.8324857467355,-53.7624599868525,-56.5023368433804,-64.7064277768047,-56.753674196582,-52.4174744203756,-51.2145996481161,-50.0469768804002,-50.6750109002135,-54.4304137736843,-66.7686733662684,-57.3933480931219,-56.1733969172381,-52.8298698770019,-53.9903657927809,-41.953602770184,-38.5280599021285,-36.2711156342924,-33.1432250301954,-30.4765482887912,-28.6172615908641,-27.0375144415568,-26.2273329526853,-25.6097327501619,-25.5157799321121,-25.4831522384671,-25.7081398595463,-26.8805405498261,-28.8527343742232,-31.0183537612144,-32.7647377768681,-35.6890910871435,-40.3489345598965,-45.7293738715797,-47.4652297755527,-53.5382358591858,-57.0700181600142,-54.9973487936164,-59.0642327878569,-57.145036771095,-54.2186455236933,-63.5541174938177,-50.4427708048842,-51.3793011503477,-52.3064681963794,-51.1582698914725,-51.8904309163411,-50.0171204524362,-51.1923010471758,-54.1078294976399,-53.0157440210934,-55.7249339536661,-59.5790218344777
-52.7404016560231,-51.0024106852557,-52.9605601247609,-51.4930331419052,-48.5655989171443,-50.3939826473562,-56.5149004534433,-54.7791413149435,-52.6748878694266,-54.8312282376309,-61.8675610076609,-64.3748294000367,-54.193056032652,-51.720479582527,-51.1584798620311,-55.0687216230508,-64.1685477383995,-61.5198103656399,-50.7259426546732,-50.5019272241596,-41.9673846928497,-39.1653101169269,-35.9476215602067,-33.1952929640948,-30.8351813567332,-29.0333158392657,-27.1254683108359,-26.4557059400137,-25.9978742783445,-25.675979726523,-25.5689999180651,-25.9651494779,-27.5229559380982,-29.5126876737407,-31.1801472027397,-33.0734919034998,-36.4436011553631,-41.4669893062341,-46.7735416995326,-48.3293359518588,-54.5309614411355,-55.2027879180653,-52.1810172958038,-61.4750862215141,-56.7205254609382,-61.6306182437977,-54.453777271233,-49.8369191548224,-52.0883104210967,-51.6794494606271,-50.4734331833816,-49.9974537636634,-49.9946768315825,-51.8069471228574,-52.8886522791973,-52.528533350101,-54.400920574978,-57.4089592422319
-53.4712957119131,-52.3244151191855,-53.402841821358,-52.8047039768639,-49.0475324575116,-49.9123998680703,-55.3092332057069,-52.3276144683242,-48.395678914653,-48.0535709490959,-49.5591102897079,-53.6791905856358,-53.2671692766224,-49.9351448913214,-48.4793939091335,-50.4618533148414,-58.1727942445069,-59.7005427448697,-48.7679158448269,-49.1931901032559,-42.7542044201249,-39.8324113676216,-35.8271297011233,-33.7839833483439,-31.4153412189659,-29.4585436947618,-27.4429400017695,-26.7808465807069,-26.338406621151,-25.8434303442701,-25.7926977243589,-26.3965350034897,-28.0666745098429,-29.9625121656659,-31.304464067038,-33.1907961257713,-36.8881653264316,-42.2375263290048,-47.9975675928522,-49.4595508373393,-56.7089879651163,-52.6605145031647,-52.4758378331745,-65.8941898746754,-58.1376439238397,-59.7141107765628,-50.6592395691951,-51.1207901846173,-52.718681869421,-51.0071570185526,-50.1385721729177,-48.9865667139264,-50.348973291963,-52.3831348871139,-51.6513352206778,-52.1351312350298,-53.4123091292686,-55.6664831439016
-55.0838400962822,-53.0453777890646,-52.2726744539501,-52.4066457311228,-49.5910720290422,-48.884049275796,-51.0931867972656,-50.2360942369543,-47.1668898919378,-46.0410321821906,-46.4003421334537,-49.3070334585329,-52.6511219408128,-51.0884444331419,-49.7317148121209,-51.2153388549584,-59.4620681800258,-58.7727123454153,-48.6402229276043,-49.505140013171,-43.7534138069036,-40.8138569129622,-36.4467054986031,-34.8294062874965,-31.9750404467963,-29.9212364886646,-28.0194089461445,-27.1503482895634,-26.6083646253429,-26.0920838984973,-26.1788512680149,-26.9756985562794,-28.4653248035399,-30.0610776360523,-31.3870030654602,-33.3049218997096,-37.1068059065884,-42.3426029559401,-48.2855554215729,-49.7824723922235,-60.0071908819388,-52.3230865393421,-56.4407363012307,-60.8402299033022,-60.3034431639219,-53.5410725983342,-49.837477999398,-54.3033179333442,-51.8211587115327,-50.4018232856786,-50.1012675743709,-48.913725707298,-50.9210446584665,-52.6333789735305,-51.056706715441,-52.2640461210483,-53.618840523991,-55.2593465488623
-56.0517403327027,-52.1185521805644,-50.4524675521425,-51.0279672318224,-50.0501933978694,-47.7161275585679,-47.4227511790954,-47.8112572521328,-47.4851514005862,-46.8406292859835,-46.9954238202834,-48.8830159330928,-52.482910854742,-56.0723525276944,-56.2021864197334,-57.7302235995187,-76.089737015062,-58.8620047391917,-50.4358371906985,-50.4271109939344,-45.0560170507008,-42.8190033662075,-37.9075858867786,-35.8762729930157,-32.4327863181217,-30.5009351900227,-28.7705523343826,-27.5140072921696,-26.8580044056451,-26.4655321346375,-26.6968498533473,-27.5976460320376,-28.7228090402711,-29.8738536145999,-31.3314504829753,-33.4857380158747,-37.2616889265483,-42.073075379831,-47.1377392531971,-48.5122973910471,-64.2123531224081,-53.9130934105174,-62.5413370975378,-57.2913139356377,-59.4535303630666,-51.7613041856798,-51.6470113781236,-56.9127795244033,-50.427579893794,-50.057926192695,-50.2882851773413,-49.7032507596202,-51.6509523321554,-52.607918984655,-51.4046130561635,-53.3095718642334,-55.2642180392667,-56.2348379747079
-55.7917652132701,-51.3933980933434,-49.4400142942496,-49.8667527596963,-50.2875191540445,-47.2196478228789,-45.4137654317485,-45.72287764564,-47.6591789625166,-49.4987255193428,-50.6605561899648,-49.7600831635325,-49.3107419321241,-50.7716024280883,-51.7187831003443,-53.5668536065907,-54.8251453322013,-55.9676701213356,-53.8301785359553,-51.0596184519374,-47.6626896989758,-45.9748533667496,-39.3879280505154,-36.4404070100896,-32.9362485296869,-31.1886805438848,-29.5146143191943,-27.8750098329211,-27.1668859546959,-26.954385526226,-27.2641352774904,-28.1023301466379,-28.8544149055134,-29.630589550513,-31.1482580107942,-33.6343913388528,-37.3855236071383,-41.8775183554535,-45.9541768391514,-47.2693537699606,-71.7983166664535,-55.6569182181782,-57.1361665082156,-57.4518631511025,-57.4935191153527,-52.9062960950569,-56.9472673187423,-53.712079217496,-49.7872689751656,-50.0848626606762,-50.5356206154957,-51.0784938447168,-52.3424759780381,-52.4885571778154,-52.7231817332547,-55.6475962679162,-58.717641944416,-58.855554756538
-56.2782337048377,-52.2289725827816,-49.8076200122391,-49.5842781945834,-50.2686812082029,-47.6274818606904,-45.0550642333276,-44.8506072882516,-47.0459760723017,-51.1783292377316,-57.4520295390028,-51.2064930564821,-47.4468580223627,-46.6728593414646,-46.7238240136321,-47.8880225956411,-49.9433273765117,-53.4664572393621,-58.5677354112155,-52.5593561525659,-51.0812300891094,-47.342403136714,-39.6174415983559,-36.6896555534842,-33.6089382063565,-31.8172885045822,-30.0842067746273,-28.2925160932682,-27.5829548403438,-27.4887684952078,-27.7575908973281,-28.3612170117386,-28.880980787462,-29.535974583019,-31.0304199399393,-33.7130732486307,-37.4583595784584,-41.8147460243117,-45.2616434725112,-46.7301848889219,-71.3551986077024,-55.1600014007242,-55.3386442739113,-62.4185794403199,-57.292274317237,-57.7447879943522,-58.3058268156921,-50.6839412620831,-50.1543263262989,-50.4529744552598,-50.7015813677503,-52.4149363420124,-52.794640466522,-52.366912285054,-54.5373351138897,-59.6052799982784,-65.1123693580874,-64.1471220726966
-58.847341147765,-55.1070338492925,-51.4854792096952,-50.1980657582616,-50.205680140159,-48.7964929626399,-46.2435479711032,-45.4894012189293,-46.8222674431943,-50.1105992322715,-57.855781157233,-55.0928569573678,-48.7515530539374,-46.4749488464619,-45.9479769988212,-46.4349691212287,-48.6247584192647,-52.4739982021651,-72.0814075189329,-58.3454181012877,-49.0154286628713,-45.8072882713155,-39.3311603885682,-37.1179602015185,-34.3182301664292,-32.1779784474679,-30.4630250132915,-28.8182578088941,-28.0810447331502,-27.9548134452803,-28.0675735473097,-28.3769453163143,-28.8388452343693,-29.6543150071826,-31.1774859903199,-33.879761837231,-37.5700130875902,-41.777323385718,-44.7316791278745,-46.4681758902286,-63.3208769007643,-54.6868685672804,-58.2496423884603,-68.6221463849202,-58.9636978644025,-64.7271293270693,-52.5982795161817,-49.5914755208417,-51.427237375488,-50.978709939787,-50.7823207431947,-52.8614899505116,-52.8576275360275,-52.1968774304641,-55.3698398998324,-62.5804049094817,-69.4646664660405,-71.8370043379514
-64.8314210147547,-59.6168077419997,-53.4703272198477,-51.0350953994145,-50.275283234619,-50.4301341145159,-48.8219644858855,-47.437049078148,-47.1828034499204,-48.2545665073768,-50.3892247390345,-52.3954279262536,-52.1713989332338,-49.6063838814645,-48.5257241700562,-47.9114311745125,-49.5256212264048,-52.246170418748,-58.0692893876303,-65.2594818363457,-46.3753101076407,-45.4514433241037,-39.8194787953946,-37.8017965097158,-34.7854615042769,-32.2912027594561,-30.7710597319145,-29.4280610818015,-28.5682500312219,-28.2607422190625,-28.1852935021112,-28.2898360368105,-28.8000069872531,-29.922987985801,-31.6283797724566,-34.3164071577359,-37.884074263943,-41.8665742881554,-44.2624036293507,-46.2268902865453,-59.5908798456028,-56.2954016985076,-67.1208515629118,-58.1932290714117,-60.2863671765857,-56.2012776861047,-50.4821848947002,-50.432334303989,-53.2149045534772,-51.4020308262023,-50.8225598462987,-52.1060374809869,-52.121826388781,-51.7887905504745,-54.4492794461825,-59.1655147486811,-62.1397749392775,-64.0906148088872
-73.9415502765303,-60.8114140470774,-54.1919735469673,-51.2499605204247,-50.3321528290387,-51.6369303890913,-51.7012480005134,-49.1515908681104,-46.9054972976262,-45.9455594070231,-45.4109399227872,-45.7850913512707,-48.0089391119853,-50.864997018276,-53.2987314918342,-52.4109071439382,-52.2109618021898,-52.6123436052077,-51.2833775355251,-52.7336959604012,-46.5498549196976,-47.4398928306876,-41.1594904019138,-38.3611559169281,-35.0143748607296,-32.4261280659209,-31.1177096194805,-30.0085967803259,-28.9527541561141,-28.4195704041761,-28.2210609907685,-28.2794556091317,-28.8744589287079,-30.2539076415428,-32.2423895430091,-35.0190932581025,-38.463018547955,-42.3400671088391,-44.2731860086487,-46.5047625721006,-57.2911767082614,-61.2549036195959,-58.5212453421757,-55.1192181390842,-58.6507937612623,-52.9272961260014,-51.1148092605472,-53.5569506526416,-54.2783360379238,-51.6054184120844,-50.8021007841586,-50.7358362145435,-50.6197970425802,-51.0675793716318,-53.0350288494859,-55.5397928744236,-57.5473979290311,-59.0378312569767
-67.6099096039527,-59.9202257386156,-54.5578242057875,-51.2062490354754,-50.128830055173,-50.8131872769707,-51.5872553023626,-48.7496524134036,-45.9720229964841,-44.2576323380681,-42.9327816325559,-42.7864239129158,-44.11306106303,-46.6217944705265,-50.5000812262993,-56.5039408500523,-56.4817583026943,-54.3492786488993,-48.9406235862612,-49.5220719968628,-50.1192075845086,-51.6721157998325,-42.2994299592086,-38.5823004548939,-35.3440796466464,-32.8018927009155,-31.4956687028966,-30.4239679577764,-29.226458491964,-28.5456593229771,-28.3186805240225,-28.4647357776198,-29.1622624238864,-30.6364389706065,-32.8161699562127,-35.7473149977256,-39.1402418546642,-43.2463316886099,-45.1009298068516,-47.8765628903433,-55.88567491791,-69.332958005708,-54.4248622711871,-55.3611037827017,-57.4927330350414,-52.9533045457445,-54.7905777270253,-58.7386124689284,-53.5934825063409,-51.7337066936189,-50.7056862226648,-49.525011131463,-49.2182733547661,-50.307815688785,-51.8184748920809,-52.9539359476597,-54.2396909540494,-55.6191816105718
-67.2383247309996,-61.5769990649647,-55.8701929008221,-51.652188658603,-49.7817949390079,-48.9427260624208,-49.3533925783762,-47.9581734966833,-45.8883599157473,-44.1827043778785,-42.771991258177,-42.4737694809196,-43.1316455764985,-44.7078986738009,-47.321254078508,-52.0461827879416,-57.0371146950192,-55.9531911131769,-49.8158992774673,-49.9823148991672,-55.7631926091846,-52.6918981430007,-42.455611247003,-38.8203282828701,-35.9961278179213,-33.3801600435527,-31.7933151880647,-30.628261686144,-29.4618547111896,-28.7600453553702,-28.5690553538534,-28.864495351566,-29.6853417415683,-31.1215814794629,-33.2640337775459,-36.1942244722475,-39.5572732535594,-44.0638767398646,-46.2916953247794,-49.9051553906318,-55.8390499495459,-61.0893254601635,-53.4542207387905,-58.1406202723595,-58.7295613750714,-56.1329244635139,-66.2513886714585,-57.2104672001765,-52.5902702561892,-52.0086941710219,-50.6248690363109,-48.9235046157881,-48.546831452565,-49.8034788005243,-50.724481923751,-50.9922584853773,-51.6863737414652,-52.8602719094612
-84.4890717041571,-64.281272869568,-57.0450308525927,-52.4485250217131,-49.6982574040011,-47.9392642376443,-47.8319254376837,-48.066730305932,-47.5191788567346,-46.3608708837795,-45.2243575204488,-44.7256449449402,-44.5071949248427,-45.0418843618667,-46.2550140281069,-48.6462698795633,-51.4463640733733,-52.1511059709302,-55.0362853727429,-54.7566883078376,-50.7568469542689,-50.2646336402963,-42.6370241740597,-39.4092177779785,-36.795896486097,-33.8991152290928,-31.9319146179895,-30.705828993629,-29.7285311136191,-29.1066289084964,-28.978507245101,-29.4046630435755,-30.3482621095623,-31.7089304502811,-33.6454294729042,-36.3054623339454,-39.5089043683357,-43.9623672925346,-46.2601705413477,-49.7556314275769,-58.1511497287805,-56.3478180972111,-53.410865522531,-61.1852439588027,-62.6890949610994,-62.7686727929494,-61.2399759678527,-54.0661337695669,-52.576569950058,-52.4654298338433,-50.7062730912955,-49.073526429377,-48.7019437031189,-49.5160931713714,-49.6211432622672,-49.47155679057,-49.8123762358021,-50.6805306969584
-62.2133354088409,-59.1751057812709,-55.9902461651077,-52.943736492555,-50.2347188221716,-48.4482816305745,-47.7335156101586,-48.975865573491,-51.0304594344214,-52.1088027006907,-52.0659091336654,-50.040883467794,-47.485327774691,-46.3977032160427,-46.0023510706609,-46.683895949209,-47.789718774583,-48.5947632604806,-57.049520683059,-65.6576903072963,-48.15220973165,-50.311604469794,-43.6835226722235,-40.184620733949,-37.3149916660575,-34.1700098612715,-31.9879640758296,-30.7807408562769,-30.0221404070935,-29.5211444564707,-29.461874023108,-29.945536364511,-30.9553098613715,-32.2761223330819,-34.0130715037872,-36.2984102533941,-39.2192250531532,-43.1753490684665,-44.9429240526128,-47.6552379915823,-65.6678751199107,-53.6646935542176,-53.1194041019781,-60.0679936451588,-61.5384918111772,-57.9339022569085,-55.0815553727969,-53.6456227395786,-53.6782474576507,-52.8313331733833,-51.0490243470072,-49.9057673230595,-49.406647807887,-49.1936543697657,-48.6293214706729,-48.399864928319,-48.6071393258258,-49.1578511656152
-54.0595463901011,-53.7581354053127,-53.7973695069508,-53.0571335515978,-51.6183075364577,-50.7176949471007,-49.3850474785627,-50.561031115147,-54.4108044251069,-61.8728717827491,-63.8017060318583,-54.3182157046685,-49.4359244651378,-47.3148594264079,-46.1704440297789,-45.9843765851371,-46.3128791281699,-47.1930291916748,-49.6003166051574,-52.5718601753001,-49.214682924847,-53.9843986177016,-45.3265562795888,-40.6981051820239,-37.4415162121788,-34.3121571838159,-32.1014580572232,-30.8947921561588,-30.2471342818539,-29.8458359517048,-29.8506762005361,-30.3202492837233,-31.2998738200579,-32.6278826062714,-34.3167237121332,-36.3727262762759,-39.0591223044839,-42.65255006351,-44.0076506821393,-46.4184140106373,-62.2137484738081,-52.3712860558658,-53.4468924813012,-58.7967378786814,-56.4623050307847,-53.7518261934141,-53.6495565471359,-55.3544224960502,-54.7675834542151,-52.8269522631214,-51.6946056318258,-51.1715511333904,-50.1984277347354,-48.8618750109401,-48.0590675741602,-47.8762500494335,-48.0413347464153,-48.3014901419814
-49.6523499148012,-50.1960719720226,-51.4601290086027,-52.7248742425143,-53.6764122761584,-54.9552514052453,-53.2718594327848,-53.3025516013851,-54.9070898313953,-55.4699542829912,-53.6237471694065,-52.404136737885,-50.1040158351728,-48.4090824182991,-47.4940120991089,-46.8178322238327,-46.7037569008709,-47.6242640890248,-46.7483917312617,-48.4748610527094,-55.2189461100628,-65.5395156870342,-46.2721441483154,-40.8238206484148,-37.4667866456282,-34.4942071353887,-32.2835600817389,-30.9652857000138,-30.2712788467557,-29.9153787016981,-29.9676177312845,-30.4034680632973,-31.2926054659067,-32.641929614519,-34.4473336670149,-36.555197410083,-39.2362667676416,-42.8967229219179,-44.1978891622171,-46.7103172866522,-55.0074472198556,-52.5737418798735,-55.9342938799332,-57.5821082678253,-53.7625944800134,-52.7023348090287,-54.5732517353276,-57.4937148435675,-54.3371370353723,-52.7469507909957,-52.7111610919077,-52.591609603753,-50.9750888899846,-48.9940846806511,-48.2342170631709,-48.0207350161337,-48.0501735356953,-48.0325333240862
-47.293876796151,-48.0972215912245,-49.404258038238,-51.43265300226,-54.5462271730231,-59.4577866008675,-58.6457720868067,-57.6778260655667,-56.837914348161,-55.6643610413165,-54.601693746008,-54.8185087819536,-53.419147641103,-51.8000905589304,-51.0561155267288,-49.4930991861224,-48.7538052538498,-49.4128066134787,-46.371083332622,-47.150469948326,-63.5895284206391,-54.0005939046681,-45.4197411002836,-40.5790645665763,-37.4191735210663,-34.6058296643796,-32.3688960462042,-30.8724247766384,-30.0519433938749,-29.6967891271715,-29.767204082734,-30.1967780771798,-31.0142690965514,-32.3727513278105,-34.3444998342008,-36.7247333137058,-39.7422849260848,-43.9945289630623,-45.7060144827917,-48.8361675362041,-51.8212599009877,-54.460067738141,-60.448956074052,-54.9100811393038,-52.7533354560484,-53.6162725963048,-56.4941643381177,-56.5279827978571,-53.5106309471482,-53.2453444589508,-54.3142822184433,-54.3228297708084,-52.3638622178319,-50.2110787467564,-49.4341218655403,-48.8904690032953,-48.4998469792967,-48.1797119325504
-46.4975322635966,-47.2973962531627,-48.1950527290495,-49.8733646841623,-52.8510607592926,-58.1719143976956,-58.1848871837468,-59.2205712272919,-61.9277015697221,-64.2462340835393,-69.3008296106113,-71.7549049150269,-66.0087870622252,-61.3142890480127,-58.3981807196688,-53.9661156134401,-51.8564926145896,-51.4701246786027,-47.5505921625287,-47.2254069589904,-50.134307715736,-48.0737610898797,-43.4040308050963,-39.6803390798688,-36.919301263758,-34.3632541244334,-32.1968502416573,-30.6124882326675,-29.702189800941,-29.3248238437041,-29.3754748568664,-29.8221431871394,-30.6244241808563,-31.980908223654,-34.0470806992561,-36.7071242819038,-40.295750846785,-45.6022634624071,-48.50008545612,-53.9738437727444,-50.5242467621022,-57.0104961324263,-56.3092336559199,-52.4421276710308,-52.7819618716163,-55.1738284959992,-55.9483174207578,-54.1345876593269,-53.4513147015818,-54.6954114988193,-56.9220162900568,-57.4040182257103,-55.5944333730947,-53.2696874314451,-51.7869410951773,-50.2372586242795,-49.1047786780037,-48.4620567269585
-47.0747593155925,-47.7315646833115,-48.180255979794,-49.1791652935877,-51.2046514880601,-55.5236422282217,-57.2427677053671,-57.1478784117445,-59.1008583696929,-59.5450516898052,-57.2148013011255,-57.1993492814985,-59.6455987281233,-66.471760636357,-65.4598204929413,-57.7117642530289,-54.0191688173445,-51.9847468097284,-49.60929976034,-48.1257451813586,-45.6839714457803,-45.1392946569987,-41.4712314678353,-38.3290803115211,-35.9361987719725,-33.7618264206206,-31.826592103226,-30.3150252346294,-29.3909939938899,-28.9772319686248,-28.9680668752951,-29.4129091656395,-30.229985103658,-31.5769979219099,-33.620477027806,-36.371153550657,-40.277585832764,-46.1902614359431,-50.0906171774458,-58.1904638514278,-50.3919975505183,-55.6517645475121,-51.9384568935278,-51.2718132548048,-53.3953195472337,-55.227621754082,-53.513608782342,-52.443698898635,-53.7584777688479,-56.4990411278587,-60.3990788296815,-64.795348965513,-64.710396457513,-58.6871049982102,-54.024842857402,-51.005500991522,-49.3822901536604,-48.5458993206035
-48.9226706460277,-49.326843102231,-49.4833154338326,-49.8375166712011,-50.9750230196721,-54.0250055888156,-59.0305692150957,-57.772111654609,-56.3697379596314,-54.6260098897983,-53.0524658860644,-54.3051343203359,-57.1550906559467,-63.5767840496848,-63.6343717601873,-56.5698705857822,-52.8681363251188,-50.2707166179206,-51.6393162898732,-49.5447574587462,-43.7423874822006,-43.9323663468413,-40.4521475819203,-37.3313871635751,-35.0446253188601,-33.1499870755123,-31.4650401293822,-30.1042710070356,-29.2104161373111,-28.7544999920379,-28.6608191136682,-29.0476262375223,-29.8541970211418,-31.1643429436412,-33.0828702951223,-35.6955448907539,-39.2940709241143,-44.3573235447807,-46.8912556873417,-50.1274070047808,-51.0293102347434,-52.5654524200935,-50.0555851420892,-51.4524925649597,-54.4796732692585,-54.4345445134908,-52.2314155578635,-51.8098724197555,-53.7322587778285,-56.5743833885869,-59.6333239097712,-62.4705837633275,-61.8833800934592,-56.5547413960513,-52.6242219464018,-50.1793741480095,-48.9844181476177,-48.2685152720849
-51.8531792280937,-51.8494920841921,-52.0066660974184,-51.9260112383157,-52.4102527554628,-53.9997169579106,-60.8153689845033,-62.7430214123647,-58.1018068768638,-55.5406531467428,-55.0449287594999,-58.5617805299062,-66.1928046718987,-67.5895483328174,-55.5883952223427,-51.9216053987288,-49.4891487242399,-47.6147455813103,-51.1454872321404,-50.4704139096359,-43.6819860600674,-44.42413802517,-40.8269770170979,-37.2638059950357,-34.7377057694938,-32.835270004224,-31.249745868245,-29.995300030339,-29.1307903328973,-28.6479285817672,-28.4873629142218,-28.7676488931816,-29.5084215065515,-30.7290599154325,-32.4697133327467,-34.8363595185261,-37.8790435458675,-41.8560173106664,-43.5759455242842,-45.9383085551031,-52.0374726093578,-50.5695337202361,-49.5756133077282,-52.638545127319,-56.5349430086,-54.9716549819101,-52.9071627763555,-52.6753153787905,-53.9450494622549,-55.0945496480013,-55.3846898032857,-54.6436606817206,-53.5021140327647,-51.4725241620413,-49.8556645373689,-48.7081838401301,-48.1655422641138,-47.7936721564476
-55.2279213872631,-54.5981407368459,-54.9825601655974,-54.8891017720217,-55.3326533870265,-55.6808980526111,-60.331674241506,-68.5328512995824,-66.6180386208254,-63.2866660959551,-67.6503872288822,-69.3008293417751,-59.27796210584,-53.5785383958311,-49.5779604532457,-47.9021156241296,-46.5893843753878,-45.5455127331444,-47.9010108697533,-49.0470612846198,-45.9836023822958,-47.4328110855883,-43.0723051270845,-38.2783631300962,-35.088882805036,-32.8466873737944,-31.1470348933346,-29.8882741683477,-29.0292516860807,-28.5599718864711,-28.4072990642954,-28.5973109711431,-29.249426078269,-30.3475172763316,-31.9260508865032,-34.0976907232799,-36.7950178905671,-40.1230829872533,-41.7655852134133,-44.086182898251,-52.6488525310829,-49.3831435310758,-49.4826191103115,-53.6708004063204,-60.4541588667146,-58.5978831860898,-56.6930397631757,-56.0552272504572,-55.1105253246896,-53.659565521029,-52.2766455573813,-50.8845729744607,-49.8931212708796,-48.8079528708809,-48.0805204254675,-47.6701664641666,-47.4644091071295,-47.4344658787396
-57.2445631072807,-56.2272705366691,-56.5516228868543,-56.6304963843833,-57.415645277766,-57.6759101216466,-61.1242995292644,-62.5392122697686,-64.7749331218485,-66.1776197642589,-60.9045050583284,-56.156619114152,-52.6606337363448,-49.2668707241677,-46.8284701451724,-45.7991008102853,-45.1403485067274,-44.686181504858,-45.191752064727,-46.5898303033065,-53.2860074246806,-58.1937249229293,-47.0890085991586,-39.6917358052573,-35.5813228146618,-32.8701961599068,-30.9594999602924,-29.6314216690347,-28.7692394595219,-28.3602830965418,-28.3198116101548,-28.5235060397093,-29.1403399244081,-30.1524725667664,-31.6448527217344,-33.7641566059535,-36.4395142898079,-39.5334052965013,-41.4868898077491,-43.925753448931,-51.9479008583284,-48.569884965134,-49.1006223181022,-52.9602074989478,-60.0663382949902,-67.3777254023146,-75.4307955193571,-61.0486497490634,-55.1546174905842,-52.1329915845518,-50.3026417541188,-49.0069275148553,-48.2308466707818,-47.7148385811493,-47.4012355143469,-47.3419111611279,-47.2318349804217,-47.4314005007384
-56.1911193301672,-55.7529895213546,-56.0662261670672,-56.4006317236067,-56.370037968462,-56.5091981207412,-61.7431152342642,-61.7868063025888,-60.0609256859022,-59.5275255505835,-57.7675686776643,-55.0592961283705,-51.6468234106355,-48.3752862294799,-46.3563717340539,-45.4836456058755,-45.2005275596115,-45.1289378550004,-43.9223686743603,-44.9021018417236,-53.7755408576543,-52.0731656356362,-45.5021410835383,-39.2525006680698,-35.1776876673996,-32.4188485074766,-30.4708314411403,-29.1398744207218,-28.3049783347951,-27.9762061270645,-28.1093609017721,-28.4723589842119,-29.1718884950782,-30.2062918421453,-31.7190012018281,-33.950046923614,-36.9035572911495,-40.2317925750288,-42.9125418185475,-45.5624969372308,-50.2734890642899,-48.1476652948383,-48.7205654794627,-51.2047346268737,-53.6709166638953,-55.4256122341939,-56.0910255529933,-54.2958284565886,-51.970450479301,-50.3313911238532,-49.1077648566994,-48.3173926436211,-47.8252454372071,-47.7348293023637,-47.6407146992782,-47.7050283336863,-47.6039935154633,-47.9030520789689
-53.9844198222621,-54.1368622551024,-54.7266370225705,-55.9927464723228,-55.7136389761286,-55.2369822874395,-59.1013392100104,-63.2091744881911,-61.3018177478215,-61.7675496765104,-66.018302872285,-57.9172774028631,-52.437285459991,-49.0836489394166,-47.1799409122351,-46.4967755925684,-46.5112634928398,-46.713133333241,-44.0141171956962,-44.298104573769,-45.3466408080522,-44.3267492662251,-40.918458741188,-37.0083378011775,-33.7897783559416,-31.4341599184066,-29.6947664745734,-28.4844299840275,-27.7219611900651,-27.4539839277171,-27.7256872146392,-28.3330803272887,-29.2312744407781,-30.4164063337455,-32.0355270344654,-34.4771201578401,-37.903481200551,-42.1808228202496,-46.6079674312315,-50.2874661396429,-48.6494280223425,-48.3571064336871,-48.9026945931933,-49.6235699105328,-49.4406572182234,-49.5228120700373,-49.7119793660885,-49.434376962839,-49.0313928100066,-48.8351970826929,-48.5632924291201,-48.5018373086498,-48.3961803994654,-48.6432448852783,-48.6647451137018,-48.6958181624505,-48.597131997991,-48.8697983903241
-52.5323531097122,-52.9064910369692,-53.7282257250878,-56.1025317816828,-57.0350510153046,-56.457211496639,-58.1289672832643,-61.903887021006,-63.6297259023091,-63.8826240032562,-59.7358275450465,-53.7646515881875,-50.4731827570566,-48.6493944698525,-47.5976721211749,-47.7987069511705,-48.3230548652783,-48.8960686409099,-45.218777196973,-44.6389378138788,-42.1171210530591,-41.143220456417,-38.2927402804181,-35.1020604136008,-32.400359932991,-30.3791623326762,-28.8814711242647,-27.8356792450006,-27.1658151996972,-26.9198045217344,-27.2236871773216,-28.0267443641764,-29.1495228955499,-30.5484325878264,-32.2703492532384,-34.7957322834389,-38.4319120572785,-43.7801980755337,-50.4233263484224,-74.2829520218129,-47.5600070481592,-49.0093521475305,-49.4179829885172,-48.3385389727095,-46.9384640703334,-46.4662059112119,-46.6375339199959,-47.0038247394058,-47.490366393595,-48.1459796281096,-48.730156873974,-49.4499625267754,-49.8489678777355,-50.3429018097189,-50.4040930704082,-50.2563260030542,-50.1470374149995,-50.26042439685
-52.2200017567322,-52.6323070787449,-53.7547635843569,-57.0294170308167,-60.6438273224889,-59.8914350528905,-60.7520385753995,-61.3473370380168,-60.2177872064788,-57.1000493604762,-52.8649730025985,-50.0316705081485,-48.1539555618053,-47.2149229704491,-47.2537087549266,-48.4874455777657,-49.6360850785648,-50.620431416044,-47.2454599006878,-45.7206128392585,-41.0179302291255,-39.8812549998466,-37.1430321732116,-34.0809594655665,-31.544425519743,-29.6368667581364,-28.2670592306584,-27.3356244347009,-26.7454234927787,-26.4904760746236,-26.7171103193483,-27.5627287727276,-28.8158742213119,-30.3813908487724,-32.1294162100603,-34.4346494886851,-37.609124330531,-41.9892412640595,-45.6160460050494,-49.6829585593841,-47.0478697177722,-48.8387207421412,-48.8272722792288,-47.1347618025249,-45.6612425166372,-45.0820870198739,-45.2847505640981,-46.0589672959402,-47.1345724607362,-48.3568396826286,-49.7084606131405,-51.2577356240387,-52.3747844837631,-52.956199057468,-52.8893617265142,-52.2974718792565,-52.0759535131818,-51.877018752453
-52.8199307207226,-53.1278222829241,-54.5455436511201,-58.0138716081516,-62.5551143749744,-58.2555095928588,-61.725434567207,-65.9676117366556,-59.1133985508202,-55.4521539441262,-52.2962591762398,-50.0496769796399,-48.156074269871,-47.2082111374753,-47.9088760801886,-49.5176753064057,-50.6277685492014,-51.0263167486849,-50.0710964077711,-47.4981862755299,-41.2285046833268,-39.7990292917127,-36.9116093802826,-33.7579137818138,-31.2141203390516,-29.2873306957806,-27.9314477012226,-27.0313978404703,-26.4897692791475,-26.2202723815112,-26.3106572997326,-27.0384404553416,-28.2792469613853,-29.9207058344164,-31.6895498656334,-33.7028974146437,-36.289554422126,-39.3871632467365,-41.8105072286437,-44.2347952582869,-46.9128062604287,-47.1706452164,-46.848950046661,-46.0481099013416,-45.3548986337809,-44.9959372805669,-45.2274736360672,-46.1892343897672,-47.5864075723367,-49.1972914160049,-51.3142353626186,-54.0351548526046,-56.8471448101918,-57.2786151304579,-56.2965825479906,-54.5383866624504,-53.9568726998066,-53.3391349974721
-53.6880206975075,-53.6478841200135,-54.4431249232321,-56.143405175098,-57.9914577625766,-54.8266813042956,-56.1095741853054,-69.1737783722642,-62.7463837655904,-58.7172131776314,-57.6636589058835,-53.7376806196107,-50.5440180204905,-49.435983800288,-50.8574382728135,-52.2212567170803,-51.683897807532,-50.2459118599426,-53.9045293451056,-50.438463259209,-42.5041266234904,-40.483226431191,-37.1024939600463,-33.7671901444792,-31.1621199551414,-29.2033672626981,-27.8132822976319,-26.8820608691527,-26.3554617663586,-26.0947387151167,-26.0669710751345,-26.5924484584558,-27.7251796252616,-29.3929640568052,-31.282961062872,-33.2114932721314,-35.4815286087212,-37.9316294538882,-40.1770725153476,-42.0872503359014,-46.8322595527615,-45.472915605333,-45.1238337426012,-45.405143100262,-45.8728737059753,-46.0486282596547,-46.3260663467622,-47.2026186821078,-48.4715827917801,-50.0577078562022,-52.4571772071575,-56.2594261861901,-64.1146252354185,-67.3576982104281,-60.2846843436729,-56.2081600196527,-55.0282978867154,-54.1711505190208
-53.8669739050606,-53.4648580498281,-52.9031978034063,-53.191775622741,-54.784635187604,-54.08823595182,-53.5561260773324,-59.6792127763526,-86.3107074842983,-71.2545460914227,-62.2579400178112,-54.3952083900918,-51.9337997549498,-52.9130105318064,-57.3834667806281,-56.3184300861168,-51.9044367931699,-49.3220070365508,-54.6743934374919,-55.975225104134,-44.8377616261967,-41.5358456338852,-37.3079835199747,-33.7666373888677,-31.1164016309767,-29.1845170742745,-27.7799370212009,-26.8003576325505,-26.2620757571902,-26.0486036840986,-25.9978100197451,-26.3430245055434,-27.3505229491897,-29.0420898524706,-31.1610414320314,-33.268008289741,-35.5017506350223,-37.7347102866239,-40.1999186313835,-41.9140941458272,-46.6681227280393,-44.7640841941511,-44.532848502346,-45.5748597071436,-47.1237424198929,-48.1066309863482,-48.5075793151123,-48.9922883434381,-49.5916666255212,-50.5112886094597,-52.0695503814266,-54.6938833285488,-58.6774099451953,-63.3113945455765,-60.2494664149248,-56.418976438207,-54.8802955978647,-54.2003484977609
-52.8769632208061,-52.7083865107121,-51.6365003519049,-51.5993833209015,-53.6340268707496,-56.0168609383735,-53.9418581669771,-57.0459051251601,-64.5656474796727,-60.3397690128466,-52.8744445546089,-49.93736944179,-49.6670657774248,-53.13977124322,-67.8345070954054,-56.7787657763925,-51.4445194671653,-49.3584461938607,-51.2179166742687,-59.7283426696597,-47.0418618100566,-42.2729360557748,-37.3466607581507,-33.6448371457976,-30.9828586621504,-29.1021903938275,-27.7145636113217,-26.7050338818507,-26.1395006158665,-25.9986999337396,-26.0610251520857,-26.3393184753422,-27.258280529186,-28.9840193976154,-31.3869661796901,-33.8954205647995,-36.3814060548735,-38.7371548384261,-41.8100425659565,-43.5019346989558,-46.6784594124436,-45.3043913096839,-45.3434425890151,-46.8984321891977,-49.0812393528958,-50.840110296456,-51.4828535096608,-51.327148195178,-50.9607436091749,-50.9149454214951,-51.3504397927905,-52.4880049655211,-54.070443134744,-56.1483615618667,-56.7236770750458,-55.5198163368276,-54.1044629792999,-53.7279820879346
-51.3228608130409,-51.8294807893953,-51.3757664249759,-51.5987183572319,-54.2986053483073,-60.7569354461538,-56.4059687226372,-57.966511682142,-61.9299104255388,-58.2813631991912,-51.4859831071222,-48.8398601701441,-48.9554709693775,-53.1774383910808,-85.4921792037562,-54.9416382645387,-51.657584960992,-51.0523647373939,-49.596531859555,-53.4534516016482,-45.7206666107773,-41.8626760671016,-37.1534623820152,-33.4773013224541,-30.8464860141111,-28.9652922762072,-27.5773289211032,-26.5584634429726,-25.9637925302172,-25.8863208202731,-26.1675827516159,-26.5375080113574,-27.4175773343175,-29.1597983345812,-31.8356979788211,-34.9080451707356,-38.0388680145824,-40.9934921960657,-45.4468749314742,-47.1370922294534,-47.2312896161347,-47.1312626134452,-47.7579792975908,-49.8475580748098,-51.881955222525,-53.3632602152765,-53.9500836436489,-53.3564735156078,-52.4637458019721,-51.8069439928254,-51.5716830989259,-51.811056486208,-52.4857975204189,-53.43530745655,-54.2804781148367,-54.4505585386472,-53.3809403042428,-53.1276598744144
-50.1109380311644,-51.1164363591182,-51.9661537411314,-52.8223007097711,-56.1284042681324,-63.2799197058671,-56.5167183213722,-60.5833406077729,-64.6985461030903,-64.3129369135237,-55.0585809717351,-50.8714450914128,-51.1664811716476,-57.3645668639782,-58.7448845786756,-52.949248752457,-52.7200359133138,-55.1267840723525,-50.6592126015751,-51.0662836030647,-43.436800514413,-40.6525865397964,-36.6551161400739,-33.2803218362607,-30.7638859809238,-28.8334725587112,-27.3924583105513,-26.3681873274361,-25.7584531246892,-25.7059908133272,-26.211696481405,-26.8068094673113,-27.6792758292074,-29.3574428808999,-32.2087568451748,-35.8803506666497,-40.0677272915706,-44.4595083535375,-53.0055620374148,-54.2060410124788,-48.4077712844999,-49.9643026751444,-51.7125920010293,-55.3978496838897,-56.1400532150373,-54.7134694005857,-54.1161249841851,-53.7862491349022,-53.5806821093362,-53.2931831684881,-53.1237940714846,-52.9567392674896,-53.162384902605,-53.0944602488767,-53.3411804446371,-53.6731740992403,-52.906506688368,-52.5520303683844
-49.7870092490064,-50.8115564509369,-52.9080312119884,-54.1384769654949,-55.7686303442967,-58.7252574331584,-53.7094275094644,-58.2622190101379,-72.1077202802904,-64.4558611569025,-56.2593477012704,-53.3453761265028,-56.8910189095167,-59.0418198708877,-51.0387331731408,-50.466263756242,-53.8383465572956,-63.2131843157152,-55.6027199766239,-52.0684619645143,-42.7269592607694,-39.7283129868397,-35.9764360390557,-32.9719794919924,-30.6483952934042,-28.7032135913611,-27.1885564928329,-26.1601770196783,-25.5654317574361,-25.4969297861052,-26.1198068137617,-26.9786638427471,-27.8643112449172,-29.3678923503958,-32.2088009243139,-36.2566992207335,-41.1592714206964,-46.6487082925623,-55.9649145350041,-66.539456874341,-49.6994656756143,-52.4247788957723,-54.1691830885183,-60.755962194023,-64.0058051760269,-55.4446816011968,-53.1274192757357,-52.9452770781898,-53.8466939314811,-54.9212827333601,-55.8558634085265,-56.1779818158369,-56.5524745140999,-55.1755371346282,-53.8883176388699,-53.2734097952568,-52.5159922689548,-51.9258910607391
-50.5713385821039,-51.0572424343844,-53.4784060178933,-54.0281984901661,-52.8914609028621,-55.279733203326,-52.400531332397,-54.5503417248554,-72.8967491745122,-55.5404914250942,-49.9568387917982,-51.2604015777349,-64.475857976873,-52.4057456816648,-47.6733880942374,-48.9891873728995,-55.0380048290035,-62.625894907044,-74.2341147855703,-57.8937426898275,-43.6308693985596,-39.5141037041453,-35.4202980272004,-32.5481393280721,-30.3745490461726,-28.4978057485821,-26.9617787414232,-25.9521013593629,-25.41220975839,-25.3080846090523,-25.887107508018,-26.9366542542497,-27.8935031296667,-29.1935585528867,-31.8316748284166,-35.8461150887798,-40.309731423478,-44.2639925027534,-48.3120734463954,-54.1204541903173,-50.3044064135774,-53.2644085703367,-52.9473587868597,-55.5622110857444,-62.8614400075089,-56.5072067627822,-52.5876801390515,-52.0037576674374,-53.2872891536639,-55.5280263795617,-57.7259639755093,-59.7301212951222,-64.9527701884398,-61.9006925952216,-55.7379544051117,-53.0569304418366,-51.8848395224994,-51.0686694381314
-52.4235909490093,-51.7812613145281,-53.0603622105852,-52.9317123301843,-50.9546052465594,-53.0975415749175,-52.9563771100584,-52.3928726322713,-63.3164057444537,-53.2741056838669,-47.6635639505214,-50.2204731495782,-78.3295079573965,-49.7666568147756,-46.8992508881553,-49.3857859303998,-56.217164097714,-55.7534863533466,-55.2791573747172,-61.2700233683369,-44.5436276296692,-39.5674973288693,-35.0953020759844,-32.1286337562226,-29.9552980134247,-28.1598512668224,-26.6910529585582,-25.7467217525772,-25.2958571286813,-25.1685538636406,-25.5752490398985,-26.6850093671088,-27.8150572467538,-29.0041830082649,-31.3171213019364,-35.0002849869887,-38.7964905598621,-41.7078338598292,-45.0889203871995,-49.2166350876595,-50.5553455036055,-54.0046930510813,-52.7188257983964,-52.766426114836,-55.7383187148756,-56.8683943927586,-52.8995463579105,-51.485364477392,-52.1603158361519,-54.2026176941916,-55.8981208963379,-56.6965611930842,-59.2573204259654,-62.6923185357473,-56.3086412293889,-52.4921039192514,-50.8403660805924,-49.9275001535885
-54.7196242925019,-52.713131154189,-51.9751589776998,-51.9418269257233,-50.6193646916575,-52.1541777999856,-55.0361584418208,-51.3779256926215,-55.7338338905823,-53.1971702647216,-48.4191085860005,-52.2096736773099,-57.6608232156483,-48.8551198208891,-48.2034659531441,-51.7643945398444,-53.6988247292396,-51.7231116580231,-50.6454031035305,-51.8327735879893,-42.9857697126616,-38.9233396399292,-34.7653357684621,-31.7996135888649,-29.5355245558298,-27.7385922425273,-26.3834180384805,-25.545461151599,-25.1900491383618,-25.0782197825477,-25.2784558559839,-26.3289732290649,-27.703369756618,-28.9191981323898,-30.8653095390068,-34.1574605341157,-37.7268369594872,-40.431788277689,-43.7684617820707,-46.7307743080549,-51.5421751010834,-55.0296351767406,-54.4672800713802,-52.1009499790563,-52.2164215804509,-54.4126760766607,-53.5601968729537,-51.5212278445958,-51.0095868354369,-52.0364464556546,-53.1549603722454,-53.2405814725662,-53.3059577997626,-53.7461918923507,-53.0421154074791,-51.1500145651028,-49.5597898063201,-48.69793951511
-55.8291776693057,-53.5381475375949,-51.1994876548555,-51.5640911305098,-51.8981482308628,-52.5722245154846,-58.1778218389028,-51.4898392244983,-51.5586387933434,-52.1513959843383,-51.8826701300453,-54.9930996985054,-49.9920511413846,-48.0174084488557,-51.4017774707644,-54.0222260827598,-50.1665746244823,-49.6120920840555,-48.7679712056629,-48.2381998210343,-40.8911301579222,-37.6104280639929,-34.1823691719163,-31.5272888413123,-29.2310826721918,-27.3596631566978,-26.0957592849682,-25.3638122746395,-25.0684776323098,-25.0144458396943,-25.0815802247884,-25.9952793052168,-27.5813598234145,-28.9309768977066,-30.5628351754138,-33.582030596174,-37.317712342249,-40.2514668505978,-43.7693618998169,-46.1567779178555,-53.8144297581353,-54.3613232079519,-55.9875950415064,-52.5776518742236,-50.4708302034916,-51.3898713659094,-53.092929723326,-51.9162577542893,-50.3920599505906,-50.3749786126457,-51.1718586558957,-51.4181774062442,-50.6239063656403,-49.9124023325026,-49.8509646178077,-49.4066912522043,-48.3642417715191,-47.6581916597017
-55.0135497366424,-53.9919336963111,-51.4128892826558,-52.2812039015588,-55.0413086052403,-54.3107171655628,-60.6199469148514,-53.3767198196848,-50.0112001628243,-50.248118914914,-57.0197288389008,-52.7000181520666,-46.7984764303566,-47.501331590033,-56.5203702296888,-52.6076081494896,-48.5629272298672,-49.4102077084807,-48.3792561177773,-46.9136803745314,-39.9520050587983,-36.59732272806,-33.5320755472169,-31.2530278410696,-29.0424826721996,-27.1226254594509,-25.9029730698413,-25.2287095670732,-24.9273313470018,-24.9484555099365,-25.0281700690602,-25.7685959610328,-27.4322060127596,-28.980305049731,-30.4512827032262,-33.3634862565718,-37.4265305023382,-40.8129375620645,-44.9531156980245,-47.6752384605884,-56.6447979350537,-52.6916502942346,-53.7852993430933,-53.1333560530647,-49.9315559928572,-49.5116636796943,-51.4412625622113,-52.116516203718,-50.5590052568509,-49.7591778219868,-50.1735960294747,-50.6899669424752,-49.658088106353,-48.2921477918402,-47.995426629846,-47.9297382636232,-47.4759161588686,-46.9893665135608
-53.3812220649078,-53.9362686575149,-52.9568922979762,-54.7321296701637,-61.053359148217,-56.9753368724577,-59.372138943642,-58.782401112982,-50.9445029238333,-49.8100711819652,-59.9451855986806,-51.0999909145365,-46.4282942001527,-48.6653385680488,-63.1572867179118,-51.3291987276856,-49.1421649722491,-51.3428739587128,-49.5838710855326,-46.8957377270792,-40.1735963633256,-36.3710886609593,-33.2162802552571,-31.0191717815967,-28.8986573705909,-27.0401722054869,-25.8454752725287,-25.1595382915131,-24.7900118054134,-24.8657350212288,-25.1071762275194,-25.6763559894791,-27.2529422804288,-29.0485467024577,-30.5581606195571,-33.43353469263,-37.7226247851057,-41.5627099553183,-46.7932296699773,-51.4916503775467,-57.3890297191328,-52.1726540090619,-51.4151304904172,-52.6641651740813,-50.3242041070616,-48.9142315505244,-50.1184716217338,-51.8786601654731,-51.5215703528543,-50.422825169421,-50.3187469305687,-50.7192788272525,-49.8332939362038,-48.1586221250756,-47.3463740104233,-47.0648028125217,-46.9803104247691,-46.7428561651574
-51.886754697435,-53.6517177647883,-55.9651639122167,-58.9341628355741,-66.8480615951097,-59.9076626624399,-57.6933278599879,-63.8822678971015,-54.9405079793933,-51.7476913667145,-62.355809875393,-51.5781871118564,-48.7027982859792,-53.198822101889,-57.7090825692209,-51.6194201211981,-52.1466320951287,-55.63956638306,-53.5141703009199,-47.9447078209875,-41.0283077056076,-36.8083084835094,-33.4047524065535,-30.9388920021496,-28.7578464013635,-27.0494352434578,-25.9014821836675,-25.1521346209138,-24.6933919771574,-24.7791594088526,-25.2604598693231,-25.710141457952,-27.0907365267584,-29.1692577829501,-30.8712305518561,-33.6141125050525,-37.8753129238652,-41.927402425469,-47.444022175922,-52.9608767342445,-56.8985105332582,-53.5860985619392,-50.6490737879231,-51.5369293242174,-51.3542892203612,-49.4388437896081,-49.7203773432676,-51.7532648868272,-53.2545500275679,-52.6824208308052,-51.9445134811035,-51.494318020975,-50.6931100020696,-49.1269644264528,-47.6799881303696,-46.8782240198856,-46.8651838525676,-46.8673806959082
-51.1113555992169,-53.5904171910349,-59.1638219855462,-58.1309744606866,-60.7012658430431,-61.9986263510899,-58.4476045409874,-55.7893303348246,-60.4950615822413,-56.8798680771352,-55.9978042181519,-51.7496084300717,-54.0755892707644,-64.7535755142275,-52.7102258988104,-52.469464630387,-58.3496031080983,-58.6243742957721,-67.4257246073123,-50.2326941765142,-41.7526410598049,-37.3283015306549,-33.8820846514134,-31.0521692043237,-28.6556133153054,-27.0733024810259,-25.9987980209495,-25.1793632900025,-24.6681436767491,-24.7233814237426,-25.4102891930144,-25.8544587383731,-27.0260261901483,-29.3667984064862,-31.3188881599445,-33.7813738661274,-37.8987129908492,-41.9873319926797,-46.571480231994,-49.4824309514772,-57.2724169770682,-57.3330224558676,-51.596435788473,-50.8451764577633,-52.5076387887527,-50.8706641412274,-50.1212144266367,-52.1827263205604,-55.8705683822987,-57.3946949029838,-55.9853170952226,-53.336417058946,-51.647400286648,-50.4690585949882,-48.6545397768217,-47.2709716000725,-47.0485423422986,-47.2346656634205
-51.3775629249595,-53.7612664059096,-58.1714956434125,-54.5677555692293,-57.7280703863134,-59.5600071513857,-62.6737345808032,-52.9959234883933,-56.2478776696267,-64.3262757620532,-51.2201425095432,-51.0066170988598,-58.27655799717,-55.4546788560209,-51.2355977800083,-53.0293189987463,-65.8561845645451,-57.0042770923731,-57.8271165284509,-52.7488385588092,-41.9349646692662,-37.3456992320383,-34.1536476484102,-31.2357475032371,-28.6472626376749,-27.0845808725923,-26.0600153093276,-25.2077857708136,-24.7241880253881,-24.7341198939129,-25.4986722004983,-26.0948042865956,-27.1154873906235,-29.5983274887372,-31.8024052980093,-34.0153371958795,-38.1265950109475,-42.3855076745034,-46.4280236456778,-47.9864359410891,-57.5082432980385,-59.3033810708179,-54.3093422060436,-51.1041664390231,-53.1650962259462,-52.9595363477322,-51.0010009424402,-52.8046779883117,-58.7089896428359,-66.3688234031636,-67.8769919559964,-56.713448845554,-52.2187005352176,-50.8470221063765,-49.5567281710635,-47.982814676715,-47.3953210117108,-47.6698142759948
-52.8479555560722,-53.8217486382605,-55.4996199713845,-53.3041160973315,-56.8453261229022,-55.9415976481884,-60.3439835991769,-53.224465370482,-54.0248790583555,-63.3806798556775,-49.9709887234616,-52.3617080126775,-56.123326250915,-53.0637928507928,-53.0559055791523,-54.3397950560768,-67.7760090429836,-57.3325133545753,-52.3102788308153,-50.8053801424371,-41.6712160462197,-37.0025696956026,-33.9893480256878,-31.276759610978,-28.7256592304087,-27.1132873689667,-26.0555270598304,-25.2212171282796,-24.8466077793463,-24.8288382574849,-25.5172900583266,-26.4008577623103,-27.3440131473245,-29.7597969860143,-32.2565904743713,-34.473186418817,-38.7919444161256,-43.6290932884841,-48.3597040792544,-49.0301996472827,-55.9652747602064,-54.8953013142268,-57.3212560234162,-52.4175517822059,-53.2950964698856,-55.3449542243545,-52.3224432559421,-52.8937092574762,-57.6909872549458,-61.1750762101155,-62.1312321265138,-58.9112003209507,-52.3374185500533,-50.0877291838202,-49.5474688263898,-48.5835723149082,-47.7473645843252,-48.00891578516
-55.6429028473502,-54.0039292243382,-54.0344070584517,-54.1674495545841,-56.7703202733643,-54.1714633529463,-54.5137024469452,-55.7381612801984,-54.2950666212018,-61.6973972479354,-51.9591783036517,-60.4293683522671,-55.9293772768211,-56.2433245817052,-58.2097361634631,-57.7939856455601,-69.1245484970861,-58.025547255638,-51.1177312317912,-47.5920989835492,-41.0728209307045,-36.7479455999576,-33.7253537863821,-31.108664640436,-28.816434617879,-27.1979653708798,-26.0223805762943,-25.2365714328558,-25.0041131110608,-25.0000201849135,-25.5071142634786,-26.7098123822632,-27.6283134125891,-29.775188128206,-32.655761823274,-35.0992587086211,-39.6805591263061,-45.6648058797346,-53.64928640819,-53.1584407337082,-53.9457157124091,-51.9524751828467,-55.8690575731035,-54.6474134809351,-53.5424878357394,-57.0778236121142,-54.6874345716722,-52.9323262518952,-54.6969003618092,-56.3856026845829,-55.2438888403059,-54.8622293840577,-51.8947883133243,-49.3423800516713,-48.778650261862,-48.6821979767177,-47.9854363512574,-48.1815515643428
-59.9172277529394,-55.3987272524783,-54.1927419767802,-56.8362030342455,-56.5133705001593,-54.1469537994256,-51.826183117131,-59.5718755652957,-54.0950359051814,-56.2302700223198,-59.0819310402936,-59.2554071217625,-54.8884197809978,-67.1630936615057,-55.4682265691633,-61.6378005212452,-59.6821778114936,-55.2407944438725,-51.5966137362901,-45.939546101165,-40.4210505374905,-36.6861313407191,-33.7225994136362,-30.9131456381431,-28.8668319191915,-27.3432697150121,-26.0337414818624,-25.2983428347251,-25.1667704054821,-25.2199844549693,-25.5302565510447,-26.9388628917824,-27.8838124910928,-29.6862723455351,-32.9508382699833,-35.5144342222421,-40.0363706135404,-46.7641431597979,-55.8181698817214,-66.3802141757822,-52.5718732492864,-50.7952292058979,-53.4705996014448,-57.2848027727863,-54.5477633681822,-57.3992458366052,-59.3709414053336,-54.3255959002812,-53.2569881124592,-54.3008006830393,-52.7439684594886,-51.3348756427964,-50.7848396426305,-49.0835435424454,-48.0360940428557,-48.3122554706708,-48.1046465146899,-48.2696524552429
-65.2885036180415,-60.0791204124026,-56.3253189907065,-59.865540714561,-55.9483771313425,-54.6478900123835,-51.1254172626878,-60.4250693006871,-52.3502016330991,-52.6279026283326,-68.5603186526106,-51.1712439619372,-53.5912522655422,-56.6285555152882,-51.9253789440569,-60.0097363637022,-56.4949022863516,-53.1467512707492,-51.6743965249815,-45.5485546208973,-40.1861859506749,-36.7380533266136,-34.0165674479293,-30.9234635351133,-28.9307099157114,-27.5220575578127,-26.1499138613444,-25.4525584909885,-25.3222095811766,-25.4514423227373,-25.6367902769939,-27.0316507966297,-28.0987418069141,-29.6133859721237,-33.0550025771587,-35.4384004996737,-39.4682121066914,-45.249540323912,-49.6598570477203,-57.5909642046906,-51.9538175833225,-50.8728123615038,-52.4224581307762,-59.2481903137861,-56.6021860958255,-58.1169174275934,-65.9091809482536,-58.8549306914411,-53.7785949970581,-53.3549941088038,-51.8655699744074,-49.4666063886314,-49.4543877682241,-49.1010064122267,-47.7280140373689,-47.8808287424351,-48.2424608205097,-48.4889977274238
-65.2182519551683,-80.0644542744502,-59.6146497126301,-59.1357209498727,-55.2157186066379,-53.6329112307403,-51.535272975868,-56.5821088930408,-51.3764412334511,-51.9306887656347,-57.3221685134051,-49.7760632497561,-55.5857327143524,-53.6588316752812,-52.4961820989313,-60.0441169422611,-57.3127576944212,-53.3450795285247,-50.9601164440139,-45.6129347488651,-40.6644230007476,-36.9996729376771,-34.4362513206482,-31.2340294782893,-29.1336374940006,-27.7109423390318,-26.3858789552738,-25.7168255178139,-25.4795198733935,-25.660817611693,-25.8450394763658,-27.005309224879,-28.3249096775434,-29.6397139414203,-32.95142318445,-35.1750463950169,-38.6606321296551,-43.4626139169499,-46.9757248187043,-51.270023119176,-52.149247576213,-51.9200027802127,-52.0887343532005,-59.0031897466889,-58.5751954651087,-62.1145438792172,-61.6136098991005,-65.09998153665,-55.9758151256031,-52.7770219872515,-51.3851761263062,-48.7619915212777,-48.4380387589772,-48.9986800987913,-47.8936327508348,-47.7821103119458,-48.6267433189597,-49.1152556220284
-60.1444022402576,-57.9974993900554,-57.1290787737539,-56.2050194542225,-53.7261025884431,-51.7536281439277,-52.2555008907606,-52.3654007984532,-51.894523366743,-53.3224034383376,-54.5486080055767,-52.717188121485,-62.7481762155252,-55.3848411487424,-57.5369251012521,-64.7515679063851,-58.870498790907,-55.5125380238666,-51.0154195321313,-45.5980780694495,-41.8623356838145,-37.7497790230739,-34.8909488837783,-31.7662958182117,-29.5568716144133,-27.9206080003975,-26.7075673880983,-26.0633232258195,-25.6597875140924,-25.8325323423734,-26.138531204045,-26.9496508102402,-28.6001808010744,-29.76824199957,-32.7758279995703,-35.1949341249589,-38.2748463573528,-42.7861081690779,-46.5619179773021,-48.8534852861349,-53.4196307267703,-54.0444063238403,-51.8399947136373,-56.6575233003149,-57.4234303512712,-65.4076453860281,-59.2733018733687,-56.5655920391505,-56.4054579488778,-52.0634227385975,-50.4446569614195,-48.7308782110132,-47.9158302241833,-48.6076144165396,-48.3999531834163,-48.2252110488115,-49.4814127353154,-50.4255885788099
-55.7919859565829,-52.8590199825987,-53.1594634233502,-53.5603606201626,-51.5623508012033,-50.5291845953377,-52.7907196449303,-49.4825645799648,-53.3133947791772,-53.0941835219809,-52.5177436885151,-63.3722231750506,-54.2955187673121,-62.2973739650816,-56.2639019641193,-80.5956064954218,-54.3596109773193,-57.1789738461383,-52.6213719060023,-46.0376573602131,-43.6139189219121,-39.1835666227271,-35.5142445356109,-32.3372113840559,-30.1438530340879,-28.1839531867006,-27.0549617404013,-26.4233422720182,-25.8798149648246,-25.9770774246382,-26.4740950304808,-26.973753722886,-28.8984561858255,-29.9761938954478,-32.7215324911916,-35.6524291867533,-38.4625015007256,-43.3063487803562,-47.7601745169958,-48.5806723502153,-56.1313857153719,-57.8527322316253,-52.1019669191332,-54.2912139631619,-55.1636836403836,-56.0684710384777,-58.6900370001639,-52.5780070515885,-52.960317608169,-51.0399904689202,-49.1677248333157,-48.8588182691173,-47.8204259756054,-48.1051300423094,-49.032418062171,-49.199367570142,-50.8934233335657,-52.6385351584973
-52.4624791469588,-50.6366556860775,-50.996603605411,-51.5104073953512,-49.7807430050859,-50.1087853820965,-52.7011762705135,-48.1881373122456,-54.3078902731291,-50.3261625314592,-51.1457893496897,-55.2894997738306,-49.7884708787846,-62.3532524883975,-50.8743121866799,-79.9081177007764,-50.7959828797298,-55.4861710647453,-55.5822839800654,-48.0961909075063,-45.8641968954811,-41.0456428485528,-36.4204861430139,-32.7961435912642,-30.6799200011199,-28.5056035395911,-27.3767911981816,-26.7159339047174,-26.1367016290184,-26.1243456320847,-26.7964473206398,-27.1454870832607,-29.1472323615046,-30.2801892645127,-32.8844740729003,-36.3616526795315,-39.05345287873,-44.6690327206037,-50.1060878772482,-50.4263657810395,-59.9131603285451,-62.1515289465408,-54.0100058689238,-52.9826540502906,-53.986068916732,-51.6933868878468,-55.6019050244392,-51.1437762293043,-50.1569393293594,-49.8931611847226,-48.1845977400623,-48.7874944279894,-48.0219242939739,-47.79075508982,-49.5771749235421,-50.4013113877778,-52.4959575867481,-55.4674559162151
-50.1894954942948,-49.8296396852092,-50.065540684824,-50.0991024723227,-48.9808283266074,-50.1468963674754,-51.5404279843856,-48.4579258036323,-54.1637798474669,-49.0047303763417,-51.7429044481885,-50.9364149749399,-49.2547149139228,-56.5653968885414,-49.3959792994162,-63.0761983488735,-49.5430668823357,-53.2441862948117,-57.3048927630656,-53.9422249621413,-48.3403141633523,-42.1435678485943,-37.2480531907752,-33.09919189286,-30.9247125170843,-28.8204454746115,-27.6480857857905,-26.8918324769358,-26.4026388067712,-26.3053288036447,-27.0586748485146,-27.4629080170722,-29.2915477755047,-30.7229170581127,-33.1918434992589,-36.990443427165,-39.7165526380955,-45.9246860370301,-52.319361437113,-54.6990950029569,-60.7526433745446,-58.7054392037367,-59.1514050865628,-52.994398083938,-53.755133577539,-50.0098358564692,-51.7547984391046,-50.9007462896493,-48.7643383317835,-48.9267390770628,-47.8280557848554,-48.563171146077,-48.4433844382376,-47.9242342330006,-49.9508815647162,-51.3229361694199,-53.2131213454788,-56.5838795199609
-49.0524957286823,-49.8151183430674,-49.7772096611931,-49.3082527540909,-49.2310926360596,-50.401012670378,-50.1988112721273,-50.2701981020808,-53.1405296329695,-50.0374949695749,-54.7034979288431,-50.4548280358821,-52.1708448408283,-53.0236518479904,-50.8485816392184,-54.6309440290048,-49.9761529962227,-51.4524008847402,-54.7155265068853,-63.4281359523466,-48.0026836221737,-41.5659832148717,-37.1572599032515,-33.2157385699081,-30.8542648033036,-29.0202067580335,-27.8582029851602,-26.9641851960796,-26.638569276015,-26.5353661658079,-27.2439069285958,-27.8670238535628,-29.3517532854676,-31.2963206675059,-33.4603547410647,-37.4091870555461,-40.18611680252,-46.2044948706351,-52.5106415995271,-56.4277977738115,-59.4645180439844,-55.6342828711626,-61.0322746079473,-54.3640227572837,-53.5788666850002,-50.2095007745984,-49.3499772774665,-50.706014909313,-48.4670094957862,-48.3583047882923,-48.126652483095,-48.4674143412255,-49.097571701909,-48.7106105635547,-50.3165017367603,-51.8619488426263,-52.7871523094545,-54.9835090524208
-49.1460910978667,-50.2595872941932,-49.8524688825543,-49.103651758199,-50.2468272730883,-50.8661639791397,-49.8448634876469,-53.5361978741989,-51.9872091477075,-53.8714251249539,-55.7099765415116,-51.2875163684275,-59.4992576482037,-50.1012959668172,-55.3633219867043,-50.3826243583046,-51.4355715439603,-50.2858637979196,-51.2863481055461,-50.9733611537201,-44.7611297462082,-40.3421409454391,-36.1652626673285,-33.0784955888619,-30.6645041985293,-29.0558972410113,-27.9940671215009,-26.9986670374345,-26.8213098927829,-26.8076607310736,-27.3725006533745,-28.2858566823365,-29.4155706596178,-31.8945423871662,-33.5953050181244,-37.7797748839238,-40.4751801793972,-46.1430900672036,-51.8543250005915,-53.1186602853274,-60.337530672268,-55.4611015016852,-54.9908162924313,-56.4979186174042,-52.8516465490335,-51.8262408550154,-48.4781574562299,-49.9586154143918,-48.9065443045706,-48.2933965080958,-48.9502550440817,-48.7355322398309,-50.0823655587774,-50.3176746528226,-51.0624992347109,-52.5773268364389,-52.5139981268771,-53.5586529616255
-50.5755862876649,-51.0066840503323,-50.2814106646393,-49.4684353623391,-51.2994699680611,-51.5306135161008,-50.8345710474178,-57.4797745847044,-51.9515182028057,-60.5057904862387,-53.2321550534541,-51.4003173187752,-58.8825665919007,-48.5879927765498,-64.4485148124532,-48.8430422462124,-53.376581260063,-50.2459622259251,-49.0173419094898,-46.951309262726,-42.3641628738841,-39.3222748364685,-35.1945415420568,-32.7315621117527,-30.5304689971558,-29.0033722611574,-28.0474775355864,-27.0721027114928,-26.9608332599538,-27.0969927546833,-27.4863821469927,-28.676162861303,-29.5675986167345,-32.369595472703,-33.7165686249056,-38.2240996179718,-40.7621927805837,-46.5048854697586,-52.0221675173799,-52.3176139917668,-65.0926762792603,-58.7213235277951,-52.8949873266113,-56.7932561364741,-52.1286214202523,-53.433810933135,-48.9704004285877,-49.1360065379538,-49.6623027744693,-48.7554606958936,-50.0719711593625,-49.5153421408357,-51.5620704004331,-52.8723995822788,-52.6987911758172,-54.1343022761172,-53.3860899732755,-53.3287221793927
-53.214483729059,-51.9295175685069,-50.896542959043,-50.3340922684487,-51.6104437243845,-52.275217121441,-52.320528332985,-59.9255293768292,-54.194422892685,-59.865525157496,-53.7880270349288,-51.6501430402023,-56.5396378359514,-49.1100597565399,-67.0019721883799,-49.6867834080672,-56.1549067443766,-51.8123485500823,-48.3807384092329,-45.3277322776488,-41.4195245098139,-38.6366110481679,-34.7177990988166,-32.3962500613287,-30.491237837246,-28.9986227203085,-28.0420234398471,-27.2343504829584,-27.0931278915676,-27.3713288765655,-27.6273100983704,-29.0256420917764,-29.8252168110474,-32.6626442238699,-33.9999551833318,-38.6395845321076,-41.1635418998569,-47.1099205435901,-53.0905535280611,-54.3128828515797,-72.9804233433407,-70.1031152336238,-54.0829762228588,-54.9983421061346,-52.1157061838337,-52.7375594271335,-50.6036525303749,-48.8192445619237,-50.2964720660888,-49.6952106966025,-51.2271421927393,-50.9067773944765,-53.635381972638,-56.3525921815671,-55.8634138605009,-57.2113929228128,-55.9720456375273,-54.2893571219457
-55.170699503951,-52.7611251332535,-51.1260406324826,-51.3937007695876,-51.3262132884177,-53.0064522124399,-52.1196979140187,-60.4581005731261,-58.8240578082665,-58.3107413276042,-60.8051918017562,-54.0307613293807,-57.4253231033394,-52.2716073281206,-59.0992853828059,-53.3668283651456,-60.5779814672726,-55.2994056273474,-49.691043562948,-44.791090314704,-41.5989759824481,-38.2706383513521,-34.6578530226319,-32.3038945860638,-30.5207989337855,-29.1359912562957,-28.0478181166025,-27.4944286407633,-27.2615944594081,-27.6088840647347,-27.8284876774567,-29.3245943524247,-30.1366584830788,-32.8459861296381,-34.4595029572627,-38.8902396306852,-41.693693115748,-47.4653726418182,-54.0527730604006,-56.4844147476993,-64.9260821132068,-61.7368889557035,-59.9079040917279,-53.8735495416357,-52.9110951825975,-51.1076523545212,-52.567209083216,-49.1887081470163,-50.6447270684909,-50.9693227695503,-52.2424321531521,-52.9282425769642,-55.8336543638325,-60.1174679352786,-61.1773583205776,-63.3553104179825,-60.6556083246453,-56.0878464595054
-53.7599159454175,-52.9668000468968,-50.7643309775313,-51.9886557681248,-51.0788473597301,-53.4277733302014,-51.0828539730382,-59.9946346074755,-55.9833639109011,-59.7318581574432,-57.9776284705127,-60.0485041784234,-53.5793830185239,-59.7950708586287,-53.8026662044367,-62.6751645281023,-60.6215796796268,-59.0357804664475,-52.9672492420709,-44.6954842611331,-42.1747625722179,-38.233021102636,-34.7461775093756,-32.5529003005944,-30.6406796534997,-29.4312530829977,-28.1622230420774,-27.8295190243045,-27.5028684991746,-27.8132261403846,-28.1153925296125,-29.5490540257613,-30.4454299862931,-33.0053945631172,-34.9125033682514,-39.0311635121991,-42.285394739495,-47.8058154598623,-54.4285079983045,-54.533029053842,-62.9750065761513,-56.7907847956467,-64.3167631213784,-54.0556695463244,-53.7924550463689,-50.2605496481142,-52.9286387398905,-50.1950369011164,-50.9103308144826,-52.3224924423521,-53.1618504241093,-55.3504437663832,-56.8111881988242,-62.6340578901613,-63.4929409498834,-73.4530733297976,-62.9830558448215,-57.5824650559277
-51.5494920870432,-51.9788381721207,-50.3595955399555,-51.6582337864773,-51.2859969518567,-53.0118381161212,-51.4365351789473,-58.957445450354,-52.3938807589853,-60.8602233259068,-51.072776530877,-66.6920002963238,-49.7061883119567,-72.2958235404986,-50.9722377270244,-64.4253333364613,-56.6385533856495,-57.3809220487457,-53.5308205948538,-44.5486134379316,-42.3036944542438,-38.5149229109875,-34.9011026547606,-33.0998661806914,-30.948571523081,-29.8415502332973,-28.4680623297568,-28.2061887835061,-27.8360976372758,-28.0157365609264,-28.4997813470923,-29.6773619861767,-30.7582528226713,-33.1216914054791,-35.1718892168472,-39.1407762512039,-42.7059561230287,-48.5466012639655,-55.4851129722915,-53.7326815015926,-65.1233262689205,-56.2497565891005,-54.8623340430226,-54.7566133518385,-53.5183170111987,-50.4138432365364,-51.6581452613091,-51.6766345083868,-51.333066607635,-53.4808718502502,-54.1759156446016,-57.5169777273121,-56.7706936744002,-63.9212369789337,-60.6297235730972,-63.7109538437258,-60.0370294657649,-57.5607563637098
-49.879468774201,-50.1030016397288,-50.1095207084152,-50.7479777577474,-52.1130838475103,-52.1418544834209,-54.1614031841006,-58.4439746236471,-52.490596163429,-59.9747115880108,-49.4536586250885,-70.1399278722684,-48.4209709035386,-63.1552723977403,-50.2923213806068,-56.1469555085568,-54.4054410633647,-53.9429931610585,-49.9256543571239,-44.1404553161904,-42.1997888533344,-39.0955449899676,-35.3719545316947,-33.8289157816028,-31.5465114497323,-30.3088880791089,-28.9936252808437,-28.6011509734798,-28.2527270866375,-28.2629317379081,-28.9646289551869,-29.7309172911827,-31.1340626645092,-33.1034921278461,-35.2840769520173,-39.055734331462,-42.5980063149709,-48.6490135965096,-56.1968557678293,-57.3288299007737,-62.3452754046619,-57.8806485058806,-51.4289612775003,-54.1232485152288,-52.311588711192,-51.3871571996935,-50.5678911720561,-53.3401561852318,-52.0113764937454,-54.4026354534143,-55.362583206173,-58.8974350774625,-57.4030320850718,-65.3485031872863,-60.5493069432402,-60.8219947098772,-59.0359281163978,-56.9184289819897
-48.5392147617492,-48.2298221334467,-49.479977278852,-49.7937601880722,-52.8255703755105,-51.6922102174696,-59.6177951203138,-59.7104450197721,-57.7513283347442,-59.3305235958599,-50.9536782792088,-62.3424467246992,-49.2050100209358,-54.631762984827,-51.2989080399236,-51.3288560330746,-52.5880860361068,-50.8387234384551,-47.9332616934049,-43.935830067296,-42.8913591371485,-40.0587951133938,-36.4878286773078,-34.6606080765483,-32.4411129263536,-30.8022277751683,-29.6869964250626,-29.0095675503196,-28.7151042360831,-28.5967234212109,-29.4562568292982,-29.7999545635769,-31.612639688063,-32.9647259211204,-35.4696508499382,-38.6096521983361,-41.9998342155683,-46.8138591745384,-52.3910487792519,-74.1538957590157,-55.7392272399402,-56.3937307763468,-50.3891007229071,-52.230635776566,-51.2732452787992,-52.7896625228154,-50.3396514205546,-54.7864297812345,-53.0664613958883,-55.3962478870962,-56.534642939293,-59.8501147704448,-59.2115605472258,-67.055154683726,-64.4246521171467,-61.8224220486232,-60.3349055201369,-56.6246890723858
-47.3581454202818,-46.8550302123241,-48.2072035242278,-48.9977942232661,-51.4644880183988,-51.5899505372845,-58.0966319465758,-64.3647958822221,-64.5783358652876,-58.4413224597331,-52.9496398905123,-52.6247313784937,-51.120508557198,-48.6467537112811,-52.6830650834239,-47.8676332944638,-50.3321200414807,-48.5194658059696,-47.8139435112663,-44.8458450560678,-45.3410028802359,-41.6885289561116,-38.3303475992315,-35.6010933850813,-33.4586668329601,-31.3242249602103,-30.4154678449351,-29.4350232413434,-29.1729723828724,-29.0354334209785,-29.9019013822459,-30.0129158454313,-32.1692344780058,-32.9134632724581,-35.9072984680812,-38.1017336930809,-41.5164772769918,-44.7539980067553,-48.5642529267173,-53.4589292838733,-51.5930125821653,-52.1611859704789,-50.6655701117417,-50.6488218196839,-50.7705009195007,-53.960978821686,-51.0499482368095,-55.9364334018867,-54.8949613075647,-56.9789833511875,-57.6285785578799,-60.6697381422297,-60.6890925619674,-66.9378781069947,-70.6504732524348,-67.1705034470154,-61.6835134870459,-56.4012652714933
-46.4036414957179,-46.0735138730783,-46.8887807218535,-48.2678976748899,-48.8291536959903,-50.720092483785,-53.3368878080544,-59.0659542732706,-52.0472356402018,-56.6017651405962,-50.4471480952804,-48.0818480707932,-52.5667635240329,-45.44272556262,-51.8866701255007,-46.040378383872,-48.3335340491386,-47.33674441013,-48.9696075129106,-48.1763119293177,-51.2620924297761,-44.2757080239199,-40.2433192889791,-36.6012956624303,-34.2485205615879,-31.8651890863825,-31.0140423393113,-29.8682524766274,-29.5895540269547,-29.5589043911157,-30.2503985770549,-30.4647230821982,-32.7282417898938,-33.204682333071,-36.6660558962455,-38.0941484874989,-41.7892617349852,-43.9004650092346,-46.7002425520141,-48.1732770934632,-49.1892237345375,-49.222520920834,-51.4109100119853,-49.757707266359,-50.6667941529301,-54.4652958722543,-52.5566633784409,-57.399342066205,-58.4311667418962,-59.8983656031093,-59.3097976499134,-60.8500318842041,-60.0915743440625,-63.1730592539839,-62.6239850446256,-64.5176447841725,-59.0980786179161,-55.5777179223946
-45.8454680460394,-45.8525673395284,-46.089508109171,-47.4626357144069,-46.8510961456139,-48.9273419678517,-50.5205716225527,-51.5754645052811,-48.0643625487089,-53.3393241079989,-48.029186775248,-45.9567013212397,-52.3662641676072,-44.3698341158407,-49.3607891099065,-45.893405842507,-47.1624506608934,-47.2972826524086,-50.2486747341352,-59.2349710935625,-59.6863109978991,-46.5093520170008,-40.747469340487,-37.3059834878003,-34.5497372052628,-32.3479702416025,-31.3815078988755,-30.2756562845479,-29.9548182912029,-30.1039222239413,-30.5044672961074,-31.1534481651091,-33.2110547297833,-33.9463727642848,-37.7329829907711,-38.9963738975766,-43.3399840797427,-44.7357845259694,-46.7747103638052,-45.9492662426591,-47.9990584492106,-47.6108380810816,-51.426385316291,-49.2629938207626,-50.6627751641865,-54.3320998133249,-54.1392384362229,-59.7776237077725,-66.0399355514054,-65.8792275117739,-62.4964714488065,-59.9340375897339,-59.2234402857577,-59.0923898784978,-58.5048843466586,-57.917454881067,-56.0486796039652,-54.3678486966245
-45.8859732759028,-46.2030410865432,-46.0083556809684,-46.7145328532856,-45.989031255888,-47.3668327403115,-48.565811780587,-47.3614790381317,-46.6985740594776,-49.310192260469,-47.253063684154,-45.2680600521614,-49.7257721336381,-45.1399769965186,-47.0552242097717,-47.3019617511873,-46.9374191796981,-48.1297366037964,-50.4143541968527,-53.7214493719675,-49.7845884585832,-44.7968934133341,-39.9954523842368,-37.2302783955176,-34.4841026988068,-32.6535638684762,-31.54108869405,-30.6176805883043,-30.2782786245577,-30.5826055769289,-30.7160612323108,-31.9550875161777,-33.5741406735014,-34.9664841365983,-38.9804441559162,-40.8691728089888,-46.8575909781509,-48.0060743501356,-48.8790255966198,-45.5694304653703,-47.7014648738817,-46.9543144341644,-50.099326098022,-48.838722086786,-50.4993072400611,-53.2039086066177,-54.3658517650908,-60.3622139753421,-63.948136911368,-68.9977708479727,-63.3395889082165,-58.3958928138226,-58.4925058584286,-56.2062849079639,-56.6140393122164,-54.7998653021979,-54.3964271298108,-53.550085845276
-46.7709420752631,-47.244016150315,-46.6959491636354,-46.4180251621869,-46.1862108340083,-46.5899873502468,-47.1012982839988,-45.1813547236769,-46.7172022212873,-46.1341671252795,-47.0643626001731,-45.4692870227068,-46.4689776180848,-47.6991209469426,-45.7483356649718,-49.5754235754771,-47.7675522392284,-49.4284695381528,-50.1366030513374,-47.0981178761173,-46.1779169056722,-42.1497066539179,-39.3257911293553,-36.5484393767147,-34.3468082835621,-32.7494396623963,-31.5975445427845,-30.8857735661977,-30.5761542319512,-30.9275797189666,-30.9550735939834,-32.6666949612285,-33.8084341707651,-35.8007691051995,-40.0103254237507,-42.6838294500043,-52.5768957466743,-57.6117699893275,-52.6660322723204,-46.8359978784385,-47.9727635411504,-47.0316333022756,-48.3025058624107,-48.4591207224241,-50.1174251556283,-51.136059416706,-53.3415661809016,-56.235917882744,-57.3145921592327,-60.4561731430876,-58.4537748352123,-56.9098261487939,-56.8571769844542,-54.5824332678999,-55.5945862449168,-53.7095115920398,-54.0173455790867,-53.5891837097546
-48.8493922115727,-49.1738415992781,-48.2139487447623,-46.9518255171022,-47.2724505472737,-46.5244250787648,-46.2053021176541,-44.5771655891151,-47.3379545723604,-44.409502179934,-46.5598922866393,-46.4173007877119,-44.5468992529228,-51.6223828832672,-45.8720733556701,-50.7662588897603,-50.0800755962652,-51.1785503828692,-50.7117774841814,-45.4268652547718,-44.9832953803677,-40.8174600836048,-39.0945877927791,-35.9258884668691,-34.2861052566862,-32.7566063602551,-31.6537008244198,-31.1139923878766,-30.8638927333292,-31.1362969200014,-31.2789722469936,-33.1341049134564,-33.9229879252886,-36.1314087462174,-40.2125584328946,-42.2992194488056,-50.2592601327002,-55.7367910385021,-52.4245061962938,-49.917040528252,-48.3718955652188,-47.6932778875281,-46.9183989072037,-48.2975087244201,-49.6411079624966,-49.182969288543,-52.3842966780015,-52.5483509123768,-54.2745398679385,-56.0440680074218,-55.0250972287047,-55.807420502244,-55.0086411106433,-54.1226011200072,-55.010048488966,-54.0690031049306,-54.6898116603419,-54.6514733568696
-52.7960916582358,-52.1405786366896,-50.6953278457786,-48.5180578229165,-48.9512468324007,-46.9249720097681,-46.0119624382213,-45.3682565597045,-47.8540921789024,-44.2277683928093,-46.1986583650334,-48.3001866852844,-44.4341005683691,-53.0388328448875,-47.9196317831959,-50.7352735311856,-55.0377275357454,-54.2781473306604,-52.9714659388794,-46.2128153900564,-44.9224376751199,-40.7199701638329,-39.0976896179189,-35.752221807703,-34.2927607960033,-32.8439302772053,-31.7689543757687,-31.3503020277844,-31.1533852874862,-31.275614088721,-31.7148181686948,-33.362012447096,-33.9616757104517,-36.2485453021742,-39.574299360776,-40.8379254592044,-46.0245641248274,-47.8637403511675,-49.0037572787032,-53.1283735034494,-48.4984493148058,-48.6304940177026,-46.2920633474152,-48.4411241467711,-49.2393861778003,-48.0671748469995,-51.8911112992957,-50.4098592920594,-52.9606946957219,-53.64519604247,-53.4400114699036,-55.1749612924353,-54.0902609010759,-54.7402815110844,-55.0357780846079,-55.6017972179026,-56.2627543417101,-56.7456461825869
-60.9031440559085,-55.6800665035605,-54.3081556513516,-50.8817868923241,-50.7018373354195,-47.6951926726341,-46.6369890651176,-47.4037025155951,-47.9385076571922,-45.639842859194,-46.6795687721414,-50.4667412424907,-46.3788126431508,-50.6779935279124,-52.5769330322133,-51.5584240827962,-60.8796468400168,-60.9123163693741,-57.9051961791162,-47.8509125079352,-45.2906904852642,-41.282517997902,-39.1639461348792,-36.0320726494497,-34.3436727919797,-33.1028748730548,-31.968134604664,-31.6263605421511,-31.4555426961185,-31.4472472791314,-32.2516680817201,-33.4818154430527,-34.0376118364206,-36.6116587055397,-38.8436081151146,-40.187355318401,-44.3704832872938,-45.2865160668733,-47.3154333040911,-50.5690763060281,-48.3803376729171,-49.2254546271161,-46.5418540581219,-48.8283141304325,-49.0683100072967,-48.0122676287743,-51.6820666566989,-49.6461574439373,-52.6986399858787,-52.5632695694142,-53.2229128898345,-55.008063904285,-54.3831324813787,-56.3447370778603,-55.9951861329977,-58.1408540863568,-58.6371225161385,-59.6455070569944
-71.3899712273414,-57.576662627844,-58.5620942315474,-52.7165337221626,-51.9372656023766,-49.0271562614486,-48.236402315521,-50.1933988199176,-47.8841673675715,-48.7129571530403,-48.0186188082676,-50.1258180335605,-51.1017002081888,-48.9987862969132,-55.7738371822851,-54.1710040405492,-54.8502418747911,-64.7389496054399,-59.9987926742318,-47.5075574337038,-45.6133194271443,-41.6798529499682,-39.3493631438945,-36.5253948808276,-34.4983799115507,-33.5157135807315,-32.2707097220645,-31.9540138757711,-31.7864715865274,-31.7449520060242,-32.8412504018863,-33.6393200377744,-34.3116543779901,-37.382779582604,-38.6466099828999,-40.7298667418121,-44.6413213919983,-45.1201732246978,-47.4071511947204,-47.6340341205261,-48.4061873405334,-49.1678799520382,-47.7375182959984,-49.3829053702825,-49.2932704765607,-49.0868798602482,-51.6535774280498,-50.1795387372173,-53.1676847226505,-52.5972369103539,-54.0212496304388,-55.3107266098835,-55.603308086389,-58.7870597684787,-58.0400028943252,-61.6798370785373,-61.8423703307559,-62.8307373482468
-59.8965516364591,-57.2538543365442,-59.6738796416071,-53.0949883181368,-52.6175837260131,-51.2447080595912,-50.9904760090235,-52.5012585345071,-48.3174547229722,-53.1012427941157,-49.8619116219538,-48.6653261609995,-61.6075911524311,-48.9902040100711,-52.3437901046525,-59.1280416461753,-52.1429488763898,-58.1660789147247,-54.6481754483051,-46.1753323617528,-45.7183339135285,-41.669909593274,-39.7749935439629,-36.9666245230913,-34.8643282556597,-33.9871720125559,-32.7045472518538,-32.3344938255736,-32.1665962722282,-32.2209871859917,-33.4105435189015,-33.9092332912617,-34.9094401842462,-38.4046597274598,-39.2142545348141,-42.3620313664594,-46.7139221312611,-47.0769746733827,-49.1783492839411,-46.6734470316221,-48.9255486066473,-49.0140363673318,-49.9274595915811,-50.1387929783988,-50.1024488380043,-51.3721417853851,-52.0504328653525,-52.1316475848842,-54.2244206818091,-53.729410562242,-55.5181259039405,-56.0994038461434,-56.9766167677663,-61.6816624805603,-60.6954225034145,-66.8001783010515,-66.5592357425938,-66.4920607482836
-57.7386276252566,-56.8266036482032,-57.5588845366891,-53.6893021970686,-53.3299103594223,-54.5568935322526,-54.6056807643294,-53.6838120917454,-49.913445178364,-56.8478611853193,-52.5518915827261,-48.9782590318241,-63.264487229642,-51.2407647057052,-51.5520240633905,-67.7595314098505,-52.7438225633669,-56.4713035128312,-52.2768624293491,-46.0325734882316,-45.8020301005903,-41.9188034801738,-40.4116785635606,-37.3556825156197,-35.4956831170532,-34.4139472887351,-33.2870466397706,-32.762280312424,-32.6089501159002,-32.8631986443096,-33.892099555686,-34.2685198867209,-35.8365397167558,-39.305727835805,-40.3757027999271,-44.600143677723,-50.948560896868,-52.1185716937257,-53.0297677065883,-47.5712862501126,-50.1268272024789,-49.3772561316451,-52.9575793142555,-51.182174591586,-51.6793099226328,-55.0483112174005,-53.3200137461021,-56.0055666108912,-55.8847994377036,-56.0378187136429,-57.4269642167141,-57.27631344223,-57.9352312982742,-63.4820732671572,-61.9799206040839,-75.4779069392418,-77.952339576846,-72.2897897894487
-58.1260009077626,-56.9743412265822,-56.1152901880313,-55.8942940427474,-54.6810287207794,-58.7111511922137,-56.8058815765928,-54.4943821629242,-53.5264603779448,-59.0877642984532,-58.2030463797707,-52.2158886526184,-58.4811697062526,-57.9684941335729,-54.0785375372425,-64.2772976081478,-56.8316977292086,-56.8743574708086,-52.5570627902846,-47.2575433012585,-46.301286025491,-42.9932961039456,-41.0575905503605,-37.9477544438088,-36.3222211462592,-34.7741271426049,-33.9906484925561,-33.2287401923611,-33.1092673351875,-33.5858329239046,-34.2611158695844,-34.6524241434638,-36.9295000016481,-39.7684571742893,-41.3546463389641,-46.1647860314334,-55.928261002817,-63.3241141649586,-59.3591626120913,-50.5398388180815,-52.0538795935036,-50.4368455539208,-55.6832893101902,-52.458829447606,-54.0611832033899,-60.489159394987,-55.9661493258805,-63.8884594431885,-58.3528365074249,-59.6126145130581,-59.4680306023847,-58.4850745100711,-59.0952279973032,-62.286905828711,-61.3414871759695,-71.5598176216468,-72.5510216274777,-69.20676441804
-59.8571980241917,-58.049964350787,-56.1501622566658,-60.3610633660358,-57.0060108857281,-62.2561254989466,-57.037143145583,-55.2139756805543,-61.2766595529485,-59.7479727527395,-63.8419088925328,-60.3995554681854,-56.3871804182225,-67.8821569200407,-58.727969044112,-58.9669140856098,-69.4826032249796,-57.1191310988496,-55.4193820011658,-49.0454471503754,-47.6482755364695,-44.8556683482081,-41.5807194792465,-38.9381736080299,-37.158695354948,-35.1575930951594,-34.7233080646566,-33.7313359189461,-33.646818749623,-34.2486536479439,-34.544796394933,-35.0636074498143,-37.9047175743031,-39.855235380551,-41.3818983455445,-46.2444591403628,-53.1463562875221,-54.1480604769257,-57.7163342184916,-57.2276849085411,-54.3890754095864,-52.0925078061684,-56.0203732860657,-53.6330238530103,-56.4842775481782,-67.7573313651645,-60.2602839904395,-75.1555696992975,-62.0622014456045,-63.9599860895299,-61.0856350213476,-59.3964485284661,-61.3144050150942,-60.4085985080699,-61.0294348072308,-65.653466528854,-64.7067279183683,-63.3230273622891
-62.4785618511679,-60.7828116963825,-58.0312104036761,-67.0686803650383,-60.2345244848104,-62.948926780704,-58.3851804526957,-56.3333667741057,-71.6876443397336,-57.7860844189075,-56.2563504820293,-59.5730689181532,-54.642876792558,-56.1577365067707,-57.8685211569813,-57.5096896972973,-65.4164728401311,-57.0214213192608,-61.4834362419909,-50.3907353748048,-50.0050761854472,-46.6799818424395,-42.1557282403711,-40.206950148163,-37.8358231447763,-35.6817714317718,-35.3453903293407,-34.2720890061168,-34.1863235906286,-34.7193969296819,-34.7922948383111,-35.5951399745935,-38.5645394461362,-39.8750524849529,-41.0730866497568,-46.0265896954812,-50.3659071780678,-50.3154820316838,-53.7559634594504,-69.7421287377225,-55.7916769074485,-54.2078852949076,-54.5999810548929,-54.2970274639868,-56.8988364072531,-68.826347106736,-61.6490384421792,-62.4586774545785,-66.8236908734573,-65.7530794691459,-61.7548280736756,-60.3317924020219,-64.839521243464,-59.9405801290774,-62.2978216946895,-62.7707309891454,-61.5101347374442,-60.4266124533293
-66.1474195136849,-66.3269975113146,-62.526942619685,-71.3920887714872,-63.9130476621775,-61.7242478672181,-61.3616667050281,-59.3067590911662,-64.3358043446203,-57.5399833199008,-54.6674630121582,-56.2846340074222,-55.1811900177118,-54.9463229336345,-57.0655089907106,-59.5165096728732,-62.1162700676779,-58.5270040120627,-65.3323826994912,-51.7320414419742,-52.5019334867656,-47.6424088953232,-43.0210861622715,-41.2298188864528,-38.3520762326535,-36.363226972632,-35.7339208672425,-34.833267221058,-34.6744452499202,-34.9545098898758,-35.0434879538821,-36.3140210924375,-38.943958138558,-39.9968732736162,-41.3681852111921,-46.5744882556621,-49.9135767138681,-50.059902649478,-52.718072917544,-55.2156525334971,-55.1137246774915,-56.4173874762764,-52.9129044828715,-54.5022284962832,-55.7035651219004,-63.6551361873992,-57.6791739104737,-59.289299428755,-65.892011119644,-63.6797216958642,-62.0382209049494,-61.9638920903513,-69.4390339272669,-61.8152301942416,-66.3649298636162,-61.6668617839198,-60.3686690164073,-59.1878424690013
-71.6004302454124,-74.3219589451977,-68.2737506444431,-69.2246445175894,-69.3099246477713,-61.6306601129641,-62.0899385573488,-66.5335214355384,-68.7474564232206,-61.8269382318131,-57.9153177846204,-58.5491679087648,-59.6110357149581,-58.6678404995036,-60.271507112271,-66.4652503788875,-66.4347681185363,-62.5569564093255,-63.589516838118,-53.555384089487,-53.133541816733,-48.4093925074368,-43.9355276294118,-41.5376060044809,-38.8094871200752,-37.0488287899014,-35.8731877905419,-35.3537370285282,-35.0514220747264,-35.0270808506612,-35.3274534331086,-37.1351312614489,-39.1706482081352,-40.1268240270937,-42.4336697434633,-48.2176198309204,-51.6062322687432,-52.7694748971694,-54.0483829237127,-51.0568106353432,-53.7319209864723,-56.7384435949009,-51.6017971424591,-54.6478716692628,-54.8084397697561,-59.0131685162222,-54.8144666193619,-58.3307597787249,-61.5991803212637,-61.0027475759977,-62.2730652475268,-64.4640545459093,-75.7933562255046,-68.2786283015282,-76.0893812184723,-61.905790467829,-60.3098717508828,-58.5850910685726
-71.2667226640765,-78.2734998526174,-65.2545053729017,-63.6317872445347,-75.9024145874561,-64.9500968445048,-60.9200183683885,-64.6034346286135,-69.2386349169108,-76.09071998681,-70.8888321531525,-61.4793553496113,-60.5877334444183,-60.9319643501157,-60.8558206174775,-64.1054170560451,-79.0192416635252,-62.3415921384472,-66.6835446880455,-53.8142729101674,-52.7121996024468,-49.3976785710082,-44.0536540592636,-41.3962711454528,-39.2029371483924,-37.5039499593645,-35.8846270792551,-35.7420377177355,-35.2915177567816,-35.0742746236232,-35.6715988799941,-37.8099473464031,-39.269623027836,-40.0795981246655,-43.5049065158509,-50.4838404992476,-55.8223990165106,-60.9269673245856,-57.4383899803092,-49.6119782147599,-52.8324254390572,-54.5534608782948,-51.1233549870888,-54.9256460599821,-54.6726339182325,-55.648147790286,-53.4623917464322,-58.4151342923031,-58.5560470011311,-58.7297464569381,-61.2498674720404,-66.0329476054432,-70.5219247517234,-69.5584524137983,-66.7869657960489,-62.3475457120829,-59.96955050538,-57.7497364137399
-64.2532430768275,-72.413887445944,-63.5221667046105,-60.2295795641767,-64.4106136481441,-70.2790673896707,-61.3673380460074,-59.477442413502,-60.2133351663383,-60.9908840051538,-61.0590516626896,-57.4205816040041,-55.2233861139604,-55.2247979641556,-56.2449162835772,-59.8890710042682,-68.5983856382329,-58.7694658420991,-66.5124877095099,-52.0523542349612,-52.2569513013917,-49.2842038264511,-43.2729904727098,-41.2949318315378,-39.3652682742938,-37.6539719509215,-35.9407858715391,-35.9304069055599,-35.4306074417141,-35.2193674229859,-36.088635291457,-38.0876062464463,-39.1238426399296,-39.8444563700264,-43.4529567824333,-50.7318488028967,-57.4235463805431,-59.6133128144484,-58.699019115896,-50.0647946446443,-52.6675138796087,-52.6093101205709,-51.8249958133633,-55.2594225084642,-55.1949867151012,-53.7408364485329,-53.4874047715895,-58.7000695372373,-56.495542888664,-57.1174079796301,-58.9442512586702,-63.7755876880673,-63.2619912692459,-60.9821968946757,-61.3664807409671,-60.854326275123,-58.5197483759265,-56.6583600189267
-59.7451300161517,-61.8608572252253,-62.5502211804399,-59.22437808172,-59.7376511758144,-61.5021141664514,-60.9592554088264,-58.3388409214706,-58.1014800375945,-58.9194918296256,-59.2788418233251,-57.2512374434304,-54.2471468579413,-53.4019745525791,-54.6930926271253,-59.7514492847961,-73.0263803638859,-58.0734588037193,-59.9773308740262,-50.4414358764838,-50.8666918792973,-47.8265026873943,-42.5478228943028,-41.3044664728918,-39.1965399768764,-37.6593499830375,-36.1495003505471,-35.9322411435169,-35.5408259180196,-35.5214907418282,-36.5456272334025,-37.9434916505206,-38.6581932470505,-39.6009432669151,-42.7333492819689,-48.4328623081169,-51.7635078585518,-51.9948710217889,-55.1330435302321,-52.4973371370319,-53.1839203854943,-51.9044661151146,-54.0135007722974,-55.7102585656831,-56.3092925090695,-53.3680537817773,-55.1202413893409,-58.1027283914644,-55.2500252698848,-56.2238882512854,-56.926454646786,-60.0572186175062,-58.9638403177023,-57.4237530742107,-58.7430472876869,-58.405168338172,-57.0271693831013,-55.9753852604115
-57.2177155029484,-57.0068672765953,-59.5725781379691,-59.8892157239251,-58.0364286403453,-57.454939039846,-58.3633366882314,-59.4795009723103,-59.5376849864473,-61.4025524028316,-66.0735562695124,-65.8037610192611,-57.7464655706833,-54.7308230817762,-55.0536635570264,-58.2909614000629,-63.4468527483298,-59.5358312174091,-56.9842735283093,-49.259854794713,-49.0946113717738,-46.7432594124626,-42.420221568666,-41.2001056232883,-38.8841648117735,-37.7106735135394,-36.5027530141552,-35.8543420606648,-35.6864683289641,-35.9589204817032,-36.9571027275156,-37.6097464278731,-38.0919375812205,-39.5467706616003,-42.4399173980158,-46.4399723844256,-48.1849039904456,-48.8510810698572,-52.4168818707002,-57.432491201593,-54.1586516558074,-52.3652491407062,-58.0884986880509,-56.8208024462482,-58.2641953759092,-54.8013010250234,-59.0356503039714,-56.6865174858264,-54.8947297869865,-55.9680881349735,-55.7649901291137,-56.8954750316807,-56.2624671951411,-55.9332775508281,-57.3181555693392,-56.8018710902326,-56.4528975988179,-56.2360290623408
-56.2391356036418,-55.0534124352925,-57.0719528614773,-60.8380823687868,-58.3725609665567,-56.5861055001172,-57.2294194046129,-62.1665404147252,-62.1216922808003,-58.914746220776,-58.0157863200476,-60.3983063489898,-68.4143524884072,-58.7868982173432,-55.1877623216956,-54.4177739897723,-56.1517030465803,-59.8944551404729,-55.9867660734417,-48.5737160853942,-48.3351406330857,-46.8053603093236,-42.8098061188563,-40.9226976385197,-38.7403413105578,-37.8719755992749,-36.8979653487292,-35.8454795633816,-35.9019130966939,-36.4377573360444,-37.2381133399506,-37.3959035634553,-37.8369399376636,-39.8529257432335,-42.9511012277389,-45.5572481188716,-46.5265840009441,-47.6597004049721,-50.9379616193346,-61.1464285939714,-55.1381229597929,-53.4669073678353,-64.4953651619816,-59.6061555902023,-62.0249198778213,-59.0769646165146,-63.8978691201657,-55.6060494502958,-55.5245758818833,-56.1467633997858,-55.3465332436776,-54.7656151899892,-54.6482513843923,-55.5727203851126,-56.4555982213624,-56.2725776279056,-56.9929557254865,-57.7548130084821
-56.3906651087545,-55.3327328790466,-56.4913099556307,-60.9174055568098,-60.5517816162419,-58.1852183134268,-58.8225196546557,-66.5475998102303,-59.7064290286863,-53.9459710594425,-51.8602374680828,-52.8696518228942,-58.7002523723943,-65.9208323189069,-55.2217705481933,-52.3814612225287,-53.167996802642,-57.8602179329563,-56.1924828342559,-49.021986518862,-49.2202188371983,-47.9812531700365,-43.3555066289742,-40.7524950452285,-38.9326475227877,-38.0698917836731,-37.2075267611501,-36.0149919182372,-36.1827239342831,-36.8313100277643,-37.3801734292343,-37.5117505774819,-38.2138026851916,-40.709897524263,-44.2714976649015,-45.8303717643259,-46.3585548498043,-47.8707985746634,-50.2878148662064,-56.3972898702685,-55.5185463835895,-54.2310570739203,-69.9727747510705,-64.979910403457,-72.1383018126597,-74.5394878272892,-59.8674050019517,-55.5629257648815,-56.9917642674835,-56.4462233166641,-55.4259797663116,-53.8043227375462,-54.015093919556,-55.8223641707097,-55.9435619401955,-56.3568197401035,-58.214548860544,-60.5570251270064
-56.8327960962102,-57.6550803128224,-58.1903063155538,-61.3665493616781,-64.9079275139937,-62.0028980414976,-62.1597429805862,-64.4015215406766,-56.8621864786599,-52.0201885070417,-49.9515851653106,-50.6556327371834,-54.6488691559233,-72.9443410636108,-57.4880738320169,-52.8744979125849,-52.8611095523861,-56.6748582709583,-57.8467708909386,-51.3579524181641,-51.9186178162971,-49.5539255315573,-43.8309639575489,-40.9686993525601,-39.3779214497801,-38.1567356926156,-37.3555520537697,-36.3715365373304,-36.4796674404812,-37.0478448454862,-37.4489003472987,-37.969428123762,-39.3154888661351,-42.3216571311913,-46.399146477384,-47.383640745374,-47.6744061123089,-49.5032150740553,-50.3132785359763,-52.5384134418624,-54.9451903913038,-54.2573384191322,-65.3791714197144,-62.1537093378451,-67.7416855669001,-62.7120646658053,-56.6235874733266,-56.818936050768,-58.3807303945615,-56.6342505179775,-55.8753946181607,-54.0876273404859,-54.449924342037,-56.3200166359772,-55.77375725167,-56.4038427639332,-58.7488263747911,-62.4133718800871
-56.5961745907481,-60.5715482626331,-63.135211244198,-64.0159215824142,-74.2402842956539,-64.0355027542812,-59.1651182404485,-57.7185188353221,-55.4389894941149,-52.5612782443579,-50.8176224940857,-50.9114084001239,-52.9142266369526,-58.1094314217218,-60.5170206485291,-56.1438895848942,-54.9834584502417,-56.9566318576438,-62.6936455913246,-54.9069011556603,-54.4703162577085,-49.9759648897075,-44.334847081622,-41.5178465795379,-39.7690166968312,-38.0516909132464,-37.3517173670708,-36.8053608898378,-36.7138032087101,-37.0771520476295,-37.4961357855713,-38.5429991067031,-40.8444317189782,-44.7413989301877,-49.5422876346194,-50.7716824898553,-51.0208273693342,-52.9489668367542,-50.9303796699486,-49.8811929655244,-53.6604292267695,-54.3001813764081,-59.7360707602506,-56.9367808505619,-60.0234117204186,-56.9111082490776,-55.8911127929016,-59.3712103938668,-58.4746918184725,-56.856021077564,-56.7808634966177,-55.7455141223752,-56.1288916705041,-56.9027780404809,-56.0031530484162,-56.336189645535,-57.8781663887878,-60.0753617685564
-55.9805194019218,-59.5879571347936,-69.8854602564773,-73.1906398118808,-75.2480088984201,-61.2107839662867,-55.5157654613025,-54.082726567473,-54.6060034487104,-55.0173831250373,-54.2732185520957,-52.271306181441,-51.3868906941901,-52.4191005946442,-55.2707650576167,-60.0858961963483,-60.1208909346421,-58.264204150489,-68.5597083111057,-52.9707579760747,-52.6937148920488,-49.1373701969904,-44.905351911726,-41.9224891670523,-39.8314956383671,-37.8574705283174,-37.268904979309,-37.1298833755961,-36.8201326212162,-36.9707255414255,-37.5018790173685,-38.8813277082571,-41.8778310338791,-47.0186065985759,-53.5969210656967,-58.4254832028369,-59.1941196751297,-57.4142185190015,-51.7931200657246,-48.2310931205493,-52.3023734217674,-54.9148884888428,-56.1012873633582,-54.6931886452176,-57.0170545373399,-55.0912996473072,-57.1467908560421,-61.9408817879222,-58.0016776484782,-57.5325042079233,-58.3452964464181,-59.0993698816022,-59.2828265572418,-57.7627748372612,-56.8265450357192,-56.7040817498016,-56.8095192367899,-57.2591092866242
-55.8413525397418,-57.3924744935922,-61.8658787368509,-68.0590769291186,-64.6488317567447,-59.1406983899576,-54.2990332792868,-52.7684711702176,-54.2136230632116,-57.9643632524937,-60.3563439984797,-53.6865321936202,-50.6627455654026,-50.1952353601655,-51.9877784858935,-57.5106621986306,-69.7266684001147,-60.4230585014157,-59.5493683897073,-49.9284836230362,-50.683398715643,-48.3238413269217,-45.2078658527063,-41.7498454566571,-39.6552773560563,-37.7765123801977,-37.1889577732571,-37.1941597117912,-36.7862653105515,-36.7996603788668,-37.4232111311711,-38.8513003260651,-41.6922126030101,-46.5553231801651,-52.6284914769373,-58.7435771513807,-59.2754210726089,-54.450923847726,-52.1407470329896,-47.6284347175732,-51.3939818434943,-56.0045389360821,-54.481103869607,-54.7026571165863,-56.3826031056971,-55.5127087177732,-60.417356217008,-61.3441290139679,-58.04465585301,-58.960833868056,-60.6416665285277,-65.0110854082239,-64.0334162425479,-59.495632123385,-58.6672288257241,-57.6858847183655,-56.1759699350257,-55.353070553203
-56.2906922902168,-56.1789617762702,-57.1286967521259,-59.2949197606108,-59.379711014174,-58.0067397122874,-54.9385951385555,-53.3120334622071,-54.6031975469142,-58.9628058310447,-66.4825882017294,-56.3385849776631,-52.1065082740564,-50.7874307653112,-51.9497571806509,-56.1174121151465,-68.4349788483028,-64.139300472056,-56.2824665578133,-49.1501377534714,-50.1763674113271,-47.7811327932705,-44.9809955485426,-41.3074136331883,-39.5575093664323,-37.9381759906009,-37.1593236406884,-37.0036240398333,-36.6603110294934,-36.644878590814,-37.2922026543886,-38.6507294404878,-40.8904783988714,-44.1746495836112,-47.6038187559802,-49.8614199061687,-50.4205291532993,-49.9943033760578,-51.4747105944332,-47.9862203665913,-51.1121544913198,-57.0854181756628,-54.6393479759993,-57.0185628266153,-58.0519347044065,-58.4122518408896,-65.1088937850507,-59.1013184581668,-58.4224256173553,-60.7644849323768,-62.8313307717383,-71.9181454852629,-68.2047355454337,-62.8750080093934,-61.6394414821654,-58.2331424079316,-55.7208321781032,-54.1238647898257
-56.6297592611229,-55.3554164247666,-54.3897035866898,-54.9544758829134,-55.9827135963822,-57.0330637532346,-56.6997310603062,-55.1883553080249,-55.317787681305,-57.4207565926286,-61.1070203233213,-61.54591058588,-57.6040168424325,-55.0600257458272,-55.4812181885304,-58.1170053445517,-65.8572660910821,-69.3525401528037,-56.3769039975151,-50.0399139759388,-50.5070171834768,-47.144279982222,-44.5832050303141,-41.188680333138,-39.7350769280623,-38.3263114155835,-37.2000221256756,-36.7278633914509,-36.5391882386593,-36.5939962433155,-37.2194372031918,-38.4929155413826,-40.1506565590506,-42.0406988763599,-43.9807254331167,-45.5101861463994,-46.416391007149,-47.2252515937382,-50.1704388442006,-49.0170833466863,-51.2661167662002,-57.4860655107077,-55.8802028234358,-62.0887736796053,-63.885054552529,-67.1988936024466,-62.5618080918167,-57.2566595475899,-58.3299687789481,-61.100411761781,-62.4152918257598,-66.2363159744913,-65.8943198932169,-65.2271975784541,-61.8963936483894,-57.2698813468587,-55.2234592791711,-53.4587606843851
-55.9894760810528,-54.5329765198882,-52.9554637822551,-52.7142780338208,-53.9643295486262,-55.9650453511325,-58.1928199992225,-56.8627266146296,-54.960976407981,-54.3770681630559,-54.5782818986576,-56.117680182289,-60.446746544305,-70.0800986060218,-68.2664486971904,-64.4412313429651,-65.6794956105931,-69.8027806506409,-58.6765147744504,-51.1032009321107,-50.7375521131336,-46.4872408315946,-44.5489622889492,-41.6551189910394,-40.1664342465104,-38.8177666034296,-37.346933492201,-36.5894656800507,-36.5362110378131,-36.707812110294,-37.2902101275459,-38.4174261934087,-39.6015376323774,-40.5860165270597,-41.7634077058779,-43.0432260007339,-44.2953754661405,-45.6528263747551,-48.8085123888259,-50.3523466425849,-51.3703690520319,-56.4117647097101,-55.6417067856037,-61.4640459480327,-73.5061187516957,-64.7176741617698,-57.7803553708756,-56.0222301128748,-57.7116340820894,-59.2576551352368,-59.8633070556103,-61.8774837997876,-61.7208732885593,-60.813650733406,-58.3569859027115,-56.1204494368297,-55.0469984920408,-53.5489955826638
-54.5111333690566,-53.8713825998853,-52.752027417768,-52.1911022907609,-53.2993108799518,-55.1507945415368,-58.1012769642218,-57.0244242194159,-54.0911214615512,-52.2664598988991,-51.3096393973144,-51.7113984355801,-53.6044403337936,-57.5813430631556,-61.6225203171499,-67.1773361880054,-68.2009041246506,-73.6382141221375,-58.7923567662047,-51.2275804190258,-50.8620583812431,-46.3642117991313,-45.1346020790238,-42.597940304782,-40.6857717682667,-39.2901741391711,-37.6654476142386,-36.7485148658933,-36.7262137027292,-36.9785886825027,-37.4908057192372,-38.3677092971691,-39.2070726532381,-39.8020545742923,-40.6827328358956,-41.8715241251792,-43.4198238929219,-45.0546697676388,-47.7975769727239,-51.836460866021,-51.1290659325759,-54.1396364236366,-53.2302713387411,-56.3742470845497,-59.2655768015894,-56.6944647714357,-55.0380366703516,-55.4800525554846,-56.9911054036867,-56.9733774999298,-57.311854627742,-58.6774167578724,-58.3532636525689,-57.2090723284583,-55.9911722958516,-56.0575258644435,-55.8714423749812,-54.8453158040471
-52.9269258699976,-53.3936681896406,-53.6826668595542,-53.4631694545489,-54.2175475476297,-55.2264279252699,-57.1917967090102,-57.0418570905102,-54.3990955948653,-52.1972548690878,-50.8621314278759,-50.90009592574,-51.8530603640206,-53.9145949128397,-56.6031738596655,-61.4009616743236,-69.6557575114217,-71.9741734658336,-56.0498990743232,-51.9469591238707,-51.7914384569194,-47.215974383538,-46.2788435934704,-43.6316641921433,-41.1505169868336,-39.7215642838855,-38.203419292495,-37.2434846766692,-37.1015934576343,-37.3312235714002,-37.7478472525521,-38.3429822712049,-39.0102004790245,-39.6532755698052,-40.595676902867,-41.844711555232,-43.6319277363133,-45.4236420868382,-47.4142044769596,-53.1610665556125,-50.8556325854717,-51.9897033318477,-51.3219156324957,-53.9256688804641,-54.9235413748562,-53.6283180315978,-53.9937313551925,-55.6108967931796,-55.9374869603902,-54.963923216359,-55.1851357816385,-55.8897083007896,-55.8382093949455,-55.2376349465533,-55.2454439108588,-57.3618190122078,-58.5624401125774,-58.3364150106553
-51.7227108625068,-52.9138938592002,-55.0990648689918,-56.8284001370839,-57.4128965602231,-56.9823636940085,-56.8794970400054,-57.5985693181559,-56.5929045437462,-54.7864216656016,-53.5178406867764,-53.3145739035785,-53.5109446317089,-54.2123413837249,-55.7635666875705,-58.0568742425038,-60.5343153833446,-60.5020670087595,-55.0368391108618,-55.2696063266113,-54.4445064702907,-49.1184213680372,-47.5584186193285,-44.40487345445,-41.5983654859411,-40.1765745734059,-38.9233919770656,-37.9732910582274,-37.578454817674,-37.6883641637983,-38.0340001096622,-38.4618817112385,-39.1492432140126,-40.1157552875415,-41.4272961354644,-42.9787572726107,-44.9847740784486,-46.8764286614208,-47.8164704438044,-53.0388534169334,-51.0022617962128,-50.7219943182468,-50.8027255932596,-53.4464561895779,-53.3989621444103,-52.95335753715,-54.4226759329731,-55.8030583184528,-54.353716761668,-53.3289298381021,-53.4426964336908,-53.530017315422,-53.8632366801493,-54.0356231844173,-55.3846395949433,-59.0548876607218,-64.3415420045048,-68.3594250909529
-51.1066191881277,-52.5000626063027,-55.549411562716,-60.5714759824612,-65.3448768325488,-62.0679237246542,-58.228519073876,-58.3669911181602,-60.1762503813618,-61.6148905302083,-62.26705132556,-60.0867368922036,-57.639343610862,-55.7934533779605,-55.3605906131581,-55.522743010866,-55.8325655854224,-56.012705498148,-56.4314717596062,-64.4373154122273,-60.2310313359476,-51.3924352005472,-48.3974195479367,-45.0151777362995,-42.165851849998,-40.6883762929703,-39.6636069132801,-38.721299760146,-38.0593546592459,-38.03612250113,-38.3921618613483,-38.8702569649571,-39.7682615226568,-41.1815731876956,-43.1439789828932,-45.4457849467383,-47.7994798516644,-49.6747985453354,-49.0443325235396,-51.5369687024145,-51.72991059685,-50.555801388007,-51.7908593147277,-54.6740956493427,-53.8910143637682,-54.337593475392,-55.9086522263383,-55.0215701620591,-52.8252957264481,-52.1832737446453,-52.1098567699079,-51.7784943867077,-52.241450316962,-52.9509226577323,-55.0348286722363,-57.8964367369455,-62.0791452024037,-63.0490729678887
-51.0633205793254,-52.4450887643835,-54.9619279346954,-58.4321877805971,-65.7710772737515,-78.1709964858981,-62.7689343905353,-60.0021531470853,-62.0323360805819,-65.814471282801,-65.7511937119072,-61.7269555699916,-58.3032023361284,-55.8349899741068,-54.6365538451136,-54.2974433070335,-54.1233459194778,-54.500010819665,-60.2331830785739,-59.7036495956183,-69.8205178713124,-52.3804091948762,-48.7494209615015,-45.7079208153122,-42.8084638767133,-41.1399736710545,-40.1767538090071,-39.2591743865056,-38.4941868003838,-38.3983705879219,-38.8259321048989,-39.5673684867413,-40.8576623652163,-42.7791040485589,-45.6689803727223,-49.6978172154213,-53.2802322285875,-54.2616607833688,-50.9802033417409,-50.2898706486558,-52.9161468134381,-51.4983522694671,-54.4394850805783,-57.9611728597423,-56.6763419686135,-58.1516675859582,-56.8395581809756,-53.6138331307468,-51.9737042886079,-51.6488125916163,-51.2899314645343,-50.7694617554407,-51.0729092748148,-51.9186475840821,-53.5956214626294,-54.8765743717273,-55.8669201373768,-55.6148122777889
-51.3397731524819,-52.8083080365189,-54.6606284481878,-56.2418111234071,-59.2739301234682,-62.8047693865904,-71.9382815028314,-64.6293021443101,-63.3931993181256,-61.6014020619333,-58.6830092663199,-57.9951028388998,-57.0058828001487,-55.8325103314175,-55.1960915736632,-54.9610787941101,-54.7590467155464,-55.1869581799909,-63.9413898861722,-54.4311642991788,-61.0618296670698,-51.7683753167105,-48.726930172755,-46.1725241809249,-43.1605687557386,-41.2979853942792,-40.3024102168364,-39.4979484955551,-38.8731288947201,-38.7679341899264,-39.2236825112349,-40.2657932056383,-41.9679546380226,-44.3676267368396,-48.148379085654,-55.1896617965735,-73.4276731231724,-58.157812253184,-53.146486725778,-49.7412348552967,-54.1892247938795,-53.2418760744569,-58.6662048891959,-65.4135328073753,-63.8530511845553,-62.5069834064842,-55.9089972951276,-52.7916899885359,-52.0736924492583,-51.7849583454334,-51.0882239330494,-50.5642550450004,-50.5673907513834,-51.2627853219589,-52.0765442822941,-52.5344196459381,-52.5156315770885,-52.2676956603133
-51.5527099184922,-53.2315209574483,-54.9682272429321,-56.0568575753461,-57.5078578125677,-59.0762039039287,-63.2420160974371,-70.7491115901845,-68.6923892573227,-63.7364004662589,-59.7725450241794,-58.989026909583,-58.5021671182928,-57.749793129251,-57.9139273755561,-57.6909693609647,-57.4507091326971,-57.5342322956779,-62.3157177753761,-52.4696936640116,-56.5744150461378,-50.3764177899967,-47.8751701267562,-45.7270016049846,-42.9704791587674,-41.1258359094978,-40.1572102502337,-39.5453676584986,-39.2012802606526,-39.1206050152587,-39.4831013377155,-40.5581277957429,-42.246400614999,-44.6262398903181,-47.891766745706,-52.3734148647237,-55.3822259183484,-54.2013672030336,-54.2770064409525,-49.4946193606052,-54.7779987565812,-54.6211691835179,-60.8148064026694,-74.2843146093922,-68.4844947102141,-59.028233190746,-54.9941491327785,-53.1991825314572,-53.2054645665826,-52.5718563770534,-51.5648933143053,-51.1566637568114,-50.849792275287,-51.1985896506491,-51.1717470243775,-51.1799448803871,-50.8250704215765,-50.661424349244
-51.5818705984985,-53.3692445357259,-55.3716140686984,-56.9913412343095,-57.7818940609628,-58.5840571340864,-59.8047258232737,-62.9053969846054,-65.4732546708618,-65.0611717148497,-62.284836857203,-59.9709821197016,-59.4959356638618,-59.1391384238368,-60.1190686719168,-60.399107913309,-59.9913144719702,-59.3542146587285,-59.2107795993825,-51.4695050778529,-53.7603755791807,-48.7211558528835,-46.401489372456,-44.7157095110073,-42.6312962399487,-40.9654316267863,-40.0702675073969,-39.6229885591417,-39.5193610306739,-39.4858398406997,-39.6932910142576,-40.4798299843073,-41.6913331035315,-43.5018475868028,-45.5846774963394,-48.0172057470674,-49.7155273021322,-50.4669610038682,-53.2671731844215,-49.2410308233927,-53.9475607584543,-54.5011146182661,-58.8612998835442,-62.3891710130534,-59.7729453869305,-56.4782702959406,-55.5115426379968,-55.1579578358234,-55.2626338499867,-53.8892330404123,-52.710106216672,-52.4487010543634,-51.8896891795135,-51.7101178692945,-50.9980963207649,-50.7166251905849,-50.2906302715937,-50.1567719114261
-51.7437504653402,-53.5516260172735,-55.6650842587834,-57.8369794098975,-58.558248398122,-58.8267295824027,-58.9575361323946,-59.9729308058787,-60.8536480799482,-60.3000991841648,-58.9013475114153,-57.4648003459247,-57.0194008951921,-56.987586582626,-57.9015370465102,-59.0139335139342,-58.7969881629565,-58.4462011181965,-55.6501624400476,-50.9602529895298,-51.8270418422666,-47.6527839332494,-45.4096506497847,-44.1693453946304,-42.7554456508613,-41.2441531073851,-40.3490988072222,-39.9326782459906,-39.8998043344171,-39.9254961545334,-40.0491899418493,-40.4865392389654,-41.2143960441281,-42.4578543698949,-43.8122745545936,-45.5745612209917,-47.122727828345,-48.2629250302647,-51.2198031530351,-49.2417001142883,-52.344720959485,-53.915968298053,-57.748736125174,-59.0372465543353,-57.3863664716061,-56.673922222847,-58.0550976955303,-58.862804981187,-57.5136549987264,-55.4715927092485,-54.4043646822262,-54.1813902839047,-53.4644514217104,-52.6767049656826,-51.5838560790076,-51.1406028179814,-50.7423013189619,-50.5137717902687
-52.4038601866495,-54.51910375805,-56.7216081503349,-58.9343831892003,-59.4021690499733,-58.3962905643758,-57.7689932069493,-58.9619041537608,-60.3499802722556,-60.6608886133115,-58.936791284178,-57.3489451248352,-56.2359265897423,-55.7838267402557,-56.6738661935553,-57.6657754316739,-57.2093760321535,-56.7646472696709,-52.7127303065941,-51.6318205638686,-50.94254361143,-47.9369510184277,-45.7011482721521,-44.7351928286709,-43.7194355921054,-42.207798757934,-41.1338393370848,-40.546744920547,-40.371310307956,-40.4293482550998,-40.6161063964003,-40.8722628383933,-41.342043871721,-42.1992587570524,-43.1238257017637,-44.4902747666968,-45.9692192710467,-47.1338167444708,-49.4128749950858,-49.890145638957,-51.0692440949369,-53.9320857196848,-57.8990454393008,-58.1614728060049,-57.8744053343302,-59.6931673100705,-63.5593202127092,-62.5549668858159,-58.5207938448277,-56.965668677137,-56.3571363714448,-55.905203019438,-55.2034169681357,-54.0778420424842,-53.1105135170145,-52.6199239237703,-52.2175624378538,-51.6838976843288
-53.4659250185171,-56.8215688338864,-60.3521070508963,-63.1010649563032,-61.8519337922148,-58.3992952321996,-55.7872509961371,-56.5121206834639,-59.3160748044154,-67.4545378333626,-65.9475847874823,-59.2958407978055,-57.0203164147608,-56.2186386073422,-57.428243116665,-57.3874777703583,-55.831333590792,-54.5795806704208,-50.9741306433924,-54.2869387495038,-51.2967425254737,-50.3517303599545,-47.9068616620225,-46.8138527406777,-45.6371045475617,-43.8182166350438,-42.3136388828972,-41.3515216591632,-40.8816102495153,-40.9132513019933,-41.2715347369399,-41.6051341756075,-42.1022053987459,-42.7772211135728,-43.4609566130487,-44.4624799446851,-45.7590910967483,-46.8061449776237,-48.1928129497339,-51.1941018992175,-50.5391044315176,-54.6369100553783,-58.6257840217654,-58.9516613719791,-60.7739422893164,-67.6581019770691,-69.6041958747109,-62.0458706806533,-58.7443060170186,-58.2853121665544,-58.1297458146586,-57.2147614290594,-56.8408138309289,-56.0856100887797,-56.0320109008843,-55.641641121997,-55.0201485033656,-53.7694975280007
-53.5983856526603,-58.3900772254191,-67.4569381872772,-69.9504740076827,-62.3256313456392,-58.4152410047269,-54.4242576941491,-53.3466273988987,-54.4842476868969,-56.3787299174144,-56.3396596718395,-55.1414891961274,-55.5945270263419,-56.6675810457086,-58.6625053018902,-56.2620282250382,-53.7038819075608,-52.0364586872951,-50.3039253279013,-56.5341350085834,-52.7693050699427,-57.2533107977658,-53.3474045082755,-50.5318093016272,-47.9933728346483,-45.4925233194186,-43.4390561855457,-42.099651860966,-41.386599620957,-41.3782773010827,-41.9109931132493,-42.5377354994406,-43.3251620751624,-44.0293738078887,-44.662893375693,-45.2839685291624,-46.2021473884814,-47.0397123895526,-47.4825813765389,-52.4976486861932,-50.6313924356963,-55.6462176434042,-59.6113042534613,-61.3496990432668,-66.1969095451284,-75.9099453453227,-65.8858236947513,-61.8717786720436,-60.1794679235737,-59.8569799157033,-59.4117226035328,-58.07228010282,-58.2309576490871,-58.6874197310413,-61.1370462451865,-61.8485904493417,-60.0418898068348,-56.8436972686489
-51.5774583738156,-54.3156619794241,-56.8206129372954,-56.6771389276984,-55.3185747851513,-54.8438688635003,-53.4530104031405,-51.1779876746068,-50.7258079215111,-50.4385612335251,-50.2579535241684,-50.9794263729198,-53.2180453901597,-56.2450497138386,-57.351864517736,-53.6390493194552,-51.3570138325833,-49.940136456861,-50.2533091720262,-52.2613196484719,-53.8336364539405,-61.3591158979731,-57.4220074515476,-51.9637145587786,-48.5646104191015,-46.0043696524299,-43.9163618936648,-42.6012650679508,-41.9295441392783,-41.972112044506,-42.6740249827257,-43.7336635061604,-44.9503362034322,-45.7929692665372,-46.4629220478861,-46.6333343081704,-46.9467938817114,-47.5007264554801,-47.085698814617,-52.5840892810569,-50.8136275206537,-56.2352870090863,-60.6410887436953,-64.6427595195303,-69.4946025592647,-67.0361048368411,-65.6264613531105,-65.3025349757349,-64.9751375242735,-62.1256402390062,-60.2200873086563,-58.6597711209655,-58.9035788012853,-60.3777861696986,-64.5673942972545,-76.8891031668419,-66.1259517605329,-59.1905740448215
-49.0050688697317,-50.0508305540446,-50.9193554269078,-51.0187188321208,-50.5056406865025,-50.5639382734431,-51.564425526453,-49.9572825854655,-48.7122317430556,-47.7967929177441,-47.8412019012495,-49.3708410479744,-52.1756285008491,-54.7734936601974,-53.4504992044227,-50.8310778252667,-49.4620197477099,-48.5999208842459,-50.1951282228028,-48.5789991453017,-52.1121211535821,-51.4022796462562,-50.0649070274015,-48.3203766870556,-46.6256007271964,-45.0310077812263,-43.6100743796038,-42.8034292998089,-42.5047105509099,-42.7516435041524,-43.7592852661215,-45.5335463899207,-47.3862821911323,-48.221243810669,-48.4002236547478,-47.8464195562149,-47.4304460403243,-47.71121862101,-46.8337827844879,-51.0655237141003,-50.4782442006873,-55.4911400071413,-59.7702245154249,-63.8568590636053,-66.2863263013753,-65.8160287644226,-68.0454641153203,-72.963046464165,-74.4518589147648,-63.6818712422166,-60.488183133479,-59.033704787045,-58.596469616733,-59.3966520140965,-59.8876564057269,-61.1415480902007,-60.0440069244353,-57.1173135021644
-47.1518652125273,-47.3846174169891,-47.7485080101505,-47.979876698048,-47.7867182184094,-47.7474969537641,-49.010729751514,-49.0397335947585,-47.9078285613647,-47.0462420405203,-47.5060445736664,-49.374456991826,-51.2444368266112,-51.5911408278187,-49.8770719996749,-48.7466722553499,-48.2703417011188,-47.9918933428935,-49.7333753424496,-46.7010814486714,-49.449287641613,-47.5989962654978,-46.3570018563382,-45.4244800753936,-44.4605115840282,-43.547384312803,-42.8316694689557,-42.6317031442394,-42.8368227121297,-43.3614524256881,-44.8120731011843,-47.8707750494341,-51.9324038932728,-52.3394117831468,-49.8183277058327,-48.0707999830981,-47.1144613940917,-47.2545027827799,-46.6427821569563,-48.8696036187175,-49.6675856806669,-53.5072899816055,-56.6138699269406,-60.1328935546401,-62.8005498462967,-63.2450987150776,-64.0215870966662,-63.4105206106942,-62.4773089086334,-61.3907106151964,-59.7276313523517,-58.8446938989129,-57.8177448969316,-57.634734663097,-56.7472615569214,-56.4866073433469,-55.6432369110808,-54.1461022454455
-46.2625137861558,-46.1128075202252,-46.2566083098122,-46.5340113327941,-46.5515531669706,-46.337604058089,-46.9596238468239,-47.9543860369565,-47.7101104949171,-47.470278902314,-48.2259896703734,-49.2847369959558,-49.1446456860357,-48.6740475449621,-47.8942125032441,-47.9172602399868,-48.0344114446687,-48.0994668058111,-49.0531488131732,-46.0432808154648,-47.4260480430449,-45.7756006948179,-44.5639355403078,-43.7527199311879,-42.8862252574592,-42.2069161260466,-41.8890129811927,-42.0367249409587,-42.5545837051864,-43.2073803864245,-44.6095438751441,-48.0147058614831,-56.8120814178853,-59.6903885069351,-49.9906481948911,-47.2319581846864,-46.1066813236328,-46.2000751143676,-46.4616286185418,-46.8888743458737,-48.8742616626238,-51.3673609297399,-53.6601896394062,-57.1056210969814,-59.4526435881918,-59.5487939713116,-59.621003557148,-58.7987539486045,-58.0236249936718,-58.3046079855215,-57.9448392425471,-57.5875576130266,-56.7229557780178,-56.0645906019945,-54.9753416528431,-54.1964059327929,-53.3265693810678,-52.3424011525444
-46.3324206681066,-46.1020812747077,-46.1594726111997,-46.3899691130496,-46.5183623422709,-46.1145678926761,-45.8396587336952,-46.8316548889863,-47.5445108340775,-48.2644061764274,-48.5458647790518,-48.0113597427256,-47.306372407852,-47.4488559317624,-47.9897160261838,-48.9080130429563,-49.1335047835669,-48.9820566748687,-48.5286381933156,-46.1926355658618,-46.1024707120461,-44.9201112813198,-43.7690356705429,-42.8556939971765,-41.8994940018329,-41.2397285021849,-41.0371354414945,-41.2234749367469,-41.7610155968286,-42.3664870151319,-43.0632685273113,-44.9100144465415,-48.7874089747882,-51.8936703026126,-48.4938100788383,-45.9868396830936,-44.9748597867811,-45.0198502024513,-46.2192088207011,-45.494616073295,-48.358615309921,-49.713035606284,-51.6125363599477,-54.8533585933497,-57.0712253273591,-57.5887012224644,-57.8550622463697,-57.3083604044999,-56.5267312747196,-56.3889249864558,-56.0344539391921,-55.6621172314349,-55.1466362772694,-54.4564270648037,-53.7284893664799,-52.894026202712,-52.2032697829516,-51.7021408255892
-47.3378937655353,-47.3651536428916,-47.4802347779974,-47.5531931443734,-47.5872187000209,-46.9563602803257,-45.7019946077602,-46.0268767510773,-47.0889355873088,-48.4212552355985,-47.8167961328202,-46.7797956681687,-46.8751041544672,-48.4290123166822,-51.1983613132944,-52.9599546783657,-51.9894695219824,-50.5782649958717,-48.3045505674373,-46.9220410971409,-45.3663305634037,-44.672943654834,-43.6117077699665,-42.4917255432098,-41.4359007580095,-40.7418397629943,-40.4902937844931,-40.5321572180896,-40.9261873401715,-41.468793992326,-41.5296859712016,-42.0982705508932,-43.7235242494226,-45.6975811855145,-46.0166434564963,-44.7907408468201,-44.1186536217134,-44.1210060138027,-45.8698756725276,-44.7309035594319,-48.0822638782161,-48.6572469632907,-50.3381471354721,-53.3501369724279,-56.0660826383035,-57.6786140167766,-58.3517676786202,-58.0303013850189,-56.913324565854,-55.6477294936859,-54.6660653834076,-53.946901794864,-53.4480698830758,-52.8777344465664,-52.6837340130373,-52.1203392327309,-51.8757544831223,-52.0525815525776
-49.2316884042365,-50.0256410288326,-50.5406216551131,-50.3341537072756,-49.7988097790932,-48.7902005374667,-46.5834106635254,-45.7646047430806,-46.3898056704252,-47.4766326950696,-46.8266008840664,-46.4574941142707,-48.0438695308827,-52.217714527668,-64.526489563727,-61.4897552828396,-55.1769591772916,-52.1622547343143,-48.270686203858,-48.1426563113035,-45.2634101284819,-44.9829549868841,-44.0084436353555,-42.6417431525752,-41.5053903096479,-40.7604224505789,-40.3763272664771,-40.1957644823985,-40.3736891760447,-40.8633280422081,-40.6687955414147,-40.4665969041765,-40.9758663583106,-42.2712064560955,-43.6812464761885,-43.8132259864554,-43.6792056725085,-43.7006489674518,-45.4694898203602,-44.5310020966138,-47.8947047705881,-48.113809890593,-49.6559410839934,-52.6919455121896,-56.5175501814608,-60.0022653394184,-61.2344688550372,-60.8166107533926,-58.5262404717109,-55.7939203947562,-54.0112944218737,-52.877088007278,-52.1717726510005,-51.6861805647379,-51.8531146677365,-51.7255537425895,-52.0795498908188,-53.1382244481002
-51.702370861029,-54.0226959307791,-56.2516158523511,-55.8879740006644,-53.2910365245636,-51.2130684433586,-48.500315849286,-46.176553544637,-45.740277051033,-45.9933170335467,-45.9928268628001,-46.9651842235908,-50.1438282322404,-54.0212901932381,-53.0526410556242,-52.4843962921267,-52.9417421629759,-52.3148193916295,-48.2880656769182,-49.6842634786591,-45.9981949182624,-45.9854681919477,-45.0588443996593,-43.4548456918011,-42.1952772372996,-41.3204191801574,-40.7376272020056,-40.3080730183698,-40.2163001844236,-40.576518444297,-40.5043030206331,-39.9307936738302,-39.7508490393098,-40.5060837465754,-42.0786946122129,-43.1636996927695,-43.668190735364,-43.8233712927095,-45.1723823133379,-44.8699839900723,-47.7201545944081,-47.9723815176689,-49.4478994046071,-52.8207553697126,-58.3146826179333,-65.894438974212,-66.778653193044,-63.3343388084088,-59.3696151255374,-56.2602467314106,-53.9411298848754,-52.5034217617949,-51.5671830382974,-51.1146581101136,-51.3473617053982,-51.6637051761583,-52.5498839690131,-54.3504994592208
-53.5613576930705,-57.0077782348409,-62.7959968428654,-74.5782769930061,-57.3164686739257,-52.479490456418,-50.6444221510575,-47.2823635501372,-45.483857114616,-44.7758668364828,-45.3853744198885,-47.7476735727647,-50.2602866365312,-48.6246757664763,-47.0199244499943,-47.9871956798301,-50.0061884514803,-51.1231484585455,-48.4944221173961,-50.8682587194304,-47.9236298999586,-47.9963666653004,-47.0671203278431,-45.2053127063565,-43.6303156271612,-42.429541268952,-41.5585474296279,-40.8808958742936,-40.479560430413,-40.561842517854,-40.8374490867951,-40.3463285262023,-39.7801025378769,-40.0617912815929,-41.410651431415,-42.9787800765882,-44.0615073171241,-44.4993128648153,-45.1756037168481,-45.8410773920858,-47.664439903357,-48.1968211344552,-49.6261088598477,-53.263052486013,-59.9639209864484,-78.5662039712359,-66.5670908489719,-60.6286784959874,-57.781000813828,-56.1501966981437,-54.1047160467127,-52.6740870333173,-51.6415664063463,-51.2170329306133,-51.2857490854813,-51.9146644761282,-53.0554394945116,-54.8003334319279
-53.7768828669498,-56.2573217649303,-58.2497829877849,-60.2202668140778,-57.0831784573708,-51.5517739991257,-50.3328444997286,-48.5478340484822,-45.8045072492066,-44.2984708704351,-45.1664353860603,-47.8774587575585,-47.8194737824652,-45.4668572407828,-44.9488962141261,-46.5098085225036,-48.5535688530956,-49.643390960897,-49.2351198300476,-50.8954625321957,-51.6978631608748,-51.7614123705598,-50.7604559627018,-48.2372906049526,-45.8450503491136,-44.0308721808297,-42.7702714043669,-41.8701992972008,-41.163684076418,-40.8498640577546,-41.4293539663517,-41.5417391315891,-40.9810719249145,-40.8469969611534,-41.7478804510452,-43.4000642858101,-44.8555720822114,-45.7234841055114,-45.6845543900909,-47.6321256918334,-47.9666402866192,-48.8764255933868,-50.1411808738438,-53.2396565748315,-58.3636482415355,-64.2645270132228,-61.9666657838716,-57.9341795071325,-55.9940902076099,-55.2295513653352,-54.1005107785283,-53.1002389713464,-52.2724869227308,-51.9392996265795,-51.7860125241104,-52.5062132835976,-53.5811920577498,-54.5552298282574
-53.7706654486197,-55.6492607258481,-56.0403012949301,-55.3832330591605,-54.2154241031599,-50.4483486565067,-48.3764514642635,-48.5581754418859,-46.533420011735,-44.7208328159584,-45.3895487931012,-46.7654281794549,-45.5465349312724,-44.3157700875826,-44.9683967765938,-46.6557650940807,-47.8203612561456,-48.3474261919509,-50.5451508322848,-50.3851332700842,-58.2939187470333,-60.1251161086434,-57.702817546136,-51.9775488803965,-48.2871975348062,-45.8633704894645,-44.2151580122385,-43.159228081117,-42.2417836169237,-41.5600870870046,-42.1924034835054,-43.2584810302993,-43.3407630742705,-42.8921982091786,-43.1345427607384,-44.5371202561856,-46.1008531722643,-47.4875924359474,-46.9139374136968,-50.4093816093063,-48.8943468502924,-50.2269335213868,-51.0993882165802,-52.7722359573286,-55.7104170956855,-59.0599316591434,-59.1153660370777,-56.8104251528914,-55.245500354087,-54.3181667544478,-53.8962412810747,-53.4962280567406,-53.2405956796788,-53.1371478446562,-52.9221960087174,-53.5338472846337,-54.3997202412092,-54.6481970981133
-55.1519055419822,-56.703567234118,-56.2985233688265,-54.0974880928054,-52.3374236267064,-50.1262316740655,-47.3325352239018,-47.373747275535,-47.1115942052354,-45.9679505901448,-45.8282214699904,-45.1917639976256,-44.1830162148896,-44.5317757742247,-46.4538388943481,-47.4072679852678,-47.2444283398921,-47.6145051649086,-51.4440674523566,-50.5133080101956,-57.8538132845578,-63.6110142389746,-56.9222551222655,-51.6507821470468,-49.2219948061911,-47.3276063628228,-45.6032159925652,-44.5325174904086,-43.6380889800991,-42.8364805285049,-43.2895405108745,-45.2098334224369,-46.8195562831897,-46.331838147804,-45.6251646351606,-46.4563577101087,-47.9077372718218,-49.7836363583795,-49.1189231266146,-53.9420620852391,-50.7204090478513,-52.5823570760083,-52.8687453273242,-52.7433700136832,-54.0875543989107,-56.2144399880193,-57.1855628522905,-56.647772130512,-55.5581965782946,-54.150034816191,-53.9202351830132,-53.855513016831,-54.2599427978676,-54.538119736837,-54.6155443708967,-55.0695093956936,-55.8877953924306,-55.9501378309073
-59.3822091826276,-59.4398208777894,-57.7725562711507,-54.4371509561381,-51.5371778966494,-50.3359191062399,-47.7528316210826,-46.6320600976237,-47.2459973797207,-47.6833399029211,-46.2773998324209,-44.232206147132,-43.8755859661418,-45.8217856080061,-48.644346856363,-47.8446993110126,-47.0810409527223,-47.8665651514956,-50.9880331379116,-51.9068781613013,-53.2958626563797,-54.5175072620638,-51.3926634830453,-49.0025454634947,-48.4285667391803,-47.874096380188,-46.5791351430075,-45.7112963145753,-45.2182288233504,-44.7802387715594,-44.9798855148266,-47.3302274823439,-51.141057023019,-51.5014944408058,-49.3448859935087,-49.2077515136021,-50.4107055874918,-52.6295912776487,-52.6698589645853,-56.7756878270687,-53.8256345315878,-56.3738779138048,-56.0267821335313,-53.7934921710657,-53.6440152323562,-54.7272461329912,-55.9728447316673,-56.8657675261225,-56.7336261407173,-55.1392495033652,-54.7238619524594,-54.5275715155131,-55.1214682530011,-55.7261551728998,-56.4306132899443,-56.8936321573191,-58.2058083818117,-59.4188859205137
-75.5243777277212,-62.6656923411418,-58.5437008768917,-55.2426388639709,-51.563405175301,-50.6379176037339,-49.5993145913064,-47.16289372496,-47.4869805410023,-49.1999272107552,-46.9210201916508,-44.418460339754,-44.8176400090452,-48.0228315122861,-49.9128314876208,-48.1011328706513,-47.9545914344229,-49.4895381025386,-50.5553445227589,-54.7254586505644,-51.6995869708597,-51.7239752287284,-49.2233963286457,-47.7652736922085,-47.6655104690263,-47.6776796958793,-46.9708910586824,-46.5107187388703,-46.8093781471812,-47.359478287018,-47.3226283389145,-49.7354032317115,-55.4641982445969,-59.750480531815,-54.8364909074185,-52.948859298651,-53.6286880055766,-56.0751628803468,-58.1248318346797,-58.1126938188744,-59.1187253477997,-61.0511693339387,-60.2441188785272,-56.0680566833616,-54.2704937090417,-54.3082348042667,-55.548397938901,-57.3760760249596,-58.6387742277803,-57.7720760819864,-56.9473190580614,-56.0529875725854,-55.9014123112737,-56.3162234525615,-57.4706389402976,-58.1070017103564,-60.1055543911341,-66.3167414967004
-62.6591379276773,-61.9422011291079,-57.5354660481278,-55.194448350578,-52.2921503851529,-51.176980630715,-52.4340402346406,-49.3118821209311,-48.5200823742626,-49.9817800699425,-47.9598781248222,-45.9728696472656,-47.246574424082,-50.2819390083839,-49.4950716790335,-48.97609527205,-50.4404711068031,-52.8397845040395,-51.701840931259,-57.7845220753125,-52.2070161617743,-51.1895793301167,-48.9562507497671,-47.9945849878749,-47.6044014599149,-47.2727737782903,-46.9579857552524,-47.0049404782816,-48.2475166896316,-50.1785925991446,-49.7095809445122,-51.9394289885474,-58.9228120049269,-75.4498891117998,-65.2729070029019,-58.3833255293261,-57.0563835607081,-59.5682491161569,-64.0211560629315,-60.1652339265091,-71.5298365629375,-61.1583691381344,-59.7897515422181,-58.7439169660593,-55.8956617838983,-54.7809607950952,-55.7936985265849,-58.2900575938087,-61.3212124407645,-63.3786922167525,-62.0302231364825,-59.2073703788086,-56.9311999211612,-56.2878590580548,-57.0675137499586,-57.6608650745254,-58.5682573987411,-61.051200359411
-56.8997927795792,-59.1047485875056,-56.3054969125817,-54.5821760394111,-53.8278111267925,-52.7190622959869,-54.8924439764142,-53.5296688483517,-50.7302755819534,-50.2355579174152,-49.0341527087721,-48.9788230038349,-51.1421128507639,-50.4131979880025,-48.8650466211636,-50.9545690676374,-55.162190777864,-57.2202129196771,-55.8017705612285,-58.7829127309313,-54.5194127206997,-51.7609842223316,-49.6127992722816,-49.1939879220728,-48.1895709366337,-47.0686341170233,-46.9340237114309,-47.4713994031844,-49.3946873654404,-52.2200749940951,-50.8901103279785,-52.6182750299573,-62.305193332564,-61.2472877372688,-62.9681206030201,-69.4827693288955,-59.6212910491526,-60.2925646937843,-62.8980503900441,-64.7565990835714,-67.934316228122,-59.3348842725116,-57.3203530513154,-59.7627120055205,-58.4669671223938,-56.071054562156,-56.4048987154047,-58.8665894131769,-63.6304081880737,-73.6632592581251,-77.3693165792448,-64.6834963269146,-58.3532317770266,-55.9486381307375,-55.5720774854558,-55.7937931948962,-55.3916858437126,-55.0433102219807
-54.7449494631166,-56.9590655768327,-55.8143232642046,-54.8390825213073,-56.7260968245797,-56.4243818330732,-56.3775155187527,-60.0785479543731,-54.3935964572124,-50.6767941011177,-49.7452688432813,-53.2411385570733,-54.4868719143015,-49.3978253249956,-49.1846366527826,-54.2520700800359,-60.6329077409401,-57.5442014150356,-68.259453184537,-60.7909704381599,-57.8201072815716,-52.3620552091982,-50.183835446479,-50.5299309105829,-49.1642213098489,-47.3577580564011,-47.2841862313454,-48.1625914368403,-50.0643791494201,-52.6697864572588,-51.0437346752222,-51.9236077242832,-64.9574972069738,-57.9520723260621,-56.3585423506149,-68.5492247401286,-61.6786433797302,-58.6926873787594,-61.7913718919478,-65.6056050585928,-61.7246383421658,-59.601917235144,-57.0617391657996,-59.8437500015996,-61.7581267402557,-58.4111297126375,-57.3708177488379,-58.2134528492853,-61.7299584258709,-63.8004026165715,-62.9404025294484,-62.3998813414386,-58.8832575642797,-55.4246899696042,-53.7359819020751,-53.3819205273274,-52.6046960151109,-51.6017570729245
-53.9373042442526,-55.4399616509341,-56.0911294911536,-56.8593794019254,-63.0071545456961,-65.9913919063179,-58.7770817158655,-60.9840021822437,-59.7248258733163,-52.0223245500668,-50.905183272279,-58.3437225569935,-54.9572923168098,-49.6777303933287,-51.1105488054656,-58.520634691236,-58.5642431410492,-56.0025533163045,-59.2586462175292,-73.2042839557699,-57.9224398693513,-52.3531615084137,-50.491831913987,-51.3306925925241,-50.1807400364191,-48.3404023011788,-48.2793821737145,-49.1399287869596,-50.0924854874783,-51.9551144659023,-51.3545045711181,-50.8368681365275,-58.7328325895396,-57.8086889977274,-53.9139239280239,-60.6760257276863,-64.2749928518035,-57.9318347333136,-62.8857136753779,-60.1242044849212,-60.2715030521806,-62.5039296168015,-59.2536928508141,-60.9441766638787,-64.8360685455075,-62.6656621551508,-59.4394204502652,-57.701699131684,-58.8476743932625,-59.5326348826193,-57.9285746872006,-56.9829348153594,-56.5769670738963,-54.3533115144581,-52.005194658528,-51.0854191155172,-50.3635952659628,-49.4157427011108
-53.6314752763292,-54.3076017790498,-56.7123399180136,-60.1517199778906,-71.6378795956832,-65.3186110781297,-64.4425106040317,-57.7300977244374,-61.6566842617439,-54.7556606295593,-54.1031995859323,-64.2895375678618,-55.5275470227668,-52.2657717887211,-55.5850899225396,-59.2254649168236,-55.8782284473765,-55.9611984790452,-54.2333054731986,-60.799658483891,-55.6267847981408,-52.3199585884271,-51.4744518516732,-52.0175073753176,-51.0580364484795,-50.1094917955935,-50.0644222654075,-50.2900463824481,-49.7373432373551,-50.817092706038,-52.1456581614367,-49.7346360523479,-53.3104729756678,-59.1526186364863,-53.2620760564878,-57.1047143531405,-64.9553833939896,-58.7843702961729,-65.5527344261641,-57.3552665916996,-61.4734547628817,-69.9016431271274,-64.3057590651998,-63.029739481707,-66.6268083496501,-71.2004249438617,-64.4826865269933,-59.1562830643684,-57.7526861057806,-57.6358800482297,-55.8468503746266,-54.027139009379,-53.4292466601121,-52.4941252128404,-50.4816816784317,-49.252685800047,-48.6177085758675,-47.9813915426016
-53.5778127094713,-53.550600287438,-56.7907885133174,-58.63147719087,-59.3273967261273,-57.9432410556897,-68.6575288714211,-56.1265971797225,-57.1295881775928,-58.5192019274295,-61.6115152302443,-60.1863925001456,-56.7266270387916,-57.4510542955063,-65.843983021164,-56.3505851074789,-54.0135804729927,-56.6682894433083,-52.8529955936502,-53.7616392593311,-54.4044586576306,-53.128065371499,-54.1224313883454,-53.3629126855014,-52.2079450480212,-52.6538923826227,-52.6386781907114,-51.5376446554876,-49.613697444389,-49.795577996228,-52.9012514750189,-49.0839641400829,-50.1963495919106,-58.9167035796783,-53.3940851350058,-54.779973463007,-62.9156531448107,-61.2546054887576,-69.0943569521601,-57.0404747815991,-66.1136739375896,-71.395472208527,-74.2021464959996,-64.4056259911171,-67.8385404625019,-74.1352292762907,-79.3745366305788,-64.7046192271095,-58.6705113505083,-56.5055702880469,-54.7476615857232,-52.5191165117529,-51.0580684100782,-50.3884400988129,-49.1490756546301,-47.978672964213,-47.3859217687033,-47.1032681420992
-53.8147739170915,-53.2711840033228,-55.7722987964444,-55.0342815328621,-55.0286304950332,-55.4425924030618,-59.4572624676296,-55.5416994761713,-54.0802761852146,-61.1072714975666,-59.3420189668389,-55.8790383471375,-57.9732963551348,-57.1023819658571,-73.4971745653352,-54.7159296058349,-52.5958258598827,-56.4851381105612,-53.0370944077075,-50.8220972642505,-54.1705397093426,-55.3506370706871,-59.1691453205162,-55.7850704190819,-54.670911224251,-55.894273334781,-55.6471133443877,-52.8751667191538,-50.1441491096403,-49.2374981987718,-52.4675186187978,-49.3450603329606,-48.6580315125647,-56.328110805088,-53.6424253409887,-53.2240287989506,-61.3686200162561,-63.7350809660716,-75.0277033912421,-59.3608603253303,-72.5903336829093,-63.5076198425646,-73.0240124135102,-64.637880195512,-66.8576383810434,-72.0972541870187,-64.8677275627809,-65.2716262172864,-60.1327829793346,-55.3256850784478,-53.5323450555618,-51.6617296924975,-49.5923980866421,-48.667533003567,-48.0461289081729,-47.2239538603412,-46.7059591757273,-46.72364135616
-54.2600722987776,-53.5664856218443,-54.3740788451831,-53.2176839608033,-53.268355075819,-54.5357148703243,-54.4878950051254,-55.5399872335405,-52.7207643454467,-62.1797168538144,-54.3337624607297,-55.2284451423691,-59.8732098809971,-53.696395868913,-69.3743246860728,-54.1506845809573,-52.031945241316,-54.8976108111372,-53.674922590401,-49.9511749409002,-53.9311020755964,-58.5407893131274,-60.9293283119745,-59.333853922134,-60.8334543428659,-59.5255558554321,-57.6392080008744,-53.6859634348148,-51.1982945737504,-49.3165827626297,-50.7096334251701,-50.6173038866989,-48.1821167829865,-53.2737906040355,-53.9709188642578,-52.2482430475249,-59.4042289359237,-62.1770197676946,-79.101340638151,-64.000243853722,-63.6936474025913,-59.8615421585342,-63.1101725840362,-64.3278381524952,-62.6258905951747,-70.5325652830291,-60.5799883596152,-57.7539486079618,-57.6009291447349,-53.9412815292489,-51.9910341707617,-50.7668671515369,-48.8037614518983,-47.5761681588883,-47.2681343191579,-46.9091384811263,-46.5917506707081,-46.8423330534953
-54.7736582851426,-54.5094244983794,-53.5069357376234,-52.9099538332181,-52.9853269372975,-54.2677883995449,-51.7082825263252,-55.2601068973715,-52.5519608273879,-58.4877745293668,-52.9778616760362,-57.1962016285116,-56.8705103938124,-53.0370949288073,-60.8711662851873,-53.1192108901995,-52.5340279615507,-52.8865641315384,-53.955784998164,-50.5593978468103,-53.1260145782143,-57.3460997285789,-56.6885092301611,-61.2385578326274,-69.7467090455481,-61.3680261279593,-56.8979098721896,-52.9224680813921,-51.8607381965168,-50.0640897166594,-48.9950447770958,-52.1624639002427,-48.4481091458233,-50.4374832100659,-54.4793109858308,-51.6250932288672,-56.0571504224214,-59.1643119643522,-64.9923211596371,-59.5153302580471,-59.3212966556766,-57.9517023886639,-57.7089626179086,-62.0630636172761,-59.0812271390854,-61.5968445457435,-59.0109302475579,-54.6987127443544,-54.1062208528465,-52.6353127354698,-50.6225707009843,-49.602489754119,-48.3650329466303,-47.0960189578932,-46.8791282050693,-46.9595072602346,-47.01120028802,-47.4725242009036
-55.6226626050908,-56.174449145767,-53.6462202539601,-53.6109302667008,-53.7011484742156,-54.2110859121861,-50.5970502576007,-53.9936839462068,-53.1346851087749,-53.2872353736714,-53.3178459867897,-56.6084614138853,-51.8225530141506,-54.4962565922941,-53.9448576552214,-51.4609301212421,-53.8785958202421,-51.3819930865756,-53.543598031154,-52.4406957151993,-52.3755474838394,-53.720996197387,-54.477511732245,-58.1973923357701,-56.99346044743,-59.1381561894591,-54.807999943632,-51.4219272130717,-51.4954070486411,-51.2845711732367,-48.2347467833773,-52.308598628623,-49.4755701694496,-48.4737545545793,-54.3785046901646,-51.3326293607198,-52.904092303772,-56.6839427702063,-58.5352004884681,-54.390384686236,-57.1667579061617,-57.1075715297133,-54.8730952351988,-59.2255973346429,-57.2293547355665,-56.9029731183852,-57.8735473305476,-54.121858524233,-52.2416715139343,-51.6397431938841,-49.7610456963374,-48.4947821289981,-47.9775501101383,-47.0757999917187,-46.8585349058722,-47.2928238173604,-47.8503572136844,-48.6014250001121
-57.5885314861937,-58.6077392218544,-55.0422088133572,-54.8537159002958,-54.9839791399255,-54.0420182043585,-51.0827914845976,-52.6404286064483,-54.1367630581528,-50.3867976350991,-54.1412217790772,-52.9523830403171,-49.2416142130166,-57.2045636577168,-50.6019888123436,-50.5941191430779,-55.3020312932655,-50.916702048821,-52.7260436946346,-55.5341338460064,-52.4140230205007,-51.8072222057866,-53.9478081111082,-55.3355211428732,-52.9813230335813,-55.9573262555193,-52.8877097664267,-50.5091731914364,-50.9894129645518,-52.4001691396854,-48.7757032528009,-51.3595404523995,-51.6806905608906,-47.8939323946672,-52.9664382025031,-51.6842238435577,-50.8398486439454,-54.5193867723977,-54.4295604041935,-51.6207820800466,-55.8518929300757,-56.8631272296017,-53.9198947434504,-57.6315072363522,-57.1720491680817,-55.3265070799773,-56.7133196815031,-55.1781991397618,-51.9487545795055,-50.980393144083,-49.3717513612729,-47.79377066995,-47.5581959204691,-47.2988373871776,-47.1082014939743,-47.7723901019934,-48.8593661370227,-50.0994843512774
-62.176821631194,-61.4391218242394,-57.6386651474291,-56.2944302594615,-56.2909432660715,-53.7003781610837,-53.2398200455927,-52.1907100087487,-55.3114873155512,-49.7597552501219,-55.0103218729235,-51.155664185745,-48.9971243233245,-58.4085369907948,-49.5658741954179,-51.3299405557394,-55.6476205434887,-51.8104634249553,-52.3581804247464,-58.6749035516102,-53.6033702239125,-51.7473422903181,-54.4539605528511,-53.8443687054897,-51.5577506757784,-53.2522238506936,-51.4562735093912,-50.5469739973219,-51.1064963198402,-52.8992945816821,-50.8534701154731,-50.9999163475428,-55.4637632825968,-49.1499014146518,-51.3604344152444,-52.9223854705371,-49.9672414695345,-52.5017663837762,-51.6911576114705,-50.2206908382986,-54.5570284633976,-56.5080673077419,-54.2545020306534,-57.4128540558342,-59.3780074861526,-56.8805596813732,-56.5087930336483,-56.2679957533981,-52.6768698113923,-50.529255296934,-49.1907948405498,-47.5995745800268,-47.2490705872428,-47.5664239626603,-47.5077495738426,-48.2224849309307,-49.6880771945767,-51.5375065076716
-79.8905190605903,-62.6480993711961,-59.6105658758159,-57.7558865776296,-56.9856641284987,-53.6694158945992,-57.0731367035027,-52.9738936316309,-56.1528360614419,-51.4654297794858,-55.7733290417757,-51.2042178644081,-51.0076531404452,-55.3426989635021,-50.2310400805261,-53.7337235374978,-54.7305099654877,-54.4120587416997,-53.366493917673,-58.3447224060075,-56.1985886133854,-53.4882993476189,-55.3936262369141,-53.1409925964116,-51.5564904665909,-51.2392971504542,-50.5419249660641,-51.3902726655412,-51.6953377203443,-53.1407487234389,-54.6915720098393,-51.9854429844338,-58.2841607794763,-53.3230658586472,-50.7132895502954,-54.0487583376576,-50.2194806296727,-50.7317304249827,-49.9290673512231,-49.6934821317033,-52.9213146676993,-55.3047562620318,-54.7176645561137,-57.2651180499388,-64.610079068361,-65.3442058806594,-57.9049587409833,-55.0400378080984,-52.9632542128063,-50.104470186842,-48.9427266260216,-47.8122615357359,-47.2214869466114,-47.7949962888041,-47.9968062438157,-48.5919858203889,-50.1738168416774,-52.2640364630862
-64.4276790865402,-60.8387824705835,-58.428118990895,-58.8766435541084,-56.7262492904989,-54.5672116656879,-61.4658721273577,-55.0345375127187,-56.5077496107286,-56.3669013926556,-55.6855256755635,-51.9069039318827,-55.4721346161831,-51.9136109508854,-52.1341146681409,-55.5931257297224,-53.6982193566262,-59.454048518743,-56.9186461804586,-57.3976010419685,-60.4314390077416,-56.9764525334754,-56.0526189630453,-52.4905281429052,-52.3095207768786,-50.0809001001416,-50.2165624433483,-52.5532126111296,-52.0941135394805,-53.4774541929875,-59.2514547962409,-54.4641869140901,-57.2809332410819,-67.6635893078844,-51.6336813044718,-52.7120872736292,-51.2839952234531,-49.3828733473788,-48.9176361328269,-49.799372459002,-51.0735506190864,-53.1773761208886,-53.969731760178,-55.0016302611701,-60.8504918098841,-62.0558326539279,-58.4501673162592,-52.8412176174124,-51.5954949514572,-49.6126787321308,-48.5959260054623,-48.2328262379031,-47.5550717685516,-48.0505119664191,-48.6268494782614,-49.0843731026252,-50.565689924347,-52.2820363446646
-58.4105056582773,-58.2688588978035,-56.7403380293033,-58.8960772546197,-55.9880624525958,-56.6856381199119,-63.8295578055911,-58.1114483366674,-57.7700622588548,-64.7442445746198,-55.5815858042877,-51.9473621957738,-61.4234836674793,-49.9897143083271,-54.8439925567261,-53.9830132901989,-53.4931592750009,-65.5986907548078,-66.0148722715169,-59.7295073178408,-63.8330694573028,-60.1583614853564,-56.0766449664262,-51.7562712969477,-53.0539229460275,-49.8944579042095,-50.5919337617243,-53.2138692498785,-52.124237264177,-53.2801848991286,-59.8674495020268,-55.9308348571867,-58.4407371699538,-56.9013011629599,-54.7504334625557,-50.3964194688805,-51.8674856300939,-48.5523477724247,-48.4637415865706,-50.1778361890175,-49.3556391045123,-50.7404531447994,-52.3768468893342,-51.8869684529148,-54.5626806345278,-53.218859517128,-54.4403699401716,-51.2237193784839,-49.8279000303534,-49.1285859749476,-48.3566745287396,-48.6920990681222,-48.2570173000251,-48.5127222621564,-49.544849743887,-50.0394585716447,-51.2844775807698,-52.3761395039303
-55.6976186717491,-56.1318550384143,-55.8823244130172,-57.5359107928903,-55.5250326315285,-59.068019871002,-63.3967354068255,-60.487292235116,-62.8314648504741,-59.3404491848548,-57.4377512612192,-51.9966785523369,-62.7173206545421,-49.7365728673034,-57.8390816393034,-52.4120405643399,-54.2647901647978,-60.0225454166557,-60.3300555761333,-75.2974719749587,-60.8165707730098,-58.9702816239061,-55.4179576729335,-51.4703795003177,-53.1593612096317,-50.7361592717941,-51.7181229948633,-52.963723853531,-52.3739381491883,-52.256966595126,-58.2986016194878,-53.1094164814977,-62.2354477453138,-51.4087148049769,-57.35482357984,-49.0431213520635,-50.490842788557,-48.2032023672046,-48.3356502870343,-49.9796679769359,-48.0710463537604,-48.6790307097514,-50.7747180517398,-49.6540271023734,-51.0285317588845,-49.7035766999014,-50.7101242410269,-50.2178514793138,-48.7214179628338,-48.8091309854713,-48.431591260991,-49.164065822524,-49.3272024118813,-49.4320440797692,-50.9509328513593,-51.7763010363842,-52.6688437590386,-53.2018479168912
-54.4657618688141,-54.6251387418259,-55.4102224194793,-55.569631112526,-55.6022156038856,-58.7089079068791,-59.4237994930044,-59.875865869563,-72.3368183997912,-57.1638374909857,-60.4563838982188,-53.4987670821494,-58.6235025347727,-51.1029359076217,-57.4190628697819,-52.1204808086482,-54.9440308061478,-55.3919115913334,-54.760714362055,-58.5249898617383,-57.3660076731255,-56.7290580897722,-53.9899198287503,-52.1221326520265,-52.8826755625767,-52.6467789670512,-53.4836862105874,-52.5423434590812,-53.2692990557302,-51.5433941560159,-55.8810729371884,-50.762119499458,-55.0365844777397,-49.8525986228858,-52.2077288104338,-48.8133826293231,-48.4322168054859,-48.1509907334071,-48.2673026345088,-48.7939264011529,-47.4181205318518,-47.4298024198171,-49.4753159544777,-48.6406239724904,-49.2084561632275,-48.4220775511767,-48.5988714447872,-49.540902504776,-48.3894014805405,-48.7582152482549,-48.8879865088364,-49.7399895018093,-50.801914607611,-51.1047963973567,-53.089858042493,-54.6042735450699,-54.9932905605792,-55.0983238444144
-54.1911870188911,-53.7440868414316,-54.7907717168922,-53.8796782900873,-55.7936607047425,-56.7240320402145,-55.9364561433687,-58.5284890434498,-58.3634097110746,-58.5623594406829,-56.3406764352967,-57.4383121042172,-53.9257691597486,-53.7958420267006,-53.8233063508283,-52.4922743100474,-54.0921305629204,-52.7089993589996,-52.5870394632305,-52.1871862493591,-54.9255916806431,-54.7321625805824,-52.467561204245,-53.9254308398329,-53.0577182500038,-55.7775461000565,-55.6658529055012,-52.9661010198983,-54.7142854127036,-52.1480114393067,-53.0439057053737,-50.4733050523293,-49.9328050529091,-50.2904096475204,-48.2667698489048,-49.2099658585496,-47.0390216259499,-48.1319723717892,-48.0986185684309,-47.5199871147937,-47.5112125705423,-47.2451893938255,-48.8161815863903,-48.8832565268869,-48.7211218817597,-48.6562578909481,-47.859862969908,-49.0287292665324,-48.6308557323241,-48.9634255450616,-49.6312133222224,-50.4848454142436,-52.7217268604735,-53.8334166800728,-56.3022321501938,-59.0533605694894,-58.6299463151072,-58.2215666142785
-54.461406404533,-53.3888754124046,-53.9969902149345,-52.9099562295559,-55.3252996882851,-55.2969192205766,-54.0961762774705,-58.1251847323492,-54.5027736187235,-62.30966466203,-52.9532441862117,-65.3773365199755,-51.5270674785626,-56.7499639626069,-51.678730370258,-52.9567202988709,-52.8296436065156,-51.3662005836835,-51.9226162155176,-49.6092508094162,-53.1514249969281,-52.9857599419479,-51.8540640390288,-56.7249951770294,-54.3983982699927,-60.7336765910589,-58.4764361623925,-55.045003496492,-56.3163564420007,-54.555094723387,-51.261212254049,-52.224673100914,-47.796597861927,-51.5759323296977,-46.4836533474378,-49.3119322390439,-46.5585261902678,-47.9851924760376,-47.8987064605095,-46.9492695436605,-48.3998555600692,-48.3431336389559,-49.2767245451176,-50.5154182615169,-49.5109981469142,-50.0477211983346,-48.2706432082243,-48.7007555183081,-49.1525451538914,-49.3049307489445,-50.4137501926445,-51.2907135355042,-54.8591967006046,-57.4163600384937,-60.9601645078534,-67.1852994648152,-64.3474845038383,-62.2534067182553
-54.5910422274232,-53.3948509743686,-53.2556524682937,-52.7376298328585,-54.2535287965769,-54.6072081840711,-53.4677994330005,-58.5361203965844,-54.0266831485961,-65.548798388271,-52.8172293332517,-81.0164471348316,-51.7356696924653,-59.2356385270332,-51.4974424272713,-53.694671087244,-52.3034043455581,-51.1072987405793,-51.9180351249614,-49.0926188986952,-51.9114315875138,-51.887026049661,-52.7774655629978,-58.9956463873936,-57.4069017435163,-68.1792311510876,-63.6422325638987,-59.641517781205,-57.9829371518618,-58.0367683135292,-51.1609258192732,-54.4299935573894,-47.8419272950616,-51.3994120937853,-46.3931704878166,-48.5743773075177,-46.8713332233899,-47.7389289678849,-47.8261165614498,-47.2071176939406,-50.0042809653931,-51.011571687528,-51.5175745504398,-53.9675767875137,-51.7110566197959,-51.976112370877,-49.6409444949709,-48.669438328567,-49.6550333693647,-49.6370515252783,-50.9402754808074,-51.834949353357,-55.9820764511749,-58.6427827948412,-63.7622499526639,-76.2454986825666,-69.6521518200891,-65.2300886102459
-54.098241480329,-53.5934468650684,-52.7223611505821,-53.1517535118609,-53.3297202208501,-54.5564941220202,-53.4921490032145,-58.913298042138,-56.0752672854632,-65.7199992009256,-56.6416755273345,-76.0461520442606,-54.7792667546667,-62.7878492752892,-52.7298351891733,-54.9950708639563,-52.2055602796406,-51.6654984214932,-52.0601032724468,-50.0972324469318,-51.1955904674266,-51.6625589480268,-55.2762566818448,-58.2939726724214,-60.455306288979,-66.0328272567214,-77.5401767348565,-63.4979927533758,-60.2114867313417,-58.0871108641839,-53.2151571348425,-53.106558119624,-50.0753882608893,-49.5224518002486,-47.805263663301,-47.5353714556262,-47.6876806490372,-47.4703608522834,-47.8899069646111,-47.9036075004797,-51.7870604747439,-55.1198376396946,-56.8675694550883,-59.8689822730433,-55.2667480057169,-52.9960670125908,-51.5008717672689,-49.0443247095134,-49.9583278716106,-49.9243736516588,-51.1200377125433,-51.8930501798651,-54.9320417858815,-56.410274383317,-59.6913891730266,-63.3203827135444,-63.951292423015,-64.8526290966362
-53.4445932453419,-53.8409421958222,-52.5235408976572,-53.6951238934485,-52.9809015306293,-54.9581015514843,-53.8948951639616,-58.9373636775621,-59.0835477518683,-64.4981630737455,-76.3060875539419,-66.7134893741823,-58.4363499105581,-64.8866557115159,-53.6695305142283,-56.5112452581421,-51.8273029781591,-52.6776724751139,-52.043049930794,-52.2068115098189,-50.9687789435772,-52.2057988225664,-56.0013078318416,-56.3464801712003,-57.9035960480489,-62.6315531570527,-62.9106961761081,-60.2754845040743,-63.6247286674829,-57.0476795702837,-58.9865083964858,-51.4716807808292,-55.1653755713175,-48.2293748043117,-50.2915646298356,-46.8763387466881,-48.4804988979729,-47.2204110746026,-47.9069634851057,-48.3451049434721,-52.386247125303,-55.9323955839464,-59.8553551106043,-59.8252260725022,-57.0220309236865,-52.438389539791,-52.5740056471609,-49.8862767568776,-50.1355528266601,-50.3027055460964,-51.1763161092225,-51.7510984386355,-53.1885476001407,-54.5592562086334,-56.1128593531568,-58.520330760445,-59.4430690826055,-61.7154198197974
-53.3076619248374,-53.9787672561498,-52.7732496940948,-53.9584358688642,-53.2830448058014,-55.1493614669625,-54.8700899007714,-59.2759527698214,-58.3020934180542,-63.692767139655,-59.2825630535025,-62.4158337458546,-55.7699430210192,-62.5157080137714,-53.3016288155643,-57.8553657481757,-51.4198798671182,-53.6894928148103,-51.7671048720814,-54.4213514401526,-51.0944652205533,-53.0077960999691,-52.8209348644403,-54.81339862397,-54.8258519379601,-60.9355495920751,-57.9526409628413,-59.8347336759479,-68.1430813169227,-59.3425141155293,-69.9441544490379,-52.2907005629068,-58.0033755860901,-48.4450501197993,-51.5086260508115,-46.9277069583162,-48.6209614070571,-47.0721051698077,-47.7416521549304,-48.3592740275707,-51.3033143501063,-52.7601433034444,-53.0483009706781,-54.82433758698,-54.4020538568131,-51.6361321924705,-52.0916524749943,-51.1862971845334,-50.5014868587713,-51.0049192332285,-51.453669344065,-51.9349942937008,-52.0811297718714,-53.7256948339653,-53.9922276071656,-55.7344774056325,-56.5588388107876,-58.1270722039794
-53.9514853424599,-53.8910729912648,-53.4521683501413,-53.9388681602422,-54.1460887957349,-54.5552053413903,-56.7490264292565,-59.5200517706532,-57.0055018567724,-66.2640099295257,-55.7192572166447,-62.5514410635565,-54.5835591287928,-62.961117725629,-53.5813345921892,-58.9457687253781,-51.8359997762636,-54.0472187967654,-51.4647183640629,-54.5315985109928,-51.3352005314638,-53.0984310787894,-50.4428817180119,-53.6448631976626,-53.3110075254455,-57.626846969449,-56.0476649964074,-62.2897496654197,-67.9162828004954,-70.784354994235,-58.4363491275209,-56.7115215876091,-52.8781577042633,-50.405026047497,-49.8907126268029,-47.7939342726124,-48.0563463226984,-47.1728642059804,-47.5410919219589,-48.4876217093886,-49.7769113178798,-50.5943866164278,-49.6717239154649,-52.0913592177723,-52.1376516376216,-51.488971178927,-51.3965779449014,-52.8814707356216,-51.4824517116396,-52.2894042470622,-52.252286742814,-52.7619000719619,-51.9237245623331,-53.5856023516981,-53.0193088356857,-54.1615244226627,-54.8015101687419,-55.5710859505253
-55.2657887601399,-53.6880456574846,-54.2899460171386,-53.8266434039557,-55.2131589548394,-53.8427444296219,-59.5106062756848,-58.0897782827474,-58.2594218632933,-75.7495673950894,-57.730778902052,-66.020866569159,-57.263248289703,-64.8441929659542,-55.9519404547956,-58.039649655999,-53.5827415778204,-53.3200699408502,-51.4812285288107,-52.4317186822073,-51.4522780618906,-52.0038381310495,-49.6309483457369,-52.4207139123793,-52.8541922001724,-53.9297317345412,-55.6494750539719,-59.0436121255316,-62.7890430036888,-60.1919962624779,-55.425045463274,-59.9573633177072,-50.4193147023455,-53.3115754762006,-48.3473743555743,-49.26462981299,-47.428379434056,-47.627507747553,-47.5840463972008,-48.9900699620242,-48.596845496146,-49.4948061968418,-48.310545757822,-50.7611417086839,-51.0670600377964,-52.1550495254932,-51.6421517631246,-55.0109253500411,-53.6165387051547,-54.473082622948,-53.809575544326,-54.1755160577402,-52.7019409826742,-53.798813686463,-53.0230186087884,-53.5987085745558,-54.0778120788517,-54.3567741008116
-56.6497398703202,-53.6470336044433,-54.8408922529583,-53.7585299751225,-55.6655165068719,-53.9157172124461,-62.1569023621098,-56.2189232793879,-62.6904136636585,-63.7399615778881,-69.8676808437452,-62.9535118096452,-63.3613455201559,-60.350672542971,-60.3118446454163,-55.659068341381,-56.5685911183515,-52.2730339598799,-51.827381541777,-50.3481377075267,-51.3313245743685,-50.5162720166848,-50.0251294922177,-51.120473729291,-52.8667141124024,-51.6091997399395,-55.7429088284896,-54.3629086940436,-58.7215484618688,-54.2935329601497,-55.5388004981321,-53.4905727868796,-50.2898747088037,-52.8700389900854,-48.074851143176,-50.4533865512289,-47.3716839216628,-48.414729229245,-48.0373154220176,-49.4257291707324,-47.9628858420223,-48.9531175573922,-48.1248167161631,-50.1617941087148,-50.7104544094083,-53.4419727937185,-53.1621767837469,-58.1120648698287,-58.0325105220218,-58.0415889285748,-56.2283170715954,-55.5539637192084,-54.22382442459,-54.1508651729598,-53.8963311567904,-54.0320623355801,-54.4660416479909,-54.5508314282773
-56.8788820453377,-53.9363677856223,-54.8342145700644,-53.8888495409644,-55.0641405784154,-55.0761519172991,-62.6066965667755,-55.6154911281809,-66.8182419454152,-59.5754907755068,-62.7686339269062,-59.2814227027905,-59.4179678976603,-57.4440368701876,-61.0774271032684,-54.5031986978933,-59.0539168891834,-51.926121447291,-52.0693052637902,-49.215525233719,-51.0044022953517,-49.4630369999945,-51.1750586518869,-50.1697834478626,-52.8669728896444,-50.9040016807642,-55.3625626912105,-52.3794286779329,-56.1188534616624,-52.4757650946611,-56.5899912525612,-50.6205114763448,-52.0885557204241,-50.4854587147963,-49.1813086201645,-50.5738392106586,-48.2887355107552,-49.4653758255998,-48.9499562511614,-49.3182213024699,-47.9548480532263,-48.687977706834,-48.6901383837179,-49.7657068257787,-50.5174142675451,-54.5440606514471,-55.1163428359687,-63.6521573735599,-71.314082875877,-62.6456530101858,-58.6930197161853,-55.9609509906091,-55.9493126090028,-54.6040391266161,-55.5463724464007,-55.5939591666226,-56.2525727932388,-56.3679788564565
-55.6260437790298,-54.4681410437119,-54.3421150085679,-54.273425435152,-54.1856930688014,-56.9516385141287,-60.5982692739451,-56.5345142345545,-63.9251374503132,-60.0975372652634,-58.0166117260375,-59.3888451712828,-57.3363620446617,-58.0842912780372,-59.9593080802153,-55.2741461875449,-59.0062200707387,-52.6787719848818,-51.9560037405165,-49.1358978675848,-50.6252925501696,-49.1709030840587,-52.3861585658713,-49.9249466638567,-52.6438846587123,-51.7575113206308,-54.5899984671187,-52.8250342702046,-54.9981106523691,-53.2375627522535,-55.5480697207101,-50.3098754142567,-54.999297115335,-49.4748619560397,-51.65166540617,-50.5194898196385,-50.5171330763328,-50.9287810216563,-50.4280021728393,-49.1690902830116,-48.6659289576609,-48.6601694641146,-49.6772989225086,-49.2531297908043,-50.1499889619542,-53.9473418914133,-54.3088505844257,-62.61528677669,-61.5546973256691,-60.449666064483,-58.2390293852502,-55.3934574359462,-56.8693485949915,-55.1809220211455,-57.8262063628643,-58.5738404419968,-60.3499520640072,-60.5170012820044
-54.1352517936088,-54.9228553816988,-53.6338082392634,-54.572006887175,-53.7824860837282,-58.0850535586251,-58.1882118743438,-57.7763301208429,-63.4578770622468,-66.8888046622597,-60.0965243787835,-63.5375946317,-59.972233435378,-62.054118972996,-62.3349999301985,-57.0360582922435,-58.3287230881928,-54.2561871688419,-51.9795021792064,-49.9080953064096,-50.438956534211,-49.6779582646449,-52.5576411490025,-50.4590732560842,-52.2868769895911,-53.881295882002,-54.3652527396076,-56.141457757456,-55.6928957443535,-56.7862885287504,-53.5255122857588,-51.9445508959495,-54.7593331954677,-49.8601222932779,-54.9949627810412,-51.3348302074601,-54.5866064769643,-53.4637224350509,-52.8699919730467,-49.9222544186721,-50.1661873379527,-48.9742551591392,-50.4934545687948,-48.72792348472,-49.6695390011302,-51.7896737447191,-51.6585539018793,-55.3262114120379,-54.6823864882362,-55.6112241261944,-55.3693450640365,-54.4003341595451,-56.2212849351091,-55.6288543978065,-59.8299002228157,-62.4301923416717,-72.0662149647691,-68.2412686784403
-53.3049826589112,-54.9357015563481,-53.0478392874683,-54.2626424042665,-53.9893813161613,-57.2995344086419,-56.5039743874868,-56.9824806125352,-66.0457655080223,-66.153100302161,-79.9682022799637,-66.595585904427,-63.4300892679356,-60.3235551598954,-71.6229235809016,-56.5803084912515,-58.1747100949408,-55.4895729403189,-52.7636624903365,-51.163028294158,-50.6894858263663,-50.8435079487071,-51.4139293178494,-51.5467248977143,-51.966921652439,-55.5529146384997,-55.3271107311141,-66.0966440889491,-59.5639784667362,-63.0466968808008,-52.7013716408098,-55.5420246541382,-51.9396177910648,-51.035100630167,-56.8685627410148,-52.8940574397997,-61.7585385755421,-58.9289225137597,-57.2185379114415,-52.4434632844108,-52.2280428404303,-49.7501982540934,-50.3451706675281,-48.517535928923,-49.3135009402021,-49.6416342816066,-49.8200165578552,-51.0761378272722,-51.3712032107108,-52.2917203893621,-52.6049776419019,-53.0887622152177,-54.3233884125248,-55.1915755269637,-58.7467795159671,-60.9200043617323,-65.0942667919701,-64.2524137728878
-53.3977174073182,-54.3994807823298,-52.8168328840461,-53.4759976275606,-54.4653942936141,-55.6137507841404,-55.3463264196272,-55.4230607998841,-70.5875858135094,-58.8615874117169,-60.1869072589084,-62.2710636196969,-58.8168462672007,-56.141389724735,-74.209441934869,-55.1639106944757,-58.8430233490651,-55.7622150905149,-54.587680609608,-52.7017843015191,-51.5255346852233,-52.3375399583351,-50.1585126964381,-52.6272725905456,-51.7181829647856,-54.4871970499748,-56.9480302299177,-61.8305284511219,-86.3643167867585,-58.3506773808356,-53.3691692323312,-58.8163844228246,-50.093027053048,-52.3814025187855,-55.712626959243,-53.3056678194239,-64.767387037147,-71.0684099247831,-62.3689391073729,-57.7788805940439,-53.5859115260488,-50.9309083306247,-49.4941167793868,-48.8292635018171,-49.2210432417655,-48.2727091366262,-49.0718948899133,-48.6866832712403,-49.5706996877466,-50.0751269647362,-50.43459100284,-51.5129781006002,-52.0342666342521,-53.5377769876037,-55.3246331049395,-56.4915858345722,-57.8181947222782,-58.9202254121946
-54.3101187936069,-53.5726365477662,-52.925589679755,-52.7209226588606,-54.4951528275117,-54.0053943711446,-53.9890054690905,-54.8879467350629,-67.1430241221634,-57.3999206030641,-55.7370281755713,-61.5814151800251,-57.9263345121549,-55.3662190953365,-69.8961176482733,-55.7799562549519,-60.6242337548391,-56.4123542459262,-57.2981008768894,-54.8851960482922,-52.9445163291019,-53.6624005039524,-49.7219848472863,-53.0199287954465,-51.4695358809265,-52.6579394705462,-55.8185207820541,-54.926869523122,-57.9837999284878,-53.7309714747908,-54.660999649774,-54.1076912659179,-49.3265087579962,-53.4991262578932,-53.0599811857952,-51.7933998257861,-57.8693246385948,-56.8836847356178,-57.1117338601701,-58.2746006684324,-53.0004547594283,-51.996053519045,-49.0048436439547,-49.6662763358177,-49.4368415338997,-47.9193222112228,-49.1260164754573,-47.6697676659588,-48.7065821854288,-48.6829656492401,-48.8902972309702,-49.9493993448237,-50.0080664765877,-51.4591633730118,-52.2371365209885,-53.2499240550229,-54.2734831931085,-55.768848662736
-55.351076883392,-52.815536459753,-53.0991963412376,-52.1217956934376,-53.5608088453511,-52.8129566916803,-52.3822760773057,-55.3940645192424,-60.5002385126668,-58.6728098555153,-56.0159592446157,-61.4251186828829,-63.4700046982363,-57.8370545956282,-69.5520051915964,-59.6848419758548,-61.9202130569506,-58.6265007286711,-59.9076369564187,-58.2821188517367,-54.7409592758153,-54.400649740098,-50.3993512499279,-52.5977433428113,-51.2982937844746,-51.4547370367442,-52.5523053370128,-52.0321264390627,-51.9390822323341,-51.4788153089949,-53.7659634849463,-49.7165516459913,-49.2686907736025,-53.1516804004826,-50.1299778407453,-50.4020964867457,-53.6273871081783,-51.9861731231614,-52.8835098278279,-52.7260846659841,-51.8762963382088,-52.295198869193,-49.5491861307765,-50.9374364172539,-50.0673130798825,-48.727402809026,-49.6471730341193,-47.8668814262589,-48.510879157524,-48.0168140404973,-48.0057943590093,-48.6873335258067,-48.5550952723559,-49.6847841958849,-50.0119897421116,-51.0105034730078,-52.0594332290619,-53.338082353881
-55.1797673291039,-52.2817380509644,-52.9237274587396,-51.5314528611336,-52.0248848407628,-52.0261161561022,-51.1941113270848,-56.1665755301602,-56.3954557359094,-57.8298774552111,-60.8340803026313,-58.5731504640854,-68.3265241816957,-62.466624150748,-63.6621279064614,-66.1149353235602,-60.2145798587111,-63.1016042207177,-60.8553053960383,-61.9417503939688,-56.5271047159746,-54.6477956345808,-52.1520479120622,-51.9719293277804,-51.4937212126383,-50.8651148492475,-50.2486266301468,-50.6458556624083,-49.1627639973529,-50.3794475018261,-50.8486906178717,-47.3423061664589,-49.6878602075632,-50.7956039092563,-47.949989981574,-49.9277206840752,-50.883854561707,-49.8315641314965,-50.8281689831831,-50.0258475594976,-51.459352664467,-52.2762248830738,-51.4855641629717,-52.7223348311734,-51.4269191668117,-50.9232242559507,-50.436387799651,-49.2194000815364,-48.8085174592111,-48.0393433315025,-47.8063574921326,-47.9205025365186,-47.7958096276569,-48.4819546136946,-48.6074298844142,-49.5023256910226,-50.5009622827052,-51.3204726270664
-53.684531456771,-51.8281399775906,-52.1086935652243,-50.9114701707766,-50.5808175750724,-51.3775327509893,-50.859322738626,-56.2103012219192,-54.3876496388855,-54.5298767625442,-69.6954323747328,-57.3780508898397,-57.5462565633174,-60.3588266386014,-61.1385086948335,-61.8705190759316,-58.8196909262005,-70.4333650594416,-60.5112357737515,-62.2239799860043,-58.0372198851897,-55.0298872760329,-54.6124834781246,-51.8956273866887,-52.2683473029261,-50.8025526444811,-49.2815349142518,-50.0098023231742,-48.1166870491218,-49.6929565635903,-48.4231128126995,-46.5665808981408,-50.2378809347451,-48.4938160458629,-46.9828409528931,-50.1816246639035,-49.3433721072416,-49.2323773416696,-50.1082568100981,-49.2457129495986,-51.9043083818582,-52.9175566242248,-55.1889021848243,-55.6235498192726,-54.1899267461005,-54.8792906993953,-51.5695070599528,-51.488465178767,-49.4828606382541,-48.7094445070967,-48.2871788807512,-47.7938160696831,-47.7889899307108,-47.93522526067,-47.9684929973326,-48.6194983272096,-49.3814803569945,-49.8226817763889
-52.0022091494245,-51.1900415993112,-50.7755566806212,-50.3429899164343,-49.6431273205,-50.6702032626563,-51.4106929177333,-55.2787349817974,-53.9452561145616,-53.0089274963258,-60.3146117504804,-60.4547491732012,-55.6885830503786,-58.0277625064507,-62.8064433605248,-60.6326447372738,-59.6613305085359,-72.6212256698572,-60.4567264518215,-61.39376448791,-59.4625677739476,-56.1914222306309,-57.2519619750313,-52.9220549216298,-53.4299862697434,-51.3609551949656,-49.4106189959435,-49.8127815748973,-48.2481800216,-48.9876223084951,-47.054736337668,-47.1254788098237,-50.1715616750688,-47.2967172422436,-47.3755426799252,-50.7535102051201,-48.951078346335,-49.8443323968429,-50.3376293250404,-49.7481508648051,-52.8872246820946,-54.4075003823979,-60.6990433874713,-61.4861838874128,-60.1136109366078,-59.560522490891,-53.2501791326092,-53.5131516154591,-50.494025410152,-49.9511447630971,-49.42234676178,-48.4624172966865,-48.5863909156747,-48.1137958678594,-48.0865435977005,-48.3352355221894,-48.6937707984608,-48.938021888166
-50.6683581175398,-50.3283066859314,-49.4072781668181,-49.8280963078268,-49.3449397276777,-50.0812420497714,-52.5705345315834,-53.9852339299621,-54.1669390481244,-53.8296598833581,-57.4421512626557,-78.9503028920923,-58.6568184747228,-58.4744215003392,-66.1278742989738,-65.2782827180352,-62.9285987889273,-67.8402005153952,-61.8754974649702,-60.819425515432,-61.277498565191,-58.3177750958392,-60.4427734151226,-55.4263240690059,-54.4384474799738,-52.7591959421647,-50.2912943281642,-49.9678771662585,-49.0876597539976,-48.2696656380724,-46.6942652990668,-48.7202458419528,-49.3352309169845,-47.2757765037929,-49.2564288530888,-51.4700565246486,-49.765685330504,-51.6400440969809,-51.4108379581736,-51.1734677392851,-53.8252225903021,-55.1857653134164,-62.5147175048769,-67.982628269997,-66.8207749976253,-58.0306881092082,-55.2868461400166,-53.7271763080892,-51.8722575259443,-51.6681976858839,-51.2153025292836,-50.1509923981423,-50.2507431772954,-49.1351909457598,-48.9781003283155,-48.643000962638,-48.4982678373606,-48.6531679822484
-49.7415299117677,-49.4863702152287,-48.4704427305621,-49.3398656490803,-49.6120647308917,-49.935306840226,-53.7296057516978,-53.0812909019165,-53.850891966246,-57.0786324892509,-57.3570446310187,-59.1247288893328,-73.9492835783125,-59.890669811041,-60.4581433546725,-77.3800454875005,-65.8543351433718,-65.1967081085877,-66.2188055765192,-59.7576050308304,-63.8357699404332,-60.3498566767614,-65.6573160806374,-59.3855970186347,-55.452708477464,-55.3132952236533,-51.4832943052301,-50.5021643835047,-49.9504421869096,-47.8091769537033,-47.2267870387634,-50.6353732361191,-48.615429208697,-48.2079384229688,-52.8600353941651,-52.7678296157416,-52.1499797564936,-54.8653210538314,-53.4533089773107,-53.4825524424566,-54.3094282701328,-53.8228543758334,-59.507849606692,-58.2388866954387,-57.4099616313753,-55.1454053548023,-56.3248044540901,-53.1836363812596,-53.6433930484566,-53.828176020456,-53.8152950254816,-53.2891320796521,-52.8721144507067,-51.2095159121266,-50.6125580386836,-49.5094064772155,-48.8239049580058,-48.8651518215457
-49.2116077416213,-48.9366652721015,-48.2266294832016,-49.0083364843551,-50.1648310948738,-50.3774161451607,-54.1271162935085,-52.9570737399672,-53.2103715767406,-61.2639758231945,-58.8763553946259,-55.05158207907,-62.290455181939,-60.1023773398426,-57.1138850190749,-62.6819991403358,-66.0347400398358,-65.4146176677501,-72.0925324344704,-59.0405587389709,-65.874055619233,-60.8255758144754,-66.9718713506621,-63.1502807136648,-57.8380382099089,-59.0440709835376,-52.572174780267,-51.2861734511428,-50.163386178626,-47.8046582923955,-48.436523876502,-51.4473942480699,-48.481009350482,-49.5456020783909,-58.2044773983847,-55.7207287740398,-57.6290277591751,-59.5141601763449,-56.4055834894669,-56.9902945911453,-54.3462850104031,-52.3104666894988,-56.7405956355977,-54.0226922272824,-53.5992961984148,-53.8939493150851,-55.5121294717109,-53.2164641574256,-55.6808002016316,-56.4786544416348,-57.6734059585964,-59.0728607548876,-56.6094821738671,-54.6518480246883,-52.6816297118096,-50.7901704533789,-49.5916137959663,-49.3929427751439
-49.1420357930809,-48.879915196787,-48.7738476312359,-49.088265534613,-50.6242431526357,-51.2846329928005,-53.5102093159923,-53.2960052098119,-53.3555034309893,-60.2514585419062,-62.782851682391,-55.8427752607594,-59.1452707111373,-61.1646952955613,-56.9805207647611,-59.8814549382927,-70.6297066817644,-68.5278578394031,-64.3784470251259,-58.7246903207866,-63.797889801432,-61.5159998054069,-62.0472106677032,-65.7110560418713,-63.0426551940075,-59.9082409009579,-53.2902091116699,-51.5823795947029,-49.7554974552345,-48.2503539214729,-49.7297416797674,-50.3349604463642,-48.4525957103239,-50.3939876529513,-60.2892459765906,-61.2339932796777,-69.5501423870767,-59.401616768054,-57.3720863001523,-58.4209206659913,-53.8466170065583,-51.7994086883408,-54.178048084848,-52.1768816267114,-52.2994133572267,-53.8534803157854,-54.4165672133126,-54.0088517326534,-57.4969155922965,-59.101496175401,-62.8264043044818,-75.8435097459579,-61.319822269254,-58.8860117185007,-54.1835951746534,-52.0721260778779,-50.5379583006214,-49.9967646345298
-49.6989888275423,-49.5109084365379,-50.1167615199157,-49.7926760787571,-50.8819316386688,-52.2787458725325,-52.4031941411983,-52.9898247054471,-54.4895876698246,-58.6213270887203,-67.7072151429955,-63.1543749995148,-63.5945432935446,-67.3383732253333,-59.5354833358574,-59.4498388623232,-65.1633099507125,-64.3551030493377,-60.0154977664041,-57.2477753428191,-60.5052906197059,-63.7585453906605,-59.5353410278687,-64.5588061213791,-60.4043773888514,-56.3433736795543,-53.3887105161108,-50.6555393716506,-49.2268981295862,-48.8845471934735,-49.9486424744976,-48.2904265135435,-47.8015839981425,-50.4167447782545,-56.1131528788965,-56.5966430229913,-55.5918286628317,-54.946416613,-54.2399596462367,-53.852771197752,-52.73826371869,-52.1462908401899,-52.2074357407526,-51.7321599491479,-52.5628520631282,-54.6820830980805,-54.1128011526692,-55.4948492510342,-58.4024054512615,-59.6168430581413,-62.3110344296127,-63.9849577667457,-62.066111175049,-58.3719427461318,-54.1840071634313,-52.6904135740805,-51.2473579004296,-50.4627695416539
-51.1519632038523,-51.0929127191285,-52.2110566990625,-51.2227195166651,-51.2498522996816,-52.9032535947117,-51.4902682183082,-51.85696149678,-55.3947041506052,-58.5318507843889,-59.4164825085756,-60.0702344046697,-62.7510565136775,-70.443461708143,-64.3382714754984,-58.1466420156257,-57.4417463417429,-58.5138403859888,-57.7581542890543,-55.2655379748242,-58.2630604556846,-62.5281157056454,-58.5168206974004,-58.2393632421968,-54.906009952458,-53.6688674067492,-52.809273333716,-49.263766666572,-48.8817969034658,-49.1488840808616,-48.6903421408294,-46.493946157254,-46.8875941267903,-50.1144714905766,-52.0820046857234,-50.7840971620313,-50.6344754980135,-51.9135587196029,-51.3151009799273,-50.2771012316592,-51.4630622066245,-52.7602602602096,-51.1624533004899,-52.3137413176464,-53.9809989595712,-56.2570637120327,-54.9075566031977,-57.9538509965497,-58.5450555601517,-58.4078297812126,-58.6605410954252,-59.0810124767943,-57.9703855365264,-55.2578643405726,-53.4069046689048,-52.4392587178075,-51.4884243626238,-50.7383050987912
-53.9224421514011,-54.0348669097721,-55.0003187358972,-53.390520898503,-52.1227254194264,-53.0700311878537,-51.192716579276,-51.1480959204029,-54.9228719110953,-58.5292102138144,-55.0383914975709,-52.9650516341563,-54.2079993837813,-59.1792084313164,-67.836810319312,-56.3631548508374,-53.850520249962,-55.3249897918537,-56.5049034959094,-54.6495936373571,-57.0393365494872,-58.1269068725395,-58.2388013638528,-54.3692006283845,-52.531053621618,-52.3247293143718,-51.9362763157664,-48.4060602480337,-48.7041552980629,-48.5897990283613,-47.032691166397,-45.4929740912571,-46.5149191726491,-49.5960871134431,-49.0217331045268,-47.7040585036087,-48.4173662030216,-50.1407038846897,-49.6114154926012,-48.4982525441072,-50.5447686315206,-53.0486913233153,-51.0300657491572,-53.6820813662582,-56.1216737566725,-58.7115082558505,-57.1112099903892,-62.341691733762,-58.9303579943241,-57.8902397913078,-56.9625692210253,-57.1506909916358,-54.9330744746678,-53.4420313284196,-52.7510093057649,-51.8833637589886,-51.4622482075718,-50.9619853894721
-58.8295677027607,-59.0530275526623,-58.394097079813,-56.303648416037,-53.7560069765887,-53.2334808077184,-51.7436045972035,-51.66505623264,-54.1878739128723,-56.961829304223,-53.3883145367709,-50.6828552348039,-50.8409656349558,-54.3946374813094,-60.8114646473861,-55.4219195258011,-52.5171052036518,-53.8116306366148,-55.8848262577753,-56.1770885863795,-56.5476410881587,-55.6088712032014,-58.5949048317328,-53.0461857681675,-52.3515443723525,-51.8275615668692,-51.201478698193,-48.3686939387113,-48.4679695622824,-47.5375826955407,-45.8731709030548,-45.4415209935574,-46.8948169490752,-48.5534816920909,-47.0107099778738,-46.3625710910352,-47.757862524236,-49.2543866946407,-48.9670759744636,-48.1457149776541,-50.2164336252472,-52.8458692793895,-51.5537073079384,-55.480815249219,-58.1649780044587,-62.3988547182682,-61.3194545937965,-69.5358548212382,-60.3797156948046,-58.6363153573909,-56.7648661825835,-55.98565484981,-53.3411604726271,-52.7975431731988,-52.4400951935337,-51.5801506727999,-51.5071875431484,-51.3413378391722
-68.1363642330634,-66.6620645476212,-61.9986416259983,-60.1716979020621,-56.2375214777796,-54.0009410206674,-53.3788723822945,-53.5249409127738,-53.6210234852783,-54.1248286321909,-52.8894412518183,-50.8706032330419,-49.9446626519132,-51.3485104183993,-54.1751798302143,-54.3686871499254,-52.6189526036499,-53.2906111497629,-55.521267959032,-58.7296857760396,-56.5136713304111,-55.2071688437685,-59.7321977254328,-54.1722311476849,-53.9724211397766,-51.6998898034608,-50.8096188029482,-48.97798095811,-48.0369766609651,-46.694889815561,-45.5624318266423,-46.3067221059909,-47.6338985843133,-47.2536292872494,-46.0432769798465,-46.3691037802799,-48.2326289996279,-49.0744332006842,-49.2275122147928,-49.0025252440478,-50.5180643229019,-52.3280995556778,-52.3565941125471,-57.0131519165299,-59.1616542992272,-65.2773682385552,-64.7759194906042,-66.1031878412349,-62.7984022350285,-59.7204105065874,-57.1962117258196,-55.0395260134261,-52.9554379837173,-52.915356167563,-52.4706004493478,-51.7714250423086,-51.8367652856322,-52.0337234859648
-72.9684917110903,-68.7788731504516,-65.3009210657715,-65.7462312107193,-59.1025164147535,-55.7051842480551,-56.3271041102086,-55.681799582709,-52.6358070680723,-51.5811050095661,-52.1385907052535,-52.6097320816413,-50.6112817108709,-49.4637955700626,-50.2434335194844,-52.3163576216705,-53.2756666218881,-53.253844653818,-54.6419999726133,-56.1264728877918,-56.6346066615162,-57.1684782435143,-61.7825903873648,-58.6929667473898,-56.5228226380082,-51.6315663685972,-50.750869353741,-49.7488934842851,-47.6232077135228,-46.4929097918557,-46.2104080241038,-47.8704018699412,-48.1412679224072,-46.4255470813014,-46.1228777029179,-47.6001563248687,-49.5646855602072,-49.5346219992911,-50.2967535753173,-50.9809898935068,-51.449859501363,-51.9065639920921,-53.3205395292004,-57.6314489325279,-59.161398138187,-61.7844688884728,-60.4343926261535,-62.0980434456966,-62.807748457622,-59.2005250626055,-57.2440050512714,-54.5444017871841,-53.614790256699,-53.4701456958148,-52.8630537989142,-52.5174266035839,-52.560938011713,-53.1040887956827
-72.1081846769518,-71.1243769637897,-69.6968504926508,-70.0299557869721,-60.2480239049209,-57.5073114245497,-58.8756461000055,-55.5882019885495,-51.621998154852,-50.2294533115009,-51.2153347830822,-54.6194927747599,-52.3047259109117,-48.8826567660189,-48.4531168863937,-50.4810216873716,-53.3514670344283,-53.2524266855296,-53.0490566851917,-52.563237093191,-56.5223347316301,-63.2064848864267,-64.4676580666582,-65.2217584906928,-56.6126414076337,-51.5400065550761,-50.7400772927856,-50.125940945266,-47.5758751564636,-47.0665937321445,-47.7666448742998,-49.5748965409504,-48.4614926019725,-46.6093526505673,-47.3615254750115,-50.0918419985773,-51.4346933912573,-50.614126097479,-52.0600953604821,-54.0698113827936,-53.0676070687912,-52.1881451156374,-54.9318132872935,-57.6252041399616,-58.8316469088324,-58.1978246577686,-57.2840618319962,-60.5921656722156,-59.9047621651717,-57.8122395966234,-56.8826725875488,-54.9094454129487,-55.2032460184906,-54.3038661607288,-53.6920458366674,-53.7812993872953,-53.7310875658848,-54.5095681798584
-79.5409955532635,-71.9675223422639,-68.0643413441117,-64.0532258708011,-58.9135580964512,-56.9231356470347,-56.5638759465888,-54.210717754538,-51.5600869293886,-50.4374447158552,-51.2600699397329,-55.5296817028873,-54.6360144024922,-49.8639489256826,-48.5198066173493,-49.765511047561,-52.5207475381123,-52.818670284843,-51.5853416000837,-51.0221743650293,-55.8760499001426,-63.4666224283367,-62.6139300691329,-57.2585078111788,-54.3448296532861,-51.3978423767637,-50.3208106638763,-49.9588840737331,-48.0678514964643,-48.3251080065301,-49.8693790561677,-50.6820955587137,-49.1710163629029,-48.178018394543,-50.1362678045274,-54.0475904331279,-53.4108368340027,-52.2527950692106,-54.2471239806795,-58.0422256293316,-55.5281316580464,-53.8426703022212,-58.2087898412659,-57.7381321718688,-58.5333284509984,-56.3025211717184,-56.2242931534503,-59.8426942111813,-57.8900624274071,-57.3447088959786,-57.1081045318094,-56.5451596273287,-57.6246392237467,-55.5339936212801,-55.0560071367862,-55.4064187821885,-55.2796803904176,-56.0581273516509
-63.1084473078748,-61.4101432197102,-60.5240231894972,-59.4323350073799,-57.3395844831766,-55.1087903658551,-53.7571893996059,-53.4956141199548,-53.0067502520681,-52.5588710801503,-52.9521873379599,-55.5798834298534,-56.942604368657,-52.7667172973256,-50.3807764329671,-50.1792458485645,-51.4084618008939,-51.8179897466166,-50.8902399372257,-51.2768353141145,-54.8264899170531,-55.7322345501483,-57.3238291971491,-53.4731288557794,-52.7437298824348,-51.1863325331858,-49.5051289564,-49.5061684191412,-48.9896156029024,-49.8760955711464,-51.6583251069075,-51.1744872273136,-50.5117671071331,-51.5443912597361,-55.7084055264962,-59.4460410663021,-55.0385625947799,-54.2287784230175,-56.2765076832914,-61.1548823434398,-59.0438822415737,-57.7851532313009,-65.2817942418992,-58.4657637590432,-58.3412784457273,-55.7836694736021,-56.6854873856142,-58.7907881217694,-57.1957009688314,-58.2102145863871,-58.771265930634,-60.2139278637614,-60.8489945387299,-57.5375186724864,-57.0093745737296,-57.0047594264729,-56.850700255813,-57.3356336973834
-57.434060749318,-56.6996617122598,-56.1876145257631,-56.4646506240654,-56.2595527263928,-54.1944715720725,-52.6056283594972,-53.6004449884383,-56.0430779333283,-57.4748471059761,-56.4518403238826,-55.545745581051,-57.8806501952941,-58.1816545062622,-53.9284918094916,-51.2059963896675,-50.5354716521387,-50.7795317828461,-51.0831591448663,-53.0259212714566,-53.8056292697819,-52.3608200260956,-53.8252080546841,-52.4254935790804,-52.2531838020609,-51.0605039437319,-48.8854382779466,-49.0950469382323,-49.9318082804599,-50.9389871387835,-52.2147382711629,-51.4770140619233,-51.863944586307,-55.9307094029367,-69.1645872972314,-60.9500153533601,-56.0320782232664,-56.0458344364795,-57.3012825558207,-61.2892813253823,-63.0197427038499,-63.9264841277291,-67.6461259122627,-59.9603742789853,-58.1970282259881,-56.3716027590037,-57.979198969852,-57.3989014556987,-57.1406083295562,-59.6575854454831,-62.1586778615184,-69.3358483479971,-64.9439383815386,-60.7101336236498,-59.1097707663932,-57.8435075812945,-57.681759044583,-57.7361535408835
-54.7322139265171,-54.5823835282866,-54.0221973979632,-54.6985386465643,-55.5075099951797,-54.3510347232091,-52.9561102800343,-54.2944993417469,-59.0288330113651,-69.6168865992379,-60.676612460584,-56.5218135477048,-58.5387641254679,-66.5777997023266,-57.7645770222458,-52.1308326272494,-50.2358805138808,-50.3220338724447,-51.9486592834063,-55.4035819018111,-53.1439120262229,-51.4451063832117,-52.3774837817769,-53.2983998779994,-52.7477377219603,-51.3278530541261,-48.9654744328574,-48.9718944701235,-50.3120691007577,-50.7499824655695,-51.1498318755457,-51.0914004115272,-51.7082475550098,-54.3191903317371,-57.3924779916188,-57.3030772460274,-56.2549174877673,-56.9705807919896,-56.7216518983674,-59.6411577061303,-62.9997444968725,-60.115249438139,-61.0845345974441,-61.3112724402021,-58.0068114135404,-57.6801780374059,-58.4926063973329,-56.0279306303702,-56.8304331623329,-59.3767736343525,-62.7574312841796,-69.4325755315841,-66.5708242222808,-62.7430592470042,-59.1964388413976,-57.2225344421801,-57.0662259951639,-56.8836032051264
-53.7759410510125,-54.1655845560057,-53.5406274844991,-54.0561591215199,-55.0187061984417,-55.0816822284281,-54.4565857030812,-55.4960187589499,-58.8618842365709,-66.279538122722,-62.7101026116052,-60.0105480884102,-61.8071528988748,-71.9950656527282,-59.0105287594497,-52.9823959960601,-50.7892304291817,-50.7448276999249,-52.9787028265574,-55.5076501841707,-52.930142189286,-52.6292599263645,-53.0007494036704,-56.2591258907813,-54.2552761498905,-52.272186696741,-49.8907722408637,-49.1404643541365,-49.7729668692584,-49.3889769350531,-48.9827776523568,-49.3613375814696,-49.954198368708,-50.8718657634735,-52.5679034548261,-54.5156401528399,-55.5403029258298,-56.3610673161384,-55.0103102112093,-56.639051402748,-59.7394390215717,-56.473890921433,-59.0250115275921,-60.4768792601526,-57.7837888825851,-58.6922101588929,-57.2107616344801,-54.9859048094903,-56.142402462465,-57.3648413434036,-58.5246000721274,-60.1998774762073,-61.1108838945155,-58.8025087774634,-56.5331633372904,-55.3922250747851,-55.2098656201801,-55.1009717462851
-54.1187571652114,-55.179587789782,-54.7169140938495,-54.6244365384995,-55.0326733264011,-55.9079226628702,-56.6045805129637,-57.1123426884892,-57.7958348474129,-59.921988771136,-60.1538657275165,-60.6269703122696,-61.8635405441756,-62.0924357181557,-58.533494851151,-54.4916142393688,-52.4254723895487,-52.0542359966967,-53.5580452824252,-53.1558418066498,-52.9983519074153,-55.9969102824993,-56.2412235926328,-63.6190744184992,-56.9879860509212,-53.9599319411317,-51.2745740594046,-49.1645499178336,-48.5054812441174,-47.6465003541491,-46.8895562001311,-47.2522127993987,-48.0697721063129,-48.9751752930626,-50.4671576725598,-52.5910331707828,-53.9626737061332,-54.507060342884,-53.2363004043536,-53.5355073296825,-57.0580609801936,-55.4894690881934,-59.1487247884438,-58.765629950553,-57.7959557044925,-58.3638713038747,-55.7137833785334,-54.63079833332,-55.6565349279029,-55.6059386033538,-55.4643864418326,-56.0579321627887,-56.1359108975616,-54.652027595451,-53.6361653910041,-53.236985456026,-52.9853308115666,-53.0748373639658
-55.4841480492426,-57.7065171415348,-58.1165872576361,-56.6122882954842,-55.7999574510982,-56.7126184834169,-58.5735576052213,-58.276902820703,-56.8200901478855,-56.4087798834522,-55.5518675351207,-54.7392527056153,-55.3167738565073,-55.9236572615279,-56.9178765288929,-57.0262754251221,-55.3359048161217,-53.9065343924065,-53.4630746520987,-51.1055305874437,-52.9674015857675,-57.8084601763795,-61.7050462483105,-68.8023738078846,-58.8951404273691,-55.0729650385079,-51.6776447841877,-48.4596263038947,-47.037253905472,-46.1761249029512,-45.5081502819814,-45.7626281434212,-46.7967005765483,-48.1339143921826,-49.5009226002352,-51.0805765700763,-52.0875088405585,-52.4602514066371,-52.0002456014495,-51.3894456452433,-55.2896187197442,-56.111684688402,-60.3084931605855,-58.3300720890959,-58.6000210543363,-57.7036714934504,-55.2780499959275,-55.3197784522683,-55.5241933240948,-54.4709848295239,-53.7254880995881,-53.4463036656812,-52.720634557593,-51.8787595975829,-51.4730015819043,-51.3702193532227,-51.0849780117742,-51.3208807457339
-57.2391658584075,-61.9492244136942,-67.0003097449627,-59.8624518166335,-56.9441235943558,-56.7947558393486,-58.1331804529595,-57.2971571680438,-55.4751488653526,-54.1216196471773,-52.8368951012789,-51.9546283760799,-52.2852281028787,-53.2765176421535,-55.6521344502249,-60.2410952538647,-59.5842237712781,-55.4821209483244,-52.9794682017322,-50.051298618236,-52.5367073215704,-53.6137783214695,-56.6722610297985,-56.594904646806,-54.5666697375599,-52.6098825812869,-50.0235373380289,-47.1614698250512,-45.787237351733,-45.219072892537,-44.912983468388,-45.121856492309,-46.2312672947797,-47.8382384819545,-48.9950369551089,-49.8328520770036,-50.4853220156798,-50.9016790600236,-51.4463136822201,-50.4077815752613,-54.2655085142359,-57.4086391577765,-61.6985229211072,-59.9910248016085,-61.1815367283231,-58.3334442583086,-56.5542570938212,-57.0807360699868,-55.2336608942285,-53.6449554739534,-52.6668153967543,-51.6649956637574,-50.5695397432607,-50.2238187624894,-50.1054361708381,-50.0613558231164,-49.8290912133572,-50.1048801762356
-57.4873254767566,-63.0455447947841,-67.275293233168,-60.2802356082735,-56.7255807355258,-55.1250091918315,-54.9366919300075,-54.7688238771794,-54.144789874526,-53.2148793047079,-52.4239668634639,-52.043701180942,-52.2379907737251,-53.5008658201946,-56.5468424370314,-64.3927474936312,-63.8071996813095,-56.1627171545913,-52.5290569074458,-49.9236915327941,-51.7794054477187,-50.3507407054658,-51.6373694811415,-51.4263637760864,-49.8695936987549,-48.8099653531348,-47.6000395510547,-45.865543292962,-44.9178192451077,-44.7413986265621,-44.9211079265942,-45.1896946820935,-46.1956073604909,-47.690997893946,-48.5994641467333,-48.9489006832635,-49.4602925584006,-50.0680966521994,-51.548405980862,-50.5410971154833,-53.7782284919066,-58.278771490117,-62.4357931907742,-63.650229297689,-68.7851137872594,-61.7417666838034,-60.3420232212256,-58.0818441447202,-54.3349039322915,-52.8502589624329,-51.8251662262147,-50.5462039878222,-49.497552289738,-49.4961027524259,-49.4929895436558,-49.4308966881099,-49.333793135007,-49.5503917373046
-55.3367957415869,-57.8948229807122,-58.2557203187152,-56.7430283850815,-54.8165630012752,-53.0128969996804,-52.121743095934,-52.4607557010474,-53.0715183947758,-53.2822773024059,-53.9599561884413,-54.8120266912438,-55.3225547365895,-57.2534047805037,-61.6695352713879,-76.1098254426958,-63.4247617402756,-56.3702836896403,-52.3637703737128,-50.4501129780664,-50.8915562592523,-48.4841829804406,-48.5765136821047,-48.1110549233529,-46.6811054394655,-45.8895010304538,-45.4937018612197,-44.871889598495,-44.4199330288826,-44.5915097931535,-45.229353389852,-45.6739199263831,-46.4311507183974,-47.5094292712886,-48.300450871291,-48.6089542338926,-49.1645068104514,-50.0521265555928,-52.2630882196477,-51.7661880954581,-53.670578980472,-58.1957961602443,-60.4297058968694,-61.9316628167349,-69.0902522947848,-67.2854811411566,-62.1558758334564,-55.8641723879149,-53.1455852597197,-52.0523054077358,-51.0765202034108,-50.0588842269644,-49.4026667734724,-49.611776000595,-49.6445657699225,-49.572840291522,-49.6496580834787,-49.7229353362962
-52.7131540382249,-53.9577426717317,-54.5260276653395,-54.1296168121363,-53.1701209555185,-51.8429338005584,-50.7582174460529,-51.1015483055054,-52.1699477514221,-53.1486732874125,-55.0605138159757,-57.5412371160795,-60.9671179687489,-67.5791799820234,-71.3359154431828,-66.2394799946061,-60.7811465975931,-56.6036529268158,-52.4231707576226,-51.1857144263404,-49.9519915417165,-47.3822679687075,-46.5103352410562,-45.8731974096932,-44.7078048326144,-44.0361803036012,-43.9874320408731,-44.1884426080794,-44.2150143674279,-44.6308191024283,-45.5648424325205,-46.3104043777668,-46.8645907685678,-47.496020451222,-48.3450660102109,-48.9427806478816,-49.7024720931803,-50.9415645287722,-53.6015077329302,-54.2617569354637,-54.0503074907846,-57.4958041909958,-57.0788221129054,-57.3976690762803,-59.4516053357499,-59.2109332499965,-56.1897494107284,-53.1967441737752,-52.1331961601126,-51.350187761555,-50.5564201616614,-50.1765025205187,-50.2179631747055,-50.5757147157854,-50.6691042238756,-50.6342591745205,-50.8382611388933,-50.6714189319952
-50.6385799896875,-51.4866056172629,-52.5588263426268,-52.9389371356778,-52.6574951640371,-52.0017179303368,-50.9734362764164,-50.9446013492479,-51.6471856604494,-52.3433702174018,-53.1258583804075,-54.4507204717039,-56.6249492736917,-58.6411088168489,-58.7951441633452,-59.4966133932808,-58.8082284248139,-56.7406258545058,-52.4576070098661,-51.7511510324046,-49.0690597183554,-46.7373022068058,-45.1885646231754,-44.5157132321675,-43.6890244835543,-43.1029107247018,-43.1138653996476,-43.7414919871397,-44.2050400641804,-44.8068528933216,-45.8766202046375,-47.0666728726226,-47.7206535180666,-48.1032325200507,-49.0446271233995,-50.0047344716904,-51.1290095849982,-52.8072446536925,-55.6651654319316,-58.7581399863752,-55.4544811646762,-56.8127747246569,-54.8753502412017,-55.066582795707,-55.4096468289987,-54.1887388673005,-52.4448609785657,-51.563872825706,-51.4097800523038,-50.8188432662895,-50.3917877364155,-50.8119153665798,-51.8440890059908,-52.5051793595035,-52.8687046374071,-52.9392915250488,-53.0400754088495,-52.4342632300706
-49.2500326379904,-50.1388989418953,-51.6512451452733,-52.9629581895059,-53.5001236803697,-53.6676140536975,-52.9199089439365,-52.1560789475269,-51.9131111753555,-51.88009402204,-51.4802300422309,-52.1156183255366,-53.0221766850733,-54.2138225160149,-55.3113684301717,-57.0598989408405,-57.8365402765898,-56.4680257384103,-52.4612120729476,-52.1672083387425,-48.4707054916041,-46.5467290851994,-44.6439554303094,-43.9557533746542,-43.4274053460934,-42.9142625465625,-42.8281534333232,-43.4909694516444,-44.2816292235262,-45.1019665275513,-46.3063406046466,-48.0674965432409,-49.2860595453776,-49.8248477927265,-50.7363178986348,-51.8426806735367,-53.3413053032716,-55.4423288907871,-58.5965468413746,-68.3897339115361,-59.1927855119126,-56.897684357798,-54.3883702465245,-54.4759136059276,-53.3789433214987,-51.742483230861,-50.7016582854368,-50.8431807365482,-50.8898468136718,-50.4888512419688,-50.5652101330285,-51.7475633036284,-53.9185635262821,-55.5934413121456,-57.0412795058034,-57.4253342361677,-56.57615026254,-54.9456891118071
-48.4540060713998,-49.7011448400736,-51.6446960099711,-54.1643955134813,-56.106925395242,-57.33288782315,-56.9585886552654,-54.7249403415179,-53.0467969366531,-52.2985269037822,-51.3871843869161,-51.7984096654995,-52.2489775812271,-53.2682627570016,-55.0130167954451,-57.1067429281216,-57.9679425398048,-56.0857374080798,-52.8029068677855,-52.6543133100955,-48.3702963166735,-46.9133195488371,-44.9152902609252,-44.0987351895526,-43.7276779778028,-43.2720784995652,-43.0388553255505,-43.4530404725713,-44.3519522914258,-45.4223616529154,-46.8926628925679,-49.2088672460728,-51.5028008339626,-53.2575013561543,-54.0907695226605,-54.767095845428,-55.9659304076515,-57.6563918686078,-61.3294124073661,-73.6497103333827,-73.1384913904565,-58.3739208572788,-55.6806116477691,-54.7702668276324,-52.385975995665,-50.7710739685291,-50.2435602518759,-50.6665044346058,-50.528396576063,-50.4050298011396,-50.9652496518885,-52.6056547922511,-55.314578050726,-58.8743897447756,-64.8763991227827,-69.255855507485,-61.4210444733987,-57.4231964220547
-48.0283811820911,-49.8157190055096,-52.3465348857997,-56.450194640232,-62.2254660839041,-64.2403553286261,-60.6451521828111,-56.8311919331434,-54.1170846876574,-53.0179425793793,-52.3590993726461,-52.8522469446937,-53.4608731117652,-54.6765517741258,-57.2976243278922,-59.6152611408434,-59.3785834219018,-56.3065165673226,-53.8172801116496,-53.2979890508271,-48.8386506633149,-47.8651838373281,-45.934264887103,-44.7866332486937,-44.3700021774382,-43.9493439912125,-43.6160022475402,-43.6678328669952,-44.4093425274058,-45.6012214917375,-47.2866221773405,-49.7702254384207,-53.0186350959483,-58.215428536827,-62.0220760583041,-60.0079983942393,-58.5231115827786,-57.9714058326797,-59.166301444602,-65.2849053865,-61.581872857405,-60.0923759399811,-57.3378542900211,-54.3108749461386,-51.8018311454136,-50.6360101363254,-50.5131782686652,-50.7117010151394,-50.4238930717749,-50.6826690325454,-51.5578716655469,-53.1054071355481,-55.0130263391652,-57.7098358264286,-61.0797924341425,-62.7306913320037,-60.7427424774281,-57.3940260565053
-47.6697031318032,-49.7316226798789,-52.713143164494,-57.3202821911495,-66.0586077873172,-62.0315416237904,-56.6051059502522,-54.9583482169462,-53.5566811394625,-53.0358645048366,-53.6064736424176,-54.9163138159048,-56.7257290814949,-59.330034427286,-64.3430432316928,-65.5700041867489,-61.5025163432293,-57.3878976145915,-55.4426228226005,-54.0181628189666,-49.7682502331613,-49.2674013086137,-47.4616825052263,-45.7962187416836,-45.1452139484774,-44.7275663684809,-44.3976064374825,-44.1539072875361,-44.5612981339237,-45.5856438632631,-46.9926022214002,-49.0061906508407,-51.7419645638105,-55.8498483190267,-64.2877681099873,-62.6630735650553,-58.8903614877504,-56.6232515609191,-54.968912151632,-60.0183915873139,-54.5866231000645,-56.7076645909869,-54.7727055558747,-52.2941780618526,-51.1369540684197,-50.7399725522524,-50.9511872228029,-50.8702730501005,-50.7776719850785,-51.5401788834409,-52.5601757563912,-53.5110290348117,-54.0969353274071,-54.7306722158754,-55.5335042650318,-55.7467507704556,-55.8421973437436,-54.7994185014458
-47.2189988882657,-48.8793525926106,-51.3002024863246,-53.8737655081755,-56.2206090316727,-55.5988577850351,-52.8144817632946,-52.1157337063685,-51.996137948401,-52.457314081416,-54.7040299358799,-57.4343708196147,-61.892674801636,-70.0013058948217,-67.8574818857767,-63.6348149196731,-60.6961873245942,-58.3109992458182,-57.0479519229737,-54.5252336654664,-50.9393300397155,-50.7989704983119,-49.0982172404582,-46.9434130201428,-45.9576896706577,-45.484484005517,-45.2213946372609,-44.8816052193076,-44.9530554652997,-45.5631149125201,-46.2393958830917,-47.54118870151,-49.2348453846171,-51.1124806129982,-53.8799934445755,-55.0439450769868,-55.0503485191364,-54.0537593111833,-51.9257896495724,-54.2777791901818,-51.3558018531755,-52.1620004296762,-50.9470333921471,-50.07120741346,-50.2360955374852,-50.6154945563352,-51.1707238943482,-51.2141177587895,-51.7928612593945,-53.3315710279245,-54.5245942756258,-54.5501085418944,-53.8372113220735,-53.0655110557978,-52.887284455504,-52.5406728011572,-52.374206412449,-52.0249418771117
-46.860624802975,-47.8067899953345,-49.1978876492252,-50.4475687231004,-51.5659303332675,-51.9111538304372,-50.585852971566,-50.1207630185239,-50.5589850090465,-51.5678161792203,-54.1394201686643,-55.4990713810517,-57.1946398787419,-57.3696553976626,-57.3835922944449,-57.9529213164184,-57.9704623653364,-57.7546084667138,-58.0584101231396,-54.4988041587765,-52.2518886617337,-52.0957530473491,-50.5473002159971,-48.2505589441955,-46.9096090753488,-46.2803502364728,-46.0248291027454,-45.7914241179201,-45.6733815123062,-45.8138057890366,-45.7772979050013,-46.4196762288502,-47.329853002634,-48.3407668154531,-49.7760848726491,-50.8413566688756,-51.4257870154226,-51.4425204859384,-50.1766243135566,-50.2504582859532,-49.7248294175563,-49.1678771404727,-48.4432767851496,-48.4894507333932,-49.2695535898444,-50.1487471726165,-51.0569983490838,-51.691771934796,-53.4563529708156,-56.5593149031051,-58.7278436331555,-57.1390060737402,-54.6415502514373,-52.6746045214307,-51.6450631084268,-50.7823584211859,-50.1113564825586,-49.8386412390182
-46.9721983668525,-47.3594763877693,-47.9125905648694,-48.4826505100833,-49.0951087327055,-49.6777239166888,-49.3882005032517,-48.9270456457119,-49.3765180784146,-50.1274311530105,-51.1181027894979,-51.2209825884173,-52.101401511928,-52.6287707363885,-54.0653449294033,-55.9588837891799,-57.0418315406367,-57.3041953180381,-59.0212155136233,-54.2524077928598,-53.9097402377692,-53.0962537873361,-51.9086707294677,-49.969533374611,-48.2787436985751,-47.3636390037855,-46.9470182727257,-46.8534494692366,-46.7070510969583,-46.5066653245284,-46.081870297869,-46.1456846659636,-46.5061406244775,-47.1007129552283,-48.0108282352801,-48.9736591719175,-49.5222415631331,-49.8526010762412,-49.6121901453511,-48.0928127352942,-48.9930986449913,-47.5739521561905,-47.2014010858382,-47.6396444690506,-48.4433225529451,-49.4355408815379,-50.5203205706971,-51.8557064611807,-54.780397054081,-60.283647195396,-73.0720362122155,-61.7875701198998,-56.0318411704566,-52.9366957643734,-51.0780688976719,-49.7939279884265,-48.7317617455061,-48.3285356756853
-47.9344296034147,-48.0314304957913,-47.919406739794,-47.9206154846951,-48.0149927227391,-48.3947880242509,-48.8257453580279,-48.3879152669854,-48.4853905627708,-48.6193640932458,-48.5144560202516,-48.8159778271569,-49.9463066138463,-51.3438700716971,-54.037119198708,-57.1778630960517,-59.1749642983798,-58.8757893229261,-60.7811440938358,-54.4893180763423,-56.2356832720458,-54.141502039356,-53.5462950630891,-52.4874921104404,-50.455642911434,-49.0797092104335,-48.2514071271589,-48.0724090804351,-47.893211033737,-47.5769217438296,-47.2466897472973,-46.8865256249056,-46.9065268293237,-47.2334515247866,-47.9364859063171,-48.9051352097905,-49.4071880919489,-49.7116603680997,-50.1767917837764,-47.6652196085037,-48.8190134915053,-47.1746766468931,-46.997103412859,-47.4131987267112,-47.8585066896261,-48.6038851374357,-49.579553407003,-51.2192685631651,-53.9202909292095,-57.6761364800878,-61.8189087058322,-59.8845978353608,-55.9370315438468,-52.8896917906975,-50.7511465221454,-49.2993371819766,-48.0710974409037,-47.466129493948
-50.2211448124369,-50.2397255988662,-49.3859332443625,-48.626360181001,-47.9860600860369,-47.8216383206949,-48.5277393833561,-48.3648298716953,-48.091530571049,-47.8431880281234,-47.5116284304552,-48.4540619877352,-50.1185686578308,-52.7683570823509,-57.4850448088754,-63.8920735279501,-68.435875991187,-63.4569053350757,-63.3084616517725,-55.4296203764171,-59.2959493837721,-55.6773572900102,-55.9187545634418,-56.4198320943997,-53.9254809497989,-51.6735924289308,-50.0268310378806,-49.3213721823411,-48.8791847792227,-48.6329526627048,-48.9654406350486,-48.6185971080472,-48.6259778117314,-48.8267763636254,-49.5001068649216,-50.6478650667755,-51.279403364237,-51.3356683427655,-51.8153752891861,-49.0378718201595,-49.1051946146234,-47.8654499917444,-47.6667174137333,-47.6641837105408,-47.5493026409515,-47.8490992732158,-48.562810401703,-50.0505624644329,-51.8448888193496,-53.7045191723144,-55.1594353530938,-54.9737132049817,-54.1310482988219,-52.3011667536434,-50.6173973412434,-49.2387528776833,-48.0149330189525,-47.1737511668245
-54.9935798756401,-54.7666066032068,-52.2626651285313,-50.2607891338152,-48.6873796449784,-47.8276285208952,-48.2874906268513,-48.6501511388645,-48.3412719266591,-48.1600678630745,-48.2281221318282,-50.0297436664787,-52.4376538976143,-56.6530892953805,-61.5052833365424,-64.5254193994374,-63.3375890028279,-62.6669169036782,-63.7516249924288,-56.3993851670618,-62.324497906988,-58.0073639280844,-59.6923683160217,-63.5072854554681,-58.6601207578862,-54.4396984129073,-51.6419685542895,-50.1543625282795,-49.2964181849716,-49.149200665651,-50.3789666228486,-50.9697372926799,-51.6697763534314,-52.1308678224013,-52.9537970368102,-54.7432265128077,-56.0453128505975,-55.4324425683437,-54.3038518591555,-52.5915323023493,-49.9810606981102,-49.4936394584919,-48.9534497690565,-48.2069238794151,-47.5308612993694,-47.3823355073319,-47.8159856264072,-48.9575797840845,-50.1734672071073,-51.3694969920582,-52.4287626575439,-52.6946256310284,-53.0134352530823,-52.1663896746495,-51.0154352600566,-49.6749279064969,-48.4201678103368,-47.3094048584437
-70.5160436206599,-60.6264293983882,-54.5708570067293,-51.6681166054109,-49.6655147382115,-48.3691735621852,-48.2435665876031,-49.0453304843139,-49.1883659531249,-49.5796813276275,-50.6216483573306,-53.0889953871645,-55.1406006318613,-56.3818067503948,-55.4480509521134,-56.0989963271331,-56.5667161367733,-57.7532039568391,-60.6370775223152,-56.6233526534132,-62.7845376247397,-61.0994898555406,-66.0765047844496,-73.9775069828353,-59.2533074969029,-54.5790435433907,-51.8492755389643,-50.2248847610983,-49.2258517393962,-49.1071171651682,-50.6756193030433,-52.8924876877208,-55.4741239533592,-57.1243077941879,-58.075170144007,-62.2872127851128,-69.3948057069766,-64.2152545203286,-57.0323700640839,-58.1066730740954,-51.7519221184642,-51.4694727268803,-50.196392451991,-48.7700625187461,-47.7771360274365,-47.2982720353838,-47.4518741680734,-48.2021286484547,-49.1549215403052,-50.2053263113845,-51.5605800723001,-52.5868046131195,-53.7655842308772,-53.6056854173917,-52.4073078996661,-50.6250491766166,-49.040736477906,-47.6561289596159
-58.2006982574895,-55.9810499792634,-53.2699800547622,-51.6643304274683,-50.554335822421,-49.4858805422965,-48.7218882905107,-49.5559661119038,-50.4095277015625,-51.7917036550133,-53.9736805012395,-54.6003877032388,-53.7351157795308,-52.8972572344762,-52.6475795434357,-53.7709780322784,-54.7692013636377,-55.9327313119109,-57.7253187830968,-56.8485131821259,-59.804254258336,-63.3452838877178,-68.7086946080179,-61.9485694655492,-55.8444362713376,-52.7798522473864,-51.0408188101177,-49.9353568208615,-49.1494115045128,-48.976288878271,-50.0874741342909,-53.1694317288222,-57.5937721351661,-60.1386533183617,-58.7981901027066,-61.015769531013,-63.4498476754439,-65.5598987181701,-59.7414845126464,-58.4070797037763,-54.8864295580379,-52.5945460519056,-50.5428007631944,-49.0405029230791,-48.1144469511188,-47.4775199519129,-47.3545011061249,-47.7169357241307,-48.5415763242469,-49.6503247313006,-51.692411988694,-54.2928642129366,-57.5194918669672,-58.306879781158,-54.923909564412,-51.722763918828,-49.5225203687536,-47.9843395892215
-52.0802565920843,-52.2440425617052,-51.6803962988644,-51.3504540894103,-51.5392123957927,-51.2969340531379,-50.0269301698756,-50.3998792396784,-51.7036820062235,-53.8949014660623,-55.362475485002,-53.3107818072191,-52.1071819855418,-52.2093922743299,-53.4491695982778,-55.0016456594015,-56.0564157205522,-56.5566596101951,-56.0898498640501,-57.902022549943,-56.423703812613,-60.7009063540936,-60.8817048891109,-56.8653718044718,-53.432928461754,-51.5009935339321,-50.505836989108,-49.895003074001,-49.4457443931051,-49.1239488116943,-49.2706153678692,-51.8469441412288,-55.8264465152483,-58.7439849590841,-56.3919150994041,-56.6598587501479,-58.3392255937764,-61.5181140876993,-64.361068731659,-57.6024816570738,-59.5197761074019,-52.8196869844702,-50.23209416042,-48.885467851609,-48.1379068932357,-47.5311789464109,-47.2296655771161,-47.2838679468947,-47.9969715077053,-49.1321404619963,-51.5427187613426,-55.4795637487522,-63.3757500208657,-67.1803114181784,-56.0924602688398,-51.9801237300818,-49.6290396594495,-48.2030519841788
-49.4471614535158,-50.689862915348,-51.4108472091088,-51.9752273196334,-53.2074363813738,-54.0531745505501,-52.5202757503224,-51.8467324244014,-52.806471041958,-54.4951645702039,-54.2619824312298,-52.6331923202442,-52.6657626671718,-54.8414792189965,-59.29665424552,-61.2619850489004,-60.7730105432174,-59.3006520173084,-55.620745098533,-58.7330797604579,-53.9998719934376,-56.2291299715871,-55.4728284635845,-53.4939074574702,-51.9175943444857,-51.0502309559728,-50.6475153152071,-50.3436663385166,-50.2224352453404,-49.7288673681005,-48.8312798900134,-50.1766848632073,-52.7433114983178,-56.5360611118989,-55.6996501999074,-55.0417534392387,-56.4193538260522,-60.380130930999,-70.1334480212836,-63.2196044797153,-59.5777767627469,-53.2000356945386,-50.0689130796046,-48.4176096189132,-47.5062953446927,-47.0154177172067,-46.7444932419999,-46.7038403441352,-47.2956291147861,-48.2990297190937,-50.1087909190861,-52.5592005271187,-55.3676396617682,-55.8481382059185,-53.3552748412681,-51.0873677045613,-49.5087314566241,-48.4327569140148
-48.2951493268307,-50.2462678359486,-52.0391593823626,-53.6456805955027,-56.0768850052266,-58.452437010944,-57.1175862062361,-54.2241824740425,-53.6037686913162,-53.4807223415849,-52.8421118489471,-53.066056201054,-55.6377141873178,-63.4381323450457,-68.2348947147152,-64.2548789505315,-63.7775083943373,-63.0138889430513,-55.8025577667726,-57.3361199560683,-52.6335928600959,-52.8643263089982,-51.9007174298468,-51.1793582802851,-51.0081022083157,-51.1651045572835,-51.2857364367804,-51.1835300867981,-51.3768874277868,-50.9253555783575,-49.3303474946244,-49.3419104683061,-50.6227312770641,-53.848183031901,-55.978279924679,-54.7705814759342,-54.7023444446582,-56.6033156658407,-59.7968299457631,-63.6718704559249,-55.0453917067469,-53.0776553070647,-49.9387822965722,-47.7317477183435,-46.4308906123908,-45.9796913595688,-45.855781439902,-45.9568387689897,-46.46207694689,-47.2958022437774,-48.2902077411745,-49.477868241286,-50.6696772557055,-51.1648662680783,-50.8003723767471,-50.1270786042295,-49.5451151993818,-48.9014635979608
-47.8200788650479,-50.0421856381493,-52.4315144819072,-55.1608304355459,-59.8890578749308,-67.9008379187587,-67.0624181557326,-58.0162719248678,-54.3231498781535,-52.2997661971279,-51.7457228704102,-54.1690818417029,-61.0932568533535,-61.2256652027282,-55.308923551032,-55.7221604438867,-58.4191852530731,-61.4652292461694,-55.6439805830842,-55.0407768552242,-52.1698119612869,-50.8911035604869,-49.9091097594885,-49.9499997774637,-50.681736580729,-51.5414231816597,-51.9656391101076,-52.0903191006466,-52.6687908897936,-52.8264580189503,-51.2917925578658,-50.0288376753161,-50.1549598661542,-51.9061245377698,-55.4305867686639,-55.0561825208634,-53.3426329375297,-52.8516369367833,-54.3199333324906,-52.7699825784021,-51.6486990706121,-50.7860955325836,-48.8873275473796,-46.8206804765858,-45.4063641577296,-44.922011076698,-44.9056727694631,-45.2273482292214,-45.7235164251954,-46.5064262832799,-47.0977018322814,-47.8715440022307,-48.6074665168207,-49.2766654946449,-49.7302764134638,-49.9343025520249,-50.0837451689652,-49.8442744971425
-47.4190216500571,-49.4601333526896,-51.8494667175936,-54.7814213409797,-60.3550186667517,-68.3887148638348,-61.3178012305514,-61.3336201081631,-55.3507929391468,-52.0553453091557,-51.6302674486187,-55.8741698019373,-62.2815120893099,-54.9194211517171,-52.1566060206028,-53.1158566744149,-55.77942960186,-56.9970994418897,-54.6892297288778,-53.1126291671068,-52.4233310781378,-50.2510518109291,-49.4199013008642,-49.8838004823123,-50.9550016093496,-51.8965957633762,-52.2740327625111,-52.7212444733695,-53.8234486055434,-55.4108230995264,-55.4377416621216,-52.9192781791291,-51.7608902024617,-51.5258342850977,-53.738305941373,-54.7124243166421,-52.7453043978072,-50.7712355618828,-51.0900540691058,-48.5154171303407,-49.1375812975773,-47.8124383801949,-46.9393698219184,-45.7845545604393,-44.7354881139477,-44.2530840190827,-44.2937938604937,-44.7790958724788,-45.3519807640355,-46.222179341749,-46.8269185444708,-47.6174165526439,-48.2284912274188,-49.082154980052,-50.0608844945478,-50.8144693210368,-51.4089930024851,-51.5283073950686
-46.849042026205,-48.5993072170772,-50.9388509969756,-53.4439100573186,-57.0328289448714,-59.3911352731459,-55.852591002948,-58.1388972541071,-56.5324593879004,-53.2702001755086,-53.1234146063687,-57.3452589225965,-57.0997820184835,-52.6234055774317,-51.9115104850837,-53.1751107437866,-54.7130421731236,-53.7394957018673,-53.7019687911969,-51.7453282242759,-53.2330617462239,-50.9164287007642,-50.4573668224976,-51.0509187796879,-51.7804693084144,-52.1593088944636,-52.3601753456701,-53.1306271466845,-54.7075381163358,-58.3268299829242,-63.2634409603504,-59.5181860650802,-56.6184223135205,-53.2275723474489,-52.4735264564831,-53.0147646771848,-52.1823207159892,-49.96282922119,-49.027605630371,-46.7082899477623,-47.1977310505408,-45.6527978683422,-45.1582703348531,-44.88516899577,-44.4987615118439,-44.1502395557591,-44.2604566539894,-44.83997704561,-45.5723111527759,-46.6166702694526,-47.516759355765,-48.535133833312,-49.1943755215327,-50.2061477566733,-51.6267906507977,-52.8866114116127,-53.8737639914663,-54.4052107319344
-46.3529172209359,-47.9062136708223,-50.2636411790688,-52.2827465147563,-54.2279072901137,-55.9081822774254,-54.1483603401703,-55.3790843078313,-57.1383621147335,-56.2766564616128,-56.6924503402744,-56.2310007706854,-53.3976378829906,-51.6492745418561,-53.3198033779481,-54.8509830678027,-54.0507686240524,-52.0227067054242,-53.3643081628989,-51.2530996184504,-54.4623640716115,-52.9312824568117,-53.1774205554159,-53.5268761636589,-53.1383791836312,-52.7038207053126,-52.8755752133183,-53.8394583313499,-55.4683272361197,-60.6246788345685,-68.4020136672231,-62.1650355330152,-66.8482478946707,-58.6272162226369,-52.6097016497239,-51.263354464872,-50.8105467140999,-49.6138836048283,-47.7347687894061,-46.3947562012961,-45.8236989100933,-44.529471202404,-44.1189720413524,-44.3687459351976,-44.6639432954879,-44.6390797319772,-44.8936514262599,-45.5668148156269,-46.5531193407434,-47.8274175798139,-49.1875800345568,-50.5147114227606,-51.3596346896345,-52.4234830015851,-54.0901750915849,-56.0105991334958,-58.1033245774932,-59.6613299165331
-46.2838129441257,-47.6107657970928,-49.7580732425807,-51.3304289074199,-52.4058763102075,-54.5019209113561,-54.7674031801837,-55.227046326153,-57.7548631153872,-60.7005755740331,-62.3617034642666,-54.6190946718447,-51.402492814836,-51.3745268974248,-55.6446137740598,-56.769118230529,-53.6773336487358,-51.9535707182218,-53.9274686292521,-52.1559095623474,-55.9589181504171,-56.4085982161435,-57.9130796414503,-57.3218649581452,-55.2432464555956,-54.2276620461399,-54.5295463259391,-55.463397383212,-56.4449809473938,-60.5932480367253,-66.1832926326572,-57.0396537689873,-57.5642519927895,-72.2034869673127,-54.5638401074149,-50.5729595776947,-49.3575419756516,-49.0106722741966,-47.076464401042,-46.924611176682,-45.1032514602883,-44.3527684274489,-43.9326777106287,-44.3605812909149,-45.154164654644,-45.6425558278274,-46.1609089390188,-47.0330597026226,-48.4086583963644,-50.0178260152449,-51.9379299747572,-53.5172133336974,-54.6177406059814,-55.4124286596347,-56.5401371999614,-58.7581045227955,-64.0835037340381,-75.7404377665236
-46.8359952234798,-47.7390380884414,-49.2863221320837,-50.5718004989716,-51.4388692826166,-54.3209724949668,-57.1098522344448,-58.0382107300395,-60.6320012097929,-61.8685690665355,-69.8480436798016,-54.5869014643513,-50.9939527417098,-52.18821406388,-58.3052459285555,-57.0389474017561,-54.1206216037092,-53.8755660611712,-55.6480634000071,-55.2346534268502,-57.5970772022753,-61.3856689035213,-64.8469225378766,-61.932801205248,-58.7742356070297,-57.7460886369263,-58.1558410209452,-58.5661118044906,-57.9375327601041,-58.5437682409434,-64.9051254895184,-56.4509007481256,-53.838107145051,-56.6149717384784,-57.1638319349828,-51.1914747303429,-48.7986487221672,-48.3178393302868,-47.0304587830652,-47.4306674663303,-45.1092731997949,-44.9887447805319,-44.5658411471431,-44.8834428385443,-45.8800432569609,-46.9755804962411,-47.8837975716719,-49.1458604579226,-51.0874068814308,-53.3620009773351,-56.1037832008338,-57.7389255086203,-58.8589083312559,-58.6648313241977,-58.0352113975606,-59.0315145424876,-62.3364786997334,-64.4483245101445
-48.0620152571682,-48.3113971472142,-49.0246037441695,-50.1981000941183,-51.1891223063068,-54.4619457089495,-58.3702480806225,-61.0384726483064,-69.5145505812617,-59.821299838458,-68.0784280767607,-55.0348190446336,-51.9561831848351,-54.651874044861,-58.1226805196941,-55.9203186273857,-55.9090958164324,-59.063190793569,-59.4019722937717,-62.5760467387129,-59.4394842181325,-65.7455838122584,-67.1746133367794,-65.2164087370988,-65.8406832597877,-66.20624554177,-65.4502134939086,-63.6768900342117,-60.0512845209792,-56.8675007475702,-59.6057463139036,-59.4012306056811,-53.5156138550249,-52.4344475235032,-55.1585438762984,-52.6533945654123,-49.4605882274757,-48.1820559647489,-47.6001060714316,-47.37465243824,-45.8854179994384,-46.2617338019262,-45.9416407653839,-45.9123695733446,-46.7648325182319,-48.3368853201162,-49.6855740877943,-51.3884007832472,-53.816549529896,-57.3583205308468,-62.749777418017,-64.3900647163203,-63.6163526523817,-61.5234241456229,-59.0648123619727,-58.6092600799982,-58.7947340657481,-58.9692505082237
-49.9514130422668,-49.4574506936466,-49.3177789447249,-50.3755452000291,-51.4622321482236,-53.7717166028499,-56.0888952484228,-55.643829562437,-59.8492749929187,-58.3385926105699,-57.3476695884192,-53.0874793315681,-53.717026042602,-57.539182554452,-54.1610368501226,-54.8097198370929,-59.7949799954118,-73.4021385278814,-70.0394839049969,-71.3524996695398,-61.2846289131399,-63.1348737736719,-61.9754457760146,-65.3187493015584,-78.4209516287843,-67.5922670015292,-68.7753818730488,-69.1060990534107,-62.5164112599967,-56.6073277302066,-56.4239947846545,-63.6327943429491,-55.9620120734839,-51.5420090170074,-52.2160643301849,-53.3295591758435,-51.2312340794355,-48.9900392613174,-48.7610286805421,-47.3319907546595,-47.460335746188,-47.9350832891384,-47.9331538348025,-47.4307423614707,-47.783779033488,-49.4003136578084,-51.0789703753099,-52.7606619326832,-54.781623665646,-58.3358075673798,-67.5619438726443,-70.6957426483483,-64.0557652389155,-62.1209061959514,-60.0897326672263,-59.0293439474503,-57.6693258558233,-57.4423502252211
-52.4932332363294,-51.3777606781802,-50.4229800950274,-51.1152475433057,-52.0212453332471,-52.3857103545087,-53.8733975829108,-51.96602480277,-53.9252701811379,-56.9066277852079,-52.2969717533635,-50.5788555559104,-55.3061519448741,-55.4031123840395,-51.1647000636279,-54.3739914892273,-64.3545537130215,-59.9081428588162,-64.1769078571045,-64.2954642835657,-61.0732241112196,-58.8214843918841,-57.9717905537959,-63.5137594845639,-63.7073267353116,-60.0552276906832,-63.5348729039886,-66.8578551951157,-63.8943557252924,-58.0216817464564,-55.9407560918917,-61.0265824696248,-63.0323101603184,-53.3806469601995,-51.338792095382,-52.5998280889029,-53.3012794620671,-50.8074147577589,-50.4358678106627,-48.1488581439815,-49.8756494876753,-49.8247516004441,-50.3005427866358,-49.4600858694068,-49.004130242892,-50.0431442054294,-51.7834007489438,-52.9763056981917,-54.1595881430169,-56.2417714559478,-60.941505156428,-62.5792248444084,-60.4606752645544,-60.1197312789334,-60.5876418575605,-60.2158232536061,-58.4066600873721,-58.1119913690086
-55.6781737392681,-54.0694907771187,-52.3828989281754,-52.2675892706124,-52.667597938359,-51.3924985860193,-52.6756832065661,-50.7563917159901,-51.3891265778038,-54.9760537375622,-49.9933544218925,-49.4970182238899,-55.5901412387225,-52.0013125674143,-49.8498712606639,-54.2300153680882,-57.6898067966923,-55.0943569465661,-56.4521422464446,-63.5473737716134,-58.2977846010055,-55.7347721040621,-55.7866330574742,-60.6276224134057,-59.1404308514253,-57.7284204500288,-61.2479906267806,-61.9066591860627,-62.2575828806327,-61.1105181559559,-57.6997850790946,-59.8034550889653,-68.0884333775119,-59.89044162041,-52.7616510326242,-52.1476493910478,-54.142237789148,-53.3178078013921,-52.5096401032113,-50.3779613741005,-53.2813865333518,-52.1114406800137,-52.6722262796229,-51.9699027389879,-50.5643360009823,-50.4560235905737,-51.8677145044651,-52.7445180395315,-53.5390257214961,-54.6037878654742,-57.2671247707759,-58.7482387581662,-58.2822241171068,-58.481375870013,-60.5633914316057,-61.6452201118594,-60.8224110053886,-60.9310785685335
-58.9977773627193,-56.3443298352389,-54.7520860355359,-53.5375074730839,-53.2728146710505,-51.385055847898,-52.2972897905414,-51.5016359656767,-50.844927279549,-52.9398031460941,-49.5195271896447,-49.941447436095,-53.3059348388793,-49.7085590988075,-49.8603445223484,-52.7798180358935,-52.3265979791736,-52.8571795375123,-52.9002907696387,-57.0859336042094,-55.4817044880818,-53.9235623093476,-55.0018718823966,-57.2063396106414,-56.5361772558136,-57.232468473246,-58.5995003518381,-57.829148910232,-59.4631386717918,-64.7838249880107,-59.3187775732254,-62.8654726736133,-59.6267374887812,-64.9484174501571,-57.0646770626393,-52.8227935622231,-53.739442073688,-55.4791617847389,-54.8148211261851,-54.3572387343737,-58.3420742139384,-55.6911528179161,-54.8489099026442,-54.4395559175631,-52.5091859752495,-50.9526920215944,-51.6085026753201,-52.488849300091,-53.3258120906536,-53.8190041383159,-55.494008239188,-57.2794163355283,-57.9151028735084,-58.3069023171557,-60.760357022302,-62.909485111688,-64.9664314591112,-67.0160794269753
-59.6581654184902,-56.1101403902189,-56.2392492533932,-54.5296567546534,-53.775880885999,-52.6048132820329,-52.890800159491,-54.1658618824041,-51.9923720983474,-51.5241365730372,-50.184863459752,-51.4547441783785,-50.1603485534175,-48.2298465075263,-50.5969801557239,-50.1962753182696,-49.265656960458,-51.5612840912361,-51.0350279671853,-51.6907991162464,-53.2995359756998,-53.1659597939679,-54.6704108455748,-54.2570478502592,-54.9840053132202,-57.1185231301409,-55.8943532465926,-55.3819934437806,-57.374223735681,-65.3111001828104,-57.4224812957238,-65.0340538823876,-58.4257983217037,-54.9551367944946,-60.8612768643675,-54.5034111348242,-53.0713645180994,-55.9275666615676,-56.56412417254,-58.1512502562873,-68.1400781233304,-63.8493389102335,-57.0751614683873,-55.4360421059803,-54.3294193779598,-51.7328803629969,-51.3694111311936,-52.3169563732452,-53.3964853047219,-53.7023427759535,-54.9605245954864,-57.290594297987,-59.1384212122974,-59.6936707281283,-61.5431484085502,-63.9937936613427,-69.8668772651349,-75.7132662027952
-56.9766982830357,-54.7095869805501,-55.9831279790764,-54.8721794232623,-54.2742509135588,-55.3349139513533,-55.1721817683168,-59.1131785476181,-55.2228939965834,-51.2578703431163,-50.9859570114591,-53.059080505497,-48.0654121041485,-47.5269084948948,-51.0986058959827,-48.1690369615654,-47.8098397605674,-50.5710234321589,-50.131957818585,-48.8899060594082,-51.6390509228545,-53.0537050688116,-53.7440568500489,-52.4005626422576,-54.3269964887246,-56.5483792818294,-54.4492681035472,-54.6763091839707,-56.3678401520216,-62.2528182942912,-55.9526488146354,-57.5894764135768,-61.4080656453008,-52.0746425975623,-55.247528543001,-56.159357308074,-52.3876238632107,-54.5433217375489,-55.8559467219621,-56.6856772802093,-63.2669015769998,-65.7473417937175,-58.5695421447476,-54.697454928427,-54.7363286555377,-52.7646278023601,-51.4849092610178,-52.3719638811794,-53.6745640438367,-54.2057214269825,-55.3763142582907,-58.186547537141,-61.4560836802416,-62.2615598791581,-63.0076090398187,-65.4464480563939,-71.2750950580635,-69.4571464419375
-54.1786549091863,-53.6430084257217,-54.5866233614759,-54.428176885955,-54.8836166996497,-59.7885243758219,-60.7603119264471,-64.8960206184958,-62.3146986198316,-52.3365186370485,-51.2225097991135,-53.4569353117638,-47.3349993368304,-47.7947309088155,-50.5701512198373,-47.3039654412202,-47.668944323119,-49.6562299449704,-49.8334085070781,-48.0351048190419,-50.4867576817446,-52.8853432983254,-52.4734770970079,-51.8227883202431,-54.3914012323949,-55.8547995065433,-54.7120646088039,-55.8257649826761,-56.5140671566566,-58.7457201687818,-56.8196255659364,-53.7636518101059,-59.9016049535795,-52.1419327498404,-51.7170258561352,-55.5028812060636,-51.8440990488018,-52.3707525429981,-53.3656599668931,-54.7343340661248,-56.1387293222131,-55.5929266433552,-56.5592612647473,-53.6029872451425,-53.7087102152031,-53.7778105419705,-52.1930934482271,-52.8775367291879,-54.3109849624361,-55.4510964851075,-56.5271842688362,-59.0607041090695,-63.0999980122174,-63.904310410133,-65.0354512557044,-68.981359318361,-72.4974239078689,-68.1809616364866
-52.1861316588133,-52.8928670281616,-52.7590954379546,-53.4208665460773,-55.0636046759827,-60.3670727979197,-61.4160201733124,-61.8529001518298,-60.5559581629015,-53.7706655819918,-51.3856514212643,-51.9968322686419,-47.7549992670013,-49.1346233280042,-49.3785619540059,-47.6503513702183,-48.6778615485586,-48.9924635547686,-49.9570809903816,-48.7898987081002,-49.9682318340234,-52.1522098521768,-51.7213783851695,-52.5357263114931,-54.8105316279926,-55.9070603217722,-57.1262858443818,-59.3787713595017,-58.0460881729271,-56.4963024418661,-60.001394415715,-52.5855321480662,-53.889726491756,-54.1881468290502,-50.2596269429537,-52.7670871182393,-51.5845435704626,-50.491864230261,-51.1403580613148,-53.4999712166719,-52.2556413548854,-51.434952289383,-53.1974850334144,-52.7305391112686,-52.5679478220844,-54.4670601396237,-53.6313417906566,-54.1017014846856,-55.7175483484655,-57.7522502665789,-58.2970639757681,-59.2325686563392,-62.3587710751193,-62.8952733171744,-65.1276833829722,-74.7056747659054,-76.3011400775541,-67.7865982594024
-51.0294158128887,-52.1755613446307,-51.1474031603382,-52.2495333545408,-53.8141967694689,-55.3677730057237,-54.3904798837102,-57.4767801892255,-53.8121168310045,-52.6343902844961,-51.899252783125,-49.7227997133221,-48.933029895325,-51.1172288259937,-48.5055259947986,-49.2314165818346,-50.6699115667854,-49.0447521805823,-50.4786883351773,-50.9487779369873,-50.2022556580556,-51.2453767420712,-51.8423722880429,-54.3239420648506,-55.2017104442976,-57.5343968361798,-63.5439483093842,-68.0445610636756,-61.8252101018525,-55.9793033366033,-60.3789534371149,-53.5899565347811,-50.9618242842629,-55.6621364855699,-50.3149133352803,-50.3476079095181,-51.3820257528312,-49.4231819953241,-49.7239403280532,-51.7976643821847,-49.8482735207333,-49.2709142293163,-50.6889512301746,-51.99502036561,-51.8393651995326,-54.7351307704232,-55.7398985730364,-56.3142834784717,-58.6853231693714,-61.8812902346472,-60.9389504125295,-59.2496588967312,-60.5842879730063,-61.4307922985825,-61.8287921328526,-64.6950614399067,-66.7153845938627,-62.5947111647011
-50.6489242252895,-51.4268143755895,-50.1946700587045,-51.2460852334401,-51.8016876170574,-51.8715357833698,-50.9541795819927,-53.9272891290935,-50.6044066990114,-50.2364608226742,-52.2527053941573,-48.10870011714,-50.618727389225,-52.2254793627927,-48.7462251011303,-52.3262269991706,-53.4864836004413,-50.3850822644659,-51.5127668353822,-54.0766194374926,-51.1998343908984,-50.8377667497726,-52.8239072603731,-56.0952280028183,-55.471642007218,-61.6585704887124,-76.3153618643653,-72.5689500317182,-70.0553688890075,-57.3030334909059,-56.6420015828315,-56.9083461193482,-50.5154381409476,-53.8414345743924,-51.823620646791,-49.1862070497103,-50.8844847673892,-49.2638267146655,-49.0643110356633,-49.6876531782537,-48.4336301422145,-48.2706260418659,-49.1160322818239,-51.2095055480868,-51.3901843035292,-54.4854956703372,-57.7152956010764,-59.0935126488738,-64.9605036565301,-70.003272586291,-64.8062472962679,-59.6591689059281,-58.7849505885659,-60.1017619463369,-58.8233378695207,-58.9344937885685,-60.0438519393108,-57.8776142853899
-50.9717313642204,-50.8307846466843,-50.0591066485046,-50.6307980269272,-50.2994311037687,-49.9381872672183,-49.5352138977183,-51.1347520473831,-49.2331982722689,-48.8860185079403,-51.7139018412643,-47.7856739404134,-52.9929245820886,-51.8852699638227,-50.8543674416054,-58.129126196701,-57.420035636046,-53.8221194209611,-53.2259897334647,-56.7353963664324,-52.7710447595742,-51.2654441898418,-54.3379874371305,-56.0318414732218,-55.6210745463713,-62.686379793251,-61.2964204967887,-63.4534319252209,-63.987718199368,-60.0375537313379,-54.7335650185328,-60.5021157312227,-52.4473400458232,-52.2611832392645,-54.6216822887173,-49.5636730574206,-50.3011878984047,-49.8572910762389,-48.9871043079138,-48.0169577979382,-47.8211376539903,-48.0853272634022,-48.2359648767683,-50.3210716507223,-50.9546312132485,-53.5211384509686,-57.6690138739547,-58.9746954922448,-65.0728484505166,-66.8835423104978,-64.4301105500364,-59.7537836374681,-57.3133469332082,-58.4864684371037,-57.0267400812418,-55.9392985626426,-56.1720484044824,-54.9381656699546
-51.8948262302003,-50.688519365527,-50.7434084956929,-50.5744436769943,-49.7770608206277,-49.2693703797684,-49.4497953606006,-49.2601723032527,-49.0054426761024,-48.7260999630208,-50.4680511184124,-48.9069656187721,-54.589325706299,-51.6706940451761,-56.2619184536467,-67.6912245037497,-65.0162393294857,-60.3583882751674,-55.5434068505241,-56.9110299320468,-54.3968646753154,-52.5662258470994,-55.2661550203644,-54.8161645860045,-55.4854759451896,-57.0054580896008,-57.5587333355983,-60.4633965480057,-58.3356059647689,-61.2463145626246,-54.8954882480911,-58.1392644304344,-57.7480973468263,-52.5198977373658,-56.3573631196593,-51.7449079491767,-50.2472972322465,-50.7333131190693,-49.2811672152737,-47.2294261563889,-47.886156535534,-48.458422911873,-47.892133165565,-49.4657271540288,-50.4622360753646,-52.067582738565,-55.7560640843217,-56.0742064016809,-58.1226527810957,-60.387170380787,-59.4860280328027,-58.5753816436263,-56.4653302211949,-56.8649004421896,-56.1662291143733,-54.7002916674445,-54.1004219600695,-53.4025450832719
-53.2466980181672,-51.3107937727567,-52.2093260824149,-51.2649439857876,-50.3325535594218,-49.7832832782243,-50.3497201470113,-48.4141704380168,-49.4101985972009,-49.2654785150795,-49.1892092516816,-51.2712759447406,-51.9780583436081,-52.5250219853499,-60.1193424052836,-59.2892215978927,-69.6363445864101,-59.0930873055044,-57.3016423673314,-55.2628867798894,-55.365421432231,-54.5042794675003,-54.5367578656179,-53.8870249072337,-55.1330006698669,-53.8954862041762,-56.4915916961644,-58.7577968892431,-55.9814740018967,-59.9574961315359,-56.8526746143627,-56.4819054841348,-74.928657431475,-55.0982291691782,-55.1356082250415,-55.8110870796861,-51.2065367847982,-51.2441287161985,-49.7577410400322,-47.484598419671,-48.4810234590918,-49.0903049161595,-48.074514499917,-48.8732268413632,-50.0831478055844,-50.722815824252,-53.7200530721015,-53.8969391810721,-54.7156648034243,-57.0566589225994,-56.3284083567719,-57.0549715736636,-56.396040171454,-55.8628228491686,-55.9779925269551,-54.8621402285411,-53.4981884491737,-53.0211688599432
-54.7468258904797,-52.9849950952932,-54.4623834782546,-52.9824626374974,-52.0591951467139,-51.5624068118063,-51.8458878288492,-48.6994624511391,-49.9622599863847,-49.9137268419611,-48.4055385463633,-53.3469568735951,-49.1901433054803,-54.6483308160392,-53.3947156638918,-55.8287772570528,-59.0545592067105,-54.9964461948313,-57.0550824876842,-53.6970656347009,-55.4966412219156,-56.4224203428923,-53.3363046287126,-53.6067192216891,-54.975556700779,-53.0040037462756,-56.7255386147499,-57.4627649107555,-55.594112492621,-59.2079750612891,-60.2764993651035,-57.6692445191766,-64.3167520383196,-61.6134326199336,-54.7505555950107,-57.9029429799129,-53.439894703745,-51.3579672534944,-50.349869572758,-48.8843326745943,-49.4011085807852,-49.6588767400031,-48.8504775290594,-48.7522598144987,-50.0236047178672,-49.9265624001831,-52.2182514642783,-52.8880064383236,-53.2026226170528,-55.2828970844542,-54.958130032024,-56.2992496745225,-57.1280210687599,-55.8915532870866,-56.4813870054699,-56.2719009947791,-54.3093597188332,-53.6913090316958
-56.0612405977397,-55.9563160412877,-57.5622843613993,-56.2894737836404,-55.2838012748262,-54.9049669231816,-53.2115746559192,-50.2306419819037,-50.3984753645802,-50.4359294506495,-48.4449635931732,-52.6951548862215,-48.2300694238078,-56.4011641957724,-50.7531070300167,-55.2484359987908,-55.337943535532,-54.2466888396542,-56.3397770290294,-53.1870884441769,-55.3778856066245,-57.4036421187143,-52.981486200958,-54.0435144420547,-55.239448322704,-53.8727621242865,-57.1247773504849,-56.691170653039,-56.7753967682443,-58.7937947771402,-64.168239233912,-60.2555528876522,-62.6397692534443,-64.2427923723317,-57.1688944595075,-55.5777508584243,-56.4751715862071,-51.7413282127372,-51.1566286585527,-51.4155875660928,-50.4469144401454,-50.0640049365722,-50.2098244071207,-49.2564137396617,-50.3866347743809,-49.8825853829805,-51.3748552931352,-52.7793928890149,-52.9083424119691,-54.5732356370754,-55.045353070705,-56.5975918378261,-58.6343132681785,-57.2529557630246,-58.0244343327035,-58.8229290874487,-56.6770353290418,-55.413198132802
-57.0179401039042,-60.0382681812817,-60.9137358232203,-62.9942956238133,-60.9027926659759,-60.0825982952459,-53.7633590743622,-52.8216639328823,-50.7672128491011,-50.7624280017578,-49.3875826315527,-50.7873850245329,-49.1203752622187,-53.8684133384346,-50.8181288272999,-55.427196457159,-54.1653050714975,-55.9840664354607,-56.7487436562501,-54.0784796885075,-55.7745818148265,-57.2808249707915,-53.844654649687,-55.21740755504,-55.7749104998096,-56.2702614213219,-56.838699127411,-56.7413626675164,-59.353733542726,-57.897196920372,-68.3395873093176,-58.4673115552388,-70.4363450563858,-57.319555965164,-63.6927360561522,-54.6335549793696,-57.1944042085601,-52.9251861007586,-52.3636240992377,-54.2397181185043,-51.5956762325148,-50.6038405771903,-51.8813627165828,-50.5048146487113,-51.1716232348884,-50.6817297486595,-51.2012182379648,-53.2468922536398,-53.4719455864493,-54.7392182408541,-56.3970254113362,-57.8760872456319,-60.9494208035279,-60.4314477617713,-61.2622021793281,-62.3807871392143,-60.9804022271926,-58.2606560437418
-57.6705880095324,-62.4905863155214,-61.2069984672862,-74.5525162057845,-64.1229852320673,-61.2506258254861,-53.8040330933055,-54.4122076282632,-51.186588136813,-50.5289192845038,-50.8618692738514,-49.2919912085091,-51.6579462127236,-50.7361332562692,-53.0877330799417,-54.4465522606233,-54.9543847744734,-59.5029445121279,-58.8435333162618,-56.4388659141795,-57.3474389050019,-56.8421221352303,-55.774955048336,-56.9121639533062,-56.4064596015445,-59.5217663108396,-56.5055480081916,-57.9499229098501,-63.0620440826464,-57.5457130751322,-74.3008404478801,-56.1217207431384,-67.2328170643146,-55.2731235035401,-60.3928880467538,-55.7643239232975,-55.3919465067206,-55.0233894511683,-54.1370633532725,-55.2584490205346,-53.1092486844574,-51.8031629076933,-53.3863899052745,-52.596412474528,-52.3280821250197,-52.3515043507967,-51.6753342739829,-53.9551313228888,-54.5831879268077,-55.612451549695,-58.6331447615234,-59.8613249466209,-64.3966113020042,-66.8505522322299,-67.509302127455,-67.0070605618287,-67.4834154978471,-62.2566023049227
-58.0743007048346,-60.8178597456719,-58.7291778600767,-61.1407136746076,-58.2247985660844,-56.9356414965403,-53.8385433436542,-53.0153835495598,-51.696396646835,-49.887226831782,-51.9186960009031,-48.6893107884204,-54.5319453635019,-49.3222101348399,-57.3882581487792,-53.2280456507712,-58.1130954710332,-61.8962839567184,-63.1517986478176,-59.5781078821523,-60.5596378652302,-56.8598851988944,-58.0439996418934,-58.506466617359,-57.2998095086633,-61.3802734441117,-57.2207591038967,-60.8734078909304,-67.2963718236399,-59.190542362019,-66.5555885595187,-56.6737864996776,-59.0019340826985,-56.5321890848558,-55.4634980566144,-58.5754738332546,-54.3305867724726,-57.6202061249271,-56.5771094716932,-55.3228790150884,-55.5044556963027,-54.3165290602726,-54.734651179693,-55.5126940259118,-53.8181833602273,-54.7399643324162,-52.7810253840562,-54.616282293436,-55.9087975866925,-56.808582747842,-60.4522159028926,-61.8948058890589,-70.1777477984788,-80.2591134985134,-77.9021270496841,-74.3336578842767,-71.5792063249876,-66.414194514408
-58.2058078399524,-58.0058003690823,-56.6750808429772,-56.5797999622411,-54.8362000593628,-54.1734586426364,-53.6979218960604,-51.4652828746154,-52.2249020227342,-49.7018515940514,-52.0943062030752,-49.3049827202714,-54.6149360589257,-49.8159201169217,-59.1192258188525,-53.3735699023185,-64.3778073722315,-61.9091227565045,-68.8776083096887,-60.8425080097779,-63.4024939565253,-57.6271613439014,-59.9336739388398,-59.5165844831153,-58.583261425936,-60.9271266000658,-59.6961871036525,-65.8995015125111,-71.5837480744684,-64.8771655850527,-61.9225823671246,-61.8261872467064,-56.3946414942421,-62.0512494335227,-53.9815927406424,-61.393321503264,-54.6209384630999,-59.6646992843179,-59.6733294765183,-56.6692810936321,-59.7419118475619,-59.4790142934143,-56.7548492112217,-58.5513814652585,-55.6400259305037,-57.0747697103062,-54.5528259345447,-55.1394559403197,-57.1620985193832,-57.6832681457545,-60.5076459183654,-62.6311132429712,-74.6722853354565,-69.0717048176796,-76.4724985386836,-83.8641406022347,-71.9612035333688,-66.9279346826674
-57.9703221554831,-55.4857084784707,-55.4553033331528,-54.1790547295865,-53.383537580865,-52.8601962921571,-53.1924991503501,-51.0761442234111,-52.5439331906201,-50.5793147819131,-51.9591328423552,-51.4129379056274,-53.0620979471852,-52.4368757770368,-55.6149401403745,-55.4632192604291,-61.3518241287275,-62.9267347361599,-65.7878593806469,-60.3627763857953,-61.3122470669958,-58.858479446839,-61.9985203173011,-60.0991350956365,-59.6617792580679,-59.9719889184564,-64.3268781633833,-65.2541771183495,-75.7576146243136,-70.128976477029,-61.0116168421544,-75.0781319536315,-56.3184801945723,-64.0461785544384,-54.6840729676557,-60.4371584775518,-56.0945928605009,-60.3573891728109,-62.768471239626,-59.2519827321805,-68.7463355026204,-77.4735005372322,-60.7121324506366,-59.7680166982666,-57.7279644132461,-58.0265872709715,-57.0526602397906,-55.7567686014383,-58.249084120867,-58.0966011901141,-60.0223286403676,-61.6786478505674,-66.933460951712,-65.3006020765355,-78.6324599163462,-71.7534672805748,-69.4465565740941,-64.1531947416692
-57.1360864766302,-53.8776650424713,-54.8580329952118,-53.0197803014734,-53.2439134493855,-52.635178734321,-52.7769347753589,-51.833261345794,-52.5641438802312,-52.6099632016928,-51.8920760360521,-54.7740858483951,-51.9914354481394,-57.3868041070363,-53.4134001701075,-59.1645958307282,-56.6892832795214,-64.5961964357858,-61.621523972663,-61.1819757823155,-59.558009967817,-60.0477675066247,-63.6670066339776,-60.3077506021236,-60.042047465808,-59.3470417537329,-66.7943331255194,-60.9046005669815,-73.5859021780801,-61.1767776446588,-63.6659189284375,-59.2531288368501,-58.3227809898957,-57.1303858487762,-57.1249595842213,-57.8326974162661,-58.5598658386351,-59.7205306940809,-63.1606987766762,-58.9546359141687,-67.0428779841397,-63.3273798559184,-68.8334376278032,-59.2049295623632,-59.6594604071714,-57.8237684962785,-60.0670770437148,-56.9409891140335,-59.3741987692668,-58.8884751206324,-60.3165801369891,-60.7203769308182,-62.4785591121504,-63.5007345255209,-66.8642710937371,-66.165662032986,-63.5134743666459,-60.9860178128426
-55.7374362804137,-53.4690014193165,-54.7849951559993,-53.112580787662,-54.1882678129151,-53.3907934821054,-53.0030940491204,-53.5907103610558,-52.6835917332189,-55.1575644065085,-52.2683569881873,-56.7440574094822,-52.0861863156173,-60.1543993754154,-53.1544955926752,-60.745348806794,-55.1234611676555,-63.6435084693652,-59.1398717050764,-65.6977393161012,-60.191350386362,-61.8436800420348,-62.7857471397676,-60.3809534591963,-60.8734825015749,-59.4247230328981,-63.330365385373,-58.825836417506,-66.0539272170258,-58.1091850612213,-69.1223596295692,-55.7191012679021,-63.1482089851735,-54.801958669935,-61.4143318336614,-56.3766971086326,-62.1029630333245,-58.554931186261,-60.9386474789362,-56.4795752107432,-60.6911959219543,-58.228073504977,-64.5097378403152,-58.5680235760965,-60.448721673223,-57.5500905104888,-62.4569192667712,-59.2149661896587,-61.1698300060996,-61.2562887460889,-61.8250011482534,-60.9790387045885,-60.0212786137985,-62.1406235497375,-60.5057286970779,-61.726898553209,-59.3864365000977,-58.2864190806227
-54.307733500399,-54.2802265966141,-55.3898707981979,-54.9298658102732,-56.3824900621655,-55.1707445689485,-54.1057578309652,-56.0741480333936,-53.3697575449281,-56.7437521174849,-54.0113141797006,-56.3439049999878,-54.320524873051,-58.9448060819523,-54.8858326332665,-59.8430384002262,-55.5955846319405,-60.6973305495788,-57.7366294294528,-72.47309917396,-63.2344639656284,-67.0471737586073,-62.6342618857047,-61.2101649517305,-63.1544727465593,-60.2462671329367,-60.2182557383477,-58.2512288346363,-60.3403081313715,-57.5626741850417,-62.2191368811987,-55.1901178407366,-70.053182524559,-55.1975659566522,-69.5047003414919,-56.8308967045316,-66.8385465333744,-58.1924341833839,-59.1619388938102,-55.7008855114389,-58.3260810152322,-56.7763705468069,-58.2064148821485,-58.1125235999094,-59.504007396906,-57.3064957733975,-63.0225890934129,-62.593217085565,-65.0438565247819,-67.7312654831467,-64.5265584568049,-62.321171659831,-58.6690385394316,-60.5172379829034,-57.0793684015998,-58.0956928412335,-56.855432687796,-56.3160875777762
-53.2253970141092,-55.7272482673546,-57.0029706654549,-59.9885439302886,-61.1623817414134,-57.8376926110121,-56.0846672123504,-57.5867984031413,-54.5115497323644,-56.8518525863552,-58.5292206161886,-57.1716821883053,-61.8760884597466,-61.1744076362442,-58.8246291463753,-59.0876876247001,-57.3362453135783,-57.5462254710319,-57.0532611144703,-60.3014636725755,-64.3634316541693,-78.4910773962963,-67.5540581235009,-63.1297885837252,-62.9187382094557,-61.136177699648,-57.4263335564491,-58.2340346249008,-56.5821331580542,-58.2327190761607,-57.4126454702363,-55.9833075149212,-63.2188910380614,-57.0892084755446,-76.2828648604969,-60.1323213731187,-67.1415663656784,-59.7085580387099,-58.6418502462619,-57.3759531792943,-57.4728337577109,-56.8956001148382,-54.8803629420203,-57.3703564414257,-57.4918733068422,-56.7513187509064,-61.3875959928434,-63.1167896215926,-69.8979733827344,-71.9558564662963,-65.088142115822,-61.3782661497269,-57.7659134129832,-58.0852406503277,-55.2188296712346,-55.4353671982296,-55.2948784793205,-55.0752842854551
-52.299857887218,-55.5407832111549,-58.8393201216682,-66.7595241864958,-76.6835506207903,-59.0932625614154,-58.1995313598912,-55.6619308347911,-55.0295653347739,-55.8726016181958,-59.4262944775239,-60.9118831524093,-62.7470512407756,-63.8126142148585,-62.6312741880345,-56.3100085882528,-58.8191038177662,-54.9024324111466,-56.6449811585333,-55.4445579337397,-59.9114865236304,-62.3869151698887,-71.5866130573112,-62.8045948550753,-58.4442248265105,-60.7434908923793,-55.120099759459,-57.8336389361841,-54.4110488732128,-58.843991893754,-55.1132259889694,-56.8792394569432,-59.3455767539413,-57.7274335381926,-68.413458420204,-67.9488595349677,-63.8333151752708,-64.2653346655628,-59.1904267659485,-61.9114780969017,-56.8018391169455,-57.1373918911765,-53.1700650576838,-56.035996943365,-55.309506769668,-55.8982758541301,-57.8106820423041,-59.4500969729868,-61.5905422692062,-60.989572285301,-60.7149542126808,-57.562513917423,-56.6401134523563,-55.3381976546654,-54.211060096364,-53.7062802959605,-54.2792968202396,-54.4191129051905
-51.0155909512573,-52.9602892701451,-56.2546656181871,-56.4719507871904,-58.9614364078143,-56.2873122685411,-56.9048334381285,-52.7417006141785,-54.0637116430457,-54.2217538970651,-53.1648439715346,-64.649619162888,-54.1231793147014,-56.461138558164,-60.9160495650028,-53.044095483114,-57.9103651928319,-53.1352925385766,-55.9415092653518,-53.4018228298082,-56.5371557794793,-57.5650734372186,-58.8461017251706,-58.9865978583233,-55.2597787697858,-58.4643763490411,-53.7462198323596,-56.607917807435,-53.5662946727353,-58.1899161986501,-54.0585054848409,-57.8569010793751,-57.5815878628034,-56.7169715291384,-69.6890558339594,-62.1056951928726,-62.8589802904201,-65.6205504593575,-59.7410748360084,-61.2133624663019,-55.708691314624,-56.0929956655249,-52.7309831203174,-54.3646910866508,-53.5035731868052,-54.9901716132518,-54.3782426326914,-56.2848847786946,-56.1619443917985,-56.3601509147286,-56.6500836212834,-54.5030593846087,-55.0656446136689,-53.143476506303,-53.5875320131269,-52.7658988114193,-53.5837671794692,-54.1258461814615
-49.3262067897766,-50.2665772260578,-51.7526163298716,-51.6109589435065,-52.6683057145425,-52.881723104766,-52.8273900660416,-50.5475075192961,-52.3166067312896,-52.5360227029026,-50.0061425186745,-57.199559587715,-51.5075442586487,-52.0902911061705,-57.766583036657,-51.1359504467998,-54.9764491147056,-52.2050168153763,-54.6128432860387,-53.0353821760776,-54.5000683740649,-55.1387218906274,-54.0728130052099,-55.7850754368445,-53.7086518066842,-55.4774538543999,-53.4433302964169,-54.972022558271,-53.8488657076609,-56.4898031450264,-53.6826011130181,-59.7878452801377,-56.1053350722354,-56.8692571569623,-68.8733078631976,-57.5543842395085,-63.5815789841912,-59.633715395869,-58.9057555924651,-56.0356922920025,-54.6856743666209,-54.3512958684003,-53.36540796306,-52.8912879611951,-52.3377498369604,-54.0443787822235,-52.0858629074123,-54.0410202842328,-53.1413250761787,-53.7831189697547,-53.8745607727612,-52.7548882738285,-53.4691106763876,-51.8872631350877,-53.1362740698211,-52.4698346811174,-53.1820406350597,-54.001067362632
-47.7568044656309,-48.2922474283722,-48.5533873571254,-48.9969447597572,-49.2490605841781,-50.2429850419973,-49.5129578764856,-49.1617390634121,-50.5041315131326,-50.9185946308541,-49.0558495497579,-52.0686471717656,-51.2983732639286,-50.0426006298102,-53.9379432134038,-50.7020683477995,-52.0071392954779,-51.8308283114809,-52.8814050669645,-53.3377412829684,-53.1654693126019,-53.4876474639494,-51.8292687908602,-53.6944889224416,-53.336638823086,-53.1358912035061,-54.1165254550725,-53.6907294342766,-55.0472711275355,-54.9057151119532,-53.9721693042744,-61.5044718026144,-54.5217539514329,-59.3109553196647,-60.2850822649253,-56.5795561134105,-62.5190685951667,-56.8550842139308,-57.5336646783142,-53.6416108630358,-54.354274556744,-53.1677630191486,-54.496984514078,-52.0361116960191,-51.9150905553062,-53.0077203626775,-51.0306897772988,-52.4832914384676,-51.6160122746848,-52.3393408172742,-52.1940400132931,-52.0823163017496,-52.3452373711081,-51.651841586777,-52.9020049887611,-52.7362398395367,-53.191916740588,-54.0318143372833
-46.728215598089,-47.050617526862,-46.6986143045546,-47.5474203425362,-47.3449333191907,-48.3329828491638,-47.4916546947725,-48.4440378394332,-49.0360296794776,-49.3752106157206,-49.6634825256327,-49.2561823124683,-51.9228996152498,-49.5675094492255,-50.8975896710607,-51.5155715560978,-50.0789962551236,-51.7481687336287,-51.2810363225973,-52.8878765378698,-52.1349947634582,-52.0168104512837,-51.1001014110814,-52.3955839673363,-53.7381244915651,-52.0739198234821,-55.4399997883927,-53.391007870963,-56.8764496877947,-54.213333361527,-55.3211122310274,-59.8714915133596,-53.6583571662075,-64.8708724814229,-56.1700352756808,-58.182132268452,-59.7938241828625,-56.6258234183866,-57.0141622601373,-53.5439997737906,-54.9580969108926,-53.0537146562495,-54.9302259681756,-52.0417792106689,-52.2505054137304,-52.1159014330465,-51.1409607724156,-51.5721266051162,-51.1987223537207,-51.6962879336849,-51.4632844458813,-52.2362215912271,-51.9673244849352,-52.4354055400608,-53.0772363672004,-53.5967495329544,-53.8038834421095,-54.4261606351888
-46.3855408490456,-46.4746365129428,-45.9617617359751,-46.8397170854791,-46.5143697731139,-47.1079200427341,-46.6517671195629,-48.2919338083572,-48.2646362461993,-48.3166361610562,-51.3253526004217,-48.2825715779182,-51.9402568875645,-50.5777726174892,-49.5657758521535,-53.2620971058819,-49.5576784705822,-51.9163005602145,-50.2810026529475,-51.5980869717094,-51.262363657556,-50.8567642762148,-51.4619223761247,-51.7294959859279,-54.4912641297976,-52.6308790562742,-56.8858975070359,-54.6272643836682,-59.011417611733,-54.7849012651114,-58.3262711540902,-57.6799071102977,-54.1750487825913,-70.5419109236076,-54.9777980565529,-62.7022338699445,-58.6392624906063,-58.8374094212086,-57.8460871532951,-55.7522675452326,-56.4509189004853,-54.1935262417332,-54.4865792982263,-53.0512259653274,-53.2878130794038,-51.80800951091,-52.302851737896,-51.3778432093047,-51.6504935356607,-51.7022398767059,-51.5912420912707,-52.9799397767253,-52.4644599289812,-54.2156303487019,-53.9418284948979,-55.2371025426889,-55.2668300027003,-55.4976616248682
-46.7423075385204,-46.5353457508827,-46.1656951534173,-46.6771095355139,-46.5305734314765,-46.6106146513656,-46.8664804739956,-48.6474570413282,-48.4027115158271,-48.2457150913339,-53.1096576489355,-49.1620575182579,-51.7618942330962,-53.5011024922399,-50.2345168252526,-55.5022637347003,-50.6829064699615,-52.4206547897648,-50.1812212955962,-50.5729512074776,-50.5989039380304,-50.2689582075131,-52.4617189732361,-51.6560859764019,-55.1014065205964,-55.2307108840798,-58.4087684955703,-58.4549657955304,-61.1821769259922,-56.9296536997648,-62.9035402874675,-56.3276184196296,-56.3542871757655,-65.7716157938403,-56.1906653814018,-72.9065022798415,-60.1254476931466,-64.7913858051999,-60.1734861573609,-61.2913335423543,-58.4176343576267,-56.6715834968557,-54.4360760757139,-55.1583985889492,-54.8921203381195,-52.4959544179688,-54.2188176272465,-52.0023404901656,-52.7372023942204,-52.2673109059765,-52.4740575910079,-54.0451885395608,-53.866900992597,-56.883726962704,-55.9084658941101,-58.1053630454307,-57.9914615060972,-57.567509719729
-47.7860851772316,-47.24236774866,-47.1258294905551,-46.9581596185376,-47.2012395499998,-46.9063627977642,-48.0165371473125,-49.4979156204409,-49.4834063338471,-49.5652710350459,-53.7570315263188,-52.2390366540113,-52.6240783432919,-58.9975093495961,-53.4701026584589,-57.8644150486505,-53.9447066939896,-53.2230047919271,-51.1439727464726,-50.1855787101456,-50.2648175646294,-50.2612743442241,-52.9800021865234,-52.045839641521,-55.0920790451838,-59.2456842216312,-61.1216683251636,-71.100484946164,-62.628554276539,-61.158168999923,-61.7491089035088,-55.191072972131,-60.1147428462127,-61.7425193245575,-58.8356875050931,-71.6374941889973,-66.4978472033779,-70.3189076715255,-63.3730946653675,-66.3583373206018,-59.9987067829801,-60.1065023952473,-55.6627947652227,-58.3661785616432,-56.9071104093923,-54.5885552715363,-56.1323605049595,-53.5771115948316,-54.1725659277661,-53.3289011624897,-53.9200285093212,-55.103930031483,-55.9433120450761,-59.8049068422942,-59.6095231281448,-63.5396424258506,-63.0313882278004,-60.7792900381849
-49.5032386070509,-48.5933688983826,-48.557267336773,-47.6166171720601,-48.2770137552308,-48.0307169231467,-49.925183002245,-50.9192648708752,-51.3468481441656,-52.7908187096231,-53.5929367746841,-57.6580275746182,-54.9233484985413,-59.5977242622002,-61.6730247863006,-60.7810864247638,-60.3687164840595,-54.1196888687869,-53.0550604032235,-50.1657217205563,-50.3123347218065,-50.589458420152,-51.9016702881241,-52.4921005215908,-54.2797098187624,-56.9910099679017,-64.5834647885821,-63.1463120792376,-61.3533793051683,-64.6918224734265,-57.3281550485317,-54.1778315685863,-64.3677077808215,-58.2443376611563,-57.9487447347552,-66.6675097410658,-73.3021182297763,-62.1537501675556,-63.8726652323179,-60.4006574973333,-60.9011844230676,-62.7599746445588,-58.7021156743261,-62.3501756886879,-59.3684289243912,-58.7334891350714,-57.3522234243367,-56.283019714144,-55.7043297314717,-54.8699366842445,-55.612905723051,-55.8570889849726,-57.7600853595887,-60.976913690316,-64.1243758258171,-86.9006092816891,-73.5590766962157,-63.3859099527174
-51.763212059686,-50.3837868784359,-50.0128015925761,-48.6068838687378,-49.4452697509591,-49.9145081108772,-52.2420943562397,-53.0659116426368,-53.6718737834049,-59.3408068001005,-54.1383901736786,-59.5650809598499,-58.1177008483194,-55.6708899954619,-65.4456950854553,-67.165274059469,-61.6960170542638,-54.7860602199843,-54.6836367449338,-50.1929291567934,-50.6340991534365,-50.9136950815836,-50.1963571128113,-52.4238701701148,-52.8982082247229,-53.11157428479,-59.0889806046001,-56.3426337905612,-57.9753872581675,-59.1450400706397,-54.3782285607476,-53.8361436325149,-64.7983562142429,-55.3254494701228,-55.0938539365438,-64.5248026714205,-61.0850238214757,-58.8191189543289,-61.6640403281016,-58.1284913578034,-61.9833541589073,-64.5595426090286,-64.3143378391041,-66.2355677782058,-62.6864200218372,-66.0554971093558,-58.5694816902609,-60.2175724963399,-57.3739866483945,-56.9465091323361,-57.2378988776694,-56.280644823233,-58.2348323987581,-59.6381500244385,-61.1846938033977,-64.9746358446682,-65.1592076469165,-61.6692117045357
-53.8882379303264,-51.8461962220746,-51.0423434644564,-49.9220018702289,-50.5152672917985,-52.2083323133279,-54.3749476450273,-55.6493395867644,-56.1598358653953,-90.8798387035066,-56.7631504867435,-59.0552461012023,-61.2446128480614,-54.6306919251639,-58.0617201673399,-71.5219971526178,-56.8700824789986,-54.602974594599,-54.0347915168767,-50.3373831956408,-50.9660487020496,-51.0013249977892,-49.0825493517287,-51.7060406757846,-51.4160041021032,-51.2245340652353,-53.8254128494605,-53.496693595932,-54.7764268815957,-54.4712435835773,-52.5556817265038,-54.4311086696213,-58.8030489069135,-53.1502833915311,-53.9510696176252,-61.6175267120084,-57.1209619205895,-57.5444754985793,-59.8746459377832,-57.8028095634471,-63.5732914587403,-69.0484297649889,-68.2856976651229,-69.5193412889701,-67.3650603109671,-68.6061156432366,-61.1364918969474,-64.2885770518884,-59.7031047014184,-59.564406036757,-58.6035442460183,-56.6700280214911,-57.8619370883462,-57.7023521641064,-57.46426287443,-59.0662295432552,-59.358215689842,-58.908802711537
-54.5451585401504,-52.1842560386492,-51.5891394703073,-51.5962633161721,-51.65591542608,-54.1858182185728,-55.7848868630118,-56.4698283574925,-58.1699645243955,-63.6505328496928,-63.2381851369713,-63.5484808159318,-64.7762246832348,-55.7089714194598,-55.4485525450546,-58.7569307493382,-54.8197115647128,-53.3229779753162,-52.3761289621896,-50.9208396260811,-51.0943020462335,-50.8169393095276,-48.9393891200983,-50.7899590886714,-50.3051893343871,-50.778067078144,-50.8960616318526,-52.1128186174345,-52.4717501603718,-51.6520644610729,-51.6868142442134,-55.4306026322339,-53.911653075441,-51.7740715491036,-54.578037042622,-58.0915692985933,-55.2423880150673,-57.2055325408528,-58.6230374703183,-57.2695122876223,-63.645585571152,-70.0530869716408,-63.6912703288521,-71.5322886294018,-71.7009980582893,-65.9172724871422,-66.5041188081807,-66.0886480181214,-63.7982983716118,-61.9349295751121,-59.3225255056916,-57.2806415909052,-57.2089946527038,-56.0854810628048,-55.5618681557839,-56.1036703874659,-56.2588028513998,-56.9163038305861
-53.7180316385774,-52.0502564317968,-52.0630860821453,-53.6453894908368,-53.356330319124,-55.535691853768,-56.4762792660903,-55.0192033852034,-58.3287046511313,-59.9985237515794,-59.9368136103852,-59.9110400253908,-63.0396659450524,-57.2928306878002,-53.1622662409409,-53.605964300098,-54.0488112665938,-51.8801231674971,-51.2840530934571,-52.0844507592543,-51.1205563459795,-50.576403019446,-49.8399683426413,-50.2109531315156,-49.9198925566894,-51.2237779091285,-49.628841622079,-51.4497760831566,-51.1377073624869,-50.2746708080924,-51.7764109855271,-55.4502236833036,-51.1955164550152,-51.3616035310858,-56.4630522046825,-55.2877632648279,-54.3344915353751,-57.3379264741828,-57.578442276719,-56.058611689925,-61.1965436030861,-62.5937392794036,-61.1045952573984,-69.9986986541252,-71.2942178982056,-66.2283883472735,-71.505679108647,-68.6356278956277,-70.1749353890873,-62.0088953271747,-58.9382724692806,-57.8741022991421,-56.1276783430892,-54.9312901341516,-54.6841976743604,-54.4199341838292,-54.4433636695793,-55.4912022991533
-52.5154627276353,-52.3830574473189,-53.0137387772709,-55.9780921352916,-56.3772476771341,-57.0798701166787,-56.92815565071,-54.1972412645927,-57.6301480523027,-58.4217641185433,-54.1666052368018,-53.271076105009,-57.6469100749476,-57.311820122276,-51.137411222771,-50.9092203744913,-53.4189160145229,-51.1175647245411,-50.9648562024886,-53.4260390239306,-51.3957465828957,-50.7630575625288,-51.8339748872809,-50.3888721644216,-50.4896554131402,-52.0586757294381,-49.6950003625526,-51.2465331100814,-50.7198417662896,-50.193731887778,-52.7449336204185,-54.2838040192961,-50.3217366737455,-52.1980938612973,-58.3092731048819,-53.7180286991827,-54.2663056420019,-57.8280839858894,-56.8806975000443,-55.5574492582661,-58.9370638575599,-58.9356293586077,-60.3992023692513,-66.4424639273891,-68.274691830228,-64.4758049612582,-66.3449309328574,-73.4706549668667,-65.1715348555724,-60.4042818578652,-57.9195190941284,-57.6356868369776,-54.8797223245717,-54.238111050835,-54.1752937525848,-53.4777980058137,-53.458998032684,-54.4095175527682
-51.3845822164303,-53.0681568013684,-54.8188793583115,-58.3903661066402,-62.6153629157443,-59.9305530672981,-57.749472106571,-55.1135585757711,-57.5546454418148,-56.8673979437759,-51.8470496200363,-50.4766217769434,-53.9825603771913,-55.7540014433651,-50.2305987569888,-49.7061876930737,-52.3644006403852,-51.165971893299,-51.2859106169053,-53.9288749330046,-52.3210256092053,-52.0189989238662,-55.0361833190727,-51.6945068471576,-52.1092513986025,-52.8358373968678,-50.9177923442983,-51.451466139664,-51.1226621036456,-51.3781222885308,-54.2047565511026,-53.1504765819644,-51.0802238903738,-54.6999080960317,-58.3745519118922,-53.5365905436713,-55.3771765352472,-58.6024753814035,-56.9438696245151,-56.6998907105907,-57.8683204198813,-57.3580967426028,-60.9912120610594,-62.7679099981103,-63.9034783870698,-60.9111834015925,-64.1268520197436,-65.2011965690819,-60.4605441447987,-59.0272429651938,-57.074764061838,-56.4595278518373,-54.0713717165448,-53.9465274596686,-53.6959200741857,-53.0086575769478,-53.0610697018112,-53.6287264110303
-50.4090911082329,-52.9494015740681,-56.7644849541072,-60.2373580609098,-77.4672716583372,-63.8362334738376,-59.336542057635,-57.6744422869943,-56.8233757920385,-55.0940418661511,-51.5866259163454,-49.9009598344453,-51.3599907974064,-53.0942203713404,-50.5327444015533,-49.5453328685773,-51.0105453789959,-51.5381497736943,-52.0851322995909,-53.4804259973234,-54.3625588743429,-55.3323998776932,-59.6879614804872,-54.5245076459692,-54.4689418231383,-53.3463878214384,-53.1098458411412,-52.100597688848,-52.2432175213002,-53.8349138534515,-55.4824149416107,-52.7126666510247,-53.3323223261845,-59.4765231913165,-57.3311881710502,-54.8952985598335,-58.2797188891146,-59.4553418765807,-58.160894347103,-60.202403544947,-57.978260354539,-56.9918998711778,-62.0976946548225,-59.8581089063347,-60.3744833650687,-58.9358841229317,-63.6122940014401,-60.1568983367466,-58.5080182028953,-58.3230345043448,-56.7591464098988,-55.3733394011583,-54.0508929164068,-53.9201165179354,-53.2671220270059,-52.8564383111029,-53.0322631345221,-53.1802148817272
-49.6417171801669,-51.6771022274819,-55.8206417037331,-59.3108332250197,-61.0989895479675,-61.2549210492416,-60.7247021301867,-58.8561402078967,-54.5070632182835,-53.5274726510998,-52.7774353189067,-50.7818972816254,-49.5122434870602,-50.5110324209015,-51.4389402265501,-50.0422525801341,-49.8156377251545,-51.406943412454,-53.0825321595244,-53.3285692258261,-57.9990278409883,-64.3034252711617,-66.4598260192581,-58.8664133472243,-56.2134981853884,-53.7309389246358,-55.8628854799104,-53.3511150634266,-54.0627141177867,-57.492136170177,-56.4049147268974,-53.2345273868271,-56.793588670682,-65.1707599321531,-56.7173953083895,-58.0362973440304,-64.215781191326,-60.391068640273,-60.7928500285439,-66.2132548629962,-59.0390695736253,-57.5409162352182,-61.8328646919379,-58.0735845647499,-58.3633571639402,-58.7350566784282,-62.5690021412325,-58.1307590044869,-58.449138899532,-58.3475314262439,-57.0860066845839,-55.1598393442435,-54.864540021239,-53.9933587256967,-53.0641437710826,-52.9251187256166,-53.1557286135237,-53.0669268535024
-49.1218559176094,-50.4192355063626,-53.0529374881043,-56.0123382286826,-56.4665489850551,-56.8428243050265,-59.0641864090584,-56.5746646813487,-52.7369396916743,-52.7752302733992,-54.9691522800095,-52.5402996721971,-48.7150326367228,-49.0730859008854,-51.9076942729164,-50.7412563239713,-49.1224129116313,-50.6554095753966,-53.6212117453572,-54.2432721972924,-59.8193692164586,-63.5529135558885,-69.2337439568589,-60.4779401546598,-56.4201986085321,-54.3590348064122,-58.2300600957471,-55.604351149665,-56.8485087041625,-61.7962040062573,-57.4866423561284,-55.0112995731343,-61.079937427884,-64.4377643236061,-57.265547660299,-62.6514571941067,-71.9776454615445,-62.007478886122,-64.0733512674958,-63.4671969583721,-60.5133693011575,-59.1650018793027,-59.8891805180627,-57.4374679611262,-57.7373340591955,-59.9436048639344,-60.9689122089258,-58.2653229406998,-60.1111109479062,-59.348774392544,-58.2072927074203,-56.1585418535865,-56.258354749145,-54.1223317396157,-53.2329349446944,-53.1400242881802,-53.271167773906,-53.2315274172378
-48.9392697604761,-49.8964746216692,-51.1100414489374,-53.0840675433139,-54.1331146931451,-54.3176143372385,-56.0720388581276,-54.906543547676,-52.7526630530251,-53.4533165654132,-57.8220511162223,-54.8188166851911,-49.298134810907,-49.0225805278927,-51.5626184955917,-51.0680888584063,-49.0119626137451,-49.9108574864,-52.8984105380657,-55.1385096017522,-55.3230486328721,-55.2688756079714,-60.6208534585872,-57.9204934662181,-56.3518295748658,-55.6343591848362,-59.0565709769783,-59.6467651622857,-61.620319710367,-65.0556069394042,-58.9663996228716,-58.4853584648656,-67.9530146911187,-63.7361809361199,-59.1366202793537,-64.2382086594209,-67.2832345284565,-65.3872707005688,-64.5888481517486,-59.5995693223268,-61.5426077906231,-61.9844523456484,-58.1102128265308,-57.8257907655715,-58.1996771670359,-61.8606180707477,-60.1388199952905,-60.3943605932128,-63.9600784049688,-62.0053502031321,-60.3883288265197,-58.4357206320296,-57.5003506741425,-54.4530392568265,-53.8331182541743,-53.4525336187677,-53.3610629073087,-53.5801090998998
-49.3350590878847,-50.2572568877321,-50.3608596539935,-51.2446185315298,-52.6388939274959,-53.0440834420776,-53.8563222334961,-54.3888418736761,-55.0550377975348,-56.5158062655712,-61.6515237944467,-57.7813594351074,-51.4233333631262,-49.9117143871622,-50.615594708645,-50.5717900706144,-49.3110041324555,-49.5165437753886,-51.1702431054789,-52.9884846776406,-51.7619836273324,-52.1813026570118,-55.0952308301842,-55.6778550667641,-56.2400357584097,-57.758544034654,-58.7068793315025,-64.928863349033,-74.1389513426062,-66.2713522031493,-60.9303750905829,-64.2898477955049,-77.9475227764066,-62.2755047834345,-60.6008454639828,-62.8513049570339,-66.7185587809764,-72.6786346355957,-63.9292531290598,-58.7366073245376,-62.0052283093961,-63.1758278692072,-57.3107698900596,-58.9906446472472,-59.2713460013262,-62.9602004121306,-60.1460171590301,-63.8134934858853,-73.3564762461871,-68.2414207093321,-63.5822889831143,-60.8497591242351,-57.7905339532657,-55.1794207985291,-54.7771013155077,-53.9125241110618,-53.5867939705467,-54.0562619324505
-50.7446436276663,-51.5351255177304,-50.6829171913228,-50.4518616387372,-51.4985414256427,-52.242036515348,-52.3641945111605,-53.713187455059,-58.7377240269423,-65.942377233785,-67.6783496725674,-61.3239669854775,-54.2132277840297,-50.2918743230286,-49.1987967733915,-49.4820750319893,-49.665147803329,-49.4313567766938,-49.4547114350677,-49.8990246148408,-49.895227975083,-51.0354973075325,-51.7480696661832,-53.5740215910145,-55.1275516966856,-59.4500435340589,-58.3425931795924,-61.2996739367063,-67.3169154367084,-66.7760967362974,-64.6720615812776,-74.0639382164693,-63.9321643289076,-58.9495318656351,-58.9746782699786,-62.5899969867952,-70.6849099941422,-78.2466354849645,-65.8076223656172,-60.7262456325438,-62.8299511173238,-60.4774013349823,-57.7307486572564,-60.3653370366389,-60.2043577902947,-61.8502278143431,-59.6500530592469,-63.7349589806872,-72.8804941802493,-70.5936810640633,-64.6468871057589,-60.3211777288264,-57.4476856578842,-56.3762187102008,-55.8221144730765,-54.7296791566892,-54.2476218435211,-54.7375020070366
-53.967832291692,-53.8162303547899,-51.890756753582,-50.5065252750138,-50.6552080647114,-51.2922679558691,-51.1179941968211,-52.0763070338063,-55.8935954976424,-61.5993714853923,-63.1560344076188,-61.2533830516641,-54.3419313964324,-49.4591471410911,-47.9001100194093,-48.4755484198602,-49.766312002856,-49.518961848857,-48.4202678190528,-48.1129792921474,-49.3365476530484,-50.9227174239677,-50.0289270557971,-51.6697856718633,-53.3972757699855,-57.3889935793305,-57.6695665942596,-57.0930068555369,-60.0998642713639,-65.0054586205419,-69.7099587448027,-69.8439232041154,-59.5583924017569,-56.6261283731922,-57.1046801878135,-62.6908612960437,-77.0199740541279,-73.3257071076861,-74.6580978333283,-67.6234752011949,-64.6175517694716,-58.5682143199693,-59.5995595324879,-60.731447293052,-60.1806447328927,-59.3599288136307,-57.9653550982955,-60.9284776351869,-63.4939669243425,-62.3646324351156,-61.6493145550571,-58.4436095011475,-57.3031351365423,-57.9530841868867,-56.8981467825919,-56.2651982574158,-55.741125905769,-55.8676232939074
-61.2447969400348,-56.8126157899803,-53.4827037327048,-50.999080412734,-50.0923071050527,-50.1400715529304,-49.905144207443,-50.3589499246243,-51.8167355766561,-53.7585270240871,-55.6015955791089,-56.1759337998986,-52.5407163004456,-48.8135135511865,-47.3814376721576,-48.0089431361051,-49.594549826275,-49.7032871585846,-48.3876855605562,-47.9308615147294,-49.9140631841749,-51.3353296688882,-49.7149514638457,-50.558116062438,-52.064732512041,-53.9110649523428,-55.4175866077534,-54.6553263147048,-56.4411358475561,-59.7671514330435,-60.7153675591979,-59.8855361273457,-56.6190276010087,-55.431828107122,-56.4893733835311,-62.0554633961417,-72.36489048004,-77.6653142820209,-71.968151369952,-66.9916346398108,-65.8949047243808,-58.6159622269032,-62.3915710303533,-59.4670740465779,-58.9917580609079,-57.0309927307278,-56.4739030338013,-59.0762171966821,-59.2262259604349,-58.5200259455307,-58.8892486875924,-57.4539562365933,-57.728479597371,-59.7220095730099,-58.5391629970395,-59.0878210470706,-58.6475138837205,-57.7768766815061
-61.9076784552669,-57.2147078215446,-53.9733500959594,-51.1743759050191,-49.598450570268,-49.0740496433473,-48.8903912206001,-49.2633085060626,-49.6085204014516,-50.1211678966621,-50.9248299226399,-51.5342335638877,-50.9001249449843,-49.1320818065417,-47.9415050104148,-48.2338509681658,-49.3809186261503,-49.9828671774419,-49.5823797563629,-49.5395033234028,-51.6937876083954,-52.1154688946356,-50.7339705089058,-50.5320382152507,-51.3602193117122,-51.2919736801567,-52.4525513307341,-52.9325302263799,-53.879293984841,-55.0905783887255,-55.0366156838654,-54.357831435342,-53.7765414429044,-54.4641284922505,-56.6589644197152,-61.2730419793811,-68.2083622460231,-73.4375846819114,-63.5682860129228,-59.582599892869,-63.8180357918031,-60.5316351742347,-61.8977520138349,-57.9292570534041,-57.4866244328054,-55.6644525326258,-56.0872974596872,-57.8563928488951,-56.7222567437437,-56.5642206615955,-57.1072067510767,-57.3374895753975,-58.6910614399285,-61.3892864998915,-61.7779179526297,-64.5143053835876,-64.0725999842503,-60.5456617611619
-54.2733663236039,-53.7338521779096,-52.286992306381,-50.4276208655088,-48.9133422229364,-48.2399814815734,-48.2600352241828,-48.8042536838614,-48.6620421927918,-48.2955596182376,-48.2194576654754,-48.5130056851204,-49.3902202217873,-50.0778402056511,-49.5481037908489,-49.1330680572779,-49.4286120503599,-50.4041945563766,-52.2076871259675,-53.7839494804193,-55.2174732892566,-53.7113424220187,-53.1098560009474,-51.4744999624847,-51.0070999764054,-49.6547479875912,-50.1072465446914,-51.3753697126959,-51.8395654488195,-51.8518156216228,-51.7822900428536,-51.2037520253448,-51.5790520049438,-53.4404413440695,-56.8682461359378,-60.8029958148905,-63.897931253673,-64.1531694041215,-60.4834960600676,-56.8812429717759,-61.213531638455,-63.5121847476819,-59.2424699624164,-57.39451945426,-56.7067882608281,-55.6046382473689,-56.8371316636772,-56.6314761115291,-55.2604249245878,-55.5339366972441,-55.9415733642586,-57.434200711301,-59.7527234587045,-62.1386497167415,-66.4584753085881,-75.9441732137218,-69.2204004439054,-62.4957410857248
-50.719437054014,-50.4890978091748,-49.8834334653619,-49.0793097358506,-48.07236251581,-47.6379712805003,-47.9960385994208,-48.7215494654831,-48.5728601166017,-47.8426121235409,-47.2465970899485,-47.2316966199472,-48.4425717697441,-50.8265600615302,-51.683230929512,-50.5405376612456,-49.948860692296,-50.9896163662738,-55.6243226627078,-65.7318026261147,-63.3010608287352,-57.2436639645987,-56.5626397185687,-52.5049793711103,-50.6032512502576,-48.8053110631482,-48.6488415432782,-49.910811078459,-50.1818045521581,-49.8035027840347,-49.9025727960743,-49.7107436020864,-50.5744647604116,-52.9950346894529,-57.0813109627267,-60.1126743783542,-60.1874767737224,-59.6572999439241,-59.3957697585468,-56.6036071673035,-59.9165811168329,-65.0242295169602,-58.4388058887637,-58.6102820324871,-57.3514924904872,-57.1140476907241,-57.8307744030837,-55.3865233918674,-54.4930169131213,-54.8954062216644,-55.0722076600408,-57.0230702596387,-59.784620810359,-61.0614812973694,-63.3114285265482,-66.1439946718315,-63.7997731226347,-61.4698302958335
-48.8037735579078,-48.3017525654852,-47.9563569485345,-47.7894677481705,-47.3656943944547,-47.2942262158961,-47.9440203216067,-48.7498060171339,-49.141745854033,-48.7952976115152,-48.129753721177,-47.8835307816888,-48.8359820623288,-51.3427434537139,-53.1250024230806,-51.9457346324014,-50.8530352268729,-51.589000953894,-55.5253638228836,-58.4824854418135,-66.5890648364955,-60.7245853079742,-57.2902534979023,-52.0334391077124,-49.9454774594178,-48.5149848666513,-47.9304814338648,-48.6764095161884,-48.9003740958486,-48.6765727683767,-48.9772588056023,-49.5087188230552,-50.9350806342873,-53.7107896326321,-57.6013288954768,-58.769782031839,-57.7055938622556,-57.2855140393266,-59.2993137903566,-58.0792339001778,-59.840334886594,-65.5101801068098,-60.3960159727544,-62.8977567456047,-60.0973667376413,-60.0768485841086,-57.2755882059913,-54.4446460935835,-54.1483902899926,-54.3147378082908,-54.3073239407931,-55.9368354125276,-58.0081559375616,-58.8497411280215,-59.0869259798987,-61.3559205166043,-61.1151890234591,-60.4624857155539
-47.7846054151167,-47.0887210399716,-46.8328688928954,-46.9557746629445,-47.0365395655845,-47.2852499596764,-48.0011366285876,-48.7760234170563,-50.0344263588015,-51.22091242382,-51.5062091093369,-51.2469401958684,-51.34247610115,-52.328189002964,-53.1731596625096,-52.4483002514799,-51.5680731147115,-51.8550485456359,-52.7042732052335,-52.2765535511971,-55.7772750266727,-54.4976230536367,-53.4298163021118,-50.359657118039,-49.1446554460886,-48.5196254361641,-47.7336031910441,-47.8120030555922,-48.0457492789357,-48.268788526252,-48.8456881547405,-50.3301184676681,-52.7181742816611,-55.8191991146495,-58.0014400849952,-57.3363228745769,-56.3592622284469,-56.2711446022136,-59.5336946337843,-60.9101098029001,-60.2636783170335,-65.9137438801336,-65.5103824408887,-76.3183332264747,-64.5269885886168,-60.5744756623637,-55.5683931661657,-53.9837212952884,-53.9357015079785,-53.6044118605628,-53.5429909973259,-54.5020236713102,-55.4812041985726,-56.4886598328396,-56.8991228272734,-59.1385347222504,-60.8346926971137,-61.5660152706303
-47.4621767575865,-46.8057975147572,-46.6165554673653,-46.8015166100023,-47.2122057373494,-47.6584904947691,-48.2025974473064,-48.8222726028287,-50.4620226334934,-53.6233618243564,-58.4762889518418,-61.9748101334821,-56.5323885962116,-53.3528022340435,-52.3647108600228,-51.8415722025077,-51.4973946719092,-51.5712846500288,-50.6613179846608,-49.8527404668612,-51.5005700948888,-50.030463364946,-50.1147441119079,-48.9100587431945,-48.4426063126107,-48.5494548699871,-47.8562189304431,-47.4042637409781,-47.6753449026645,-48.4260955424768,-49.4505269005845,-51.8931464298253,-55.9492453398282,-59.2089257971922,-57.9132275087821,-56.6071109400765,-56.0468532870064,-56.3432169509559,-59.5666387078792,-64.4895021158126,-60.113163746514,-62.4503792704434,-62.4923170279872,-63.6063158678824,-61.3592135456322,-57.1697949143734,-54.3118101272477,-53.8884840548287,-53.4993625926188,-52.7006554511867,-52.7138376908362,-53.0277689445226,-53.2666653729912,-54.3436308163204,-55.6258738411837,-57.765495584731,-61.347656072755,-65.7116901642424
-47.8485695244693,-47.4900037698966,-47.4117329139611,-47.5218634551709,-48.0091570221882,-48.4257504764503,-48.6325639000473,-48.959557095221,-50.023823522791,-52.2979086923608,-55.4163451605125,-58.1818372804238,-55.5516413319538,-52.5027111085702,-51.1126648237123,-50.8249332722744,-50.8131042128506,-50.8355353395424,-49.5482002360401,-49.1964329049663,-49.364253406097,-47.9761981643371,-48.2817952237282,-48.2345571201505,-48.0518151974561,-48.4394691600458,-48.1039247339434,-47.4572216900187,-47.7899887981806,-48.9937282532521,-50.6753118155577,-53.8126046634846,-60.3263131695484,-63.4370903629393,-58.4071106046948,-57.1506421472102,-56.878998796591,-57.443386780323,-59.1315595257324,-65.3350244636348,-59.3772697068841,-58.5836974337484,-57.7262620002435,-58.5477643065919,-57.1050642131475,-54.796536759214,-53.9018296080263,-53.6974521588656,-52.6064080725578,-51.6900171412994,-51.799741221532,-51.6996732593291,-51.6796850006681,-52.6027663609519,-54.3833427387433,-56.4097337689023,-59.9188895241087,-64.9521439534258
-48.9888968924777,-49.2403492298463,-49.4090779810611,-49.3762288242059,-49.6398606355492,-49.6802350048761,-49.3853846896534,-49.3340977488944,-49.5463053223846,-50.2049687761632,-50.849341768246,-51.2533955134728,-51.0000105550224,-50.4440509781592,-49.7237208585515,-49.7447953564568,-49.8593350364473,-49.8311850319996,-49.1445111189423,-49.7268893508347,-48.6784850316418,-47.7995332230177,-47.9381733827577,-48.475181077667,-48.1227969406471,-48.2344682478699,-48.2705836718146,-47.8418136315891,-48.2706176747287,-49.7394652786482,-52.1111928114512,-55.5021552571628,-63.5513655226282,-70.1790455828549,-61.1114768782693,-59.6023862110435,-59.1700492626459,-59.4878312768309,-58.4893176692691,-61.2703264938381,-59.0349723419682,-56.6616000109196,-56.1946574588845,-56.8268456751232,-55.2047127214488,-53.9833700488596,-53.9571574356366,-52.9081023669542,-51.4480572248378,-50.7679351744729,-50.8691076978293,-50.6405836204523,-50.7218921994451,-51.4171406976316,-53.0509110468803,-54.9217496150039,-57.0029544060985,-58.7368752235457
-50.8400492351866,-52.1872793728631,-53.0254592117404,-52.8520185344155,-52.4934412736744,-51.7144493318284,-50.6815059854237,-50.2186970457242,-49.8487947046143,-49.5719824514762,-49.4432354873356,-49.2844365340277,-49.0409301287227,-48.8985389657748,-48.5409849777862,-48.6473261211204,-48.768797420911,-48.8147358091436,-49.3076422217841,-50.8573435262995,-49.3709279684632,-49.5628348832046,-49.2481773748839,-49.7385642672174,-48.7332546097693,-48.1344079797659,-48.2495655334824,-48.2821418848412,-48.8412211999531,-50.307502624398,-52.9209962650627,-56.1644239612676,-62.2309821134325,-76.2054639729167,-69.0404822488796,-64.7212393164139,-62.6586323424117,-61.6201238445869,-58.1923448653442,-58.0520555002317,-59.667863385185,-56.7959412689778,-57.2781699230215,-56.8256765933544,-54.9873800244824,-54.218288642484,-53.6527891058818,-51.6978074854578,-50.4527436121101,-50.1104816375977,-50.0728311188902,-49.9396951134631,-50.3077237477588,-50.869569776763,-52.0630997861716,-53.6490115466556,-54.7607224051474,-55.3569491352501
-53.1390020989923,-56.2282446836816,-59.3762883302689,-59.3287455621501,-57.172716596664,-54.9265652428864,-52.9325195367362,-51.9523480458134,-51.204108349242,-50.3714995802296,-49.9089835003156,-49.3884111566175,-48.7498818943401,-48.2014200463867,-47.8103690311638,-47.7546503134015,-47.8311601845844,-48.1149835128561,-49.7364360471693,-51.4248630121347,-51.6497108322903,-54.2530137266723,-52.7844531266956,-52.0332611503762,-49.8072828425161,-48.3036748834087,-48.1399649292402,-48.490183985188,-49.1351572666401,-50.3333940952385,-52.4684797990814,-55.3044769501364,-58.8320034491639,-62.5882821234012,-65.4031174268094,-64.1698703623557,-62.5136437824012,-61.7229827745218,-58.5684427588409,-56.849691470851,-61.5282024230177,-59.3780847994549,-61.1633294518121,-57.6636518857538,-55.8376975582287,-54.5467806348867,-52.6421814851349,-50.6939795887486,-49.9129473626368,-49.7977278217744,-49.5743525443462,-49.6605622590708,-50.3396838315324,-50.9713327552029,-51.7748209634692,-52.9654432942479,-53.6956973384245,-53.9916475978686
-55.2936932746317,-59.5285119292416,-68.0899008949631,-73.1424897363908,-62.1421431336298,-58.5492552763283,-56.379588160573,-54.6778485135662,-53.4537241831557,-52.2009329280205,-51.454307974037,-50.5492835840893,-49.3686514881139,-48.2443757490315,-47.6701536781441,-47.361922817643,-47.3889850307999,-47.925179354335,-49.8326088135763,-50.8462485777927,-55.3918774127038,-68.243195010472,-58.9501117588241,-54.2592490206929,-50.8808345196497,-48.6897203465519,-48.0719229565427,-48.374324615527,-48.9270045237966,-49.7288130687998,-51.1021390425061,-53.3626538608039,-55.4573996971235,-57.2106739938167,-58.5440246309174,-58.8563569268366,-59.231912548533,-60.1922380731945,-59.4619795849203,-57.4113218294842,-65.2051588823351,-66.5661989009644,-65.3117677000201,-58.3755384446661,-56.6859574106562,-54.0519715039228,-51.5971950794475,-50.2896697292035,-49.9035343797283,-49.8182677292325,-49.4856722223454,-49.8371349866326,-50.7422012745462,-51.6747388400805,-52.3502685673512,-53.1316380317423,-53.8398135062017,-54.1842240973094
-56.6747024508435,-59.4246409216926,-62.1028083823686,-62.582591350343,-60.0485013787482,-58.4557031590968,-58.7538935533286,-57.2709699367547,-55.7646828470549,-54.3073463012131,-53.1407203325523,-51.8466484728146,-50.288869758687,-48.8504277805492,-48.1147858879004,-47.5685567515063,-47.5421972324433,-48.1647634495944,-49.3150539141926,-50.1177647014759,-55.6945631667836,-57.2284188880014,-56.0693697372072,-53.4281762310431,-51.0684387315653,-48.9761795488219,-48.012487630285,-48.0414544609341,-48.3381229407134,-48.8039027777922,-49.613710701161,-51.2665393935158,-52.697202507309,-54.0314501045778,-55.276163537652,-56.0781381706631,-57.2107606084354,-58.8110590517724,-60.2536190570552,-58.6230840932563,-72.5898153706729,-70.8641961523328,-61.8794356227284,-58.4973125837653,-56.3616024691204,-53.1655151141631,-51.1650607762597,-50.5547023283929,-50.3298484488119,-50.1059726969181,-49.8438997720334,-50.4602850976627,-51.471994058113,-52.8662139788167,-53.8664753726439,-54.3931552973989,-55.3071281035493,-55.8771692334911
-57.2280414090509,-58.2701543556117,-59.0156533416173,-59.251910190553,-58.0918314232899,-57.1448561321963,-57.7305199656107,-57.6754503055014,-57.068676327688,-55.7772275902523,-54.0632517035708,-52.5013169906098,-51.0047379428701,-49.6902038130611,-48.8907295480385,-48.2022431158472,-48.0960739722581,-48.542214674691,-48.7110150542778,-49.9363129676129,-52.0457964818129,-51.9213567077441,-51.4313435376354,-50.9506626676656,-50.19552852941,-48.8934278190181,-47.8986162117453,-47.6931685064303,-47.7483790307364,-48.0320396032168,-48.5926926611092,-49.7137071752723,-50.8024852981382,-52.0758262085169,-53.5212554617074,-54.9363008858553,-56.4652912218608,-58.0442545023406,-60.7153327647051,-58.4602416006178,-68.7408727298743,-62.540858531471,-59.9417099551772,-58.3148700741763,-55.3775403109642,-52.759696498029,-51.5206668277433,-51.3052571430514,-50.9760933526296,-50.5858541384225,-50.6129673660912,-51.4618460949603,-52.5015197073076,-54.3243484673513,-56.2474843608451,-57.1101836619954,-58.5480329532394,-59.4395684292959
-57.2502817703589,-57.2419125599405,-57.6216761090705,-58.3345195216596,-58.2152323870403,-58.0033612588175,-58.0303233450036,-58.2552745023193,-58.1025502354003,-56.5346431566886,-54.1682817975051,-52.3979803043379,-51.2145106869703,-50.3191834815119,-49.5847710613479,-48.976136891573,-48.7803698094828,-48.9062868210643,-48.6065639391471,-50.1868911942189,-49.6540386895152,-49.8703887422189,-49.271513122166,-49.1441294690056,-49.1061388699107,-48.6141490602463,-47.8754307337278,-47.591522890319,-47.548756891635,-47.7883808161781,-48.3283532149134,-49.048767316865,-49.9270779384057,-51.1670449169713,-52.772869863402,-54.8552995941164,-56.6078280786044,-58.1015573904216,-61.6364080237087,-58.020893208613,-62.4466774120415,-60.6551308398754,-60.2921323880666,-57.8055352964202,-54.7192802945567,-53.0739138384,-52.43687289056,-52.1247074010586,-51.6045696428196,-51.2226823832879,-51.6998172341615,-52.7106327822616,-53.7816453226133,-55.6924971616248,-58.6344244215198,-61.6183337182683,-65.1339305881949,-66.5617639052112
-56.6872704878022,-55.9902889234719,-56.2149240302406,-57.4121619814554,-58.9387141272282,-60.8103036860499,-62.7287340042469,-62.8647527953179,-60.4127716810266,-57.1309068087488,-54.0410134031286,-52.0757230561562,-51.1600166899371,-50.7263284534014,-50.1865973743672,-49.9039855484961,-49.670180601742,-49.5126035980004,-49.2087946817222,-50.4253518640266,-48.649845715396,-49.214465201256,-48.570440625346,-48.2933421042744,-48.4114858935202,-48.4973562915789,-48.1971227472011,-47.9830550526979,-48.0013059126166,-48.2855332120586,-48.8894971940927,-49.3970515191101,-50.1656921673556,-51.3701844295356,-53.0401589008309,-55.6090912326427,-57.5543937842297,-59.4006723348665,-63.9407345246006,-59.8653642091949,-59.7761133780769,-61.4889340516698,-60.2394895594676,-56.7298191341792,-54.5134163309376,-53.7516186672154,-53.2699119284549,-52.5935374201222,-52.1160971693704,-52.0487072206834,-52.9946567229339,-54.0546264798685,-55.2081789238244,-56.6783531148879,-59.1744769105662,-64.0608765141179,-70.6397331550858,-73.3896148328172
-55.2247996259914,-54.3391305559235,-54.3299219371918,-55.4316172589044,-57.5344031733638,-58.9711879296345,-62.9131033086297,-69.7154751393885,-62.1746816110579,-57.3166901816541,-54.059691393133,-52.123748146102,-51.4696617666616,-51.4749104179271,-51.3048127664816,-51.4692481243302,-51.2159571008919,-50.6904180331738,-50.4162417039314,-50.4234932125439,-48.6098224861781,-49.2571443840532,-48.8126249822409,-48.3118330976441,-48.3141888288445,-48.7176086085925,-48.9569208315317,-48.9811465248089,-49.2081101798327,-49.5925717824816,-50.1795689127599,-50.727054286002,-51.52994983206,-52.755749451789,-54.4246973904788,-57.1273299171409,-59.4235335923269,-62.4981842323511,-68.1908270217995,-67.8596244898187,-59.5000612327213,-61.7322287654355,-57.7620377257711,-55.4418110145498,-54.3637294802094,-54.056522623789,-53.4221474167612,-52.7122748033052,-52.5978123832817,-53.1336251068836,-54.4359243361354,-55.4463238354205,-56.6786323298613,-57.4679508034292,-58.5545062137142,-60.9381897112894,-62.650170872333,-63.9433983618012
-53.2004054389488,-52.5513302495922,-52.4047530255305,-53.123410115199,-54.6211634934946,-54.5880947178974,-54.9586614794662,-56.9092594602592,-57.5864501247961,-55.8355080439969,-53.9021551359355,-52.681124531271,-52.5565042962939,-53.1525963297995,-53.7515410052557,-54.3629353832394,-53.6967399122087,-52.2647662960067,-51.8234545382522,-50.300805986787,-49.2294636167604,-49.6302751023685,-49.6810729148655,-49.1536466100883,-48.9355763654164,-49.3520015776041,-50.0293381771579,-50.4698493488085,-51.0599424702369,-51.5987679918947,-51.9590978405004,-52.7542977024548,-53.7859715664676,-55.1662735025481,-56.8098845126289,-59.2590045221325,-61.8568197615155,-66.4048932453101,-72.9954035153543,-68.3758388029146,-61.2155834756283,-58.9195646665831,-55.4658925811078,-54.5016472807402,-53.9767587454113,-53.7073376635027,-53.1395312288789,-52.8112365550368,-53.1981910693018,-54.4796904972154,-56.0468693445773,-57.0828524453007,-58.3478707037583,-58.7366265224467,-58.7357724481031,-59.1183473480467,-59.4677493288612,-60.1999533172909
-51.3586921171412,-51.0351244610534,-50.9257090534555,-51.3469411221696,-52.2889244363415,-52.1459977623042,-51.4839706258851,-52.3629407543964,-53.4069834652677,-53.336308376605,-53.0995514352181,-53.4551246750328,-54.5270164912381,-56.4635095864284,-58.9233834274753,-58.9487439825231,-55.8569117267502,-53.1761362440746,-52.7584607017404,-50.1875371464414,-50.3226451077605,-50.2093075021495,-50.8978929669806,-50.858455517572,-50.5306341896006,-50.6622059028777,-51.3583522760775,-52.1259676503788,-53.1239185693614,-53.884410643251,-53.9303751475493,-54.7929232916894,-56.0912490677598,-57.7683398448799,-59.6117130324026,-61.8810153213055,-63.4818200680828,-64.9182516610906,-71.496963604747,-59.8181382063434,-62.4469010050211,-56.5332626988,-54.5302374273401,-54.1713697171251,-53.587435874788,-53.2529510750751,-52.9969710894581,-53.1568887577347,-54.0161588634054,-55.8713193748548,-57.8301309795638,-59.348408003894,-60.9152212247349,-61.4920785355744,-60.5435993482005,-59.1986075289937,-58.5326295332205,-58.4609725237011
-50.070317922038,-50.055205475474,-50.1545497301619,-50.4765022607045,-51.102746321945,-51.4539279345174,-50.5453484943474,-50.6710637259955,-51.2110666814758,-51.4640685898962,-52.1975607373136,-54.3046904269158,-57.5799940208345,-64.1978905156022,-68.5195151773409,-59.4855081617265,-54.9821013471599,-52.8529231212224,-52.8414512923719,-50.2082628659675,-51.73543963181,-51.0962017914678,-52.2736782848919,-53.5722788915459,-53.7257289549692,-53.3125872024033,-53.331121221878,-53.7524563127632,-54.7197230925864,-55.7183440143965,-55.8506444101111,-56.1615617114131,-57.3017678452317,-59.2299688286011,-62.2911381221281,-66.4321679075513,-65.2247443264812,-62.7855334510723,-66.1126203567762,-57.8691474633043,-59.5493801203623,-55.7260878970183,-54.9391650099063,-54.4906145660429,-53.6284828154826,-53.2209613695836,-53.2553713202747,-53.8663701003527,-55.0738581341299,-56.8983946353295,-59.4089454639683,-62.1164626940622,-65.6932194867895,-68.3158729048619,-64.4886410607987,-60.4878225000856,-58.7825469562607,-57.7138385575544
-49.3243575193476,-49.657730297731,-50.1867619860683,-50.6926207849508,-51.2771691226649,-52.3421903569453,-51.6690043783427,-50.9244115272743,-50.6394661613773,-50.7342227017519,-51.9217924122504,-55.2015985257481,-60.2448380592708,-62.8986960650244,-57.7980148396958,-55.0184213667395,-53.0500645547076,-52.3535267574185,-52.4409292720676,-50.6525333397015,-53.114343280502,-52.4994375170843,-53.8762311148437,-57.4144334279073,-60.6442759811758,-58.7836967449625,-56.428594450885,-55.2943021544611,-55.2715612763078,-56.3622575391535,-57.3839083628468,-56.8680979044934,-57.2372232704299,-58.7418515709563,-62.5823629265697,-74.5755210446455,-71.0818938835202,-62.46789832592,-61.2246639415856,-58.8175729301257,-56.8623457574262,-56.3283607141524,-56.4695126657894,-55.4300273420357,-54.363284573895,-53.8153860015034,-53.9717237831798,-54.9455995991196,-56.2935860528085,-57.4613517213779,-59.9466985566612,-62.7972684295226,-68.5672793068375,-75.7632366473984,-67.2598758032514,-61.2595865465117,-59.1773258458336,-57.4013947360925
-48.8868019835231,-49.6409063558288,-50.8774675059465,-52.0546961438096,-53.2332879485073,-55.1902765526755,-55.2173781525842,-53.0278604303922,-51.4295171970978,-51.0455157356235,-52.1431773689076,-54.5150321899978,-55.7039503243994,-54.0186850779695,-52.4851079453654,-52.0975167978822,-51.9618184993175,-52.436812610245,-52.1209035720332,-51.8700946085013,-53.8713656812208,-54.4658273114156,-55.839498023037,-60.4496852961429,-71.7334096555902,-63.5586744794459,-58.1070164020341,-55.7031919394017,-54.5006306278451,-55.3238900501757,-57.6792662845695,-57.1500909883135,-56.35776607523,-56.3397173461398,-57.8575984586028,-61.2847204716261,-64.1775759884335,-61.2582728641764,-57.8550888194522,-60.6471500949199,-56.0384815727411,-58.0314755654065,-58.6469733399383,-56.9641008321173,-55.8987423032065,-55.0955672684966,-55.1535754767668,-56.2357260545828,-57.4346525607758,-57.9898501551346,-59.6024732831272,-61.0633953688103,-63.1305742550585,-63.7412304483973,-63.017159541021,-60.0862430920171,-58.6255322907872,-57.0423357097061
-48.4004463165868,-49.5085099138262,-51.4376697595194,-53.8373826127776,-57.7399549170459,-62.339779721554,-62.0052264536754,-56.8848340551422,-53.1340126486927,-51.9412496899467,-51.9243013442587,-51.7109816458331,-51.0312687088852,-50.066160345622,-50.0103665551859,-50.8360931089079,-51.915864570526,-53.1392916756862,-52.2160191497252,-53.9570049646682,-53.8948885167748,-56.254125931025,-57.4107946726833,-58.4934085004902,-58.2777076285035,-56.6772602633133,-55.2713816247145,-54.2676485846431,-53.0669268422136,-53.2923488292735,-55.789361174019,-56.7525001778192,-55.4282910832026,-53.8843822566333,-53.6732489461856,-55.1581623540592,-56.7559505628882,-57.9005655190008,-55.8547133487953,-60.2589882986168,-57.0781427099583,-60.7721899254137,-60.815495869315,-59.0074777050256,-58.1715466678183,-56.9502831075691,-56.6332613816295,-57.3109530691963,-58.0857080643459,-58.7702679283399,-59.5723434678459,-60.4462234421434,-60.8666064694364,-60.6245324579285,-60.138552553525,-58.5541325857111,-57.3121386034651,-56.3351565927495
-47.5995956745857,-48.7689121599668,-50.6368678387334,-53.2917586071005,-58.718011914765,-66.9120799802318,-58.5156723624548,-57.0589492094189,-54.1108460161522,-52.5592280139458,-50.8769772380079,-49.2463058688484,-48.5441287068263,-48.5691810005151,-49.5580060131072,-51.1864878044677,-52.9650358581069,-54.210940872295,-52.8611146871104,-56.0290381838067,-53.6828685176824,-56.1999741497151,-56.84585959311,-55.8162921656975,-54.8045297738,-53.7392154123205,-53.1730943338229,-52.8855704077518,-52.099245705617,-51.5768385584873,-52.7697511238797,-54.6363487500211,-54.4862504009954,-52.3786395953283,-51.1409932310057,-51.6711983074024,-52.6727911731883,-54.7782747301138,-54.7158894793426,-59.1653983248387,-59.5213674115893,-66.1955961166947,-63.1565499655198,-60.8124864484289,-59.9989583230924,-58.3421538243293,-57.6105362938898,-57.5638975660202,-57.9186101875418,-59.3141499827336,-60.2584404264848,-62.2436736648275,-62.3703416790671,-61.1984529239582,-59.5413894376391,-57.7298169566807,-56.0184463067028,-55.2251509236664
-46.5724035728567,-47.5761171496979,-48.8882729831557,-50.7050782134734,-52.9004444485151,-55.7532441263236,-53.1361260494862,-52.4288174017461,-52.447418473848,-51.9478860276392,-49.6761268603516,-48.0061251882947,-47.8959220115641,-49.1190842313342,-51.293023309968,-53.5514934338768,-55.3588130866983,-55.4581525420248,-54.0212200950048,-56.1272779776473,-53.4561991271818,-54.5267126050478,-54.875920655354,-54.3030752263389,-54.1193001931751,-53.6688781350636,-53.3040187011763,-52.9213545286367,-52.2519782633372,-50.8598976958393,-50.2685628781815,-51.3178857523642,-52.2615553649391,-51.3416813493908,-49.7768044427854,-49.5548858426113,-50.1814231384092,-52.3429777660259,-53.6185303212943,-57.8134715087692,-59.648581692502,-80.2413100198138,-65.2653838775369,-60.3474658618531,-58.713428473944,-57.4178918112322,-57.0097233242123,-56.7486785778724,-57.030772019938,-58.6526128993751,-60.2803349391086,-65.1974140603647,-72.6781818720847,-66.1095206500092,-60.3679943763001,-57.1443490367921,-54.7977670274947,-53.7210077840777
-45.6725909908421,-46.5240175677319,-47.4650283900725,-48.690545531579,-49.5366755987412,-51.3175124542115,-50.3852695407942,-49.2267202505616,-49.7866019646879,-50.0569324867753,-48.6474392605336,-47.8827945661931,-48.813970059736,-51.7194126668323,-55.7667211072124,-58.8356960721596,-59.9533996075695,-57.1702224329771,-55.2731949810187,-54.5557214107235,-52.9798806397759,-52.6110598874678,-53.002202745295,-53.6842035067419,-55.2530825949227,-56.354034552803,-56.3337741108151,-55.065720055444,-53.7559419845429,-51.3337967854306,-48.8879636601418,-48.4687471063793,-49.0429243485232,-49.6205896373143,-48.8955177401024,-48.2073777696672,-48.479847990673,-50.1324086322816,-51.8777606988183,-54.3974132599075,-56.0791310067753,-61.5764921254307,-61.8304216272884,-58.0472337147861,-56.1487834280944,-55.4664133109212,-55.5270804212416,-55.4603991714536,-55.8901074794114,-57.0469398852526,-58.2370816238115,-60.888363674651,-63.9733058782677,-62.6972817312147,-58.5909332795388,-55.3345320059867,-53.1227698807849,-51.8298571115443
-45.2273352691115,-46.0443162349188,-46.9012229535519,-47.8320772732624,-48.1220861345921,-49.0615682926294,-49.0887191942393,-47.6118918491856,-47.7141729792282,-47.8851502501093,-47.7118548885518,-48.477710476767,-50.5957521405205,-53.916712913631,-55.779194379444,-59.3480721996402,-72.2076905291229,-59.2852799876382,-55.3298866396599,-52.393836485201,-52.0089720252523,-50.9252063722407,-51.5374915514448,-53.4461004442351,-57.2719786479056,-62.9934481355248,-67.3609273951735,-60.0154031250143,-55.6618185843426,-52.4650257481443,-48.6062849043792,-46.6986575024099,-46.3570271512356,-47.1983474928447,-47.751040029801,-47.1932126256165,-47.1352419409564,-47.9891796366782,-49.7125546917255,-50.6535808416843,-52.8995518109561,-55.7290390904912,-57.2109183341294,-56.0832582449392,-54.6666999360665,-54.4751649199899,-54.6473830761398,-54.6560506190933,-55.0473564791476,-55.5152227626232,-55.8308426913807,-56.1506601348697,-55.9548377052138,-55.1501007410551,-53.8205921819649,-52.1660266920613,-50.7569264245604,-49.6790528283002
-45.4219017779542,-46.3301759887177,-47.3185563256529,-48.1385641869084,-48.2124568618449,-48.2489479251919,-48.7410031645757,-47.3031088961343,-46.6171750953642,-46.3005630032893,-46.9353099471648,-49.077179326264,-50.8268207731235,-50.5643204383619,-50.391014900396,-53.4196817338181,-60.2533376111999,-56.6416592239538,-53.308171176089,-50.0039224597562,-50.606316922384,-49.5986008794168,-50.4487386695746,-52.8518251287486,-56.3606194202703,-59.5589385701735,-61.120642453346,-58.767244115834,-54.2170260405716,-51.8490658641627,-48.7968833563136,-45.9796434317813,-44.7414997757161,-45.0672161397269,-46.1291291543134,-46.1877455600259,-45.9998486046063,-46.1535598952576,-47.7014210530301,-47.8694151955347,-50.5466952368793,-52.3241666913702,-54.1058533231465,-55.0186685497025,-54.7413802000607,-55.2332943100931,-55.3927750366652,-55.1793210914893,-54.9420362240166,-54.4264089657486,-54.023561901508,-53.1546654551625,-51.9727422547755,-50.8929305466542,-49.9193237310935,-49.0431750688746,-48.2111970275255,-47.5364957579847
-46.3053209664632,-47.4236850949915,-48.734143870135,-49.6763596867928,-49.8015905560543,-48.8280964726848,-49.0665027917837,-48.0909534485983,-46.5688599949472,-45.6484233072154,-46.495080368454,-48.7479693348313,-48.6551251761694,-47.2647782306767,-47.4910121491246,-49.9256340740052,-52.5403907935842,-51.3253199214377,-50.5034008038547,-47.9652303678171,-49.0538309819064,-48.6641663730077,-49.5935635112957,-51.3629896337928,-52.6195154899988,-53.3910270553276,-53.5868463230729,-52.9969464723908,-50.894501678598,-49.13141965565,-48.1759305213837,-45.9952791962372,-44.1907503482824,-43.7437490783253,-44.4994549458256,-45.0849327360752,-45.0776368029782,-44.8650412661578,-46.1275876904912,-46.0347452342499,-48.6576987650541,-49.9037952120676,-51.9019180573699,-54.3639135645745,-56.1565344027612,-58.4282783688791,-59.5122790220544,-58.0370649397568,-55.6483075144627,-53.5235062988403,-52.4258276374003,-50.9720285548961,-49.5076101841797,-48.313430742738,-47.3120377531913,-46.6600965355659,-46.0695161770222,-45.6928019363877
-47.7753708124395,-49.1872083551493,-51.0402721895906,-52.7124747621693,-53.3917233251187,-51.1609937277435,-49.9404879221948,-49.4875634354619,-47.4701333952149,-45.9676346620152,-46.4009930924068,-47.3160079841866,-46.3687447980337,-45.5233420552626,-46.3310136264361,-47.7263777757873,-48.1590256880121,-47.6533076563962,-48.0978531901874,-46.7094962880924,-47.6774108042699,-48.0238997093192,-48.7309444528798,-49.4187098298143,-49.6355147706859,-50.2340961992721,-50.3880122598301,-49.8002937720502,-48.5516371315391,-46.8781522777963,-46.6353238380631,-46.1630474332531,-44.5396651880751,-43.3290288035356,-43.3644114866579,-44.0600715828455,-44.3925557742814,-44.2036674141624,-45.0562203978846,-44.9714880254542,-47.0903563731491,-47.9458319573153,-49.9204898085346,-52.9461709690935,-56.2704137547761,-60.310927661126,-75.0294918287352,-61.8621400141086,-55.7595352523757,-52.2353673104616,-50.5585068183715,-49.064644135963,-47.7807505372341,-46.7398943395172,-45.7610301958446,-45.1462093786817,-44.6298337989442,-44.3763818835561
-49.5574351297112,-51.1891681217956,-53.6621871879755,-57.6535501920039,-61.310382665097,-56.3204805751307,-51.4083841237388,-50.3708752356287,-48.7514252120788,-47.0608335913459,-46.4964645501289,-45.6670117566773,-44.8092177957994,-44.9411594387894,-46.1677154200377,-46.2497822391595,-45.6526672888253,-45.644443817863,-46.484333177278,-46.3572349237482,-46.7459842586782,-47.5382432175858,-47.8012422690804,-47.8194008170697,-47.9240937453487,-48.6840562687967,-48.9252898959034,-48.2781901201045,-47.4246896281575,-45.893077276852,-45.4357499246168,-46.0141509535496,-45.4564700175683,-43.8059675419468,-43.0032764991883,-43.4292465029784,-43.9980946938423,-44.1414792560552,-44.503406046645,-44.606351207228,-45.9268267428547,-46.4284052613665,-48.0197248302924,-50.5326071097345,-52.8687327624694,-54.2928297030034,-55.946032050905,-55.3103411243241,-53.0940700515498,-50.3741468473663,-48.6065912345894,-47.4329983685096,-46.5587569644616,-45.8784868662686,-45.0991744707448,-44.5150017519813,-44.0280950680747,-43.754218557067
-51.4166638131971,-52.9999554329946,-55.4721143819133,-61.2913476023507,-70.0147501717635,-61.3836043709721,-53.3214789601631,-50.1773867330443,-49.1884145964259,-48.3224637289359,-46.6629599339491,-44.5827387674381,-44.1126405912205,-45.2194328345121,-46.4064714637495,-45.4584240838044,-44.6540049041231,-45.067459786627,-45.7965807265422,-46.8256401456569,-46.4407624326677,-47.2200162771867,-47.1060607931117,-47.0108596893893,-47.3698491188085,-48.2282620570801,-48.5291449787955,-47.9550086048575,-47.3832238985859,-46.22956091647,-45.3019059475865,-45.7933118422866,-46.3854487140825,-45.0865959719891,-43.5708909837381,-43.4823755636146,-44.0367063877805,-44.6150431809043,-44.5115747740806,-44.9585287549643,-45.322943810122,-45.5468865721553,-46.534946566496,-48.2209188147686,-49.5708170661802,-50.0387377209739,-50.1730954222113,-50.1515203714317,-49.6804414565398,-48.4245018647643,-47.0401847605457,-46.3050889094581,-45.8883808387838,-45.6479706448555,-45.2671133099609,-44.8079460905103,-44.3760184573556,-43.9750806064477
-53.6591673457774,-55.1332382152516,-56.702210452539,-58.6684668151912,-58.7054354913382,-55.2329892217444,-54.0314518599129,-49.8484161076267,-48.5487757506481,-48.7974710870457,-46.8479684258059,-44.3886179564059,-44.3940313470037,-46.1329309603022,-46.6358199362508,-45.4974523349774,-45.0777879295754,-45.8303642963388,-46.1367280189438,-47.8674945115219,-46.8814270469672,-47.280641777787,-47.0413358405656,-47.1622093372034,-47.8574007755536,-48.6510220626576,-48.9860645957105,-48.7025361097233,-48.3916228383904,-47.9029267147134,-46.4896650928999,-46.0996433588658,-46.9175929550852,-46.8644603381012,-45.1755225199941,-44.4493705833138,-44.7331681637014,-45.5924405523242,-45.177117393548,-46.0402072009293,-45.4211703487964,-45.4867281256208,-45.8102366602421,-46.701194123961,-47.512470771257,-47.7269223544901,-47.3655144074915,-47.3116127578539,-47.2057891556331,-46.8899495690929,-46.110293333015,-45.8273807000122,-45.8678263393615,-46.0899436254318,-46.3052338931949,-46.1619176019146,-45.8624369682277,-45.2321468885514
-57.2735973573708,-59.3615211414188,-59.2560622526478,-57.219639937053,-55.8227979464404,-52.1353732671482,-52.2083776717214,-49.9630774331102,-47.9589152624159,-48.2805588446104,-46.9029152697465,-45.1719491753057,-45.7620176156401,-47.3033885467599,-46.8732762321102,-46.5315592384304,-47.0141564154059,-47.947404552978,-47.6621043870156,-49.1683416305529,-48.1730839152664,-47.9862879327838,-47.8658784806671,-48.3236589906714,-49.2467946796525,-49.8214922988559,-50.3301638332272,-50.6705401092596,-50.5978676308355,-50.9344519681384,-49.2364033986163,-47.3524263067617,-47.337905536425,-48.4596020445708,-47.8511269392044,-46.5534954626833,-46.3616039360564,-47.1446394365342,-46.6712283769229,-47.7209685378027,-46.3466883926559,-46.3655354799544,-46.0362744784671,-46.1481676478195,-46.566457449518,-46.7215240709809,-46.2068405854194,-45.9970592663042,-45.8554367432358,-45.998253976933,-45.8567432123776,-46.0018110308487,-46.4887372555358,-47.2409534695916,-48.3234985781509,-48.9279940777308,-48.9357153351719,-47.8664590936501
-62.6385888403148,-73.3688707464459,-65.3235296059317,-57.5116064107351,-54.6229122874213,-51.2403079683002,-50.1306816771947,-50.1758010151331,-47.9973162959479,-47.5249618104699,-46.7935378661742,-46.9296743507535,-48.144893849853,-48.2037720277777,-47.5302606496963,-48.7667381965286,-50.7759734524332,-51.4813251301989,-50.6884205328483,-50.7249956978307,-50.4597100200284,-49.5439604982349,-49.6741922537299,-50.4384413076125,-51.2357341257954,-51.573927793517,-52.8138312709941,-54.5275223496052,-54.5425812722161,-54.8226440867438,-53.8622050302798,-49.8185919689102,-48.2565007507412,-49.4708869305316,-51.3210877973546,-50.1049623987598,-49.2811016751631,-49.519855573828,-49.2896958005937,-49.6497708417106,-48.2312998371089,-48.2135344749305,-47.294375662213,-46.5845431305911,-46.5617819422069,-46.6642064584437,-46.2299715856622,-45.852364842421,-45.5576658702826,-45.8229819386208,-46.2227062324136,-46.7115547587584,-47.5367713109878,-48.8844258749505,-51.2416291698906,-54.0106984094683,-55.09554638995,-52.4884905910967
-60.1188600398293,-62.4095252999945,-63.2025220022469,-57.2512781330055,-53.2770004393771,-51.2037592888572,-49.0048335104391,-49.889349641003,-48.5782695065812,-47.1564900798443,-46.9568850752259,-49.6253828454102,-50.7481258672086,-48.9164942488774,-49.188277019364,-52.5990912087296,-57.0245854886374,-56.3322982594664,-56.0016392100338,-53.1570708605935,-54.0058265657699,-52.048127017267,-52.3339429276304,-53.1804950057722,-53.2353261822134,-53.5514967638662,-56.6954282433261,-63.334544428773,-61.5882935754719,-56.9633953577058,-57.9323481261443,-53.6764809113456,-50.0884833565348,-50.5446702071165,-54.6762792395909,-55.6940232394183,-54.1333605903828,-53.2898457704922,-53.6021334446745,-51.5971207591741,-51.2168426976914,-50.8147355802885,-49.512737755025,-48.0001251642104,-47.3901096159573,-47.3122816287609,-47.1400690507141,-46.6850615440603,-46.2595531694895,-46.4062955175353,-47.128095027659,-47.7718423648158,-48.6124605117004,-50.199941186148,-53.4027580016436,-60.4959498186136,-70.4035625289795,-56.9045646314539
-55.8314840745341,-56.3913415050216,-56.7498449531621,-54.7392303826352,-51.6233889165597,-50.8704901888654,-48.8201073314661,-49.1562098419551,-49.3075943341026,-47.4752755680416,-48.0231161779374,-52.9480459682296,-52.1336949759667,-50.4218508067158,-52.6944324998732,-58.933759091428,-64.1870998929595,-61.5839173143848,-66.2840554600464,-57.6849508221196,-59.2954629787233,-55.2620445392865,-55.2523205860036,-55.6460875131673,-54.6571221428677,-55.0888264522639,-59.1559702642341,-64.5565065484557,-61.7284482528134,-56.492178522217,-55.3095071953043,-57.6008468545736,-52.9939298723256,-52.3055565228366,-57.3719477223585,-64.7540512705841,-62.2146543535136,-60.1244851981419,-60.754701936,-54.084923279054,-55.3042239251558,-53.3875723403835,-52.1463387158356,-50.3067332505539,-48.9761203267588,-48.4809002189128,-48.6317062060799,-48.3301136292517,-47.9541920465773,-47.8362756641743,-48.5474604259515,-49.0663548838556,-49.5152817864155,-50.4561296536007,-52.3991620804233,-54.9133866885755,-55.4199769445559,-53.0254882898068
-54.019292534506,-54.19970198841,-53.6472213828083,-52.1718058742142,-50.3615038159114,-50.0478003362142,-49.2635864378618,-48.4699344111945,-49.7301889464569,-48.5973389872415,-50.3068608123513,-54.6977020409492,-52.9896939302206,-54.1865332279778,-60.3351680931627,-65.9250576183641,-62.9157521258182,-65.8864952438358,-66.4182605313203,-63.6679920485815,-64.6808197100117,-58.0083129165578,-57.4025973454135,-56.592074390605,-55.3635448706132,-55.7046306408836,-56.2334536923382,-56.0408618161367,-56.0463565131539,-55.9292549914908,-52.790818386066,-56.5808959827316,-56.7432273876351,-54.0151434324798,-58.8105073743267,-70.5902749582796,-64.122427597662,-88.324278580175,-65.3370850749022,-58.371093246534,-59.6358371496743,-55.3364068193219,-54.1023508951358,-53.0694494601088,-51.1994075946868,-50.0318409445191,-50.3582520066326,-50.5619091595828,-50.677361111062,-50.3391082893641,-50.6414890568163,-50.7294807670279,-50.5640902782403,-50.3815424660856,-50.6855020780641,-50.9588606790509,-50.888847007782,-49.7672633869207
-54.0171638168528,-53.8036926753761,-52.4107762656794,-50.7059247708531,-49.8266336805158,-49.3848434266701,-49.8769108632521,-48.1365932235689,-49.675918138468,-50.4184028908669,-52.5162925939884,-53.2258808633866,-55.2959055633606,-65.3600396805361,-69.0453032385744,-63.1780712654613,-61.0274862971506,-69.0945567686203,-61.9292219314063,-58.8551379251745,-61.783025685423,-59.0326665651386,-58.1646554074195,-55.8607269077785,-55.3952532320872,-55.7185886825716,-53.7511018041585,-53.0413405866543,-53.5028628366622,-55.5924075389821,-51.8923063239351,-53.8669064735128,-59.9377919434575,-54.0725806602981,-56.5245596978426,-64.9498801150419,-59.7399093847903,-62.2083081706933,-61.8338393421224,-67.0511250849034,-62.9403232909681,-58.0315780402663,-55.5615514264609,-55.1355350148988,-53.672962739055,-51.8223041317229,-51.9921526525944,-53.0201002529329,-54.4607840229971,-54.513852106238,-54.0152157460498,-53.1656106606406,-52.1251531979032,-50.8466341033015,-49.8585507628991,-49.1746430770089,-48.9121895215373,-48.2771660870364
-55.43431277265,-54.4036897446994,-52.3518058103724,-50.3800418118565,-49.9869881071876,-49.2601968775636,-50.1686413864701,-48.276389180287,-49.3831250341275,-52.3358546973982,-51.673755323005,-51.8928986147657,-61.2847607163032,-61.3188487235952,-60.4712856893121,-62.8605285317305,-59.0695078807177,-67.9042760490534,-61.1378009693472,-55.417043430353,-58.5237487628122,-59.2070905060063,-57.6834850056053,-54.6902630224957,-55.0314206771496,-55.5477778864394,-52.8975731511298,-52.2254742106915,-52.7471584433836,-55.0011925419831,-52.3294216446028,-52.2262690787375,-59.3776129297878,-53.6995649862247,-53.6773362498176,-60.8477511304746,-57.9983922120616,-58.2720728231185,-61.0574735193057,-72.8052617471081,-68.9472494221929,-65.0810523375195,-58.0713164243386,-55.7467027782791,-55.3566460597006,-53.5641373292557,-53.1654352512695,-54.9859822087465,-58.6012667699398,-62.0685446335143,-60.8159376156786,-56.6008028382955,-53.736634764365,-51.6973378265173,-49.7930174249812,-48.552976077989,-48.1032685666444,-47.8602625952792
-57.7145167349071,-55.3192608262059,-52.9511395521103,-51.0515222624772,-50.674109960492,-49.7046423150253,-49.9545397820959,-48.943568748759,-49.1936054904777,-53.0426799693419,-50.0957288915016,-52.0829215539323,-63.7243205310589,-54.7814563931769,-60.8772718187623,-62.2623094091269,-57.7291669564673,-63.1250008201559,-61.1079985371719,-54.5679156151686,-56.9572804064399,-59.1726934491754,-56.8937436650264,-54.26546328058,-54.9159599723147,-55.2698714273537,-53.3161876214592,-52.8871832627101,-53.1645931256121,-54.165232048932,-54.0044433822866,-51.7009268609592,-56.0864326967655,-54.6222898052713,-52.3200554576887,-57.4666060907844,-57.4445582341536,-56.524669608227,-59.9482951337653,-68.368048116863,-72.7173583537321,-66.0555565912651,-60.8975667496071,-55.6311556327731,-55.2511364587776,-54.7229121481407,-53.5243556939688,-55.2321217823977,-58.9182806385604,-63.0928685952706,-67.7324896865372,-58.0124452542405,-53.7592435576541,-51.7946351412578,-49.9239321092722,-48.5412222472127,-47.9406207023646,-48.0535928267825
-59.4621411901526,-56.1780036225491,-53.7986912042642,-52.5432339455412,-51.7214320513159,-50.6648397740646,-49.5691978517969,-50.0748654895444,-49.2889947331578,-51.9642545606727,-49.8182332974304,-53.1724428672277,-55.1860212823463,-53.3917183990773,-61.9153862642044,-57.8915858766311,-57.9448049473004,-58.8047322657505,-60.4001664913748,-55.5105326113516,-56.7390693193647,-58.8126465815544,-56.7400697596612,-55.2314947757279,-55.6210581546021,-55.0961327609324,-54.5993570271456,-54.7339805275508,-54.3932113540739,-53.5877893396713,-56.6816475427643,-52.3204387845973,-53.4970193544716,-56.9976608619677,-52.5228624380805,-54.9818400256088,-57.2995806946033,-55.2978452012244,-57.1812898637257,-64.2452694029795,-60.0774172002703,-56.9709616895213,-57.8442346320418,-55.2024095419386,-54.0452006675017,-54.7967914256555,-53.3031634284261,-53.9220163616692,-55.8870773139322,-56.7173807398481,-56.6753266414129,-54.8213901097946,-52.311465905447,-50.7302627083193,-49.7085897896365,-48.7244084305346,-48.1125492700203,-48.4968416084842
-60.0304406726732,-57.3676439419689,-54.9910043239137,-54.6424203368154,-53.0720916192977,-52.002747758628,-49.5410983682889,-51.2854663372731,-49.6828066017283,-50.2605234012044,-50.811495849858,-52.7081118373964,-51.3812273614992,-54.5800055143465,-55.9917408653534,-54.9136305824687,-59.6753653279121,-56.1527617957804,-59.0379576068866,-58.1079849392846,-57.8034283583135,-58.588963456703,-57.6297178799205,-58.1378775436647,-57.5971942792378,-55.544501571604,-56.3292450489351,-57.4052618133595,-56.1395941465275,-53.8175082250454,-59.044138563155,-54.4021771977787,-52.5867037159511,-58.6209057961185,-54.3318817303369,-53.5310715670044,-56.6597933212598,-54.5332082717351,-54.9799463106189,-57.5856285236328,-55.1201549030515,-53.2668322384799,-53.9040929436312,-54.3139476593949,-52.8185909541405,-53.9143579364471,-53.1332818220418,-52.686538787647,-53.5498716480012,-53.8397528430666,-52.7129575639613,-52.0769080118871,-51.0400946617661,-49.5974706221755,-49.1327761094809,-48.7983120878994,-48.3688465946086,-48.8866338322704
-60.9974912967048,-59.7857236049237,-57.343633748762,-57.1936880132249,-54.8138695476783,-53.1553936325725,-50.2352582130318,-51.8181646487587,-50.3071930615001,-49.0101570971665,-52.467014246215,-50.7372227778037,-50.0983212868878,-57.1955805799683,-52.57120788292,-54.3334954468495,-61.4665790065741,-55.3965026873002,-57.8635508924833,-63.1531984954535,-60.2299732796223,-59.3665114231473,-59.8946186187965,-64.0357197302924,-61.5514974352329,-57.1416578933485,-58.2927366118913,-60.0391287760065,-58.1407898058833,-55.3129146848597,-59.6116092450916,-58.888694709396,-53.7183157041676,-57.7212802781223,-58.3444767064332,-53.3495678794876,-55.2874076665249,-54.5645968924198,-53.9781683533492,-53.3732846066009,-52.6042329345828,-51.7143351431007,-51.5837885678611,-53.0601029610562,-52.0070274963339,-52.7887280656787,-53.3446180727873,-52.3989050234685,-52.5672722269401,-52.8218316340473,-51.339149335467,-50.8202500453131,-50.4808362530895,-49.0840125396503,-48.5691709752169,-48.6375118898788,-48.5163886222955,-49.0239174828466
-63.0240213168788,-64.9688509176125,-62.6774095070412,-60.2035214461321,-56.9475324291289,-53.2723647570852,-51.6888181964783,-51.3542646439514,-50.982046945394,-48.6374499658615,-53.5604894460412,-49.5949436160637,-50.9188306242414,-57.4226478718359,-52.0965915160168,-56.3125563699859,-61.3103825516483,-56.7272733185906,-57.5658088294585,-70.2384351137625,-63.9498522656059,-62.0719570856817,-64.7438377934934,-69.1444190896804,-67.7110610295968,-60.1089001015508,-60.5035075511163,-61.2007575355168,-60.013679635313,-58.4926362160075,-60.019323682698,-70.5334883604414,-57.7973273322915,-57.3361195292796,-65.6456983992908,-54.8213977090361,-54.2218600197178,-55.3062231184965,-53.8516473700199,-51.2964708143196,-51.5717474779523,-51.450003440775,-50.5049802222335,-51.8011732293167,-51.6655538422218,-52.0341732347414,-53.9470745721859,-53.3372092823713,-53.1125920186809,-53.3238111544433,-51.8250979188343,-50.8975642970682,-50.5242200747209,-49.2168345177813,-48.2767729179499,-48.3016650004387,-48.4782179602751,-48.888934010207
-63.1155441203797,-73.0941975101454,-69.5144666215285,-62.4241714931193,-58.1822722950068,-52.5944282860616,-53.1714522716845,-50.4849932713881,-51.2408065085299,-49.1864712251286,-52.6911398801023,-49.9286670987322,-53.8113409875675,-55.0925798221718,-54.685529767456,-61.5554847527977,-60.8851466139316,-60.6634733908692,-58.522575185517,-62.6670073919022,-66.6091027686443,-67.8209659354501,-69.9270055763114,-64.0032484229871,-64.158228174379,-62.8249077511877,-62.2648665704981,-60.3672463542531,-61.2221192696701,-62.8723567992892,-61.5324250194603,-68.0812010107834,-67.8355035275427,-58.8341013404021,-62.1546625307102,-58.5491592128939,-54.3660480853743,-55.9909086811139,-54.1247374279858,-50.9626443534273,-51.627155385305,-51.9301504607768,-50.3669736626371,-50.8269747014755,-51.6455976577297,-51.8313505277391,-54.7674298104926,-55.6114805297015,-55.6772776140949,-55.8020171559635,-54.1663320280538,-52.1097496857699,-50.8454126055374,-49.6709088110337,-48.2890086297706,-47.9550705788509,-48.3122950435594,-48.6260792717412
-60.1382377232758,-63.7084791756117,-60.0502064470735,-59.9977545300679,-56.263553260588,-51.9656506577639,-53.0258529265206,-49.8081639367145,-50.6666470548373,-50.3713261694039,-50.6003034696602,-51.7387962047208,-55.7237240203563,-54.0024620762302,-63.4572506902304,-64.6693006279053,-61.7635753463756,-66.3481705457886,-60.8514655560187,-58.1764350374668,-64.0995586399393,-66.2147162362429,-61.4334412716503,-61.5836374445248,-59.5912602992242,-61.8351641226512,-61.9074455417214,-58.737844576103,-61.6156494176751,-63.3378062129035,-62.2970625935031,-62.6343326599671,-61.6239021275023,-62.690951679676,-57.6849253085701,-63.6281362539151,-56.2904588458373,-56.1633794199193,-54.6507608011575,-52.3726217690055,-52.416555146171,-52.4401096963939,-50.9640404068589,-50.2820716224549,-51.6684347709657,-51.9057955092993,-55.1206974245868,-58.4906670782998,-61.2988383330191,-62.520813137439,-57.6943888919402,-53.7359690137054,-51.0150525931536,-49.8890195979001,-48.4918271993999,-47.7735676449427,-48.1538770448549,-48.4302290501556
-57.7319537804414,-58.6174520897916,-55.7203350319798,-56.0819169338032,-53.2722244120645,-51.5521975128006,-51.3707739227494,-49.541846313654,-49.6545910371676,-51.4509741105038,-48.9876598966973,-54.6974565907152,-52.7835425992424,-55.1005765063406,-63.3740313507061,-61.0553502337196,-62.9131223634105,-63.9771076600223,-63.9171312171885,-56.3152743563142,-60.6490973165731,-60.5564698957627,-57.1182219070563,-60.7627968776773,-57.5444941461235,-59.7395530994426,-59.8720143276255,-57.4733960782059,-60.9356898214476,-61.3678465689417,-59.6227847232739,-63.142172112307,-57.214639653883,-71.8460231523196,-56.5549194585082,-62.1716632771939,-61.0121608894709,-56.9208753570927,-55.8571806944082,-55.9284035191585,-53.3642623276143,-52.3217223055942,-51.8967092094188,-50.2170482187264,-51.4830370196475,-51.7297054971839,-53.944944548911,-57.9099021949705,-60.4789626388912,-63.8485331995013,-56.5544630583672,-53.8042702034345,-50.7505422109629,-49.5463154915575,-48.7252839339466,-47.8914228907587,-48.1523412350965,-48.4603187987209
-56.3891598971633,-55.6141117118104,-53.6422967497562,-53.1923592096113,-51.0782560933796,-51.092070442801,-49.7408904674651,-49.6275964178762,-48.8919154369552,-51.585116571669,-48.5577584883292,-56.1628180671268,-50.7849777005764,-58.614231154282,-55.8725648937505,-60.816785452515,-60.9662774247748,-61.3600609577124,-64.9368402754911,-56.1009687588037,-58.3111616483768,-57.7700135409163,-55.5794673870032,-60.2533106982722,-57.0946881138457,-58.0147938469509,-57.6244656330174,-56.9601804369315,-58.8768914999701,-60.2760327592106,-56.6256313398004,-66.3092891576739,-56.1960234045113,-71.9566121512799,-57.7639788701679,-61.1800220213192,-74.0016131092677,-60.0042334823418,-58.4019111526916,-60.3475213617173,-53.8478399427592,-51.8197833712067,-52.336384683237,-50.6096368646314,-51.069031593837,-51.1771696973558,-51.81500397641,-54.4539517371006,-54.4278424669363,-54.9174341560204,-52.8498674348783,-52.0650068533145,-50.1998467557958,-49.0131973875872,-48.9421240282817,-48.3989215343502,-48.4507910024574,-48.8318800694562
-55.5528133233095,-53.6606359085589,-52.6382900145819,-51.3893907784938,-49.8935810730029,-50.5142283634628,-48.7691442050439,-49.8244863247299,-48.6823376256779,-50.8051646577929,-49.403032184852,-53.4860266751101,-50.9542324437511,-58.3672840643474,-54.1788218797248,-60.8426182776275,-58.0858362682821,-60.309196809292,-62.8492613334254,-57.1645641207553,-57.2716061156975,-56.7071562012604,-56.1051646576449,-59.4490904564809,-57.6763914997241,-56.6647931777054,-55.9332177776875,-57.1454974063473,-56.6764583350073,-59.0026001159496,-54.8837726668558,-63.0377910048394,-56.4237589950683,-62.0516727809757,-60.3373569017291,-64.1402601136748,-68.0526424340365,-68.5687240304566,-61.8474546702856,-57.2912830250159,-53.973227194107,-51.7200729299518,-51.8950868381065,-51.3264093256325,-50.6304116955861,-50.6543390266628,-50.0540776098625,-51.6026382846356,-51.2088255536231,-50.9600218187605,-50.5889133594042,-50.4113064424321,-49.7708981202643,-48.8950763958167,-49.3249446513114,-49.3782873019257,-49.2053288054816,-49.6497610772404
-54.7706110461673,-52.5157355445229,-52.1812228573374,-50.516342238118,-49.6006000274966,-50.0508348539573,-48.611642320456,-49.9328440602998,-49.0438843590528,-49.8427576580785,-51.1519490463631,-50.7264766618145,-53.0943934641265,-53.6278190169864,-55.3154832670617,-57.3727732521269,-56.8743095405687,-59.5713088243712,-60.3926230410903,-59.4628498491946,-57.5684899035807,-56.8011336738862,-58.5327923344471,-58.4612966940548,-58.7418848100982,-56.1493642154043,-55.3264375143724,-57.8337760742838,-55.4980761610845,-57.2598217230951,-54.5346423229962,-58.1983508894962,-56.8125583716241,-57.6049570676497,-61.1856523756919,-63.3366613680321,-63.0291283200861,-63.2814080772227,-61.0100738367229,-54.2915920415527,-54.4499884334149,-52.5774397169043,-51.4204124210499,-52.0687101122846,-50.415189827743,-50.4241167583256,-49.1641294276049,-49.7334358885129,-49.6053136669555,-49.0712938367772,-49.5723446838,-49.524237902998,-49.7985044113942,-49.5768042952691,-50.2203106984932,-50.9683958815051,-50.6428894671078,-51.0509422683792
-54.0833595830302,-52.1480913871987,-52.0528302374984,-50.4435869876219,-50.0505091143256,-49.9371385781213,-49.3340119200984,-50.0771114846828,-49.9535693887809,-49.4005946234206,-52.6904247585849,-49.473017202851,-56.2850168353391,-51.2438113252243,-58.9051707301813,-54.8263267357676,-58.0650841920943,-59.6392216511892,-59.2049721310951,-63.394008447205,-59.1912260669283,-57.7334426197949,-62.3862934645763,-57.7749036133891,-59.9117914163758,-57.0697916866748,-56.3270818022592,-58.9339279966846,-55.7573082244738,-55.8778193457459,-55.6507834136711,-55.1013960637424,-57.535862936311,-54.9463547481656,-60.0950506385362,-57.3239386168118,-61.6143059034181,-57.8057569436603,-58.2856440588368,-53.9680262560716,-55.8841798430365,-54.7135810886562,-51.8213841895345,-52.5110980107505,-50.5926408308767,-50.3856587380654,-49.1689296328235,-48.7499088567894,-48.9686591201273,-48.4548927747549,-49.3668816733039,-49.3806131738115,-50.4267247628984,-51.2066219514872,-52.0083704136156,-53.479043065413,-53.2035123645422,-53.2588975365981
-53.8365753019502,-52.5398300699293,-52.2250544673375,-51.0375352840078,-51.100631804609,-50.3203255698827,-50.9440359136245,-50.6209580804401,-51.493992505743,-49.9903226067586,-53.2925422047418,-49.9057994434367,-56.8063155917365,-51.1379010288816,-61.5356423891845,-54.531930126816,-63.0858726242695,-61.8794946369583,-60.4486967807418,-69.9437557453198,-61.6947613513282,-59.1469988937244,-64.3078952471587,-57.7291277389638,-61.3204780067522,-60.2380314765885,-60.0254098688059,-60.6781300921761,-57.4437893450699,-55.2785651473492,-57.8061166378907,-53.0543663219727,-58.2623622084625,-53.0907168481708,-59.0217005137694,-54.1254965087377,-60.4729438010364,-56.2352705677017,-57.5652172301315,-56.4910103269021,-58.8109656056724,-58.0092686260075,-53.6193065926868,-52.6836328582417,-51.1985231168226,-50.3829767788369,-49.8877080235079,-48.606635721147,-48.9857339446788,-48.7725053695251,-49.663183726219,-49.8445796405749,-51.5317835123648,-53.5504016284432,-54.9128852123603,-57.6624874981684,-58.0846938149219,-56.6068858396327
-54.3155641385571,-53.5989362332002,-52.7387823855592,-52.1404405290464,-52.6101750807233,-51.3565509635075,-53.3360384413853,-51.9043040530805,-53.8376957597306,-52.0360623479326,-53.7960659411612,-52.2203865245722,-54.8170882078833,-53.1146302210481,-57.2416176584463,-56.3968255513791,-64.9879102039741,-68.6492324850918,-67.6626353345678,-77.6132329800923,-62.6254321954214,-60.3103174666549,-61.5147803463971,-58.1699149066934,-62.1872203646584,-68.8865884694161,-73.6682576489418,-63.2030856973434,-58.7821361799425,-55.4320441855858,-57.3259833707045,-51.8226886328168,-56.0973194487869,-51.6856209470221,-56.7084471221912,-52.7784238220157,-58.5703067864987,-56.5533693419988,-58.9137594851835,-64.0977937558618,-63.8934749548284,-59.7129687316415,-56.9713907049122,-52.9442671339799,-52.0769470845549,-50.5287816775872,-50.9492093911172,-49.3043663587077,-49.5660712501492,-49.8474434831344,-50.3213001630857,-50.8078373431911,-52.5929718966631,-55.3460281729096,-57.5547521103338,-64.2841013072041,-72.3553576465684,-60.3720589678493
-55.620757501452,-55.0783829010784,-53.6272646525578,-53.6124645319619,-54.3596717846106,-53.2722351106434,-56.3074925561401,-54.1943109007689,-57.0479419491896,-56.0721094340367,-54.5524698242065,-56.775013899829,-53.3169233072483,-57.1373784937971,-53.8787503036489,-59.5734857417857,-57.3814956814711,-66.7591186000614,-66.5234040544816,-71.3488542351559,-60.042894367936,-59.9160140476373,-57.3200641136669,-58.1472378929715,-59.4581939707697,-67.4231164226559,-62.5854142857071,-62.128917567693,-56.3711555373142,-55.6614136895086,-53.5897298046667,-51.3806156405996,-52.4746325892405,-50.8157927764009,-53.6570204133306,-52.3562012829734,-56.336309645848,-56.6144364861744,-60.2125866325814,-65.2545752630799,-65.7410044671171,-57.8678157772545,-58.6772027837797,-53.4769449047465,-52.8734428971764,-51.0999719071389,-51.9272780300883,-50.8747297247375,-50.8228913223632,-51.6306360088164,-51.4319684825267,-52.2362297511256,-53.0684185212716,-55.2359055658707,-56.2952033505395,-60.435467186163,-60.7865904677111,-58.6863442554954
-57.4727917983249,-56.5411560574535,-54.8762215680357,-55.3969617000962,-55.931895813091,-56.3649363929428,-59.7417540399173,-57.7249354008713,-60.8257798066584,-62.8575846608302,-55.2508056283769,-63.1027546015725,-52.8030928885386,-61.4544689567194,-52.4660639541278,-59.9817598720757,-54.0302315540701,-59.471564762646,-56.8148753825315,-62.0965482728636,-56.7150551628026,-57.4595482841581,-53.7369323350143,-56.6060222222577,-55.3098727743014,-57.8916221582512,-55.5423805576905,-56.4536637166147,-53.0304594824616,-54.1848049722367,-50.5071738711642,-51.4071496017546,-49.8395813994481,-50.6103505989441,-51.3307555482644,-52.2441226538399,-54.2194966842278,-55.0819177150824,-57.6336170006857,-58.2165117707034,-60.4193678419827,-56.176802284894,-55.4732478605117,-53.9638724306873,-53.263037277276,-52.2118671664169,-52.7706686373096,-53.3849046254225,-53.0797054237855,-54.3025729111677,-53.3215548222121,-54.1601281760547,-53.2664371078956,-54.2846124223806,-53.9165980368946,-55.0715509083264,-54.6772255533083,-54.6194161743406
-58.7039304770806,-57.5600167160365,-56.3984815179936,-57.4131661772215,-57.0665657500339,-60.9960994285721,-62.6134778980361,-62.0898434653748,-65.4470342943683,-68.397185641427,-56.4974955228794,-67.9281353810265,-53.4591386103977,-61.4505911716124,-52.6917643478695,-57.5060436454604,-53.0754625989815,-55.6506158791548,-53.058121967636,-56.0356474674945,-54.0499883237187,-54.3406064349892,-51.3328460905116,-54.0007245552737,-52.113098281274,-52.8293113587407,-51.9422378477888,-51.8442279582775,-50.5528894896793,-51.0973767557281,-48.5837767272651,-51.0205059044871,-48.3280480625315,-50.9030359366438,-49.9866629071209,-52.3283805240323,-52.6254873254237,-53.7701726128532,-54.8985409436817,-56.3645423790705,-56.8238282754193,-55.3048256144538,-52.7648070697926,-53.7788713661145,-53.2005882832954,-53.5578813896989,-53.738304825153,-56.8625214502194,-56.9932649994472,-58.6534793652133,-56.5272298379142,-56.4171033483854,-53.8080008198612,-53.4559418411057,-52.5784722968814,-52.2265580511602,-51.8952023847199,-51.8582832930716
-58.232211670627,-57.9588643312531,-58.10233552747,-59.1895726115573,-58.4072540413064,-67.4098530327605,-62.0126407294302,-64.2021697560313,-77.4895170182669,-66.6304020830993,-59.3938489990236,-72.4577673931162,-55.3982098375813,-58.8739607688935,-54.4425298249816,-55.0903422234751,-53.7448018170662,-53.3918794548868,-51.7836052250748,-52.4331721943348,-52.3014994971207,-51.7600095526622,-50.0721509813379,-51.3430649022143,-49.9683836822846,-49.4690620173448,-49.6258169375001,-48.6908755180485,-48.7945722794657,-48.2697872361514,-47.5497030104092,-49.7155927017679,-47.634080261874,-51.2103327813394,-49.4343001841362,-52.8731083420257,-51.9996733449295,-53.9573325111513,-54.0252185088723,-56.4426195955426,-54.6330912359383,-54.4217106752483,-51.4818496708794,-52.839076242707,-52.7341434756991,-54.2751617328812,-54.4803260490973,-60.014534067396,-62.6245985263746,-68.03489009116,-60.8673559939301,-57.7045817915308,-54.5265515080054,-52.7998013169018,-52.1194865510019,-50.9101510217266,-50.6748427128295,-50.347093406771
-56.9463598030204,-57.6362279226543,-59.8590602005178,-59.9679893153598,-61.3632905023386,-73.8037796879096,-61.0810670912779,-65.2529077357755,-67.1780563964294,-64.9677118093071,-61.2418862939744,-61.1563101785659,-57.9351831963507,-55.5583324788055,-57.6518175111712,-53.2968406629416,-55.5880977603687,-52.3824608787587,-52.2809050094068,-50.7231475211074,-51.4748908227402,-50.1136038592602,-49.7455421616011,-49.2226236117405,-48.6352032516664,-47.3505873704498,-47.995608581616,-46.701235944571,-47.4687468087294,-46.3541088508742,-47.1109402978641,-48.1386571020033,-47.4705840251113,-51.1981964666637,-49.4609697976519,-54.1915308194226,-52.7984307821305,-56.2435104952224,-55.2428864874901,-56.0061311804769,-53.2914246635928,-53.0373818054851,-51.2423396677085,-51.658552175122,-51.8969639768855,-53.6786218066263,-53.8027956209435,-58.3958925080653,-59.5280700542766,-63.533445445797,-59.4899301807504,-56.3979416875986,-54.3986293271821,-52.3506289422167,-52.1267866124276,-50.7501892434708,-50.5648603315403,-49.9503694358972
-55.6066665727761,-56.5783027721517,-60.2501216078848,-59.6748704533653,-67.3307858256111,-76.9052341086689,-63.6379396548827,-74.1675303789932,-60.1687477995909,-63.617121057628,-57.766069835257,-55.7911860815482,-59.6479580269075,-53.2597929702693,-61.8010154426221,-52.797933019665,-58.1370136064062,-52.8436830539233,-54.2686139150277,-50.6206117486898,-51.4409167113812,-49.4688276006216,-50.0839088576377,-47.9460543240843,-47.9162673622972,-46.3429749735125,-46.8717753486885,-45.6670902389217,-46.4164243910473,-45.3284847579808,-46.9361495308294,-46.8330880981219,-47.6270597484574,-50.8590373432217,-49.8572008470826,-56.606891518307,-55.6087189813593,-62.0213869183801,-58.7081253422328,-54.319365852732,-52.5332806613033,-51.6085513771083,-51.5656749376474,-50.6373794225518,-50.9172748274171,-52.2300707179705,-52.0185006945828,-54.7096662309142,-54.612888678369,-56.1904886807189,-55.1683355025227,-54.1078058327133,-53.3159701602595,-52.2790755852034,-52.4343045102447,-51.6655495074656,-51.5351504424591,-50.7483880740209
-54.2419452795352,-55.1215494513355,-57.5480858874136,-58.4123003887841,-62.6635837636588,-70.9313065496371,-72.1711876488585,-65.6670188603156,-56.9364056421957,-62.4550775713106,-55.3394378782323,-53.3965703524302,-61.4248042036743,-52.7634633590172,-62.9171003888162,-54.5532293681329,-61.2118435121115,-55.3362986593425,-57.106462655197,-51.8479507169125,-51.9336589976693,-49.8064780248109,-50.8175935946624,-47.7160963331091,-47.7524661649535,-46.3933243689145,-46.2422765021217,-45.4215865201316,-45.6074050857058,-45.0114669207632,-46.6659633095616,-45.8366122284511,-47.9286155687227,-49.9198467174731,-50.2511599943912,-59.2200323289494,-59.3580020807914,-66.1812911824606,-60.0913723771514,-53.0377167560374,-52.197875408644,-50.7054523740393,-51.7752629067399,-49.9823043870155,-50.1492652161988,-50.7482996205374,-50.524124384772,-51.8826798005831,-51.8170068310381,-52.4780026741078,-52.4189274751912,-52.3034000148476,-52.301107982006,-52.6329490542694,-53.1917500190963,-53.8149349046964,-53.9538256391339,-53.13574510211
-52.9825174055121,-53.7014418752137,-54.2648994940683,-56.2211766546539,-56.5389784276579,-61.856998470923,-59.3009051452062,-56.6919874019759,-55.1154440806081,-57.6689983473405,-54.3530865222614,-52.4249479544372,-59.3628502729635,-54.3488712984944,-59.1249442265186,-61.4918532441384,-66.6275627286687,-60.943231731853,-58.4677145600309,-53.6151054341816,-52.6464672964798,-51.1355030336764,-51.8452407877895,-48.780927209142,-48.290924877155,-47.48453522445,-46.1452639779721,-45.7675291255134,-45.0781282193631,-45.1536983837333,-46.0951241925589,-45.1000435858311,-48.1506942052633,-48.3115022617216,-50.182181146562,-56.5925734107634,-55.8334691153816,-58.3809018493273,-55.8293537572708,-52.8814516640262,-52.1565775549995,-50.5706148714222,-51.3961352899434,-49.8470953447545,-49.8410756587185,-49.7344501128227,-49.8516976607678,-50.1031853260704,-50.3758785007506,-50.4464260544222,-50.8869125527883,-51.2039755217786,-51.7560935446035,-53.141777432437,-54.3766592859987,-57.6216161154529,-59.2128568623983,-58.3391436136549
-52.1373507773953,-52.580688714597,-51.9802456442504,-53.8219833546269,-53.1127663577047,-55.7453111549564,-53.3264652520596,-52.4011905443945,-53.5184987274039,-52.4536568768927,-53.0880096755257,-51.8850605147239,-53.2958910074795,-57.4616494682566,-55.7483564136254,-63.184028898802,-74.7134462601287,-61.2725257568131,-57.001782055548,-54.5827334244728,-53.4859376476785,-53.6838443153756,-53.4957303619521,-51.7055181116439,-49.9040113523582,-49.5140688329498,-46.5563678473661,-46.3861095074391,-44.8538496882345,-45.4403650152271,-45.325913715956,-44.7106350796417,-48.0393406928527,-46.7702824473995,-49.7208738388211,-52.3901143425706,-51.9240284051413,-54.7536011002763,-53.0652584185788,-53.6895021426759,-52.3378722506947,-51.2398240343894,-50.819613021517,-50.3400646407987,-50.0965539330988,-49.4435708665699,-49.9875263349287,-49.3129492804026,-49.8985972204842,-49.578359383063,-50.1944987962348,-50.7194473311414,-51.466277286924,-53.2808273664874,-54.9197905718125,-61.1303254460054,-70.5143088273298,-65.1957559459822
-51.9126891634938,-51.8809586274408,-50.8143602157019,-51.8731036332929,-51.1717589435087,-51.7386860152971,-50.2957193732291,-50.1796679110511,-51.6538099431928,-49.0504500466912,-50.9669446766274,-51.2804710287172,-49.2908610852748,-55.5179372138195,-53.4726067353024,-53.0982663676359,-59.0896704381127,-55.0343390255707,-54.5234134092273,-54.7574441991699,-54.3487704777384,-57.9798166904038,-56.7708968236338,-58.3306731613654,-53.0209020364341,-51.5288661948851,-47.2014846949775,-46.7792720350689,-44.8922684271368,-45.5382853298868,-44.6310285470018,-44.8124722000636,-47.5165202749438,-45.9516506452076,-49.4401395717224,-49.9145799412261,-50.2946892415228,-53.2216362416176,-52.2099533748365,-54.7638290211543,-52.7822763692007,-52.6058357302835,-50.777272538751,-51.4742947446995,-50.9532717146933,-50.0291054762561,-50.7576755558166,-49.5195273720376,-50.1892457151129,-49.6855879589402,-50.1696142987844,-50.73102424591,-51.2251761657731,-52.8443614625037,-53.7660298819591,-57.2852868962531,-58.5754648163453,-57.1335972778332
-52.3220788102645,-51.6686357942728,-50.6320705099431,-50.6057880136656,-50.2085686973291,-49.3509896006415,-48.9205855470659,-49.2224735298272,-49.8141382570162,-47.3159637172432,-49.0059735679152,-50.3915735526979,-47.2529546700356,-50.7850425599214,-51.4457471406079,-49.2145252924052,-52.4554456541284,-51.249730407364,-51.7972151228651,-53.8015961676845,-53.8719493917596,-58.2193953899478,-61.1197378857665,-59.9536991564904,-54.979929919391,-50.9567334760449,-47.4313083406643,-46.5215290358552,-45.0771331019311,-45.2922297287163,-44.2602356185315,-45.4626357532951,-46.8145630483912,-46.0629076292187,-49.7248197834442,-49.1195414657901,-50.5459322555328,-53.023659601783,-52.9195690391313,-55.1912713705432,-53.6213678998303,-54.3429890657097,-51.7378474360375,-53.1461833292207,-52.4777057969937,-51.6609749226204,-52.0135293009946,-50.8170797643186,-51.1335499248669,-50.674147195797,-50.7536044977822,-51.1430774917845,-51.1950959437007,-52.2741721554466,-52.3007766532304,-53.5995710965864,-53.7394682979495,-52.9874286230193
-53.228506664818,-51.9982697260278,-51.2615446288473,-50.070049006966,-49.9827853883299,-48.3400832718729,-48.7197729137983,-49.010663252889,-48.444953270359,-46.9865924203065,-47.718948931555,-49.0284864031818,-46.7241327795957,-47.6681239536532,-49.1840237942388,-47.4810840048887,-48.4011484697518,-48.6220475479351,-49.1510170147025,-50.5526364969574,-51.039984328121,-52.0263935522029,-54.6528272814945,-51.8639668919483,-50.8509053067858,-48.4280612252205,-46.8286614619623,-45.7380215618724,-45.2832537230637,-44.9070500238248,-44.3952921014672,-46.5670739682588,-46.3312550248005,-47.0529869172745,-50.6029728605952,-49.7690484615348,-52.5712815987397,-54.0265895010555,-55.1757640891392,-55.1190889368158,-54.9868511497754,-55.8820880467854,-53.9327918897666,-55.2489065734826,-54.8885956212485,-54.7044665688737,-53.8666530534893,-53.4116788175779,-52.6435225042988,-52.421377520587,-51.8839909445093,-51.901322973637,-51.7212766842875,-52.1547067403488,-51.8359497039589,-51.9148662756548,-51.794990636738,-51.2506765354639
-54.4916394815095,-52.939161241521,-52.490276488449,-50.2934421263666,-50.3497252173073,-48.5594370501057,-49.3846659579233,-49.1464745419346,-47.8287587163922,-47.8865925804799,-47.1676018629102,-47.6530117459078,-47.3931971655637,-46.010468213901,-47.2034842243814,-46.8720947317625,-45.9349636676634,-46.6809454751772,-46.9090269481807,-47.0999873441627,-47.8664456619272,-47.8262865407121,-48.9953426574275,-47.8543583902267,-47.0682491405813,-46.1957145276765,-45.8500922904319,-44.9341801508628,-45.4641720304674,-44.780422390982,-45.1694378737795,-47.9044352696606,-46.448174452909,-48.7758045029201,-51.8836044527363,-51.4156387313789,-56.4221601487694,-56.4946226336071,-59.5497213074064,-55.6857196048697,-56.9565176454842,-56.7784176395906,-57.3045993479368,-57.8867377736403,-58.7728243827669,-60.3748046663556,-56.9746222439246,-57.443271362631,-54.5331759472526,-54.5441737156716,-53.3569806194828,-52.9986911665463,-53.1005178677485,-52.9642544668088,-52.8576886010078,-51.9469252771767,-51.5559999127794,-50.8626915510978
-56.2748092872889,-54.616731155012,-54.0611844808627,-51.2967847558108,-51.1706731658848,-49.8334729906187,-50.5091808715944,-49.5180294175293,-48.1675592016025,-49.8856030462001,-47.5169002279401,-47.1267550439112,-48.9564712509566,-45.5990072580594,-46.0736792463976,-46.8047449687119,-44.7079345943903,-45.4000301928383,-45.2820940159614,-44.7795890539962,-45.547557283398,-45.3620793234033,-45.677476876755,-45.6121014854785,-44.8520914779722,-44.7327216293318,-45.0454784226992,-44.4936676778408,-45.6445134889619,-45.2082586141517,-46.6684929756936,-49.2765890028089,-47.5008905851573,-51.2482881630313,-53.2813298489431,-52.958951217915,-60.8216752010569,-60.7078986985056,-69.7265940489213,-58.220094226442,-59.4317982555159,-56.9928507272606,-60.7652960537253,-60.3533813558581,-64.2253871798771,-82.6412030038424,-63.1078412488837,-59.9823408829013,-56.1654116572916,-55.9778969199691,-54.7628820718035,-54.4321094114034,-55.6953341081341,-55.3409911628729,-55.9071679179686,-53.6838246537094,-52.568369612808,-51.2342870214688
-59.4046205480421,-57.2534339188459,-55.7278440339166,-52.9635121988009,-52.2137446851298,-51.7255603288396,-51.4638879905231,-50.3015630005928,-49.6871257775904,-52.8719855972406,-49.251351094764,-48.1252663646941,-50.9825325926217,-46.3766474249046,-45.9293750044635,-46.8575783839898,-44.5317775322508,-44.7840607496893,-44.3897944699226,-43.697511668626,-44.2430427690718,-44.1590993780361,-43.9009889598537,-44.3939073374181,-43.7985968887598,-43.985001273963,-44.55892032765,-44.5588408692324,-45.8348649781568,-46.2323938355829,-48.8618209682583,-50.6979175707558,-49.8428324961886,-55.1604496184152,-54.524036060444,-53.8321531619471,-60.990245104064,-61.0176409912937,-67.003630985217,-65.1410063407017,-60.5277054040421,-56.5417773047435,-61.0016689858027,-58.4445527850372,-60.6472302500831,-62.1780958756925,-63.2041830141401,-56.7482721745466,-56.267923322107,-55.531633395977,-55.5599595780618,-55.9550485575482,-60.2334330808549,-61.1096114747699,-62.2858227992055,-57.0147783035419,-54.0869371045707,-51.8156833122421
-66.6946900442874,-60.6475813187005,-57.1590644793426,-54.6073298285865,-52.9998386809687,-53.2513393223708,-51.8034677158181,-51.5438169851878,-52.6937324630172,-56.8469047886764,-53.5781814933846,-51.2602954649914,-52.8182860751102,-48.2725681062555,-46.5160992408265,-46.8316736799802,-45.2480816734551,-44.7819974149597,-44.3082704973149,-43.7634784694712,-43.9247994266166,-43.9740520350321,-43.3263487680064,-43.9177068499049,-43.6187350275941,-43.8627496714693,-44.3542805984663,-45.0811877007688,-46.0213091237784,-47.505041861738,-51.3167238790894,-52.2699402543311,-53.6759165202977,-63.3584817902039,-55.7559427589874,-55.5640162331047,-58.5927015449838,-56.2391164636834,-58.5291185098249,-60.0944323107386,-57.1918124009982,-55.3397199992388,-56.8200308405135,-54.333137158252,-55.0146927983265,-55.724797403097,-55.3325384299823,-53.3149919409349,-54.4286169645989,-53.632963928645,-54.9781230433149,-56.3943032037082,-62.6092734806439,-68.4754595431903,-62.4529405283847,-58.5111198996754,-54.5203682732306,-52.2491585088248
-68.6129618498516,-60.6420106123881,-57.3256287318967,-54.8226816244334,-52.8836224655143,-53.3807555786611,-51.6812663405988,-52.5581639998615,-57.0841499056199,-61.9011497808442,-67.3160930715504,-55.3996102110897,-53.6023337483594,-50.8436685940125,-47.2549960880252,-46.8180768129608,-46.6551147128706,-45.3667332058185,-45.0989044882812,-44.9236085787453,-44.5822823315215,-44.6733766664982,-43.8066362791333,-44.0891372903983,-44.1372336842196,-44.2968796818706,-44.4645339345115,-45.8535966413745,-46.2438380245989,-48.3382901243617,-52.7110032593171,-53.409465466651,-56.0313688495232,-65.4468636523384,-58.0330116617431,-59.3828301457217,-55.4865629979704,-53.1434104525914,-54.1721994978386,-53.0823165074835,-53.0470734059344,-53.3214243965211,-52.2300306198068,-51.1645519573606,-51.3224714482744,-51.7666292545448,-50.8361356469002,-50.7806401001843,-51.7243027938215,-51.3230144131397,-52.7677439878683,-54.5214301381849,-56.3370879929135,-57.0277625347399,-56.1422552315215,-55.5103337317203,-53.5883905519309,-52.6668992109744
-58.9382211902022,-56.7034222694681,-55.4084677140752,-53.5426720950465,-51.8396773022064,-52.1672670568654,-51.2712541685734,-52.279150828182,-57.9915994850895,-62.0850315958342,-57.8894475552279,-52.6693726047879,-52.8394639248715,-52.8024786892162,-47.8236678992465,-47.10868372635,-48.4663019168663,-46.6455511227399,-46.8285127356997,-47.1807156819032,-46.2540632581057,-46.1927222025149,-45.2909097481126,-44.9411299095376,-45.2540098699166,-45.2291396147068,-45.0358428696352,-46.6002823873411,-46.6167588029608,-48.5248540160633,-52.0933562799898,-52.5334399611242,-53.305701315657,-57.4879661626301,-62.0212574926372,-57.8275844434064,-52.628285131527,-51.5712346180444,-51.3337555414167,-49.5241665570073,-50.0114510433533,-50.8102239888153,-48.9021365171869,-48.9541777196162,-48.7976689918655,-48.8580068867525,-48.0444814910988,-48.8245686217283,-49.1262170200548,-49.1899185601139,-50.113711667643,-51.6558908466592,-51.9164722010481,-52.2653910035508,-52.835655319876,-52.9354360896255,-52.726889281052,-53.3980927980855
-54.7523086287643,-53.5711550535423,-52.8415364954012,-52.0085400422011,-50.5933225285732,-50.482879319726,-50.5617336209659,-51.198241165171,-54.3364261660764,-56.1234764212662,-52.1881438227662,-49.5747285385619,-51.1815139579092,-53.1353952585787,-48.7666681711578,-48.0609470379344,-50.3745528238924,-48.9199150582491,-49.5972833310867,-50.529460883027,-49.0279451060003,-48.5329975528128,-47.8136699543406,-46.6328941223598,-46.9239518655581,-46.6080173682482,-46.2172193914393,-47.1974962002631,-47.2460011897791,-48.6264460023501,-50.6149569347396,-50.3260363581459,-51.0529837593657,-54.7611871131712,-58.2412821411384,-52.8322760839418,-50.8639910470549,-50.888469719299,-49.5353990795838,-47.8471258282588,-48.1063143172885,-48.4715286302062,-46.8883376659932,-47.4265379986635,-47.0822314444242,-46.7935241375489,-46.3670138853714,-47.3049205225052,-47.1121713640085,-47.5298559836989,-48.0027373928997,-49.1841061976939,-49.2834654889545,-49.7706049352942,-50.9907387689643,-51.4022552687875,-52.4077963771593,-54.3641835286819
-52.5873041517956,-51.7322036934508,-50.9194384388564,-50.8380129759954,-49.7526343073711,-49.1894383539342,-49.814496992006,-50.339216887906,-51.2822766355903,-51.6833371386402,-50.2113700525954,-48.6875034641328,-49.6100152229579,-52.1341076842958,-50.8636790721397,-50.099300985216,-52.3048012270077,-52.733974230141,-53.6111180285521,-54.6285618970259,-53.0010944239123,-51.7524884975365,-51.5830006098472,-49.4889525883725,-49.1324623567042,-48.4200903202588,-48.0197914636112,-47.7724279462216,-48.1487441929325,-49.0436028387845,-49.4190890367737,-48.6936187378225,-50.4482222469951,-53.77162485449,-52.9191909670328,-50.3832293492093,-50.37659685725,-50.527438836906,-48.6540010967494,-47.5183126116798,-47.1688086966581,-46.7971620836358,-46.0090923385824,-46.4411573192999,-46.0427213081994,-45.5683208735558,-45.5808189539984,-46.2390984884693,-45.8813032135865,-46.4924982636159,-46.7273367978333,-47.494890849479,-47.8250823659027,-48.4849138665178,-49.8745768725106,-50.4068418845409,-52.1789260438287,-54.6834685646971
-51.6324041951342,-50.9916622385335,-50.0230595624279,-50.2418574819837,-49.5904545815089,-48.7532770302928,-49.4607364191289,-49.8960193167058,-49.1572062363726,-48.8314501173335,-49.479427206505,-49.3676118126385,-48.7006968813314,-50.4471045708128,-53.8559055596091,-53.9941113312823,-54.7584258769327,-59.0662224978729,-59.2982678730388,-58.1518907244257,-58.023875107392,-55.950994702853,-57.4126910941843,-54.0763393141764,-51.8287178233217,-50.7014869246305,-50.130393109114,-48.4968147326566,-49.2211671287498,-49.7221135217249,-48.9336809578815,-48.3245092853246,-51.3482342066403,-53.3706551300851,-50.4202023629959,-50.0687402754836,-51.0620827203364,-50.1848472361653,-48.6132668071825,-48.2151569176544,-47.0511402016531,-46.0109348826612,-46.0705893973438,-45.9832662946575,-45.6425782843566,-45.1864176084309,-45.5685078979217,-45.7226527304891,-45.5123451229538,-46.1551694102862,-46.3226342410484,-46.6690046599832,-47.2360557254475,-48.0021748730002,-49.1590581039914,-49.6986590338578,-51.5299332866997,-53.6649414350957
-51.5858989044193,-51.2228035703309,-50.2690488323386,-50.3916437507059,-50.231801572158,-49.3280989726331,-49.6905101752263,-49.6485441365518,-47.9135492910729,-47.3006101014504,-48.9729019094785,-50.749560162007,-48.7150235215585,-49.1208365802327,-53.9089838738894,-61.5100213972151,-59.2159493860257,-66.2879947596483,-64.276302431254,-59.9339199712059,-62.5994222312363,-61.6578614576343,-70.2115736003804,-59.6704180320028,-54.5997036498197,-53.1290970815721,-51.7516577025676,-49.3818768610186,-50.2170697194234,-50.4092814467681,-49.2554366972831,-49.4233842067297,-53.7771234673341,-53.5135806238407,-50.2808990534333,-51.7484967158274,-52.5200771355837,-50.0357424096921,-49.2701558178735,-49.431423294632,-47.6227544131775,-46.2151179499445,-46.8512302503559,-46.106161840162,-45.8867580781236,-45.6357822080627,-46.230722433551,-45.8814115567964,-46.0488930733301,-46.5788193401294,-46.789050254168,-46.7556558326945,-47.3835712026495,-48.1293584355148,-48.7600679161483,-49.3272545932572,-50.6583113330405,-52.1633207479983
-52.3126158917644,-52.3607760795251,-51.790049098999,-51.5050848504118,-51.7986245426364,-50.8901253206271,-50.3481360439561,-49.490379546691,-47.6198465725025,-46.9649121375996,-48.5137901203433,-51.2820642043557,-49.5771950063393,-48.819136663292,-51.524121201133,-59.2206661704213,-64.5505592136588,-62.3107066881231,-60.5147271666475,-59.4197322732201,-63.1361770748597,-72.2423014846398,-64.8886619710367,-57.8633244200142,-55.8201946809608,-53.8289443572079,-52.1766707271946,-50.2671734244574,-50.7903474907074,-50.8605742912287,-50.212643716546,-52.0939000130104,-58.0173081200021,-55.0142901668663,-52.7892977748922,-55.8628358579266,-53.7328324419752,-50.4505528828789,-50.3614387338097,-50.3707154108029,-48.7880664732313,-47.4974850673544,-48.089662653909,-46.8901352329766,-46.7926462962173,-46.8786587083998,-47.4536991225388,-46.8481029681195,-47.5425923028315,-47.8615335635201,-48.1789334825329,-47.8510122504792,-48.2751064280057,-48.7762440747178,-48.7456072578952,-49.409111501124,-50.0901818569404,-51.0803836787019
-53.7305873686287,-54.3471118628367,-54.8615296280835,-53.9409469663742,-54.5222229604537,-53.2382759136386,-51.128131475342,-49.6324097505957,-48.3244085563756,-47.7102588772891,-48.2839628891256,-50.0243226565539,-50.3666287688968,-49.5843426652236,-50.2665302460701,-53.2654557819222,-56.5471260328091,-57.8897439024458,-57.0052365286394,-56.8402533082696,-60.0328704744172,-62.8654646205033,-58.6077838160946,-54.7670283631248,-54.5217027064115,-52.1348784681875,-51.685369005263,-50.9398671771725,-50.7756273828058,-50.8773391125677,-51.2421513041719,-55.6315128571778,-65.0692673466956,-59.6143361962794,-60.6935923167155,-60.8331638000061,-53.8207264447421,-51.6523634520088,-51.6379216725032,-50.8805220770944,-50.5650608377451,-49.9854260626692,-49.5915080006264,-48.4332779084299,-48.3644866252209,-48.8119282211848,-49.0980873503724,-48.7388516657085,-50.0751271192553,-50.226905004166,-50.6902428766134,-50.1689960395072,-50.024183842709,-49.8905327427935,-49.2275361832857,-49.9549412600923,-50.0923634962674,-50.6848071232323
-55.7226424080719,-57.0016837262474,-60.0140564326387,-58.5916477777119,-58.917623757248,-55.9474324513293,-52.0404150998662,-50.424033070993,-49.9905896031125,-49.2566892299906,-48.2495192091857,-48.243850343323,-49.7394539500943,-50.7556700327254,-50.3540532806102,-50.5663876838981,-51.8145647182369,-54.1119817059255,-55.0203667948639,-54.7545090465168,-56.8406599200946,-56.3579728852331,-55.9198286652799,-53.3628372389834,-52.7128499787538,-50.4962930156515,-50.9723134596475,-51.2444339225485,-50.4043216420864,-50.470618332195,-51.6805642288441,-56.5522611662053,-69.0730244957064,-69.2753603544683,-63.4506489448944,-56.6248391303406,-53.4526297417347,-53.6048670002953,-53.2003531778959,-51.9233310167605,-53.2426286135687,-53.8410332954443,-51.4406542639745,-50.8466347965425,-50.5443493635073,-51.1591170983265,-50.9604574583613,-51.5361922364122,-53.7226716059964,-54.2666292041757,-54.9480748173166,-54.2086412392669,-52.6755119409896,-51.3645654135286,-50.2712820720277,-50.8364659891043,-50.6691127536625,-50.9736589781074
-58.0188651657511,-59.7094638598317,-65.9372157477356,-69.6894853071898,-65.3445511419305,-58.5240325939763,-53.503041554914,-52.1074780390901,-52.3022976038106,-50.9088206920515,-48.3592733933829,-47.1662429868077,-48.5166406857089,-51.0699618648442,-51.1894574429696,-49.6766694956203,-49.6800186299317,-51.5598543162141,-53.944481015551,-54.0932687243666,-54.7282806196435,-53.2897198480213,-54.6324972335032,-53.0165869756567,-51.6775998601093,-49.9712155834796,-50.4984184421047,-51.1170591496124,-50.0128892562007,-49.9786096483951,-51.6055879307613,-54.9698157593299,-59.3362698347244,-57.2724831400629,-54.131770131326,-53.0652167483508,-53.4528816284734,-55.8870794001914,-55.413984179972,-54.5353782001764,-57.7604100739373,-58.8352575766493,-54.09211125022,-54.0924097928269,-53.0737033878345,-53.2857584785098,-52.6353908250691,-54.5464408747494,-57.9362387878843,-61.7859727879835,-63.6703047423995,-60.7758097586696,-55.3779476343528,-52.9096494486909,-51.8156846687178,-51.8364784277929,-51.6820776827134,-51.8508468825646
-60.1495769346657,-61.4100973762836,-64.0725027501451,-65.9745584820369,-64.6355394893471,-60.3566136688591,-55.6638906176549,-54.3935370411831,-54.1118754290351,-51.8874491306463,-48.9182571632967,-47.3001636327123,-48.0870308085619,-50.4674739078833,-51.7637919632675,-49.9832212238617,-49.2606213647541,-50.4155056042679,-53.3183222809127,-54.4525391536948,-53.718485392762,-52.3880023260258,-54.3620466901131,-53.5252613957462,-51.7683363918291,-50.6828517117631,-50.4239269682238,-50.663107562857,-49.765538759827,-49.7294162437157,-51.4287789292712,-53.225252154571,-53.6607521676899,-52.150504741899,-51.1958946761011,-51.669416081688,-53.9739346843575,-57.5557224907462,-57.730887931365,-58.6509212003511,-68.4533698397935,-62.1652812137428,-58.3038615059655,-56.8726187618184,-55.162379893157,-54.2965414570752,-53.5198405317914,-55.8507159349807,-59.1337466146569,-63.4270395875232,-67.0221505588154,-61.4956608052183,-55.8292340720416,-54.0939754800751,-53.5703330933296,-52.7798888005203,-52.9185718565879,-53.1436248202357
-61.8067273857967,-62.0693558679339,-61.8041505045465,-59.6262082677749,-60.3269875415419,-60.2365098562858,-57.2065640939374,-55.5366496503966,-54.1165685243514,-52.3814339707363,-50.4344406371262,-48.9509824010154,-48.8613676849793,-49.985246697605,-51.4092038658749,-50.8994287789122,-50.1574741609946,-50.5327982021269,-52.8093855931863,-54.3531541226958,-53.627740301486,-53.4721168436552,-55.2748447096445,-55.2329830655265,-53.2712916928375,-52.5354251351434,-50.6375229655963,-50.1509295585431,-49.676977773851,-49.7303070771816,-51.0031358020285,-51.2427161389253,-50.274063974743,-49.6981658707314,-50.348715147464,-51.7886775184503,-54.9253409429301,-57.8207688465758,-57.7609852288218,-58.245366841239,-65.3431020807936,-61.6893991146521,-62.114663897979,-56.3670050307064,-55.5543903179063,-53.9538717923118,-53.4878222117589,-55.2263742886326,-56.7871924948656,-56.79090008922,-58.0112875016006,-56.8697198309876,-54.9167356615735,-54.8169129883381,-55.0420785814617,-53.6882488890107,-54.169837550836,-54.6039375959856
-63.3467624204732,-62.7608923930863,-61.0476048688737,-57.5035284338625,-57.928966861384,-58.483235457233,-56.6385914573504,-54.739054954996,-53.3429109038461,-53.0404631260026,-53.326835296788,-52.5551119518188,-50.7861974104904,-50.1073056552496,-50.7939121095826,-51.7569228305174,-51.9900851275372,-51.6560339540222,-52.3371909467631,-53.0553414837519,-54.2022269234166,-56.863405129165,-57.9920979193795,-59.326455093853,-56.7709426232944,-54.8494649498107,-50.8604936030871,-49.7751361806314,-49.6361894965724,-49.6328896839253,-49.9425855834223,-49.3487987943248,-48.4453832267787,-48.6895587371098,-50.4906020015982,-53.1786427593187,-56.364860572375,-57.3909309340261,-56.7532978476501,-55.6919445896006,-58.2822033973506,-59.7049324138329,-57.6137144169866,-54.305921213236,-54.2616756787108,-52.9378594657624,-53.0671601901082,-54.176491645016,-54.565284373229,-54.0312608023642,-54.9073396413222,-54.7966895701597,-54.8319966093943,-55.5369517873675,-56.0196012754191,-54.8025556027373,-55.3703231598706,-56.0160777598525
-65.7042104902495,-64.110338168435,-60.8791317483472,-57.1349071230183,-56.6053549217513,-56.6546575649642,-55.668889227492,-54.0987830863943,-53.2597915965316,-54.2076451911242,-57.5978630513397,-59.1568704725049,-53.5973968201576,-51.0135535378626,-50.8673866271607,-52.4828069685335,-54.1444307024537,-53.4106217237965,-52.1346059567044,-52.0165896912479,-55.0876640923297,-61.6506250230488,-64.1874932928085,-73.4906857621725,-61.4527775382866,-55.4361351772556,-50.8618388658984,-49.4550942684786,-49.3278618536463,-48.999538676297,-48.4187293881352,-47.9256606174715,-47.687905399134,-48.6035223166556,-51.0928119444292,-55.6919209890701,-58.787561053637,-57.8564752856988,-57.5493726540215,-55.8845768042627,-55.7452100915295,-56.7095470899438,-53.5110680114071,-52.690436855366,-52.5121858385224,-51.8998606102313,-52.6133183531677,-53.1944797175582,-53.1531008738478,-53.2274379870919,-54.0139123617524,-54.5749294354406,-56.1235805962383,-56.7997932515781,-56.9039802110253,-56.4572673598741,-56.686452345736,-57.3598844659235
-70.4908118200673,-65.5789871636292,-60.8051893449703,-57.6182384190318,-55.9073498694374,-55.366121580704,-55.308919963274,-54.5507499918764,-54.4820180135583,-56.2479618015801,-61.6521980923369,-72.2841763617848,-57.0778184384027,-52.9971138117024,-52.1142663193363,-53.6084168969133,-55.8089772139853,-55.2625057116284,-52.6092903051018,-52.2934499648376,-55.9491696702688,-59.2018136862258,-65.2114689092518,-62.2760854630427,-57.6078587925067,-53.7959397671773,-50.5726147749534,-48.9179456207166,-48.4431019481994,-47.8310210948194,-46.9506449289665,-46.9070024056538,-47.4499268682178,-48.945851312909,-51.826841452434,-58.2170765108566,-63.5905337741062,-61.2388880333173,-61.5824158468355,-59.2787109852905,-54.7945273636,-53.7732000829531,-51.2211014359893,-51.63191769515,-51.0495046084539,-51.118397417315,-52.1209580962082,-52.3822968678074,-52.453758608594,-53.6403685565109,-54.7050783485341,-56.0452359988454,-58.9922983302021,-59.0283579150885,-58.2457967470266,-58.9040124039998,-58.3693548703825,-58.7609098476223
-71.7483897940016,-64.5546866242338,-60.5892731184491,-58.2336433233237,-55.7251732032506,-54.794992640526,-55.2284577896646,-55.737426323744,-57.1600940810009,-59.7774603195549,-64.2853237397101,-71.7146165366604,-61.4595930265284,-56.31418029458,-54.5234154065568,-55.1271274810109,-56.4395028052025,-56.6258539411345,-54.265882344968,-54.3305833028681,-56.8104108426842,-55.9688915530055,-58.0067163059873,-55.6297373702151,-53.3431041102338,-51.9790908664822,-50.0036860846907,-48.0957565346151,-47.2041475982997,-46.5795682298319,-45.8795452681179,-46.1225089368453,-47.2054608185005,-49.1318491697109,-52.1779629316488,-57.2939031419373,-65.3058948870901,-73.7022106009248,-61.597053742253,-58.7519291329992,-53.9677848764682,-51.5779338016196,-50.17851665512,-50.9031190606107,-50.1067552994179,-50.643706438602,-51.5319086784444,-51.7354384071457,-52.239081699839,-54.5654849425446,-56.7513957084573,-59.745506265008,-64.3525028243258,-62.854477658717,-60.4427483242059,-61.9027019328973,-60.4061876709132,-60.322879017255
-63.9741469489919,-61.4304684655941,-60.041127356262,-58.6248664954568,-56.1022678983364,-55.0799684126628,-55.2728411876794,-56.6554896889436,-60.0176720957412,-64.2103031226855,-68.3175188417349,-72.3695736831616,-65.7032810859778,-59.8825321176268,-57.0297942105968,-56.1803094102104,-56.4394040898064,-57.4688819222085,-57.9981690604304,-58.6937893810335,-58.0242067957569,-54.7298147474031,-54.5043032145301,-52.7888207947234,-51.1723931589343,-50.6310910038673,-49.2508693227784,-47.2978412937975,-46.179301842393,-45.681256434224,-45.3522994142254,-45.6289210789106,-46.8680911319227,-48.8798850747319,-51.5805988013812,-53.9586152725134,-56.9124443931924,-58.280027697857,-54.7916785165111,-52.955569555403,-52.4142236312489,-50.2269359282365,-49.9966458645203,-50.3613477516671,-49.7368420541661,-50.4492351685842,-50.9288247899666,-51.1573432504731,-52.1927881455543,-54.8715686642008,-58.5506985034333,-65.4210619144108,-77.1642558638723,-69.1033523896654,-63.4017219026395,-63.5537909837412,-62.0883638487134,-62.0869628251501
-59.519865829899,-58.9119074190508,-59.2824513006156,-58.9919385432888,-57.1392633811604,-56.3119211393368,-55.9555493293465,-57.1387393313494,-60.0663122372641,-63.3798795691065,-68.742411735162,-74.9594203981708,-66.5601013858338,-61.3076296733897,-58.5579321407342,-57.0235780648188,-57.0734110525703,-58.7776251121798,-67.4639881012482,-65.0814895938836,-59.5230896543239,-54.4479154687248,-52.7971525215691,-51.6796841777432,-50.2873877442024,-49.6569704360886,-48.5487848875965,-46.8934359462903,-45.7652885275431,-45.3791470234776,-45.4192807621529,-45.6209199418028,-46.7035888950347,-48.3577012724096,-50.148038006366,-50.8837413211349,-51.7978021755056,-52.0036890049219,-50.9440498048012,-49.6710221524365,-50.6587360317119,-49.6542629739138,-50.3304973225627,-50.0612740464918,-49.9583493772516,-50.548020701431,-50.5402867518622,-50.740385904926,-52.130721588868,-54.1071879166649,-56.795020699065,-60.7970457226356,-64.394467118558,-64.6140309595022,-63.0622536499918,-61.5539565298318,-61.8054454852766,-62.8672797520876
-57.1710362088303,-57.665686861384,-58.8250924455579,-59.6105832103676,-59.0227221217777,-58.4105447866767,-57.7525382470588,-58.1455501712223,-59.1171087318101,-60.3790403190985,-62.8053169909759,-65.1775012642801,-63.9521209711619,-62.0898596986105,-60.5370740030675,-58.9765073182041,-59.1064008018936,-61.4460639520049,-67.3068654563822,-63.2554516388703,-59.6273795735498,-54.1535298626053,-52.0128871748422,-51.5628441607458,-50.1065799765382,-49.0121431588971,-48.1910083847808,-47.1046757776163,-46.1290865596499,-45.7693017644321,-46.0403621658455,-46.1398630917708,-46.7768220793203,-47.6811395263727,-48.4144444204455,-48.5339219712351,-48.7167609381458,-48.8040100873568,-49.0052155999603,-48.2877508983422,-49.4529709469165,-49.7585879886669,-50.8864060224223,-50.2172568792032,-50.817901497559,-51.0846513228137,-50.7062653753763,-50.8881076443171,-52.248224345936,-53.1726566226492,-54.0420886558539,-55.8427634929298,-57.775381516681,-57.8640270410901,-58.0823503980097,-57.5721852859342,-58.6453130170775,-59.5264770837628
-56.178571392994,-57.6462214399998,-59.2040341285621,-60.717913536776,-62.2872133717529,-60.8844336258045,-59.8490043363983,-59.2199474011435,-57.9270666541355,-57.3322783282594,-57.4199674224045,-57.3272900612336,-57.3247647070349,-58.2729186038458,-59.078370148006,-58.984170900923,-59.2438901791233,-61.2415137792876,-59.0233643265843,-60.0732916174166,-57.3964855518573,-53.6177778748087,-51.677312889781,-51.803719207678,-50.2909103696359,-48.8902573889404,-48.4564625156453,-48.0531491524314,-47.3181358158651,-46.8284824113211,-47.0067672160205,-46.8856565804261,-46.8236935919203,-46.8731740047813,-46.868208481185,-46.9779870911589,-47.0389588383428,-47.2939569116902,-48.3216094603453,-48.2417689228944,-49.0643937851378,-50.4231621040895,-51.5494461421425,-51.0665313170855,-52.4195841552495,-52.3911799264637,-51.8973652079673,-52.1498741829409,-52.9547268446847,-52.7432872146239,-52.3118365564799,-52.9563735321816,-53.7626809013213,-53.5422310746291,-53.6980695252317,-53.6966521436812,-54.5212784164493,-54.8410096343431
-55.975044716981,-58.351347067033,-60.5252409568533,-62.7721429886118,-69.3834832920402,-62.6865382569863,-59.2521685931665,-57.6591712145272,-55.4096126772161,-54.0430738854851,-53.2024022248779,-52.4085909559044,-52.4460917252122,-53.1136917403366,-53.9227138542204,-54.6990562635791,-55.3204680414663,-56.5938861311796,-55.9921185524495,-58.3772585256282,-54.9369687026506,-53.3111507404246,-51.6756685397863,-51.9513187732498,-50.8979346729981,-49.6584000562068,-49.6450933180154,-49.8641485722774,-49.3023930327997,-48.3711791699857,-47.9014928839132,-47.3517829570003,-46.672897176954,-46.1760397167768,-45.9059332488698,-46.2653986540692,-46.5396019206157,-47.060325615663,-48.6086300704692,-49.2615889493553,-49.5132016135622,-51.5075183283348,-52.3081631600078,-52.696965581036,-54.8796557801037,-55.0786429508909,-54.9605581797669,-55.2367234747266,-54.4549996109015,-52.8264696056853,-51.5115655308986,-51.1218560986197,-51.0134788974795,-50.6488395487678,-50.573087998591,-50.6690254681015,-51.0524818767461,-51.1770722194857
-55.9426553850831,-58.3187307003048,-60.9109812098107,-64.5850145096235,-74.4775404877972,-62.5270008800761,-57.0503222737289,-54.8441389817095,-52.8350681874592,-51.5187048977413,-50.4949235750603,-49.7051466293724,-49.8347655830872,-50.2122819407284,-50.8360586999827,-51.7687531252206,-52.5687806852599,-53.5382866322709,-54.678794970899,-56.6426900770434,-53.2814708773369,-53.5822301035557,-52.2537874341692,-52.2334535449323,-52.3264569758305,-51.8335734146016,-52.2152965700887,-52.770002258999,-51.9035014512127,-50.0236504356513,-48.4453146238864,-47.4733062269404,-46.5785143813298,-45.9472800093752,-45.7744584186159,-46.4162834653471,-47.1296950154098,-47.9920795176869,-49.8053723533288,-51.2922083802954,-50.8105552495502,-52.8128645695579,-52.9699440872601,-54.6402727398963,-57.7373570788909,-60.1865223788786,-63.0023701454097,-60.6073207241525,-55.9051279590263,-52.943446273924,-51.1479046066653,-49.8830846437179,-49.1591518064914,-48.7926184081658,-48.5367580834327,-48.6048488263114,-48.6073629705658,-48.6614783929917
-55.7981584834727,-56.7937553190411,-58.1169998176806,-60.7716419736623,-61.6045024122114,-59.7484354094008,-55.3616847240341,-52.8818021747057,-51.2366938799405,-50.1962304477804,-49.3118878493903,-48.8605960526439,-49.1689585815577,-49.4568449826425,-50.0150905026555,-50.9766350171269,-51.795968976529,-52.360490117806,-54.1177149966903,-54.5536142747838,-52.4905915247256,-54.2994468825445,-53.7591618834376,-53.3003203596374,-55.0485621160799,-56.425366923379,-57.2348882877212,-57.1757104138169,-54.6177095791711,-51.5072942946543,-48.9826060266086,-47.7835023283486,-46.9363775146479,-46.4127478672458,-46.533273089545,-47.3657637983763,-48.6972782663448,-50.115423515342,-52.1230803602709,-54.5991806544141,-53.2021517855857,-54.0783407080754,-53.2674730163403,-55.4564086317695,-58.1068111138087,-61.7782583410896,-65.6991333576691,-59.1180243368022,-55.0752778373634,-52.4734591115625,-50.7188261232787,-49.1031831068023,-48.0931758057953,-47.8027895958137,-47.4609186502146,-47.4428258763968,-47.1661183706407,-47.1432270002768
-55.8337981082562,-55.1282426058604,-55.0230041662266,-56.0756852111895,-56.0107570253341,-55.90256829383,-53.9660383513464,-51.7985650667587,-50.6132673547957,-50.0005878381226,-49.5586306318751,-49.7721844574969,-50.4140113938423,-50.8424180250391,-51.4383261524699,-52.2743110666239,-52.8301732401843,-52.6091625165697,-53.8456248886596,-52.7033302993612,-52.4124388972791,-54.699577372136,-55.9679612034643,-55.5002348252475,-58.8364300162331,-66.4390445876672,-69.151285034,-62.3856836769571,-56.7798107712536,-53.1074854524273,-50.2222046979192,-48.854236650342,-48.0306741067929,-47.6363657409819,-48.0109140714475,-48.8400110764018,-50.7620923053917,-53.2444384408537,-56.3068778601684,-60.214159801753,-57.6467389693098,-55.1362517042277,-53.3751448527399,-54.7104352664882,-55.4556599653627,-55.7556582457318,-55.6207062690812,-54.3612800643971,-52.8220882116136,-51.4748329078333,-50.1389052876069,-48.8182267842174,-47.813080061629,-47.5977800139637,-47.2578264930236,-47.088914140633,-46.6441950010642,-46.5034219774022
-56.1098767715693,-54.020737299185,-52.9741657243837,-52.8680732097634,-52.4495200004997,-52.4604839149667,-52.2893431698062,-51.0980258043952,-50.5869741648814,-50.607627152246,-51.0379598364389,-52.4272857726907,-53.9029985307482,-55.1116949782428,-55.973305987139,-56.084430972582,-55.4314673138224,-53.7347561777331,-53.6768622816768,-51.538124613498,-52.7767464914654,-53.9992988673092,-56.3472630623396,-57.3375977428199,-59.593533510082,-62.5033812865204,-63.648404275311,-62.1178538963824,-58.5506106090903,-55.5476067296193,-52.8678653932282,-51.1764140810608,-50.0826289126318,-49.5747840276159,-49.7605457413829,-50.2332884175125,-51.9684949284804,-55.1851088791911,-61.8367075915539,-66.2443067524719,-63.2558804898235,-55.7590745143246,-53.580163108272,-53.4944346181077,-52.8499135911119,-52.1974627140419,-51.9835159414103,-51.8898406687855,-51.1512661421694,-50.6214817022211,-49.8064414467998,-49.149120204262,-48.3720616200079,-48.1433493834944,-47.8360252126934,-47.4439686615653,-46.9513030737908,-46.6689607387687
-55.6187630261841,-53.141265541809,-51.7096782566764,-50.7487610990659,-50.064995906199,-49.8371212406087,-50.3567693622744,-50.3181913996003,-50.6333778227958,-51.3871848369099,-52.9530587140083,-55.6083359446251,-59.0525226716837,-65.0377360058222,-71.2482830458266,-63.1227135154615,-58.2511425092284,-54.9257890114315,-53.6225959482476,-51.2071667317047,-53.184298029019,-52.715417341131,-54.0383052577289,-55.7073578065583,-57.1252290023485,-57.9809468524012,-59.1875404511647,-60.577334755942,-61.113878579518,-59.5415133510567,-57.2310841765837,-55.020948575247,-52.9204365584492,-51.8009301272654,-51.1380690915566,-50.8578127643154,-51.4206584027604,-53.3563516471786,-56.178742517724,-58.1863603409748,-56.0849552347718,-54.7769409451279,-53.2846329185801,-51.9976034196771,-50.9150748541678,-50.3041453222978,-50.3692079971895,-50.8333949508399,-50.4965476289814,-50.4661405369892,-50.2184755608497,-50.2951806844326,-49.8780313072265,-49.4256940362964,-49.0409288910681,-48.3930954271605,-47.9849329414013,-47.6067035478444
-53.7095987863891,-51.966479951146,-50.6934445756071,-49.3040692688782,-48.5595241851401,-48.0995093136339,-48.6214161714835,-49.3573139296062,-50.3136738509547,-51.5123965928025,-53.328722882278,-54.9068273257399,-57.1358569242266,-59.5246083048644,-61.4258808315736,-62.1658421168089,-58.6571829945892,-55.680791368417,-53.7647900143893,-51.6894231980199,-53.3092827274979,-51.7539746899107,-52.0500024269358,-53.2985081968707,-55.2767540648752,-56.9151277877543,-58.8060172398302,-62.0153840655964,-67.0816075002133,-62.7178892816475,-57.714284488397,-55.9170768375954,-53.4602138306228,-52.1945557273335,-51.137700418504,-50.3809946888505,-50.0455497287567,-50.770104588966,-51.0549238779812,-52.8646891138637,-51.0773891669863,-51.9355680347906,-51.5283339820733,-50.1428550647263,-49.4685867158945,-49.308693771101,-49.7290283580121,-50.5541648138846,-50.8193757231037,-51.356036579299,-51.8786957964755,-52.6500441468636,-52.5219625642197,-51.3827917994927,-50.575941165471,-49.7776974850934,-49.6049488419522,-49.3242203465144
-51.5952530362007,-50.5598907300052,-49.6250857804906,-48.3334905702833,-47.783866888509,-47.2463684326593,-47.4703431280432,-48.473838201412,-49.6100642049279,-50.7881597820582,-51.9625675217606,-52.5904648628022,-53.7925679909787,-55.0374759726937,-56.609809810718,-58.6337455585662,-58.216141579941,-56.4374986547734,-54.1442452354545,-52.8433494856051,-53.1946820854886,-51.4637424919068,-51.1628383292953,-51.9183706050868,-53.9297654523294,-56.3363582638285,-59.1016181129586,-64.5629359313469,-68.8460345938066,-58.5923454977017,-53.5175644313942,-51.6190498657404,-50.3104046189609,-49.7346543088249,-49.2689477481214,-48.9560753519019,-48.5956870542354,-48.8022997979252,-48.2216891771283,-49.5487231307899,-48.4567385045179,-49.0978246315254,-49.123655509733,-48.3503815517766,-48.3376077769161,-48.7083557097975,-49.4533765239162,-50.5333695172803,-51.8897093284487,-53.5434997633384,-55.6742258791289,-57.2848598985693,-56.4636207935821,-53.6485438328963,-51.9949978561909,-51.3587062855681,-51.5932822393151,-51.852221059718
-50.1675962839604,-49.3992683061385,-48.6758094829653,-47.8368208534424,-47.6399783072129,-47.2530817771409,-47.1305764294538,-48.0189216506821,-48.9646014936265,-49.9388946235903,-50.7287753763854,-51.4854437451478,-52.6610425748919,-54.1320758462399,-56.1513350700802,-58.2206102249776,-58.8614052130165,-57.7997076341132,-54.8004180819844,-54.4720505747332,-53.1218648852782,-51.8165301285083,-51.1237799543966,-51.3445297755894,-52.488738190858,-54.1672896840338,-55.9571122412445,-57.5725673542663,-57.5618394933534,-54.1332862908813,-50.7273397958379,-48.5450851240674,-47.5799955956423,-47.1935507559637,-47.0602412647141,-47.3518693216244,-47.4408329390687,-47.558891477525,-46.9429888629136,-47.6282900290567,-47.365857419667,-47.2431989932881,-47.2519399952916,-47.048297081485,-47.4509507174069,-48.152251606287,-49.0663402669223,-50.2370657036718,-52.7271968174917,-56.1630749108715,-62.9380583720293,-67.4186996123317,-59.4842537631394,-55.0509346643284,-52.9281600538032,-52.787358018495,-53.5504700670203,-55.0041099491487
-49.5559764904166,-48.7997864358923,-48.1663638219334,-47.8842974952513,-48.0396741544735,-48.0559156412551,-47.7345191583728,-48.2929330412376,-48.9552142158806,-49.7748688602492,-50.5296553328519,-51.776628552427,-53.2896720940651,-55.3860135159545,-58.1853360047058,-59.9309278500268,-60.7668533849241,-60.1083397038061,-56.0048077582171,-56.5032408159527,-53.2917131788547,-52.5480043065696,-51.4455450126778,-50.9704912092354,-50.8372234934518,-51.1838875511617,-51.6777631949463,-51.7317063734429,-51.6921161085463,-50.6313020213694,-48.9955910522774,-46.9589197736757,-46.1056088141909,-45.6973496732667,-45.7071202893157,-46.3384826298229,-46.9352654135102,-47.1945590667086,-47.0276661513141,-47.0242889672327,-47.4931360264609,-46.560983682507,-46.3209670712944,-46.4061754268119,-46.8148679387788,-47.4917667569371,-48.3115945180055,-49.3521644679001,-51.6971250006198,-54.6692815307505,-57.9196474741016,-59.0582602764093,-56.7727915580553,-54.5563431120822,-53.2856320784251,-53.6376108970317,-54.7303276274475,-57.2039987184819
-49.6433557019152,-48.849766925773,-48.2674021447186,-48.4666532648894,-48.8535886711907,-49.4889123923456,-49.331368750821,-49.5387317963001,-50.1137048530129,-50.9170394610316,-51.7969797199234,-53.5409210590641,-55.4267237839717,-58.2159068867953,-61.2377286413129,-61.8084894137823,-63.0208429340036,-63.7229760177996,-58.5148491934806,-59.0762163085245,-53.6749719250936,-53.136408039528,-51.554064150936,-50.2529026279125,-49.1446008373001,-48.5841627733761,-48.4076053571539,-48.0753357797283,-47.9537085647264,-47.8291748728428,-47.5902469306925,-46.3105946026532,-45.6503839556953,-45.260959741618,-45.4510479257468,-46.2631456166611,-47.3482561490547,-47.9790820274093,-48.6160475117013,-47.8937661021872,-48.7241834835033,-47.090831505986,-46.4208838220221,-46.4416609152225,-46.4762873034312,-46.8062833656778,-47.3128244180051,-48.1216609631417,-49.5022243882872,-51.0930222163795,-52.3515495662684,-53.2710565852499,-53.3942637719863,-53.0980410180928,-53.1060974528848,-53.6491506449944,-54.5578582110553,-56.3934133031491
-50.2945075712039,-49.5387076031077,-48.9981840844564,-49.4113542422732,-49.8340339708366,-51.1355178894277,-51.7107159903703,-51.8670504249744,-53.0435601211913,-54.1894845387817,-55.2119794530994,-56.8807162562752,-58.024370757205,-59.178058500764,-58.8522085245158,-59.0940577711759,-61.8793621200845,-67.561649556488,-63.5016759922372,-61.8656979106244,-53.864733522451,-53.0025370137658,-51.1096368702768,-49.1676189722916,-47.665145963256,-46.7024740608278,-46.2332659484874,-45.8457237681268,-45.5974914338938,-45.7514481721495,-46.2269111585267,-46.0855300075032,-45.8690666397189,-45.6782098101225,-46.124466769658,-47.1244752899376,-48.7609070720349,-50.2743737943234,-52.3648834987732,-50.7845678999161,-50.9607178491966,-48.8612818147228,-47.5546081002567,-47.0914247620028,-46.4974734439555,-46.3194570306013,-46.4570733113333,-47.0496326019754,-47.7074682923086,-48.6529615475524,-49.5439095131428,-50.4154937625658,-51.1400043088497,-51.7224976867014,-52.5295039448684,-53.0732768824863,-53.6586662526981,-54.7187398663117
-51.4818699003298,-50.8454313266467,-50.3132817371819,-50.4460439278909,-50.6256941493906,-52.2047168628081,-53.8392277551891,-54.5319213530657,-57.9696046975816,-61.9202049795098,-63.2014428872192,-60.9911382492968,-58.0741487219725,-55.815717630622,-54.4759985210333,-55.2370331515373,-58.2930974365134,-64.1463426690613,-62.6559339989639,-61.6402084803777,-53.283082788824,-52.1365770653175,-50.2836865328862,-48.162538415115,-46.6731827333806,-45.627156409627,-45.0433217286788,-44.6942026602921,-44.3460601046211,-44.4648830951818,-45.0598227727523,-45.8878771733663,-46.3497807051845,-46.6207466599278,-47.2577223434524,-48.4980490914128,-50.7011230353597,-54.1454148121848,-61.271308412113,-57.9129648613796,-53.6400639604877,-51.6196748001211,-49.4838684784814,-48.162076747165,-46.9371240173569,-46.2810750959063,-46.1141254960394,-46.4939387842542,-46.7751787955938,-47.4135391528182,-48.2142463491623,-49.0101234435012,-49.8357394596485,-50.786898255036,-51.9087650198847,-52.5107354451971,-53.0230238775933,-53.854152252385
