-34.6172586099499,-34.6488807103376,-35.3020977275931,-36.2359858253113,-37.7614404754362,-39.4394717225442,-43.005078730058,-45.2983697465876,-49.1109752289153,-54.9237713223573,-53.7347837917262,-45.1318514388947,-44.2321036317517,-42.7877631697123,-41.6915648159973,-40.0168892189158,-38.358467078478,-37.5698513023323,-36.8921004498554,-36.2097107271134,-36.2937780097798,-37.0828059558825,-39.7883123771174,-43.138314471016,-48.3168394772828,-54.0879831497955,-44.1664962519008,-40.9460623128041,-37.3604826823025,-35.364355938135,-34.4363010580517,-33.5683804299774,-33.777125395278,-34.1314055524792,-34.7991651527503,-35.3753349442516,-36.6422387701738,-39.2514282869353,-42.0779672059463,-45.0080591796161,-45.4362636415272,-43.0037663240781,-42.881521510746,-42.4176763162054,-41.5968078586609,-40.6118057803716,-46.9326604713774,-54.1579559702849,-49.4182051838129,-41.3107902183884,-36.4586148614595,-33.1424404647938,-31.0324623181377,-29.6081044767497,-28.7346074731379,-28.0747140465443,-27.9302550622106,-28.181607012287,-28.9278272398916,-30.0724721617877,-31.0724357613177,-32.4089965381073,-34.4006570389624,-36.3681324270227,-38.1497826775624,-38.1090552247784,-42.9915619944871,-44.2844513940833
-35.0743083615142,-35.0516994762345,-35.394989673664,-36.2093550698887,-38.2168644559667,-39.5490094788701,-42.8812952439142,-49.8074650169465,-54.1993087904996,-59.6306911323146,-54.6028120186342,-47.2778644378682,-47.3873100300209,-45.8949331591702,-45.0584963715624,-42.82648343969,-40.7375371102527,-39.8066917970883,-38.3377829522416,-37.2063892581129,-37.0216621364836,-37.5550608181561,-38.3856513940724,-39.6911915191775,-40.8046812656702,-42.2235689878626,-41.0199550892508,-38.2663192212457,-35.2469756022442,-33.9727699622954,-32.8324062123754,-32.5746634092199,-32.5769172898061,-33.0762048109714,-33.8732029995993,-34.8926554431901,-36.7043355223715,-40.25898436718,-44.0439009418037,-48.5195794824894,-55.0613632840709,-45.4498785224408,-42.9870116684465,-42.0791561365625,-40.6584968846082,-38.8491195558881,-42.5948415537813,-41.8212635606606,-40.5890075743989,-37.718388711926,-34.4834237250969,-31.9122875359614,-30.0247618635923,-28.6492363474404,-27.6816605271021,-27.1049003447163,-26.9737504815846,-27.2409192727063,-27.9454677494569,-29.2029791061016,-30.4636740659858,-32.0020458931974,-34.201205305045,-36.8796841694415,-39.2331885745357,-39.2150191575705,-44.8170965049046,-45.0923312443557
-35.9433198004764,-35.7455617538877,-35.6256460119546,-36.1417459839447,-37.7672693428926,-39.1657681289238,-41.2578662481297,-44.8556603377921,-50.2845014561197,-50.8305943987277,-51.6834343781007,-49.591850081074,-52.2682867916631,-51.0452459759994,-49.5449432230977,-45.9379410018036,-43.5695754405143,-42.5341465936413,-39.9509670588732,-38.3362146106431,-37.6428825310684,-37.445797038256,-36.4785019982904,-36.5647202504155,-36.466126232972,-37.0886416955913,-36.475673998403,-34.6094560795379,-33.2503407475266,-32.6428108423975,-31.717215874873,-31.9709679671636,-31.8685058748093,-32.4471959400382,-33.2201815836626,-34.479627990519,-36.2073287155554,-39.0992020782697,-41.9411674642986,-45.0169336810283,-50.5243877726437,-45.1639992559882,-41.5975629857027,-40.6847594708807,-39.4420054012049,-37.7397264969465,-38.7060387326156,-37.0645905151124,-35.9420935504983,-34.1650976190969,-32.103984411613,-30.2960442464328,-28.8170439553037,-27.590928656489,-26.6745433996891,-26.2629534662742,-26.2015107202497,-26.4967654898653,-27.2008441313112,-28.512236627983,-30.0898110865979,-31.9021747886078,-34.5434242365309,-38.2690014674434,-41.7218235016867,-42.4786311193212,-47.2301047029905,-45.9383271476151
-37.1563502591782,-36.6265021098941,-36.031139003042,-36.1610837087079,-36.7980498848523,-38.3648095994944,-39.7763656006721,-40.9780905086939,-44.6429520711883,-47.7142199355444,-48.8910961464607,-58.5794743169299,-68.4759944876363,-57.7374123408531,-52.3691944474443,-48.3975182028493,-46.5024526335889,-45.6938404085651,-41.7133612415453,-39.6463933638971,-38.2146606932248,-37.0434694706555,-35.1059669122183,-34.5362077943874,-34.1037867617945,-34.1255152837206,-33.4263735661946,-32.1731091246351,-31.8347104931334,-31.5492947388495,-31.0860840874444,-31.6013612305321,-31.6059252005233,-32.2496720953518,-32.9548567493137,-34.1984858662629,-35.3988575325436,-36.8482593009952,-39.1328196580416,-40.9424753515874,-41.9605099457897,-41.128225974688,-39.8299216646772,-38.9593542249371,-38.2238974850721,-37.1812213280445,-36.2383578545438,-34.7767070646988,-33.6036616588506,-31.9958227741975,-30.3629265849551,-28.9321725157576,-27.7092522012304,-26.6241888232419,-25.8490269881293,-25.5838041850273,-25.5895058947458,-25.8895979950945,-26.5814001320423,-27.8368388036133,-29.6185103547256,-31.6084201492083,-34.5999851120947,-39.2221096582807,-44.8418939847233,-49.6651430353685,-48.2206392766773,-45.0469884032572
-38.6311625438505,-37.5909014067825,-36.6089167769075,-36.299708044803,-35.959649382767,-37.2292605642835,-38.4380790571378,-39.0806987995395,-41.3666272213468,-45.0537045237174,-46.4310183468087,-52.1454687614527,-54.567478243439,-52.3484662645098,-51.6860500877488,-51.1025259532684,-50.5260311041639,-49.4888116867175,-43.4188466218029,-40.8406543237763,-38.5256646240659,-36.4662490436653,-34.315996422427,-33.3713204549407,-32.8179906078917,-32.2753890657432,-31.5506919700373,-30.856207672524,-30.9979528221986,-30.8405281633368,-30.9205010654716,-31.4880101960818,-31.8157857966717,-32.5523738894111,-33.2719379595086,-34.3515152306609,-35.0509641961859,-35.4085538956038,-37.3244669225347,-38.2326796929179,-38.0193472151531,-38.0632468741512,-38.4620949848392,-37.6434489198206,-37.3991757887369,-37.3236136822007,-35.0691191053119,-34.009547237686,-32.7063702574261,-31.0105395854612,-29.447106063432,-28.1147896978221,-26.9284883031638,-25.9236265802814,-25.2873163135252,-25.0863263351748,-25.1205386949897,-25.4107896605092,-26.0495914422032,-27.1537077210186,-28.942050889853,-30.9269845244991,-33.6669345831933,-37.7235730569542,-42.5052562765031,-44.5023648323529,-45.0066391435657,-42.5749628163656
-40.1821227156319,-38.4478667786066,-37.1907729550688,-36.4414117430037,-35.4871402114218,-36.0241106359362,-36.9394376505733,-37.9767242613536,-39.3311464453858,-41.9044905218588,-44.2159884710844,-44.6827422887021,-48.2966349575033,-48.6565047100565,-51.764525001743,-58.7303291851065,-60.0546557903347,-52.5933968033307,-44.0516966202414,-41.1626702667008,-38.3338963162632,-35.8690693434295,-34.0438036887933,-32.9119106092063,-32.1879555610858,-31.1962648178232,-30.5315246172568,-30.3299427441912,-30.580491584037,-30.5574941484263,-31.1733114337229,-31.759765675322,-32.5973268790532,-33.5218196708589,-34.4499549501288,-35.3167343708072,-35.6478643559894,-35.2242270515065,-36.4488351212573,-36.6209836509803,-36.0692522362545,-36.482502891292,-37.6269848854672,-37.0386816746964,-37.2240385532966,-38.2126418297207,-35.2935743167551,-34.5606482285723,-32.9816071618459,-31.0181757994395,-29.2931480927231,-27.8773083812672,-26.564270262228,-25.5789464552968,-25.0155968519761,-24.7882426122803,-24.8110080686506,-25.1063098818582,-25.6718898250718,-26.5946461970868,-28.2388118258128,-30.104635562962,-32.2038731491932,-35.1421684470813,-37.9911926257724,-38.3959297353679,-41.2697537422627,-40.2969452412137
-41.334760762195,-38.8934399772982,-37.4342900666185,-36.3807984747777,-35.2944831405611,-35.0243609411544,-35.4134233983854,-36.7177376003476,-37.6825814114157,-38.8448881137177,-41.4191263845002,-41.3470385702708,-44.4899119609264,-46.3050230866409,-49.965270702556,-53.2243527258825,-51.2119287688182,-48.7930168969496,-42.7960609525022,-40.5944082819372,-38.0087499175815,-35.6673247699907,-34.3192170496616,-33.0617544961088,-31.97167152679,-30.7281244012016,-30.1333412228465,-30.2453231582844,-30.388279869478,-30.6154734109928,-31.7267614258568,-32.4838123034768,-34.1011438271955,-35.4924743916086,-36.9759688749906,-37.5103930796295,-37.3457798977208,-36.2780108707071,-36.3353733270626,-35.9696343971547,-35.5107510962165,-36.0965779332298,-37.2912323401919,-37.2095085721176,-37.7937415638624,-39.5157376073304,-37.3046004996108,-36.6447467482694,-34.4282376584938,-31.8834831397569,-29.7490253028914,-28.0947914424835,-26.580237470269,-25.5805317886609,-25.0128013529806,-24.7088588378774,-24.7095213037162,-25.0481186522914,-25.5750999649059,-26.3568565634816,-27.7936354044632,-29.5096423331383,-31.036820848845,-33.1490315994188,-34.9799839186059,-35.3343382605689,-38.5284660915318,-38.6364039054042
-41.4133018235311,-38.7709860081155,-37.1832893712833,-36.0351428011284,-35.191778212352,-34.3519121028029,-34.2061480451511,-35.1479159310548,-35.965481050397,-36.3021797179086,-38.1840579730777,-39.0744359699721,-40.7048763161739,-42.6711993991468,-44.1886098700326,-44.5832263116292,-44.3550375243379,-43.9593880112603,-41.2440756575544,-40.3505971341004,-38.4300878873027,-36.415465379531,-35.2703778926261,-33.6993739693622,-32.0171478106737,-30.7116868328631,-30.1089959804223,-30.2435215836064,-30.2380077177562,-30.7886589161931,-32.2884981516107,-33.4295114205811,-36.3345453232788,-39.1055381215495,-42.2132795366336,-41.4416881838269,-39.8426148464991,-38.3448772457994,-36.8753370102947,-36.2390840511016,-36.169323532028,-36.6862027861285,-37.4710289587984,-38.1180765931831,-39.0493604833515,-40.5256435866066,-42.365537987114,-41.2201297006622,-37.1297114242046,-33.3213617892169,-30.5073147454431,-28.4929538682277,-26.8309140232658,-25.8313699213831,-25.2255271874919,-24.863452750099,-24.8758697892149,-25.3040511552133,-25.8816163517032,-26.6156714616688,-27.8480185989169,-29.4200344283508,-30.5912546852862,-32.0956855906921,-33.3487657640184,-33.9453554163421,-36.6739760087358,-37.4543684463015
-40.5055591465745,-38.339274789217,-36.7825835673229,-35.6305642084381,-35.0901640760062,-34.0249233947257,-33.5240787909397,-33.7766054728712,-34.3101650472001,-34.3934891192401,-35.3650070262894,-36.6469775913921,-37.1494389285676,-38.5062314217968,-39.2944448850181,-39.8372909750548,-40.475910327279,-40.582083482167,-40.7344858464149,-41.5839976560198,-40.7799120161805,-38.793159991036,-36.9668548287047,-34.5058656280902,-32.1720664212892,-30.873707503119,-30.1580577412632,-30.0544455129077,-29.9863613145917,-30.7723166664166,-32.371834065885,-33.8562070459438,-38.0498562059582,-43.8811059341319,-65.938572786247,-45.5139230978126,-41.5450539853275,-40.6304884188154,-37.9838220757259,-37.4753931025215,-38.0832618166347,-38.2134883093565,-38.3199762535265,-39.651172681339,-40.6975200871451,-40.9945858912653,-56.0681560911049,-49.8634797271472,-39.8782166434491,-34.4019515516948,-31.029966428895,-28.7291157736944,-27.1180354276336,-26.188784371918,-25.5873462758758,-25.2524753188195,-25.3507348179143,-25.9115859836007,-26.6706023707511,-27.5015796304319,-28.6010485600035,-30.0693502533976,-31.0870958702319,-32.0443351750307,-32.8700408584452,-33.7340752827116,-35.489956031574,-36.614935370357
-39.5194933632285,-38.0617022055805,-36.7478379386716,-35.5758706928822,-35.1273646207924,-34.0770747033756,-33.415808722995,-32.9838778605675,-33.078336380704,-33.1358415622227,-33.3504953999271,-34.2653793097368,-34.3954540516545,-35.1860592481158,-35.8548144005796,-36.6846992564829,-37.6804308064098,-38.1878897498539,-40.9846124210015,-44.6176016621227,-48.9919449278857,-43.0787552145426,-38.554531950969,-34.7441742140064,-32.1661345738852,-30.827332742848,-30.0094821786116,-29.618669896776,-29.5898082529726,-30.4219799968522,-31.7485887720359,-33.1992708031721,-36.7240689299322,-40.4560521844963,-43.4859647368268,-42.4535948171975,-40.9225771580346,-41.5917196400383,-39.5215075468381,-39.8910301433411,-41.5751665093554,-41.0747921320595,-40.2179454197592,-41.6330147384822,-42.1712160906013,-41.3810448141478,-43.8852446152637,-42.5425289548902,-38.3576012164247,-33.9292729152641,-30.8979936618889,-28.6734097909517,-27.3267788020389,-26.5447563065057,-26.0377412824802,-25.847043483492,-26.1181293345016,-26.8387974682577,-27.9439146223871,-29.1013316894066,-30.2779369939978,-31.7812448236915,-32.7989429700422,-33.093190995939,-33.4168205571261,-34.438913465348,-34.8183571573793,-36.0744551350781
-39.1343886999761,-38.3311589740878,-37.4510315414584,-36.2585692525571,-35.6160415088776,-34.6293368678521,-33.8611382512377,-32.8680379191819,-32.4925049350974,-32.5040296671474,-32.1676730569363,-32.4897653640749,-32.5794659105045,-32.950894717459,-33.5477769939553,-34.4332220179672,-35.3576716411907,-36.2707457705942,-39.5322575063911,-42.7511594577652,-47.1582230448638,-40.9852422282391,-37.3702836673054,-33.7660473538588,-31.6745694157829,-30.345361909147,-29.5953274582967,-29.0735676141267,-29.1547540974844,-29.914419478321,-30.8322678038177,-32.0693831506953,-34.2090953593005,-35.9712387362129,-37.8045636915714,-38.8482490775161,-39.3569768204623,-40.6820080270148,-41.0831428305568,-43.7929624476188,-47.4814819950692,-47.1544232131872,-43.9905825089605,-43.7144049931035,-42.8228332655613,-41.6889586896531,-38.9949358417336,-37.5221782403278,-35.2712151307638,-32.5640390385442,-30.3772934720915,-28.5533385798826,-27.5264045222884,-26.8916591406061,-26.5336705226228,-26.5725160093328,-27.0595323138253,-27.9210822492732,-29.5265401506349,-31.3799256567328,-33.1939873028245,-35.2618535176267,-36.3252480209856,-35.3852203475462,-34.8286844353773,-35.6907923440141,-34.5743281715504,-35.8323310750201
-39.626753005251,-39.4522017737952,-39.1724964434286,-38.0459901914624,-36.9516055457616,-35.8895240828486,-34.8317050965225,-33.3843283812602,-32.5922578135044,-32.42307671042,-31.736327006275,-31.5214510098254,-31.6434731189446,-31.7166260189759,-32.1653642275988,-32.85893466887,-33.4876984589359,-34.5580504080493,-36.1182083993329,-37.1893045411747,-37.4330975214736,-35.5547646872891,-34.2864714839475,-32.0424896295481,-30.6912662073196,-29.5988914217587,-29.0681484534957,-28.6272707555173,-28.8750323844719,-29.5579326690608,-30.1822785550722,-31.2953135605856,-32.5381083089619,-33.6403707198115,-35.2309823939485,-36.7355928823017,-37.8371242574735,-38.818596156519,-41.5923211474693,-45.6624534743557,-49.5447434937827,-61.2063317528597,-48.8839551436004,-44.2249131287603,-41.8932926347918,-41.1312444692211,-36.7453940629884,-35.2468138414551,-33.4143756627652,-31.6140321252992,-30.0878415306023,-28.7145591993449,-27.8980552563074,-27.3051822807857,-27.0518254614618,-27.2998810792543,-27.9293157845368,-28.8285176044023,-30.8642500485159,-33.7237051997405,-37.2903584637505,-43.1140448348635,-42.9585454114419,-38.5746556951114,-36.5993231843969,-36.6597190964092,-34.7528023666347,-35.8815936203532
-41.0359400372004,-41.6871077422505,-42.3098822947469,-41.5035957024641,-39.6581611458807,-38.1128925550942,-36.2915876921344,-34.4097449904719,-33.2609914982045,-32.7579479459426,-31.9527265793328,-31.3460753822033,-31.5009170121894,-31.3928568259817,-31.6208364255022,-31.9640439147776,-32.2645373901952,-33.1258598509109,-33.2532628044341,-33.5751538636095,-33.1897415888761,-32.2470523432322,-31.687362923334,-30.4141414233764,-29.6031669037576,-28.9188950692784,-28.6330137457976,-28.4507802726359,-28.9091606922749,-29.5702842436497,-30.1123304628893,-31.251686797341,-32.0303021012726,-32.9229682505172,-34.2333399359829,-35.6415616662092,-36.6090402922863,-36.9753298801429,-40.1761718785677,-41.144458799131,-43.2107829296787,-43.8019470473784,-43.24366555496,-41.3315118157789,-39.3305879535886,-39.2524712794616,-35.4761213245001,-34.463646867442,-32.9276974767951,-31.6640554564784,-30.5087896909733,-29.4260982595673,-28.6079184327797,-27.8768606863525,-27.5803546581394,-27.8685863315974,-28.4435685718155,-29.2342016054095,-31.1793169066082,-34.3345090776293,-38.0955368865396,-46.4771508598912,-43.2861616791608,-39.6482457394417,-37.6177504759259,-36.5995616366093,-35.4183215750607,-36.2085075505429
-43.1110578388277,-44.9899700277609,-47.8345150106365,-48.2484284925575,-44.498794523244,-41.3395698300374,-38.0640110135767,-35.7127470286238,-34.221052885945,-33.3399461681988,-32.7038103584717,-31.9181116971741,-32.0942155819795,-31.9439150186723,-31.9219352724374,-31.8588046561916,-31.8581885368708,-32.2310747255408,-31.6159099466644,-31.5888233258862,-31.0166520360324,-30.4713869053082,-30.0255527328623,-29.2983803920361,-28.8045926873059,-28.524255398354,-28.4375624959615,-28.6295749069162,-29.3113631459744,-30.0287478123842,-30.7314784038511,-32.0768759149833,-32.738803449454,-33.6480629346925,-34.5160651341194,-35.4079823091178,-35.926840986571,-35.7533632644582,-37.8831221698314,-37.405369506735,-39.0156271750695,-38.5296739220475,-38.0685158999485,-37.6589882601558,-36.4647021946806,-36.700071448199,-34.7743548284016,-34.6971993824762,-33.8080341704459,-33.0988865394291,-32.059738085887,-30.9012485013554,-29.7492827611321,-28.6458061525688,-28.0868316855587,-28.1499263482061,-28.4820619675032,-29.1116346562606,-30.4744224659147,-32.8926551380042,-34.6889825739181,-37.2439263747317,-37.8061733994757,-37.7943954615944,-37.5125340349135,-36.1609155752592,-36.6723900349576,-36.8305564031179
-45.1342215756844,-47.2771554613815,-54.7807187407171,-56.2317230585735,-47.922807769536,-43.4752149725964,-39.458778222004,-36.8879777466835,-35.1178542375051,-34.0481395602515,-33.8606780122631,-33.2508036722964,-33.4325585428524,-33.4222870186643,-33.1768378966297,-32.706895695497,-32.3747550165154,-32.0826854715406,-31.1416065967975,-30.8178422421557,-30.1658718952949,-29.81344503814,-29.2633228799099,-28.8382272879524,-28.5183430295428,-28.5164198550297,-28.572128259782,-29.1549082378563,-30.0144297591488,-30.8649924152029,-31.9955001425533,-33.8470791094697,-34.8481958929957,-36.0559817600689,-36.2498089637313,-36.1486596209119,-35.9591674514011,-35.3532017044955,-35.8893427389383,-35.1943400615398,-36.219678413247,-35.6178882343355,-35.0525689938252,-34.8657209676831,-34.2180932982113,-34.3207347587029,-34.5187468734521,-35.5114313668322,-36.2182561062613,-36.8012160402431,-35.5166480259906,-33.3122493054756,-31.2280299473619,-29.4733817904258,-28.4546824411747,-28.0942452078427,-28.1360463942446,-28.6678639975472,-29.4510710444847,-31.1579963098866,-32.2384590792289,-33.9519049839219,-35.5247664700901,-36.6148669668526,-37.4617877973393,-36.4391364811192,-38.5896049033582,-37.825093576255
-46.5044284301414,-46.3274261847273,-48.3808056883602,-46.6739360279526,-43.2992657916783,-41.4791351635087,-39.3826349789939,-37.4682897844891,-35.7661498087997,-34.8608089128676,-35.2507383666976,-35.4143345985585,-35.6442070069521,-36.0555549314997,-35.6608983773661,-34.7190228622928,-33.8579267436575,-32.7548591177603,-31.6793373627141,-31.0300537570573,-30.3547268620384,-30.0726031469639,-29.3593472343755,-29.0979091767891,-28.8593449556573,-28.9590634070801,-29.0988730336138,-29.9384971652533,-30.8330461260414,-31.8292395823143,-33.5901227974904,-36.4747147911493,-38.7732083730277,-41.35509837983,-40.1891058606831,-38.0191060367643,-36.5804880482162,-35.666438709952,-34.5736122995371,-34.0977706639357,-34.3747721776571,-33.9214291484954,-33.4361951095245,-33.1440800181144,-32.8270582377716,-32.5958453511786,-34.3043972189188,-35.9202861188845,-39.4412370306388,-46.674747714458,-42.9283779274102,-35.9749922287352,-32.2763440801585,-29.8440845394199,-28.4506289009729,-27.7080114953575,-27.5476993771832,-28.0547112919459,-28.5301904646315,-29.8535438276291,-31.0294801656474,-32.8088089170198,-35.1934233742869,-37.0073640907499,-38.5401609772295,-38.1805884629384,-41.0339410326597,-39.2848541297659
-47.4906899765009,-45.1666270039359,-44.1096020670511,-42.513348430773,-40.1001343720978,-38.8754314714166,-38.0144044893316,-37.2801104223767,-36.1749045153791,-35.7450066360155,-36.5856586305168,-38.2115099809065,-39.0257382701045,-40.5693787573574,-40.0489107804175,-38.0530662688864,-36.1632986529953,-34.1250307019493,-33.0472491472867,-32.0769597458563,-31.4524267773822,-31.142998232563,-30.3226632915973,-30.1394572054871,-29.9177166012206,-29.9305203013655,-30.0742924717008,-30.8606103793332,-31.5390296823758,-32.5493330861333,-34.7449777004836,-38.6863322903774,-43.0471299366127,-57.3656408085355,-47.0413056344903,-40.217560071899,-37.1485019752365,-36.2264203937666,-33.9752006636717,-33.8502785916461,-33.4041427057101,-33.1791813094941,-32.9321135109246,-32.4671234525923,-32.3050687169661,-31.7181668767485,-33.5985384261975,-34.8433519311165,-37.8934087362632,-40.7636739281464,-39.7728841664501,-35.0379250707783,-31.4505259561989,-29.1466757455308,-27.8718408019785,-27.0240451029813,-26.8149990652591,-27.3147918078814,-27.7729101209118,-28.9830332717612,-30.6138795957039,-32.7682114358544,-36.0761540243109,-38.9869736743132,-41.709613821019,-42.5070812441604,-43.204127627023,-41.1457006403992
-47.7103040080277,-44.5605895108783,-41.8247445976991,-40.0911878603373,-38.3572695765325,-37.1528934819076,-36.4407620364636,-36.4926704630536,-36.2358446503693,-36.4414768452441,-37.420239502042,-39.9344488557646,-43.4271932538741,-50.120121083792,-47.4279177402893,-41.5763106629967,-38.5205036749385,-35.7828764977018,-35.0130611174887,-33.8549975110589,-33.3910947028876,-32.9590170887712,-32.2080523379536,-32.0510009957149,-31.8097176532671,-31.5505518406022,-31.5709882380122,-31.8688782029975,-32.0723656824882,-32.876160638756,-34.8141970472873,-37.7577908084806,-39.8888016634907,-42.5222066132902,-42.081178439808,-39.349907649144,-36.8431666475283,-36.2805441883535,-34.0496494978442,-34.2900208022763,-33.3801134959005,-33.4332637362144,-33.4792610144144,-32.8401969576645,-32.6334762352078,-31.7346150300114,-32.609057450463,-32.9907567133475,-33.8576756370011,-33.7504212196411,-33.0043680687964,-31.3867481836757,-29.1782306880511,-27.6148797104965,-26.7934690087164,-26.1201427385337,-26.0027764655856,-26.4739624540486,-27.1082367049862,-28.3734444335462,-30.4921173157746,-32.9243129864699,-37.0541592070784,-41.6354501937418,-49.4189574132771,-56.2932557898232,-43.9550962901835,-42.925206268712
-46.1722690320386,-43.3550035278837,-40.4375505304406,-38.446308726807,-37.1899729171765,-36.104176865808,-35.203074274603,-35.4056745472446,-35.7713050071261,-36.5097908082028,-37.4383502455277,-38.9517801064597,-43.6759408332285,-48.9510538659943,-45.6864702121259,-41.4930027127203,-39.7016076118181,-37.3072193021689,-37.3903498546815,-36.3307460585987,-36.1292746829294,-35.4712640861354,-35.0986721231568,-34.9583173779457,-34.7158667382693,-34.0192594085182,-33.7166150949952,-33.0891949781185,-32.6838508803391,-33.0954361121283,-34.2272313869995,-35.2766099218471,-36.1088434379729,-37.0950505125036,-36.9262010474672,-36.4842879490261,-35.8793285119467,-35.6497963503767,-34.7606002842013,-35.3271814439021,-34.4829830120976,-34.8910009854097,-35.1583043779945,-34.3392121675336,-33.8062461500211,-32.6147065846258,-32.0204092747716,-31.5518595498332,-31.155279591127,-30.400531116082,-29.452861964074,-28.3832770725524,-26.9450120549648,-25.9852691058927,-25.5167181410777,-25.1233027845799,-25.1620041569182,-25.5949269367729,-26.4653679044586,-27.8118813539761,-30.1574831807168,-32.4468112842544,-36.5688073585085,-41.0019096014566,-47.868001990404,-47.508850547103,-43.8615664291537,-44.0416580384548
-43.8839478759867,-41.3954480273339,-39.376884574705,-37.3679151662847,-36.2411890950547,-35.431647337858,-34.4397040600773,-34.3851331587405,-34.9633798692472,-35.9018036335285,-36.8407091931946,-37.4719030181046,-40.0586936318289,-41.6421061331845,-41.0241547008612,-40.094298152728,-40.1541842916231,-39.0586286323763,-40.2899135061349,-39.6482143708477,-39.6368669784253,-38.6287791722445,-39.0411274568447,-39.0041415142713,-38.9471058430476,-37.7502546550159,-36.7818414959717,-34.8607571859668,-33.7782820507476,-33.5795513335871,-33.658063303286,-33.3362810319102,-33.8901817728919,-34.4115866176841,-34.2564699347842,-34.4097362346937,-35.0244646393973,-35.0100913251131,-36.1132374447639,-36.9540418189107,-37.0926245074715,-37.9746650893529,-38.1833100270543,-37.1145779815451,-35.8248800451656,-34.2674463941687,-32.2048533417735,-30.9706029726051,-29.7307438721252,-28.6581139831795,-27.4569591812182,-26.358613067268,-25.276089674431,-24.6581104868107,-24.3167610608315,-24.1656800319562,-24.3422661057721,-24.7659324228856,-25.8254570002564,-27.1565445829734,-29.4130000413725,-31.4238707747215,-35.0024635477266,-38.1288047358767,-41.2171297416348,-41.4639693235186,-44.2092606576029,-44.9210463657816
-41.9370202176625,-39.6840783711747,-38.4220140865601,-36.8217423276348,-35.604483923699,-34.9958021580237,-34.1741461622627,-33.7618545395304,-34.2585173234308,-35.1070333673513,-36.0691186154528,-36.6959969110235,-37.5943132077039,-38.6070555644715,-39.1354157474652,-39.974557854191,-41.1437081944828,-42.1656470241906,-44.2059709021378,-44.3834028803725,-43.8975143306013,-42.2573336129278,-43.7690738968467,-44.1392344829573,-45.2160408736345,-43.9800067942673,-41.3844980813191,-37.6549182235937,-35.6216957636631,-34.4194215355405,-33.3240473014657,-32.2171343147831,-32.6250204738634,-32.8610662596587,-32.8558460323994,-33.3143393128957,-34.5342828441373,-34.9073423757137,-38.0367118008794,-39.2725331813528,-42.2164789673359,-43.7612798711495,-42.7845792759394,-41.2689748226152,-38.6586339890889,-36.5827983397089,-33.1602763141782,-31.3134320669355,-29.3027216222985,-27.882530160878,-26.4014536582983,-25.1270303311967,-24.1928635804164,-23.7164020201466,-23.3497261499622,-23.3470610590775,-23.6048170712893,-24.0685991101053,-25.2180722568786,-26.4354174258248,-28.4977948434876,-30.458827054712,-33.5959570734346,-36.1375044169756,-38.6725065124964,-39.6500515541829,-45.6033815179667,-46.5525037108339
-40.5344122581508,-38.7416667656687,-37.7229883923448,-36.7881955800151,-35.500322991201,-34.8535867852067,-34.3922953969766,-33.7353545403114,-33.9850003285524,-34.5858376048158,-35.4250599056926,-36.4514231293597,-36.3752821952434,-37.2880116304123,-38.7751087300876,-40.9640046809475,-42.8131773890202,-47.725208540265,-49.4143268600587,-52.7122977839722,-48.6662620594531,-45.4841412051486,-47.8463805028276,-48.9493094988722,-55.8869631421616,-59.9052004878261,-47.8026576479123,-41.2123478039229,-37.6889688341813,-35.2268926137253,-33.1697398508129,-31.801853886466,-31.894126439029,-31.895587273129,-32.1406195995625,-32.8101523308481,-34.2134558384331,-35.306601182872,-39.7229706875193,-42.2717110135283,-52.6060735524425,-56.6195877715338,-47.4533589950382,-45.9853497933552,-42.2231711508031,-39.6352613656565,-34.6378861456151,-32.4331131437889,-29.6233020118146,-27.7201257839511,-25.9521484520869,-24.5099175376292,-23.6055569210291,-23.1269704285011,-22.686591754009,-22.7337437601377,-23.0223777859293,-23.5576087302061,-24.6919707999795,-25.7980770191988,-27.7182704299875,-29.7979390010947,-32.6515929492269,-35.193189873727,-38.1279056232223,-39.8675755685031,-48.4962680182436,-49.5953674620452
-39.716946183816,-38.6423643367466,-37.5936006700471,-37.2549948293189,-36.0727731428347,-35.1800152277088,-35.0559844776641,-34.3756273151638,-34.2891183267603,-34.5549168544046,-35.0825062865042,-36.3232123913836,-36.0570113815056,-37.0003798829835,-39.1740552406102,-41.891906890525,-43.9914006388959,-48.4585354136528,-52.1264340163863,-63.1323038059463,-51.2017595998122,-46.7558535681669,-48.7523554525206,-49.5477585643055,-51.6808238547408,-47.3537796010437,-45.5220313446609,-40.9091840017803,-37.7789108838939,-35.255194430784,-33.0624018962619,-31.8772893554312,-31.45955926797,-31.2876322958763,-31.7737209310116,-32.4994755348887,-33.7859074101178,-35.5173376278995,-39.3007261392273,-43.6937903464166,-46.3262561483528,-49.8190923986701,-48.0015752664841,-49.3122227807944,-46.8453678306009,-44.0853728891354,-36.2344346517352,-33.7326891272209,-30.3087749135802,-27.8714129303485,-25.8662529022672,-24.3495412060334,-23.4165275499803,-22.8398612670116,-22.3539569689039,-22.3721834755623,-22.6620649778578,-23.258979402731,-24.2944896931692,-25.3820002894854,-27.2012253583426,-29.3715363423438,-32.0356948674389,-34.8896954885929,-38.4485128050673,-41.0286702537719,-53.6547947971278,-54.903905037411
-39.6338855446104,-39.378396588918,-38.3222130887306,-38.2501797136559,-37.3847154084477,-36.1648966408994,-36.1207022218558,-35.65611150762,-35.2125784461276,-35.0848381577296,-35.1839597463582,-36.1695159418659,-36.3906227781083,-37.3992846927115,-39.5901259588488,-41.6704900164722,-43.7834929467441,-44.581226859447,-50.1097337711367,-51.6981543420352,-49.3627703381555,-46.89224455198,-47.2576151221498,-46.9515640935444,-45.4240957675405,-42.4207293268274,-40.9601467217203,-37.6510168784267,-35.9303968244098,-34.398139197414,-32.8773552403331,-32.1274996964547,-31.22039671109,-30.9762552534164,-31.5878999895638,-32.2167518016423,-33.2513887244015,-34.8722614984421,-37.3103185555046,-40.7306311013578,-41.6069115626482,-44.4667804188278,-48.0288252784635,-53.9479468689515,-56.3042481877476,-49.5303266472295,-37.288173129362,-34.1261003426377,-30.7809848202519,-28.0906369905738,-25.9916449956671,-24.5158095381586,-23.5515130518596,-22.8269262073085,-22.353037452122,-22.2940815192848,-22.5657465774535,-23.179408820689,-24.0694786230725,-25.245195317511,-26.9318857579143,-29.0870702298377,-31.6241337159832,-34.7599390466927,-38.2811929099124,-41.1333673146762,-54.7100030040389,-62.2694031982194
-40.5348267196022,-41.0301868470911,-40.1837667554683,-39.8677311259854,-39.4357910882674,-37.9630496178707,-37.5754244656879,-37.4756830037337,-36.73386536729,-36.1864062291096,-35.8595950935449,-36.224667822654,-37.1820483748591,-38.173991842545,-39.5930352171352,-41.0583311014202,-43.2962230174737,-43.7333045633643,-48.2312570086062,-48.8942244476479,-47.7579947485266,-47.7374748871797,-45.9551406159606,-44.6567895805157,-42.2364160566966,-40.3106955505905,-38.5039972294354,-35.5942099445854,-34.3711996267991,-33.3652323266698,-32.5703302660554,-32.223033368149,-31.1774842598774,-30.991294715285,-31.5774290090193,-32.1030967064032,-32.8995262510027,-33.9324195181565,-35.5904549385768,-37.488116616981,-39.4546611209047,-40.8631721827018,-46.5897998634629,-49.4199661867817,-50.5989900871911,-44.982090054111,-36.8737230256598,-33.5071508269411,-30.7797862370707,-28.3304502225177,-26.3299163073962,-24.9504075497754,-23.9745626833921,-23.0899080258442,-22.6627064358161,-22.5078409635365,-22.7381422710741,-23.3152810363592,-24.0611329522714,-25.3777269125395,-26.8710560690283,-28.9920795556396,-31.4349851053998,-34.5569871432288,-37.3129417797955,-39.680940410507,-48.5447369856685,-51.8563804634165
-42.7905735964994,-43.9077622851163,-43.6001114848602,-42.2551497337147,-42.0469706496074,-40.6650261040134,-39.5016337307788,-39.6899464174457,-38.7825782537014,-37.8525349480361,-37.1983355549834,-36.8048132471953,-38.2731705257179,-39.0321539173415,-39.494198424572,-41.0329673142366,-43.2818278642906,-45.4279685358764,-46.9725407833262,-48.7063996708403,-48.1158923068229,-50.0941355751236,-45.7856751102455,-43.6971773416001,-40.8135037106741,-39.2988026673967,-37.2246365735066,-34.8017971856615,-33.6592270181244,-32.6670446506065,-32.2298177281089,-32.0725476189179,-31.3816897416792,-31.3890912776796,-31.8570566379685,-32.4201479941774,-33.060255025174,-33.6245517580112,-34.705104058215,-35.5388627752559,-38.0404015976534,-38.0025040186215,-41.8767810116076,-41.8577346868431,-42.1085083905502,-40.018187442553,-35.4168944800268,-32.9286947542801,-30.8108351818208,-28.8288908217193,-27.0496540755577,-25.7075614471713,-24.6867129811803,-23.6434184909041,-23.2320301920181,-22.9816787136223,-23.1420647324037,-23.6532273032005,-24.3096265615656,-25.7440341569014,-27.0478687190411,-29.2373704533546,-31.5794721763655,-34.4802247404849,-36.6193818257789,-38.6086210121742,-44.6770359823779,-45.720555820998
-47.0380225951524,-49.0141240224711,-49.5539220924384,-45.433968212784,-44.5531579752443,-44.2086729157194,-42.1592854011732,-42.2141487962203,-41.2941929851926,-40.0657797443991,-39.1898142085384,-38.1207405026413,-39.5496736626921,-39.8803864876453,-39.8443072461483,-41.7428222458017,-43.541477462738,-47.86738391638,-46.4925215158556,-50.4777166702235,-51.5511581444358,-53.9827201500032,-46.3363168883223,-43.9140989835811,-40.5243131747519,-38.6549288962542,-36.4838972119149,-34.7227726994356,-33.5806792497326,-32.4232463866917,-32.0308355999417,-31.8884968316487,-31.8820914733096,-32.2016815883011,-32.5918522524634,-33.4025719245791,-34.0094140438941,-34.4461726414903,-34.7801089020986,-34.8960360754579,-36.8804016685827,-36.186196403025,-37.8664998468028,-37.5582818987658,-37.5628428663792,-36.9232780213238,-34.312411772052,-33.0816246575286,-31.6260769405481,-30.0356454869957,-28.4365961388656,-26.9331871746604,-25.6935809513687,-24.4702693339432,-23.9647605702101,-23.6264265979429,-23.6980727532577,-24.1610959561076,-24.8331803910685,-26.3232963126009,-27.5751125233354,-29.9675620306753,-32.1902246758514,-34.9477823859947,-36.9037075946777,-38.836460779864,-42.5699662199149,-42.4997370833444
-52.1950832166127,-63.4770052561951,-56.314653288878,-48.4656887338186,-46.27300965706,-48.3302933945479,-46.2337678563045,-45.2623248462763,-44.2447808921661,-42.6610976563432,-41.6139855795659,-40.28223403978,-40.9484618425664,-40.9083345815948,-40.9776146122959,-42.849710496193,-43.7859576312949,-46.7320835425426,-46.8950771420364,-52.8014405168199,-60.6096884512802,-54.4876899118521,-45.90718325671,-43.9378610147448,-40.3816758751541,-38.0007547801374,-35.8697729257737,-34.7550505043319,-33.7521565296188,-32.5793145563633,-32.1306810485065,-31.9503068908132,-32.6882120385115,-33.3964395704353,-33.9253799446443,-35.2629017786519,-36.0604925071866,-36.7526181707472,-36.0261384812148,-35.5202007624262,-36.11493494035,-35.428517855241,-35.2938428415882,-35.0656954851653,-34.7843575425203,-34.8408289054796,-34.1409113727449,-34.2468583653908,-33.9838563549793,-32.6610018575595,-30.8610647505249,-28.7493491000355,-26.908250288721,-25.4432936727129,-24.703595477492,-24.2914882120972,-24.2903425545888,-24.7720644116556,-25.5947199707205,-27.1179198540179,-28.5876438440629,-31.2777702242174,-33.445700360199,-36.3437619497209,-38.3317414760058,-40.5455370744322,-41.7894180156528,-41.3972412816852
-48.3330544956775,-53.4662510208291,-50.277802685783,-49.3821677194086,-48.0731815242646,-53.5623667798154,-54.3930674746727,-49.5457762932175,-46.8860057927126,-44.7872216664793,-43.9428852402133,-43.2792503022908,-42.4641578930123,-42.4101986339556,-43.0749369564399,-43.9692690185104,-44.2594159850361,-44.7766500620529,-47.6038354308954,-50.349724111674,-50.9145104537845,-50.2022118575667,-43.9898755828287,-42.2891419028303,-39.4788932337132,-37.3576673095295,-35.3270655039279,-34.6238762511113,-33.876208667031,-33.039634851136,-32.6073638083084,-32.4362072344315,-33.740916016239,-34.8361484311666,-35.8633691647955,-38.1624101067214,-39.7848342514199,-41.2355388266401,-38.956257000381,-37.4031048599223,-35.9263835138362,-35.46359430093,-33.9061061104716,-33.739793104143,-33.1540369962289,-33.3844641547236,-34.5910209702912,-36.3837014876588,-39.3039317272554,-38.5122536317685,-34.4738937273384,-30.833871716034,-27.950539211308,-26.2444954030919,-25.2417260174873,-24.7950590960394,-24.7847120396821,-25.3648506881002,-26.4511370982279,-28.0945312214633,-30.1193240221522,-33.2224433600167,-35.7132099810553,-39.1281656599823,-40.8772584490535,-43.6678799266292,-42.1533717808642,-42.3992804076734
-43.9327756872635,-46.2462361071648,-46.1052100875807,-48.9745383439071,-50.7096284246018,-61.0781319086525,-59.7301542931845,-52.5363008677144,-46.6278852988774,-45.169810911242,-45.5606483497787,-46.6071077338486,-44.1534889035287,-44.6610519252046,-46.3269627544716,-45.3553753125335,-45.5616534299944,-44.4376378334306,-47.7640236069517,-46.7724042002051,-45.3679096641106,-46.6978898019104,-42.136408685198,-40.2829894267282,-38.3412781418951,-37.0024995666999,-35.1304486317609,-34.5932143129045,-33.9798959130684,-33.7299499564383,-33.4531490634664,-33.4048940291959,-34.8903045259219,-36.2579536624014,-37.9645790435537,-41.4352800799873,-46.274355914416,-49.7342566982053,-44.400537239066,-40.1223485872976,-36.287719454493,-35.7910740635367,-33.4712109582331,-33.2246312735806,-32.3832724400439,-32.4155011629063,-34.5099491860904,-37.5173591667443,-43.4219792062613,-45.0528426006923,-35.853220805651,-31.4737370906629,-28.1261939324194,-26.4708162427429,-25.4018827511243,-24.9947121932675,-25.0621035913466,-25.7589049824322,-27.1162614727633,-29.0255811469626,-31.7925062487274,-35.6617287995811,-39.8565472407612,-44.6019537565327,-44.4982262289412,-47.269262772127,-43.202767318736,-45.9440688797195
-40.9698933620804,-42.3067213748016,-43.3497760488707,-47.4900630295991,-49.0495246385847,-51.6637946082364,-48.8955623219796,-47.7073633362493,-44.6089265050423,-44.6061497996646,-46.1785583773214,-48.2431858149816,-46.0390214159491,-47.9787358690139,-51.0346007240676,-48.1369828002627,-48.350137490694,-45.5051830216013,-47.64886475465,-44.8121095580775,-42.8090456052595,-44.1324990841503,-41.0389052270808,-39.2037511590829,-37.9252353892846,-37.226450829591,-35.6415367985906,-35.09073003076,-34.3732939879305,-34.6215972451548,-34.5899202562248,-34.7898172073787,-35.9130191433162,-37.3490698358114,-39.1397050624213,-41.930592372404,-47.9424232958198,-48.9433105331503,-45.7189318116228,-41.4939679882025,-36.9419798475752,-35.9096532404084,-33.7800968702736,-33.2382394754846,-32.2752562048565,-31.9040667969725,-33.3026698550955,-34.9945272864371,-35.6277562112882,-34.791330188423,-32.2683102121392,-29.7309998923197,-27.259954729883,-26.0367432479296,-25.1527628108279,-24.8558869771851,-25.057529346956,-25.782503712732,-27.268176548681,-29.3596881834973,-32.4104223142636,-37.1430959606384,-45.1860332465229,-56.2648444510756,-47.3074071990854,-47.2483884839457,-43.2357354496278,-48.2701652273724
-38.7280952673477,-39.6706923366356,-41.232128642372,-44.2943086260875,-44.4716384202749,-45.9036542771603,-45.0984258307435,-44.0495119968899,-43.4938343019637,-44.5639518706906,-45.9948400816785,-47.1875631669668,-47.7883198259578,-52.0781568458782,-56.1681743994897,-55.3726936014376,-52.9529550070101,-46.8780718012095,-47.4241883201394,-43.9717717013117,-41.754139782603,-42.1723086327048,-40.6774589941882,-39.2656256845229,-38.6719468089476,-38.3003742474698,-37.2324766724117,-36.4866383403294,-35.4364409357759,-35.7263461088329,-35.8741657912625,-36.3495025988304,-36.6118561824586,-37.9314414134815,-39.0985949562111,-40.355063738344,-43.1529098981718,-44.1976059272005,-41.3183184460878,-40.5503146372575,-37.5230505980532,-35.8315973864503,-34.5438893489698,-33.5043744762214,-32.641736437457,-31.868019925881,-31.9801501252907,-32.0937031142868,-31.5955272393476,-30.4101567357709,-29.1788828573056,-27.5968382696461,-26.0348085601625,-25.2650558566312,-24.6287170711456,-24.4590541037766,-24.7824163715948,-25.4175284224446,-26.8409303922574,-28.7072424288753,-31.3334506378959,-35.3535400456177,-39.5188545017311,-43.3086728530987,-43.1626984920355,-42.7514181665605,-41.1602046645084,-42.9853969716476
-37.0154564392501,-37.9103874581692,-39.6263815188705,-41.1859434580332,-41.6144033413116,-42.9374707287059,-43.5549596014054,-42.6532969552653,-43.8945145622175,-45.5206871925215,-45.7543353948369,-45.8068176420623,-48.6501017490149,-51.8756856766794,-54.4798820487919,-60.3227748135559,-52.9510662765129,-46.9034266382719,-45.8617549993521,-43.2286940081215,-41.4900715495939,-40.6974738839573,-40.8329470621904,-40.3185917814192,-40.7400878933823,-40.634799409808,-40.5185386381395,-39.2850726847377,-37.5439024795923,-37.0538486212552,-37.0420824753388,-37.603425962349,-36.9239243024687,-38.024252084729,-38.8638983351126,-39.7096293281308,-41.558421530589,-43.2829356783046,-40.028097873863,-39.9872058875201,-37.8475595371038,-35.9557417040308,-35.3189832790092,-33.7950021267841,-33.2754936036539,-32.3495940457783,-31.3495627357507,-30.5013523872282,-29.7675384860053,-28.4233479367928,-27.4223583532263,-26.1246975262161,-25.0400897455092,-24.4994484612211,-24.0228934450382,-23.9434024625366,-24.3158311778754,-24.8380540371375,-26.0946907016714,-27.5072658416678,-29.7201471248796,-32.4404374010182,-34.6727550145593,-37.5765878341883,-38.4225321843466,-38.4916371422886,-38.8051583478093,-39.2594131575979
-35.855458299769,-36.8474352687548,-38.5317932497812,-39.2192579571532,-40.4732439011292,-41.6989916751683,-43.5201109829367,-43.2905988871163,-46.028050909698,-47.4548733096542,-46.249100232802,-45.422269124072,-48.6633928953254,-48.5045923873412,-50.7203389039949,-49.1663506666256,-48.329848900584,-45.796777900543,-43.3437376417,-41.9476788756205,-41.4481132408937,-39.6928363945463,-41.072128057124,-41.8944453848541,-43.856677580226,-45.2349595332819,-47.5762691355537,-44.4636281198549,-40.841330753283,-38.4292582070737,-37.6370668867113,-37.9176913146846,-36.892726038102,-37.7057697791661,-38.9228957214668,-40.284982571599,-42.51772390366,-45.4813576648426,-42.0342331796168,-40.9652775070968,-37.9681107759795,-36.4281553629002,-35.6677004526756,-34.032677328964,-33.9746109255614,-33.3827254152832,-31.6701671813646,-30.3694142249023,-29.4432954537903,-27.9260992070223,-26.7326699806951,-25.4098816154308,-24.4656539103121,-23.9100911504434,-23.4838900724915,-23.437549653578,-23.7723540091433,-24.2646668638135,-25.3409384053459,-26.4274144380274,-28.4571745614867,-30.3060541569517,-32.136910933512,-34.5692355524868,-35.516973852299,-35.7181065018158,-37.2277221961967,-37.2765936194286
-35.2817520310813,-36.3499102984692,-37.9361776988203,-38.4883409126723,-40.7332302809886,-41.8160114983948,-44.8796883628759,-46.261125274704,-50.3617365290759,-50.2136713188923,-47.9693679770207,-46.4280197550036,-48.748401374982,-46.6130168879508,-48.2214905328804,-45.5558024141932,-45.4752579257926,-44.7702402459019,-41.4291049490815,-40.6174779712999,-41.1971237047598,-39.1446574522186,-40.7631176135088,-42.748641251935,-45.2344639326967,-52.0911691688669,-55.253113847372,-47.1026692590525,-42.6339549248463,-39.0833966021304,-37.3140219404996,-37.0779761050971,-36.5740869182151,-37.0518023454545,-38.9047198716441,-40.8327059693376,-45.3576906994069,-55.128762689126,-48.571116037752,-42.842863864013,-37.8628248342183,-36.8150589852019,-35.5214838529978,-34.2854657730703,-34.5930294375093,-34.8905506198616,-33.1817561871773,-31.8799444736049,-30.5129066198986,-28.6283455770344,-26.8916499206328,-25.3172752374635,-24.2791303327931,-23.5312866119526,-23.0826846391807,-23.019743697967,-23.2647538649129,-23.8329909497209,-24.7631239847563,-25.7878731182809,-27.7512977893851,-29.2329916648015,-31.1551786898641,-33.2586321423182,-34.2709187851045,-34.5101564320295,-36.4917520929124,-36.310692246849
-35.2878987427612,-36.3283699755698,-37.8234933760419,-38.8236949022466,-42.0062118365917,-42.9938884482051,-47.620706952513,-52.4166892132449,-57.117570399714,-54.0368986521171,-51.0817934589095,-49.0755228519103,-49.2795373200661,-46.3902481922551,-46.880836334089,-44.4103713090331,-44.1731519539594,-44.1915691633664,-40.5860862830566,-39.8631673185995,-40.5956833969402,-38.9812514113747,-39.7441488298188,-41.5975648479231,-42.7018733613376,-44.9680374133329,-43.7317470631782,-41.1546292330083,-39.6987232141043,-38.1721794652993,-36.3692481412492,-35.698053021364,-36.0263885041666,-36.204964389974,-38.1735510344406,-39.4948944088518,-44.1701968186528,-49.5502904830945,-44.2722398485993,-41.5767096886687,-37.4263328246583,-36.4477801286245,-35.1447016058164,-34.6258625274455,-35.0505838866542,-36.433195249121,-36.5530241802474,-35.7962782316909,-33.1955448022461,-30.2926954415699,-27.6232829175626,-25.5863823603174,-24.3326008525998,-23.3159123501192,-22.8220176231921,-22.7133102866331,-22.8749265327247,-23.5727312601395,-24.4202917796816,-25.6262159300279,-27.5871562787185,-29.1988885375173,-31.480486179483,-33.5212265687028,-34.6594592626132,-34.9322149517339,-36.4233188487914,-35.9606471420037
-35.8324610647541,-36.7755175665707,-38.2030620692581,-39.8485976793361,-43.31099168334,-44.4735415181987,-50.2219280883689,-53.5365660103615,-58.515946729666,-60.1007790010257,-54.4596473528721,-53.5123788849207,-49.9130175491531,-47.6426182234613,-46.7732178920961,-44.8555562937374,-44.1361282400154,-44.0483769327597,-40.6569244144489,-39.8378192403002,-39.7940675574968,-39.0509809959584,-38.5809838204936,-39.4380414052794,-39.8944723283667,-39.9327186779617,-39.5255206625231,-37.6694465447244,-36.8443139407353,-36.4421301674029,-35.3969617745601,-34.5225738001439,-35.3535095865959,-35.3754331217062,-36.7679727439383,-37.2703174532516,-39.4362006745349,-40.9494500285263,-38.2917895127545,-38.0328434340385,-36.7830403809477,-35.5090755264801,-34.8151178249377,-35.0291297364438,-35.3159935732181,-37.1220222011712,-43.4382226227616,-45.599260192805,-37.2378386438254,-31.9808321711665,-28.3337189958068,-25.825180616092,-24.4100510823525,-23.175344811976,-22.6594725475155,-22.5024519468143,-22.6383473985449,-23.4395615103943,-24.2889130025781,-25.8119020046218,-27.8637998545907,-30.0900203081235,-33.077651273919,-35.6965290461988,-37.0767963013379,-37.2945921978948,-36.8051231197609,-36.0649958081764
-36.852084205754,-37.7848934043503,-39.1389155214216,-41.0009941303438,-43.4693873331852,-45.0044723679144,-48.8170101581318,-49.2504198872346,-57.5175492326979,-58.0017352372919,-54.8541129807815,-58.9071645295092,-50.3550123387983,-50.3737909611057,-48.2990405940283,-46.7317128176242,-45.3630319853753,-44.331882495974,-41.1836801919167,-40.3300347328011,-39.0601125147689,-39.1456223802991,-37.7876616873647,-37.6703474387371,-37.9903839187032,-37.342617071694,-37.4289211856038,-36.055489547507,-35.3320202385174,-35.0314011078535,-34.7541503853813,-33.9229095882661,-34.7068852717088,-34.7452275897503,-35.3294005364769,-35.6303604760277,-36.308863370874,-37.0703968646723,-35.6909503479418,-35.6406073905123,-36.2456913876201,-34.7863727920761,-34.7338946886888,-35.4074408888725,-35.4432607136485,-36.7228787356796,-41.8088689347003,-41.4068612653881,-36.7101185752422,-31.7327734799808,-28.2293818307574,-25.7101338458235,-24.3185445565466,-23.0323428640966,-22.5369950748488,-22.3547744757328,-22.541654080764,-23.3577745673896,-24.2929045547885,-26.0968763668295,-28.3445832129479,-31.4294859748388,-35.6830267659414,-41.0392410773264,-43.2944401408795,-42.1281396238113,-37.4633772753331,-36.6103835080029
-38.2734231032171,-39.5328910236247,-40.79065729095,-42.1729241350834,-43.2169327618278,-44.8563009230883,-46.3363587103553,-47.883835522216,-56.056490490423,-51.5580020235608,-53.2676765884326,-58.3017113241228,-50.9129456280301,-55.3024277044205,-52.7236489817291,-50.2282994314745,-47.786437212567,-44.9619642824957,-41.5835947566511,-40.848986497618,-38.6006612485564,-39.0861936942218,-37.5355221159883,-36.7912276376833,-37.0269972630064,-36.2665973589006,-36.5133233461266,-35.6383230593313,-34.9845359957836,-34.3905702605631,-34.5491467531655,-33.9714946355229,-34.238026803688,-34.4026655712292,-34.3393554416672,-34.848040815242,-34.7750768697465,-35.2163120659454,-35.0453594595421,-34.754125595807,-36.0514778688829,-34.760607391398,-35.0476886829653,-35.7316743208245,-35.6027775817328,-36.1012972272581,-35.9233199901433,-35.0294310583466,-32.8794787633153,-30.0311159692788,-27.3452456567817,-25.2955511741113,-24.021468767832,-22.8715088718604,-22.4134601470865,-22.2428070153395,-22.5325323603593,-23.2654607573965,-24.3335925424109,-26.2240316192928,-28.6148219909123,-31.9883553658494,-37.0832478941689,-46.7549722181842,-52.9855356719028,-43.9939062849224,-38.3542820821692,-37.6193963432548
-40.0015628543709,-42.2253245736045,-43.4866946618216,-44.2781951733628,-43.980996367623,-45.4159630025759,-45.0125954302399,-47.8204871935,-50.2614295011182,-47.8034793876633,-50.6810295525556,-51.5163635335455,-51.2965288583385,-59.9781422350208,-65.4334485928741,-52.890462138692,-49.2406359180223,-45.238794642208,-41.6599368178955,-40.8920049689915,-38.4894210620269,-38.8382703214855,-37.7968617900438,-36.8942995366997,-36.9998486276795,-36.4546555403821,-36.5873237343555,-36.1381469679998,-35.6529918843628,-34.6360690073244,-34.7570839353466,-34.5380562780934,-34.0465826144053,-34.3427468190416,-33.9930944144625,-34.8424545069975,-34.5645940955767,-34.8199610306282,-35.8888434713565,-35.307796614148,-36.3381569861111,-35.5993027049675,-35.8395769748004,-36.1068222390423,-36.0160638015003,-35.9573612381606,-33.547740837914,-32.5647043810182,-30.6786076532333,-28.6700562541134,-26.4577877733419,-24.890698099499,-23.6575564848807,-22.7393528728478,-22.2877764189392,-22.1583552263224,-22.543287553852,-23.1482013434335,-24.3314736724201,-26.1096327117874,-28.3569651500522,-31.1812513774479,-35.303559605869,-39.2751648870336,-41.1401410481897,-39.7997763430135,-39.5623849225416,-39.0799408970324
-41.8188791811332,-45.7042218945031,-47.7363794166366,-49.325164258435,-46.5859383762898,-47.1095671629679,-44.7486758249631,-47.2894981116586,-45.6021102945425,-45.458274464742,-47.3026635502615,-46.5127980819282,-49.6533079146913,-51.867649182853,-52.6747849035516,-49.0568974952419,-46.812258182194,-44.1220630508179,-41.7459878342564,-40.4958888012031,-38.7008486278,-38.5480846503787,-38.4325932980466,-37.8999280962265,-37.8930313977244,-37.9602574013097,-37.8201273096441,-37.6079275657262,-37.2457170374996,-35.7898523806691,-35.2629408317673,-35.2744131950724,-34.1473774080292,-34.4950256753564,-34.3162292360718,-35.5021801666135,-35.6162867342618,-35.8348920672978,-38.1555794812464,-37.4022423786774,-37.2572890413721,-37.3365891621028,-37.1105628590204,-36.7323831217455,-36.8750278409538,-36.5770606860828,-33.3765382855484,-31.9902231723297,-30.0565682531572,-28.1459061136397,-26.0513021021456,-24.7220280508204,-23.4113591100358,-22.6963957576562,-22.1978187695659,-22.114311362632,-22.5254423953031,-23.0389273904859,-24.2640727958029,-25.8721482506133,-27.7509497022885,-30.1480924689567,-33.3782975875768,-36.0002363242507,-37.7657632034265,-37.9738694423765,-41.194970343481,-40.9140547049574
-43.2107818439047,-47.4744805445825,-51.3792086101752,-64.9457760150302,-50.7013325423167,-48.0775926939858,-45.095517793256,-45.7004213901634,-42.6842062445571,-43.8285989313829,-44.2685221319373,-43.5068228647152,-46.4837265082764,-46.7483069475688,-47.0562074494515,-45.6920773831056,-44.289241490739,-42.4437272820073,-42.2113532902395,-40.203549381318,-39.194125364085,-38.4421981072719,-39.1719927260669,-39.4677580924884,-39.5146355298464,-41.0735284453863,-40.8808025224518,-40.6323810060331,-39.5135747506337,-37.6760560624744,-35.8469277648034,-35.6596806525499,-34.4540757413118,-34.7475607437653,-35.1729752573444,-36.6577343792314,-37.9826695779227,-38.6194888494155,-42.2509218909798,-41.455813367332,-39.0055150459457,-39.8348074836159,-38.7768954273437,-37.8389721990208,-38.3376168700237,-38.133308341254,-35.1139979319981,-32.8468384958525,-30.6983050759874,-28.4004907512247,-26.2122506869989,-24.8441529893865,-23.400454563071,-22.7748157925621,-22.1963745838105,-22.1337582020701,-22.4781919438489,-22.9860165797565,-24.1682535426304,-25.6613296121978,-27.2269872935418,-29.6676832925601,-32.5926071765972,-35.3228449427748,-37.3968071166828,-38.5581394281133,-43.2776237025556,-42.8849991972344
-43.6635441646327,-45.7571453763689,-48.0324572711641,-49.3879991584751,-49.2815190980301,-46.0534854836547,-45.3027932836996,-43.6560451323127,-41.0295130165997,-42.5162707981225,-42.0351868423834,-41.9640137207131,-43.6901250560826,-43.9189630649427,-44.4146409209881,-44.3787282375015,-43.4101632709476,-41.7397390470136,-43.3005158890376,-40.5636149261745,-39.960638664341,-38.6710082948332,-39.6193985247465,-40.7385502826116,-41.0536406939937,-45.3344474167008,-48.2431800527903,-47.2061561211321,-41.3038121554498,-39.1846934777399,-36.1889302614191,-35.3971283244026,-34.7875389754681,-34.9590831992939,-36.145034709005,-37.8104486564673,-41.1221558625258,-44.0829800937137,-50.5928633033963,-47.759297070583,-41.5328316791491,-42.2978962605168,-40.6554716023828,-39.6716145805228,-40.6051891730253,-40.8973215981152,-38.9700156783542,-35.0780352441747,-32.2590859583827,-29.2098694997548,-26.8138194913715,-25.2030286016885,-23.6483760670641,-22.9686631239634,-22.3209258496392,-22.2330556968323,-22.4467029116837,-23.0190589223515,-24.1055826759281,-25.5417093271901,-27.0295858487118,-29.7360123248049,-32.8369670176389,-36.2802520895357,-39.274785287706,-41.6739882112687,-45.6783824709787,-44.4585926790965
-43.5000146006757,-44.0870202541884,-45.0344938264104,-45.0086219353505,-45.5941795283689,-43.8383649829096,-44.5429312124885,-41.706400064522,-40.2726283627744,-41.3172796098667,-40.5521302037658,-41.2969436314849,-41.6848787130304,-42.3944597833686,-43.2381973974824,-44.7429999713066,-44.4971990648067,-42.9984354719719,-45.3529851351123,-41.9315071866664,-40.9458553703731,-39.1628321427847,-39.5020375124719,-40.6448049604524,-41.1045726484268,-43.9579998581517,-48.53902008777,-48.3007959307147,-40.5938147296313,-38.423062791534,-36.0298890232118,-34.7392712996141,-34.9407455322312,-34.993190519474,-36.5413671353139,-37.9959711689167,-41.4773829617524,-46.1435574076908,-55.4443473246035,-47.2663330385312,-43.267525108735,-42.9632891603991,-42.2968866585905,-42.4160522964282,-44.0833398379038,-45.5580326180294,-44.4928724855477,-38.3251503757552,-33.9587705197419,-30.2258222938363,-27.6209314805027,-25.7111571899329,-24.1007167607101,-23.2449274300811,-22.5713383078146,-22.407291270589,-22.4877185216124,-23.1336850922343,-24.1226588870023,-25.5097732940756,-27.151490456214,-29.9978208146957,-33.5806203132162,-37.7669918134237,-42.9726633555714,-48.6815581268649,-47.9302087154169,-45.2090549753385
-43.5264960460246,-43.7438070986468,-44.092999383835,-43.9599872591207,-43.9258406212592,-42.8906436413742,-43.0284378339081,-40.2681108267846,-40.1102540370866,-40.2164979838123,-39.6387707632234,-40.759651052517,-40.3149320651745,-41.4190122612013,-42.8138922676924,-45.5800043325269,-48.100400416404,-48.1357108110404,-48.9002474219745,-43.9735199203667,-41.8213805560255,-39.5218857068737,-38.8950241190119,-39.2359174550135,-39.7000143895839,-39.7496596883809,-40.2235768975733,-40.2242751477172,-38.2222101368406,-36.3861831038615,-35.4207658450873,-34.1278303966755,-34.8030738584145,-34.8118158862321,-36.0829032566924,-37.0051480312365,-38.9055042654131,-40.5865556530631,-44.6081521889997,-42.9111845172559,-42.2131068447188,-41.8070984654682,-42.8098005279153,-45.3022610688515,-49.0628224535575,-53.5823210305215,-44.4054846984511,-40.0505968145198,-34.8302361611381,-31.1371646405824,-28.4350163419631,-26.3024505969337,-24.6555511635185,-23.5577416716606,-22.8992773557297,-22.6232536514665,-22.6264443716927,-23.2944111068923,-24.2270450261192,-25.553117239758,-27.4363449544689,-30.1370196725916,-33.9719105902247,-37.9214949006647,-43.6486873722219,-48.2641872268333,-48.9928859116233,-45.4945590940876
-44.3012709364267,-44.9284181901136,-45.1069295907544,-44.9283405491429,-44.0207784520782,-43.1907191765143,-41.7053405465193,-39.5846369208176,-40.2454455037096,-39.3226455334895,-39.0958504139592,-39.8202651024483,-39.3704186346335,-40.3633243096386,-42.2822158163746,-44.1774989807704,-50.1480475996301,-58.0266365957307,-50.443790184995,-43.8328934592097,-41.8247467793145,-39.2622831365388,-38.0109814733683,-37.4571487696558,-37.9390042079459,-37.0049126532491,-36.4988688260882,-36.3196245725525,-36.003600172987,-34.7495994166391,-34.6757343469589,-33.8324970371379,-34.4496978223357,-34.5384630639669,-35.2856904416812,-35.8111366054355,-36.950453044872,-37.701409812559,-40.2874737464418,-40.3479456619068,-40.5103106393869,-40.3797158065534,-41.9382152787944,-44.8778071623827,-48.543995253292,-49.9639086607171,-42.274424939142,-39.4549674062357,-35.3672184551853,-31.9969113987476,-29.251123118679,-26.9358500278065,-25.1995461336454,-23.8553229903472,-23.2114563408551,-22.8223357796524,-22.8289066102232,-23.445483663836,-24.3764367621534,-25.6715022778855,-27.7287858391231,-30.2371822522517,-33.7812462617822,-37.0569488185438,-40.7536141073387,-42.7464131827958,-48.1505139703652,-45.7154679646891
-46.1299184578711,-47.9496586629235,-48.623878579088,-47.4954341763602,-45.7230819253676,-44.3210673885093,-41.137619043379,-39.6566999125297,-40.3955598517469,-38.7411892704731,-38.7565359450708,-38.6737347959895,-38.7139572356954,-39.1890591805534,-40.9884640219773,-41.4055475429479,-44.3827919466174,-44.0435183242394,-44.9243044954637,-40.9166869780157,-40.5096964646227,-38.4093491070524,-37.0343595995971,-36.0207759108596,-36.3818234184214,-35.4660533863578,-34.7434417945523,-34.4006987520495,-34.5146545593206,-33.9071645310755,-34.1118566514588,-33.9296362015302,-34.1001854673532,-34.3784980248448,-34.7188723850357,-35.1127711793671,-36.0964172550597,-36.7220920121287,-38.005506988143,-38.9081930478076,-39.508668507917,-39.3716042837335,-40.6969905478842,-42.1517839815899,-43.4107199606788,-44.0342325054408,-42.6448007574125,-40.3336943301471,-36.9662400933667,-33.1425383306395,-30.158552068311,-27.5214102255444,-25.6268685842093,-24.0763999387627,-23.3945975948736,-22.9347913542958,-23.0027901123882,-23.523549368398,-24.4805320189995,-25.8356381183454,-27.9872569850479,-30.6088995962319,-33.8372042692894,-37.0441375046288,-39.7795811901486,-41.1309854476882,-46.0075289887325,-45.4121689629772
-48.8930522791383,-52.5867317856778,-58.1032766365526,-51.0261043899747,-49.0302786793496,-45.2120657592916,-41.4036849550039,-40.2325540550254,-40.3558770806985,-38.5001899160269,-38.5468902861809,-37.8127684401305,-38.3386962856413,-38.3461372358276,-39.417452836628,-39.4360846116911,-40.4974257413268,-39.4328104591354,-40.5033232503619,-38.4159242032111,-38.5713129695939,-37.4051136576453,-36.180549696824,-35.237476984722,-35.3020917390839,-34.8665369300503,-34.2707565848455,-33.8368639545681,-33.9098900815121,-33.8624631082272,-33.942307606306,-34.3649596488176,-33.9970794916131,-34.4922593326826,-34.6498300425113,-35.1093163941907,-36.1381237787146,-37.0366589724996,-37.1320342300371,-38.4264467696646,-39.1756512333369,-39.0476451989565,-39.86369678371,-40.0390245012937,-40.0931441546818,-40.7011508972794,-45.5942508894592,-46.0174665536163,-40.5667605352778,-34.5232997010222,-30.9511918151006,-27.8271887218445,-25.8234497903093,-24.146441684788,-23.3653349104081,-22.9038914235562,-23.0349600494654,-23.472981583429,-24.4327276283386,-25.9288734547556,-28.2015070933339,-31.2690942333676,-34.8310720938512,-38.9133633522007,-41.9132789034862,-42.618825016838,-43.3113013781896,-43.7402165050793
-50.7556893320227,-52.637966604432,-59.0324060757397,-52.6261604070812,-51.2244335849812,-44.7407830124821,-42.0626163502478,-40.8831444209956,-40.0864332173498,-38.5828986671979,-38.5270021728341,-37.5770798278833,-38.3736556946257,-38.2212911175467,-38.4149780016547,-38.6356171474556,-38.5700473126399,-37.5579451866355,-37.8505281252889,-37.040270272657,-36.8804451798532,-36.5788703273605,-35.6671697738378,-35.1695569309447,-34.8964174526178,-35.120235768014,-34.8851543776866,-34.5007943373905,-34.3131498508112,-34.6009220494614,-34.3110945947649,-35.0098932505049,-34.3107545451039,-34.9376976006996,-35.1439111183902,-35.8043483351095,-36.8901553929249,-38.3824992758558,-37.659559461708,-39.0739547578295,-39.5135123437861,-39.6256316474933,-39.6263375770165,-38.8674062826236,-38.2809576750198,-38.7163378609285,-46.2152752537728,-51.5787271699794,-42.0738017106933,-34.7613705418814,-30.9107289851958,-27.5718633864856,-25.6679585227399,-23.9996051533981,-23.1179482529242,-22.7115039674025,-22.8573820013817,-23.2665914374034,-24.1791771119755,-25.7763901431594,-28.2022347896875,-31.5312888764596,-36.175393817982,-42.728574659366,-52.6138524705314,-47.8912502040954,-40.5786090669448,-41.0015195243606
-50.4953745854729,-49.9503575613724,-50.9578512451866,-50.0081863040707,-47.6743549557031,-43.4899322039431,-42.140579494083,-41.3125682437039,-39.7517560778732,-39.0282522722428,-38.878847363373,-38.225373688062,-39.045193586889,-39.0235860148498,-38.4357261817851,-38.9028258507504,-38.0204502632962,-37.2952345270163,-36.5799010647984,-36.6493738542792,-35.8697635962549,-36.0840732522523,-35.6188681392519,-35.7252638308785,-35.2711877593642,-36.1986269433189,-36.6432921727853,-36.5607302404377,-35.9733344063965,-36.1733602051607,-35.3463262625634,-35.7322548681848,-35.0892706502152,-35.6586258233781,-36.1072027350364,-37.1121519999447,-38.2303927932747,-40.6740919296418,-39.9425283623314,-41.2303612267013,-40.9164792780996,-41.218480875688,-39.9280265939129,-38.5212045623746,-37.638422282305,-37.6772905119193,-40.6175197837072,-39.3177107353996,-37.02243353393,-32.8586114136676,-29.7206846106438,-26.7597371139301,-25.1224038327424,-23.6305560822056,-22.7248827314382,-22.3904267684516,-22.4970410902037,-22.9263898991432,-23.7713665830301,-25.3158722127405,-27.7275403406847,-30.5796116699127,-34.9572044944649,-40.1416536949738,-44.6980199497059,-43.2986276785069,-38.1824292517158,-38.2001752268047
-51.2261807938334,-49.218289406344,-48.0029528267059,-46.5404736972718,-44.0461428499918,-42.3357195068037,-41.3737521259767,-41.518297908937,-39.6514173236307,-39.9956784326598,-39.8780464255513,-40.1035020299886,-40.6578530834084,-40.9078822747598,-39.710569377079,-40.108113567367,-38.5902985968996,-38.2317927655481,-36.5264204755609,-37.0473546025538,-35.7026468894133,-36.0125030771846,-36.0356835251384,-36.6832702718794,-36.4013704756561,-37.9570241823059,-39.7986679842859,-40.6657884532424,-39.5741583230776,-38.7273195346717,-37.1663592876069,-36.4621604782692,-36.2058667344435,-36.4665895356952,-37.2050714728989,-38.7746631330947,-40.0296626737375,-43.8201296938953,-45.1201684525499,-45.6584691743599,-43.992161486047,-43.3240589525461,-40.6828179026889,-38.9860101192822,-38.0514748092373,-37.4484802243086,-36.8363959727699,-35.1188273222481,-33.327390807172,-30.4889324090088,-28.1122258483847,-25.7256753814455,-24.3224672760507,-23.121146940871,-22.2904968923586,-22.0133949671403,-22.0637246958632,-22.5277866720558,-23.337488815324,-24.7076172761146,-26.828758364352,-28.9669851813778,-31.9037956345111,-34.8181672538207,-36.6849002896493,-36.8391417243073,-36.3037044341778,-35.9212561237674
-52.7356435222877,-48.4988605048133,-45.3633744047783,-43.6205872651323,-41.6465945500894,-41.3961419851611,-40.628027742985,-41.4768834464764,-40.1233585633469,-41.7123246528962,-41.9293871668008,-43.8426584320572,-43.6632325116461,-44.0783843767126,-42.4441979783291,-42.1264770614981,-40.203971843362,-40.1251558789878,-37.6490313176056,-38.0397058603738,-36.4229508264388,-36.4318430760928,-36.8290021018967,-37.7275399689539,-38.0374493832452,-39.7985381921462,-43.959000085738,-49.7396068860658,-48.066316206467,-42.2798759863186,-39.6066223595675,-37.177081157739,-37.2769468881002,-37.0326679737675,-37.8379140522047,-40.0467375039285,-41.7309635244687,-46.5511259613158,-54.1113041916152,-51.6063118250906,-47.6059147669343,-44.2202185479733,-41.951548880574,-40.4419235213749,-39.5423216649172,-37.9980395117591,-35.0452148803361,-33.3711980805968,-31.1951032838393,-28.7287773925486,-26.753963283003,-24.8048573051541,-23.5102055483563,-22.6008116707398,-21.9048985323022,-21.6647355370018,-21.6889457824546,-22.1758016581777,-23.0072532485247,-24.2046112320783,-25.9238502890639,-27.6768218885741,-29.6786798497639,-31.7666382075894,-33.1856215489584,-33.5375456196906,-34.9849084384562,-34.3643822097152
-47.2406507498901,-44.9855017235032,-42.2862679756845,-41.2949563588864,-40.0538815282872,-40.5356030935561,-40.3577533761513,-41.1326048852514,-41.5268313698466,-44.2395767367247,-45.8027914098415,-50.7766194698637,-48.9327859887265,-48.8192918198101,-46.7932034151272,-44.8715252374624,-42.9551682017623,-42.7303545095604,-39.9120912139282,-39.3908894643325,-37.9728095807898,-37.3799440819837,-37.9103016749367,-38.6243756132787,-39.6667031256664,-40.7499048719086,-43.9968920906899,-53.1282549682547,-50.7420332867247,-44.2863583979939,-40.9043098520931,-37.7437909015518,-37.675559048724,-37.0079745997578,-37.5718760120894,-39.7372456831619,-41.6274240885823,-45.227509261971,-46.253719190497,-48.0106235443294,-45.8119208242118,-44.0515072926236,-44.1825980688371,-43.4555551210685,-42.1861061611797,-39.2744734856355,-34.7034631340005,-32.8312544189336,-30.0531068386046,-27.7100579971244,-25.8638651565412,-24.1768131697614,-22.8970138850946,-22.1862483973806,-21.6252747565846,-21.411816345192,-21.4673503327286,-21.9648164115472,-22.8626065435367,-23.9894066518505,-25.4126134747966,-27.1279522895465,-28.7787087975456,-30.5380424859589,-31.8399081921314,-32.2373106414706,-34.2096055742591,-33.5563195121801
-41.8058806569278,-41.1062737258364,-39.6349667118568,-39.4482858481434,-38.9222927009898,-39.6667097588785,-40.2050243936756,-40.6944622328228,-44.1242030456086,-46.5823794934101,-53.4057479638644,-56.5072822623606,-57.8749007209849,-55.2196006984877,-52.4742793241806,-48.6650032982425,-47.1264407377593,-45.5920414902016,-42.9237262392204,-40.7712080905896,-40.1119541930033,-38.8799529718998,-39.2994809336205,-39.5004553149457,-40.9866980103397,-40.9854938438122,-41.2071030500113,-43.9872519777897,-41.6369612933313,-41.4555164323607,-39.1085181522403,-37.6950048093914,-36.9745401144647,-36.2910763077548,-36.570313987773,-37.875233948203,-39.2725472736249,-41.4685769094938,-41.8243888979801,-44.663630921937,-43.6224403651801,-45.1185387427954,-48.8596976854353,-50.0087186333487,-45.303166803059,-40.852694246783,-35.1814533952794,-32.7465385371731,-29.6152715786565,-27.362656509614,-25.46535010516,-23.910383043299,-22.603194726581,-21.9515791810838,-21.4772668525272,-21.2885123951004,-21.4274773003471,-21.9431516300236,-22.9239577680488,-24.1275895603693,-25.5039635877228,-27.4302591066884,-29.2214600389648,-30.9564429021957,-32.2217200196327,-32.5933791302392,-33.9460194499563,-33.4394984430396
-38.5668865442412,-38.4278361378482,-37.8509081850765,-38.0314111214032,-38.0567198730604,-38.7279672119351,-39.5244093881716,-40.3980780889835,-46.0028314698595,-46.232380734682,-52.7106180956623,-54.1585474828675,-57.1624685639841,-60.1582482848388,-61.2637924206604,-55.7335856413418,-51.3575524298477,-47.4044479006507,-45.026431544621,-41.7758612717782,-42.3089864366399,-40.9835467419663,-41.1789094700056,-40.8996076500462,-42.4662641717713,-41.6895831305953,-40.0066591887522,-40.6308776642544,-38.6638253352181,-38.3330347917905,-36.637249635553,-36.5725219340964,-35.4765705966234,-35.0961291735101,-35.2138313107613,-35.6303066996033,-36.5395647371503,-37.9315685804048,-39.11070780793,-42.5080390417268,-43.1090565806954,-47.0145078189832,-56.8389335820801,-53.7752077013826,-45.0141910488886,-41.4637506763522,-35.5761038244016,-32.8147334442507,-29.8228875743542,-27.6286718004356,-25.5466359803832,-24.0216683915401,-22.6604259581174,-21.9243613500078,-21.4616923692216,-21.2919080923611,-21.5295100928913,-22.0916439126579,-23.1463879767471,-24.5625879924454,-26.2155444808022,-28.5835053122123,-31.1032148367366,-33.3252478910756,-34.5151552260922,-34.6212511205283,-34.1588403686118,-33.8982871239279
-37.0101424684453,-37.0134724500812,-36.9584794138795,-37.0654821613141,-37.3718744070231,-37.6958667294277,-38.3351021792127,-40.0516990725253,-42.8649111780935,-43.8166826804269,-46.2741435309314,-53.6055384661307,-52.5667128982333,-53.9300513070046,-57.3714758669524,-55.0872118951253,-48.5910019769739,-46.3148454790893,-44.6878537342136,-42.1539598505039,-43.7683693755205,-43.658820639826,-43.8951151273549,-43.7250380348487,-44.9675075197656,-43.6320581690942,-40.5731690647507,-38.8977349182398,-37.7654245035392,-36.3148747473904,-34.9346921896326,-34.7999483391069,-33.845662489927,-33.7365782864381,-33.7715376671603,-33.6768245985028,-34.3172522766531,-35.1050427137674,-36.6550714412798,-39.5338245664627,-41.3240148181779,-43.1675116862664,-45.6901141296789,-44.1155610899182,-41.8318824757575,-40.510197740494,-35.6841586118223,-33.4183464318071,-30.8009244535856,-28.5021005263277,-26.1002616848042,-24.4887749459117,-23.0206021984573,-22.0851081574568,-21.5589790371112,-21.3882612370994,-21.6856347460111,-22.3188332128297,-23.416721065889,-25.0890362755143,-27.2606936586623,-30.3341481072917,-34.4883920537116,-39.1319694124985,-39.6769755902146,-38.2235605067867,-34.8102647022443,-34.780786423439
-36.8954586594619,-36.7867207413787,-36.8851417043176,-36.5811258172045,-36.8437469882889,-36.7034029679766,-37.1839026157639,-39.1277547939558,-39.1708015180129,-41.1342169503954,-42.7304956376122,-45.9882109646191,-47.2460834816953,-47.2669656289618,-47.1859991179428,-46.3026142207693,-44.4825640278956,-43.5035328980458,-43.1131336921634,-42.0447079274439,-43.7289684039476,-45.7573267666127,-47.7574934731032,-49.838377799359,-49.5627340796178,-46.7582899157568,-42.4074860535073,-38.0950722120595,-37.5939525143451,-35.2174685575705,-34.0377962425658,-33.188605383856,-32.5345175607509,-32.4720440654226,-32.4391040541594,-32.2053426835428,-32.7078959679457,-33.072410020706,-34.4807368487862,-36.2848219203034,-37.6313993533168,-38.3988834722064,-39.9217922528087,-39.5897969803711,-39.2020979831915,-39.1587718802211,-36.5543316472094,-35.3717150282622,-32.8364501209749,-29.9984377549158,-27.0793030715362,-25.2196111861352,-23.5539838312423,-22.3642761785153,-21.7299502311961,-21.524737273875,-21.8020117945387,-22.4879525556927,-23.5775210177736,-25.3730373564366,-27.8629390692785,-31.5478517280492,-37.1019912889222,-51.2763939137402,-45.7609731870049,-40.3913871600853,-35.8818222144393,-35.9688265430785
-38.2559680095749,-37.7516037332386,-37.5410093052078,-36.5748105327551,-36.5036522688813,-35.9942938022152,-36.3752032740847,-37.5934338513623,-36.8106558613106,-38.7010016393164,-40.0722247092522,-40.4050021404816,-42.3440139437799,-42.7351665439909,-42.1555445818599,-41.7427410268101,-41.6718718279823,-40.9238573369051,-41.3331829677182,-41.7870545687569,-42.5043403471146,-44.9710768881503,-49.9314925897176,-53.6808968581845,-54.0850317516271,-47.6617185589112,-43.4455735109797,-38.0709791534485,-37.05609183839,-34.783959129997,-33.7034353553834,-32.1775937868732,-31.7188078670206,-31.4886484884874,-31.3795744372488,-31.2408554315314,-31.6533660932554,-31.8214622311886,-32.9221574278763,-33.8481877011664,-34.6914609969657,-35.5457281089824,-36.7409059853654,-37.0727045972953,-37.4971956418971,-38.0840754017593,-39.4389767876167,-40.2411578996779,-36.2973745229166,-31.9394581376206,-28.2415428196248,-25.9800587890757,-24.0590887981762,-22.6507255065322,-21.9165673588612,-21.6453075693852,-21.8267623310777,-22.4922516052653,-23.5148854897558,-25.1858758624964,-27.4067359122019,-30.8175209473936,-34.7213689394567,-38.6078767271084,-39.7636913219164,-38.5588315185812,-37.4506661126834,-37.5166017278073
-41.4874527682545,-39.9425707930684,-38.7476452221313,-36.9910457560166,-36.4331083162421,-35.7428425401868,-35.9243838108995,-36.0558738518109,-35.5846105611658,-36.7927557475596,-37.8213295460656,-37.253002401212,-38.9252267490747,-39.7295798046767,-39.2913509989079,-39.1357318997881,-39.7940113009823,-39.2050621263274,-39.8972797595013,-41.5928559312746,-41.3888742472845,-43.137084900656,-46.6753335258615,-46.189910107443,-48.2260327992593,-44.8957525683048,-41.9437917810743,-38.5645078810889,-36.1170745768214,-34.7518550165005,-33.6359341662442,-31.8884627434394,-31.4129484616839,-30.9136627097601,-30.7196563167897,-30.7611480194068,-31.0855696260328,-31.2838237082848,-32.0962282564329,-32.4927926207356,-33.1494650239845,-34.2350482388943,-35.1101622898885,-35.8064693027691,-36.5921819066218,-37.3252344293118,-44.0359714062689,-63.8650950423106,-39.6182738808606,-33.2656563115055,-28.9547177543177,-26.384687355952,-24.3320197487657,-22.8321977792725,-22.052098803624,-21.7097697824445,-21.7721353591308,-22.3366001881788,-23.2593008280531,-24.6646298772116,-26.4292954352198,-29.1444268236225,-31.9333625261136,-34.5692851964746,-36.6093966205052,-37.3447615977878,-39.8202591878965,-39.8235567470924
-47.6657363627511,-42.8465267008868,-40.0195105556336,-37.7058772721018,-36.6872539711865,-35.9530468851249,-35.7708653038256,-35.0290449251249,-35.2282579004061,-35.5893891147027,-36.1474478723492,-35.7647112816408,-36.864128898838,-37.8097171965257,-37.726102273065,-37.7811107714611,-38.6086513809613,-38.470844893088,-39.211416060988,-41.4909725301001,-41.20853392105,-42.3685344551144,-43.9815256652132,-43.3812944501622,-44.1556739461643,-42.7537595229651,-40.3600123312595,-38.9923526585604,-35.6009147607781,-34.8917004433418,-33.644385596424,-32.2796996217097,-31.5592584383115,-30.829788422693,-30.5481300885499,-30.7333247864114,-30.9542180541282,-31.353006296026,-31.9583250509049,-32.169155174008,-32.903317925694,-34.1473195705612,-34.7288136640328,-35.600572069618,-36.4672053392179,-36.9905163057493,-40.8309090984296,-41.7665421177144,-37.0533885223541,-32.498483131849,-28.6404236102347,-26.176950369402,-24.2875294553566,-22.8567462058643,-22.0889282856913,-21.7109980035051,-21.6975697579015,-22.136156027236,-22.9715173302295,-24.1543162957621,-25.6845100044777,-27.8549645831134,-30.323089589716,-33.0402794041482,-35.5829852757971,-37.4930960490574,-43.5877355580674,-44.0028065619047
-49.9622220838938,-43.7016112998295,-40.5381259792781,-38.5093518325664,-37.1780446683295,-36.4667735872008,-35.9075292951069,-34.7614539216913,-35.546860888694,-35.180082932552,-35.2858102308765,-35.5321198840466,-35.9261246074099,-36.7046344034512,-37.0102086353324,-37.3250662329151,-38.0173260876922,-38.6743073905327,-39.4812247372582,-41.4971207852118,-42.2202042227622,-43.1303649967403,-43.2065233260052,-43.2773917767775,-42.460707096009,-41.978362370594,-40.0081799634488,-38.9975759869858,-36.029987188762,-35.1490142140552,-33.7989328777716,-33.171891111203,-32.0902392256587,-31.2860993313694,-30.9208806606405,-31.1298962235676,-31.2366473256512,-31.896177911116,-32.3954869801077,-32.7417672754994,-33.7944030148642,-35.0880283260784,-35.5391932068824,-36.4981034511534,-37.2521397789029,-37.4311230279287,-37.1462332057885,-36.6125551642248,-33.6697359481494,-30.6553972073326,-27.6716535079916,-25.5446366020188,-24.0035632293278,-22.7569523567403,-22.0306109285786,-21.6791109135021,-21.6733123248288,-22.0348694010717,-22.8309876271076,-23.9213240161101,-25.4501523782857,-27.2897108088548,-29.6355991410854,-32.5043747554892,-35.2310322739729,-37.7173683412558,-47.0904161297117,-52.628163904404
-44.3465718927272,-41.9292846997387,-40.1079914566543,-39.1406118099972,-37.6624961118077,-37.0950000042939,-36.4073504805062,-35.4058401635721,-36.4343401302542,-35.6454354348712,-35.40005730621,-36.2860587531208,-35.9260380184857,-36.2587562696709,-36.8513577400174,-37.4711910792401,-37.9643620176657,-39.5298715673146,-40.7424199465053,-41.7991724078007,-44.3051857569321,-45.6371917138449,-44.416204505519,-45.388055192258,-42.6899990855736,-42.4140228670142,-40.996107448684,-39.0840414592867,-37.4851624341764,-35.6985028867253,-34.3577942465498,-34.251124287772,-32.9793291009126,-32.3032391092926,-31.8668048601599,-31.9437589958881,-31.9479892989719,-32.7768170401255,-33.2568662755951,-33.9795930288466,-35.5866347574509,-36.857049318894,-37.5906299905597,-38.7521988465557,-39.2890836165629,-39.1510560811329,-36.0903001814839,-34.7160493418112,-31.7433584929115,-29.1607735198716,-26.7645076816939,-24.88166410042,-23.6350049596491,-22.6106984599372,-21.9341623664954,-21.6650163715566,-21.7477337772539,-22.1304884156493,-22.9547718207108,-24.0908526211046,-25.7438629592588,-27.4733197457926,-29.7163061290741,-32.4079007681603,-34.8116808609733,-36.8938891064058,-43.0335223539575,-45.4664429772152
-41.7364570679092,-40.4714006604182,-39.4485787221058,-39.4225336209798,-37.9933904703378,-37.818121194274,-37.3866940293964,-37.1641498648622,-37.9496330787927,-37.1636870093204,-36.6524775719495,-37.7673243371517,-36.6881470811274,-36.3857763763244,-37.050606777303,-37.8921544212081,-38.3598084861896,-40.3316337963858,-42.6660506142013,-42.7424680702333,-46.6923941145826,-50.0732817125119,-48.1923343623373,-49.8590960769901,-44.9944177943912,-43.9966214999567,-43.157859265916,-40.0011643638635,-39.5788939455506,-36.7976195229463,-35.5641629210196,-35.2606377220516,-34.2641546118684,-33.8713442526462,-33.3966014350103,-33.2102208435666,-33.1534210631654,-33.9037457900782,-34.3747637155627,-35.5125794399423,-37.674670039116,-38.9927502062125,-40.7580263341424,-42.9984909932767,-43.4839567329913,-42.9024354903125,-36.8098055198194,-34.1870175987687,-30.9257898533761,-28.3454893154871,-26.2425533497717,-24.4429062917949,-23.3195326808934,-22.4891621734769,-21.8739254241232,-21.7120640976389,-21.9276428775503,-22.4396734406098,-23.3721765402558,-24.6822345856799,-26.5258833486593,-28.4227608147759,-30.6640682877149,-32.9152368178796,-34.6827059955186,-36.0154153293946,-38.8643872561131,-39.3878552694267
-41.0205322316628,-39.9973335339037,-39.096203096276,-39.3638847604341,-38.3313795947066,-38.7401917124213,-38.9329922972238,-40.4357892125676,-40.4687823593067,-40.2139133693281,-39.2801259321951,-39.6504835699966,-37.956661847346,-36.9928070004888,-37.456400002668,-38.2764631740733,-39.0145837485914,-40.4664906983347,-43.9672010968439,-44.6299492449613,-48.3587580943342,-54.5596915035741,-57.5400847075127,-55.8260749224042,-50.2632220992183,-46.8121990459945,-45.7866082421153,-42.2929139050901,-41.2919971888842,-38.6142457725575,-37.5171391529699,-36.3140802139131,-36.0241957789931,-35.9459404563394,-35.5268007402968,-35.0417535751272,-34.9864779363307,-35.2996485159166,-35.6502967967978,-36.9801750072901,-38.9399415023271,-40.4768054520015,-43.2899973152155,-49.5274466149625,-54.4095950767893,-49.0183709957406,-37.8701555116677,-34.1775105308059,-30.8549863853432,-28.1447363622549,-26.1343505564014,-24.3061620570774,-23.1476450600766,-22.4355619842184,-21.8994939932646,-21.8332473719761,-22.1745090182084,-22.8855886702527,-24.007731426906,-25.6049612420683,-27.7495821891745,-30.1989377647403,-32.8638634762165,-34.70687655086,-35.6281959935569,-36.1916805958952,-36.4466747441286,-36.3429547350787
-41.4792773555863,-40.2643930399022,-39.1426044549686,-39.0955795412176,-38.8467543494202,-39.6934312024387,-40.8997967643359,-45.6479222835979,-45.2114570478642,-46.3898487699932,-43.287432947963,-41.3565481397191,-39.2491456198164,-37.8657585341313,-37.9177864231249,-38.484527461453,-39.6347668337476,-40.394154427598,-43.6797550219805,-47.1065924338786,-50.052414321126,-55.273879114193,-62.6137852014774,-57.6545459917595,-58.9617038008078,-50.8841111907198,-47.4799431116262,-46.3549820616361,-42.1732966695766,-41.0711926277518,-40.0280438620908,-37.8157709796492,-38.3199169051332,-38.4620763235393,-38.3401954335017,-37.6924347433011,-37.6941972893599,-37.1595155746226,-37.1954352250892,-38.3451083477565,-39.0658069561811,-40.6250876939183,-42.581224259334,-47.0313140892698,-51.1679059041005,-47.1284296660526,-37.6978830851824,-34.3556744999946,-31.2711209356467,-28.4123247895104,-26.3574415411896,-24.4457115555505,-23.1636307391968,-22.4669798765257,-22.0157661398123,-22.0044539934277,-22.4191061294912,-23.3098455902102,-24.6565471485512,-26.5869384534107,-29.2371092710368,-32.7136480253849,-37.2085921432087,-39.1501863512524,-38.1895983833295,-37.5258333398778,-35.2897748604241,-34.9363626889573
-42.5157151053927,-40.8586155697702,-39.4588827598309,-38.7763502075417,-39.3147083838803,-39.9969013771319,-42.2994138908615,-46.397076280649,-57.4506389966766,-54.2376978440852,-45.0371637974956,-41.6558480506511,-39.830565163938,-38.6088292484054,-38.2984406266814,-38.6053882437975,-39.9883390467393,-40.8963369974428,-43.2099187992619,-47.8249208683452,-52.651901630193,-57.0203356632923,-55.7478199579608,-60.5582642247343,-55.5983949404293,-54.2429224861848,-48.4572267596998,-50.186919573311,-43.2927446661523,-43.5726575930503,-42.3862918486661,-40.1075980780211,-41.0900496922799,-41.3799700539972,-42.0903896734614,-41.7440639998535,-41.7842183017175,-39.9010369260462,-39.362040082018,-39.7675226336006,-38.9986324155875,-40.180278099424,-41.1268509128207,-42.8345067878008,-43.864077630613,-43.3872772361524,-37.436081693888,-34.9817797919156,-32.0484724263429,-29.0012345434949,-26.8021269998555,-24.7848682327129,-23.362895494081,-22.5778730384311,-22.1858674804488,-22.1748664461584,-22.5920868159796,-23.5439643759927,-25.0269654016918,-27.1570468183215,-30.3197543687812,-34.6170624266479,-43.4760513077456,-50.1398667739909,-41.1326695859695,-38.6123436013693,-35.0858986559337,-34.6782533164478
-43.3576863447617,-41.3444892125301,-39.8294842028967,-38.5345587518376,-39.2541209150193,-39.2946781286532,-41.5694110769992,-41.6050699242682,-46.0815376392357,-44.0370212719124,-42.0305602749284,-40.0724973994953,-39.3546521868078,-38.8797419889083,-38.5467860608111,-38.8153372962307,-40.1295363509423,-42.160935160214,-43.6638245500345,-46.4129964526798,-52.5927345898194,-57.7759990579583,-57.6240100800494,-68.7595387240861,-55.1030795069864,-53.4761972838915,-50.1674065437639,-48.4086287648355,-45.6604160454336,-45.1298074873292,-43.757268086895,-43.2328667283458,-43.9550866843067,-44.5872340816187,-47.1142222011603,-49.0364193581503,-48.5364816233847,-44.2833598669877,-42.4970033443649,-41.1292704309512,-39.3966079083504,-39.9294507559319,-40.4773369818402,-40.9320070683523,-41.2539501767429,-42.1794239195088,-38.8858965981451,-36.5841544526451,-33.2148279119143,-29.7882839524878,-27.3528369473438,-25.2177517547758,-23.6812518234471,-22.7381774284804,-22.3480064174333,-22.2899834547904,-22.6551485781507,-23.5257822113212,-24.9515988943644,-27.002389645392,-30.0488890597624,-33.5331695769501,-38.4055408103511,-40.8858261743643,-39.3468746956011,-37.5435396107237,-35.6548620209278,-35.3003048968997
-43.5399071358399,-41.4731997920907,-40.0055147842969,-38.3797487059857,-38.596533219394,-38.1623289239376,-39.3952489332165,-38.5570485777301,-39.8576883261852,-39.6217909550644,-39.4497581795746,-38.1244614523686,-38.3860513486675,-38.7481815006975,-38.7165002252353,-39.2325405215883,-40.3243634996373,-43.4525374396551,-44.7714518795711,-45.5304080269677,-49.6785496376737,-53.0751121694576,-59.4892866982218,-58.3908274549095,-59.1520207143058,-52.5133222121712,-52.1918222707595,-46.9180789242703,-49.5579383143418,-45.6960301732792,-44.2957217819367,-46.5561791838153,-45.9939344536985,-46.9260238708498,-50.3571088446504,-58.9814597053091,-54.3940569048717,-50.2426691774159,-45.5506519233165,-42.0433228575433,-40.3731513227989,-40.081738711415,-40.5011508146633,-40.3135221432391,-40.4450023930787,-42.3340673864675,-43.8077247046525,-39.5841083141033,-34.7388154085055,-30.605587567047,-27.8549099911101,-25.6118661050214,-23.9950347715812,-22.894366353905,-22.4414410217538,-22.3171182245108,-22.6124543980777,-23.3351580859881,-24.5596495432577,-26.3650461840414,-28.7762679383236,-31.3244398642287,-34.1291149542138,-36.0126727994096,-36.6703724015976,-36.0976123240049,-36.8728428897416,-36.5796608004034
-43.2200646200025,-41.1917011011549,-39.7528866917833,-38.1468731881936,-37.6464668265434,-37.0990203212511,-37.251276610251,-36.8668012977975,-36.7049336238389,-37.3297540726969,-37.878244845296,-36.8881394554088,-37.6526862288332,-38.5479745474822,-38.9468933055974,-39.8921262542897,-40.8233354779999,-43.5173898062707,-44.9513267804667,-45.8186910807661,-48.1031477040526,-50.3903487727633,-53.6431011220378,-55.2640863690767,-58.6152858252514,-53.6527220264882,-52.4342281342757,-48.1025872307644,-51.5599517820216,-46.0303844217838,-44.5862672789526,-48.064728446804,-46.2637189310114,-46.3049162348526,-47.3246201566608,-48.0923914760373,-47.9810358078904,-47.6822504417791,-44.8614993346985,-42.4629620394275,-41.7281485685217,-40.5947443177223,-40.8546886990353,-40.437049964473,-40.6498602156668,-42.7335605614356,-60.2615999071725,-42.4350625428924,-35.8387230967715,-31.0790946184605,-28.0799151054567,-25.8211807430967,-24.1657744794033,-22.9868898639432,-22.4360781092525,-22.2598009546008,-22.499012085253,-23.1033414660289,-24.1210301302769,-25.6998426769321,-27.5884664228062,-29.8497259718804,-32.3229920865749,-34.5056275188664,-35.8544397387784,-35.9783919685154,-38.6410797520766,-38.3069154202151
-42.3349692282355,-40.4137825397318,-38.98509650526,-37.6522721352677,-36.6219971364445,-36.2391350475871,-35.6884589063816,-36.0052881867035,-35.142691503282,-36.101784316803,-36.9127976605133,-36.6239748253767,-37.5368303421775,-38.5805158189557,-39.4817241289656,-40.8469238966413,-41.825594491206,-42.8991630141385,-43.8855812603175,-46.664243778191,-48.0797915386138,-50.0373038456468,-51.0713423444075,-56.1623060669492,-57.2016525287183,-58.4143138429805,-52.2858848096551,-52.8709570930671,-48.5261650816347,-46.4464888391121,-44.931381067213,-46.383786535666,-45.1363814809167,-44.4455966292226,-44.654488731193,-44.5285688614537,-44.7914013815566,-43.7582300878814,-42.7949624725498,-42.7296629383814,-43.0211108072687,-41.3746116897228,-41.3356584606741,-41.0645922139676,-41.5128966643099,-42.7853876722344,-43.9357156694388,-40.0535515528606,-35.0950118067327,-30.7840818606619,-27.8504941630603,-25.7531766642954,-24.1293946388826,-22.9830682523626,-22.3493394623238,-22.1530708674604,-22.3610064791239,-22.9205362699336,-23.8223745740582,-25.2657012280529,-26.9700211783702,-29.3091523196673,-32.038044698538,-34.9151796250774,-36.9459167954453,-37.7564033442979,-40.881375920023,-40.3389513800236
-40.7259307589933,-39.1602426735585,-37.9076084209597,-36.9887053447411,-35.7754562609416,-35.6953426394839,-34.8995705111029,-35.6826353800383,-34.7417895082053,-35.5803562640593,-36.3511967525625,-37.2417543914055,-38.111841610548,-39.0762579531019,-40.6661381926762,-42.3592083039162,-43.6386418049215,-43.057359313371,-43.3619966280451,-46.9937571208501,-48.5153865202875,-50.3353859427461,-50.5816790159133,-56.6059581279924,-66.169639593488,-59.66072806006,-52.7558073147371,-53.4487597360595,-46.1116582232199,-46.6888074101267,-45.4318065514332,-43.8924644640406,-43.8300087664371,-43.2648690072433,-43.3110727110285,-43.1474449284952,-43.3310089212033,-41.9531517967446,-41.80278400521,-43.0412935430034,-43.809211423176,-42.3936028265618,-42.0336475206115,-42.202684457837,-42.8843003276562,-42.8124669514241,-39.2993972683721,-36.7170134930016,-33.2502866020774,-29.8935383076285,-27.2800814017925,-25.4561317133483,-23.9440289767892,-22.8986229930525,-22.2333819140365,-22.0436057468437,-22.2403814104397,-22.815166998645,-23.7164177151228,-25.1143682177485,-26.9342531865796,-29.5103101367858,-32.7223974594858,-36.5477666533046,-39.9651892766182,-42.3154478331612,-43.5718953948417,-42.676361350859
-38.9043881890714,-37.8152174157898,-36.9275840148688,-36.502926738072,-35.4818078226052,-35.6797891654822,-35.0195398127363,-35.8008873001096,-35.3114929561292,-35.6609060019445,-36.1955283008127,-38.2411175971216,-39.0977424447722,-40.1241875714642,-42.8193108696595,-45.0936077789659,-47.1032022396441,-44.8091075670205,-44.3085624610602,-46.5759801088309,-47.6214403999681,-48.1614509817974,-48.7894742909387,-50.8181183175051,-54.264557964764,-50.9330877352699,-50.5969761324721,-47.0992721447341,-45.2397393506316,-46.414392263529,-45.9534662630826,-42.5331600825363,-43.2251865648779,-43.0649020078212,-42.8611059287209,-42.6868272973887,-42.5667202449106,-41.3687142551033,-41.781881876247,-43.3921660585637,-44.14446863129,-43.9120789211217,-43.4168105482203,-44.0486905767958,-44.592098602675,-43.0965457536603,-37.4864033909169,-34.7474351541037,-31.8329011730291,-29.0542605945651,-26.7169450233985,-25.1050828954177,-23.734271996187,-22.7838526868522,-22.1404098369996,-21.966552917443,-22.1647069059483,-22.7758738462088,-23.7618075394695,-25.180942744875,-27.2484429819928,-30.0957375390968,-33.7236568827097,-38.2184751519143,-43.8983617134652,-51.5058839880977,-46.8340547144247,-45.5384192183135
-37.5022487128969,-36.866998770212,-36.4425008867161,-36.5402289252947,-36.1033888297466,-36.4393424863437,-36.1919215547,-36.4455181235628,-36.7027504966378,-36.3413002122654,-36.5366961077341,-38.6687638513602,-39.7618973453041,-41.3191492317128,-45.3619796071292,-49.9928079162999,-56.3482885595701,-48.2414320170316,-46.22940447451,-45.5080306941887,-45.1635806560628,-44.5341297647815,-45.0167981844652,-45.814347412726,-46.2419703186503,-46.1530203878189,-46.9064154746332,-44.0782185472647,-45.5971185220706,-46.1498454361749,-46.5920922950279,-43.0785446640985,-43.8662954929087,-43.67462698726,-42.9205974039496,-42.4354294472709,-41.9197803117018,-41.3417787295955,-42.1324121101191,-43.7683694090669,-44.6989565825713,-46.886571436003,-46.4978143430859,-46.7832586696569,-45.9115543685155,-43.4012998233361,-36.9717796557838,-34.0277485521544,-31.3398442754093,-28.7317975836656,-26.4644938453705,-24.8870739854298,-23.6022316740743,-22.6880544799083,-22.0927428445585,-21.9301355923557,-22.1396578979425,-22.7781078907959,-23.8730517800591,-25.3490275330401,-27.551127470271,-30.5958283916987,-34.3204531841982,-38.69617480137,-43.8438019198466,-46.8939379696168,-50.6336651097617,-49.1492156028926
-36.7803160791966,-36.639639162293,-36.776571760073,-37.3824595216565,-37.9589080736921,-38.231538239709,-38.5957485807193,-37.805872605535,-38.7310937058819,-37.6529912551202,-37.4842216924885,-38.3492190442704,-39.6385249342425,-41.5663724183386,-44.8074403087466,-49.3514955488754,-53.6360747853024,-47.6202761311961,-45.4099850378335,-43.2819773284933,-42.269602670172,-41.4257093476199,-41.6633832501741,-42.3088503892971,-42.131608385952,-43.2265462552517,-44.1607382479799,-42.9794358069927,-46.6961012318994,-47.0142336995862,-48.5047967564611,-46.7402784174256,-46.3096699734198,-44.4921964177341,-42.9370263802686,-41.8263821651802,-41.0515227435015,-41.3085640879255,-42.1565637910595,-44.0545301389749,-46.2047247921314,-54.9851214895599,-53.9063828191921,-49.1135370270482,-45.7436512900046,-43.4898658116704,-37.459991841723,-34.5054780280982,-31.842393627279,-29.097613289383,-26.6480478896077,-24.9021548353571,-23.5794123858979,-22.6317570579143,-22.0747001640601,-21.9137040023229,-22.1444986316428,-22.7956902838924,-23.9644115159612,-25.5017446615118,-27.6217565261592,-30.7668969481537,-34.4911391324126,-38.8381066073621,-42.5678889113391,-43.7712446715398,-51.4116909230652,-50.0111439857705
-36.7058855421839,-37.2825078483062,-38.2502025266248,-39.3960672710306,-41.4512245373334,-41.4148777868887,-42.4148409521002,-40.0375956387936,-41.1828211077793,-39.6816594109823,-39.1909388309515,-38.2964263370844,-39.3226334565913,-40.6876740507489,-41.784149074278,-43.2033477254281,-44.1522154688593,-42.7727353749857,-41.9074852690324,-40.4654605129047,-39.6245806112909,-39.0716970756941,-39.2489011165091,-39.8146546238179,-39.7125475321867,-41.1766863436584,-42.078112447936,-42.508589276587,-47.3869471356958,-49.170359211147,-55.2295334634848,-64.8524743425694,-49.8381987734503,-44.2512851616776,-42.1463763732791,-40.6212732068804,-39.8737632406542,-40.7704197064065,-41.4448711605477,-43.5258014126464,-47.1034492246234,-52.9326045353523,-51.3012970293065,-47.3326995244081,-44.4921671632073,-43.5277127283878,-39.3824161438608,-36.3986932582619,-33.2908717164622,-30.0743869499386,-27.1817675439724,-25.112306251056,-23.6207159316974,-22.5993951794139,-22.0467784592965,-21.8796859533636,-22.1350972426409,-22.7946911679182,-23.9746410516496,-25.5527112385678,-27.5589552470866,-30.7805328376723,-34.7711452289852,-39.7973572583034,-43.8917282700761,-45.1985277271855,-47.5926186086074,-45.8215367213124
-36.9721317286772,-38.6590882163917,-41.1914237230552,-43.4280034059173,-47.5674123033176,-46.7351658110297,-47.3432757985742,-43.1231667057514,-43.9408478201484,-42.7764086679541,-41.9954785993742,-39.2847752082456,-39.4571191173291,-39.6968647334481,-39.3018854761647,-39.3306638863317,-39.5882038960297,-39.3039737305854,-38.998064525753,-38.0807448556722,-37.583748979316,-37.4555033146661,-37.673590798888,-38.126853412228,-38.2217530266725,-39.5345576431664,-40.1213829884047,-41.5554433899452,-45.7584583677494,-47.0921777818864,-52.5861591464175,-47.548707425783,-46.289731579102,-42.4092187228119,-40.4090103266919,-39.0576290819265,-38.5198108779583,-39.5081402837347,-40.0778424828104,-41.4268670938791,-43.2465965151672,-43.8330307348138,-44.0219893585663,-44.0841334799411,-43.1963256217066,-43.6179174833499,-44.4216876526801,-40.1398628306284,-35.2196967227279,-31.1534241256138,-27.724983867549,-25.3314983949839,-23.6367051749705,-22.5538627207853,-21.9737981218038,-21.7947080062289,-22.0598263390551,-22.7258733001107,-23.8634659221224,-25.4416282356118,-27.4922715059289,-30.7519973150532,-35.1218148276516,-41.0811516943457,-49.3228309976919,-53.7800289919846,-44.4105691707172,-42.6206427940228
-36.928925364232,-39.6399549857748,-44.177392109203,-50.9298470743952,-60.839952063121,-53.3975983831796,-50.2450526291552,-47.0388617596473,-47.2857635030809,-48.4932344432024,-46.7578662404281,-41.2478623926758,-39.8856073386041,-38.8218220439684,-37.5349775016511,-36.8891585178033,-36.7630261663623,-37.0137966760181,-36.938502014451,-36.466058232523,-36.3183260465612,-36.6187323866474,-36.9132199469742,-37.2355080283096,-37.4533994581667,-38.2920312121236,-38.4628523604256,-40.1867201953337,-42.3350521100649,-42.0188777884075,-43.3368944668154,-41.259950201483,-41.2824936168415,-40.0005338371537,-38.4310567088025,-37.5500525005001,-37.2375450516443,-37.8478091860621,-38.4199159679497,-38.7205796264374,-39.0540224397579,-39.6304038686815,-40.4148423364948,-41.5969562447668,-42.083392786774,-43.3354659339693,-63.6956097827373,-42.822245209497,-35.841652115474,-31.3534373881396,-27.8297954419211,-25.3379406470921,-23.5685924400114,-22.4704102259546,-21.8512367370229,-21.6491206178745,-21.8863863730372,-22.5383692676645,-23.6020666007906,-25.1268138821169,-27.2790058051225,-30.3711604462886,-34.5882806284181,-40.077687606318,-47.5425886226623,-50.9268693274242,-42.6860400367087,-41.2940210039897
-36.0278501716695,-38.4160450398165,-41.4727892194504,-45.3635331994903,-48.609401383864,-47.5584896289084,-47.5719850336938,-51.3541775804251,-51.8934534523245,-67.3132656430703,-50.9445341927295,-41.9052984062194,-39.5764866993626,-37.6062754971228,-36.1476361991646,-35.2830311366571,-34.9470718610416,-35.3921278435126,-35.4377837735024,-35.5477044452134,-35.8375230168467,-36.5736457196849,-37.0470034289022,-37.275845237341,-37.5990501479309,-37.7906556087683,-37.6256573287626,-39.0683507022857,-39.1413694509923,-38.536847161571,-38.7470041068638,-38.2802591764407,-38.0422423236995,-37.832519052688,-36.8051279460114,-36.4088205038945,-36.2896849316977,-36.3923629369396,-36.9260018022651,-36.6184968650243,-36.4888262392089,-37.341390326065,-38.3437667415316,-39.6983856749762,-40.9017841055347,-42.1395155550656,-42.6747845402081,-38.5440742718266,-34.2287198810333,-30.5029496122179,-27.4577979437515,-25.1180481667023,-23.4550169034828,-22.368385977324,-21.7106960712163,-21.4624337669035,-21.6233928719282,-22.2154207841249,-23.1871049597747,-24.6138167728293,-26.6708411730858,-29.3368478023094,-32.8428901808873,-37.067270124164,-40.6829192667902,-42.6872628271757,-42.2690132503267,-41.8168635035582
-34.5637796396787,-36.0132540523139,-37.5670249543258,-39.3722380626411,-41.5459269314481,-41.9760793585918,-42.8141348766685,-46.2603125326777,-48.7507594789718,-46.1255422660222,-44.2941603889633,-39.5768146929776,-38.0577132106892,-36.063184032258,-35.0125313980511,-34.2452725764251,-33.8569927077982,-34.2019436286021,-34.3574103005451,-35.0900621435352,-35.9490360713015,-37.1321751311332,-38.1381028588967,-38.5615843102549,-39.1808850273247,-38.5342964009668,-37.9897557633526,-38.3231816989121,-36.8863401500757,-36.4659553228343,-36.0880153302738,-36.5526983589153,-35.9761122601787,-36.1532564170235,-35.761388315311,-35.8229895094836,-35.9189020340355,-35.6400093002659,-36.037030241418,-35.5935559698047,-35.4090559254002,-36.1868446662295,-36.9955377742509,-38.017889118223,-39.3822442507118,-40.2486540354,-37.4547287665012,-35.128834611723,-32.4409976978443,-29.5972444077437,-27.0690196703089,-24.9200024768423,-23.4104336494391,-22.3062808444845,-21.5984589041062,-21.2705516352367,-21.3175131132973,-21.7987383792332,-22.6655139818337,-23.9819735040608,-25.7433223403745,-27.9664779594226,-30.8888809405948,-34.3463791489428,-37.1382221940395,-39.4062178789894,-42.9202183821862,-44.5197133868053
-33.1771562959084,-33.9849130045427,-34.939888416557,-35.9911860927501,-37.1955748940383,-38.1035058798488,-38.7810390005878,-40.0133622147074,-41.6611451023672,-40.1279651039122,-39.4042590586952,-37.1918048322391,-36.3355021984483,-34.7873166257441,-34.2417903956093,-33.7085776814003,-33.3729395589108,-33.4368733549212,-33.7045942187426,-34.807418722853,-36.152866657379,-37.6361542581922,-39.7853743525187,-41.6672521330909,-43.5738606226951,-41.2588119408543,-39.5549490429614,-37.5978861688336,-35.5597922526537,-35.2420045133893,-34.513358286293,-35.2574454496673,-34.6466316603125,-34.990305257158,-35.3299588866285,-35.9112552145654,-36.3701812522961,-35.9958471890708,-36.1814607892327,-35.8355248938023,-35.602013213508,-35.8247998564419,-36.0325195068978,-36.4462844764528,-37.5495644098372,-38.2550606454671,-35.2973804717023,-33.7352776960988,-31.7109722483805,-29.3966011125387,-27.1180841443842,-25.0201302812563,-23.5332314433822,-22.3356870495551,-21.5412396195359,-21.1034781215917,-21.0273911201599,-21.3722616767223,-22.1306493990486,-23.3553805072496,-24.8495982994047,-26.7820545108809,-29.3870145512454,-32.4101042955063,-35.231977092198,-37.8172786477684,-43.8462679388941,-49.7326761702886
-32.2211958171038,-32.6537294225329,-33.2901992083862,-33.9357531446969,-34.4317498860938,-35.3779711792041,-35.9563848063153,-36.1769115476228,-37.1233064292143,-36.7848043132284,-36.4437073656193,-35.8193715211251,-35.1903245884896,-34.2292205055564,-34.0270079492157,-33.7259062452123,-33.4691917646853,-33.2075322445553,-33.5334570828681,-34.5322861069859,-35.8600386334355,-37.2272975849223,-40.0573335290148,-45.4010361034507,-60.2078312792113,-45.5334949163502,-40.4537247353166,-36.5407411693384,-34.8466299420846,-34.3318904167999,-33.5418224107811,-34.0259603807114,-33.7693303284989,-34.2576182374348,-35.3765718131545,-36.6888671306573,-37.9292319398903,-38.0344666326144,-37.9623908561692,-37.5049387378223,-36.7809317458022,-36.0151476603503,-35.3577528296531,-35.0903207247595,-35.69506151618,-36.4480353223185,-35.0095861062352,-34.2631920383794,-32.5422903585426,-30.2763626111471,-27.8256325648296,-25.5207208576183,-23.8188699691344,-22.4461168284938,-21.5200537961794,-20.967828203933,-20.7955664766733,-21.0214211901488,-21.6863625027764,-22.8482661312943,-24.2543693726019,-26.0324109248418,-28.4424468978576,-31.2041761268339,-34.1616164646496,-36.8200757614339,-43.4449392994708,-48.7283616605609
-31.8097017476917,-31.9704907192292,-32.3363611800042,-32.7350135116742,-32.8660941067619,-33.6298928042713,-34.2070273421969,-34.0526478401364,-34.4341987344328,-34.8664848174241,-34.7662963471586,-35.3144104299829,-34.8231830974501,-34.56432510611,-34.541886514133,-34.4192884733646,-34.2006252999512,-33.6495009059844,-33.8928575063461,-34.3510906939539,-35.1312949460593,-36.1057972053298,-38.0213354190192,-41.3464665123361,-43.3849073852258,-41.1765432838263,-37.9075840246914,-35.1768188376782,-34.2013615673104,-33.3660033202868,-32.824892600877,-32.8340548764,-33.1326130709975,-33.7755766190225,-35.519056280674,-37.7765105690855,-40.7035131788091,-43.2672185943724,-42.9172831575802,-40.3201045237611,-38.0897802203158,-36.3340869837604,-34.8630511660177,-34.0607678007933,-34.1157644747344,-34.8695226982006,-36.2198062612939,-37.3671528770527,-35.9036689329326,-32.4922961797245,-29.0768096256172,-26.2145196492429,-24.1050507852327,-22.5357560040866,-21.4703438152079,-20.8451494273324,-20.6356743632835,-20.8015386103822,-21.4108694611808,-22.5357043312317,-24.0274951930983,-25.7383964635531,-28.0000998919792,-30.6533040649174,-33.555570263956,-36.0175469361932,-41.8178631507392,-44.1577862026856
-31.9580968720207,-31.8562666486703,-31.9491199756257,-32.1905874401298,-32.2673169279723,-32.76605982942,-33.3583626615315,-33.2543061077796,-33.2059248882899,-34.0306743522786,-34.1444242941359,-35.394505368502,-35.2301869126395,-35.8313851804263,-35.949426293475,-35.9825601861507,-35.7252139109307,-34.9075197822272,-34.8295160782515,-34.5068916013328,-34.5568970122506,-35.1076737858018,-35.8223575190296,-36.8732608600651,-37.2151442130952,-36.098463429006,-34.7982295452497,-33.7780393903664,-33.2138410257126,-32.3302315731921,-32.1682334001803,-31.8234091485247,-32.5964310886487,-33.3470279111789,-35.2316653134955,-37.9375845146946,-42.1872685835415,-49.7277872360223,-51.0602274203969,-40.9957374047739,-38.0232914582037,-36.0604567241097,-34.3415125553521,-33.3782035219059,-32.98713677714,-33.5337690057873,-37.4838351501204,-44.2223591435086,-45.9212137329791,-35.0691715961868,-29.9119070869831,-26.4852464342949,-24.1043814762197,-22.4484340574377,-21.320664325513,-20.7086661970219,-20.5370536403008,-20.7265744290087,-21.3385040930493,-22.4509108540589,-24.1093631347085,-25.8358257009089,-28.0257244257084,-30.7177919275402,-33.4102945498308,-35.6321251837936,-40.5003150671416,-42.0474194371813
-32.6334109118773,-32.2583582217597,-32.0952977005069,-32.2262030589572,-32.4699008599792,-32.7187163599451,-33.2892483896284,-33.5598314008565,-33.2883096843696,-34.1765076780572,-34.5238039301705,-35.8614464884187,-36.3530052839,-37.9480685510982,-38.4330061687339,-38.7672834828647,-38.3997157836969,-37.1797961684443,-36.4092147371979,-35.1986337090831,-34.5119022234632,-34.5961377372076,-34.3917006904132,-34.2814418225473,-34.0646643145943,-33.2458295894425,-32.7582084386334,-32.6023634957047,-32.0765887859564,-31.4627503468276,-31.5799538902133,-31.1580738652709,-32.1397831878343,-32.9103561749606,-34.4286774818975,-36.5333368866154,-39.1476498813467,-40.5044817707601,-40.6213934948269,-38.2978746615949,-36.7473317203265,-35.0268148539803,-33.730220210061,-33.0107288852544,-32.3798841265658,-32.525026869329,-35.5730078970577,-37.9193609905159,-37.9507861997317,-33.1164390854384,-28.8847229494213,-25.8089710631032,-23.6336848442814,-22.0966608286021,-21.0525816031633,-20.5481583813366,-20.4794477602943,-20.7727383170328,-21.4552721573979,-22.5885274213683,-24.3900412340069,-26.2656214858567,-28.5493230051269,-31.4027537578642,-33.9849029553499,-36.1212655608448,-40.1186240747574,-41.6549027670328
-33.7544593157655,-33.1510758945846,-32.7978649921576,-32.8453005701512,-33.3498336129453,-33.4462653873607,-33.9393055955003,-34.7640924549421,-34.6406441414552,-35.306272800769,-35.9454734359591,-36.7459434710125,-38.1079429593742,-40.5046668059924,-42.0780338912038,-43.5653767898366,-43.1752841363352,-40.7623619680914,-38.6835260875836,-36.4089088789553,-34.9766222174475,-34.4912458945518,-33.6690356763558,-32.9253620730835,-32.3775654820183,-31.8778715259593,-31.776968468751,-31.8460831963405,-31.2770332918929,-31.0168202690239,-31.221048623417,-30.981198560141,-31.868210136572,-32.5950135657014,-33.5912488077734,-34.8522446264816,-36.1446013203521,-36.4309209987999,-36.2553219132352,-36.220175047119,-35.6409225769545,-34.0300545948672,-33.2957368377243,-32.9480838191404,-32.2984476338602,-31.96702369281,-32.5420942407817,-32.2491665434656,-31.3455170734909,-29.2715975667196,-26.761862892039,-24.5467379802063,-22.8341451914789,-21.5595619150365,-20.7246567170584,-20.3829920252523,-20.4482587279261,-20.8927534647542,-21.7038021060339,-22.9041489908771,-24.7822298687171,-27.0003696091509,-29.6226299699446,-32.771866492335,-35.6609507135484,-37.9759616224649,-40.7638178997452,-42.4405445123398
-35.1876674276666,-34.5276840824531,-34.1256798332824,-34.1314649712157,-34.835812697686,-34.9485273869125,-35.3058525067181,-36.5571735976459,-37.2111429010813,-37.4729062103795,-38.5170115113392,-38.3877981784495,-40.4440830998987,-42.6137676661238,-45.7261699782504,-51.6799332165882,-54.3369809261857,-45.1644301063322,-41.2145472881742,-37.5992702336509,-35.5582121037751,-34.4865251072091,-33.3715539445051,-32.3691588533649,-31.7155965501543,-31.6086749816428,-31.7016039029695,-31.6794494075015,-31.1687151891137,-31.193573551056,-31.3051068920757,-31.4043263599916,-31.9402080375972,-32.5925081860735,-33.1652368424531,-33.841898276532,-34.577359763029,-34.9401290018471,-34.7289523375198,-35.5409134945699,-35.3022876625768,-33.7999185081732,-33.4196220582891,-33.2442018399068,-32.7026633866933,-31.9573317383821,-30.6334402701347,-29.5249747738049,-28.299755637398,-26.6852619390353,-24.9497393490002,-23.3633435251833,-22.0215040368053,-21.0218450033495,-20.4340257588409,-20.2529268913869,-20.4434956454841,-21.0395348203372,-22.0032962919023,-23.3163314099957,-25.2547850342975,-27.9776335477973,-31.1688796130189,-34.8931271462014,-38.9518052655862,-42.0416030303526,-42.4395782960456,-43.945739083715
-36.7744544273019,-36.3854092965434,-36.2134979891454,-36.2917265787568,-36.9821456432846,-37.3101075304933,-37.4395379673373,-38.5137697365731,-40.5266665709901,-40.6560814375386,-42.2476861614322,-41.5399494904972,-43.6181331855654,-44.0840269039726,-46.317428646921,-49.2117263933927,-49.0830619169965,-44.5635288719434,-41.6116944130979,-37.6608337614278,-35.6618145173409,-34.2663418907204,-33.2112353193718,-32.3541921751484,-31.920676638695,-32.2487653071319,-32.4636909291989,-32.2894166734962,-31.9951784447775,-32.1856939337,-32.0424974239758,-32.4894847831377,-32.4822452249056,-33.0227187010947,-33.3321915419814,-33.7215843484158,-34.3159473442313,-35.1311383466299,-35.1040938291566,-36.1614727053403,-35.9052426941824,-34.6998355201739,-34.3821734401307,-34.0033771927388,-33.5267535993846,-32.5383050968026,-30.0328850357729,-28.5482240892593,-27.0376876081038,-25.3586881384116,-23.862986504997,-22.5844454159445,-21.436481606025,-20.6468019003788,-20.261632951406,-20.1976908933556,-20.4802388884376,-21.1912266807383,-22.2883683771368,-23.7290455015099,-25.7790308107624,-28.9507351062884,-32.6567104549035,-37.3584200817989,-44.0829126303996,-51.5356978240192,-45.1656962584007,-45.548277230854
-38.3556844029736,-38.6658305300569,-39.2872878887682,-39.8033181526114,-40.1890159690128,-40.8278432874854,-40.4139940125123,-40.3565905337123,-42.8203092021705,-43.988406998444,-45.6839051350644,-48.4133824615892,-49.1540990318374,-46.1045120231835,-45.661336370372,-44.6717090889617,-42.6104291161985,-40.8278583275003,-39.0948567119003,-36.4726749975303,-35.1114431193365,-33.7891222103586,-33.0732595498256,-32.7613536779441,-32.8915895678409,-33.6888962184128,-34.1155923275945,-33.9551944063783,-34.0783908617162,-34.233954540141,-33.6347214736933,-34.1954087140643,-33.5425184152036,-33.8947684049763,-34.1004701472928,-34.4757353404108,-35.2201574489929,-36.7512294671402,-37.2656172596311,-38.1150420638166,-37.6200523461065,-36.9658421893169,-36.3379575888278,-35.3345134460267,-34.7237872317831,-33.715495966258,-30.6424150086228,-28.898773080714,-27.0222298232381,-25.0657097595742,-23.5084267686207,-22.2777125160831,-21.1871185846843,-20.5184950414365,-20.2456173417225,-20.2419023967467,-20.5811352718549,-21.3596011775707,-22.5450834505786,-24.0825216067695,-26.2477412059658,-29.4923514764831,-33.1453926637488,-38.1709192514753,-44.6282574018793,-50.6435364675342,-48.8014065178611,-46.6611192924714
-39.6435743304719,-40.9685780784659,-43.289816190302,-45.7890870646951,-46.0859234565281,-46.4027771195747,-44.0142752027865,-41.924568715772,-42.7891028214252,-44.4974273723895,-45.2254661485869,-54.6098714833153,-68.8911532551243,-48.4647105171246,-45.0899868543737,-42.2758974816966,-39.5891252122039,-38.1659209249806,-36.4718269977859,-35.078844571928,-34.3034152456444,-33.2943580813716,-33.0624864921338,-33.5343783870849,-34.4140069833807,-35.7859971679402,-36.8674621637794,-37.2480358773329,-38.160476410323,-37.6460103769819,-36.2491605433624,-36.2330261953282,-35.0629333019865,-35.1173223688842,-35.3740350940045,-35.9899166838714,-37.1594040180961,-39.7617914796857,-41.606876322872,-41.8603933113128,-40.750037645823,-40.7438016001636,-39.2590072374525,-37.2990737778422,-36.3408800547614,-35.5296969243789,-32.4257898869624,-30.3948855020574,-27.987288994208,-25.6271520327672,-23.7917710955555,-22.4019402651327,-21.2838762458734,-20.6446714781871,-20.3823605663412,-20.3905963909429,-20.7631065322458,-21.5711584603468,-22.8057381088469,-24.3939936391411,-26.5345618260243,-29.5038469302852,-32.7420961418224,-36.8159833715041,-40.9499260240716,-43.7339180396855,-51.3803656881516,-47.2352138163586
-40.0761030730456,-41.9113231945489,-44.6393741547648,-49.0737218979372,-63.4777686504396,-52.2420239046742,-45.9698528844574,-42.4157453371559,-41.5561705530686,-42.4506414560587,-43.107143902591,-44.1992852166489,-47.7085822538818,-45.8561064570849,-42.9937531771804,-40.160957940966,-37.7233026804609,-36.4665944699177,-34.6876505019858,-34.0655782543617,-33.6134323725711,-33.0296050262104,-33.3112214690921,-34.491065826383,-35.9526413215101,-38.0741157277751,-40.9701392981163,-43.8213262792666,-47.003165033262,-42.1670159909783,-39.6654848319024,-37.9366592437319,-36.8519243707543,-36.5339998444984,-36.9636278243487,-37.9800032647441,-39.7094942896989,-43.6198688141423,-48.5306335546635,-49.6281833835963,-45.3368283807435,-44.8477091676263,-42.4796031632275,-39.8359749541692,-38.5750244000252,-38.1962542757656,-35.4703655731656,-32.8638456818379,-29.6495751873587,-26.80340748097,-24.541991132531,-22.8569555636392,-21.6672519196446,-20.9747807132999,-20.6394248464556,-20.631632213543,-21.0241241287322,-21.8347958488571,-23.1003870703903,-24.7310304225455,-26.6961357222047,-29.4818922465048,-32.5538440603859,-35.7807790380179,-39.187213169721,-41.317404627964,-49.3391930135331,-47.3266728997125
-39.3917350324665,-40.5255395536637,-41.353881463073,-42.6637416199447,-44.5568743834727,-45.386596440716,-43.7765391383327,-41.3505167964767,-40.0126682023249,-40.4058297418793,-41.3680357705549,-40.375917780569,-41.9154620702739,-41.5912085416619,-40.0479150922649,-38.069263268589,-36.4051761750233,-35.4355885709675,-33.7527968948402,-33.5313361586478,-33.1970916065374,-33.0968432036821,-33.7755140234107,-35.1680254581885,-36.7807907900381,-39.3967954502805,-44.1679163449373,-50.2363874635303,-48.7437625147822,-43.6254092770113,-41.9143420622468,-38.8547867958801,-38.6196889571563,-37.9977704306795,-38.5973988246779,-39.8765665299804,-41.5983170451567,-44.6162455256483,-48.2437665284902,-58.2611911091083,-46.9427859808511,-45.2885615920138,-44.2070366955448,-42.6477721346706,-41.7514146599061,-42.3432935400646,-39.9835120597006,-35.7884173025341,-31.4635369538184,-28.1286181313713,-25.4676748055705,-23.4902965995588,-22.2213949191368,-21.4207110032753,-20.9717246408081,-20.941001107713,-21.338940798547,-22.124594385652,-23.4102952157231,-25.1287044493589,-26.9721639088253,-29.9398565108972,-33.2743447301991,-36.2520756474595,-39.3386853732602,-40.9614546007565,-45.903978945144,-46.5477199185665
-38.1140895303453,-38.3017188861557,-38.3827592866524,-38.9066527879008,-39.1872981866148,-40.5195960832048,-40.6808513453824,-39.8353227637849,-38.7919886580299,-38.965481396146,-39.9859935900983,-38.7856134291424,-39.0448964530474,-38.8979784800827,-37.8798905276156,-36.5670116586821,-35.60309646276,-34.94421597902,-33.5686872864421,-33.4450900129651,-33.1176809323309,-33.4620261276818,-34.2179353066113,-35.1889093105885,-36.8067212879019,-39.0501701220691,-41.6748466196421,-42.1325800720096,-41.8018206313376,-42.0557676802657,-41.6556331867256,-39.5956971042731,-40.1917644833366,-39.463295278133,-39.9922422899699,-41.034442008693,-41.7782172622302,-42.3466262514258,-44.6718118367576,-46.2648837054354,-44.2958401214331,-44.3668640737333,-44.1945277541011,-45.2130633152835,-46.1016516119186,-49.5453135228531,-44.2062225963346,-37.6969343855772,-32.6092690190971,-28.9767037969834,-26.2088959293035,-24.1207020146459,-22.801716235804,-21.8869486152042,-21.338068226429,-21.2898907556921,-21.6698560883728,-22.3978485436174,-23.6703414718382,-25.521761153177,-27.4960153686086,-30.9351951341902,-35.0429387199984,-38.8915117188788,-41.8697084358236,-42.6624479374038,-43.1130378215584,-44.7038949162262
-36.8019005863946,-36.423523162531,-36.4706120311993,-36.8163226466234,-36.5622669105136,-37.621602717277,-38.2798643991337,-38.6203055020205,-38.2074469354006,-38.1853523327867,-38.8992955693307,-38.4293787617858,-37.7983306977771,-37.6768512749564,-36.9265415077003,-36.0437128116165,-35.4875912376013,-34.9766657709798,-34.0499373444709,-33.7895410416507,-33.4357797689486,-34.0210937869978,-34.4588214395678,-34.849984186344,-36.5244143378913,-37.9239641036037,-38.9311372560656,-39.2114690398651,-40.2073925990797,-42.004582768821,-41.7320406554183,-41.2467983008147,-41.7636145499554,-41.0128552823015,-40.9498525330136,-41.2602832321062,-41.1449616761691,-40.6673579762193,-43.2695344999493,-42.8524595785937,-43.1434917302351,-44.5543031702323,-44.1671453652317,-47.146957330672,-50.3265241076444,-52.7758942942824,-41.9635425626687,-37.4315989918141,-32.7712290786288,-29.1996772368677,-26.6031594148664,-24.6183347015417,-23.2970669318655,-22.3097081347245,-21.7147510434844,-21.6532499387346,-21.9881506313813,-22.6381409262063,-23.8327196139175,-25.7661082181887,-28.0315840699279,-31.70912204394,-36.747640502096,-44.0786135154537,-51.0655875046307,-47.4230222788716,-41.0542392031217,-42.2221014014892
-35.7092831567478,-35.1891263503733,-35.3958929121179,-35.7131068451396,-35.4256213974497,-36.0099283828107,-36.7602298575884,-37.7672624097043,-38.1454694527567,-38.0375899362415,-38.2553490936635,-38.8874579180181,-37.8623440797933,-37.758040854134,-37.2405539052514,-36.6524568994658,-36.2288261604875,-35.5915531009573,-35.1577902816285,-34.6099684335721,-34.2311308024897,-34.6989722786656,-34.6369552889163,-34.6952015161481,-36.1928479245593,-36.7842907226296,-37.466324469526,-38.6271683467664,-41.0612088786126,-44.1921753203768,-44.0643288216369,-45.2740429025951,-43.7819268896666,-42.6482807913426,-41.3336191817815,-40.7496528755526,-40.4700285542235,-40.084528541824,-42.8939757410154,-41.9847522474862,-44.228144236677,-45.89562001778,-45.2062224077876,-48.3897946706154,-51.0703762127853,-47.282243035398,-39.0525402474944,-36.2654830362169,-32.4721880098649,-29.2602625223901,-26.8328980049039,-24.9915372261338,-23.6920349854287,-22.6834973360451,-22.100375471402,-22.0174754642453,-22.2904288684325,-22.8785116155988,-23.9351802211456,-25.7847394044808,-28.0948405889426,-31.1536850057137,-35.6318613055497,-41.1532791047194,-47.1182688783312,-45.2927007631719,-39.5224480262849,-39.6531398247162
-34.9774099349376,-34.6526944946506,-35.0174199527879,-35.3514627509362,-35.39319686817,-35.4938534752268,-36.1577752174708,-37.2722657597368,-38.2841563124302,-38.4299031670404,-38.3043951851166,-39.9609854995711,-39.2890979169204,-39.2059595045634,-38.8937235455641,-38.4608857124826,-37.9432559886087,-36.9117423294971,-36.9521461259052,-36.0448422847242,-35.612572280974,-35.5443690588279,-35.0463540876689,-34.9737785256628,-35.8149093369791,-35.8578604339496,-36.7569024942291,-38.8872425739268,-42.5814870450713,-47.2520011822003,-51.2241892778775,-55.5199888555858,-45.7645762834058,-43.4653876862062,-40.9979446276659,-39.8188648716314,-39.8500687068093,-40.1388136973794,-42.6416511267855,-42.8192530440827,-47.924118013001,-48.8910308158659,-48.4897958217659,-49.2637959997221,-49.9941269795884,-45.2644308030612,-37.8211772270849,-35.5191705205041,-32.298295826543,-29.5463453484025,-27.1779589526046,-25.3678666279159,-24.0606498319448,-23.05123209862,-22.5075360658242,-22.382320341755,-22.5960433413485,-23.1746983954106,-24.0884988271245,-25.6968105745456,-27.6817861175366,-29.8684873831729,-33.1837068002721,-35.9773770246469,-38.3498826963602,-38.6272779388156,-38.1920573046329,-37.3788123926367
-34.7280102485994,-34.8418336583145,-35.3139144371549,-35.7132627907375,-36.327076267772,-36.0571606836647,-36.4944592859403,-37.2544385819464,-38.4439648606514,-39.1992399519435,-39.3343881476152,-41.6750101473506,-42.5789167374249,-42.478962730445,-42.0438343106211,-41.4365747637484,-40.6586017397014,-39.149262276824,-39.6687817967451,-38.3828033213576,-37.7536073040151,-36.7424053280811,-35.8480239739104,-35.6485406006143,-35.4351073839241,-35.2390922139519,-36.2562846586882,-38.483166585889,-41.3547149675962,-44.0067314194047,-47.5298573615586,-45.6276691137312,-44.0136268526617,-41.8485256975228,-39.9379532064071,-38.8046716049805,-39.2464926004843,-40.0394442385562,-41.8637551090415,-44.5960518425063,-50.9963266169148,-56.2563263503801,-58.2413912517061,-50.3388272832305,-47.7114331020941,-44.5008080639847,-38.0392383863192,-35.7433091340964,-32.6400418933749,-30.1710883310802,-27.7910297419332,-25.8871925237107,-24.4947602758393,-23.4633489702763,-22.9440495613591,-22.7534027886454,-22.9275224258096,-23.5553847257098,-24.3954698576702,-25.7416473979966,-27.4020514794951,-29.1149778595506,-31.6906234917018,-33.4998646594708,-34.7711882070158,-35.087063512023,-36.7716790790202,-35.5831596459003
-35.0194083558974,-35.7928102749987,-36.4055184508322,-37.0044300766007,-38.25541766855,-37.779642296101,-37.7504784571194,-37.8176732072069,-38.7194845102222,-40.112919105598,-41.5923694858332,-44.3253991536692,-49.9005157877011,-49.1547262744779,-46.4818728434849,-45.0787227466842,-44.1344128142316,-42.6930024913997,-43.8351576775199,-42.2654855606779,-40.9804686531522,-38.5309760648917,-36.9966166812513,-36.5061003812327,-35.2057599681938,-34.9678255631613,-35.6856849220874,-37.053301341034,-38.380974189666,-39.4353326137508,-39.9621309562532,-39.4766504434639,-39.907810230425,-38.968616397914,-38.4423651952374,-37.8872888211827,-38.5535371342186,-39.3040450682786,-40.6035139020643,-44.5028565927645,-46.2845745574722,-54.2223812088197,-52.2219550461445,-50.405849846761,-44.9435007652681,-43.4969434188426,-39.5094416308427,-37.2525366265543,-33.8164378984457,-31.1666591314283,-28.6851766852178,-26.6115025765048,-25.0304793693728,-23.933178353465,-23.393119871988,-23.1275116853011,-23.2867034403405,-23.9897918122816,-24.8787035744701,-26.1079634258393,-27.7938544591203,-29.4624847523748,-31.653438268988,-33.0373734536957,-33.5448211439932,-33.5902864616774,-35.2584703369956,-34.2900284863613
-35.7147902452498,-37.4565939547308,-38.6199518764893,-39.8682119987375,-41.5345470440604,-40.7671633424588,-39.7209754693463,-38.8593922294229,-39.2168088545184,-40.877042872818,-44.3262053761725,-47.7845259729239,-58.7608004611934,-53.4130543189121,-48.6640736864668,-47.7213779302116,-47.3362629126754,-48.2022017864141,-49.9786161277397,-49.8344998099035,-45.8353880002204,-40.9219931690263,-38.2623256686401,-37.2355313305292,-35.2448073641965,-34.9668037656108,-35.0840630171677,-35.4693657224827,-35.9287696193758,-36.3781850728133,-36.0993431148817,-36.2873387255845,-36.6632497134062,-36.4761162113141,-36.886899450256,-37.0586237197126,-37.6691639838642,-38.3459282545926,-39.4233589104233,-41.995493639633,-43.184847487078,-46.8118125542762,-45.673889828401,-47.5257132576218,-43.066121883374,-42.3249154696572,-42.2543086514843,-40.485633821942,-36.1561531361655,-32.6136698469223,-29.764227450352,-27.4637090977344,-25.6021133304332,-24.4105107628988,-23.8035495446244,-23.478918298445,-23.63919219274,-24.3865857312819,-25.4437983854607,-26.8118763007608,-29.0741238244262,-31.1776331438194,-33.4673351600868,-34.6175885511882,-34.1696326331989,-33.6209282028326,-33.8970680521921,-33.4220217837778
-36.2599367880715,-39.1374042478282,-42.3186850979767,-46.7648035250435,-47.3402882362105,-44.1678275867192,-41.5604453575788,-39.9311346294259,-39.8390279505831,-41.1763770154227,-43.6817049718295,-47.4356263064312,-46.9553187941348,-46.345042678727,-46.9996768374038,-47.9566981077274,-48.3204998063527,-52.5337393707936,-50.9147424440212,-57.4334876891178,-49.6660578202648,-42.5590996576904,-39.215184552733,-37.5607382422108,-35.497584162276,-35.0488338970443,-34.5685215767926,-34.2190452558458,-34.2395533556613,-34.4358944830614,-34.0140262997829,-34.5144870566819,-34.5288998981733,-34.7220227275939,-35.5108303262406,-36.2407390009151,-36.690038825843,-37.7068251357408,-38.671882233639,-40.1075805681641,-42.2216258079393,-43.8506531789316,-43.4038508931431,-44.5479581163108,-42.4147183963451,-41.7027488859935,-47.2120509966942,-46.8347557216825,-39.7858833334082,-34.4493056271252,-30.769794210846,-28.1754051213992,-26.0407052925281,-24.7895890372871,-24.0997535334954,-23.7573141680486,-23.9190744410475,-24.6308986037421,-25.8881447045333,-27.5760898997717,-30.9024392548675,-34.2024268750587,-38.5641180589485,-39.3097847840426,-36.4008626302147,-34.6707971819126,-32.9087223902092,-32.8591760907312
-35.8712246149915,-38.8053395122802,-43.5180440030307,-51.0179694195927,-48.355272462048,-43.3160963050452,-41.5688537505316,-40.3211762043856,-40.2254957550204,-40.8154816553264,-41.0204365384464,-43.6997973839277,-43.8579246225858,-43.8914618158045,-45.8716864914652,-46.7353135697764,-47.0050443030742,-48.5382732531342,-47.0102438743545,-46.8004677638279,-45.4889571588265,-41.2451648135675,-39.338862031438,-37.4076178628886,-35.7472252172761,-35.085205099291,-34.2320985134126,-33.4723710354744,-33.2848235513457,-33.3522027035435,-33.0956459769636,-33.5928259174974,-33.2895104362031,-33.6332082695557,-34.4088787340191,-35.4063926895544,-35.8558138081341,-37.5290941892707,-38.3303948281949,-39.6853339774824,-42.6077512054089,-43.4363306906871,-43.6719110733176,-43.1131378060017,-42.7658703600687,-41.8270672838457,-56.078661673549,-56.2501868676547,-41.7852836254399,-35.602939566564,-31.1987970453901,-28.373229228074,-26.1691987489068,-24.9628984551821,-24.2150070697776,-23.9051812945482,-24.0609402034854,-24.6593954092951,-26.0122105480813,-27.8450285881553,-31.5479335780886,-35.5417168258948,-47.5974158992335,-44.5270156152144,-37.8478568107767,-35.3058082587436,-32.3705598172574,-32.4886977108725
-34.6176800638949,-36.4652473703064,-38.7502865575434,-39.9973727387219,-40.9645423350786,-39.6229338491471,-39.5393603703044,-39.5229126171129,-39.7420046051403,-39.8935141620482,-39.4938344860075,-41.3577738347981,-43.5539673785284,-44.2488054615448,-46.1855295647337,-45.8148721328225,-45.4574135779729,-45.3983663535954,-44.8800848989028,-42.9509825320752,-41.6941442295422,-38.9058231794057,-38.596218232309,-36.9334125167762,-35.8748857043131,-35.1936532856156,-34.2626502251722,-33.4538164991499,-33.1719675440912,-33.0818924855024,-33.0601966425237,-33.2222418741339,-32.7510878907254,-33.0654150541978,-33.5959397028353,-34.609491659899,-35.3226735745849,-37.5913521249755,-38.1915820355351,-40.6699097526423,-43.5147300170151,-45.6265887860239,-46.7169995866384,-43.4042739619749,-43.4397934798725,-42.4157415294004,-45.7374730196278,-44.6227787414195,-38.6691293986411,-34.4320172118246,-30.6542430037787,-27.940219864328,-25.9600633571805,-24.8922645519773,-24.1325500256215,-23.890581004323,-24.0433014210289,-24.5183633835922,-25.8023867050667,-27.3898762645586,-30.0471181876159,-32.7115255898505,-36.4768899756583,-36.6558262572314,-35.2789519820815,-34.0824154981261,-32.2314415845923,-32.2284579524025
-33.2690823743271,-34.1448580321042,-35.0116666023579,-35.5056107343037,-36.5678788592256,-36.6241130234421,-37.0296616884282,-37.7527811284344,-38.2031104121864,-38.7366133465673,-39.2895351556506,-40.7176667497776,-45.0567969876349,-47.5252174265265,-48.6737188402018,-46.4976149265801,-44.786026674424,-43.3366464141013,-43.4718971698529,-40.7716519136817,-39.2582595507968,-37.2281801344856,-37.5242665150287,-36.4064344027824,-36.0838498186656,-35.6694075896542,-35.0080134049759,-34.5149508462491,-34.1503543113681,-33.7268854986448,-33.7003886131706,-33.2263580753678,-32.7472307133111,-32.8651485301481,-33.0527403991086,-33.932347726134,-35.0621393748126,-37.3831729894539,-38.0673851147386,-42.1907167176651,-44.0955968913198,-53.3205044061598,-55.3059058445367,-45.1245543639007,-43.4754996440603,-42.8785316640852,-40.129558994277,-39.2732653029244,-35.5043785226215,-32.225423017683,-29.458843624585,-27.1639274727419,-25.5541497799874,-24.6294242981817,-23.9018423887232,-23.7334699706705,-23.9060205701303,-24.3320749893406,-25.45116135223,-26.6976005037394,-28.3885434753816,-30.285767019646,-32.0826791581897,-32.7292914945629,-32.6947170835845,-32.3581086361505,-32.3422731241725,-32.0225399608283
-32.2859593358431,-32.5351629012472,-32.8140057114834,-33.1840027080774,-33.9747469631806,-34.5819991925294,-34.9906523818718,-35.8327550038549,-36.4194482657098,-37.6560513340338,-39.8083744070825,-41.319954267715,-46.3198655203638,-54.2300919143264,-58.0786106741742,-48.8451203059348,-44.6798418965903,-41.539070921755,-41.7384078432528,-39.0820138168638,-37.602883914101,-36.322073372983,-36.5503478019596,-36.069545361289,-36.639775642351,-36.7646281300489,-36.9678798572848,-37.2577194918884,-36.7321965206695,-35.5080927351892,-34.7769201168876,-33.5123542247794,-33.0906766245628,-32.8744939936335,-32.748751381522,-33.4269150857001,-34.8830210804186,-36.5540775649931,-37.8837915907962,-41.7545572999052,-43.8915131546062,-54.7964546412393,-51.0734609600444,-46.0004383883494,-42.8387842906638,-42.6354411060976,-37.3607026658589,-36.2181897504163,-33.4020404132931,-30.5164862378787,-28.2515502310963,-26.3937164712247,-25.1221062609002,-24.2743579833258,-23.6153790768536,-23.5024624718747,-23.726362685809,-24.2134999802989,-25.1802037809679,-26.3095033696042,-27.6590851337904,-29.3772614145631,-30.6203785493853,-31.4884868144763,-31.6968788147816,-31.4698505000243,-32.4891864004312,-31.8404512350203
-31.7830607252518,-31.681384878831,-31.7688152228841,-32.1515328373229,-32.6282356578496,-33.4141497391692,-33.7516985490995,-34.4564057274329,-35.1699159367564,-36.8324489448674,-39.7507093219064,-41.6278305319073,-43.9219368973331,-47.9406805091251,-52.6749633186085,-46.9251488282307,-43.5719596968525,-39.8697403427078,-39.6518084304113,-37.6154984189015,-36.4349226411233,-35.9564132443435,-35.7896461351237,-36.0230834226435,-37.387116481713,-38.4416253514973,-40.8325412126144,-43.3558981037587,-42.4318373481069,-38.5840378203174,-35.9394591001177,-34.0173989908095,-33.5186474376098,-32.9433206473658,-32.6555986061387,-33.1020144725845,-34.5618823800719,-35.4270351875576,-37.594233242812,-39.6122271829474,-42.6116566962354,-44.9964290992,-44.6617151604868,-44.0834334069292,-42.3919737485007,-41.8282508866009,-36.2713780100754,-34.6395318939717,-32.1275955977701,-29.5486406800937,-27.3956446475975,-25.8193751568235,-24.7738225409859,-23.9304578943175,-23.3690922969506,-23.2850021980067,-23.5781569203177,-24.2043099870279,-25.1034584258729,-26.4234629604214,-27.9602193746494,-29.9194602799576,-31.2833580605705,-32.3938766564005,-32.3708414186128,-31.7551608292433,-32.4787555715224,-31.6867746358636
-31.7582051548928,-31.5418605070997,-31.6561488094741,-32.0859236505351,-32.319396867235,-33.0908827794406,-33.4167840865159,-33.9445398867311,-34.7581011513541,-36.3432109141209,-38.4364975234461,-39.9380065031559,-40.7310034684673,-42.5358313621448,-43.8876975294992,-42.0727401923589,-41.213577620918,-38.5785400172751,-37.8343640073983,-36.5177981222349,-35.67020894678,-35.864858127914,-35.2563893111287,-36.1334539561482,-37.553137009304,-39.7794250434842,-44.8545741111926,-51.9221163038104,-52.068989777522,-41.0720708201091,-36.7184324959203,-34.6166725783998,-33.7571285047373,-32.9939492165905,-32.7602004455931,-32.9599756607505,-34.0624467313612,-34.5286774002637,-37.1186010842227,-37.963604397611,-40.5908056398258,-41.6675426330766,-42.2070358460671,-42.5817729494906,-42.8046566197831,-41.3237450163588,-36.379048066007,-34.2592439376662,-31.5250912215074,-29.1537647674491,-26.9875930361151,-25.5120154159119,-24.5676587650934,-23.6875304645455,-23.2344632836547,-23.154501283872,-23.5024079061472,-24.2699721539307,-25.1991846245111,-26.9238533757276,-28.981553340328,-31.836512050971,-34.4332077600124,-36.0482164712145,-34.9226674000088,-33.2167140235044,-32.2673916480064,-31.5826382551868
-32.2015335386069,-32.0870518850341,-32.3625475576221,-32.8403943483679,-32.9727331916774,-33.6280067091437,-34.0239049985622,-34.4085097064553,-35.2291640441342,-36.2319228239757,-36.9689540089939,-37.7938495182636,-38.6208235293005,-39.739443030884,-39.9074461002168,-39.0770467588005,-39.1613387255042,-37.9172088866431,-36.7405379120584,-36.0090322048882,-35.3675449401698,-35.8592030934674,-35.0234744174497,-36.0990769302009,-36.7649289643379,-39.2050085333537,-40.9047277802317,-41.5329561904014,-41.2691772420483,-39.0256137735328,-36.8019447061918,-35.0999210153657,-33.802684079242,-33.1190292413562,-33.084261996742,-33.0511781468154,-33.5925629600596,-34.0754905661315,-36.4287351217015,-37.1624440228865,-38.7554328187467,-40.8093281225477,-41.9389962331858,-43.1550809310253,-44.723855050064,-41.9847417741083,-37.1801983471552,-34.7365171623969,-31.4935707894813,-29.1165184834467,-27.0061780286239,-25.5067583047491,-24.5457273961,-23.6176105095168,-23.2483348289324,-23.1507006889036,-23.5006266337208,-24.3353108348795,-25.3403390784901,-27.4046249560747,-29.7753117871602,-34.2483916102137,-41.4549788663795,-46.0365317877261,-38.8207251288564,-35.0968056355074,-31.993382178061,-31.5230418834764
-33.1258880985637,-33.3028739038563,-33.8257470327448,-34.3576905797918,-34.5909400994845,-35.0932322297709,-35.6081250415243,-35.8755825707545,-36.5053875813609,-36.5645816314186,-36.2551420152707,-36.6119549301472,-37.5861412061714,-38.3592580653777,-37.9840057078855,-37.7973286235982,-38.113344220088,-38.0285680368045,-36.5942917173226,-36.2820567725821,-35.6847597158533,-35.9562837847876,-35.2182468839424,-35.8269519359979,-35.7791754200625,-37.4053201511493,-37.1992731210589,-37.5277926692624,-36.9677584953215,-36.4666922962419,-36.4384271128137,-35.4132563071186,-34.0535041072827,-33.6044753648948,-33.713643772441,-33.4912876106132,-33.4175324609345,-34.004606247551,-35.5978140536621,-36.7287536526606,-37.5499517687768,-41.1217909323939,-43.327519802359,-46.8839207002343,-50.0265695971913,-44.3533196924191,-37.862272752738,-35.3967725552448,-31.9282547568358,-29.3594943386957,-27.4142949456518,-25.8422606319996,-24.7483571713503,-23.7665015605168,-23.4124938589249,-23.2741662271902,-23.5510614238867,-24.3418451339308,-25.3843465387955,-27.3889045957729,-29.3415823505407,-33.7972050398391,-38.4020332210122,-39.9992223904787,-37.4474627826727,-34.9246183550225,-31.8577964316361,-31.4804533967708
-34.5514044159914,-35.170352675066,-35.9860942869726,-36.6681304197179,-37.2741202598212,-37.6517805257886,-38.2386076403157,-38.315370444368,-38.4041278404381,-37.4475888104499,-36.5779860329124,-36.6442012235789,-37.4852452674972,-37.9376850314825,-37.4525357315514,-37.846645893039,-38.1009680583745,-38.9477329014009,-37.5701098597576,-37.5662564620907,-36.8775537944437,-36.4131822612275,-35.9318210417881,-35.6199540311519,-35.2229801168924,-35.7827617364451,-35.2656449712789,-35.7230598594374,-35.1457434623146,-35.2612841002977,-36.2108254267447,-35.9368710869051,-35.0959508063451,-34.8885603925172,-34.8293922145972,-34.4040550326089,-33.6930903450284,-34.1482789477816,-34.7283851025428,-36.0130411918397,-36.8328321542176,-40.3028947107055,-44.3310810214608,-51.073294047925,-56.3035068902639,-45.9083792098742,-37.950731976281,-35.6818653394697,-32.7986702777713,-30.0527831250861,-28.2245554047915,-26.5518995441412,-25.1964496104835,-24.1361194254279,-23.6955975453925,-23.4908071092713,-23.636147495595,-24.2922527397306,-25.2965749540395,-26.8822556404677,-28.2982820511888,-31.2901682526132,-32.982679592754,-34.1704900630879,-33.785675114938,-33.0211208317468,-32.0038408702304,-31.4780988970628
-36.4428768884664,-37.5934531642636,-38.6821036333137,-39.9355023141656,-41.3612683119651,-41.7194184346391,-42.0594806775176,-41.5961104129648,-40.6469340673693,-39.0041005634857,-38.0564196414791,-37.8964787922648,-38.2757091503811,-38.3085608559932,-38.0495799064308,-38.8988720383327,-38.9483363691567,-40.504990451519,-39.963654316905,-40.312133880073,-39.4081704233584,-37.6229039625282,-37.1008972456707,-35.76803169616,-35.1247953772915,-34.6434329341944,-34.3399208198481,-34.8227573132888,-34.5225425744992,-35.1291020279588,-36.5144838909867,-37.3277910343856,-37.6972473797833,-37.6758434731399,-36.7063636909189,-35.7487967215578,-34.3776668538675,-34.3409639968211,-33.8998667025665,-34.8272097384836,-36.1255103010393,-37.5191016687886,-41.185331291265,-42.8458624266092,-44.1736188781389,-41.8139242208464,-38.1817940398884,-36.202182182406,-34.3775517962339,-31.5679200678472,-29.4991251791372,-27.5995100095894,-25.8396555263899,-24.6605586882204,-24.0363602387081,-23.7451561870551,-23.7580588714329,-24.2472053527969,-25.1792669892152,-26.3470237803279,-27.6491794026149,-29.6451171389436,-30.881647861909,-32.2151321324988,-32.1471764497175,-31.8761667169337,-32.4847615817263,-31.6401389246418
-38.5864831336636,-40.1563605848589,-41.400958180418,-44.4277437439825,-47.9987314901877,-48.7134734639921,-47.1703230185827,-45.323617318812,-42.9251874816656,-41.3123746151944,-40.860926374193,-40.4382734855639,-40.029162382092,-39.4900179698048,-39.6314043770235,-40.5296628316219,-40.3260617422052,-42.0293623756564,-44.4880594030398,-45.9252806501646,-44.4096916508499,-39.8904352975242,-38.31517404078,-36.1327554689204,-35.1487815051163,-33.8625543269438,-33.8513727602072,-34.1765093257175,-34.4251384979391,-35.414105530551,-37.2151896620182,-40.0614072483614,-43.7079382468082,-43.7762541844421,-39.4280351430582,-36.9181990843761,-35.1036362605285,-34.3503126319822,-33.1825680224561,-33.537609477516,-35.0207545991123,-34.826273873371,-37.2529191428192,-37.780972594668,-38.7492440675466,-38.0310919763403,-39.554160812509,-38.3593742350785,-37.5904320133707,-34.3086394637009,-31.1661688930675,-28.7272414197917,-26.4857486762329,-25.1940641917416,-24.3551553783895,-23.983014785054,-23.9305554211629,-24.2846747462815,-25.1740443814868,-26.1548686246256,-27.6865374927431,-29.2886550240354,-30.8332685834075,-32.4746260787533,-32.5210446773814,-32.2742628588253,-33.293906296323,-32.1449339009044
-40.4997162103269,-41.8494869719079,-43.2062812726163,-48.5873455728257,-56.3025304757849,-71.2513607771544,-51.0339683499248,-48.0674027493144,-44.8764188448831,-44.2954151189172,-45.3435710817567,-44.6274615572703,-42.9745849923282,-41.6823984938999,-42.0444104635793,-42.1766482829274,-41.7697647504268,-42.531546843336,-50.8630529612205,-65.3961174825963,-52.268894146116,-42.1333176080377,-38.7736643215768,-36.1127101594608,-34.8953126349364,-33.2885363977902,-33.4063791070044,-33.4518519349527,-34.3001156411552,-35.2607156882327,-37.2531387586397,-41.6066344587004,-49.6141962963907,-48.7851804529149,-40.888096330962,-36.7823880529546,-35.2207188715825,-33.8899717002552,-32.654800927894,-32.5067615106136,-33.6137683236901,-33.0235737063945,-34.4333573457584,-34.8237249681986,-35.6196123870444,-35.7978827666806,-41.518264487683,-44.1637175376871,-45.083931591251,-37.2887190245917,-32.4267919856024,-29.3235350183877,-26.8228836617101,-25.5563229495898,-24.5842526261557,-24.1779417945871,-24.1624617665998,-24.4608413515365,-25.3688729344963,-26.4150132963572,-28.2961228987016,-30.0918280803018,-32.441835576843,-34.7897784713895,-35.1575072531792,-34.6081238827286,-34.4208062161333,-33.138893587322
-41.7661246911505,-42.2187453156902,-43.8767606893671,-47.0042686180328,-49.3032842694495,-51.1028371024017,-49.0895068218651,-47.6776076503045,-46.0611796728432,-47.6826447332817,-51.9422869175959,-52.0708801568916,-47.6468110183308,-45.257568827237,-44.8984247236621,-43.3410442604767,-42.8685498514949,-42.1662230500329,-46.2630338827873,-46.7807969637364,-44.8632168479024,-40.6628570979161,-38.1319729797071,-35.3909377120039,-34.2854226685701,-32.8527905532746,-32.8400426044912,-32.6285472741493,-33.7812657365775,-34.3824954879798,-35.7849277756972,-38.0225874771773,-39.8633111439606,-39.7429624387651,-38.3807466457717,-35.5454311912856,-34.5682165189377,-33.0633064500815,-32.3971222438845,-31.9002530222828,-32.3129854304831,-32.0600743924533,-32.6440671179406,-33.0602644101031,-33.7734982291028,-34.5662118555213,-39.1693087185553,-42.6530531249732,-41.83048975731,-35.5078594779038,-31.8723661994798,-28.9318510322363,-26.6939295762556,-25.6521567998771,-24.7082301641257,-24.3449199363066,-24.4513124301342,-24.791823630079,-25.7722987483106,-27.0310394845518,-29.187735768821,-31.6931169848491,-35.289897471481,-39.8149198296549,-41.8556691963929,-39.8034252388209,-35.8821721422005,-34.6446825806741
-42.5916829920781,-42.4240540165215,-44.382824300457,-44.7198328237885,-46.1850663603393,-46.7400373196805,-46.7757358339519,-45.9309306719031,-46.5698454881849,-51.316485800138,-54.4332339082413,-62.2559973753798,-53.5633283918947,-49.4364984027537,-46.9950844361933,-43.6531090807746,-43.3714727471823,-41.876996714379,-41.8331705486389,-41.6780756099385,-40.3817104621873,-37.817198105186,-36.9764516679635,-34.4699603200174,-33.5839694512913,-32.5607982670627,-32.2259371526414,-31.8968066046296,-32.8984236321172,-33.3165646612086,-33.9058581488435,-34.7140237474965,-35.7838204825206,-35.8200875834767,-35.6235396899185,-34.4478949785926,-33.8029908029387,-32.441576484682,-32.48161395482,-31.7871746981611,-31.4624215720434,-31.7578361907834,-31.6841986627701,-32.117634220135,-32.7979129423033,-33.838749555819,-35.0724945540788,-35.7935631616048,-34.7949978789394,-32.11787756473,-30.1380513933739,-27.9856227099261,-26.3141610508326,-25.5490468365989,-24.776412485318,-24.526570446064,-24.7837991285046,-25.2520727137901,-26.3224186704906,-27.7662300119572,-30.0614158216952,-33.0959726368255,-37.308165705414,-45.4952895355358,-54.3486884301485,-45.2973307328663,-37.6131337199389,-36.3488176847465
-43.5094986552065,-43.6480627862601,-45.7325545268058,-44.4786193061676,-45.7430019202669,-45.0989187252383,-45.4933863256778,-44.7158828147811,-46.925490579101,-52.2564518396792,-50.0728741847943,-51.3452916343656,-50.558755539417,-48.1645943281765,-46.7998613373696,-43.1823627570797,-43.2696885498099,-42.1313286619765,-39.8051331653519,-39.5452166378971,-38.4439934833129,-36.1287874765065,-35.8734650140042,-33.8815195161257,-33.0685374919874,-32.4437717588177,-31.7714735937999,-31.4837591854063,-32.0139190758289,-32.5616434324951,-32.6495485698362,-33.0002454133177,-34.0148103814691,-34.1836482647913,-34.1796681620768,-34.1185352288589,-33.5830869071651,-32.5662357576636,-32.9739606834185,-32.2198689718228,-31.2783403122568,-31.951358256284,-31.4200803501884,-31.8133324414725,-32.4282809138251,-33.3330415999873,-32.5667921097668,-32.5785538964856,-31.6064429348654,-30.1376629698378,-28.7251223968727,-27.1834874861418,-26.0296157687526,-25.4069207369039,-24.8654122974343,-24.7584841455126,-25.1307156635935,-25.7810124581141,-26.9098497986533,-28.3980323251747,-30.8307807886906,-33.3560732911496,-36.7650123869189,-41.1406400589935,-41.0810020158683,-40.0785897798265,-39.0855459353445,-37.3463796921531
-44.6992103954463,-46.5579749619272,-49.0695217951798,-47.0536027688436,-46.8698377245834,-44.8527486347062,-44.5514720028389,-43.9994483455733,-46.6156552816827,-47.1378762990862,-46.8427070844499,-47.4243627003459,-46.2231599934491,-45.0751182850031,-45.2863088345112,-42.867761775576,-43.1831895130766,-43.0940323288352,-39.4988358122569,-38.9592402611752,-37.8923196277417,-35.6364549566613,-35.0538598434984,-33.7735371242125,-32.8782115894788,-32.5351388490602,-31.690323743537,-31.5545641662036,-31.5301302612497,-32.3096396868006,-32.283103297282,-32.6042753977096,-33.6191095417567,-33.9890802943236,-34.0747030110592,-34.7634312628184,-34.2937429854607,-33.7994832384862,-33.9554564759448,-33.2595619988785,-31.9046113303663,-32.5007299305017,-31.7644542868786,-32.0276494989977,-32.453850954345,-33.0441834071321,-31.7133846589784,-31.5216441991413,-30.55034407941,-29.5661875145435,-28.1731143164066,-26.8858498059371,-26.0452821929413,-25.3639510387902,-25.0233378607794,-25.0354895867199,-25.4409561536503,-26.2915862780679,-27.4213750914612,-28.927674213065,-31.6369318549319,-33.3785179647378,-36.5027969448024,-39.0317541748498,-38.6805155208941,-37.703050722818,-39.2990912545691,-37.1012618688179
-45.0517503516323,-48.7430534165636,-55.22962392675,-55.3987259966768,-47.0116088199628,-44.8317605033771,-43.1207440269639,-43.0772001970286,-44.3091225839085,-42.5253401305324,-44.1924596125649,-44.7234032335707,-43.6632504073624,-43.508786614819,-44.1424007338576,-43.8324493463475,-44.2020483370097,-45.0789947706343,-40.7990563173869,-39.4252508771624,-38.0667389384178,-35.9769577281154,-34.6290792146423,-34.0795804074343,-33.0649282419459,-32.8835119864876,-32.1381970641839,-32.1999392177038,-31.7316177587757,-32.6101618612153,-32.800683230275,-33.2809268514343,-34.2313600850399,-34.9374637462041,-35.2778005252342,-36.5444212530081,-36.276031122888,-36.5032182122729,-35.5642311981938,-34.9756060076061,-33.4362274212448,-33.3004090084439,-32.6503263682318,-32.6491626522047,-32.7421262919509,-33.1033866229033,-32.3899840555052,-32.2046242145339,-31.2894032087764,-30.3111005886274,-28.6026628057911,-27.1939806694782,-26.392726359143,-25.4822022412643,-25.2362739083262,-25.2970059226987,-25.6515789790295,-26.676738812992,-27.7845626789223,-29.5188690299555,-32.5678548005599,-34.4257375506185,-38.2658585455646,-40.129340910509,-39.7617832986907,-38.0322950985604,-38.4512923679147,-36.5423218361629
-42.9340290060298,-44.5222870498304,-48.3576680340416,-47.80735608433,-43.8062979709262,-42.9044243138725,-41.0236166701154,-41.3643476824981,-40.8932764873125,-39.3540801365444,-41.4117447022824,-41.66808646331,-41.8992135257862,-42.7646584842719,-43.8918820852025,-47.2464663888235,-48.0879046714508,-48.9187420543061,-43.3696112615878,-40.3190134391706,-38.2641361224588,-36.6922274933969,-34.7081701236131,-34.7085921802799,-33.6869908559245,-33.5796386512834,-33.2105567989833,-33.450519185365,-32.7924779539898,-33.4724596213737,-34.1198756268038,-34.8326196645638,-35.6321703274924,-36.866468765768,-37.8207747358962,-39.7475849459137,-40.175917558595,-41.3730250709022,-38.0411971230911,-37.404938480235,-35.8589795294928,-34.3238980262061,-34.003417795154,-33.5693437033405,-33.2881958089101,-33.5921197302591,-34.5519356892004,-34.79925197836,-34.1865583058185,-32.5130958548621,-30.0315939861607,-28.0385352518909,-26.9583719837141,-25.72881640385,-25.4274219040329,-25.4420692556277,-25.7118185425264,-26.8197711128852,-27.9538130463598,-30.1533145596032,-33.358944985832,-36.8313076665976,-43.3282046345902,-45.0862516218399,-43.1441111753205,-40.19715771687,-37.7961101652684,-36.6662585730962
-39.9927396653589,-40.5299905700324,-42.1991167043623,-41.0278509496309,-40.3018828846862,-39.6655952425175,-38.7781782548313,-39.0090793978089,-37.8213671695576,-37.203306095639,-38.5421395915785,-38.6199464351773,-40.0806973808849,-41.4768034318943,-43.8171235307128,-50.4051333493695,-59.8917044752923,-52.0129018834243,-44.0110039561783,-40.4972629073265,-38.0333839867061,-37.4180609073524,-35.417985430625,-35.665086827458,-34.8854290276468,-34.7809870739518,-34.9676138887031,-35.2758814752131,-34.8098929732072,-34.8942476532784,-36.0914775848121,-37.0309546938651,-37.5955434607069,-39.4955695509228,-41.4765521913842,-44.7085050517107,-48.3180489911006,-50.0901991853004,-41.6790202961144,-40.3325554275005,-38.787853703141,-35.6745327548721,-35.6950691449565,-34.7232065355908,-34.1870936966297,-34.4866751592278,-37.6073166096798,-40.2770714417235,-41.4289326321398,-36.451418205731,-32.1051936035518,-29.0676057818935,-27.4703186942987,-25.9633279266776,-25.4829418631241,-25.3747244241157,-25.5947454194413,-26.6288310970392,-27.8490535886322,-30.3715748781892,-33.3539975626814,-38.1519533976797,-46.9998178470255,-49.7725091143154,-44.026860336129,-42.4563383635145,-38.1004897454027,-38.0040142241712
-37.8021043254636,-38.1337088636925,-38.6487872053105,-37.6557843554773,-37.8072439320283,-37.0115761262268,-36.8632598149319,-36.6576769611932,-35.5355149072403,-35.7442719066215,-36.0644888296709,-36.2132771578293,-37.9163919937671,-39.1764443185967,-41.8812181057453,-43.5647871535515,-45.5946326463693,-45.2434985528887,-41.2314601168482,-39.5774501401174,-37.6850372739863,-38.1320204862288,-36.9137260267007,-37.0996083808142,-36.9335016743082,-36.7434205687117,-37.4635918983042,-37.5486055576817,-37.7674948369184,-36.8726679158401,-38.4555205546707,-39.5604470130088,-39.8271419881636,-42.0867308078209,-44.4710729428832,-48.5401141606301,-58.1661729715923,-51.075507559587,-45.6550180022577,-42.6833697772038,-41.1821105440623,-37.5519089017935,-37.4897462493256,-36.1444370729403,-35.5333842453869,-35.7033477986084,-38.7382468365525,-44.9891980478435,-48.9118353704168,-39.1387309202945,-33.016300736617,-29.5131538438491,-27.5418047453097,-25.9740586999131,-25.2999232609452,-25.0566830319271,-25.2895010644446,-26.0969449246817,-27.3756270972355,-29.6614682699143,-32.2167301463887,-35.3796124346532,-39.7264925536295,-41.8416319872394,-41.2521335388052,-42.5033461200539,-39.829739504874,-41.1432273364531
-36.6085137046085,-36.8883946076593,-36.6459903321431,-36.0780236167809,-36.3257432955076,-35.4474277071945,-35.5254157963089,-34.8559793109698,-34.0946528541671,-34.7580451971984,-34.2884910595569,-34.6096174479767,-35.8075925398738,-36.7881155256465,-38.5467229039768,-38.7695423723683,-39.5175889585287,-40.1053394154709,-38.8816205111063,-38.5340597991362,-37.7887611927614,-38.96961138838,-39.4100444850092,-39.3390469532492,-40.3266110611504,-39.9120447412772,-40.7611656513338,-40.0008462342737,-41.302404432642,-39.4130639566511,-40.8252590900029,-42.0506447079517,-42.0963821820106,-43.8475094680819,-45.2167303388207,-46.5473491778753,-47.0287418106326,-47.1586335999546,-45.6841772945603,-43.2510634783436,-42.5114425644383,-40.0996921631748,-39.1437642172724,-37.9854014289487,-37.3491527753421,-37.1883985323644,-37.5366939615884,-38.7042767793635,-37.5235328626483,-35.3512515811015,-31.4232821503861,-28.8617850638072,-26.9727278688876,-25.6225848889158,-24.8475006001894,-24.5289313185875,-24.8008266534406,-25.329611983489,-26.5588817641359,-28.2896405603098,-30.4492286859345,-32.487830040649,-35.7552600266403,-38.1113987614334,-39.6456031421379,-42.2993414263612,-43.7244881856361,-47.9313720799783
-36.305024700418,-36.4919482050375,-35.8330314056748,-35.8083436237658,-35.8075071574223,-35.0104749403465,-34.9033247919218,-33.8924215968383,-33.4815593547473,-34.1195312592866,-33.2776799173892,-33.7196953077654,-34.1780312229581,-34.9459741392303,-35.7192748660297,-36.0469197366671,-36.3700460247636,-37.0052901774546,-37.5539562784978,-37.9477960393276,-38.5653298530699,-39.8525716594919,-43.1234276118362,-43.0333938316429,-46.2340231955679,-45.2536010394354,-44.8680928812038,-42.3266302630147,-44.2584712867779,-42.5036485134209,-42.8169479427507,-44.272672637524,-44.545578320969,-45.3865254613078,-46.3340921215898,-45.4219795636315,-45.0815831970156,-46.7847794558183,-44.0589135429613,-43.1559090786849,-43.5892176694448,-43.1461350591249,-40.7766077834013,-40.5133661541106,-39.6382152558086,-39.0204328581846,-36.8173560790554,-35.4299340844145,-34.0017503468808,-32.0188291661155,-29.375110544515,-27.6333057228265,-25.9989170309997,-24.976472990254,-24.2018056452058,-23.8896422660926,-24.1672314161126,-24.4941489574915,-25.5866093432427,-26.8959902429273,-28.6728090862181,-30.6292358992938,-33.48495631731,-36.2820126903664,-38.7526459699414,-42.9564575317997,-49.6963154531735,-61.0835849782173
-36.705065359693,-36.7618894306137,-36.1114070439691,-36.6918351899412,-36.3217468805976,-35.7518562928968,-35.120431268592,-33.897970770026,-33.65348153845,-33.7867829203236,-32.9567310565392,-33.3582796579794,-33.1737562699952,-33.7605875876821,-33.9115402413112,-34.6294360629203,-34.8136113122448,-35.3435062888161,-36.8183199699926,-37.7289457344226,-39.6532283408685,-40.5087836746631,-46.688091651619,-49.2002705847792,-57.7496141516234,-53.8567274292526,-49.2206469806256,-44.4639888131539,-45.388509021672,-45.9937723573388,-44.4033584883497,-46.3738482210418,-47.7335328224309,-48.0372016222044,-49.5736960536138,-46.557500119733,-46.0027790050765,-48.1392268188144,-44.0166569074117,-43.7245967121182,-44.8281223766504,-46.120087494697,-43.0568889221259,-44.1883542032086,-42.6396348075158,-41.5001238260631,-36.9762144938301,-34.2360260681751,-32.5613040253147,-30.1588211316293,-27.967678332899,-26.500526779172,-25.0160295323873,-24.2381146577817,-23.5101691455486,-23.2515073223531,-23.4722767801848,-23.7421164539447,-24.6807119942959,-25.8116815983933,-27.226138068495,-29.4152125035508,-31.9524293541121,-34.9467286650226,-37.3539392607234,-41.875521528493,-45.5723735426102,-46.6829250048711
-37.5707932715186,-37.55117138891,-37.495484182982,-38.7367855034195,-38.1263741525971,-37.8947769904614,-36.3371482018968,-34.9160242878523,-34.5187008913857,-33.7611720186642,-33.1578997675172,-33.2942670836386,-32.7554750554453,-33.1633281638174,-33.099981657992,-34.1494823285504,-34.4373051047414,-34.9085866937009,-36.4726516520463,-37.6623140973167,-40.1055335981892,-40.7885200573735,-45.1552475916919,-48.797444455139,-49.878613692687,-49.3323401382342,-50.621574723193,-46.4698759093817,-45.1989906160066,-49.4679757846877,-46.1979543553897,-48.8214930696202,-52.4691751655396,-52.954394058768,-55.0987698863791,-50.3153275124446,-48.8922106349948,-49.7981433257322,-45.7927441963114,-45.2240721659945,-46.0100650080422,-48.8455553090692,-47.1212937445905,-50.1920070510076,-47.264029164998,-45.1290311163062,-37.4343972083909,-34.1695373128304,-31.9424321892951,-29.2785577846171,-27.1958936111403,-25.719414304932,-24.2721516944265,-23.5877873605248,-22.9139064463241,-22.706121122767,-22.8268096264112,-23.1686685989869,-23.9892527349019,-25.0950260255529,-26.2640301090151,-28.531815111599,-30.8487435021147,-33.5815076153177,-35.6519804938487,-38.6940030817107,-41.17751162643,-42.7574802433283
-38.631183282832,-38.6659592537558,-39.9451911229458,-41.9961532416099,-41.9161214145373,-42.1126263984124,-38.7475982174146,-36.7986675299916,-35.8452774378196,-34.0085054687023,-33.625015382465,-33.3052224513967,-32.7902324553171,-33.042067793588,-33.1779999456588,-34.3864192018743,-35.1000898126636,-35.686085675547,-36.7644421371146,-37.8838602709469,-39.7083400854689,-40.7633128950749,-42.1244142167477,-43.298654888454,-44.7950328023014,-45.0135824118022,-47.4817541332126,-47.7118851309557,-44.8319672440728,-52.1832351210564,-49.1528685327364,-52.2606441998144,-60.8165266708428,-61.337760595075,-59.7616597678197,-59.936033374957,-53.1271323201203,-50.1587277643935,-49.1560758297857,-47.1776013196653,-46.8478415511159,-50.137593293168,-54.0547812554841,-65.5074617828899,-54.7203372890896,-48.6911435081905,-37.7604180072766,-34.5171393465067,-31.652294880895,-29.0113425667155,-26.8714235920228,-25.3070819959544,-23.8476526423506,-23.121462409773,-22.4971428009042,-22.3068840139825,-22.3326579405302,-22.8097005188416,-23.5733597671622,-24.7014165553261,-25.8456642090981,-27.9784878401213,-30.2311578262109,-32.5296512628254,-34.5315561965911,-36.2656920577503,-39.1832838611563,-41.0639507856727
-39.6624630921904,-39.8520093886104,-42.6703951072223,-45.6020652315832,-49.6085609029093,-50.0126360075592,-41.9628353868712,-38.6663393459422,-37.0755985783814,-34.3715631196691,-34.0488550897855,-33.2641562588675,-33.1001680698604,-33.2697479155324,-33.9796606942845,-35.1530591478288,-36.7536430778493,-37.8049895537553,-38.2500843787005,-38.9264405466384,-39.4868800482987,-40.6489307121332,-40.1563283811587,-40.328178360091,-41.7289778480302,-42.5728906332134,-43.7409104211298,-46.7329312487593,-44.5020807651266,-51.1452770992472,-51.3441032466388,-56.8780661027441,-66.1479701898407,-65.7217708139294,-67.2632882546525,-59.7952696249208,-53.8630682575862,-49.1031459416397,-52.2978389220571,-48.2696680733492,-46.8104571234087,-47.1950200817887,-50.5077288305559,-53.3900106032639,-50.7001774975398,-46.2745694284999,-38.0844330712138,-34.7793236209995,-31.7023381112269,-29.1121746836375,-26.8626238083538,-25.2035647381802,-23.7241753220493,-22.8622409053534,-22.2786358393771,-22.0678249523036,-22.0510153058406,-22.6525341886798,-23.4254756726682,-24.5707744789013,-25.9533734642715,-27.9458962781216,-30.2856648598703,-32.3418062745059,-34.4763839992418,-35.3357219049655,-38.6382013581617,-40.230276111982
-40.6661422800789,-41.011036449984,-43.4888257348881,-45.6518728197,-48.6469800449006,-47.6051059335099,-42.2718232441021,-38.8422556764929,-37.3712257268112,-34.5811691458171,-34.1966310164001,-33.1932584842008,-33.5146142201693,-33.720336173249,-35.1620839603099,-36.2239062788412,-39.1827357043044,-41.4076999432919,-41.9433339633294,-41.5911617456508,-40.1809941213509,-40.698611376463,-39.060039952847,-38.7676647256912,-39.4090182844949,-40.3867237372928,-40.6657507388238,-43.6970100302101,-43.2175248433005,-46.391880655416,-46.5855948313041,-51.7999500261816,-52.422902533942,-55.3305583422618,-53.2884916463833,-50.6499371111807,-49.2662291545264,-47.2160351509444,-49.6836918771663,-47.2923247272323,-45.7438841113063,-43.9646252700385,-45.6063302375836,-47.3766843720249,-45.9345486581832,-43.0883896915627,-38.7702581261692,-35.1598213916326,-32.3207280844598,-29.4694985805139,-27.130861860738,-25.3267125278187,-23.8318648897136,-22.7847924829027,-22.2265386034409,-21.9714279834743,-21.9860132540295,-22.6471494232345,-23.4798517076559,-24.6553794352076,-26.4712145675302,-28.5930524744646,-31.1847545055282,-33.4641940412765,-35.8530534527023,-36.0438234807008,-38.9975489363845,-39.6865886579126
-42.0696948062945,-42.4860414280547,-42.8403548964311,-43.3343709638294,-42.7652214876915,-41.9897657786833,-39.3128508526457,-37.6320800715775,-36.5251942263978,-34.4904117684656,-34.0604295414748,-33.2313377180958,-33.939989469906,-34.3146344223989,-36.1508556403346,-37.304989468629,-41.1864785363989,-44.8493133763983,-52.1234578430391,-47.0914668305531,-41.6687082477966,-40.7779070841921,-38.4725615338547,-37.818210095115,-37.605315624566,-38.1661299531614,-38.2163738332412,-40.2107049990472,-40.6585588624901,-41.9281181358707,-41.9247922187048,-44.6717121134268,-45.6567559504295,-47.1610196752094,-45.5259034705886,-45.930862441513,-45.2312157642951,-44.5809008518762,-44.7687266502275,-44.7434568825344,-44.2688925436055,-42.1859428664978,-43.2892295482408,-44.2161271837492,-43.8068233289867,-41.8084108642242,-40.2855142620355,-36.3893588470935,-33.6032947845691,-30.0806867542861,-27.6558586518387,-25.5829150439339,-24.0751420552724,-22.838471914531,-22.2810111233538,-21.980526778517,-22.0835146767004,-22.7183375467814,-23.622482666708,-24.8995194960023,-27.1457952700499,-29.8352296995934,-32.9577457187435,-36.4371012288575,-39.5467376490169,-38.844790545043,-39.7476854033448,-39.2081007388025
-44.8827631307275,-44.9536128602086,-42.7109337801534,-41.7205805083923,-40.2980385466382,-39.0666109218121,-36.9469404535903,-36.4233130844655,-35.2401847348682,-34.2625006459871,-33.842588113369,-33.5586470411604,-34.4117189624618,-35.083262029422,-36.6429666999745,-38.170915281324,-41.0853411914392,-43.5610516521253,-49.7319504916228,-47.9320509806472,-42.1726800832574,-40.0412395701902,-38.0023899432,-36.8999685155544,-36.1383031377095,-36.1509352995844,-36.2138200971935,-37.1637806349034,-37.9551086945119,-38.459677912836,-38.8122549719843,-39.9540685355758,-41.1999957933151,-41.9568217114511,-41.2244266884323,-42.4851001086134,-42.2872332436672,-41.8926396376901,-41.1221996623592,-42.0320540590567,-42.6421150863496,-41.6127159944646,-42.336495861368,-42.509078602185,-42.9976349727703,-42.3220056480272,-43.6639634412839,-39.1672859725415,-35.1842364150273,-30.891543094629,-28.3047683162972,-25.8709462309023,-24.3542266470849,-22.9716060581778,-22.3799663349205,-22.0516560613071,-22.2473465913505,-22.785649535259,-23.7268316193319,-25.188919395783,-27.6170014659521,-30.9639227939119,-34.8861551452924,-41.4555193542901,-50.4497345225525,-45.1945871121886,-40.2582235863757,-38.8290454897823
-51.9695827904294,-48.4490575739832,-42.9980790935943,-40.8869444321252,-39.1674424641097,-37.2589907289166,-35.6181718488767,-35.5538183067176,-34.1492503289717,-34.1541107270284,-33.7963131163895,-34.320054653138,-35.0746743843315,-36.1780482053635,-37.1502685527518,-38.9783612085159,-40.2530096554998,-41.5127273980051,-42.230978402481,-42.0408638139252,-40.2512178587769,-38.1986339596057,-37.2108750576931,-35.7581143848315,-34.8280755340513,-34.4908967754807,-34.5761881403324,-34.8155131986297,-35.7457048979236,-35.8955541011024,-36.7402449873173,-36.9054267220143,-38.2450965847798,-38.7123400543641,-38.7815329977453,-39.9865112141577,-40.1814032945143,-39.9140818861777,-39.0146309626162,-40.0652411157179,-41.0053290341983,-41.7580256526977,-42.1663666987796,-41.9425509411387,-42.8854519833892,-44.6106631620098,-52.3879931267633,-42.6848126733746,-36.0323764626486,-31.5830529396576,-28.7856528600379,-26.1050505172281,-24.5911216839319,-23.1504100989598,-22.4826269664577,-22.1474315334747,-22.3769450969454,-22.7938623241537,-23.7191533363001,-25.3393435449431,-27.6369797475855,-30.8244149234162,-34.8190327079325,-40.5230974995246,-46.1080079797565,-46.5782827212276,-40.1795382268874,-38.7585546595299
-54.5532040272994,-47.7510818865194,-42.314420409512,-40.258121595928,-38.1877403262342,-36.0453773766162,-35.0382028908247,-34.9117752071908,-33.524265244161,-34.2439924486489,-34.0883087350138,-35.4991634405261,-36.0724824538396,-37.7873696371942,-38.5199165749584,-40.3599774677225,-40.4690438902078,-41.075880787225,-39.7162650271389,-39.0382229393253,-37.9485256294107,-36.2226668968902,-35.9171283790522,-34.5311588617467,-33.6646981366849,-33.2297811208567,-33.3276094134788,-33.2030939877396,-34.1286104209551,-34.1640166942126,-35.3851520653933,-35.1310937403797,-36.4392305176523,-36.8910291299089,-37.6004659563368,-38.4342650512,-38.8390363215603,-38.9383012727173,-38.3643680230955,-39.1764558271526,-39.8524639292777,-42.1111263791477,-42.3756024039704,-42.2527277379421,-43.2285273558049,-48.4573484753354,-48.8132118870543,-41.1699985648301,-35.6794515356082,-31.7256843940737,-28.8899408347156,-26.258971644471,-24.7532153781086,-23.3595866097896,-22.5801847244564,-22.2447915976673,-22.4154080489716,-22.7395381262078,-23.6188940729499,-25.2145085720677,-27.2689837368539,-29.6791822684247,-32.930525377818,-36.2152627820852,-38.7720526687633,-40.2984347864369,-39.9373539427071,-39.2827874533651
-44.8650869944192,-43.6925858735311,-40.5895551545135,-39.3429704213318,-37.0148182793514,-35.3474174481236,-34.938478595727,-34.4187624924188,-33.4403286965618,-34.4167165198006,-34.7203429217052,-36.6511445108735,-37.3300810011198,-39.8741545732977,-41.6367799781699,-43.4368916009325,-42.5847369016419,-42.2305677010656,-39.0609464805073,-37.7482684849458,-36.3812462650317,-34.7912885266129,-34.4530311097363,-33.4949611966237,-32.7929085086292,-32.4118321978324,-32.5260322145453,-32.3098906242883,-33.1162934568677,-33.2405801077684,-34.5898211606111,-34.4154584652809,-35.582615598621,-36.1936405207388,-37.3730732343493,-37.8375041195722,-38.3556844426437,-39.0030099868586,-39.1496094566923,-39.5027292947043,-39.6854932681974,-42.3542611153043,-42.5418469882834,-42.8754289852228,-43.9477745828939,-49.9345780768521,-42.2510252838845,-38.4345361210372,-35.0556757308696,-31.4568242020862,-28.7945876573695,-26.3839279404337,-24.8561239974794,-23.5849061422166,-22.6861191504593,-22.3364914638208,-22.3759226140313,-22.6696171957999,-23.5068041141557,-24.8831581080148,-26.7507135926614,-28.6316624084282,-31.2645914324071,-34.0046706213736,-36.3030087583094,-37.8416455272866,-40.3032783607945,-40.7522426291014
-41.2152775052437,-41.0557733500369,-39.1566902809651,-38.284067467996,-36.1398285115877,-35.2272231614465,-35.1274560261652,-34.1376492663544,-33.875423586487,-34.5445863919413,-35.469962923948,-36.9145263959871,-38.253326866312,-41.387823866956,-46.8750397474681,-51.6888406078323,-47.6349880829024,-43.9041611306183,-39.0983735301145,-37.2439925671342,-35.5411178101321,-34.0165343268751,-33.3059258083966,-32.8499693420409,-32.3599753936093,-32.0988569520395,-32.2190508257448,-32.1211753748155,-32.746524249936,-33.1182724639989,-34.3107203305312,-34.6185187351367,-35.5505840719215,-36.4160998286588,-37.8967652408936,-38.1947016926566,-38.9164819506839,-40.0779104231289,-41.4909424703769,-41.2213378547057,-40.8489970234141,-42.5130004871264,-42.4618284544555,-43.111911714473,-44.7974920964003,-46.9064242668939,-40.3507675956852,-37.8440996109869,-34.945988398695,-31.4054925124999,-28.8566363209916,-26.5594177732083,-24.9376567432428,-23.7958783744434,-22.8128530342775,-22.4257565351679,-22.3248794828873,-22.6501207589799,-23.4628514166844,-24.5730551890324,-26.2945415104768,-28.0788281871065,-30.3578495815642,-33.1638313717723,-35.8909085012333,-37.5824638089345,-41.9953417650333,-43.788629686256
-39.9429590586948,-39.9000001090714,-38.6786751943004,-37.6493845820487,-36.0826959586581,-35.7409294432247,-35.5137885088029,-34.2208819803097,-34.7291792410202,-34.6784542828742,-35.9573150285364,-36.2571426453966,-38.1163340239524,-40.650806159794,-44.620133191959,-50.6995887817974,-47.8867394788016,-42.5849053757837,-38.8843272734976,-36.8281595730317,-35.2220936694044,-33.8224135766277,-32.7869436320239,-32.7024932593167,-32.4462283885857,-32.3433534924093,-32.4502148110327,-32.635399945629,-33.0526736214629,-33.7889292689573,-34.5884315761046,-35.6333395287733,-36.2665128405117,-37.3832841530061,-39.0029984937161,-39.4595226785335,-40.751527847331,-42.1420850600301,-45.8019972553522,-44.7859230428605,-43.6250977461961,-42.8414134968472,-42.4737505263629,-43.0271062784767,-45.2264315875706,-44.3533826990299,-41.5299818295989,-39.6497145194256,-35.6456082796852,-31.9764598180333,-29.2257508834957,-26.8106245840892,-25.0189812405634,-23.9463017944429,-22.9516875468984,-22.5171337830506,-22.3371277718407,-22.7298079045901,-23.5334658029262,-24.4943845872196,-26.0611070177896,-27.9653394000244,-30.1227334566864,-33.0061137894911,-36.468470364266,-38.4605081298318,-45.8152318823296,-50.5168086578588
-40.2291610942326,-39.9584739907661,-39.34100078592,-37.9241295891154,-37.1269647155889,-36.8986606697055,-36.1235545581892,-34.8270973402501,-35.8119884275901,-35.0088091147777,-36.0260767813739,-35.6295671055061,-37.3264777088796,-38.8417719653845,-39.8895411464585,-42.0441105110496,-41.6440416097204,-39.4646022001743,-38.1538971152039,-36.268687692815,-35.2451712039314,-34.135835657319,-33.0406951261528,-33.1121550426953,-33.0923638465902,-33.1750104519023,-33.2796376013182,-33.8522249676734,-34.023051582334,-35.2243367840192,-35.5260824379479,-37.3700238490101,-37.708639256313,-38.9579439934368,-40.5342045184841,-41.4077932741229,-44.0151859668327,-45.1284294062247,-53.3137632058748,-51.868098186141,-47.7925918900806,-43.6497106588673,-43.0616357668828,-43.1907080538251,-44.800391988915,-42.8819840535474,-46.8852253701327,-44.5689303670444,-37.1289616693868,-32.9945713311813,-29.6799298159884,-27.0570855897129,-25.0802638881916,-23.9947773881918,-23.0699785985388,-22.6084289472885,-22.4537271282421,-22.9187059063421,-23.7296335633082,-24.7490018592265,-26.1863755309243,-28.2010754250556,-30.4568672067674,-33.20234482166,-36.9467276674773,-38.8501295338855,-49.0331406075714,-59.839817702691
-41.734994246465,-41.1522992331012,-41.3081155259543,-39.5037996319788,-39.4640512546338,-38.6624806943452,-37.0825711891691,-36.0617355970943,-36.8759216110431,-35.6860214837391,-35.9730548048215,-35.6615582249756,-36.7985266373304,-37.5792650865995,-37.6301272255349,-38.5452174512581,-38.3458103357326,-37.3508778249593,-37.3762405623496,-35.8591951119651,-35.5161013033906,-34.9327753924247,-34.1307589941053,-34.14609259847,-34.3569443336274,-34.6213641601982,-34.7862713016788,-35.7370554464589,-35.5845404770999,-37.3293166659929,-37.2588895176798,-39.7678743888017,-39.9684962891424,-41.1732652670934,-42.3896231770537,-43.4825820186629,-47.5880517245157,-48.1054665208829,-58.4754241595773,-66.2159005130016,-49.4533384878209,-45.0616945037505,-44.2141716937671,-43.5789612855935,-43.68693703467,-42.2686369728357,-52.7895598220842,-47.0836885365074,-38.2246351619523,-33.452097432582,-29.7320616889514,-27.1442796000377,-25.071851464941,-23.9297402117923,-23.1281443722972,-22.6881478622314,-22.6593270990323,-23.1826667680211,-24.0295488659578,-25.3100544604072,-26.7636643284929,-28.8594379122318,-31.4309043350609,-33.9730179180869,-37.1225824243884,-38.1386593110873,-43.9867570079728,-46.0368274397873
-44.2192824547773,-43.6130484256706,-44.9492665136441,-42.9955979692839,-43.2466242019669,-40.9462511569135,-38.5476805309395,-37.9145831247109,-37.7480255252764,-36.7248636175343,-36.2015914233732,-36.526191232107,-36.9777684315645,-37.2889455039814,-37.1698931346845,-37.263229951607,-37.0505287911117,-36.5644510759281,-36.9649250013644,-35.943905471168,-36.0277263604088,-36.1798345398977,-36.0828016743724,-35.94591476832,-36.3862383394808,-36.7774626770586,-37.0437464955805,-38.1468399382089,-37.6332372666969,-39.8023953094847,-39.8340746399814,-42.8397147252524,-43.4199816144466,-44.5143538336456,-44.6581250702678,-45.2852337761501,-47.7615021340079,-48.3797158458589,-52.2887536063222,-51.6629830435366,-47.583139575008,-46.4616185441721,-44.98603296985,-43.6162938194768,-42.503365456669,-42.36334942831,-43.5845721954742,-41.1064798189713,-36.8179880933438,-32.5863955382075,-29.1971606555739,-26.9719975956706,-24.9594377326638,-23.7775824316274,-23.1051745070977,-22.7402338256831,-22.8853518964426,-23.4501147766077,-24.3717551475695,-25.9918686299194,-27.7452677268347,-30.1310355610387,-33.3420240675579,-36.0813907164979,-38.191518646313,-37.9957429937467,-40.0928537694032,-41.0513456468262
-47.3147961111835,-47.7233402173653,-51.0450427389971,-50.159387541566,-47.9622567682074,-43.5849070485039,-40.5341489072868,-40.1256840600822,-38.4257541290927,-38.0010402384207,-36.9426311496091,-38.1545725108774,-37.9974014456038,-38.087737791693,-38.254642895909,-37.6289031193647,-37.3015846113896,-36.9607816727925,-37.064055131216,-36.6455601491671,-36.8092020331508,-37.6968877031084,-38.853515134227,-38.8228462271604,-39.5534085461975,-39.9592735540529,-40.1032356892391,-40.7111986388494,-40.1120086401041,-41.8737092042595,-42.6306710119667,-46.5141966324035,-49.1794649674167,-50.693922755141,-47.6796700936935,-47.2824195866142,-46.2681284295198,-46.9134408469035,-48.6119322997158,-47.2680507555286,-46.3423605559606,-46.5387930840528,-44.6509563996336,-43.3968019836474,-41.9481739172542,-43.0601820792087,-40.2393412612276,-37.8762639639774,-34.4523958458465,-31.3042004448431,-28.4498884700672,-26.5957166800114,-24.7627517189498,-23.5882024295689,-23.013618164737,-22.7541131399773,-23.0434223882617,-23.6354753072383,-24.6526443369242,-26.4620800816988,-28.7269642440133,-31.9178016593248,-36.4683401412611,-41.3710243558812,-41.6233737808552,-39.6443555691389,-37.91239601034,-38.0594968871247
-49.8549249458049,-53.161691581777,-56.7236565556021,-58.4814721246061,-50.4052589901434,-46.0949571184819,-42.4585122978304,-42.0203680916626,-38.9594913360211,-39.2807394012439,-38.2536771959978,-40.1528334189435,-39.8925778549268,-40.1637603099268,-41.0788535072307,-39.6921375634075,-39.0531598800363,-38.3249237503354,-37.675543951253,-37.8484515917358,-37.8384950412563,-39.0555953798475,-41.9902172893915,-43.2965091149178,-45.0160236548704,-45.0679030327656,-44.1190542489067,-42.7907600921031,-42.9272112372392,-42.6156484107707,-43.6517993874003,-48.5419612020741,-54.5306934408925,-58.9415064179061,-50.8411995024118,-48.5945078708047,-44.8845988960907,-45.6153048535758,-45.6145975262703,-44.6242371151765,-45.5971750578716,-45.5461805336626,-44.2336591746559,-43.8090427655841,-42.6546717550433,-44.4528861847807,-39.451220278804,-36.5384971074656,-32.9441465707646,-30.4592816798852,-27.8654931252553,-26.1633363967656,-24.5448561518062,-23.4138341409146,-22.8946600515439,-22.7348561225548,-23.0808913071685,-23.6851087721381,-24.7678599067645,-26.4776608079559,-28.957399296607,-32.8340553071003,-38.4059015425823,-51.1162010783271,-45.1909304812291,-41.8689585920648,-36.5926969306574,-35.9964186103516
-50.384029466533,-53.6590446499159,-53.7958537555555,-50.4114019667536,-50.1733356423196,-47.1216402546954,-43.0454482014456,-42.8555696914423,-39.3637742238712,-40.2815747521517,-40.0123425254739,-41.562508168264,-42.4443789988046,-43.8416195165917,-46.7716795464043,-44.1151205303213,-42.3898697233236,-40.1773303225838,-38.6674778937222,-39.1705469838658,-38.9315551432772,-39.829691885873,-43.585296349463,-47.393107553009,-61.9305944769059,-52.5675016558756,-49.1867803794349,-43.8258425052888,-45.1179846927433,-42.2756491089793,-42.9110258289291,-45.8870139262567,-47.7589949404128,-48.6668430591805,-49.1508256521124,-46.0794210862723,-43.1685828643521,-43.9039151073774,-42.9065425135132,-42.5992345458983,-44.3257945619016,-44.3227476198958,-44.3797822981767,-45.3407145749177,-45.4608189643419,-47.255504728005,-40.065437292763,-36.3347123589122,-32.4909384906556,-30.1237614042843,-27.5192908405875,-25.793122810679,-24.3697832577951,-23.2976764255123,-22.8014890433208,-22.707684554864,-23.0215860217463,-23.6228817106005,-24.7021361619558,-26.1681258212436,-28.3166002823871,-31.5357399132258,-35.3438245947698,-38.867405736292,-39.2630613763625,-38.7139496412612,-35.618401707709,-34.5627599710968
-50.9310341490401,-52.5014670551821,-52.8300108792007,-48.5547051443318,-49.5130113163979,-45.9325308535519,-42.5027098252763,-42.6932297448406,-39.7806620734153,-40.8399575449792,-41.7494869868456,-41.676973379683,-44.2101535981875,-47.9346095688591,-58.3019694713881,-50.7446390049994,-45.5106763328746,-41.4953283448054,-39.6267690830014,-39.979464097146,-39.674722196125,-40.0399898527935,-42.4003130168091,-44.2472739884012,-48.9270309753955,-47.4862523318054,-48.5169384957054,-43.8608513557624,-44.7186582785108,-41.8051652541821,-42.3597657478522,-42.8061300774809,-43.846690019205,-44.4276227500209,-45.2586550818839,-42.9141606045902,-41.5807594081648,-41.7006664299379,-40.7870750954155,-41.0533414699863,-42.4214006892972,-42.7115448545759,-44.1485215631452,-46.6082828813751,-52.0899908741377,-54.4405048493263,-41.0865468339526,-36.6463480927605,-32.6520435257098,-29.9776820519353,-27.3065854039488,-25.5362000577699,-24.277343040032,-23.2735354292005,-22.7837770655071,-22.7138207610777,-22.9545080463011,-23.5469661042917,-24.5697772424991,-25.8713874469225,-27.5757869052652,-29.8310616453091,-32.4225489126865,-34.394510480231,-35.3241639333489,-34.9567359853703,-34.8564169400904,-33.7112484049883
-55.5584721980227,-54.7449737660468,-53.1993906541461,-48.3265249506681,-47.7200712425103,-44.1271566232537,-42.2652430480701,-42.2219462940028,-40.6041874849428,-41.1596916528168,-42.6792816144142,-41.230938248865,-43.4442757008406,-46.0350505908957,-48.0238117518334,-46.0090554823383,-43.4269502213729,-41.4747881856513,-39.899428347299,-39.7807648833558,-39.661662818047,-39.930240011313,-40.5995947499916,-41.1470947024821,-43.0625674803887,-43.1063484969486,-43.5615166088886,-43.3702917710027,-42.7896295163079,-41.7042733018705,-42.4432856519115,-40.9906358185669,-42.0431131118321,-42.5809728922976,-42.7360925992832,-41.2202079799278,-40.8371947711301,-40.0453755555851,-39.5761869083284,-40.0768210677505,-40.6049791228874,-40.9079041985099,-42.5901178091662,-44.6957973694243,-49.8369172803264,-56.36462782819,-40.855910016904,-36.5357622588885,-32.5926928013314,-29.6982535641523,-27.1477035735025,-25.4127507022221,-24.2896938543865,-23.3684393938746,-22.8785197681811,-22.7990322560287,-22.982292179284,-23.5735433772051,-24.539328316157,-25.8212980002282,-27.3227588884216,-29.0695738598089,-31.1660842293056,-32.8212719814774,-33.8663291573396,-33.2411204453636,-34.4564177036013,-33.4704637311133
-60.7974246689949,-53.4791153526222,-50.6763499289916,-46.8051325452891,-45.2095418324912,-42.8723132149782,-42.9807834983198,-42.1468373815757,-42.3985799913644,-41.7980370000203,-42.7764074846028,-41.1465267941775,-41.9318605134046,-42.7954684079245,-43.1913811752053,-41.6130549119965,-40.4543426226496,-40.5570555803915,-39.3191896632422,-38.785939530457,-38.9785390852215,-39.57864756138,-39.3283055959405,-39.6985870283021,-40.6923652912051,-41.2417515638658,-40.7295431018557,-42.7553994322387,-41.2482117470501,-42.0788753608523,-42.8042281401145,-40.4740116538815,-41.5641074618281,-42.0742979155537,-41.6479103547479,-41.0682066122968,-41.2425827675458,-39.6348354370527,-39.4989075099048,-39.8004481295285,-39.463670815029,-39.6202599126339,-40.7993288463562,-41.9297662494448,-43.4173971159262,-45.6950165702281,-38.784178353011,-35.4729126927703,-31.9404734719665,-29.3347449461931,-27.1139293361591,-25.4614107888792,-24.4317553132671,-23.6028548156526,-23.1060356196118,-22.9992570125153,-23.1717480825976,-23.7777640341555,-24.7312957568873,-26.0816877919165,-27.7092156547222,-29.4846615617091,-31.4974824838768,-33.2416642742089,-34.3596956278414,-33.4614932695616,-34.6120323131695,-33.8585048060833
-47.0692815930006,-46.3261722980712,-46.1523567131949,-44.2923954879296,-42.9690111754838,-42.4071974414046,-44.5700359069502,-43.1117453298803,-46.0125114835414,-43.4580674476294,-43.0309004183526,-41.7701890175581,-41.1282248505501,-40.9179139867219,-40.6788606553154,-39.372006625568,-38.6494204920161,-39.3330589767359,-38.4126764404159,-37.6870925225553,-38.1361613183506,-39.0282431457978,-38.6629491778956,-39.3222826576821,-39.9219217603303,-40.8559363013094,-39.8503844541569,-42.3284819264469,-40.7100807875337,-42.9001067108854,-43.1150903829516,-41.2354067287528,-42.0793167998379,-42.4854369057378,-41.8227986362254,-42.3835942231868,-42.9272908413131,-40.8537779051123,-40.7735805627256,-40.3674955395385,-39.2765253771782,-39.2622663789057,-39.7222140339835,-40.1133540581879,-40.1736239584076,-40.9827828815587,-36.5465650034365,-34.2562677827845,-31.3792368926137,-29.2537974775056,-27.3884701042524,-25.7605738748208,-24.7434854623489,-23.9881800281737,-23.4683051173858,-23.3278702794998,-23.5293574753571,-24.1645475157656,-25.167870098897,-26.5995839529424,-28.6144251241631,-30.9749451644937,-33.4568618854524,-35.7861528665936,-36.9310880381038,-35.7331440975443,-35.4265172948783,-34.8349069339611
-41.6828093639147,-41.8390917931567,-42.3918401093017,-42.0714026431199,-41.3028192443917,-42.530700569699,-45.8477257235747,-45.9395252098506,-53.725404772575,-47.0495969875384,-44.1410604218663,-42.9616528780086,-40.9749617450826,-39.7890888777818,-39.0160241958411,-38.1456999375153,-37.6596141032427,-38.0601741111385,-37.6392859363381,-37.0564017738165,-37.6440576381364,-38.5329933211265,-38.5567977424849,-39.6244720319602,-40.122605764311,-41.4563261594986,-40.682791200731,-42.4996074669321,-41.5060320803843,-44.1875813382386,-43.5400245758883,-43.3521560874397,-43.3620399362173,-43.5087431185918,-43.132101618692,-45.1610806466448,-46.0958708346706,-44.3886181737029,-43.7094761199763,-41.9124548716335,-40.1296548550982,-39.8288600070194,-39.3723727770089,-39.1321795201656,-38.439217595662,-38.2310534753264,-35.2814921842743,-33.818277906349,-31.6806528886358,-29.8266440784281,-28.1601895326259,-26.4084916500706,-25.2706294240593,-24.5202346240843,-23.9474378107553,-23.7677651248762,-24.0025073957872,-24.6672847382308,-25.7619184733922,-27.2505643024876,-29.6807955008133,-32.9401049193815,-37.0345947322173,-41.8947926009094,-42.6971326759,-40.637007199986,-36.8700667230971,-36.2608400687757
-38.8404417726661,-39.2952195620591,-39.7935827180079,-40.3310864841556,-40.2554441776337,-42.6375714237713,-44.9582424564338,-51.3377666946263,-54.2695614434554,-51.3001640370464,-45.2402421406035,-43.7111542632136,-40.6756712931819,-38.7518082452566,-37.6824417499518,-37.3373264367426,-37.0938422426336,-36.9783844167418,-37.2035679323662,-37.2137847963514,-37.8957684352687,-38.5431371745097,-39.1326225213427,-40.467999905856,-40.8783753467932,-42.5564135584653,-43.1061398345213,-43.7634957886771,-44.1908111667166,-46.2311207416919,-44.6559988167465,-46.8623397189333,-45.088048477042,-44.7510178842304,-45.2655528423056,-49.1695348631076,-51.118044386639,-53.3581999737086,-48.1599207531733,-44.3294775710521,-41.8048657258953,-40.7851795890841,-39.3046441770457,-38.5573529354118,-37.5204913891904,-36.6243145096178,-35.3592025600459,-34.6844240991096,-33.3649985113021,-31.3474906769732,-29.5579223181673,-27.4669767978218,-26.0284872904635,-25.1637771193408,-24.5034205953363,-24.2709421611512,-24.5034506115568,-25.1720870230964,-26.3356278216186,-27.8689847892638,-30.4114761561722,-33.8461716431985,-39.378950716497,-49.7971450164465,-49.3004474840947,-44.56883911442,-38.7027137180806,-37.8850837200875
-37.4853382372886,-38.1096365648415,-38.3625964416178,-39.1740325986693,-39.8727412935935,-42.1491468591735,-42.9898360482937,-48.2969207342585,-46.6988940275567,-46.0545032013557,-43.2642169200533,-42.4971401894077,-39.4474781228925,-37.5415232623004,-36.5448626093648,-36.6369267575826,-36.7137295574382,-36.3588738743551,-37.2404955589866,-38.3310124172786,-39.2620303925409,-39.6054080138063,-40.7628187249434,-41.9611140923715,-41.969339511674,-43.4932401294539,-46.3379376586403,-46.3675418840956,-50.239672504008,-50.0979107200885,-47.3831008533626,-49.9809740133351,-46.609762245275,-45.6830437351171,-47.176463538514,-51.7897493369829,-54.65915271445,-56.029201067891,-48.7662258620838,-46.0292610094282,-43.1649699496233,-40.9593459429742,-39.0191829654346,-38.059017715959,-37.115585270589,-35.9312282271121,-36.9452851519057,-37.4042416271192,-37.2109964273786,-34.0783368398357,-31.5419138406214,-28.849009342445,-26.9381149346419,-25.8304068289254,-25.0730103278385,-24.7690807208232,-24.9481687220638,-25.5705585154369,-26.7052343669451,-28.2931871212819,-30.5890312716405,-33.2830336907091,-37.1600888359486,-40.7789089512251,-42.5174436378682,-40.6265832504985,-40.4253249632073,-39.4387592419982
-37.1622507349567,-38.0005079439937,-38.1620613244408,-38.9259448392223,-40.278521244162,-41.4229033337894,-41.5167834559298,-42.7524339891004,-42.9218122208879,-41.2556248076494,-39.7636916614142,-39.9405249130592,-37.6361109991829,-36.3303713350236,-35.659001993359,-35.9754603082403,-36.4351672878366,-36.4056095039299,-37.8722415730874,-40.4347880682848,-42.2288911011125,-42.5435395920804,-44.2034579804533,-44.2677388943841,-43.5290906506929,-43.8935852637055,-47.4984768373584,-47.8278754827424,-56.49687689397,-61.7996718017939,-53.6905020985701,-48.2931681479348,-46.9618227892399,-45.8394825454911,-47.2765697859386,-49.2095440674698,-50.1041933303081,-47.1540832978823,-45.5039166818815,-44.6338267908577,-42.6476951498344,-40.0071049293891,-38.4916056901745,-37.6073694228631,-37.1076053491222,-36.1090917363417,-39.758532020472,-43.0467141199624,-46.199503130097,-37.6657261826082,-33.4621676847102,-30.1247361061634,-27.7678567220615,-26.3818917020186,-25.5771698627352,-25.1970320180208,-25.2910532507694,-25.8201317779193,-26.8186767699276,-28.4430883951308,-30.4528647035071,-32.6834098352665,-35.3792657016918,-37.9169509051499,-39.9913767390557,-38.9015714914477,-41.6932989060086,-40.8273206436676
-37.516485578014,-38.765050224798,-39.3962038967817,-40.0970285882184,-41.7808080275232,-41.2891279513701,-40.8391154873533,-39.7390886440649,-40.4765455155913,-38.3656521753215,-37.0907574100418,-37.4255119797069,-35.9890645219254,-35.3744236146191,-35.1148983933807,-35.4651884325691,-36.2795680542708,-37.1466005660729,-39.0845200202607,-42.9100192450491,-46.9839011968819,-49.9428497873374,-51.1940358141089,-46.9300262539625,-45.6623770714691,-44.0655627685115,-46.2450688730457,-44.9864779725623,-48.9744633928393,-53.0858411863959,-52.1914571894065,-45.4379531623841,-45.7942862757002,-45.0593241973611,-45.6534491283784,-45.4716139863263,-46.025577729035,-44.3428807418495,-43.422006439327,-42.3415010945841,-41.1482057467153,-39.0006697847446,-38.1376901469552,-37.423601627481,-37.4442102403734,-37.1329793146769,-41.0293000131162,-45.4260936650817,-45.7601031201867,-38.1064445196388,-33.7863224996712,-30.5965398472719,-28.2215474109172,-26.708079040733,-25.9483715376673,-25.5226485008951,-25.5395505066417,-25.965101016446,-26.7977705810031,-28.3794440269648,-30.2796586360135,-32.6280206609208,-35.1730919295825,-38.015546191646,-40.580259651969,-40.0426175774756,-42.888969661806,-42.1583415513606
-38.0911047145937,-39.9842822714404,-42.4446635477723,-43.8097083308991,-45.1968154684058,-42.1886910902129,-40.745510472191,-38.1092412250868,-38.5895142674208,-36.5692415892213,-35.434582329991,-35.4448340669215,-34.8311299894649,-34.8000154715934,-34.9576918591949,-35.2863865202685,-36.3099647981776,-38.2219427507745,-40.4023716161419,-43.6569105938765,-47.4076337335777,-55.7578898245732,-52.0739267436207,-47.6889276850084,-46.9077148643629,-44.2601548304128,-44.5247156860816,-42.4129210068529,-45.5869213917862,-45.4321927391509,-44.9224052226094,-43.5380029207594,-43.8797948596306,-43.5980161657602,-43.4634753371096,-42.6211247293007,-43.2535862115096,-43.2187988388357,-42.4350095231517,-40.9011954250757,-40.092902524149,-38.7277252684466,-38.3462962279176,-37.7705390181522,-38.097523569723,-38.8217189809963,-39.2616553228182,-39.7906523142134,-38.4611950269811,-35.2106395902149,-32.5350915112125,-30.1858156846791,-28.2393589876683,-26.8336041105517,-26.173265648149,-25.76487787671,-25.7477513111782,-26.1038521321988,-26.8292354005123,-28.2715145643806,-30.1563558847871,-32.7876234118177,-35.8817083726212,-39.9729295007778,-44.2553588230747,-44.8739644718195,-44.6079514297605,-43.4381274596032
-38.3024886242532,-40.533528497485,-45.7984590200029,-56.2707519014415,-51.9675848497018,-43.3063532149616,-40.5614545282236,-37.06067797908,-36.9391692207343,-35.4160167615115,-34.5700696168041,-34.1120667704433,-34.2143658345749,-34.6261159815954,-35.174958794219,-35.5918338812233,-36.6057830844038,-38.8276305809705,-40.8697541645629,-42.4693586677994,-43.7268774722056,-45.2975116776326,-46.0822273156616,-46.1939514058946,-45.40237142551,-44.2263156088441,-42.7859435594012,-41.4284374682608,-43.5100565061107,-41.8208120974112,-41.2966285088513,-42.4054489492424,-42.041255826675,-41.9945681936543,-41.5191243082575,-40.8660625683054,-41.466044249066,-42.6615052352253,-42.1498060881048,-40.5886926698425,-40.0086592746903,-39.5192372260629,-39.3483879366346,-38.8376755776935,-39.0894689155187,-40.6144721672072,-37.9151634910633,-37.1393200860165,-35.7002966071258,-33.1126545889282,-31.2555183540493,-29.5678378322122,-28.0800560607414,-26.9033063953868,-26.3122094785551,-25.984259565102,-25.9916123917552,-26.3388109577684,-27.0536997102949,-28.3086837484771,-30.1074839072866,-32.6867905657984,-36.1612457038619,-41.1284508526962,-48.5527029030954,-52.879652899415,-46.2043518270136,-43.9251562366247
-37.803651342486,-39.4020912159502,-42.3272564908596,-46.0923538401758,-46.5304766146957,-41.5920294165213,-39.3388915547898,-36.0751865003698,-35.4231276466481,-34.6501833871598,-34.2414189353612,-33.4579283009557,-34.1116357733432,-34.8309408403226,-35.719976076926,-36.4577552057139,-37.2859542082911,-38.8104220994287,-40.5311968401317,-41.4923191758317,-41.892700034893,-42.3095076856085,-43.7238760566096,-44.7587392929913,-43.4813541380012,-43.808003539603,-41.6372368600901,-41.7930085564086,-41.7525350102455,-40.1554784564124,-39.672156619882,-41.6298801278807,-40.6555001429403,-40.6772685043478,-40.2266848895306,-40.1192438478706,-40.596211820785,-42.366395990018,-42.5030423483626,-41.5802833038818,-41.2477739467775,-41.6303856122168,-41.2535954144538,-40.6958442558512,-40.4717013033884,-41.7854486196412,-37.8752272985792,-36.5158445939056,-34.8011821468698,-32.2672789405837,-30.6079918756299,-29.245412546729,-28.0266323736042,-27.0567303094342,-26.4652259867703,-26.2505447328377,-26.333818680345,-26.7414685595762,-27.5348730529591,-28.6419069198045,-30.2471016929688,-32.4437254478637,-35.4134150997858,-39.0327537156387,-42.6262608234576,-42.5288736463723,-44.6848309379484,-42.492192151124
-36.7854909435829,-37.4628271733605,-38.2147008881247,-39.279596082151,-40.1210676385527,-38.1459594445465,-37.224417584861,-35.1098322710765,-34.1484831887104,-34.1418584042479,-34.1947715849718,-33.4846278370638,-34.4726609733689,-35.3892585115841,-36.556502007093,-37.8546640072609,-38.5548273787041,-39.1888175988013,-40.5694788368103,-41.4817698156988,-41.673577241301,-41.8003210776127,-43.1558682289591,-43.9651201438182,-42.5978073811898,-43.4432193314539,-41.6270102049159,-43.1312912027234,-40.7204989909783,-39.9590851073816,-39.508634195449,-40.8644144506553,-39.8152169086509,-39.8127095973786,-39.6609216925197,-40.1648072680593,-40.6494524888577,-42.548986437147,-43.7442970073056,-44.4263699370345,-44.4438111697526,-45.1721290629902,-43.8529342592436,-43.1530330924507,-42.196745991721,-42.3704133837597,-39.0051055805163,-37.319083296298,-35.1392241501899,-32.4863529947367,-30.6503925012212,-29.345597820005,-28.1986172453853,-27.3441737355571,-26.7126021433086,-26.607366519817,-26.7958329092462,-27.3340530943833,-28.2709925172857,-29.3672010800945,-30.7939587335204,-32.6562164948856,-34.8218915286628,-37.1416455334249,-38.7576423923962,-38.1371666383494,-41.2660849828915,-40.0232775613922
-35.6529780618259,-35.7602579357528,-35.7474925735876,-36.0445379752383,-36.5028415380837,-35.529142497555,-35.2292702044947,-34.4372534916107,-33.3442521720017,-33.8688353043227,-34.242893556322,-34.1531723974138,-35.2128607032182,-36.2674783679562,-37.6876487516376,-39.6210617569057,-40.7550104394087,-41.0479712115522,-41.8660432730321,-42.5041828861786,-42.5470719939859,-42.593035162435,-43.356543304291,-43.5564983985111,-42.7330582182227,-43.6556315465943,-43.0766900463443,-44.9875225791514,-41.0108084707615,-41.1225549806227,-40.5879831738908,-40.094921112439,-39.4757045590294,-39.3874239594434,-39.6539621363879,-40.6271709560413,-41.5184867237646,-43.4734650038711,-46.3724764043927,-51.3693095103581,-50.6091737294262,-48.0271681483725,-45.9079582922862,-45.4526891103877,-44.0222356185261,-42.9514588509023,-41.4530209832864,-39.4237825931312,-36.5818739313878,-33.574231233741,-31.2513534106702,-29.7836292351726,-28.5661953417407,-27.7253190857839,-27.0754697252135,-27.0490479768486,-27.3480561226722,-28.0761957856888,-29.2050912545689,-30.5094484789946,-31.9997936825191,-33.8865075032054,-35.4384050419104,-36.8603634283367,-37.2903965180296,-36.5188295440876,-38.5056899499847,-37.8950322148449
-34.7317704355023,-34.6154617150869,-34.4527146719694,-34.4244068612608,-34.4552198140709,-34.0941582617614,-33.945198665156,-34.2609690451914,-33.2341639272395,-33.9094174386021,-34.3853508739847,-35.3217657342286,-36.1817293532836,-37.3699380244974,-39.0793045903099,-41.4470349284117,-44.3946620804397,-45.8794431597517,-45.0603701328174,-44.4709491331085,-44.0020193492837,-43.7239323700757,-43.4851789785601,-43.1905908212661,-43.486580415796,-44.6248332916335,-46.2730970315935,-47.2233554797557,-43.2433220827534,-43.5607806839781,-42.5083172538364,-39.6130542012774,-39.510605855437,-39.297582389195,-39.8629991098344,-40.9976209236869,-42.5864366114525,-44.5532661368349,-49.6767313368935,-60.0639530994103,-50.2556093877782,-46.70984851417,-46.1425196915379,-46.6511862085368,-45.758329746011,-43.98548946056,-46.5363261965872,-42.9692635472908,-38.9776400004574,-35.1287829327786,-32.1309903930347,-30.3474878136297,-29.0042309029298,-28.1088568474419,-27.5087025945058,-27.5156321071432,-27.9156785843794,-28.8511100906703,-30.2095105617095,-31.9454903885031,-34.0420178194044,-36.7030827139881,-38.0386294621179,-38.3054141953628,-37.4436659184162,-36.7008103785528,-36.7492852112216,-36.5223222276044
-34.2643693074645,-34.0940154344866,-34.0128289859205,-33.8559277475626,-33.5608084479578,-33.7208567586003,-33.5676938178446,-34.6006256131963,-33.9917358600375,-34.4318860254116,-34.8445463242965,-36.6686055947634,-37.1843335964821,-38.4745073297901,-40.4132026873051,-42.8050388384163,-48.686791770952,-61.2788521524809,-49.5577750431899,-46.5711930410518,-45.024651373922,-44.1352401524541,-43.0267416620441,-42.7214510408535,-44.2972561663716,-45.9697454928767,-50.7423001413236,-50.9851591662508,-49.1052083408786,-46.1448798175178,-43.7109622228364,-39.688534396648,-39.7359490342231,-39.3976497974866,-39.9379435116539,-40.9247292934553,-42.5386954557277,-43.6009596175273,-46.904640761768,-47.2361465706547,-45.4116144438169,-45.2833722441068,-45.8522398220859,-46.8832058539851,-47.5163487074879,-46.1266514874942,-60.0243369186301,-46.3646631487994,-40.9201647168016,-36.2458250824605,-32.8674187722967,-30.777870579901,-29.3491385553789,-28.4029003315025,-27.9193550203396,-27.9120420502064,-28.396071118279,-29.4709187406651,-31.046011683343,-33.2177380266632,-36.5181106851076,-41.8278734587778,-44.8063543172086,-41.2603126492542,-38.5621620233548,-38.0933938110236,-35.8935643460453,-35.9030138103368
-34.4499228272591,-34.2530591688869,-34.2882255217909,-34.1133462418387,-33.6674033702657,-34.2589654936316,-34.1563150566417,-35.3726731080865,-35.7446120712113,-35.6920753938926,-35.9856058504962,-37.8597303708436,-38.149415886459,-39.3283948431709,-41.0217438275274,-42.985055741209,-46.6286349480599,-47.352376202129,-47.1365438892031,-46.240598991471,-44.2057888536135,-43.3157256576291,-42.150354598489,-42.3033176248772,-44.7547332593417,-46.4634453401266,-50.7894824275179,-62.4547057728191,-57.7456672628772,-45.7540357391663,-42.7430478034621,-40.3656733850867,-39.958127169556,-39.5334420589549,-39.7674820037431,-40.4601151742786,-41.2374166997137,-41.1054069683978,-42.5807032859175,-43.3141831726602,-43.4909243892779,-45.1739767642571,-46.0055470754752,-46.7064058168254,-48.9409477201994,-50.8666580396576,-47.8252000286946,-44.3983635261016,-40.1959959121759,-36.267741952694,-33.1561991528396,-30.9355494107696,-29.49006638518,-28.5576814497482,-28.2053679138591,-28.153584656564,-28.6905784777477,-29.7517070612323,-31.4040916103592,-33.5797741070556,-37.1342914214183,-43.3892847351059,-51.7533612750228,-42.6289198285962,-39.304177057761,-38.9953530149439,-35.8259024526696,-35.9365696841371
-35.4713799022165,-35.2149332016539,-35.2780160845808,-35.1156561721898,-34.7191457977609,-35.5156691688894,-35.6909960029767,-36.5158198313171,-38.4867620416663,-38.0908989568168,-38.3192539099421,-39.1055926858348,-39.31367101299,-39.9661526679013,-40.7738078929288,-41.9963964479184,-42.8786519774184,-42.2709650903869,-43.2196936712468,-43.781982025589,-42.2879537785481,-41.8957227753163,-41.4612832846856,-42.2357358942651,-44.8877822491949,-45.5298466809322,-47.7874354138128,-52.8910521457276,-46.5613152856465,-43.7247445963894,-41.2955716262233,-41.3273820189388,-40.0731874663932,-39.6090574871499,-39.4902031992923,-39.8739664239374,-39.9326515973524,-39.3096632646102,-40.1271169130545,-41.7318291906181,-43.2479749341995,-45.5171560246156,-46.0548075146577,-46.4028718572601,-48.9718796216306,-58.6486351427532,-43.924203526883,-42.0022437133205,-38.8056275633274,-35.8494332421644,-33.0959365121882,-30.8905369653241,-29.4467863299161,-28.5814300341552,-28.305293364416,-28.2156671613319,-28.7505648979095,-29.653266552745,-31.162765254405,-32.928349879051,-35.2470311195927,-38.2773733371994,-40.4998441421276,-39.9845399694716,-38.6315767626782,-37.8461168658207,-36.4277317710857,-36.4963343192363
-37.5415183772774,-37.2251640674055,-37.1343125342144,-36.8987633246795,-36.6822029830368,-37.1980455349628,-37.926922538938,-38.0450263139828,-41.4804126500387,-42.4190520842791,-42.9327697591557,-41.3063668022725,-41.1203364889948,-40.6934662494503,-40.3247578643858,-40.6885315721493,-40.5958468028512,-40.2869039230484,-41.2262903281346,-41.6888438238362,-40.9275801299036,-40.9740312354896,-41.5374105652324,-42.7932608926842,-44.9216815483016,-44.4184354229822,-45.9515063818758,-45.5669861507383,-42.5267605359735,-42.3912880931928,-40.654433251907,-41.8662256902026,-40.1567560223833,-39.6919995580154,-39.3446053782067,-39.4683084922903,-39.2895340597245,-38.8166589254266,-39.2632408866079,-41.3171706604584,-43.5465140296379,-45.0697023729103,-45.2569959627436,-46.1038883314973,-48.1735773112129,-51.0674284792886,-44.4904230127641,-41.6940604172689,-38.4725824413164,-35.6847922966877,-32.9416925954723,-30.7740641707723,-29.3267293872603,-28.5209170205304,-28.2326646489593,-28.1464189471873,-28.6139397085183,-29.3311139696213,-30.5844710623892,-32.0166976515365,-33.4714243009852,-35.3079939933568,-36.8297913899482,-37.7955102026486,-37.6842109581061,-36.5260650744511,-37.524169493633,-37.4426691460559
-41.0138381504666,-40.8259114219901,-40.2525658583708,-39.6444862878108,-39.4695375573017,-38.9604409270585,-40.055137455651,-39.8842407947693,-42.5476062888456,-49.4125055633485,-56.2101422009986,-45.6472182281551,-43.586157838305,-41.4304928492535,-39.9432203562338,-39.5225812266024,-39.2415239804814,-39.6767479309169,-40.4473706240069,-40.6061760835552,-40.7891842478746,-41.3361578737575,-42.8522703324696,-44.2293603424607,-45.0349871242241,-44.0574206094986,-44.978953890451,-42.1504329208846,-41.0533094569217,-41.9139941754904,-40.9609625951372,-41.6615324100428,-40.4461800006285,-40.0441494609918,-39.6318631662896,-39.5572249577726,-39.47189474344,-39.6328750244357,-39.7057449170028,-41.4462798553312,-43.2763090657643,-43.7799165460351,-44.0480070835453,-45.5846345710622,-47.42398202038,-47.5472881959139,-49.8503573415887,-43.0039698123602,-38.9001214198242,-35.6776282078493,-32.7549187060702,-30.6177777110258,-29.2085652968427,-28.4244982849922,-28.0648263490442,-28.0320756371184,-28.3964241800085,-29.0250769198155,-30.0821027799442,-31.4608877680865,-32.7077175403568,-34.1248904642658,-35.6437527936932,-37.1077563048023,-37.5564160392153,-36.3951270222882,-38.8784168253301,-38.6577531639097
-46.6973474141844,-47.7391859153373,-45.5413951012924,-43.5515046475587,-42.7098736653016,-40.5360983433589,-41.063240405037,-41.4740431401103,-41.6718195754565,-45.9508654973859,-48.3197279872029,-46.9435234706425,-43.9061729330164,-41.0703110604732,-39.2349489607083,-38.4369927155468,-38.3524691320023,-39.5769652166583,-40.145240597167,-40.5258470221815,-42.0660676616673,-43.6141273788422,-46.0192242398041,-46.9243719768344,-45.4338276357281,-44.5850451103889,-44.2344472776156,-40.7406329910913,-41.140442632003,-41.9850790538897,-41.978982999789,-41.3637472027748,-41.2503071031465,-41.0491046910951,-40.7406115854124,-40.4800720548148,-40.5629917176273,-41.5870701402613,-41.2157893506382,-41.6816486196896,-42.3107498055459,-42.4730547389548,-43.1698985989494,-44.6381500294442,-46.2161712067137,-46.8182514391673,-48.203453409301,-42.7480566081496,-38.4829020683261,-35.2577407147577,-32.4190463295199,-30.3727232229542,-29.0930239800383,-28.3186294686607,-27.8935788713879,-27.9487387183679,-28.2361499232386,-28.9261099289271,-29.9527140594378,-31.5186808466883,-33.0207509306133,-34.3434763974931,-36.0983085760228,-37.8189186612064,-38.53014982383,-37.6662622365442,-40.3398271554207,-40.1638276919632
-54.4277728286149,-68.0058800994931,-52.2683693071146,-46.8860232670821,-44.9736352434497,-41.5718110848416,-41.0521330141223,-41.8772378970038,-40.6543687531873,-41.0314335767784,-41.4604935873048,-40.9189291086364,-40.5589105019642,-39.0743795117075,-37.9432956310108,-37.3443687008923,-37.6988568520057,-39.1778922408835,-39.7513976509538,-41.2395901784158,-44.5305773030553,-48.5616014553709,-52.567827069372,-51.6783960122773,-46.4180943378521,-45.5224902598289,-43.4697159976435,-40.8979703087453,-42.3561516256374,-42.2832081400642,-43.2353094062837,-41.6558839265229,-42.8964759839474,-43.20631560296,-43.2571085915688,-42.7072093388597,-42.6799788453236,-44.0225054523225,-43.3280137184243,-41.8923875813253,-41.4415103205208,-41.7312840133083,-42.926663295896,-43.7275474829355,-44.5545715779415,-46.4232318400387,-41.4974310100567,-39.5769512038102,-36.6521006869773,-34.2347772351916,-31.8733854527512,-30.033865415747,-28.9489084900351,-28.2116582417689,-27.7814709979463,-27.9314465182091,-28.2281410029869,-29.1059979420074,-30.3104400953985,-32.2655319347743,-34.4289401548278,-36.0343991321249,-38.1915609029627,-39.9543118475221,-40.5784580807934,-40.2459178941927,-42.0209759445369,-42.299243999215
-50.4385667913245,-49.4945355557624,-48.3545312460489,-45.7860272824229,-44.723979349491,-41.6750225062324,-40.4649432860749,-41.026856605183,-39.7607957067274,-38.3906873342642,-38.3072101351222,-37.0797705773491,-37.3439126252039,-36.7501313515671,-36.4628574643413,-36.3631782761329,-37.1552963202866,-38.1913164804419,-39.2390026160636,-42.1137793389141,-46.1073186712338,-51.0322202700929,-60.4039875086928,-57.6408665103705,-48.2328364131276,-45.9113546225216,-43.0213565173515,-42.4969632472723,-43.8848565551588,-42.6117999248792,-44.1640157623636,-42.6780611916641,-45.6531946833489,-47.3636456886197,-48.6577132382341,-47.2794076108952,-45.8634214273534,-45.4143361602873,-44.9893635996928,-42.2253701698138,-41.3219721499814,-41.9849888240642,-43.4748547736502,-43.5332719401644,-43.4586582717143,-44.8328872522242,-38.6812875880917,-37.0638406156473,-34.9124716419295,-33.1106764401728,-31.2568388941762,-29.7034547599451,-28.7866091843807,-28.1170420453333,-27.7533634632897,-27.9700828899502,-28.3799475380213,-29.4736957956352,-31.0217346477271,-33.5526469363295,-36.884616855262,-39.7698238979769,-42.9276290105584,-43.867273398359,-43.38828111751,-43.708985338205,-43.9507199995336,-45.800956598205
-47.2909041469848,-46.9704709271617,-46.1353112541753,-44.6461342474905,-43.8349710306404,-41.2862812468136,-39.520377805536,-39.5315959223449,-38.6654384142424,-36.7678369231396,-36.3856659825038,-34.952314485364,-35.1387407919649,-34.9535777900793,-35.223959702849,-35.6259717748016,-36.5861935253329,-37.1491374363877,-38.9460667263455,-42.1196559033662,-44.9275945683816,-47.1152600666549,-52.964664603535,-53.6780197928296,-50.4193417055578,-45.7865131335054,-43.4493017851475,-45.152303782891,-44.2300516342517,-42.9343213825773,-44.3873976008415,-43.849620638999,-48.5947275125806,-53.4443466836933,-70.8793809138029,-55.5654845496862,-49.0303730459488,-45.0821996322956,-45.0565601651528,-42.8337697616884,-42.3707183120464,-43.7006551038265,-45.1670512509888,-44.5304022925302,-43.5517475451213,-43.4197546583408,-37.9615935351217,-35.9545700295011,-34.0219735576923,-32.3703717865176,-30.8120429707815,-29.5409147530235,-28.6903393691482,-28.0816411299198,-27.8192161668176,-28.0351224721815,-28.6055372921162,-29.7705417113881,-31.5617460729285,-34.5357271626576,-39.0356720475736,-45.0875572047338,-59.578155566875,-48.9348966140656,-45.5756555524189,-46.9892283380678,-44.7020949974676,-49.6728920538408
-46.8101574902071,-48.5760580164844,-47.9251943466437,-46.1195043828026,-44.1318357200362,-41.1418205978486,-38.5981369582531,-37.8142059479128,-37.2126027989331,-35.5313792475198,-34.9702258835255,-33.83823802914,-33.7490944146597,-33.8030969268024,-34.3456222729408,-35.1027630110814,-35.9369350351118,-36.6033586445952,-38.9807820831362,-41.2147249311667,-43.6564161968527,-45.8499293971922,-50.5347282152417,-50.7040863711185,-51.2301526766355,-46.4514020885193,-45.2261886992751,-46.7930028471653,-43.4537256253842,-43.2477648283007,-43.7532104986687,-44.0946998552289,-47.3948631276483,-48.9918888155623,-49.5697201326601,-48.6845713691803,-48.4095768538243,-43.997980918874,-43.8101671410929,-43.7113982794973,-44.8628264749454,-47.1302765778381,-49.0341857351623,-47.1763977808094,-44.7123125301565,-42.9825531804485,-38.2511863159163,-35.9068255730153,-33.9442185115118,-32.1928685640465,-30.7536619986127,-29.7023322219188,-28.8045403157484,-28.2042482632335,-28.0063792194042,-28.1248242400335,-28.7793142554343,-29.7370868402775,-31.2861124990632,-33.822534593923,-37.4472919912559,-40.7511338956838,-44.3258382183864,-45.1884440715311,-44.2805907556511,-47.2450911441305,-42.648259083378,-45.5892652996963
-47.0890955443185,-52.5925999956082,-59.3904784376399,-50.5969813560096,-45.2093741489001,-41.0320286616132,-37.8663556648572,-36.1991994009061,-35.5897525212678,-34.4231975649406,-33.7903110679051,-33.2914911703248,-32.9554299246212,-33.198586864146,-33.794002068382,-34.6910731872081,-35.3796394664117,-36.7015780013728,-39.036033991376,-40.3328935226364,-43.2887103007329,-46.5262220733983,-49.7296051198942,-50.7093303374502,-51.4596254066236,-49.2082113490119,-48.2891284717601,-45.8204434117573,-42.9158492947603,-43.4588862769538,-42.5457358985814,-43.4653724237647,-44.0917167918817,-44.345059189307,-44.3024631516418,-43.6770777581457,-45.2767308054147,-42.9277278984541,-42.3772408373168,-44.6094646299276,-47.5523673998861,-48.4028714109005,-57.6865995963045,-51.1097380368934,-45.2765232307735,-42.3731504472713,-38.3604683165604,-36.3410774846872,-34.3912642435448,-32.5947594906838,-31.2540107735712,-30.3400184718834,-29.314088559875,-28.6322983451546,-28.3774447662949,-28.2951933532847,-28.8353916477756,-29.3860195822242,-30.3271936275251,-31.8931551796724,-34.2443533842594,-35.8829452338449,-37.8116307158282,-39.7602371855571,-40.6138171933062,-42.8741521086513,-39.916988563772,-41.0379088136979
-44.4146479944274,-47.1048857867354,-49.582454315949,-46.5567342351132,-43.1660075195272,-39.9179921187254,-37.1145183885724,-34.9054868836461,-34.1398698075181,-33.4543639528061,-32.8160729816868,-32.9859488916749,-32.5999250346852,-33.0102354372526,-33.5562989632919,-34.4296757979538,-35.2219062702468,-37.2464865290877,-38.8257944465063,-40.0025851557034,-43.2034504097857,-46.2423569879459,-48.3936479318871,-52.9751502447518,-54.98835123986,-54.3632294232721,-48.9463446705417,-44.6288808964227,-43.0871875041191,-43.3344323110116,-41.372465758222,-42.6847957377828,-41.6800248997083,-41.8975012417909,-41.9324307561479,-41.4076460236443,-42.6076646054204,-42.2874060822938,-41.5413002721384,-44.9209932968159,-46.066228029266,-44.8784988967987,-50.1569956261281,-48.4954410854924,-43.2989321874321,-40.2256802444349,-37.8006600088435,-36.6740859403462,-35.0957055120945,-33.5946753175688,-32.5115039206126,-31.6544538370993,-30.4431021081572,-29.5371938670253,-29.0181276261075,-28.631246884762,-28.808543975271,-28.9501165642285,-29.3360355393833,-30.1078231942887,-31.7362251942424,-33.0304053232938,-34.3755763625209,-36.095340842228,-37.2358083248032,-38.5235764762525,-37.9154688487514,-38.4072242496264
-40.4354887366936,-41.6850853488166,-41.9272122794806,-40.811194240165,-39.2312549642783,-37.9340026518879,-36.1938809826074,-34.0306370851079,-33.1342207275883,-32.7673586987923,-32.1593458821031,-32.7396634489359,-32.5822447986691,-33.1336402617771,-33.6865480801502,-34.5372459584604,-35.7266073068787,-37.8994018415659,-38.7006292459063,-40.3662606970189,-42.8520978352503,-44.1843425628654,-46.565467593814,-52.606082665695,-63.0555282324416,-49.9712031675261,-45.660982092393,-44.1369715102326,-43.5939975959007,-42.4925460752626,-40.5356751903148,-41.6581490124829,-40.2235007186596,-40.6709047035645,-40.8860065847547,-40.6928785744736,-41.0228528822704,-42.2639167939503,-41.683880318369,-44.264520598668,-43.4127021948274,-42.5506947332165,-44.1187080622146,-43.3543065462927,-40.5955627682766,-37.734481095016,-37.2025050562907,-36.7668845460815,-36.0137059621255,-35.349600146448,-34.8954278466797,-34.0161408503604,-32.4743649536868,-31.0599929577381,-29.9820085957554,-29.1627975772704,-28.7639001412489,-28.59913067614,-28.6544614973385,-28.9208579489168,-30.0527176104095,-31.3191493121936,-32.3246283424173,-33.6923847454947,-34.843546246419,-35.5787246485529,-36.7831926612221,-37.1460413967595
-37.697285728627,-38.6782342444138,-38.4792664153277,-37.7941816796709,-36.5635088476211,-36.2252349075619,-35.3460383136293,-33.6395210068564,-32.7228500512786,-32.5195707034038,-31.9887777134788,-32.5804902304002,-32.8564603669784,-33.5100704608961,-34.2430539125435,-35.2384661070152,-37.0296195934285,-38.6383471558962,-39.4219402124769,-41.6026514896509,-42.7290656215537,-42.8911555956093,-45.1399416486541,-47.8370354550751,-48.2676922438738,-44.6080092453213,-42.8914077325303,-43.5814229486938,-43.0708762720255,-40.834378082615,-39.8997723460478,-40.2070002351251,-39.4796353938613,-40.1901815678823,-40.66308344556,-41.1330128368214,-40.7513342616213,-42.9361204669948,-43.0393011175627,-43.3844294727318,-42.1000697293487,-41.9313175998995,-41.1685070764159,-40.0530834000865,-38.5159107090244,-36.0282780799659,-36.9777443471466,-36.7618356836539,-37.1132416068001,-38.1651920018606,-39.3891615783128,-38.3603627509521,-35.6790153603545,-33.0952922353528,-31.145612166201,-29.7556335919414,-28.7175223587209,-28.3496398257008,-28.2906402146629,-28.3202483712645,-29.0401047841339,-30.3239268042305,-31.2065280022967,-32.336864543906,-33.5141743337705,-33.9779102667195,-36.4508831421475,-36.9356803102454
-36.4390192591036,-37.2737728668711,-37.0029204729626,-36.5465845990328,-35.4044638552059,-35.3364022787061,-34.9145430779701,-33.8204192124401,-32.9875383247899,-32.8458162980945,-32.4774616073665,-32.7245781940983,-33.4333746623177,-34.1271732879024,-35.1882670003599,-36.5627742142223,-38.9803667597462,-39.9524790894443,-41.9061755751916,-44.3371023561079,-43.7242305264932,-43.038239565206,-44.2014269064424,-44.0937149414529,-42.472205940044,-41.5384635079602,-41.0556178638153,-41.8310465859255,-40.7590029019287,-38.9470476495419,-39.1970126627007,-38.7626506049652,-39.2235852347024,-40.1615786028962,-41.0274777792863,-42.5428202254787,-42.1225232497634,-44.6200602112187,-45.9381196961861,-43.2759192399089,-41.8588741942952,-42.3200865929472,-39.8462049656482,-38.2205150143973,-37.2286421881867,-35.2686846045358,-36.9954036656125,-36.5888263210526,-37.7503136927485,-41.271134416084,-49.2773073770109,-47.5237183865641,-38.7409759055752,-34.5390401595436,-31.949221996998,-30.0667484508164,-28.6322997036995,-28.1501454957978,-28.1270896749359,-28.1764053493979,-28.5863950558661,-29.8674215561871,-30.8728377841861,-31.9666515319159,-33.2484656485485,-33.6397352260489,-36.8744857786662,-37.6207142344748
-36.5951241936066,-37.1776168871264,-36.9631064681126,-36.6303901875648,-35.5696892201147,-35.348103486243,-35.0644945084296,-34.6573422368131,-34.0015866017717,-33.874815856005,-33.801170902086,-33.4874008046276,-34.3920451519824,-35.0104733655413,-36.3080790044389,-38.0706827077103,-40.5495705078609,-42.2963974691175,-48.2478557831852,-51.18081838514,-46.2245370213854,-43.7498342011736,-43.2034515947186,-41.450156732715,-39.4174659580049,-39.7131836004447,-39.7408015940012,-39.3816701217275,-38.2431174014794,-37.5193051144967,-38.4200909006222,-37.7713219747552,-39.1845889424648,-40.2599864424243,-41.734444309701,-44.5958960432686,-45.8754094800145,-48.5158744027686,-50.9737308609252,-44.3631430480941,-41.9982554545779,-42.5564707669526,-39.5263928425653,-37.5713060925382,-36.7774776761668,-35.3970037000427,-37.0279725036494,-36.2310650084879,-37.1709717860996,-39.8576729934173,-42.4730990881537,-41.7161736277915,-36.778901071776,-33.7111308140281,-31.6218529692109,-29.7943846562105,-28.4671062697853,-27.9727104001948,-28.0511771273453,-28.3317212778146,-28.6231700737163,-29.9121852787478,-31.290412468743,-32.5924983286333,-34.0845173455225,-34.6123600447482,-38.0595885022821,-39.1266985316845
-38.2273508152788,-38.4215104701159,-38.2792798488964,-37.8645119985172,-36.8833396840663,-36.1874909783764,-35.7835421809055,-36.124871004881,-35.8553024828677,-35.7716624518598,-36.1879772126423,-35.2659138517789,-35.9130602356454,-36.2230565606125,-37.2700279820129,-38.7627965198932,-40.1704192831316,-43.9872857720519,-50.2117509537659,-55.2658962686262,-46.5618043903688,-42.8579793348493,-41.5729172825389,-39.4246103385914,-37.9003718242665,-38.634942429638,-38.7712050459339,-37.4965607278585,-36.7168464251843,-36.9442981038213,-37.8460854048429,-37.375171063032,-39.0769506976638,-40.0725063447879,-42.2324616803197,-45.8755084657211,-51.2001937057585,-62.7774099796812,-53.7733143651657,-45.6888383807342,-41.9705266844463,-41.8317534681302,-39.7149232528441,-37.9854712876797,-37.279792733503,-36.4567231010447,-37.1070135902275,-36.0695741513583,-36.1318551337779,-36.4829586428408,-36.4179617759181,-35.4697950147698,-33.3497200546602,-31.710359248274,-30.356049791765,-29.0603902750636,-28.2183677976368,-27.8265495131056,-28.0041261442311,-28.6324187192393,-29.0920753426065,-30.4862825367341,-32.4716046215049,-34.2761111542393,-36.1447070258941,-37.1250709105173,-40.0500369482497,-41.4051523560459
-41.6327989582258,-41.4493438290885,-41.2368340537737,-40.1413011535159,-39.0373079172932,-37.6431827824894,-36.9373653714876,-37.8716624809557,-38.525442783203,-38.7820490171681,-40.044081139892,-38.7366933733598,-38.3569119564597,-37.8651015247752,-37.9129431877893,-38.3003622777228,-38.5633131375183,-41.2438326050344,-41.5266614204273,-43.4142485828045,-41.950500702116,-40.4079470677385,-39.4480994775562,-37.8676234341686,-37.4061172332548,-38.1085644344015,-38.2391175664428,-36.8145843674419,-36.5924104556029,-37.4577596362593,-37.7924078908881,-37.6025674796968,-38.8113971723105,-39.4217715463266,-41.6820477896112,-44.3238779280209,-45.9847011043063,-50.7854179924222,-48.3020687332921,-44.3630862869558,-41.8831799083565,-40.8585062929103,-40.0955982159387,-39.4412277065763,-38.9236220708878,-38.7218078118903,-37.5082507574407,-36.527162698766,-35.6456157246157,-34.4460031240247,-33.5275591166451,-32.3528483620018,-31.0461803438512,-30.0250150012129,-28.9998883809639,-28.240214533314,-27.9164699364263,-27.7169348329486,-27.9699730824103,-28.9552956885115,-29.8924825168846,-31.5756543155935,-34.3723816549215,-37.0666907686974,-39.7011498268705,-41.7821846037939,-42.886520291788,-44.3423503975059
-47.1106820589737,-48.1170477595527,-46.8200919254071,-43.0006632431284,-41.1980586501848,-39.1818352308368,-38.2638241934849,-39.0864887814889,-41.0243627104477,-42.9203578297424,-46.028854219952,-46.0052699999772,-42.3744018659747,-39.9403303404907,-38.3071423421152,-37.4114532458775,-37.0298757977382,-37.7322500788254,-37.3858027258766,-38.3957604472911,-38.071845830783,-38.0513979747163,-37.3866964749245,-36.8072267522232,-37.5562433797203,-38.0605942102296,-38.376216868218,-37.7101162138054,-38.2554995592344,-39.3578985377863,-38.550234010492,-38.5394273917313,-38.5637954050643,-38.6095475399695,-40.0761958544987,-41.4224462646877,-41.4326346044297,-43.6701478849126,-44.1746289650796,-41.8055378986172,-42.1749184665485,-40.5198497053721,-40.8610721380912,-42.0356681955646,-42.0004822076197,-42.841452096946,-38.5833323042623,-37.6960111010091,-35.931817613835,-33.7121550222143,-32.1941208636831,-30.767655824078,-29.7339662355507,-28.9335884180951,-27.9992649703278,-27.5805786413696,-27.5925952881581,-27.6220560645832,-27.9535152269407,-29.2223148812878,-30.8077849834378,-32.8998347250257,-36.5294035126269,-40.4824255286604,-45.0748101088213,-50.0376454064397,-46.4786779915535,-47.5267263033199
-48.8499148937829,-57.6071864072775,-51.4874415138536,-44.3781144567068,-42.0602458507614,-39.9624962127846,-39.3394564077872,-39.3092710151937,-40.9946516794072,-44.8244228500686,-48.9964226620164,-53.7839037561304,-46.7564020318677,-41.5753997487528,-38.3185796587601,-36.5017649018686,-35.8401281830015,-35.2926496344747,-35.0983209303929,-35.439221375578,-35.5356225232675,-36.1448468706654,-35.7335127578447,-36.2083732718486,-37.899212139348,-38.3657374949386,-39.4230113722342,-40.796121011555,-42.8338477344538,-43.3000643346323,-40.4436955291609,-40.2067775627371,-38.51020637658,-38.0255253550418,-38.3331800017048,-38.9201076161425,-39.0154981681927,-40.1389503654322,-41.3579268838744,-40.2791795852664,-42.8714299408847,-41.1351438953448,-42.6820681104173,-46.1420406663805,-47.0935370647123,-50.2415736231374,-40.6521591727997,-39.2298914487452,-36.7092598957599,-33.9161973327593,-31.8904310216227,-30.1814578299512,-29.1412924358093,-28.3280082519244,-27.4160216511594,-27.137725585116,-27.2597668315239,-27.5127394526614,-27.973018310707,-29.3921770521893,-31.4877649998718,-33.6964556540458,-37.5528604750286,-41.9667719140615,-48.2925004421204,-50.6036422225193,-50.3349045505042,-49.8507724707283
-45.0297118979413,-45.4982931809774,-45.0653226680974,-42.895125088125,-41.4997158226516,-39.7780428212359,-39.7922466807609,-39.1075468900046,-39.5412528251835,-42.1243754791094,-44.443851977383,-43.2556362255361,-43.0330455853038,-40.7045672889756,-37.6051060380689,-35.6017498383037,-34.9271753350743,-33.7713990158214,-33.8082903321539,-33.6395492141579,-33.9399346997994,-34.5921484051608,-34.5817705724391,-35.8423982626474,-37.8305531807057,-38.6620961241653,-41.2292449897149,-46.6205146263886,-58.6803331193472,-49.7642364238973,-43.463306133983,-41.6670073090619,-38.6058335037005,-37.8106264563735,-37.0980493590818,-37.2145510555933,-37.7776976645025,-38.0192993989189,-39.327777706881,-39.8145166679141,-42.9832833061566,-42.5671476706021,-46.2337954266751,-52.6672949972647,-56.3932409526784,-58.3080482922195,-43.6696518693718,-40.7306876453604,-37.6810861882798,-34.6911986941144,-32.3225491750697,-30.2896686919422,-29.041142769915,-28.0333682983573,-27.1494223478931,-26.8618454050407,-26.9277160330234,-27.3832564451297,-28.0483747617844,-29.4482196748402,-31.6830664500316,-33.5033423646497,-36.9338762858536,-40.7071196151141,-44.797144010108,-45.2522226937475,-53.0711937950778,-50.0289388425332
-42.5833937537015,-41.5025805825269,-41.3321034149307,-40.8894385162328,-40.4461657182828,-39.3199235963866,-39.7461565301003,-39.1115369583977,-38.795361995624,-39.9338673952286,-41.5629643091462,-39.9183451004076,-39.0908804922741,-38.3197801408456,-36.3724027594766,-34.8122152973546,-34.2481763462928,-32.9557994551382,-33.1375080712674,-32.6653358136383,-33.0084237641898,-33.4062940177462,-33.908378542098,-35.3823176846106,-37.0144072174163,-38.3929180062315,-41.7430393901224,-44.3433876254125,-45.9203429888747,-46.5783045913916,-44.2800059533734,-40.8611904025633,-38.6688988392265,-37.8947874441544,-36.6111078500854,-36.3799778379961,-37.2495919134004,-36.7538928346972,-37.898020867015,-39.5773384402363,-41.4037465844839,-43.6191592914071,-47.5571021903337,-53.6278496734752,-57.6803559240058,-62.3186035714578,-46.4024470891738,-42.901612952791,-39.2032575879391,-35.7614248056774,-33.1456141306803,-30.7421588455737,-29.1770452653493,-27.8618885864723,-27.0303117239524,-26.667274057395,-26.626640741728,-27.2554232247118,-28.1751296336223,-29.41168599754,-31.5565041559707,-33.0647415275238,-36.1779226878524,-39.5373420943351,-42.2204255181312,-42.5288748982965,-51.6668400006164,-48.4796933282951
-41.1447902053482,-39.8266236730788,-39.5178749429101,-39.5330660438477,-39.5330780313003,-39.1642887552863,-39.6639564276428,-39.6280265991859,-39.2126184532125,-39.1799236763829,-40.1312825148994,-38.8747297579329,-37.1832553003446,-36.4757390166802,-35.288425114189,-34.3259920576819,-33.8246891853186,-32.7355806196431,-32.8858646156942,-32.3575818277386,-32.6034579358953,-32.7258976621353,-33.6640538544102,-34.7746121737353,-35.8806423982536,-37.4636879608511,-39.4355410678513,-39.6519022338298,-40.4937756366988,-41.7172973585158,-41.1349940219259,-38.9885643722279,-38.7150182195032,-38.2152336621528,-36.9814342209247,-36.4906826470762,-37.2217148595919,-36.2786538676099,-37.0124300252445,-38.6796251971609,-39.1337726108547,-42.3709449924443,-42.6890608507219,-46.8690777844825,-47.9373167238073,-53.7637810676104,-49.0321243311946,-48.6740665774684,-42.2324667592178,-36.8661551067664,-33.7249213867148,-31.0134053406062,-29.2148327189733,-27.6353364668317,-26.8800101313414,-26.4765735427365,-26.4019367925625,-27.1520527404063,-28.306936425653,-29.3600924751952,-31.5071512415602,-33.2107426829185,-36.2402038252179,-39.46002649415,-41.4033520898133,-41.5259464026131,-47.6685983369786,-46.4736903423864
-40.20380324265,-39.3130514778392,-38.8618084082716,-38.974750501231,-39.125237682094,-39.5601282731649,-39.8933578850437,-40.8126606544392,-40.7923037144752,-39.7269887500748,-39.7128807126991,-39.1089799471018,-36.8129738559081,-35.6937802321473,-34.8068407244667,-34.2770377465218,-33.6975033905491,-33.0391566922792,-32.9494105834868,-32.6181846035008,-32.6989910462699,-32.7210077699305,-33.8419063412019,-34.3831785272843,-35.1074179594619,-36.4817773637963,-37.1089349190576,-37.5969505534554,-38.5010134961816,-39.2030245308481,-38.676619792967,-38.0042633987453,-39.0987277065757,-38.9615290119911,-38.364343452055,-37.7015347931103,-37.6871216347932,-36.6885008286529,-36.6480766865815,-37.374673673011,-37.3197445741962,-39.8127180325494,-39.0107872709622,-42.0987577794523,-42.414730272632,-43.1976038083805,-55.7522300467363,-53.4328782518644,-43.9783438439071,-36.9439977912722,-33.2937118402613,-30.6312757085474,-28.848414464247,-27.2409818205832,-26.5887939876143,-26.2478904197991,-26.2793480462959,-27.0663247568581,-28.3703747933553,-29.3933582669568,-31.7839046683741,-34.1794968757847,-37.3483685215899,-40.8584327604027,-42.5591103051829,-42.6888158513188,-44.4314883934501,-44.6413372040279
-39.6487138352246,-39.4532238687597,-39.0586389398426,-39.2451791598297,-39.5066676077231,-40.6695492985898,-40.6722587337146,-42.5946113973425,-43.3933355839073,-41.5399662280781,-40.2715142044724,-40.2636587007208,-37.7164282379552,-36.0187948982948,-35.0926819371321,-34.6878921033206,-33.8878809673668,-33.7508072420294,-33.2849092898885,-33.3578859607032,-33.3463739492174,-33.5649206589081,-34.5440350620692,-34.6904671457107,-35.1370899827648,-36.0580649332827,-35.9842139474518,-37.1012459222717,-37.9057447921015,-37.9644061189818,-37.6454140899776,-38.2831712572241,-40.2599864194044,-40.6693097302233,-41.1681038155024,-40.312808698499,-38.7880626330939,-37.9239199119641,-36.7682893621545,-36.3664782585857,-36.2079255623132,-37.4696989691243,-36.8551905557702,-38.567052384627,-38.7375925910279,-38.1269250566466,-44.4992861064354,-41.258126885549,-38.5889178307056,-34.9307115335594,-31.8921643503476,-29.6676353486555,-28.0536741050006,-26.6955372120986,-26.1712588912147,-25.982971557437,-26.2344802384477,-26.9577684359987,-28.3090054055642,-29.5451991749016,-32.2842672272113,-35.5220612296895,-39.2974824976616,-44.667742117052,-47.0370082544533,-47.6383937788133,-42.4843185645993,-43.1364077734344
-39.5212057173126,-39.9565789136647,-39.9645137652614,-40.3893588793033,-40.9987651534213,-42.7269192743729,-42.3586308870808,-44.4731015894755,-46.3777496913372,-44.7208008489603,-42.0551405600575,-42.2543017199818,-39.6885399228841,-37.3998035665272,-36.1491081785193,-35.4818365454087,-34.3766221906648,-34.6437108639294,-33.8747033792804,-34.4534310441836,-34.631409864498,-35.4589291651164,-36.0474810499352,-36.1665467666519,-36.2775621512381,-36.5172627538763,-36.0617928332103,-37.407766270991,-37.8395660084865,-37.4442300792435,-37.6187690683844,-39.4966837989431,-42.3076745207894,-44.3171234019692,-46.7650437446076,-44.5308898888845,-40.55158844292,-39.1881370610772,-37.2520812809843,-35.8454552487034,-35.6960515444746,-35.7062220944644,-35.6812217187275,-36.0521959645777,-36.3522145612445,-35.4885313653134,-37.6113249368702,-36.2399389922758,-34.3093248352473,-32.3106833735812,-30.2774986238628,-28.5696279430263,-27.1111992232262,-26.1310646054434,-25.7348057029475,-25.7149187783663,-26.1952690412904,-26.7887455745688,-28.120042839312,-29.7081924028602,-32.488326043256,-35.9396828628434,-40.5709542617818,-51.8366140156071,-58.0274464992596,-50.9891010356702,-41.7090503429198,-42.0174949127424
-39.8506832016911,-40.684565875821,-41.4522608146733,-42.3686256601641,-44.1039691190157,-46.1934278487666,-45.7036667114826,-46.1461617247764,-48.3278521215973,-49.3880414787338,-45.733924071818,-45.2482448015226,-42.2409375516471,-39.5258143027928,-37.8021537404062,-36.4855293078541,-35.0829502192729,-35.3929210234963,-34.6784302514476,-35.6942083284733,-36.5923042606753,-38.5768812417642,-38.9424818726031,-39.5573974908329,-38.9644950798437,-37.9289609862636,-37.048334586627,-37.799691000638,-37.6944759898269,-37.285516343535,-37.9447597003639,-40.4717462706852,-43.6191859703354,-49.7857331791081,-56.9915612547702,-46.2397090584146,-41.8594441696247,-39.0137334231033,-37.7615821075602,-35.6675319179711,-35.6062696153413,-34.6128221120257,-35.1575110828961,-34.5364027276757,-34.9951456442098,-34.4468351047424,-34.0470352803084,-33.589193154075,-31.9197649753811,-30.4018301479152,-28.9943046791305,-27.6781396638661,-26.340631500945,-25.703773223972,-25.3991645378128,-25.4885766790214,-26.0861658757679,-26.5742751511563,-27.8499004386643,-29.6798260606496,-31.9412996848372,-34.990179589853,-39.1825800939548,-45.3804822003175,-45.7980138918059,-42.9313657502864,-41.940499366274,-41.4134491330047
-40.6015849549554,-41.5568005160689,-43.2169196403287,-44.7016447500838,-49.1672884777285,-52.2565541664293,-52.9830027216302,-48.7474137835616,-49.1811908645875,-54.6496964659767,-53.5327144357111,-49.7306366967054,-44.3058691295721,-41.2592982576745,-39.4638274720991,-37.4004476513519,-35.837163392739,-35.7431768967335,-35.5756282609898,-36.7364588384613,-38.8674715877745,-41.9790950887752,-44.6542174289397,-47.40249859115,-44.0113677870425,-39.7501555335988,-38.2492161081098,-37.6942178923475,-37.1724179142468,-37.2210827854617,-38.003548775922,-39.9871683617936,-41.7017325611342,-44.7743497568308,-45.9301298140014,-42.5615224503814,-40.6569873176404,-37.8886556690324,-37.7968232148036,-35.7319844430722,-35.785257240334,-34.2826845372248,-35.1024209971279,-34.0207948703276,-34.5247181030323,-34.6060262367818,-32.5334363089261,-32.4065200730458,-30.9271404411348,-29.4949832616736,-28.269367642957,-27.1532002474915,-25.9383198838718,-25.5186889868282,-25.2436473225916,-25.3475497360207,-25.893383022576,-26.3890573495417,-27.5659247228055,-29.3811596766393,-30.9838221161712,-33.8341765712336,-36.9097644630362,-40.3864719024896,-41.2503388132487,-39.7800694594885,-43.0080875389973,-41.545108896864
-41.6503178313182,-42.4226277871444,-44.616001296015,-46.2593494837707,-50.3052680373814,-62.6838073548958,-63.3402966345233,-54.4559107997447,-50.343791917743,-56.7644992935323,-60.8557970143126,-53.7721518272471,-45.0213915007957,-41.3163196366613,-40.0530484271555,-37.8038190894772,-36.3854620026423,-35.6870290060308,-36.3204645002031,-37.1986936059461,-39.8603378668791,-41.617101522849,-49.1166875034024,-50.6381385586366,-46.9266098719898,-40.2572278901367,-38.7066727388075,-37.1016678848108,-36.4539544395247,-37.0961143001284,-37.7494061621766,-38.8097230435908,-39.1083791709304,-39.980494861162,-41.0601487846674,-39.8539529812793,-38.5397974362186,-37.2644038766926,-37.3311110120046,-36.1632893658659,-36.1701814213842,-34.8147661779617,-35.4487097984878,-34.510060344036,-34.8720876736466,-35.6629851868058,-32.7105640644141,-32.4577455903851,-31.096035537058,-29.6060480889296,-28.1968392923638,-27.064343497389,-25.9758431334116,-25.6078412586664,-25.2944949193513,-25.3281412576607,-25.6947851849665,-26.3228708655789,-27.3434455277597,-28.9920926820721,-30.2424867538099,-33.1043323875846,-35.3019772739551,-38.2619650562234,-39.8563483603416,-39.4635419080546,-44.787614110447,-42.7573555867784
-42.7207035590629,-43.1038995716278,-45.3252948456581,-47.1152616985444,-47.5717113636232,-56.1394311962948,-52.080502214349,-54.6342977583227,-51.4156185041197,-55.2066564864506,-52.0319863654547,-49.3123749692408,-44.1162669762394,-40.4002356643463,-39.2256770364906,-37.4008822473749,-36.5027933138574,-35.4202172046284,-36.5961069014002,-36.9945604816245,-38.6120416333279,-39.2963529196467,-41.8605976862915,-41.9304047669105,-41.6325829628523,-39.1832969522323,-38.4130337547004,-36.5577093563184,-35.9916090951613,-36.9224002765339,-37.4998563004067,-37.8951235201382,-37.5315326613406,-37.6560335201777,-38.7344962091894,-38.5710497755842,-37.3625877619382,-37.6125668785543,-37.0206375512119,-37.204812744533,-36.835030434058,-36.309167838221,-36.2418096085907,-36.0129881127211,-36.0083645634983,-37.258290678096,-34.587342536811,-33.8133477259562,-32.3845086492,-30.7283197754442,-28.8197932756457,-27.4337075653964,-26.4261441530179,-25.9369869599186,-25.5295008043986,-25.4528086476991,-25.6200442419471,-26.4333770744806,-27.2696608579369,-28.7908662514466,-30.0181636071319,-32.8016746883388,-34.5675522533845,-37.7907153070633,-40.2643225169733,-41.1866853763072,-47.5009467999629,-45.7750589831452
-43.2372908523735,-43.5239120098867,-46.0562332966908,-49.0881670496208,-48.0385130395425,-53.4310005334432,-50.6605391848434,-48.7280917702217,-49.5451020665947,-51.0356493456301,-48.696182028297,-44.6096659156421,-41.7370677108254,-39.3028082652973,-37.8001999590586,-36.3986774053425,-36.1632962657944,-35.1880201207875,-36.2864164782374,-36.4628457803218,-36.9941404554363,-37.9649400535337,-38.4169469085082,-39.0111761271522,-38.61329004757,-38.3408053820397,-38.1653033997849,-36.5752735675967,-36.1614710055159,-36.8694305075121,-37.40817141778,-37.4439582846773,-37.0645025087618,-36.9544784144281,-37.7894779177958,-38.3019147542471,-37.4727953638474,-38.8928983269829,-37.5452546800753,-39.0501490060042,-38.0258741941266,-38.8892855186106,-37.6529782041937,-38.5143254749557,-37.9140924732814,-38.9635268717906,-38.5639757062966,-36.9135557432857,-34.9370106737607,-32.801064640665,-30.0969714432358,-28.2130294034723,-27.1674643196404,-26.4178894052256,-25.8881122294609,-25.7203766217874,-25.7776626360493,-26.726561089181,-27.4367828026482,-28.9723523263143,-30.3498247193034,-32.8726664328337,-34.6676766987441,-38.3007299388354,-41.4579986165014,-43.4954251897717,-52.4004647093698,-53.4592262540578
-42.5200422670547,-43.4606894896866,-47.1226129383702,-53.3025300315306,-54.9038650112191,-53.6623364491518,-51.8278349508559,-46.1213996048328,-45.9974143764199,-46.5777493666678,-44.5321757463793,-41.143052913847,-39.0959144776168,-38.0014328825455,-36.387717292782,-35.3035088412904,-35.5464415325952,-35.1666294300276,-35.6840040374978,-36.0488579128528,-36.19613453126,-37.744622382192,-37.385176583159,-38.3933420122418,-37.7494069283812,-38.5114913501261,-38.4194386151634,-37.4202818527813,-37.1617474032913,-37.188631541757,-37.570201180896,-37.5320147849571,-37.6072184629422,-37.5326996688384,-37.853774297311,-38.7864478078499,-38.835420355821,-40.863765581131,-39.3923160640567,-41.7775307628961,-40.2288545828614,-42.7568292673598,-39.9996088171507,-41.8594840334306,-40.5383050623764,-40.4969355018202,-46.2760403146762,-43.3918575069433,-39.0194148316626,-35.3018847099232,-31.6981558968856,-29.2048972896866,-27.9856949027717,-26.9243209650452,-26.2893744248995,-26.0967719940915,-26.1956508412147,-27.1551724084826,-27.9086276190653,-29.6039743097206,-31.18877615874,-33.4727377178062,-35.6299694894815,-39.2054494143021,-42.1159409823828,-43.5661270946177,-55.4131201743785,-56.7416508118171
-40.787414849055,-42.4559857061202,-46.1828359032317,-50.3907270436837,-54.3105933904251,-51.350569751824,-48.1849523969122,-44.4869509845969,-43.0442916088254,-42.9398458148515,-40.2926018672835,-38.3953136543368,-37.0042038813951,-36.5337277500656,-35.1865346404003,-34.4794848648832,-34.8857422646122,-35.3597965678436,-35.2458059408225,-36.0593286600808,-36.5051488538232,-38.4276213480686,-38.1965530873472,-39.3807244215588,-38.6631945881478,-39.7296407632178,-39.2733858639035,-39.1006401343925,-39.0363875727108,-38.1502868815887,-38.261086714618,-38.3543740465208,-39.1023346199339,-39.2555805027356,-38.8234056219885,-39.8688666704794,-41.2079692701162,-43.0838315473037,-42.9814841744351,-45.3325667301103,-44.5111947908212,-48.2234196200002,-43.8054004550405,-45.4246770839669,-43.6972361095112,-41.9432289622656,-58.2167041541572,-60.8023988582689,-42.7056749534018,-36.5206123418676,-32.7392095371777,-30.0201573696582,-28.6371755993861,-27.3278652432475,-26.6589760702197,-26.5121013309534,-26.7841180490337,-27.6194268323235,-28.6574610850047,-30.5906465939246,-32.4899702671402,-34.9781449252149,-37.7096275596543,-40.4335289836186,-42.323696766418,-43.1007102436076,-47.1888315986646,-45.9881335685377
-38.9757519622983,-40.7249023933792,-42.6848095841853,-44.3701579845049,-44.3149041190865,-45.963990224443,-43.2593391901481,-42.2642994133355,-40.9182978748692,-40.1277147269777,-37.288284780509,-36.2872496660549,-35.6124174290734,-35.1785897725385,-34.2800648683569,-34.0538251069312,-34.3624773049465,-35.5347775223619,-35.2766542484676,-36.6218169717906,-38.0123043705724,-39.9588696831022,-41.0771873236836,-42.0014489059052,-41.4287824527613,-41.7298491120939,-40.6247324957252,-41.3015846062625,-41.6462351925296,-40.0500595339454,-39.8934863137835,-40.1770729720287,-41.5405039904631,-42.0355373360982,-40.766255297715,-41.4644414649217,-43.8165168005688,-44.949613944259,-47.5505874947053,-49.3099783656811,-55.7757969903227,-53.594715026773,-49.5938879315392,-47.7461323185044,-46.7261082980761,-43.6570173326649,-46.7123020126049,-44.2032265854985,-40.4102118175045,-35.8224957390675,-32.6306737500265,-30.3475910466803,-28.9930269285675,-27.5624255168521,-26.9521402893465,-26.8701827452795,-27.3314705261857,-27.973671339238,-29.4656930158482,-31.5380916793185,-34.1196457102172,-37.8712929787646,-41.7927960461952,-42.9999477819007,-43.2055439005344,-44.0818056431741,-42.2367232305514,-41.7727548301516
-37.7048254338634,-39.0874544610666,-39.6296776309955,-40.7143617671431,-40.242565602367,-41.725477106741,-40.1465077914335,-39.9149634384907,-39.4242895530814,-38.0699259987157,-35.6132075268392,-34.9525737599489,-34.8760831044348,-34.2174595528984,-33.7556682653047,-33.9926152863741,-34.0805630912714,-35.3787294572098,-35.8045149545306,-37.5931925225253,-40.4180845397207,-42.5359011029213,-47.8616240570723,-47.1992602433263,-45.8550407820832,-43.7667427655415,-42.0810586773586,-43.4759329852914,-44.5730448021082,-43.3216443959257,-42.92998380677,-43.3192020465252,-44.918382961557,-45.6440916346248,-43.9341298439605,-43.6156591697252,-45.6985681428244,-46.0555287466593,-47.7438862335085,-51.5293669570758,-51.7957215641827,-51.6967288645785,-51.5043801369448,-47.6661091915864,-48.0084817343672,-46.0012437888246,-42.879670740828,-40.7816758698224,-37.8549237277046,-34.9535589651513,-32.1637449166526,-30.3598412686925,-29.11714614294,-27.6664437846051,-27.1529832035353,-27.0755065820588,-27.5882114502152,-28.0690515431936,-29.8804056335451,-31.7423970359758,-35.3017512187835,-41.0678438677098,-49.2963732349058,-48.4838790996092,-43.7468109936803,-44.1556195359529,-39.3640608702447,-39.5793899635223
-37.2225454278938,-38.0463645521807,-37.8087231625419,-38.5925523951737,-38.3050849743842,-38.9251543656458,-38.4063030466015,-38.2436230709788,-38.3642699855283,-36.7725216635273,-35.1563500598911,-34.5645356783693,-34.7705895351596,-33.8728827582235,-33.7147721020367,-34.1888934000993,-34.0705624237934,-34.8933865399104,-36.4492237295992,-38.2813758912871,-41.4122294853363,-45.7276863613354,-58.4510378834489,-54.2119845809857,-46.8673764378112,-44.5646895224517,-43.1750550035104,-45.2854489202615,-47.2615173492673,-48.9735115587376,-47.8731486872691,-48.3415947095292,-49.1013794848574,-49.4506534674207,-48.88165716201,-46.6829448436115,-47.3174755513579,-46.6362839876255,-46.6003571228408,-50.1434411731444,-45.0019241453411,-48.5076293108099,-47.4547751152476,-46.0250252041671,-46.8148406691587,-48.4430552844214,-41.2662782931657,-40.4195838064891,-37.1980982900665,-34.8036239301342,-32.2085175117453,-30.4841671123503,-29.1562762103832,-27.7324199155138,-27.2506578355895,-27.0714975603973,-27.4367834399284,-27.8442382947344,-29.534642433164,-30.9291664196792,-34.5770033707523,-38.3973215677904,-42.6185679936132,-44.7951973069484,-41.2691495865468,-40.7894032619949,-37.8231869894857,-38.5203633007231
-37.6364077288106,-37.7493634970505,-37.1625618141041,-37.5492245748275,-37.5845966189034,-37.2877683801598,-37.5696725705097,-37.3465205514295,-37.6043799799427,-36.2847126575123,-35.88206405807,-35.3280313311978,-35.3787497258994,-34.365092157612,-34.2632326011308,-34.5594870859076,-34.2999106472157,-34.4031807111378,-36.4555734015386,-37.7454255138063,-39.2806945133373,-44.0395777553995,-44.9484821586359,-45.8708505330242,-43.7781926218406,-43.7488877106805,-44.0688978518524,-46.0340572705229,-49.6540293244368,-60.7421365169817,-53.9242618079102,-57.1916574920256,-53.5055518184411,-52.6902795021158,-57.0254308767126,-51.8589469175221,-49.5006200542049,-47.4428437312747,-47.2330368505997,-48.0806916688538,-42.9282027204851,-45.8809955432336,-44.6144174559368,-44.1064197060319,-44.5882346350313,-47.6795689189946,-41.6098945526831,-42.0676960537996,-38.5619328457721,-35.5389221072399,-32.9968982595493,-30.926711064433,-29.1741362637305,-27.8002235944851,-27.2168686428518,-26.8649158391398,-26.9718686789679,-27.3816758456547,-28.6187347430815,-29.6659702332838,-32.4636163060956,-34.3752118017873,-36.7315810884317,-38.5173044479968,-38.1490296678768,-37.6674317119818,-37.2917983355848,-38.2623481092765
-39.0148370249565,-38.2334537905372,-37.6007703385666,-37.4113690628947,-37.6685318463788,-36.6284423817883,-37.2942246240777,-36.9886226350641,-37.1054856604154,-36.6560560750328,-37.8768446560233,-37.5923873358846,-36.9827015068431,-35.9752782066381,-35.5082909316215,-35.0929516561448,-34.6774687204492,-34.1564012330819,-35.5624973596338,-36.2517908393406,-36.8750028160805,-39.401908978537,-40.4744280894335,-40.828506224652,-41.3810919402707,-42.2251999154444,-44.6528973633362,-44.8657199530079,-51.5947271591149,-55.4514859590203,-54.280144452333,-61.7929442317666,-57.0648185014049,-55.0007217238327,-74.3225251645101,-66.1650421892073,-51.3794073589645,-49.3670494070735,-47.3992962705003,-46.3182536786188,-42.8598729415985,-43.4542744490777,-42.679597414508,-42.4203415827191,-42.4072663159348,-44.2097277660562,-44.2827131898264,-46.4818368748714,-42.8291926029671,-37.106555406889,-34.1056506999484,-31.4628440912164,-29.0738780987348,-27.7973632199491,-27.0130570035186,-26.515875843737,-26.4000108386197,-26.8478866912771,-27.623031423835,-28.536558286233,-30.5083298477541,-31.8565283607568,-33.6043272573835,-35.2262232233778,-36.1395332273951,-35.8861859307433,-37.5633698239861,-38.629047324575
-41.3706365883409,-39.5893346117398,-39.119939644505,-38.1757650609108,-38.3377852237019,-36.8368835627081,-37.3203507391289,-36.9336096166833,-36.909516078616,-37.8501906825301,-41.1726022819369,-42.1395150433849,-40.3390510182035,-39.0579337026128,-37.4887054049384,-35.7334186183378,-35.0330734182734,-34.1475984262907,-34.3572638722037,-34.7245082528942,-35.2343412082708,-36.1133630762027,-37.8564335855762,-37.9904469433869,-39.390478832921,-40.6652036577344,-43.1841095051413,-43.0287715070954,-49.66260314247,-50.6165175851325,-50.9094746199212,-53.2590288493959,-58.0224624557614,-55.203575700964,-64.2490648414163,-57.4304574952614,-51.2161759591858,-53.0860607907953,-45.5817940413851,-44.7240867914495,-43.9067926321535,-41.5605984880389,-41.45691910792,-41.035213832967,-40.6499848813713,-41.000102564611,-46.0532537272966,-58.235469270578,-48.0834863667103,-38.2066099316124,-34.213659880919,-31.430531775656,-28.6810628351522,-27.5893855390891,-26.6327174206582,-26.1060847491105,-25.9071343778452,-26.3915458002973,-26.8865914496841,-27.7979513796356,-29.2709961031675,-30.5551684983826,-32.0860658904454,-33.7281987827693,-35.2368384480031,-35.2447998316253,-38.3939751348616,-39.4199435249562
-44.5316958493293,-42.1421968872917,-41.8750663784514,-39.9773940002783,-39.4137851646508,-37.8126497935335,-37.4668324587016,-37.0963865193912,-37.0706528491708,-39.4296351605597,-43.6484504650991,-48.4556325813428,-48.2580437621086,-42.8083386593878,-39.5924352584501,-36.1441246269865,-35.1033076336501,-34.1740725365611,-33.3365321099295,-33.5654153569545,-34.1969752117541,-34.1668765798667,-35.9694479465955,-36.3789012327424,-37.6509876534271,-39.3070531759751,-40.3629455250286,-41.4668673875673,-45.0105194438275,-48.1984851458543,-46.88440822059,-48.9683542047958,-54.5150057451479,-52.9877794458813,-58.0788115775362,-51.8044759438972,-50.1814950141019,-54.6334290150405,-44.6808791259563,-43.7556105594628,-45.2365893604435,-40.5950019105317,-40.9003673646241,-39.90750709723,-39.3587361306305,-38.5292666595312,-41.23597396175,-43.9790091596325,-40.1538454708793,-36.1396045242705,-32.7058971272537,-30.4426485347605,-27.9775743473419,-27.1201601016853,-26.1373594302012,-25.709589545816,-25.5906563457392,-26.0936820568271,-26.5432991894644,-27.5373428725018,-28.849189820666,-30.2257057253936,-31.8463024690903,-33.522120210121,-35.2296292582446,-35.5406290015599,-39.3621387542796,-40.1961278889053
-48.2058724161483,-46.9984009259602,-46.3498086022817,-42.9799272405193,-40.5294763680619,-39.2994375554426,-37.6575152397591,-37.4539776032679,-37.5687031908315,-40.1046779680313,-41.4812176932971,-43.9346769657254,-48.5740246989074,-41.4566795592859,-39.5069128285012,-35.8288039416667,-34.6848849432929,-33.9901211592479,-32.639615182856,-32.8095399634275,-33.5041521919269,-33.2647363232591,-34.6263177262004,-35.6243818504895,-36.5473717037646,-38.3046172185938,-38.3630093018858,-40.1957854696751,-41.43157220685,-45.6756380786602,-43.6395054479558,-45.6590289760089,-49.8718096603027,-49.6894724806773,-53.3618132628263,-49.9381645312399,-50.3176591492291,-51.7072372261187,-46.5561223331919,-44.1684850323469,-45.8433571153994,-40.6504678926344,-40.4711807223497,-38.9419241009341,-38.3402275636636,-36.8104732292569,-37.3559926050478,-37.6321049827607,-35.3485428795196,-32.9711139750038,-30.8453655477452,-29.043570246397,-27.1875518865012,-26.4923036318459,-25.635999716299,-25.3729932304772,-25.4415773260444,-25.961530257392,-26.5798535855893,-27.7712962266277,-29.2519582677288,-30.8319243109194,-32.9092381427826,-34.4755504488009,-36.0374277423344,-36.6853445643419,-39.8262116196644,-40.2535971135238
-53.0340928337806,-62.4482366588326,-52.1448835515782,-46.0001098094983,-41.0634796722168,-40.5260628334691,-37.9356530602301,-37.8863551816963,-38.245920147192,-39.2407657228115,-38.8692710149002,-39.9858929263891,-40.238410162768,-38.1304908912223,-37.237734638685,-34.895202684464,-33.9122368659473,-33.5094167472188,-32.2646619918787,-32.3901650556571,-32.9911360823669,-33.1522549758378,-33.9120756457331,-35.5379238253553,-36.4089426169477,-37.9112389963122,-37.8476500392293,-39.4550884653673,-39.4097651641484,-42.9408742214782,-41.6254163566434,-42.7860479740688,-45.7821773896648,-46.1150466813297,-48.9947911004058,-48.7139430390862,-53.5689254842459,-52.2898476491522,-55.4706043717404,-46.231137875356,-45.0826230312388,-41.1725607347018,-39.2305564773557,-37.9828506972684,-37.3050453034549,-35.8427325709848,-35.1342265695496,-34.3322367048385,-32.8649316777809,-30.8355352249808,-29.5285283672076,-27.9171578636385,-26.583511963975,-25.8905931863455,-25.2258739444445,-25.1038422393357,-25.3610803481741,-25.9267407260248,-26.8365308979376,-28.4166921207657,-30.3831586191672,-32.5220093902903,-35.7205757013075,-36.9129791269136,-37.776638140114,-38.6145094948023,-39.292712405892,-39.3479682468896
-53.3060052439853,-50.7505874821454,-49.1398554591778,-44.7363493011048,-40.7918094046434,-40.5190881270249,-38.4101405175148,-38.2720934860552,-38.8415564026113,-38.102147078441,-37.5806271555511,-38.2568116077504,-36.886734010498,-36.2598020092242,-35.2566817963028,-34.0125486941054,-33.186474422228,-32.8921428027976,-32.185181892769,-32.226907911136,-32.610733239348,-33.502165234223,-33.8834167949775,-35.9608375322527,-37.4412888240268,-38.5276035340487,-39.1351823727798,-39.8896518857273,-38.9365752065933,-40.7087812288626,-40.6164364033645,-40.5006099721653,-42.2714349308765,-42.7218964253165,-44.3065645434399,-45.9309179466198,-52.0554924694014,-57.0154184065864,-50.0657822860333,-45.4252295777525,-42.9311367334068,-40.3910916120639,-37.2289988495042,-36.8734669320384,-36.1349750312451,-35.5257585281776,-34.0859775141459,-32.912399462802,-31.9325965832744,-30.0535549823892,-28.9968164944574,-27.3826038343158,-26.3224802651768,-25.464646154088,-24.9482410360039,-24.8714129749028,-25.2159814806916,-25.8472201570352,-27.0019860826369,-29.1267708891737,-31.6379656461467,-35.3171185270622,-42.0108498325854,-42.5235842074179,-40.2871914984137,-40.515639942095,-37.9291705241785,-38.01879909012
-46.1887579141331,-44.4222387064731,-44.6457312013689,-41.9584665537885,-40.2489167176336,-39.7239313862387,-39.1627831973312,-38.7268419606387,-39.2092992541396,-37.6014153327687,-37.4970888173908,-37.7850999467352,-35.7136727441665,-35.6696803086342,-34.3260931076914,-33.6731289254867,-32.8645764772486,-32.4338305347877,-32.36332916289,-32.2529450151013,-32.3973671671683,-33.8430396470235,-34.3942760344011,-36.6069298971296,-39.7304986027237,-40.8205923254875,-43.269687880047,-42.3876782409924,-40.1139615110233,-39.2262575457998,-39.9991096891948,-38.832899468878,-39.2573378351585,-39.6886457096725,-40.0587178149975,-41.9601585446991,-43.251082077622,-45.374408411152,-41.6444847287589,-40.2503167544393,-39.8314249056602,-37.8164395936586,-35.3329686023523,-35.5732191138008,-34.9594905393652,-35.5242149624699,-34.1043674215444,-33.1748578027105,-32.49343366317,-30.7320377286609,-29.3270148528601,-27.5072266969859,-26.417790836777,-25.2667305189981,-24.7765516296863,-24.6248071244672,-24.9187242060568,-25.5632855593011,-26.7692017237604,-29.1758041529226,-31.5169246138031,-36.5089851977497,-45.3393078789125,-49.2324992423911,-40.4739180234565,-39.5132426703598,-36.3198374939929,-36.7668580989589
-41.9156885722446,-41.7555522554257,-42.0621749525131,-40.4024689966058,-40.0190139501834,-39.2710918525057,-40.1981129169,-39.5169458423118,-39.5153942607991,-37.9959065467304,-38.4341136623213,-38.1335314110743,-36.0770961518304,-36.0684643368108,-34.5066821695069,-34.0836197045749,-33.1555839199573,-32.4173257575312,-32.7561719149286,-32.4429187117054,-32.410910946166,-33.7877238993549,-34.9249007914738,-36.8861943345383,-41.886199099742,-45.6619709031376,-59.7143580781703,-46.6630772139323,-42.4765764195215,-38.2188186589801,-38.7594179848507,-37.4259480004546,-36.7329132254182,-37.0704919165994,-36.7872516616056,-38.2899058014214,-38.0181904203838,-38.6863752751266,-37.6038370680549,-36.3918070143691,-36.6610098526911,-35.1921609128187,-33.9717969688088,-34.2164782681687,-33.9398423768348,-35.2504374551773,-35.2508384894656,-35.3935976908171,-35.1153022403777,-33.2049069163447,-30.5312824589963,-28.1402104861078,-26.7287938531766,-25.2258588071464,-24.6288260671522,-24.3222911155949,-24.4746670845974,-25.0269600941249,-26.1247768261608,-28.1637374476842,-29.7763042745662,-33.2063165798696,-36.488468231813,-37.9837417656104,-36.9827313197781,-36.2753310813393,-34.9414463433461,-35.7597660550388
-39.7924164290833,-40.7352244893279,-40.7453573029039,-40.1148204093094,-40.435150901094,-39.7140752102594,-41.4639923598149,-40.7820766129895,-40.1395139300999,-39.439507536959,-40.2772525062873,-39.1386407628879,-37.7990200935158,-37.3120572585093,-35.782555979855,-35.3273516998779,-34.1708228586519,-33.0526860126349,-33.3597149123083,-32.8383591417021,-32.7006475322581,-33.4227717649979,-34.8094682927808,-36.2419248168375,-39.7922582139045,-44.1300929179282,-44.9193811175635,-42.1624241130165,-41.2922016384057,-37.0738140993659,-36.5671345643537,-35.8107658369995,-34.7337507770074,-34.9396521485806,-34.5394505764759,-35.4673656966295,-34.9280290597004,-34.9557994132621,-35.312672156258,-34.1401332956312,-34.1255455328657,-33.3406512980195,-33.1658452272566,-33.0410814047653,-33.1463743775421,-34.3764589218777,-36.8714674412667,-40.1993610132044,-42.7259214240469,-37.7516460816173,-32.1349957141042,-28.7347127324221,-26.9333121106043,-25.159215388048,-24.4054744252348,-23.9547090995537,-23.9621260657606,-24.364828395978,-25.3320162250423,-26.6945407688229,-27.8992751631594,-30.0055785552855,-32.2397792748725,-33.154483963667,-33.9373077275905,-33.6094509512966,-34.0357427019338,-35.0147972552685
-39.2804580224192,-40.7753390491664,-40.4141665225092,-40.8976052582468,-41.670702645267,-41.2508294743992,-42.9163070895542,-42.5078645188402,-41.5281440116267,-42.253702405373,-43.0012781259586,-40.8322102013689,-40.8414483645349,-39.3881950914462,-38.1215414603179,-37.4527000919796,-35.9767224713977,-34.4804510017092,-34.2542197361823,-33.5391156194021,-33.3000303328856,-33.1392748352504,-34.1189167334713,-34.9568959531476,-36.2643297534472,-37.940081006209,-38.3288108769386,-36.9964432713973,-36.9501412158768,-35.4690773402421,-34.2907993184717,-34.0434357912343,-33.3087601029619,-33.393390135246,-33.2219038774553,-33.5969980517838,-33.3170874386314,-33.0510835070769,-34.0712645203263,-33.1365275079512,-32.5479083529245,-32.3792369954082,-32.8183700160442,-32.2758281134251,-32.6225011908096,-33.2744462649778,-36.1838953850161,-40.7959495927542,-45.0854378993391,-37.462762865722,-32.1680219164366,-28.4628370799493,-26.6527108823121,-24.8857134052758,-24.0524818637249,-23.5513259420316,-23.4813805130261,-23.7745173416361,-24.6495448895045,-25.4814986581549,-26.6256930817278,-28.1518781450209,-30.0324546611368,-30.8439426697899,-32.204417448178,-32.1306302444475,-33.6854376023571,-34.5368599436126
-40.1786415457366,-41.5703171722834,-40.9931526693882,-42.5489078441663,-43.6336202369665,-43.9820979896363,-44.6016537356813,-44.8513825254669,-44.276434919012,-47.2538099094301,-46.7019794195427,-43.4283715204204,-45.0560955229872,-42.4195868162223,-41.3664666739058,-40.469079720294,-38.6201922761071,-36.785387267853,-35.5929121394239,-34.6576671028328,-34.2292880541797,-33.2232974024756,-33.47884985412,-33.7287271758146,-33.7887652353026,-34.3178291818158,-35.0011691548503,-34.0777958817681,-33.7847515768251,-33.8067487385862,-32.6468070039072,-32.6260281669072,-32.5112735736717,-32.5256978611754,-32.7378726601675,-32.6914507289021,-32.8869372805529,-32.578667988635,-33.628461196296,-33.1662708813169,-32.0668770969278,-32.3130015378903,-32.85881151258,-32.0895936397246,-32.4557222522864,-32.4815400419576,-33.5883051446903,-35.2617343202768,-34.7121672030225,-32.5255730395692,-29.9587038878621,-27.3079098659135,-25.8403601006931,-24.4001941914847,-23.6094225537736,-23.1704326815751,-23.1149366738486,-23.398891665663,-24.2113470672153,-24.8306112328231,-26.0746643676049,-27.4980703148014,-29.1589861817493,-30.1658392811523,-31.6916052981331,-31.8890460388567,-33.8881563235963,-34.3650181292793
-42.4578732791141,-42.8833437380364,-42.4709917495262,-44.7116562372405,-45.4683784877647,-47.8512781068054,-46.784693478325,-48.6800160739607,-49.6064549622918,-57.5663924259337,-51.2966523511858,-47.3686081983695,-49.5900228097266,-46.6445285382985,-45.025385157,-44.2109436559145,-42.1711643067043,-40.0123156367356,-37.5390116106329,-36.2509885531687,-35.4545612166236,-33.7608155900172,-33.2167826344919,-32.9336407464119,-32.3857702859054,-32.3466575845278,-33.0451260306684,-32.5500982832151,-32.010458252541,-32.5962153972332,-31.8749848074209,-31.9492141112534,-32.4020770014781,-32.424481206774,-33.0234299749118,-32.7622441445598,-33.469854982634,-33.3894040920552,-33.9392077580019,-34.1232594666736,-32.8051299281658,-33.1713733001495,-33.3133287959565,-32.6009595200853,-32.7609568039217,-32.2899092127973,-31.7844396156936,-32.0728990422858,-30.8162288456043,-29.5382238884263,-27.7064095997194,-26.0702807008376,-24.8664619475252,-23.8783140289587,-23.1896014381871,-22.8803111455711,-22.908424586944,-23.2876147361982,-24.0565736239394,-24.7936037917914,-26.2247561424186,-27.8975847394872,-29.4643075475787,-30.9235237736856,-32.3810217570308,-32.9561259430371,-34.5926875121238,-34.5691554493169
-46.2002919823794,-44.5227882854078,-44.7467265538674,-46.6181673786634,-45.9888067345365,-51.7695606996424,-50.0917767640402,-57.4773649440918,-60.1560207212781,-64.5317710507726,-55.3152002227099,-52.8408609966316,-52.9042644636212,-51.4159985937325,-48.4828701372123,-48.051404548892,-47.0105501341864,-44.2640903187992,-40.1232030841055,-38.1839973422716,-36.7467874437783,-34.6633710465881,-33.2992729521165,-32.6329581931112,-31.8476957147349,-31.4891280835583,-31.9287088362849,-31.9342892337617,-31.3693995409973,-32.0602846539445,-32.0159056075039,-32.1825976474628,-33.0565111947284,-33.1933770285911,-34.070305471431,-33.8558128062094,-34.9429368280227,-35.4270524726773,-35.0916826068342,-35.9797257703676,-34.9950177209648,-35.0404039584741,-34.341249879116,-33.9074805816749,-33.6085302868894,-32.7978017864198,-31.2886634527844,-30.6036532100885,-29.1727389401483,-28.0926651813025,-26.3539584372222,-25.2789747474741,-24.1299616140626,-23.5112318459572,-22.9120355634531,-22.7355683775257,-22.8685121938259,-23.4092837107548,-24.1653612819681,-25.2727330648917,-27.013455040609,-29.2286343488135,-31.0416484116574,-33.2759006380246,-34.4838056417821,-35.5295387072029,-35.7055984121553,-35.2237847779874
-51.0840822449305,-46.350323632957,-47.3145149733292,-47.2820419122487,-45.8703983906477,-52.5240264095739,-54.1062930291504,-59.653102175723,-55.2654369151577,-59.3830275352576,-59.5939272053666,-52.9662735730597,-54.470800379134,-51.1688087038831,-51.6772548432806,-51.0957175205522,-55.7839546908491,-49.6096691756108,-42.6372526733965,-39.8367961112578,-37.5625274047866,-35.6445297884146,-33.5662490525047,-32.7236412601628,-31.9888182724152,-31.4651046028415,-31.481980612666,-31.9707137237482,-31.6962968892308,-32.2318422135633,-33.0365692257977,-33.3633404648189,-34.5646035912944,-34.989761456198,-35.9750312035642,-36.1099826515846,-37.2106005394096,-38.5867227171478,-37.2558293132508,-38.7741066023988,-39.2351748913181,-38.1332824908302,-36.2630546712916,-36.0872501148205,-34.9245378873982,-33.9733210273886,-31.943338176135,-30.366707498512,-28.9894159893531,-27.7706019261016,-25.9932615113598,-25.0868801187554,-23.8458584827697,-23.3996742191893,-22.8472803700326,-22.7571044775555,-22.9722502902005,-23.671977552443,-24.4677286713673,-26.0103203810255,-28.2551080312418,-31.1528857653933,-34.1023387481007,-37.9672207288943,-38.7442328063315,-39.8353362011142,-37.0769562935452,-36.3699610925207
-52.346492822566,-47.9045909209084,-48.8205729365331,-46.5386675536318,-46.0666217332464,-50.316098899166,-50.9065794513817,-50.3898635062054,-54.2734246130303,-57.6085347151563,-68.4430664846249,-48.5624798518684,-52.886849878684,-47.9881306400737,-52.7058784203355,-52.1855411722501,-59.4976299949181,-50.4273000450305,-42.9608283850714,-40.2275909405699,-37.5041454450332,-36.2514108899041,-33.9079805740416,-33.0337345934282,-32.6085799937698,-32.0993340869788,-31.7069913842918,-32.5400856523952,-32.8963785407336,-33.0905126140899,-34.8217761104108,-35.3936019428161,-36.9732976663143,-38.0738071697258,-39.0779170211092,-39.9516652421641,-40.2905655238198,-42.3282584411863,-40.5136165197425,-42.4799004232564,-47.7721936926817,-43.0331914010047,-39.565839936194,-38.9423516767107,-36.3430010101177,-35.5957698941596,-33.4726125719312,-31.2799188000202,-30.0677200997416,-28.4391439044409,-26.5882262084323,-25.4873049662338,-24.062710039899,-23.5462099064454,-22.9974731671804,-22.9235600979339,-23.180373967816,-23.9550881644098,-24.8500411867268,-26.629616601627,-29.4430811451021,-32.6154670560718,-37.6880287418089,-46.4566256980485,-47.6661300823949,-43.4856282313308,-38.4856992762515,-37.9574963004314
-48.9671438468347,-47.5772836181046,-47.6373552261841,-44.9545703903766,-46.1162031975992,-47.2826966678933,-46.0189201575539,-47.1431265144099,-58.3744916784298,-50.1222371907447,-51.760363943256,-45.7524707224874,-49.4151386553846,-45.9458748992969,-49.7503193252658,-49.9349949648457,-49.0502312575331,-45.9028598543188,-41.2686009342693,-39.4169657473482,-36.9074291566029,-36.1862517114351,-34.2922457671811,-33.4290276888655,-33.4688213734867,-33.2667078452203,-32.7213989795751,-33.6568235710473,-34.9268632926436,-34.6738912804698,-37.0866592535217,-37.9031770041366,-39.909379070606,-42.638275243677,-44.4475598778085,-47.1983592942539,-44.3955004866557,-44.9512454847233,-43.9581374515704,-45.7836387717782,-51.7831001250942,-49.0919407990924,-43.4473391030409,-40.6418528057641,-37.2001733933576,-37.1111788865878,-35.6564662414588,-33.6586158157615,-32.5625208457866,-30.1724258748878,-28.0495814704145,-26.3686920591591,-24.6809927779468,-23.8689512912271,-23.2980867866822,-23.1776632780737,-23.4477158042343,-24.168469647015,-25.1955442476987,-26.9187521602515,-29.8679066792102,-32.5449620056926,-36.8286878760033,-42.1897519403053,-45.2070980051378,-41.3602894466509,-39.6772629094224,-39.7474408309557
-46.082218092577,-44.9752910186966,-44.4316296965556,-42.9902978076831,-44.8430321152172,-44.0157294635245,-42.8247855761449,-45.4544644918163,-48.5632213004646,-45.7300927975791,-45.7878110841173,-44.476169600558,-46.5240735412083,-45.2469580835958,-46.80801287445,-47.1554327410843,-45.2276476451005,-43.0191681001904,-39.6367815441111,-38.3180499071678,-36.2475379025759,-35.6036708458907,-34.6611737885077,-33.8849950560758,-34.3476364285337,-34.8322673221217,-34.7415622443926,-35.517689939781,-37.854670315454,-37.2287053495269,-39.3320342570794,-40.2318539586742,-41.6026673309777,-45.6982708173969,-52.2311868586614,-59.2064935804482,-47.355196533349,-44.5957335494907,-44.7935365818247,-44.8549323062863,-43.7127036948659,-44.1776805144867,-41.1296430990108,-39.0039017085967,-37.1321883371178,-37.6989144038377,-38.5303251383725,-38.7717755673659,-37.2959378150773,-33.0901696700117,-29.9401158263404,-27.4051164788117,-25.4227928544977,-24.2167994045208,-23.6364331012502,-23.4464585821736,-23.7283121837602,-24.3102710406866,-25.4566837668474,-27.0496743984134,-29.5524453827402,-31.7851902854716,-34.3126918565011,-37.6737224406855,-39.6459593549249,-39.1730715379164,-40.4722786942899,-41.2025348429023
-43.7421474687518,-42.0475245691616,-41.1773787069434,-40.9273648623043,-42.1496653009745,-40.8930564538585,-40.6620956750249,-43.7022819415396,-42.3696973460907,-43.5697492913684,-42.867488148474,-44.769094261816,-44.9757073556834,-46.0334844156924,-45.4450023081209,-45.87225153911,-43.7681480224578,-41.7468646974722,-38.6105869766852,-37.3742551128572,-35.6421373865447,-34.8596241290404,-34.8658899763323,-34.3967064311595,-35.1118282756742,-36.4701257604939,-37.9770467233266,-38.6213058017356,-42.1628332550047,-41.5262407245037,-41.1008771314997,-41.8677223457622,-40.9090752777069,-42.9768275822843,-44.4788222232645,-44.7208327203926,-43.6141021519274,-42.0220517791237,-42.9347047224075,-41.526223600644,-40.1742902867926,-39.0662603921599,-37.1329033508498,-36.4985637693931,-36.4315225638121,-36.9689393995714,-40.532040168272,-50.7196334531874,-44.3501064105314,-35.6302196426128,-30.8667430000616,-27.9448565666086,-25.8843538019116,-24.4285179805715,-23.8941931463661,-23.6684452569098,-23.9776557831749,-24.4544941998857,-25.6811625689926,-27.3105199322822,-29.2581915543012,-31.4652989045952,-33.415551778349,-36.2583571081486,-37.9274132692966,-38.5663405342132,-40.818098372631,-41.6319665966554
-41.3886585229936,-39.7088247238021,-38.6973973156022,-38.981232660476,-39.1208975898922,-38.2772390170961,-38.9977576121986,-41.1188666138858,-39.0542674714754,-42.2441831497552,-41.7522948058676,-46.6455747498576,-45.0655237810171,-49.019575893158,-46.3337740204903,-46.6848575489218,-43.7368674132707,-41.4302377738683,-37.9894851867651,-36.6016197847889,-35.0647662167806,-34.2167086504187,-34.7558618101322,-34.8068963377575,-35.6282995665045,-37.437456070303,-41.24980798614,-43.5470215457938,-50.6562576170037,-48.9689067993175,-42.0941365044387,-41.9648841300654,-39.5681002436334,-40.0708493094831,-39.543155618276,-40.0141892837119,-39.5920821544576,-39.1017652045579,-39.7253715227138,-38.3728986352541,-37.6674841686347,-35.9166650507096,-34.7021842641234,-34.6296998108156,-35.436352983761,-35.4518559215915,-37.571744196066,-39.0123334086219,-37.7469962030666,-33.5362193373607,-29.9293869700204,-27.5404446485949,-25.8506788320564,-24.4463412411725,-24.0065748900561,-23.8147237937782,-24.1567252093476,-24.6673625014342,-25.9417227004786,-27.7872931404096,-29.5092096326485,-31.9447187649973,-34.3056773742743,-37.0396917040113,-38.4790648732737,-39.443020382956,-40.7188587947136,-40.8876163661047
-39.1270105907833,-38.0715704963586,-37.0930147335274,-37.3436091858257,-36.6371385555514,-36.3875355073094,-37.5566341824916,-38.2610966582413,-37.341748195891,-40.363142307468,-41.5104041940583,-46.528448066297,-46.3141251408314,-54.5650471655509,-51.3121358799266,-49.4290904538343,-43.7158785948572,-41.0253624711069,-37.4391914744746,-35.9326518201622,-34.601353240174,-33.836674664057,-34.3715418141508,-34.8791998438271,-35.6717367964991,-37.1983652307675,-40.2030535452745,-43.8434454937921,-53.5713522737903,-45.3424677067478,-41.6447247672247,-39.9244744475994,-38.3239904114047,-37.932722390007,-36.9014153248613,-37.4328733020134,-37.009576402053,-36.7402578954584,-36.4993531991216,-35.8431296203212,-35.5688726433332,-33.9878344076393,-33.4367819578125,-33.4632757020772,-34.3201813624881,-33.9545044520787,-34.0575465365245,-33.8663595241711,-32.8519560930574,-30.4586140160843,-28.5029054549051,-26.6531885095687,-25.5209594089609,-24.3662264293297,-23.997281545346,-23.8927896696032,-24.2418593826656,-24.9302333470139,-26.2371723327104,-28.2877357458417,-30.3153381404841,-33.1731043426895,-37.0310086029094,-40.6532377469115,-41.2452706985096,-41.6602127410858,-40.220099520102,-39.6314197213289
-37.4214511010765,-37.0960044925087,-36.2916770732948,-36.1920815351805,-35.0907654851072,-35.3119176820487,-36.3135923160298,-35.9307409009736,-36.5394881684562,-37.9042261601553,-40.4955549127456,-41.7406028636163,-44.4653851862075,-47.8716839660983,-49.6834064649304,-46.2822055026482,-41.613063205158,-39.497703045498,-36.8096325831482,-35.3923086441673,-34.4429235258784,-33.8580064848546,-34.0204638119387,-34.7011049362041,-35.2681830653797,-36.3492651380666,-37.5759331495774,-38.9320934284663,-42.6086919309711,-39.7986223824004,-39.6599805538063,-37.4790586145824,-37.109126617712,-36.3114851375192,-35.5275912657841,-35.916952963075,-35.5561875752907,-35.1892846802263,-34.2829911399767,-34.1183630056076,-33.9718918626709,-32.9685974166659,-32.9379234118118,-32.8572286882143,-33.2774090249583,-32.9533989332621,-32.1168826169201,-31.6263671816024,-30.5148787802988,-28.7480196700937,-27.6325459983826,-25.9967796655903,-25.2469874557493,-24.3488595515033,-23.9563908097954,-23.9322010617336,-24.2375540025666,-25.1293970060114,-26.4487929095643,-28.4512334210536,-31.0106117616571,-34.4519004658901,-40.4046489571634,-54.0156012431237,-46.1769735576705,-42.8969608308628,-39.4913281707062,-38.6021472138606
-36.5645353615714,-36.7406864073335,-36.2181526243829,-35.6970467818988,-34.643418481872,-35.0800055258224,-35.4214578579945,-34.5025204541422,-36.0888720937343,-35.7848243313179,-38.0289878243675,-37.682668286338,-39.7584555813545,-41.3778402530129,-41.1355949857128,-40.2606794016477,-38.4454094209123,-37.2734312392051,-36.2051690166095,-35.1180333615354,-34.768496843367,-34.4574189205203,-34.1484381959606,-34.7480795698203,-34.9313965478509,-35.6820260362283,-35.9981549398997,-36.056480081479,-37.8633131463156,-36.9686927705614,-37.3461706578538,-35.8126949395033,-36.0430890374973,-35.2660893773424,-35.0693442916312,-35.1873296498051,-35.0428056613218,-34.5559305742721,-33.3810045994568,-33.3335432906223,-33.0884187271417,-32.731434731439,-32.9455166280427,-32.6849120005166,-32.5380254864395,-32.5841587110722,-31.6271606681386,-31.0448897836045,-29.8802402982142,-28.4505363217313,-27.5791299056557,-25.9542648122464,-25.2692271523019,-24.5098535795575,-23.982935179345,-23.9630718484648,-24.1775028738397,-25.1337861906539,-26.4007597756423,-28.0835400593796,-30.5452653594951,-34.0965632269656,-38.4811329762297,-43.9777261708664,-44.1709597620486,-40.3594451273538,-38.8387072607095,-38.2218199295137
-36.6319827558802,-36.9795759862966,-36.8453033929067,-36.0452041749067,-35.4313641664584,-35.7301455337522,-35.1196999894955,-34.1052878352611,-35.6579483980229,-34.4107499651036,-35.4472082275216,-35.0401853332162,-36.0759674498715,-37.2018596807139,-36.5006068902835,-36.2549603614944,-35.8345886505711,-35.3161524756477,-35.7413767068843,-35.2856167834227,-35.713775197795,-35.9142038384548,-35.2431111607658,-35.5206292710596,-35.237338834363,-35.5121557504701,-35.3446403273184,-34.7915848042792,-35.1259679439059,-35.5287985710512,-35.5824908343998,-35.08609302025,-35.4070489124487,-34.959008228861,-35.4033554644306,-35.2522304315855,-35.4281922458008,-34.9556969986238,-33.8859991826936,-33.6063875356986,-33.1207141041856,-33.2381103733044,-33.3106115264654,-32.8658323178466,-32.2829883941004,-32.776190721794,-32.366743607008,-31.8724849690224,-30.8319043372857,-29.584358178081,-28.4364361089972,-26.665473071296,-25.6840966133957,-24.8766145936705,-24.1331156000343,-24.0010476504121,-24.1040099014123,-24.9100641611281,-26.0188132572796,-27.3610729708212,-29.1634265090596,-32.1328020839839,-34.8382876051507,-37.3220262994626,-39.3433894411352,-37.9370333676072,-38.6213906111672,-38.7102859524654
-37.5446700866305,-37.7823960595904,-38.1941661795865,-37.5005203083999,-37.7401047249456,-37.3874258225174,-35.6893366940988,-34.7755187705676,-35.2632606631846,-33.7420637964094,-33.5307397081453,-33.4152200227888,-33.6474962039414,-34.3073534102518,-33.7667567012321,-33.7461560506217,-34.0502093288819,-34.0184818892258,-35.3871446392701,-36.0080914732264,-37.3989644924991,-38.7633245002955,-37.998397629469,-37.3794738016987,-36.4738013437291,-35.8241540780157,-35.2077517859613,-34.5127078873661,-33.6758998098565,-34.897191436796,-34.6424701432913,-35.1908822254937,-35.4129904413891,-35.5249975127453,-36.5292720864628,-36.2792135734419,-36.7854322992524,-36.5487266802387,-35.9606090748481,-35.1000126976464,-34.2776802088798,-34.4816995144124,-33.9850043974198,-33.3751752780597,-32.6094486974916,-33.3457400084242,-34.0917158478984,-34.2461495611017,-33.7903049511076,-32.4862131192214,-30.3277407972964,-28.0969263863444,-26.4317162082761,-25.3760863641929,-24.3891516806964,-24.0435216154519,-24.040544138485,-24.5489043012822,-25.4229515867156,-26.5772065192889,-27.8905587415264,-30.2432822768472,-32.5428088062637,-34.683015557008,-36.8179081341184,-37.0974824073495,-39.2049081617024,-40.2645880295408
-39.0128942474107,-39.0410400065326,-40.2105846085483,-40.5552239028127,-42.4620160411817,-40.4024092914068,-37.4242549714417,-36.379767281512,-34.9935253434971,-33.5591197593691,-32.3567461855782,-32.4812609688531,-32.1481441530825,-32.3092858541328,-32.164158152946,-32.2773396508353,-32.9460812770011,-33.391033896955,-35.0464232231658,-37.1202243580772,-39.7759514785516,-44.3170045722231,-44.251913473379,-40.2504406963776,-38.2183363069058,-36.3105956094483,-35.2312262070159,-34.6894116122106,-33.2645878347581,-34.7540319224693,-34.546139113097,-35.9797050982387,-36.1764008456256,-37.0849311402335,-38.5585372469518,-38.5549066484814,-39.3122723102764,-39.5725805372574,-40.0323067098377,-38.1356326975703,-36.8036278219932,-36.3953273296343,-34.9974794188564,-34.2364277173582,-33.5290028762909,-34.086706732956,-36.1852141851589,-38.2322978157851,-40.7121956331207,-38.1077419322221,-33.1680418917112,-29.7980977239178,-27.2104385796632,-25.824270666802,-24.6543558259246,-24.0735490669202,-23.9831801753312,-24.1861656448123,-24.8302302723812,-25.9102905642995,-27.1267462938778,-29.0681834183545,-31.3388201418275,-33.8338515515355,-35.9673079891544,-37.7468560090804,-41.0384050153271,-43.2687520477076
-40.3903692610592,-40.3600242384889,-42.1631627987237,-45.9877766357779,-55.3408308127751,-45.2972757972059,-40.1951605611979,-38.0681645937687,-34.7379422731412,-33.5914766895409,-31.8381014674326,-32.0113216269062,-31.3275639278087,-31.0577410488807,-31.2980807542657,-31.5471374596395,-32.3098391873058,-33.236285158422,-34.6829514487803,-37.7204001972974,-41.4205560198353,-49.2451917738189,-50.6014702407269,-41.6160062731003,-38.5402490060226,-36.4026049475677,-35.199255448905,-34.8876435410703,-33.7211882240749,-34.9085579924382,-35.1539373531265,-37.3046541905948,-37.7655765266782,-39.8033025576125,-41.7628176133727,-42.5219657544922,-43.3996019442093,-44.3457087262924,-47.3858080455543,-43.5147397568185,-40.7891461335337,-38.6752415074607,-36.3981441000644,-35.4803793697179,-34.950892080035,-34.8550813018559,-37.1714364815975,-39.7998237291745,-47.9043946271253,-41.3056270463447,-34.8356404742528,-30.5328035972851,-27.5197485724865,-25.9861292333344,-24.7997085855454,-24.0725621109484,-23.9208795900998,-23.9322782995719,-24.4194600866464,-25.43885883091,-26.8099939215933,-28.5832716755442,-30.871145029342,-33.9057027695915,-36.3203547754425,-39.4883897077713,-44.9727445296851,-48.9465887750954
-40.7986716791573,-40.8388678956888,-42.0709426975479,-46.8381725911672,-48.707606564135,-46.4316957731519,-41.0429802672177,-38.1434584987749,-34.3677898311814,-33.6776518759138,-31.9013619909219,-31.8764305149688,-31.036016533392,-30.4919332925783,-30.9327180010586,-31.3044492097342,-31.9449395512228,-33.1926279735229,-34.3009376669817,-36.7960116511998,-39.7895820136176,-41.7896452986962,-41.1351088983226,-39.4694866029457,-37.019874346917,-35.879365354684,-35.0934876008328,-34.9309365924176,-34.7930847444569,-35.2321691183764,-36.0844607621035,-38.9289384645304,-40.1371767034054,-43.8963648398733,-46.7983490905768,-48.8378697350966,-49.7606939140446,-50.5774649129045,-66.7227334145019,-52.8722116665773,-44.2342705619594,-40.6470855126582,-38.1327309845106,-37.0529905235315,-36.6420348659562,-35.5844586841997,-36.4208834744793,-36.5698005274187,-37.4691558231394,-35.4479389709349,-32.7279325783588,-29.7101368294626,-27.175219146066,-25.7791982738249,-24.7690308420608,-24.0471542988015,-23.8698263454021,-23.8559515098709,-24.2870629374086,-25.2160207130709,-26.7552718823637,-28.5635362071974,-30.841425046548,-34.0686396205526,-37.1270943961228,-41.0341659549773,-52.492091043868,-62.4146183118717
-39.8808085909649,-39.8822845241994,-40.0424773765819,-41.2859902861515,-41.8377592338663,-41.2987858282376,-38.502928809916,-36.9962081310915,-34.0989839369092,-33.905614081921,-32.5370850342889,-32.0525315817453,-31.2163047449711,-30.5786883359181,-30.9399775157202,-31.3285014214722,-31.7339913198035,-32.9388383507076,-33.8818344569047,-35.1657016984963,-37.1100683442779,-37.8565320296503,-37.5713173533259,-37.4556657861318,-35.7993554562396,-35.2840327124665,-35.0470730684587,-34.8807161655022,-36.0182454444463,-35.5733436995457,-36.7372807822813,-40.1067292862971,-42.4309186621121,-48.2154669384793,-55.6358697154188,-58.1580498394361,-58.6151739211363,-54.2496628898838,-56.5208051471821,-50.148571866792,-43.7334371302685,-41.802924526768,-39.8582828449047,-38.7065438708515,-38.2488634518663,-36.3112522216456,-35.4013725328493,-34.4190788047836,-33.9416993109804,-32.1991051508293,-30.1923032300468,-28.4761739243092,-26.579817893083,-25.3978326910536,-24.6492948476981,-24.0554786140514,-23.8929165501686,-23.9947521659929,-24.4627736747481,-25.2996155390417,-26.8551340686257,-28.733887352001,-30.9704057439121,-33.7567388961808,-36.9762706010913,-40.5204379516168,-48.5310082334156,-50.3242879636786
-38.1739327781353,-38.1486374978413,-37.9368785723678,-37.9147783193413,-38.7187220724218,-37.9671703920511,-36.5232975009847,-36.2509243548847,-34.4393387997904,-34.5815723323974,-33.8236963930593,-32.6184279407158,-31.8824307654787,-31.2681803920597,-31.2517528428186,-31.4749704165379,-31.6711261133459,-32.5189325001414,-33.4550706564853,-34.0070726192658,-35.3590102240852,-36.1329516636104,-36.5060047374868,-36.7908293002467,-35.7790631295953,-35.2519274768694,-35.2363421822546,-34.9025404938474,-36.7550712726801,-35.7545549583131,-36.8286812845627,-39.5904030087706,-42.1272881989468,-46.4684562588739,-53.219385346506,-59.0667425954233,-58.2604967730786,-54.2048032797163,-51.9546023154716,-46.187756351944,-42.9917105155742,-42.505180847528,-41.1727832967616,-40.1554906597273,-39.5665600728317,-37.2734256081095,-35.1567909456398,-33.8429159476957,-32.5635556043892,-30.7007179453121,-28.7129557854302,-27.6466539624739,-26.1891648682329,-25.1435211045226,-24.6152442134119,-24.201348145868,-24.088402227122,-24.3718419331037,-24.9396291261617,-25.743926855435,-27.1632625009814,-28.9503333593229,-31.1024039842285,-33.231532001548,-35.6774639892835,-38.8066675697707,-43.0096844574613,-44.9929897029716
-36.4451759490117,-36.4286364059884,-36.3107673677052,-35.9906263115802,-36.8586588934277,-36.2190294843355,-35.9875005730928,-36.472285032758,-35.994000334642,-36.1637190989997,-35.9624991415233,-33.7313299847099,-33.0701315005074,-32.4292136843162,-31.7904881696131,-31.7124418867908,-31.8176126663795,-32.2604326457247,-33.1892721342189,-33.732460785815,-34.8197194867557,-35.9009856798729,-37.1033815281996,-37.5109123260418,-37.1368833603899,-36.1368196713228,-35.8011606147909,-35.2359456661546,-36.6323998480296,-35.7495340759123,-36.6784785682261,-37.7643224285217,-39.7410556149416,-42.4606246230807,-45.6831335371389,-47.7076953897529,-49.5277513117455,-49.9986066136386,-47.4359320046752,-44.8207995353875,-43.6508981822279,-43.4942102446422,-42.5575556234735,-41.6907836152117,-40.9004655870459,-38.8951347704393,-35.9673733505025,-34.3142910156791,-32.1877133673145,-30.2244338293925,-28.2289669847352,-27.3694506812631,-26.2059168127524,-25.2299546531091,-24.8253216179152,-24.5931671621801,-24.5591901664981,-25.0124132842851,-25.7057261653326,-26.5853000203559,-27.8313723343352,-29.3358212658792,-31.3381102646903,-33.0483826491709,-34.5847437886771,-37.4365498601204,-40.1899558322586,-42.2550720348191
-35.1506123106577,-35.0670325511883,-35.1445175114335,-34.9361130648378,-35.6046357246932,-35.5038846223412,-36.580969724921,-37.6966181090442,-39.7527289312479,-39.4846760765554,-39.3646444560626,-35.5156411673679,-34.7047461703231,-33.7430205587394,-32.4340870776443,-32.0783018261033,-32.2243057168754,-32.442197440611,-33.3271637077889,-34.4125324768681,-35.5428454105826,-37.0288514981376,-39.2340249822373,-39.7457209173841,-40.0272662377402,-38.1221032925177,-36.8208819967148,-36.1101939934571,-35.985806149112,-35.7738252839502,-36.5883155172824,-36.0412485024895,-37.5806097478992,-39.4133010012866,-40.9416848908092,-41.475072002698,-43.1811706833385,-44.5782750401321,-43.725869674785,-44.1560421953943,-45.4590627309457,-45.5099731755095,-45.5324834993858,-44.4696854076158,-43.0264032153023,-41.587360291231,-37.6193566978225,-35.1859030425299,-32.3561966956107,-30.4551284820818,-28.5415386678903,-27.5945259568569,-26.6552590064992,-25.7425943624568,-25.3674757553815,-25.2981419466102,-25.3811152183331,-25.9524113324429,-26.7732996313191,-27.842749651909,-29.012290317365,-30.1842847852029,-31.9611193216097,-33.4942994581713,-34.4355960436328,-36.9006890065153,-38.7075319850239,-40.7181857986131
-34.4491692930635,-34.2062896735583,-34.3908222280814,-34.4649058171911,-34.761813331221,-35.410171054654,-37.4861131405234,-39.5718604705077,-48.6479581488055,-47.5881743480765,-44.334084031221,-37.5610126064676,-36.2432544549942,-34.6800144027906,-33.0684617855431,-32.6031519965745,-32.8859053616749,-33.1784565333791,-34.0582666526481,-35.9661420932159,-37.620260706747,-39.700760352805,-43.2545782434685,-44.1205607076053,-44.5693754556257,-41.2348003201328,-38.3254171445846,-37.5055137592973,-35.5221920212538,-36.049054926031,-36.5015141384866,-35.0135516543963,-36.1422857702161,-37.2115123069793,-37.6982736793745,-37.8319824056839,-39.1171914975336,-40.4142849005178,-40.7654910888663,-42.8157927947368,-46.6062823603481,-48.4337515226849,-53.3034158970636,-51.3639980454774,-46.7933923473024,-44.8775791331443,-39.0195490923336,-35.9542693313875,-33.0105417762123,-31.2939855584403,-29.4808641365245,-28.2602065163453,-27.4797566825807,-26.6588030112318,-26.2469253032073,-26.309387488208,-26.5716366059441,-27.2299095389608,-28.1950440041956,-29.5412804625654,-30.8350608303338,-31.8128520392897,-33.2687162368938,-34.6390613127034,-35.3867388088131,-37.3235774724644,-38.1524110891708,-40.0414098435201
-34.3637409024525,-33.9415383994864,-34.0777207356665,-34.4133810860873,-34.34976100057,-35.568980386166,-37.5784016305716,-40.6411790750749,-44.4742343431406,-49.8874878469448,-44.5811465158517,-38.0768501148758,-36.5666368830183,-34.9023294692106,-33.6686134504897,-33.2844708685251,-33.7315261330574,-34.406391990525,-35.4222464312485,-37.9518522132048,-40.7960769078867,-44.1227709624668,-50.3983670895958,-53.5692768270589,-48.8681496055427,-44.7666944204913,-40.3036389004185,-38.82683885505,-35.8092331216574,-36.5179332169892,-36.2152670705214,-34.7473984300151,-35.3244699713231,-35.6914017665741,-35.63262781472,-35.8447005903599,-36.6889509670472,-37.5473111878137,-38.3588077204628,-40.6022874930979,-43.7887235770512,-46.5801843116519,-50.0078498136801,-53.5815095918425,-48.0666563820777,-44.9715013526097,-39.1540515442666,-36.8511659235706,-34.3961017073577,-32.8041010643959,-30.9347837471578,-29.3309191887111,-28.5764098175252,-27.8538220178586,-27.3774987428608,-27.521622239042,-28.0433013724736,-28.844584991398,-30.048904102633,-31.7557048509869,-33.4544827595718,-34.5809951408746,-35.5162029376892,-36.4590453033339,-37.3979587376198,-38.7031883177439,-38.5586085971024,-40.2465405125654
-34.8965248494502,-34.3677294613318,-34.3044832642344,-34.7116987688625,-34.4753585179739,-35.7696708776286,-36.9168737631973,-39.5420850345575,-38.458838644774,-40.1771781534605,-39.8540509929784,-36.6979847491325,-35.672526801855,-34.6849117211045,-34.273366439929,-34.0945504773677,-34.6277938197186,-35.7742041758817,-37.1207782139549,-39.2310308417133,-42.4262808213519,-46.7607144430692,-53.9586327232084,-58.499853010844,-49.2029311934086,-46.6977865112333,-42.6123640760544,-39.3219592556745,-37.1105952785553,-36.7971289783635,-35.7244721647614,-35.0905953454321,-34.9467888855737,-34.7783106804433,-34.5907679307199,-35.0693338928879,-35.5377322103592,-35.9014033147223,-36.769129418127,-38.6073948022535,-40.2493094004114,-42.0873778220858,-42.9034024278998,-44.0060307317279,-42.8640549467501,-42.1932696903697,-39.1662126609078,-38.6642788296212,-37.0237788289254,-35.2108286588895,-32.8728149500918,-30.7517323503518,-29.7877496538193,-29.0940106349356,-28.5683755087626,-28.7212870680309,-29.5324355266524,-30.6389708167925,-32.3153334397663,-34.6191213619461,-37.1889164986821,-39.189249762963,-38.9295385346656,-38.8204072596216,-40.1918649151301,-40.9105776118074,-40.2396562103491,-41.6453449104066
-36.1116059126718,-35.6141895523978,-35.2275453583941,-35.4132914974934,-35.2339010183419,-36.06724639472,-36.4135239979837,-37.751541814088,-36.1825307676736,-36.6578308214365,-36.8615574730936,-35.5050222917409,-34.8094539048622,-34.5365973130156,-34.8852522291923,-34.9570383361537,-35.4001865700552,-36.6088205366971,-38.2655520757076,-39.203820846258,-40.9445773417812,-44.0908054745609,-48.6631120560141,-50.6623108337233,-50.4192731559117,-47.6144335317885,-44.6009406804287,-39.4683466532006,-38.9907504617426,-36.617241408071,-35.2746347273322,-35.6562544008841,-34.8303567583516,-34.4277600036387,-34.4575970989249,-35.2565099737604,-35.5037805022592,-35.5096459001654,-36.3184694649871,-37.5792244385762,-38.1436213213786,-39.2781271693332,-39.7007388676567,-39.9621309760778,-39.1944119734323,-39.8193774042715,-40.114984154674,-42.2299504965086,-42.1671356871232,-38.8528245907772,-35.2057547783077,-32.2752147802144,-30.8486377425476,-30.0639237354656,-29.539209376575,-29.6298925679279,-30.5851760743,-32.0546122774037,-34.361225954611,-37.8164348656566,-42.5805441691067,-48.6847538671158,-43.3593699549838,-41.204492809189,-42.8591088303227,-43.6422821644313,-43.8146692172214,-45.1865218147633
-38.2383485338817,-37.9230937480736,-37.0675218433564,-36.6730408531363,-36.6308497309885,-36.6038814727422,-36.4360884869828,-36.5111840420336,-35.8710471651174,-35.4404414176679,-35.5145793184455,-35.3954279704905,-34.7138666074647,-34.795096392169,-35.457875135873,-35.7092853004768,-35.9214160455977,-36.634330186031,-38.2153191331641,-38.9230250447687,-39.8861436951094,-42.4734239006666,-46.688470590003,-50.1475528680156,-57.4362819796839,-49.9125753965263,-45.1071584402949,-40.1979913595924,-39.4291721351932,-36.2577291769436,-35.1026982798678,-35.8361343383702,-34.815524881866,-34.5672799494694,-35.108343500416,-36.2569272900818,-36.5924685921174,-36.5580049682909,-37.2972488102568,-37.7653999208429,-37.5365531463804,-38.0046366056877,-38.2747777584391,-37.9893640650419,-37.3127721614246,-38.1564651848663,-41.224607944756,-46.1283644895813,-55.5543879742485,-42.3778232577915,-37.035219881771,-33.2215907779077,-31.3794938043761,-30.4848458939382,-30.0196225881375,-30.0275127788603,-30.8279096422601,-32.2632623724116,-34.5353213649191,-38.4015975111244,-44.2364604498297,-50.9545742979468,-45.4094057693216,-42.3485834410246,-43.751487295745,-45.3720888898689,-48.7920793996722,-56.0050405116882
-41.9458964027844,-41.8912739262245,-40.1120539230983,-38.5729182509106,-38.4518383069901,-37.3431403460628,-36.9035012076046,-36.0783624702691,-36.9433157959246,-35.8595760916918,-35.6287693727787,-36.5073172890052,-35.6416913916459,-35.6199524931549,-35.9854563803442,-36.1971652953986,-36.2324923885501,-36.4519259774421,-37.7339700559372,-39.2271221437311,-40.3341236345217,-42.7340346715982,-46.4921612302264,-51.5970873734309,-59.9971051907329,-51.8786964237818,-44.3331603221367,-41.4390291297553,-37.9508320459325,-36.1071172822926,-35.2126487415715,-35.289272921523,-34.7566639150301,-35.0070190960103,-36.2984617466596,-37.9492871142973,-39.0321967010752,-39.6501645451187,-40.2191265553703,-39.2430163358499,-38.1968848230533,-37.8194252295559,-37.820882318238,-37.1973381875433,-36.7402848455543,-37.1861489627255,-40.3289779017195,-42.6704596735974,-43.7920391847284,-39.9788797020911,-36.5143940182539,-32.9656226949854,-31.1617385623052,-30.2872283981576,-29.9098559348393,-29.8747348714583,-30.3482166432897,-31.3374006846378,-32.9308682165156,-35.6008353420377,-38.7816581412904,-41.468669862874,-42.5362395493427,-41.5950887401573,-42.3781404973814,-43.1920507266007,-45.7924824345697,-49.9768195797536
-49.9603297196253,-49.2264629506477,-44.1282295275489,-40.5770093357799,-40.0086353371265,-38.0272965551695,-37.6347628681223,-36.5169809187584,-38.8882372985307,-37.9118745956558,-37.3973695819672,-38.9400326875304,-37.7583663785965,-37.0329497306925,-36.545101361854,-36.4846186370558,-36.5171815653386,-36.6640741802893,-37.6945093338112,-40.1733836848907,-42.075716326024,-44.4930479797969,-47.2207394776706,-50.1140440268601,-50.4812168204589,-48.324362777985,-43.4487611814076,-41.4731613140021,-36.6953157754408,-36.1482591157817,-35.2713600913568,-34.3165696338354,-34.5144318597168,-35.34046000584,-37.365363235614,-39.8716532546588,-43.2075806490551,-47.5762161003285,-46.2637746977634,-41.8067795358164,-39.6222757493306,-38.2010434658455,-37.7965130233188,-37.1685439405011,-37.2030160579949,-37.0810271671145,-38.5359940888702,-39.098094658097,-38.3068167936602,-36.3906058199211,-34.4787790890989,-31.940435171517,-30.4245903809884,-29.6480890287475,-29.337984719604,-29.3115012472676,-29.5403270393534,-30.1527620110643,-31.2717763802459,-33.025919048222,-35.0864063722093,-37.5073711218512,-39.5305624982971,-40.1222810899025,-40.2967493521925,-40.037763317428,-41.6813534589282,-42.2271063365544
-53.8586875288866,-49.6861767277732,-44.8027425843724,-41.0758637229035,-40.3352740019792,-38.4672883670395,-38.4785075146629,-37.9221134306959,-40.7030961347543,-42.1024737289216,-41.6965606913322,-43.1784082987225,-41.1908880076644,-38.8438850136645,-37.2318783515758,-36.8162477827098,-36.9300124258107,-37.4009610058046,-38.3006485789947,-41.1186142121966,-43.7781509487448,-46.8540854893961,-48.9041072763464,-48.4166842389624,-48.5796601506118,-45.2150463280308,-42.6141694121769,-39.5362453932636,-36.3222630355149,-35.9124525177645,-34.7967200740175,-33.3636468536639,-34.0055889879406,-35.0773852842872,-37.1505184321144,-40.1139533722305,-44.8718026656387,-50.2955945272712,-46.3998174973161,-43.1172142362616,-40.5165528165819,-38.3943161494015,-37.7197287858948,-37.5847452471618,-38.4821094140793,-38.1566191774993,-37.8774650576404,-37.6263877837576,-35.9496619425723,-34.2114499592823,-32.6827517435675,-30.8728431503486,-29.5554571264596,-28.8282276834001,-28.5419904495981,-28.5516205295536,-28.7263267901867,-29.2349430546266,-30.1969338736371,-31.4979551650375,-33.0941337212793,-35.4395634241226,-37.6765150919564,-39.0656346834313,-38.893110851668,-38.3054369922216,-39.6331873276702,-38.9219865928018
-43.6387218332862,-43.0034683548622,-41.7019984303955,-39.9992130111817,-39.5216161839788,-38.7905875922431,-39.2628336217062,-40.3202769611326,-41.5718792767619,-48.7247020148859,-53.6130600430926,-51.5805444103747,-44.9044686136201,-40.5291842350045,-38.0885036013783,-37.3413022681008,-37.4683005351081,-38.3363100673197,-39.1116625294557,-40.8626268006171,-43.0685328236407,-47.1639414641562,-52.5643286085494,-50.8511808968079,-49.6675011555442,-43.6960290492,-41.0986173325464,-37.4160355570754,-36.3406740548056,-34.9841331491618,-33.7632671055599,-32.659002036685,-33.2861120748352,-34.1565622872379,-35.5180794757543,-37.6158568856436,-39.7362090321043,-40.1506724439514,-39.8467107528023,-40.0727306634897,-39.2014716633027,-37.6548497184551,-37.2317312501685,-38.0508213246112,-40.0957686896075,-41.0518608240456,-39.2249126873987,-38.0218496479167,-35.2618015494129,-33.1070355526754,-31.4784783605027,-29.9882410248414,-28.7504595922138,-28.0149386423966,-27.7288436061641,-27.7833817092353,-28.06019705583,-28.6896984610112,-29.6906622099093,-30.8847847476042,-32.3909602643568,-34.7509829022308,-37.1755574965518,-39.0480843220795,-38.8200882706774,-38.3646924813018,-38.9459856207876,-37.6071160937396
-39.8704438578149,-39.747834218477,-39.3486010215543,-38.9219397326707,-38.5138835363282,-39.1512607518452,-39.7893321456242,-42.8588277638164,-42.3428107859328,-47.3262301044045,-49.8061980527721,-53.9990408254182,-45.0113805485549,-41.5715138983053,-39.0702907564442,-37.9556910522866,-37.9448772022449,-38.7539580850752,-39.0774981876931,-39.3207868508658,-40.9325788605028,-44.5733470745679,-51.401022763826,-62.1987210204821,-46.6043689360236,-41.9619203247411,-38.6878921053468,-35.8782958057052,-35.725587658321,-33.6312492354013,-32.6398319193282,-32.2566161564851,-32.5372943566401,-33.0197521600696,-33.6301836154813,-34.738058579132,-35.7887084923981,-36.0786898555989,-36.1275425346657,-36.3059110791955,-36.3424465291262,-35.9925269961808,-36.2394645899405,-37.9490869074993,-40.5669701008587,-46.7117659953435,-44.4994813990113,-40.2305454851126,-35.5073634732972,-32.4840775567831,-30.608268953426,-29.1797194173074,-28.0161119235178,-27.2920568053634,-27.0234180457086,-27.1320562558972,-27.5862455604235,-28.4446171566481,-29.5776300024097,-30.9305524989477,-32.6823175732006,-35.3086103655622,-38.231332348748,-40.653952863841,-40.6528694042691,-40.5106561993378,-39.2103367257063,-37.6737502232527
-38.2855662494026,-38.197985185686,-38.0652044997219,-38.3251178012021,-37.8619858954219,-39.3802099181535,-40.000014590793,-42.9245195814324,-44.1633938377017,-44.2689065292162,-44.1451746726417,-46.6358023717432,-43.7564919136675,-42.1911169225804,-39.9776959360021,-38.36151536548,-38.0536152625346,-38.1384861685738,-37.8116612857193,-37.5389002396448,-38.958146621015,-41.3428574375907,-43.8262030460593,-44.5268587604001,-40.8444407504249,-38.8799146079409,-36.2113538208144,-34.7944526273657,-34.1907697210385,-32.4244427754455,-31.8258704013163,-32.1076536621884,-31.9624523299008,-32.1196266654758,-32.2679823078405,-32.7203138875132,-33.4251714085108,-33.9286973272965,-33.9532141831907,-33.5618683210896,-33.6315920458142,-34.0699324351226,-34.8825569276488,-36.7100079031985,-38.6043712469862,-43.4161451028547,-49.2448385541014,-40.8402563194344,-35.1005601254451,-31.5719145266387,-29.6397352089912,-28.2932324156448,-27.2999177584353,-26.6771173495631,-26.478674093359,-26.6643495252515,-27.3020388208108,-28.3832518868512,-29.6797694827729,-31.3100673361126,-33.5032375417684,-36.753208603786,-40.8805471019833,-45.0003168644413,-46.0072060380827,-45.2828239306014,-40.1792748665492,-38.7072305412668
-38.0615898754388,-37.7135988445374,-37.5529754104391,-38.0063428673794,-37.6494132047355,-39.1480714342246,-39.9652579786861,-41.1906039845616,-46.5558756905885,-44.4998070774183,-44.3607633085577,-45.1837435688589,-44.3078936716046,-42.8270997276735,-40.3809274940893,-38.3136970873181,-37.5684512409436,-36.7798988072005,-36.1483829884134,-36.053196533029,-37.2638067048614,-38.3948211958662,-38.8756791711123,-38.3040158829572,-37.0094548076258,-35.8839160222194,-34.3465986479739,-33.9173872817857,-32.6173367386693,-31.7175224875294,-31.4911974745562,-32.1104540837539,-31.7181912373539,-31.7258478878203,-31.7141629277445,-31.7949917031231,-32.3067679698368,-32.8987480570984,-32.7946910474074,-31.9542723338476,-31.7863699251641,-32.4469054465856,-33.3846907005712,-34.6066819827989,-35.6532594440497,-36.9402532986813,-37.7033864864812,-35.9773839791384,-32.8021942657593,-30.0436370725441,-28.3846776050094,-27.3218925911167,-26.5932881912197,-26.1639921697388,-26.0982709060997,-26.3994485857054,-27.1908830544792,-28.4227049224032,-29.9050956307251,-31.7434479491691,-34.1813210417557,-37.8700898739688,-42.9432645376652,-52.1411570952209,-69.7352681175402,-47.4085059313355,-41.4291251545104,-39.7933571472937
-38.8449434602246,-37.9406152079317,-37.5534235772297,-37.7239048688736,-37.6959730059096,-38.4522124261661,-39.6416680286002,-39.9037189627259,-44.8539358283293,-47.4145840490468,-50.4540077758716,-48.3887231763087,-46.9122092801631,-42.9682986604509,-39.8743455421585,-37.8002830476014,-36.5621813601573,-35.2590082279264,-34.6998005375477,-34.9230162501658,-35.7216997009587,-35.9944483381943,-35.8136077464308,-35.132491034923,-34.8668961678298,-33.9886977812558,-33.3536457372069,-33.2266002415155,-31.7266350014135,-31.6490790226887,-31.6721610994076,-32.1962619622445,-31.9023465574611,-31.9849064182908,-32.0957440199385,-32.0701150295362,-32.3845215449777,-32.7964062381955,-32.4886186189486,-31.4457364223259,-30.9660932898333,-31.3850235292445,-31.9917661527419,-32.449166298489,-33.0151406162519,-33.07515021752,-32.6206987769772,-31.8334790502917,-30.1524238551335,-28.4275877052432,-27.13537640151,-26.4335614114026,-25.9684510797307,-25.75901669035,-25.8593209688784,-26.3126391443628,-27.2189732445746,-28.5326330580961,-30.248082394104,-32.2046115790125,-34.5628826584101,-37.8509741669799,-41.5402601164365,-46.2376021476787,-45.9220347647846,-43.1333974293189,-41.8566285011356,-39.5828296231301
-40.2077751855221,-38.5140685913265,-37.7619712048464,-37.380151779534,-37.6848165347876,-37.5856169205635,-38.8934264906813,-39.3037492807297,-41.0075813858502,-46.4441571195091,-52.7642989429108,-60.6103671847472,-46.1332332087562,-41.4749867708601,-38.6066915224152,-36.9443866785877,-35.3521608794857,-33.9682979463514,-33.6376825374136,-34.0846623464614,-34.370025644665,-34.287534364773,-34.1299834926871,-33.7959696962368,-34.1052675775117,-33.428938602497,-33.3492764015919,-32.9781783103655,-31.8186013945433,-32.2357138914022,-32.323620594811,-32.4048143641188,-32.5496176115728,-32.9586376066823,-33.5174549730735,-33.7700463040339,-33.8786955405783,-33.7220396375626,-33.0147482557691,-31.9716225570942,-31.1344920893498,-30.9533228897237,-30.9282609966637,-30.7609896607287,-31.0204156240241,-30.7471720480721,-29.9134555854259,-29.3527352751799,-28.3567692848952,-27.3349364217838,-26.327529307149,-25.8616688174081,-25.5589921103594,-25.5064910233629,-25.739504314154,-26.3380119119824,-27.3111150678963,-28.6733549980893,-30.654179307661,-32.8254912585453,-35.2825196912773,-38.2627996996149,-41.0478924456412,-43.4004107420849,-42.1459369236798,-41.061206658779,-40.6252504496193,-38.3214533815705
-41.3086788331806,-39.0037591203988,-37.8215974654442,-36.9491542418202,-37.3451647517983,-36.7697546095969,-37.7802407693334,-38.8746323076784,-38.4397672125796,-41.2542961660314,-42.4010602927164,-44.3403785688508,-41.1601111365942,-38.9969676510038,-37.1073800345421,-35.9002598644292,-34.2608827831192,-33.1123092960103,-33.0132530372782,-33.4840667730357,-33.3675477412745,-33.3618088550186,-33.6258145804612,-33.963971026328,-34.678934885406,-34.3547623925082,-34.4736839352467,-33.52927554484,-33.0360554920283,-33.3809505634537,-33.3083273019925,-32.8499855284885,-33.6006106895906,-34.5571932039662,-36.0225830442448,-37.4416592961479,-37.544044943822,-36.0719227228925,-34.3926459688189,-33.3065619081178,-32.0833967524225,-31.0851472796614,-30.3285381668492,-29.7271612092034,-29.7223067786124,-29.4946522535123,-28.6981414467473,-28.2572092532319,-27.6848724742059,-27.0896721840699,-26.2671467453756,-25.8176166583261,-25.5181719477359,-25.4868608173878,-25.7405752398408,-26.3877587595899,-27.3441372722715,-28.7132148279479,-30.8510379172419,-33.4159110737422,-36.57676092886,-40.6205887146557,-44.6894701640988,-44.5545665261175,-41.7351032316044,-40.5194989991098,-38.6968158112993,-37.1210038351242
-41.3660208192226,-39.1279733102471,-37.5813877716203,-36.4709435968641,-36.6657891906341,-36.117724836219,-36.6167658871336,-38.0438836503281,-37.2016851154993,-38.0720886271642,-38.4882674385409,-38.8162457039325,-37.8126005660709,-36.8519807504187,-35.7962036599326,-34.8703941048815,-33.4997323550158,-32.772270476567,-32.8387549184915,-33.1083957513241,-32.8693514714474,-33.2595088365007,-34.2304798177598,-35.624028426766,-36.8482802437028,-37.2006945470421,-36.9973065111969,-35.2341764575847,-35.4048318616033,-34.8302046659958,-34.4003127660763,-33.6186989519046,-34.8493314673943,-36.3144485255515,-39.0291716826943,-43.9916685461475,-47.0377300147609,-40.6020162424507,-36.40535788423,-34.7118688038073,-33.2440046262414,-31.5424553533082,-30.1941881933053,-29.3645011332975,-29.1199742579416,-29.0970622789652,-28.6837180825715,-28.4279804019622,-28.2394666886225,-27.9063569195682,-27.1719854524079,-26.4775449880851,-25.9792287894963,-25.7805704008655,-25.8861581140179,-26.39635618464,-27.2046971035984,-28.4628230592575,-30.4480036958639,-33.1875478368768,-36.7493792210145,-42.2420518849211,-58.1282632482674,-45.8445219457201,-41.6527649557307,-39.6309945183632,-37.0239062637979,-36.3199206842238
-40.7148846426786,-38.9555059398086,-37.2609428865131,-36.1264659795789,-35.9349283923755,-35.7451236847773,-35.7717414235309,-36.8823461792032,-36.9495285603591,-36.6634166661105,-36.9305796516795,-36.3353346968092,-36.1419663570047,-35.5334319940831,-34.9252093106426,-34.1026958433076,-33.1831923894604,-32.9349493395577,-33.0453993485078,-32.9773656167561,-32.9564323975832,-33.9458999363989,-35.8278635906385,-38.8495385376218,-41.4701260723649,-43.633243956716,-41.3934949114093,-38.4326784005678,-38.3157203533278,-36.2109983142952,-35.4089112408088,-34.7290976880766,-35.9763095183607,-37.3736093779387,-40.1244054440109,-44.0971635435767,-47.2239715823155,-43.6325544177923,-37.7427005581543,-35.1062483253568,-33.7423868756202,-31.9156320313188,-30.4016417372242,-29.6058121114206,-29.192055458499,-29.4063186444079,-29.7284227929752,-29.9066143983473,-30.2607307911849,-30.1272401161248,-29.3096559406931,-27.9887739424531,-27.0075222640621,-26.4081294987502,-26.1850726518147,-26.3589652091903,-26.8873578775356,-27.878111217216,-29.4413447030065,-31.8098918173182,-34.4221292088797,-37.2691635837743,-40.2208318032288,-40.1371555134034,-38.8792791812134,-37.5246009542304,-35.8648384522046,-35.8429582698557
-40.0076863506739,-38.7132857044965,-37.1835842244768,-36.1783870313469,-35.5694670814925,-35.8072911530311,-35.5455463551477,-36.0152501435427,-37.2685856812742,-36.5788448953964,-36.8312999729912,-35.6341216986128,-35.8106675395651,-35.1830039322876,-34.6852148148662,-33.8419772979623,-33.3626278906474,-33.4922260238333,-33.4558102831893,-33.115780044314,-33.5931281085592,-35.1650613931211,-37.724538616962,-42.0487973025412,-48.134861271232,-62.1705425638187,-46.3112619994895,-42.6531346415025,-39.6471283518692,-37.3220013940058,-36.3608645223885,-36.1793463144624,-36.8176800362074,-37.5699136304471,-38.982482728998,-39.5507103236037,-39.0085152474107,-38.7792860603407,-36.9598401258832,-34.7018148395998,-33.4537417042364,-31.9572285284938,-30.7995985558822,-30.3318998283578,-29.891822695577,-30.280194904923,-31.5967213185722,-32.8033694918364,-34.420609224573,-34.7185025942627,-33.1470495847335,-30.357090177928,-28.4778287992141,-27.2517902345716,-26.5809298308437,-26.318044774774,-26.5108705882425,-27.1605419467626,-28.2815338075827,-30.1103363193047,-31.8775729198281,-33.2942588239181,-34.8803347293461,-35.8635941877201,-35.8627334381713,-35.4890155398982,-35.2748789951005,-35.6133948004381
-39.4238107414777,-38.5501558772278,-37.539038552208,-36.8639672590526,-35.9720795704383,-36.5066399342056,-36.1816415217201,-35.9686186140135,-37.7494244096312,-37.4854518435213,-37.7912959835127,-36.3906828405392,-36.7440786391863,-35.9590625687498,-35.2772224170954,-34.2880917627972,-34.0320439379577,-34.2360700667417,-33.858215513378,-33.5207144158489,-34.5602267460397,-36.2047359349821,-38.1545275987225,-40.6001996586197,-42.8551055032831,-43.957714817973,-44.2033923264039,-43.2795415429569,-39.2190489546661,-38.3344148558866,-37.4722650878952,-37.9893932435404,-37.5762132331795,-37.7017731949822,-38.0414621828309,-37.7323355448703,-36.5341972922354,-35.8448291178251,-35.6376081414044,-34.5445208626792,-33.1764813330806,-31.9663641928864,-31.3889378036581,-31.4086327750898,-31.1330527350077,-31.5533846094823,-33.5623840387461,-36.4273643343461,-41.8994387043421,-47.447987810385,-38.2629351032032,-32.6882841120535,-29.8002820249041,-27.9952406300954,-26.9331057999312,-26.3122240906225,-26.2250100621018,-26.5805744623225,-27.3749947616901,-28.7884150033167,-30.2441218387147,-31.2580248991683,-32.5505117171171,-33.8515460342525,-34.3106208731374,-34.49385506043,-35.3452418067933,-35.6885079024474
-38.8859277959931,-38.5173545571221,-38.3878146655332,-38.3938639133968,-37.5859103378303,-38.1683820246287,-37.9414419270659,-37.0257304243117,-38.2628840862005,-38.9239099505736,-39.3958583685421,-38.7700219003686,-39.2468323228883,-38.2456246264571,-36.9399985210988,-35.5407721561771,-35.0950977248929,-34.9116532029145,-34.1625569328488,-34.1336039812857,-35.4235002451013,-36.3366099507663,-37.0881342823618,-38.2485131796247,-39.1761993063658,-40.5107922702654,-41.626662718899,-41.2171232868338,-39.151788637031,-39.538471690044,-38.9631605068459,-40.0600342031083,-38.6070163658338,-38.3486522426533,-37.9866969257903,-37.5374212775774,-36.3260387394527,-35.1178618794071,-35.2269852754918,-35.1060884597996,-33.5590953608007,-32.5158451252345,-32.3957853657314,-32.7488985107097,-32.7748675752452,-33.0359569328039,-34.4816153034023,-36.8545856017829,-39.5078258727347,-40.4765958372065,-36.5158002600105,-32.5942440700035,-30.0529073673605,-28.2669508624381,-27.0888705267625,-26.3486350915602,-26.1261600209692,-26.3088772329237,-26.8993063746412,-28.047389194614,-29.5184006346704,-30.6185183959979,-31.9321261296415,-33.5509292595299,-34.3619967548378,-34.9112716599114,-36.2799246330124,-36.2727274016172
-38.2713282132186,-38.5638308979858,-39.6769797532612,-41.0017824934005,-41.2870055134382,-41.5427582843645,-41.2189183061553,-39.2103647041418,-38.8845604664482,-40.1094223163996,-40.7790476992434,-43.6804294704021,-44.7409731187598,-43.0682894383892,-39.7658995611857,-37.3708656275493,-36.2983308695396,-35.3516819701866,-34.4355713137681,-34.8330202356536,-35.8026990104814,-35.9363163535999,-36.3140706697465,-37.4041311357142,-38.1898829002697,-40.0092297575124,-40.9147517397273,-40.3059267336891,-40.0825124093481,-41.0931508671321,-40.9642966013198,-41.9219122372926,-40.2198243677329,-39.7362875007505,-38.82901935028,-38.3208714838612,-37.5908802919499,-36.1206109539414,-36.0374527293499,-36.4327189424537,-34.9518326134973,-34.1161720424939,-34.16643343177,-34.3616658894718,-34.616574496908,-34.5350569519638,-34.4365478801993,-34.8073009695305,-34.736868477781,-34.0665209051907,-32.66985584147,-30.7865584918565,-29.3030273759731,-28.030469370118,-27.0251775780765,-26.4229520904572,-26.2406081970982,-26.3967517885232,-26.8855990498354,-27.8777719037593,-29.5005932070613,-30.9589036210528,-32.4543248554944,-34.5770205757291,-35.9793671582321,-37.1514502955047,-38.5144101733489,-37.7216619028636
-37.4364753158421,-38.3979912666809,-40.8637977638963,-44.3041844756162,-50.9363754041769,-49.3370117574154,-45.888526757848,-41.5873581134748,-39.3006903594815,-40.2561388880301,-40.8216042600443,-48.0547577060408,-59.5949377357402,-49.3098463619419,-42.0280392611435,-38.7085749763829,-37.224594584876,-35.5583536971712,-34.7802053332597,-35.4741356142823,-35.7920357621111,-35.8180032326692,-36.5650067452866,-38.0490473346161,-39.0209808839863,-41.1665353672995,-41.5609532388021,-40.6495949677808,-42.017864231183,-42.9522146584378,-43.4637186217841,-43.2838715433226,-42.8299159619014,-42.1820625209357,-40.701609886995,-39.7993393057291,-39.7845217999094,-38.6186908683687,-38.0099404869023,-38.442293067356,-37.6783476675341,-37.3478349486918,-37.1264609945517,-36.3645418315833,-36.428034008465,-35.8824720950029,-34.3921857712183,-33.5818424789606,-32.7676076139657,-31.6851793928229,-30.6494062987831,-29.3903267373012,-28.4540771306101,-27.6141162033826,-26.8815571895048,-26.5507310604271,-26.5444219768382,-26.811791382666,-27.2986612116359,-28.20911493556,-29.9661849046081,-31.8660700383759,-33.577378694157,-36.2539280012727,-38.7621709095353,-42.1313178224554,-43.2585574774588,-40.5647448035723
-36.2598511265163,-37.4788730613072,-40.1942505965105,-43.5186590395495,-47.3871113613976,-48.1739901759881,-44.5518867208306,-41.6184377277148,-38.8849328556897,-39.3482168232034,-39.7303666387906,-41.5892647937188,-44.2531530858869,-42.8772824401249,-40.5114625047589,-38.5805371399008,-37.5774728021061,-35.6661941152019,-35.2780251185383,-35.9712182722181,-35.7815479285727,-36.3459445261515,-37.9096246468705,-39.966607047627,-41.2411914934381,-43.6631425977873,-43.4569569846808,-42.2294412698033,-45.0931490661779,-44.7101284085721,-46.0914955576847,-44.9874723247021,-47.5494107384421,-46.712089325707,-44.0358033656819,-41.9232056757026,-42.0184554041607,-42.1549115397243,-40.717436284509,-41.0321519918256,-42.3372139583762,-43.6160702881914,-42.0910100543471,-39.0105536999926,-38.043151715305,-36.9572062592814,-34.7350106078477,-33.3938224865701,-32.3236232045853,-31.0576632264511,-29.9518934234174,-28.8517142947827,-28.01057715566,-27.334389348248,-26.8298633456458,-26.7602189669736,-26.9821028850521,-27.4652076188542,-28.076567402715,-28.9726917880538,-30.745720272373,-32.9926456629476,-34.8192717362616,-37.3640727875405,-40.3849987170473,-46.9688109522405,-55.7581837959278,-44.5163258779781
-34.7848566156627,-35.685797021088,-37.3412720008817,-39.0097948710087,-39.4027113853924,-39.7943862170889,-39.4662013983234,-39.4847418577939,-37.8110725349858,-37.9674146814712,-38.4751555015456,-37.8734062769781,-39.4304746226132,-39.0757171387567,-38.5105750927892,-38.0734690855474,-37.563700363439,-35.9050661039209,-36.0134138764922,-36.3441487962807,-36.0440410689651,-37.481562517991,-39.8918955347288,-42.1013614034712,-43.9807801261638,-48.1517519957084,-47.4291792166616,-45.7891048851557,-48.3083055282056,-45.6678750216409,-47.9080517783017,-47.5334055798126,-59.2108187705694,-57.1767632776205,-48.7022513813362,-44.5222641902326,-43.2386401773412,-45.0409958674857,-43.0460457547988,-43.9580539761511,-51.3698608216772,-58.7448786497284,-51.3495823230714,-42.4159286716001,-39.3529964219122,-37.6898150828924,-35.5221994391292,-34.1023423174841,-32.9914905172704,-31.6319598625316,-30.2432693528894,-29.1008720736177,-28.0682970837745,-27.3246731150639,-26.9517049823454,-27.0446882430904,-27.4643108703039,-28.2195423654147,-29.1415409270176,-30.1531702405819,-31.8945579373324,-34.4430401821181,-36.3451664889188,-37.7906241201908,-39.5029833972469,-41.7321515644923,-44.8796062240205,-42.9938869545353
-33.2397390378712,-33.6245752774996,-34.3108901325363,-35.2887580936997,-35.5133840759268,-35.5835567592971,-35.8256245237188,-36.8298077120195,-36.591464865434,-36.6084385120668,-37.4134653357596,-36.5103711034109,-37.6071363777964,-37.9194488196013,-38.0406363799624,-38.3708180207254,-37.7329349893479,-36.5565372626724,-37.0357887751705,-36.6717192369231,-36.6310580430205,-38.6758354118307,-40.6442785627114,-41.8240994508705,-44.8871641664412,-57.8579718087653,-55.1725709461742,-51.2432138709169,-46.5599757434744,-45.6369977488063,-48.0023665412666,-46.9858847016324,-50.8020491742777,-50.4331441891657,-48.0370157598099,-46.3507941805572,-43.3190453051811,-44.7060524109512,-43.9806713785993,-45.6601352957209,-56.387833954652,-46.5091243709974,-47.4548071096689,-43.5081256682027,-39.8328059192453,-38.0116167766267,-36.8593105303699,-35.9640495948261,-34.9915419421041,-33.359904975656,-31.3893147036058,-29.9645866650876,-28.5204472343344,-27.5483430208606,-27.1990970344079,-27.31907808963,-27.8507920265989,-28.8796005328026,-30.3563580343461,-31.783863721645,-33.8212915815971,-37.0682607228479,-39.2023372339287,-38.8515044008559,-38.9079701862767,-38.8938581170379,-39.3039688604407,-39.0187302516015
-31.8829930989965,-31.8740004916933,-32.001879692321,-32.639970455762,-33.0950045021353,-33.0482851930715,-33.3427907280807,-34.2455126163461,-35.1838815487636,-35.4326529055216,-36.4633101384941,-36.6974959059852,-37.4940950382931,-38.6696703112728,-39.3846240556316,-39.9652781389629,-38.6211986334815,-37.8500729171807,-38.2469120549599,-37.0136436811271,-37.3667175601263,-38.7925533535814,-39.1221051641765,-39.9153518113708,-43.1736003960976,-48.8933822480452,-47.8694594207126,-46.2987369802922,-43.2998671189348,-44.8339788588132,-46.238728799478,-43.5355850238039,-45.0552247822559,-44.8720862831241,-44.5652868815255,-45.7652391949888,-42.9315878605505,-42.2747356620456,-43.456749566242,-43.9757316774355,-44.9400483197057,-42.4498194215572,-41.5521006148445,-39.9323230658568,-38.6924832486287,-37.8133646677946,-38.6795254891558,-39.7955471884605,-39.7076237714681,-36.6341128881173,-33.215548974146,-31.019732405151,-29.0318834866494,-27.8043072030245,-27.4020912381547,-27.427933759977,-27.9640381145894,-29.1940597064062,-31.357437981579,-33.6250369973879,-37.0652180688983,-43.3383311017953,-45.3394226826239,-41.004075687609,-39.2937770279944,-38.0555388736701,-36.9515370465718,-36.9230459556349
-30.9024007206986,-30.6845025724499,-30.5305139026811,-30.8814693354726,-31.4792560246817,-31.4985481250582,-31.7468643146518,-32.2162572136659,-33.569919244461,-34.3852866941873,-35.5206868263723,-37.5182281218379,-38.4477294999368,-41.0708719375463,-43.1154224766636,-43.555463195366,-40.6352289085999,-39.7806711364498,-39.3280670120332,-37.3716392092789,-37.8829371319425,-37.6909458558902,-37.3932109995497,-38.5068997236007,-40.8930881064108,-42.516013760813,-42.1940570232501,-41.6745774772862,-41.3883319640077,-43.3540095485895,-43.6694045013038,-41.5183821545011,-42.9822502575234,-43.0569565096451,-43.1549568245081,-44.2456685503621,-42.8008412882965,-40.3411224413269,-41.9101353449391,-41.3680975023294,-39.9830583582216,-40.4768455928316,-38.6070409424704,-36.8076451683443,-36.6716104693882,-37.0651899042232,-39.6397059893383,-43.9287984874463,-63.3840889984278,-40.8264879106157,-34.5732606402802,-31.3262354637132,-29.0358792914598,-27.7716694828947,-27.3267960312596,-27.2213728779738,-27.6772907232791,-28.93908574948,-31.4205615893635,-34.2152134926553,-38.9769477110134,-51.57459776562,-44.9801287605331,-41.4317671935909,-39.3774407326528,-37.9243939117821,-36.3116980775368,-36.5039729422934
-30.4220488772835,-30.1250557050434,-29.8563864091578,-29.9175277634977,-30.4575632026021,-30.6656906928724,-30.9176125538853,-31.0412658782842,-32.1882493371257,-33.4672786937898,-34.679817797109,-37.3499079230312,-39.2421450017476,-43.4520214424679,-50.2148959000638,-52.6223397077298,-43.3613330987819,-41.673687716093,-39.7946653062753,-37.6989449524168,-37.9159849223718,-36.5615459375299,-36.5529886923532,-37.896562645079,-39.1336202238258,-39.2845539204826,-39.4489050320996,-39.5016290065886,-40.4168587750574,-41.6796376111258,-41.5333042748888,-41.2556877868445,-42.993754541027,-43.536933088357,-43.840596351482,-43.6098136243132,-43.3406553406564,-39.9171180884558,-40.4373335443395,-39.6079955499621,-37.2223757540551,-38.7661431854043,-36.9804210813362,-35.1094902238271,-35.033209907421,-35.9853904483094,-37.9741649304609,-38.7082672115048,-39.5535745838783,-37.3007339057848,-33.1915517874522,-30.2374820860605,-28.2361893761561,-27.235780959007,-26.8119019644225,-26.6471719429813,-27.0055713991212,-28.0877731374036,-30.1724464874083,-32.356416392087,-34.8274376628522,-38.2652566036304,-38.0436162262188,-38.3604975804702,-38.034721552972,-37.7357439643093,-36.9058172289655,-37.4698571467886
-30.5372788126707,-30.1998094069379,-29.9135124684769,-29.7022814594896,-30.0028499974501,-30.4344406727724,-30.7884682442995,-30.8250612787186,-31.5139250918527,-32.8808309994376,-34.1731519738539,-36.0297219044272,-38.5110349584968,-41.6831171334483,-45.9117861695476,-49.5878959893031,-42.9466378979115,-42.0193830527061,-39.267528041691,-37.9483145365324,-37.6298545417099,-36.1768984639084,-36.7681887989852,-37.9316851446288,-38.2262945701667,-37.8061817809295,-38.3502994361532,-38.6873650029609,-39.8635747067587,-40.3841418547421,-40.2805050785645,-42.3304398687083,-44.5463249985394,-46.1448053211577,-47.1520760788086,-44.8364411758446,-44.2564135999929,-41.232505656505,-39.7672726793485,-38.7241239678086,-36.0457891371782,-37.1593005241915,-36.008116788221,-34.5999501587586,-34.2607984754365,-34.9697169913154,-35.448512183546,-34.4839833113784,-33.7302840141279,-32.4401079420396,-30.3865007590789,-28.473218490957,-27.0013513797759,-26.2988606136449,-25.8976965419906,-25.774311490118,-26.0771958489242,-26.857159617015,-28.2737105717978,-29.8268866237711,-31.0640310581193,-33.5730400697836,-34.46172643663,-35.5628934816075,-36.367692744407,-37.5328710098025,-38.3863357373032,-39.5308937170482
-31.3346952958686,-30.8876446595075,-30.6120719943505,-30.1939486218149,-30.1582701553335,-30.7601233084755,-31.3137987007748,-31.5932774747292,-31.833969742725,-32.9334337646097,-34.2205881381829,-35.0403124545909,-37.100300892448,-38.7570483871701,-40.3626527838058,-41.2359176215371,-39.7066038859387,-40.5156547035494,-38.0235764702418,-38.122427056847,-37.4516718106932,-36.8571927143563,-38.0950258859206,-38.6040486536676,-38.2661591146411,-37.661311904743,-38.3568129227371,-38.6058457148197,-39.5760385587727,-39.6560838250173,-39.8604054712371,-43.7899437432842,-45.9892268391187,-49.34075936321,-55.9284952889988,-49.462571154987,-44.2741807796165,-43.4102576307257,-39.9969891422887,-38.2853190821493,-36.1800945790949,-36.0369531820797,-35.3991566957582,-35.0234256323496,-34.4200819192556,-34.3973857927054,-33.6358347492956,-32.3728858264486,-31.1159983456601,-29.5828121557393,-28.1381679274937,-26.8676274792547,-25.8133290762936,-25.2335460189368,-24.7930507438139,-24.7454421769357,-25.037924797455,-25.5416523010762,-26.4641568438667,-27.8109231315084,-28.8093881045961,-31.1474853750979,-32.5715136947784,-33.9254766065345,-35.4060451783656,-37.6181387809962,-40.2441717861236,-42.0297806909966
-32.8821851634712,-32.1393540390791,-31.8089686169163,-31.3127887354259,-30.9703367412663,-31.623221373902,-32.4520659847187,-33.3427729089764,-33.3685027313641,-33.945557014039,-34.9999137621714,-35.0902034718717,-36.2405789518552,-36.9034658309288,-37.3733271939525,-37.2815010987556,-37.2389867260533,-38.3245553659928,-36.8513867017234,-38.2620190465517,-37.8273302169949,-38.9631919160305,-40.7243956004289,-40.2131902888939,-39.2567948580763,-38.6586372605892,-39.0719910654186,-38.9578882797176,-39.512340120224,-39.3712877361573,-39.9731095758213,-44.0186632055675,-44.4516194100387,-46.7498720883788,-50.2736417071134,-51.7699895062206,-42.9419893153984,-42.8003127481441,-40.7414689791563,-37.8894059878946,-37.3366886794282,-35.6780908672636,-35.2446093308313,-36.1255061628616,-35.4507675301869,-34.5629877339414,-32.8954783028058,-31.6734211444757,-30.1441261925155,-28.2087333070593,-26.8100312006913,-25.7159175949989,-24.8853209818014,-24.2524668922579,-23.7291084345256,-23.715231556689,-24.0038653586879,-24.3572152998171,-25.041022383739,-26.4190102544687,-27.5629515776647,-29.7851929795168,-31.6574454598094,-33.2964127025165,-35.4150808549035,-38.1390531232454,-42.1096317137174,-44.1275416399743
-35.1388716475954,-33.8421747549601,-33.2797230415093,-32.8874696865613,-32.4294250425315,-32.9770426066216,-34.1191357377351,-35.9593357887417,-36.4593392049788,-36.3437705107355,-36.7392233995555,-36.2921551376555,-36.218363627474,-36.0201613959432,-35.7198718637886,-35.1443322121364,-35.77746990851,-36.2761713081933,-36.278901517213,-38.351648372224,-39.1790370936533,-43.3407524033433,-45.2764945924392,-43.488389444757,-41.0596805334845,-40.508021193794,-40.0038755730697,-39.4861916584329,-39.3014759042668,-39.280933257993,-40.193428999928,-42.7508666385266,-42.0186112022984,-43.2712612698176,-43.9800146113936,-43.9359003902173,-41.4985439161561,-40.447900834084,-41.064043174683,-37.6285746092764,-39.0278028187586,-36.2416059146055,-35.873371705209,-37.636950407727,-37.2361891856471,-35.7251111387314,-33.417397724653,-32.0932917135604,-30.2897178926019,-27.9729959552529,-26.3285848546269,-25.0566076747832,-24.2442800422154,-23.4607552002409,-22.8612725273433,-22.8073814563538,-23.0630432096641,-23.4098911522763,-24.0431473208455,-25.5008702494684,-26.8751759572211,-28.9172232966628,-31.336966181055,-33.4814556967664,-36.3840654598172,-39.4057939550536,-44.7054537201127,-46.465078941455
-37.6405280687591,-35.7554908165565,-34.7488666665818,-34.6020747721697,-34.3769233445296,-34.6602682576079,-36.0411424632338,-38.7734723093384,-41.7687570642891,-41.1552717404498,-39.9329007817547,-38.5225820478179,-36.8189451817445,-35.7671676480453,-34.8958300053609,-34.1338428045624,-34.9349029216866,-34.7919306134725,-36.3053848907379,-38.2129849476189,-41.4583814117761,-48.7095214275133,-52.5513611496707,-49.0342868187123,-42.8194486307162,-42.2268603122165,-40.4090347308053,-39.4859521708094,-38.6438347934655,-39.1836260333126,-40.2291559970405,-41.1090345816566,-40.6116670859063,-41.5087883273771,-41.2831563999473,-40.2351450199594,-40.6966303259545,-39.2600615662433,-40.372445108871,-37.9822706886426,-40.5543505236421,-37.8486784756105,-37.6319366763476,-39.3290630887531,-39.6171937016457,-38.210692843144,-35.5755997879456,-33.6036152865099,-31.2155841202918,-28.588486693141,-26.5202187969803,-24.8437586304526,-23.8494848866627,-22.889251826686,-22.2513313036896,-22.0966341605751,-22.2823410834312,-22.7226443775566,-23.4056692584834,-24.8701073560035,-26.4091117804304,-28.267071251877,-31.2989984136594,-34.0769976744625,-37.7794856134319,-41.9511083199221,-50.6215123925804,-50.9657158012462
-39.2577388108579,-37.4920117269662,-36.0237191350964,-36.0342464249587,-36.3657023785386,-36.2978085165516,-37.5334474479241,-40.1088638368319,-46.7697564595843,-54.9104602461896,-45.5708572664047,-41.0212917642873,-37.4177788036278,-35.7496700823092,-34.5827784451194,-33.9051140616492,-34.4275504874693,-34.039692094496,-36.3694873703026,-37.5881974654725,-41.5430525493227,-42.924385128338,-47.8973967933825,-45.982195706233,-42.5687316180992,-42.116558780544,-39.7498430523648,-38.5963198106638,-38.0035954638068,-39.0648466686967,-40.1523717211002,-39.8973114383532,-40.3748475207358,-41.1113524882921,-40.507102288855,-39.0639631664532,-40.6930573611895,-39.4520864534126,-39.4946307707338,-39.377220384363,-41.4202165891961,-40.5663576905267,-40.7518205792012,-41.0967740915456,-42.4281562907202,-42.6401247729771,-40.279703976544,-36.3161145676188,-32.5519327151671,-29.5908499596607,-27.0881021055763,-24.9752179664028,-23.6436141200168,-22.5213900936133,-21.8847486795126,-21.608721854932,-21.7049530927004,-22.2647729282259,-23.024218868837,-24.377431536385,-26.0225797632748,-27.8086543667414,-31.2396884931857,-34.2608780187668,-37.9242860232789,-44.0786532073602,-59.4210331994365,-51.8922132732294
-39.7232673791826,-38.7340772550459,-37.1117488451499,-36.8984494049513,-37.6835988817992,-37.4098908698866,-37.9208771979428,-39.6324597729358,-42.8274364648386,-46.9056705697187,-46.332520293275,-41.6326850762963,-37.3256697889914,-35.6337441409502,-34.5461418450711,-34.2173377833189,-34.1923401520187,-34.0156684553857,-35.8165326119231,-36.5190858392773,-38.1453199907429,-38.5978209873463,-41.8707518252852,-40.465593033539,-40.6254919416959,-40.373865328159,-38.5397303123695,-37.7565568596889,-38.024956564193,-39.1653828421679,-40.325283538248,-39.6340776086193,-41.1919666565857,-41.7196763298928,-41.115995038096,-39.7907458718004,-41.5081122417625,-40.7688068917988,-39.4411984698335,-42.0079706780537,-41.7055598637572,-44.2100211833683,-44.8328539471974,-43.031418044191,-45.5925551804459,-50.8593499001855,-47.9911004916591,-39.6616334261071,-33.8291710421979,-30.31207925872,-27.6021269222302,-25.2749817807899,-23.5629609990566,-22.3126681656203,-21.697558103324,-21.3278028869241,-21.3437355156959,-21.9738078833957,-22.7937385224396,-23.9668143598408,-25.7614324956582,-27.6096861487639,-31.0073393214274,-33.6809911537113,-36.563668526414,-41.1365199289315,-46.902551127347,-45.8567779323761
-40.2692953626054,-39.5571108563177,-38.1515920576183,-37.3070887929095,-37.9292510907753,-37.838340753074,-37.5686373309036,-38.7296705210532,-39.8232774967448,-40.4948730691749,-40.3758997747762,-39.9387458958778,-36.745195689042,-35.4708042245011,-34.7544312012977,-34.9135322293153,-34.3323807717284,-34.6087783507924,-34.9341019278675,-35.4411118235216,-35.3792434942834,-36.4145721893939,-38.1392865265791,-37.3496180672252,-38.7258990362218,-38.3969976537887,-37.6365928832967,-37.8027795824943,-38.9013536518051,-39.9505651127037,-41.2995099205818,-40.7656221847735,-42.9775459862858,-42.9893543534013,-42.7179354683922,-42.2653018160289,-43.0844338644263,-43.1197456794708,-40.8303039928472,-45.5242726752574,-42.0764558848291,-48.0353698911581,-47.7097293757055,-45.5134192319605,-49.4196698172002,-62.7737730564704,-44.066784679095,-40.2226150000169,-34.5737783346346,-30.4955920779825,-27.7559591649804,-25.50789114546,-23.5357787106407,-22.2136512118617,-21.6104511435566,-21.2072867060321,-21.1782850863028,-21.778743365542,-22.6407364515874,-23.6721616998238,-25.6972614376984,-27.6494573604057,-30.7551244432922,-33.1834828712636,-35.6628958948773,-38.4196840597446,-43.0561967234378,-42.6945130243097
-41.7820611194356,-40.3190488598074,-39.2196125712529,-37.6601701788384,-37.4983689069172,-37.80832934727,-37.2498783897694,-37.9208081326985,-38.2902483138218,-37.8918281977383,-37.1140715626649,-37.9686166622335,-36.4323469494877,-35.6874126728271,-35.4463293720049,-35.9614216961528,-35.0070952450017,-35.6663317228922,-34.5008219960592,-34.805255723981,-34.0479779367088,-35.3987545268715,-35.7162047786278,-35.6793982952788,-37.2089745320062,-36.8289367453601,-37.4213308542204,-38.7003942268416,-40.1815977063157,-42.0397107193083,-44.00900308468,-44.003980568992,-45.6632456524836,-44.4476255430652,-44.657868201081,-46.3586468741924,-45.0691527766948,-46.8606607958321,-44.4256233337313,-48.6895909592202,-43.5325243639409,-51.0815300710235,-49.2483642811695,-49.0526962457263,-55.6023825714337,-54.961876949212,-41.5913946431756,-38.6022101743275,-34.5808432932167,-30.5291926417895,-27.6467024531601,-25.5011472001339,-23.4947250915634,-22.191154170935,-21.5654728070148,-21.1863937198532,-21.1606348230776,-21.6312575265532,-22.5367411320957,-23.5410753685432,-25.775491771503,-27.7688513469884,-30.7535701397698,-33.584402880238,-36.2798080190847,-38.2075322989744,-42.2037785845598,-41.7023745047447
-44.5560310376667,-41.2924810387496,-40.1543605217256,-38.2902997045778,-37.1200211479464,-37.605890954394,-37.2855440342088,-37.2789212766934,-37.4010412522766,-36.7779693857607,-35.7310524720681,-36.635676847196,-36.8194259085136,-36.7257546384008,-37.0122910603218,-37.4976623262032,-36.4307017355174,-37.1116735898576,-34.9375369263246,-34.8656856550551,-33.9486385351458,-34.9800233228311,-34.2608860795184,-34.9098665617306,-35.9022795407955,-35.8932453074176,-37.7718999361427,-39.3457427069285,-40.8267945492311,-45.8222775763774,-51.3876775763574,-52.1638023564063,-48.7367131055961,-45.4913720162034,-46.0645256743074,-50.7075636631991,-46.5972362933184,-53.1161195544516,-52.4878808059522,-52.0678267962165,-47.3048332811343,-50.9285566670029,-51.3516161442176,-51.9759210724579,-59.8346963494361,-56.3543319147232,-42.8910038345524,-38.1462426303139,-34.0941603859609,-30.6086759724898,-27.5153720815055,-25.286604717444,-23.4129342213458,-22.233365755306,-21.5467799611097,-21.2129699039151,-21.2308523523011,-21.5318463946763,-22.4860075083933,-23.5623168030201,-25.8029828177826,-27.7872441443435,-31.0338230403336,-34.9497784787397,-38.7267712926232,-41.3946465266863,-43.3396368883956,-41.962060763229
-47.540408910913,-42.4070754964292,-40.6383888576425,-39.2102576182203,-37.3071389910288,-37.5163719554379,-37.653714230453,-36.9908253469037,-36.9267133555054,-36.5889227588587,-35.7549852415863,-36.1904052191878,-37.9505392723325,-38.8332168369309,-39.8576729609275,-39.9114264824397,-39.0478737243184,-39.0745385593835,-36.287704240153,-35.6476144804815,-34.7565768801779,-34.7999535827422,-33.6081002984945,-34.6448453236585,-34.8190724930875,-35.6401706526848,-38.1058512106684,-38.7870734794976,-40.6244217600516,-46.6423184728231,-53.7975120353121,-55.3587403235721,-49.2035645712422,-45.6798399917354,-46.3051175727752,-50.8511948483569,-46.994178727897,-65.3873117789298,-53.4185446507027,-56.8580282358607,-55.4693165509591,-47.7539970773683,-51.5017305317728,-49.8173305727754,-50.9071323880123,-66.2809208379245,-45.2517399965797,-38.8034727872221,-33.5164052041638,-30.4514003421896,-27.4058330723526,-25.0493738627782,-23.3318110411569,-22.3368846405418,-21.5713832201758,-21.2630845728306,-21.3382667342922,-21.5253560851381,-22.5037537281643,-23.6672902960863,-25.6307102942085,-27.6816849378503,-31.1722226568985,-35.8212280069174,-40.728926812731,-52.4371606780801,-44.7083466570516,-41.663758113451
-46.8699836321818,-43.1083805376353,-40.6996922380273,-40.0484559477446,-38.2238119831874,-37.8066021680778,-38.258578057783,-37.322874134578,-37.0908674677721,-37.2458085129203,-37.0559276685232,-36.7633252710771,-39.5043255382081,-41.6236991779276,-43.738175722649,-44.1130345849806,-44.1577873562944,-41.779050490278,-38.0582023229358,-36.7466483292284,-35.9009327790981,-34.6825730920546,-33.6269369895507,-34.5582253459109,-34.2065849820786,-35.9671968735173,-37.8979328579503,-38.1498212039965,-40.4969450708343,-42.7575728736781,-44.1723717573455,-45.356868728224,-46.1114919144665,-45.0090580824498,-44.993903648326,-46.9729587713859,-46.3608264468909,-57.1621179426815,-46.7537851421965,-49.8945811705638,-52.7195434843972,-45.3898366229218,-49.5698885600656,-47.0195280207884,-46.5770472402473,-57.0667173556627,-41.8442924880635,-38.4729093861074,-33.0586682651749,-29.9471518479123,-27.2401324805296,-24.9538239769266,-23.3379705928144,-22.4905683586184,-21.6609732855075,-21.3431876178098,-21.4584125457578,-21.6639777231359,-22.6041121709757,-23.8086648735994,-25.3729783809161,-27.6012056198808,-30.6941593648781,-34.473279627422,-37.7098571507744,-41.9606428936345,-42.5298750311163,-39.4938547629836
-44.7439097548614,-42.9500514635863,-40.7846741061853,-40.3999256238801,-39.6455915170817,-38.6001726231905,-39.1088412260405,-38.5481910270304,-38.3694140660514,-39.0162433576909,-39.7151111632906,-38.4597903897517,-40.7467892235123,-42.8161482163505,-44.315983768961,-49.9255236144691,-52.2719200019246,-43.7165593006911,-38.7337024759963,-37.0785663342699,-36.5202169231237,-34.5361472615372,-34.1756139471023,-34.5324899501188,-34.3335408511047,-36.6347465685953,-37.531885977047,-38.5450010478257,-40.9939267697351,-40.5570360968248,-40.8544658533699,-41.6384738601142,-43.1844842415667,-43.8297441849629,-42.9586403016376,-43.145267707612,-44.8822200855219,-48.1157712955775,-43.9497184387595,-44.3672882368705,-47.0197897548487,-44.0888309019337,-46.7092200800092,-44.9647208031379,-44.23956118677,-48.7702959974542,-38.5656773380329,-36.6837782333005,-32.8023665456298,-29.5616596415784,-27.0843881678336,-25.0563712496618,-23.5021216940277,-22.6703020550681,-21.8175339465098,-21.4728105015207,-21.5958702200719,-21.9643912798606,-22.7992537681879,-24.0338358272579,-25.332504156363,-27.740426387316,-29.9693693821829,-32.8223049228299,-34.8496742341302,-36.4351376419249,-39.1764263874647,-37.104490706998
-44.1137673328905,-42.4310245909601,-41.1753905668645,-40.359586881601,-40.9065027865484,-39.7416100490628,-40.2268921622513,-41.0520004625864,-41.6643414749399,-42.8135301604368,-43.9872213980446,-41.2612037417929,-41.0655151576837,-41.3366907488542,-41.2759964277011,-44.1406168472924,-42.6225461821149,-40.6957602324964,-37.5653053619347,-36.0994078166794,-36.1265381086263,-34.3372814348216,-35.0667306788999,-34.7518566285706,-35.402834524432,-37.4535863252395,-37.8029929311831,-40.2557432553729,-42.1541803921155,-40.3344218255557,-40.0862049578811,-40.1455618538114,-41.5024870472804,-42.6466362004122,-41.4631448362389,-40.6342689156293,-43.0213177484579,-42.3648713331324,-42.3345343381848,-41.1532117652689,-42.9484878128061,-42.7185989259849,-42.5522939816523,-42.9143382122086,-42.5171081501049,-43.7145350815569,-37.6027189011674,-35.7272927674425,-32.9505868479931,-29.8113043670773,-27.1745371494867,-25.314906011081,-23.8266341789729,-22.8456734063242,-22.015558377445,-21.6613050690543,-21.7697472238568,-22.3809129349819,-23.0968257387934,-24.4546894404346,-25.7606337312519,-28.2820456078449,-29.8463075848299,-32.45233913816,-33.9268819369193,-34.4865503194068,-36.878517691943,-35.5979874746964
-45.1800501265451,-42.1839137218994,-41.6630573292658,-40.2441665774512,-41.2478411478108,-40.6939178034131,-41.1361682880195,-45.2600466037539,-50.4655421328462,-52.5405027279176,-48.0329823659447,-43.9856154713625,-40.428464365264,-39.1888559027623,-38.6622630786717,-38.7621716875786,-37.3172578281424,-36.5375622689478,-35.8803585380743,-34.7202203001547,-35.0314070949862,-34.2500609284172,-35.9962966596157,-35.5651105439989,-37.583381375095,-38.6531807109057,-39.3055023036923,-43.1157193072017,-43.6778351054705,-41.7169514015246,-41.1390491158519,-40.3993092941876,-41.2595901833463,-41.9899101800505,-41.0001597894775,-39.5219196667905,-41.2553795952223,-38.7910780011932,-40.9577487727033,-39.0292906703049,-39.299359336934,-40.5890978861969,-38.8949439511699,-40.737763195916,-40.6493195156811,-40.5597603287639,-38.941116535084,-36.8939375126052,-33.8814676852355,-30.8440022451715,-27.6679304176383,-25.6326053578418,-24.2261095568475,-22.9905990464274,-22.2131139662476,-21.8929028170248,-21.9877141569329,-22.8033578549217,-23.4824120729916,-25.1304932094007,-26.7104778061259,-29.4069742002137,-31.0001141088335,-33.8979215403582,-34.9789741849535,-34.6416246705911,-35.6295686758586,-35.0502532159465
-46.3236772430688,-42.2400350268539,-41.7037939581615,-40.1552489656646,-40.4829555557952,-40.7879998455935,-40.7782526135071,-46.1311618482236,-48.6416617500506,-46.9120558062972,-44.6093763355227,-42.8346593222784,-38.7878773362789,-36.8979188563505,-36.4523151761119,-35.4133957251251,-34.3233197475995,-33.5437229460714,-34.3757706861503,-33.5954643891248,-33.7572395734791,-34.4991239121006,-36.5060351707874,-37.305168361289,-40.9329446700108,-41.1015107988424,-42.7072705005913,-46.1691712024587,-44.5027966093038,-44.1849309836079,-43.5883970454346,-42.6752786311271,-42.8838709930729,-42.4327196207537,-41.5282493426726,-39.7346855224082,-39.6489390643824,-36.8062035823181,-39.2077822998503,-37.4040043428997,-36.5388374135373,-38.1815569307621,-36.4646608767489,-38.682298765158,-38.7418118769785,-38.9071935158553,-43.764204483569,-41.8731030451816,-35.8309327523221,-32.1026244467079,-28.376442380503,-25.9077406318391,-24.5546274852628,-23.0908838069512,-22.3759146582041,-22.1267854876087,-22.2244835355879,-23.0935458712891,-23.8891487290736,-25.9244387942191,-27.8777929323994,-31.1917836648258,-34.103717202781,-38.2151989083916,-38.440189227694,-36.4983222529513,-35.1462549574655,-35.2459165069903
-44.4188093526009,-42.2338982496406,-41.154531633095,-40.0732521649956,-39.1634218704022,-39.9464597669847,-39.3779310781396,-40.9771646521965,-40.3444551163073,-39.7629503036647,-40.2519371491116,-39.2136185832653,-36.4466020315594,-34.670051303037,-34.3588216651456,-33.1089048583998,-32.4824260718075,-31.6671519828035,-32.99230631583,-32.738916226043,-32.7002285619414,-34.9046932931987,-36.2910748925383,-39.806466759344,-44.095405209017,-47.2151913684725,-49.3824052303265,-46.8698615487691,-43.4560698458779,-46.3188961463193,-45.8652867581945,-47.8048749572824,-48.1678988909261,-44.8001315147885,-42.3623879818992,-40.9461655888909,-38.0697436692543,-35.9622325377808,-36.8728207755545,-35.9998031283188,-34.7786056761863,-35.9775774816545,-35.1455426209184,-36.8643669568144,-37.2490575880433,-38.3461392081807,-53.9511634507532,-51.4581485574701,-37.3235674065541,-32.1858123384718,-28.6967213018395,-26.0735960720592,-24.6919572839701,-23.1486502952956,-22.4976160349797,-22.3137241464089,-22.4261929052092,-23.1662519289627,-24.1889981989881,-26.4074773941546,-28.4807588501259,-32.9053161150074,-38.7440183479691,-54.5748398824272,-43.1969820838291,-39.0613881652574,-35.1385752173713,-35.8348985850898
-41.9679414894468,-42.0669842772301,-40.5774801148333,-40.0250353396086,-38.1553397656311,-38.7480376973807,-38.1325764928739,-37.4183783845135,-36.7125071075488,-36.3800580008886,-37.1205199007337,-36.0361671010306,-34.1845530995585,-32.8890007010174,-32.5369255371596,-31.4845047427619,-31.3419073243634,-30.6945676637625,-31.6748484951571,-32.0026953486765,-32.0751715494616,-34.6083006529572,-35.5737708357144,-40.2762456483918,-43.0166912497306,-54.7884478178856,-49.5553083304455,-44.4456305114422,-41.5039028754376,-45.5100003103729,-45.309638265961,-50.8125924495739,-61.4149605730945,-48.8778303497184,-41.7679106812728,-41.1102756515578,-36.4857326593471,-35.733950782893,-34.5234394445733,-34.6926121221776,-33.783804394816,-34.1608142991726,-34.665229474387,-35.3828381067893,-36.4241198480457,-38.1789097183169,-41.4954077820028,-39.2665922805181,-35.3838780906537,-31.031780362469,-28.2980511157691,-26.1207398986009,-24.6373018046536,-23.1863522611919,-22.5994839832734,-22.4242328411223,-22.5482822174821,-23.0580697056636,-24.2620336786034,-26.1624115036592,-28.030637729772,-32.3384360714522,-35.810026027987,-40.7674958467664,-38.6923506883065,-38.4055923399559,-35.3156851732967,-36.3576658817665
-41.1071793650491,-42.2489022150797,-40.6507595875267,-40.1313740077954,-38.0555807106494,-37.8157986392466,-37.4659745979897,-35.5288973256757,-34.895949660951,-34.7075205187577,-34.9190998031681,-33.8007138750393,-32.5389505636438,-31.777979907707,-31.2382669908989,-30.4721023967831,-30.6831159210553,-30.413672040228,-30.5981846803093,-31.3662604472344,-31.9049484380392,-33.327646943808,-34.7550822249245,-37.4569267618186,-40.042224074502,-42.0483379936621,-43.1826298199323,-41.4856404936567,-39.8260622265811,-42.0185086896467,-42.9617970552697,-45.1330335761028,-43.9516313838396,-43.7899622248518,-39.3425938291806,-38.2556090877469,-35.0040878946524,-35.3819358961696,-32.7714268696772,-33.4808144862008,-33.2527229274217,-32.8804063187805,-34.7056207739288,-34.4173088535907,-36.3222526491119,-37.7034800361329,-36.8597903587708,-35.2932535071007,-32.8725736461334,-30.0313079162329,-27.7137708421714,-26.1021734557546,-24.5062048823203,-23.2461556302551,-22.7121756740527,-22.4718397202861,-22.5968881734854,-22.9045567330713,-24.1179445147763,-25.3976118266549,-27.1224205603796,-30.0326340098163,-31.5587551918468,-34.5986335829843,-34.4349843942465,-35.393020515535,-35.4384791672905,-36.403010148097
-42.2100967634039,-43.5384141882729,-42.0113421227957,-40.651715963166,-39.0179931108659,-37.5151886539775,-37.1729161091,-34.8452750624458,-34.2080877590395,-34.1409317202852,-33.5534445944429,-32.5611142350124,-31.7355974436305,-31.397460212515,-30.6232248977587,-30.109510599093,-30.4044727008436,-30.5783066278892,-30.0068263096309,-30.9582607980775,-32.0582344429447,-32.0896370382773,-34.0559850847761,-35.0122660471827,-37.696268493341,-37.5781595337156,-39.6418087511518,-39.1595386370089,-38.6562990221372,-38.5684800201247,-40.1288905482738,-40.8901713941951,-38.5444903932941,-38.1236622399209,-36.6925901306955,-35.101336818097,-33.764470802849,-34.3654532979326,-31.844475435134,-32.4916720022548,-32.9958834648971,-32.2780452240187,-34.8701156281231,-34.1342469550784,-36.8501475938008,-37.1469018756248,-35.401664426713,-34.4447842977149,-31.8249956389818,-29.7884653361772,-27.5479585583245,-26.1116886151647,-24.4360337755287,-23.3762137321877,-22.8573139218178,-22.5130775067811,-22.6317051682188,-22.8543914757406,-23.9169937851774,-24.7046614870458,-26.4521854157911,-28.1853176125603,-29.4804945729455,-31.9275454428169,-32.39658618229,-33.2494885283686,-35.4064520471402,-35.9315920503997
-45.601894716573,-47.0291517651784,-45.7673867641396,-41.8928364187471,-40.3851981239399,-37.8886100443443,-36.8930759818386,-35.0326754790471,-34.4166952314052,-34.400481062358,-33.0898988068819,-32.3565744536333,-31.9055366460637,-31.7620845065236,-30.7811859759016,-30.4284012436527,-30.4693865692062,-30.9259757578044,-30.053879886475,-30.932554508819,-32.3444082380398,-31.7130465693735,-33.6484394726152,-33.9563888292001,-36.1985434333143,-35.6845506960731,-37.4914457576855,-37.4833832699013,-37.843699381678,-36.1698534456567,-37.3796254720947,-37.406402479126,-35.6639649642626,-34.8293264838539,-34.6204063965059,-33.0259669380809,-32.8787949625842,-32.9663719650752,-31.7193903788033,-31.9019857917208,-32.9457556467192,-32.4307723255252,-34.7711302374547,-34.5952103128748,-37.6441184145621,-37.3198750435914,-36.4564208880818,-35.8602966552353,-32.4360437005046,-30.2357827322806,-27.9641797353624,-26.2331548685597,-24.5028918765649,-23.6055463333311,-23.0408293536548,-22.623431628262,-22.7358310286705,-23.0095784251463,-23.8639662034215,-24.4832768927174,-26.2911819547813,-27.3906210360502,-28.9477599174242,-30.9009578550214,-31.8687729785602,-32.3531076452482,-35.2871536801684,-35.3566378415321
-48.7793877515963,-54.4480122816259,-53.8296480421685,-43.4543462624832,-40.335034569487,-38.4998343143134,-36.5309861132335,-35.770459614242,-35.4060593303009,-35.3044778732178,-33.7043190505412,-33.3193692838809,-33.242805133779,-32.9245234680746,-31.760806192219,-31.3969831863293,-30.8603314513988,-31.2716956343294,-30.7529440473757,-31.3747152995367,-32.6718013802958,-32.5228059970113,-33.8326684054679,-34.3707399296124,-35.6539639236648,-35.4210349097241,-36.26436107194,-36.2819135533304,-37.1039010158132,-34.8829519168039,-35.2667484680911,-34.7406852973225,-34.1393706700574,-33.1418681584235,-33.2859531107927,-32.0741060935379,-32.4181810744883,-31.8164121383417,-32.2275454705111,-31.8437438935513,-33.0116401345716,-33.3214738515964,-34.4157073418373,-35.7074747674879,-38.0655710250103,-38.7703712031774,-41.1307214814786,-39.4114697840439,-34.5402797123586,-30.9879084995199,-28.7162429348747,-26.4831259426563,-24.6955186136564,-23.9218210544258,-23.2591456615589,-22.8659578567432,-22.9872891449455,-23.4144199090962,-24.1205315790322,-24.8836199478738,-26.7094550308302,-27.6930902630437,-29.6053942104276,-31.0890324977837,-32.5661919022948,-32.65078904966,-35.2834281524059,-35.2039049558889
-44.7938419552194,-48.2782600530212,-46.6240361657662,-42.8318245300477,-38.9139323629478,-38.4766497690953,-36.3001433725086,-36.7343290280735,-36.9082110989947,-36.6612214525009,-35.7282838002956,-35.8686269938298,-36.2096806519227,-35.0286483861216,-33.5032969558245,-32.8617894807609,-31.5253987520699,-31.5579264472292,-31.9249480983017,-32.2439600425136,-33.1397611275193,-34.69692302814,-35.0763358884966,-36.5164999148157,-36.3388402238004,-36.4944216830554,-35.8600014555483,-35.5122991289945,-36.2118270808753,-34.5606102808373,-34.0725882195042,-33.2565580633606,-33.62241749217,-32.7216265768754,-32.7322186108093,-32.1114076156932,-32.4063530258593,-31.3198833406446,-33.0697336769675,-32.3692397247053,-33.087872390785,-34.8033771629877,-34.3174169817903,-37.2085840440698,-38.0110907031948,-41.6020271835265,-76.3210305119065,-42.2715460485017,-36.4759554552669,-31.5135993986257,-29.236539293472,-26.772174186163,-24.940582152676,-24.2679115210026,-23.512436450268,-23.2674338495357,-23.4379202726538,-24.0665228771875,-24.7827314203925,-25.9068140102646,-27.7497437720421,-29.0851913718246,-31.3311428822944,-32.4636771488063,-34.4435387174815,-34.1986768072613,-35.6897308336966,-35.8723793260621
-41.3275951673386,-42.3986932885755,-41.135583286348,-40.1442344228719,-37.8524758485964,-37.658928805327,-36.3935520398392,-37.5568299230842,-38.0834233785452,-38.0807597164758,-39.7724616363035,-41.5665258332246,-42.2767921085972,-38.1870487044415,-35.4829531020171,-34.3929907257061,-32.3155101508982,-31.776262045569,-33.0762493118163,-33.2593771184314,-33.9165188243232,-38.0393085042966,-38.1423308317303,-41.4947549075038,-38.7767386758256,-38.6733455864259,-36.1552682469754,-35.2495205743684,-35.2888145017508,-35.0098107950784,-33.9050357743509,-33.1476106944907,-34.0463999047738,-33.4664699488427,-33.0282326252121,-32.9823519804498,-32.8269066913144,-31.6620356831226,-33.854971485285,-33.429085583861,-33.2800123469287,-36.5238618296146,-35.085986541492,-38.8539014214413,-38.3409862249316,-44.6105954782077,-41.9764867853763,-39.6146550578048,-35.3039111753924,-31.5106194800935,-29.12829783002,-26.9275767428778,-25.168822677189,-24.5667765525492,-23.812538259863,-23.8060573182787,-24.0841695366879,-24.924667389033,-25.8609977981708,-27.4360766200182,-29.4798407679332,-31.5211848557492,-34.2180280443423,-35.240955115358,-37.6078968448706,-37.2537741152663,-36.8727998745392,-37.6828056040563
-39.6123311139797,-39.4992502606776,-38.6571800853118,-38.1109001062082,-37.6909870707497,-36.8724430306327,-36.8148066416872,-37.7380829163308,-37.9306036067764,-38.7964853560281,-44.5140631098297,-65.8117594698079,-49.944997916239,-40.6716526206135,-36.2483972154038,-35.0668715270259,-32.9460299378838,-31.9079030378008,-33.47289318754,-33.8123072759777,-34.9130093931909,-39.5078051737752,-43.9257610698151,-56.1413453942228,-43.2870414292273,-40.8906369534728,-36.751804397859,-35.5365360627123,-34.7414147651064,-36.0184256077282,-34.8397491680011,-34.5895309178097,-35.5407765749119,-35.4412107264931,-34.3256348840547,-34.4831837942202,-33.6611392725653,-32.9036071848606,-34.279628068807,-34.7719353028198,-33.9075026632646,-37.8847497057462,-37.1945917140091,-40.8565763214835,-40.1345048145706,-45.7240475353833,-37.8954080047706,-37.1375531834652,-33.4326328239202,-31.1004612270846,-28.6633485159431,-26.8352816804155,-25.3766399410708,-24.7694518297487,-24.1738667040902,-24.4100004003568,-24.8319503956169,-25.8968549828395,-27.2001196447395,-29.2152590345428,-31.9325897182339,-34.7054814541875,-38.7721733774539,-39.9460060237419,-42.1921878643941,-42.5105946618394,-39.3584012244009,-41.1045885637957
-39.077298846712,-38.3254414059505,-37.8958951669834,-37.4058706868729,-38.2956314018223,-36.7189144913764,-37.4404471886371,-37.1800803714549,-36.9846258567842,-38.3852133907696,-40.9578802135783,-40.9068307253381,-40.6256518000339,-38.4199254542287,-35.2741959545108,-34.2223951208507,-33.0935587888893,-31.9542559178441,-32.8658704729558,-33.4510145988605,-35.3228908822252,-37.0854180773485,-41.8510319317204,-43.6505978697226,-42.4174066025901,-40.5567987355295,-37.0468439147184,-36.2920229502044,-34.9416701656238,-37.3414893016412,-36.971801753012,-37.8931645586408,-38.5238596476513,-38.947039595481,-36.9340517731569,-36.3429744904841,-34.9238027173361,-34.9384306145892,-34.3531733439195,-35.7891664109475,-35.200103262238,-38.3591796321522,-40.4733327231738,-44.0436635919401,-45.1119963071427,-47.2494352054206,-37.6017980888967,-35.7905724299062,-32.6193877295852,-30.5620485973148,-28.3048023156598,-26.5981972398014,-25.6203839454515,-24.8970516648522,-24.5925901124744,-24.9703126470053,-25.5006713801163,-26.803743545318,-28.3621554657085,-30.8381229662434,-34.6507087325777,-37.7669315913495,-47.0955008270071,-47.8246462326813,-47.4617945114267,-52.3190821771965,-44.3023005525397,-47.619507980756
-39.4093939450598,-38.4775968010207,-38.4099335707524,-38.0151966508594,-39.3636561708541,-37.4114856626715,-38.1720882582364,-36.6421568982677,-36.3672916404806,-37.5632815144727,-37.3836959623356,-36.0588165328226,-36.5236934518151,-35.2182494084492,-33.9097686311311,-32.6595412101038,-32.6597730313171,-31.924866778854,-31.8042379504618,-32.5331536305296,-34.2863692947724,-34.8232449699345,-36.482992080104,-38.0507745759848,-37.8080035263635,-38.3887124442553,-36.99426085729,-37.3309795147332,-36.1014011465825,-38.6337948974611,-40.3394716600743,-43.1795390431781,-44.2696948744523,-44.8435331359239,-41.3322239046626,-38.2824031344678,-36.5534765653509,-37.1757050848091,-34.3704543050492,-35.890616452221,-36.9625764865781,-38.0334091977627,-41.167734131039,-48.6407593990611,-57.2898087115214,-49.9525347290747,-38.9016645285571,-34.8687696592099,-32.6136986761028,-30.1655094673104,-28.2509496757432,-26.4838671410599,-25.9607371957804,-25.0422051772125,-25.0373536167739,-25.3804793027982,-25.9306292757918,-27.3726232821993,-28.8148048305338,-31.7899819680239,-35.6481325783276,-39.5264311819775,-52.9194694784429,-65.2930876607908,-49.8007277454189,-67.3792883530461,-53.8305694481883,-73.4570889463051
-40.481719985068,-39.8166501638988,-40.0202935604071,-39.8711349603048,-40.6211805659435,-39.0897021049621,-39.0897257099005,-36.9354623355781,-36.5960958862034,-37.1518746679472,-35.7237096427549,-34.1432337290251,-34.6092314446093,-33.1854180212517,-32.9074621650664,-31.3937701738625,-31.8882774039208,-31.7850182742773,-30.9081072279894,-31.6711816370163,-32.5970680937157,-33.555871062606,-33.8251844267915,-35.4018419168597,-35.501062141961,-36.6624664466641,-37.2335321175773,-38.4957723671368,-38.2678291572191,-39.549834620652,-44.3268990756215,-45.9701862690603,-55.5150368533171,-51.6943789814772,-45.1796054591006,-40.0209064366773,-37.9480623633421,-38.1788981262314,-34.6562708881312,-35.3831929750423,-38.2679960447739,-37.3490360334474,-38.5895726512917,-45.7761682196594,-44.0144146042489,-45.0598394701555,-38.3264713899128,-34.1819962213265,-32.7889006672817,-30.1693069098641,-28.5079717732941,-26.7478361450818,-26.4303617884065,-25.3291040137207,-25.4703061871863,-25.6051709637116,-26.1227172140874,-27.4027551661673,-28.5628043014835,-31.6615616338787,-34.1109951949157,-38.459226462435,-43.3530697386154,-51.9283612331258,-47.0561641342925,-60.672576657372,-46.0954236689427,-47.8352743775566
-42.2793421677231,-42.2420586265285,-42.634124774762,-42.8644354643917,-42.0421505492153,-42.05210299509,-40.538339448463,-38.5114324428063,-37.8592429599632,-37.4722142937422,-35.2460177170438,-33.829253182247,-33.80640021712,-32.2656896348361,-32.3530904165521,-30.832628318072,-31.1678580426157,-31.5215324850558,-30.5115445229217,-31.1786461762731,-31.3403214635602,-32.9109525173633,-32.8455225184397,-34.0779371233532,-34.9690753190079,-35.988992223082,-38.2368538507781,-39.8230355959104,-41.280514212672,-40.2917077532426,-46.5017286830216,-44.77815361856,-46.1504995316359,-46.2870165111279,-42.0453087919571,-40.9470367250171,-37.9656455449356,-37.3487660899227,-35.3733316849389,-34.9975516689752,-38.1385002246473,-36.5647562332758,-36.9394723839962,-40.5481894304319,-39.2690888022171,-39.9937086600917,-36.2039660024871,-34.0477219369905,-32.9611504149114,-30.8064340699877,-29.07959196139,-27.5446879554915,-27.0449737571542,-25.8632485957212,-25.8851895916823,-25.7274725467531,-26.2126808096046,-27.0125046050097,-28.0747469830217,-30.6278150372065,-32.0931354059824,-35.1868329294151,-38.9454109984218,-42.729682516979,-42.045282313091,-48.3525174608806,-41.1674359948434,-42.6405641333849
-44.9307923435316,-45.4163989007124,-45.9857856254389,-46.6211097623533,-44.0300521825497,-47.1100000159276,-43.2128971508454,-41.4082081024752,-40.1842427397905,-38.4492660229078,-35.543822083182,-34.6647957258335,-33.6977356110929,-32.2868021309858,-32.2115308331743,-31.0477215029528,-30.8298015906163,-31.2668241111106,-30.7286002347424,-31.1434735808356,-30.8965949315183,-32.5138257641566,-32.9708942957793,-33.6537598441712,-35.4948631820997,-36.4802720120646,-39.8592685394137,-41.6913644366555,-44.9766753629177,-41.7671709673518,-46.1437103471436,-45.2551257037071,-42.0770715237661,-42.4452960234611,-39.3087458584554,-40.353474529297,-36.9940038436729,-36.0542258753909,-36.4563861275823,-35.1176284846588,-36.9493819759913,-35.8419210684206,-36.6197168094585,-37.4260591154291,-37.3256912775989,-37.168031265504,-35.4160599205408,-34.8817071110848,-33.6749762686954,-32.2836543589653,-30.0849027775803,-28.908189708482,-27.8200941927237,-26.6939189211599,-26.3227233789062,-25.9098634196528,-26.3284636039839,-26.5570102658381,-27.6744758037833,-29.3359201108795,-30.4263903531268,-32.2937271786612,-35.809472997255,-37.3192479725646,-37.9640180116581,-40.8719343226826,-38.8741927445897,-39.9221006603103
-48.8793343528852,-48.3115596855141,-48.7395460860638,-49.9905585104858,-47.4771539585227,-57.3190423825576,-48.4809249267797,-43.91217863191,-43.0879337497595,-39.5812924641675,-36.5035911220142,-36.3550454615229,-34.1400606983236,-33.1281088177272,-32.4991526212524,-31.971903052713,-31.0934761390304,-31.2649618779822,-31.5266017269598,-31.5716931803611,-31.3285021909456,-32.28345303781,-33.7534348034605,-33.9949508822779,-36.1170681890452,-38.0021594196234,-41.0811838058008,-45.1777283028285,-50.6751871396193,-45.3939308524737,-44.8387079802616,-45.2407285142646,-40.6636971196862,-40.3364838192772,-38.3112136322633,-38.8866023631154,-36.4433773680349,-35.4281138548108,-37.6210608297893,-35.826584849255,-35.652841885012,-35.4610320512822,-37.1148094981763,-35.8507625646386,-36.8043221947029,-35.9764872682661,-36.6466548174088,-37.1751891742854,-35.7444839242972,-34.7874765799088,-31.7369238811555,-30.703358838221,-28.7594670878684,-27.7905336071268,-26.8493395734634,-26.3003885145055,-26.5287494207799,-26.3433375373152,-27.4497088419931,-28.2839025151926,-29.1785435981427,-30.5117895122384,-33.4322619846143,-34.1343872576355,-35.3155868024691,-36.6089019192194,-37.7820910628961,-38.4504762101173
-53.1004562438434,-49.5622971440362,-48.7546048580103,-50.9562100185925,-52.281695575927,-55.2312337377599,-51.642764012426,-43.3987324165693,-45.0265136885133,-40.2314821993238,-38.2622976367145,-38.5970633987892,-35.1920730587705,-34.6823410723924,-33.3005014871766,-33.4420739094522,-32.0771201326947,-31.7440379077631,-32.7580463788469,-32.4590649010042,-32.6290487971186,-32.4938509152941,-34.6978804297511,-35.0058900112631,-36.1720027111155,-39.4637198605287,-40.9172982920485,-52.8390297572228,-77.2826562809271,-53.4843343178191,-43.1368485858238,-42.3235120001535,-40.2304773089691,-39.1137298060015,-38.4567674452281,-37.7704355747471,-37.0172816314086,-36.0369081874329,-38.5481136802673,-37.0884937496385,-34.9564640145533,-35.7243679236344,-37.7312828808944,-35.4844990649911,-37.1202250495488,-36.2405685034384,-40.0212149247473,-42.0798524266366,-40.4376810913626,-38.260812522334,-34.1381024987518,-32.5569922854762,-29.8271716099316,-29.0348233615281,-27.5278006856139,-26.9617501215975,-26.8349583747521,-26.5202710834566,-27.4013273303248,-27.6887956791939,-28.4148359400892,-29.7643700271171,-31.846811479368,-32.4941259892262,-33.9344297632337,-34.2941891185878,-37.3190210779534,-37.8703667677662
-49.2894898663125,-48.734603809771,-46.9016888090808,-48.9033675036018,-48.5811949420645,-48.420920254441,-45.0497888044412,-42.6450473680164,-45.4616926214533,-40.6721830857098,-41.1852151410912,-41.1363396558516,-37.0812371105123,-36.8081200962272,-34.7264600231586,-35.1948250801316,-33.7887365896007,-32.8679801358311,-34.2176566608947,-33.8356780332912,-34.7794031523128,-33.586316608044,-35.5300618859242,-36.5292763397138,-36.2159205869984,-39.0452163850894,-39.9065959249016,-46.5278427432082,-48.8031054576362,-46.52016231701,-41.4317534476976,-39.5862248067702,-39.7904897493344,-38.4683439058181,-39.240857094932,-37.6685871103027,-39.0673940473412,-38.434208193841,-39.3053307284056,-38.8189537506485,-35.2982853416095,-36.6978458093992,-37.8071678362258,-36.0896694766431,-37.8684793470353,-38.1868987058563,-43.4226054924007,-56.4729093755542,-53.3176513437519,-41.0268488423238,-36.6558590007698,-34.0448177985114,-30.9538055569334,-30.2559541462494,-28.3990207451026,-27.8452412822788,-27.2755088978206,-27.0994407915267,-27.5320503646049,-27.6185964222433,-28.2532711138441,-29.8499056521267,-31.109673450345,-32.033928908455,-33.6675141953843,-33.4631469246964,-37.2505177147593,-38.0055637227606
-44.7121064685095,-46.3777341332289,-44.6170637210702,-45.6720690704647,-43.8740925542382,-44.5757893872354,-41.7063802841665,-43.4018349025136,-45.2112451353689,-41.9221238002731,-46.0731241612823,-44.0021488395586,-40.1705931715512,-39.2748635753342,-36.7982052917991,-36.8814278902075,-36.0400144425621,-34.7548878911042,-35.7659299182649,-35.8096403444809,-37.7149406048082,-36.1214137046829,-36.6230651972267,-38.3560064998751,-37.0139300808998,-37.7616866851784,-38.7395379235167,-39.9102511596347,-42.6019886660745,-40.5145299483416,-39.7242342143886,-37.9352886301104,-38.9439774135911,-38.1837131170549,-40.1810344466243,-38.8750145301935,-43.0466810258885,-43.9311371061654,-40.5574615814872,-40.8404840421994,-36.8854560649014,-37.8251030842941,-37.1735753624179,-37.243568738648,-38.6760508810783,-42.0677104802189,-41.9142902486972,-46.7156361355591,-45.9023072537691,-40.810779642635,-37.6989023403199,-35.2268376503755,-32.101334803051,-31.3296294648259,-29.4626215580297,-28.8127905724643,-27.8980160559764,-27.9872479251518,-27.8750649687416,-28.0708940103381,-28.7878820697128,-30.5477599391306,-31.252423337421,-32.538162912715,-34.4388188762543,-33.9648474656307,-37.5889765227392,-38.742015566886
-41.9572785327937,-43.6317063840082,-42.5176294774283,-42.7224956571504,-41.3740780633811,-41.9998971449247,-40.6547850322008,-45.3196968084327,-44.0019649662657,-44.8683175443048,-54.9338841876139,-47.9276573663706,-44.5245227224831,-41.6514410313943,-39.0845873634553,-38.1472999911335,-38.2740364772984,-37.4410516703713,-37.4177172797799,-38.5888090663395,-41.19084373892,-41.2689121717062,-38.8185925499777,-40.2626971945413,-38.6230036111922,-37.0983347343754,-37.7173115786906,-36.560341411056,-38.8387192277252,-37.3962660155775,-37.9432852651407,-37.0583717122606,-37.8393647161855,-37.9691669036648,-40.497281263638,-41.052179929966,-47.6051393773523,-53.2225620528806,-43.2952972314459,-42.5416892927607,-39.4253720439837,-37.9317287071734,-36.2614479644954,-38.1161902036967,-39.157718977395,-42.6957937208503,-40.5051778096815,-41.9237822893977,-41.3309519602374,-40.3631992836373,-37.8839371560146,-36.5945173970565,-33.2995280085488,-32.2539204901529,-30.6462075373153,-29.7297325945437,-28.747887748907,-29.0208732339917,-28.4996401529536,-28.9884383265949,-30.0387063894584,-31.6417980427554,-32.2872144435938,-33.8892013500317,-36.2458731009415,-35.8492580526417,-38.5413466787022,-39.9958230234952
-40.3978833587313,-41.2082258486994,-40.9756226775507,-40.580833772536,-40.3356486711638,-40.6734935702901,-41.217841905109,-46.0450640437269,-42.5617057243542,-49.1031538487896,-52.754115800828,-56.8006840083589,-46.1557407298016,-43.0678664418874,-40.255694836555,-38.7669124005147,-39.5649537129252,-40.3780359329315,-39.2541791777637,-42.1874005469186,-44.5866691368949,-54.5294784685012,-42.9512891189953,-41.6539612985856,-39.9741658243382,-37.0563888146566,-37.045027165908,-35.0330389374375,-36.2442755072433,-35.7487716800562,-36.3414704728159,-36.5977619176765,-36.6737564033829,-37.531690392012,-39.3265854909202,-41.2764981314766,-44.3952504721191,-44.3026399655015,-45.832893908734,-42.2682695130106,-40.9043334948353,-37.0096260402809,-35.6049554685241,-38.0097608655628,-38.9598232927864,-38.3559321892366,-40.9252952340622,-41.4910739273912,-41.3212054377231,-41.8301954434728,-39.3260535811353,-38.3806124509023,-34.5335403264678,-33.0709397612076,-31.7964674180221,-30.5811803630664,-29.8340285011121,-30.0474998000759,-29.4952847406641,-30.2682617773091,-31.8986947836435,-32.9675538760037,-34.1241025426204,-36.0632632022745,-39.1629882718881,-39.4273547958425,-40.486124380586,-41.7008302373704
-39.5313708216808,-39.3848572049345,-40.059622133988,-39.4174167147855,-40.4265440963023,-40.7029981942004,-43.0313903763483,-44.483389871433,-42.1966145379528,-48.1162196697943,-47.3617958849849,-54.8902800919191,-43.2824382278572,-42.5715395533491,-39.7293306616472,-38.6757291813288,-39.2795106161721,-41.0821122645818,-40.9524891393186,-44.0137293357144,-46.1921469162793,-46.0760505073641,-44.8783002493846,-41.3865017421339,-39.7176511529127,-37.1306927731878,-36.7460388590218,-34.8563342214719,-34.672493357406,-35.0802546223169,-35.2139765005107,-36.2154045547844,-35.6106510644392,-36.8103126666934,-37.3026353207675,-38.6553448767626,-40.4521230130049,-40.0882280722657,-41.0420964715044,-39.7140284722177,-39.508292052894,-36.1053523266512,-35.4740969004919,-37.1634467974115,-37.9635456093669,-35.8203605957331,-42.0029323252115,-43.3933763182994,-44.4499544517457,-46.9701723623498,-43.1696736445218,-39.7814464115412,-35.5780564441819,-33.7160971536332,-32.7605475553435,-31.4750360768469,-31.1153482267565,-31.0357376794924,-30.9322205324815,-31.8184716305081,-34.03413473592,-34.450934615264,-36.2651441443949,-39.0387480684463,-43.2653890470235,-45.3785084407109,-44.137452360626,-43.9124305907075
-38.9600273842649,-38.2792942881628,-39.5566106303163,-39.2739784228402,-41.6560139181454,-42.0907220231959,-45.655044556322,-43.4155122252382,-43.6403521448316,-45.4254834115216,-44.9804950742369,-45.6537521066444,-41.0887923858909,-40.6447356623442,-38.6761995493354,-37.9121846182881,-37.8612845491565,-38.8908732938477,-40.8156292622186,-41.2912328454194,-43.5424958444894,-41.1869073384176,-40.5441064439961,-39.9041448069011,-38.8154548788972,-37.2590448217902,-36.7225957729801,-35.8527039749372,-34.2115009663796,-35.1434443074211,-34.6712059573153,-35.6642930226246,-34.8702956141754,-36.0203893315567,-35.6440251462427,-36.5258244116786,-38.0668947995336,-37.9960063140871,-36.7839869696243,-37.0084754001682,-37.2802901116495,-35.6505708495807,-35.8396431541686,-36.1251992428241,-36.5310246445428,-35.1740103064871,-41.2088363484697,-42.7595187770068,-46.2568239204544,-52.182688134475,-45.0582806021298,-39.1788331122778,-36.1468215657564,-34.05789389377,-33.5210424213682,-32.5344470320296,-32.5449176867059,-32.1273616975027,-32.8195039181045,-33.6566525316592,-35.8551644526583,-36.0568751396406,-37.6384537876918,-42.1373641455444,-47.332819391229,-48.8681900817104,-51.70845651862,-47.0523296584086
-38.4215051100256,-37.8901394675201,-39.1636806741929,-40.0826985987673,-43.9957700270727,-44.3014571004873,-48.5528824052689,-44.3148089375946,-47.6605225795138,-44.8072333642461,-43.9714149827894,-41.7352721668879,-39.8554313714982,-38.5122643430762,-37.7349829924686,-36.7424663619704,-36.2877704305917,-36.4981907456069,-38.3513380997642,-38.2936031349441,-39.6271975335903,-39.6195151782819,-38.0331915107181,-38.7705975763163,-38.5641890429098,-38.0581405514227,-37.0942546729493,-37.9341230400468,-34.9814913520355,-35.7009251501863,-34.7126578589057,-35.0508408536735,-34.6558749890913,-35.4428097781819,-34.8597044776889,-35.6153673790858,-36.6976327081372,-36.8611709861902,-34.7453877452088,-35.2745958092357,-35.5230872906705,-35.6629955300243,-36.4369589921325,-35.2966512715703,-35.2869813071485,-35.9632971294238,-38.7040678063169,-38.7966647086888,-41.5124155506926,-42.3136960894939,-40.2247763804731,-37.350131734376,-36.3372221762137,-34.1844775351053,-34.1964383344202,-33.8193557790273,-34.145288294619,-33.5918407101977,-35.1090027082065,-35.9450874107176,-36.9759706196303,-37.6696558908754,-38.0928973193412,-43.2132282453224,-46.6166844852283,-44.5719971816707,-57.9291199842883,-51.1170251494513
-37.8800881031667,-38.0556325272549,-38.8297183173357,-41.5100762073349,-45.3342432537712,-45.2517503624541,-51.5395922849925,-48.4483024602175,-53.8210706814259,-45.1796131100665,-43.6490480217466,-39.868955962227,-38.9593526763052,-36.8166996470372,-36.8958217601416,-35.6073359723072,-35.1275989310752,-34.8449527972607,-35.7939442564766,-36.2971264286904,-36.76395117345,-39.1049966253692,-37.651553316761,-38.7584485011258,-39.4311755591389,-40.3558778005219,-38.3840423368889,-40.7081275625353,-37.1266382372398,-36.4578562959037,-35.3521880914545,-34.7689010349392,-35.0649948084177,-35.2871864657155,-35.0469969461394,-35.7500299447536,-36.1392698203923,-36.5180963127,-34.5580990999816,-34.8035736831379,-34.7094219468286,-36.1509674252421,-36.9129208325409,-35.002739966356,-34.711732134029,-37.6129523837048,-36.5523453802413,-36.256569972805,-38.3186953394079,-37.9293811639098,-37.2144697500611,-35.9017821044774,-36.4864293834404,-34.4737333415765,-34.9183783625804,-35.3184066546029,-35.9678500317742,-35.7521742821325,-37.808995673311,-38.9323964313644,-37.8451293262641,-39.1520019030418,-38.8582972170338,-42.5307677245794,-43.6829537704674,-42.4578829806426,-48.0420914183738,-49.598976370433
-37.5240501334886,-38.4740830740867,-38.8516678890266,-42.6927235618876,-43.1267971595379,-44.2719754483049,-52.9334883686164,-52.7488496877918,-50.1511691286135,-44.2008935148624,-43.4573640448075,-38.8681594875451,-38.0592811317787,-35.7576451885927,-36.0717285725108,-34.8115204607961,-34.485787756835,-34.0064706116781,-34.1353101071617,-35.1657821193117,-35.1690507468537,-38.4292042990807,-38.7145115974676,-40.2236241511102,-41.7498453824413,-45.4311693477235,-41.4715417611208,-42.4104826343369,-40.7130099023068,-37.2274889413405,-36.6308327060523,-35.1484946582681,-36.0556452121761,-35.6857078676382,-36.1767424463938,-36.7881677791072,-36.4750622750469,-37.0742593067836,-36.1773598379022,-35.7511438672149,-35.195549935778,-37.0650886230332,-37.1061176666141,-35.4671724301482,-35.0740902421427,-38.9171741825959,-35.4406854975198,-35.4791388331313,-36.9270640593772,-35.9919493540169,-36.0634189557432,-35.3237347810439,-36.6896183386905,-35.3076834047508,-35.7912932900515,-36.9641422640518,-37.8339147848126,-38.8776508718339,-41.1713168001279,-43.0081031597738,-39.4963700637355,-40.8012632770421,-40.8566706702097,-42.0081213188373,-41.4563138560048,-42.454620071466,-43.9709952352565,-45.0911376317134
-37.6486967580006,-38.9750552008869,-39.6196471040604,-42.9001417818509,-41.0601820142371,-43.5309568283341,-49.8793573682109,-45.1389557066819,-46.6140493337148,-42.0838434955128,-42.8317709854723,-37.8901583899322,-37.2715312459282,-35.3622727443768,-35.2825234692595,-34.4293411073922,-34.2370258810375,-33.8689450365662,-33.4325307589556,-34.6945954437606,-34.717504292132,-37.3115582374856,-39.6837915759621,-43.1443890456864,-45.814031939254,-54.6557921995397,-47.2920810623813,-41.9603769264831,-44.2805776190847,-38.1445475878481,-38.3665971977375,-36.3158111828904,-37.4152232807596,-36.696719936746,-38.1362751263574,-38.797137475817,-38.0454552151845,-38.6925705462486,-39.9927303946639,-38.3553294986654,-37.2622880942773,-38.0881925486956,-37.2391726609118,-36.7985628037428,-36.5252042076528,-38.8372165230618,-35.5176404485054,-36.1707493932074,-36.6858891237106,-35.6398056894408,-36.1703889492683,-35.7107869105557,-36.8875476244459,-36.8645514825087,-36.9502827655862,-38.6290629174971,-39.1855874330328,-42.5896363113275,-45.7345570733907,-49.5211919768131,-43.5132530950062,-43.7110694764118,-44.3851409785975,-41.5331651871366,-40.0134885057733,-43.6802004941963,-41.2384196196343,-42.1540541085751
-38.5402413947875,-39.8534112358957,-41.4962501952274,-42.8092304596361,-40.7740523889456,-43.8499953723435,-46.2880681556523,-41.3449106889687,-45.063202823734,-40.6744292555993,-41.6637652849452,-36.9996564516695,-36.9445900635624,-35.5923151798521,-34.6884946320398,-34.409722366518,-34.179771520168,-34.1319579186119,-33.5023277592204,-34.6132808801282,-35.1979684919096,-36.3582955483573,-38.9279581789697,-44.2010800080788,-48.2013155320489,-48.1811049052251,-47.0597663021285,-41.6967323789546,-43.6029440352131,-39.4944871063881,-39.5891534197589,-38.1941333193996,-38.7410598553356,-38.2351279158798,-40.6032314509546,-41.9482691895242,-41.6895676636991,-41.8357625798413,-47.6690067865066,-42.9597953798507,-40.7746784460593,-38.9414387514281,-37.8274542063338,-39.0481750240718,-39.1346212246232,-38.1503785878311,-36.8622528401526,-38.0473970633302,-37.1854171692815,-36.5954437414627,-37.2207921871788,-37.1643976284126,-37.3132791203422,-39.0449205272668,-38.6028100718478,-40.1209533531354,-39.8662053320003,-44.3285388540209,-50.6814520555192,-60.7396598137743,-57.7013552905106,-49.3158021885535,-46.4395679530815,-40.4950094070433,-39.2124918013212,-43.2072123341807,-39.1668681563039,-40.2526721890856
-40.3594476959257,-41.7923355152774,-45.0060502057811,-43.5366209935279,-42.5344880169329,-45.1430551621815,-43.7128477819314,-40.2301657256307,-44.0690487301404,-40.5127011237451,-40.5663771561617,-36.9810036002412,-37.4285560534957,-36.3999872382815,-34.5498162882554,-34.6829871389523,-34.1432090326374,-34.3086152330145,-33.9927994255843,-34.5172792890683,-36.0714041038758,-36.0608658777385,-37.814842566325,-41.377162081056,-45.2668622728304,-45.0783285329053,-43.3292111073118,-43.1113171517024,-41.6126109653564,-41.2453981665499,-39.2850290090487,-40.3512379433522,-39.5213941535428,-39.8524549351209,-42.6775050067122,-44.7257653323926,-50.0066129203472,-48.549298480221,-59.8986949680318,-48.8026644793237,-43.4767474741912,-40.1568460905498,-39.5377515241883,-42.3676186481034,-42.7624730613025,-37.9557941160797,-39.5557612226914,-40.6257290908684,-38.2160676555685,-38.6794640868393,-39.0635081776826,-39.9152621188245,-38.5916542579412,-41.5567079925063,-41.0383873002605,-41.338060614557,-40.6356963532863,-43.6111650845463,-48.1995950663869,-48.0150921122666,-46.315295562892,-46.3269313978622,-43.0080199526938,-39.2955034142514,-38.91661947404,-40.105213758255,-37.895187438657,-38.8770605752839
-42.6433431415313,-45.7868470547477,-51.6470434499347,-45.955907751725,-46.8378928923277,-46.5615337287097,-42.0557764030477,-40.9991915772267,-43.0188941889027,-41.6594099190587,-40.3054611024313,-38.676652409635,-39.082898810128,-37.7807245590621,-35.1187672921445,-35.1412484015088,-34.0631232511766,-34.0640632470534,-34.3389582718636,-34.0608570544414,-36.1536305186219,-36.3019868422177,-37.6150945982498,-39.5228692609353,-43.5442806220803,-45.6302249970119,-43.4695909872593,-46.032947210836,-41.0086179075688,-42.3653241923967,-38.3448708773586,-41.3288108152397,-39.3772742644334,-40.5886061488317,-42.9050439073382,-43.0387383381947,-47.7809142450013,-52.8194979661505,-48.150921239316,-50.6292103916224,-44.2632324163124,-42.9161935373088,-43.3910697783945,-47.3703479059743,-46.7912288438044,-38.8721631566373,-43.7014835856105,-42.9318766645867,-39.7013987783207,-41.3688110513412,-41.5485174486503,-44.1661923772058,-41.7196327197606,-44.6592556296151,-44.6969842720024,-42.5783389879004,-42.161217740637,-42.7873976635068,-43.5572244109435,-42.6430439237407,-40.1402892337137,-40.490006180653,-39.8015830593286,-38.6070327437236,-38.9415271778929,-37.5314564594108,-37.5901390317241,-38.0224238397661
-43.3510421776911,-51.4292686819437,-58.512748611778,-50.4107295771237,-52.6564822196314,-45.8900513877075,-41.2161869589815,-43.1776058952545,-42.0061976644352,-44.090496573549,-41.5416677297353,-43.57965031895,-42.40235231112,-39.7600936894147,-36.4692810142925,-35.4946283219464,-33.9758860486716,-33.502959241437,-34.0164828675306,-33.2959814697064,-34.8313501750158,-36.1017264017358,-37.9930853613912,-39.2916033037093,-43.7704290464753,-48.6519771439433,-48.806130456603,-44.9509041251136,-41.9564131544369,-41.2860121191657,-37.7191902973824,-39.6880610447657,-38.398711135005,-39.9128849778579,-41.2957339425652,-40.4628684360377,-41.6433633025923,-43.1934781436399,-43.9891103991395,-49.213530453191,-46.9923247545164,-48.5043179821368,-52.8463211894066,-55.0941363453759,-50.8638538137116,-41.3323552447329,-49.2042528215525,-43.8286108403818,-41.5091773458999,-43.3159735577883,-44.2293706104374,-46.9772835325502,-49.7483371076984,-50.7626710467205,-50.0094383177611,-44.3762743152316,-44.1262816638286,-41.7178872313762,-40.2431718166097,-39.6726389002118,-37.8179358028637,-37.6586357591453,-38.0396554267759,-38.6498672665746,-39.1227230195243,-36.3563443147047,-38.3026570667594,-37.9846963069262
-42.0841788103676,-47.1004704737017,-49.5816965294216,-48.9156538081722,-49.1221190773622,-43.509986949389,-41.1540303336879,-45.5543304683528,-41.2887452069047,-46.5213808081821,-45.1063307580919,-59.1256007688563,-47.0846356744175,-41.9323534604738,-37.9962150164185,-35.3459653659813,-33.9070933335895,-32.8442805244851,-33.0765708432648,-32.5339533476816,-33.1043798994946,-34.6493517815195,-37.3432124018103,-39.0058892546098,-43.7774749869078,-46.1485574675005,-49.3768559063043,-40.7224036682039,-42.1233542475742,-38.8001538794946,-37.3858787567632,-37.0677105402484,-37.0932292276355,-38.4688287742439,-39.2311557093146,-39.0348964885317,-39.5049976787032,-39.627921033324,-41.7333977628859,-45.8439636860419,-49.020022165334,-50.1583728398123,-56.1832706410549,-55.2507435769297,-57.073678629484,-44.4765751345978,-50.5347704215558,-43.3633139702884,-43.3265025689445,-43.6884795074201,-45.9230253998939,-44.3400708752673,-53.1795203663629,-61.6882530607036,-50.8885471448538,-45.8973970719845,-44.1526695732509,-40.1173447851398,-38.1291874227159,-37.9619294561014,-37.2780924342591,-36.7661076531163,-37.5395842131284,-39.3531832301105,-39.4993848630015,-36.6183451711337,-39.972907838221,-39.0558805169866
-41.0393061807319,-42.9931375133071,-45.408986729952,-44.218597905479,-45.1092958663887,-41.7198452200352,-41.7947158783701,-45.6071820672057,-41.1034512774239,-45.1255070107629,-49.5289794867874,-44.7092698103113,-45.4531448809131,-42.2247053212048,-38.0379396384193,-34.7106169553947,-33.7593066468581,-32.2017959068836,-32.0204455429655,-31.9853256260455,-31.8211606580885,-32.8481757711458,-35.1926952462809,-36.6281560024714,-40.3609306419817,-40.2938546721651,-40.3880021393579,-37.8056681292195,-38.4070333441879,-36.3948320617263,-36.9089629722987,-34.9550023058441,-35.8903235421044,-36.9515165180048,-37.4501222852657,-38.2868341587358,-39.3657390657426,-38.8088082493372,-41.2466856230319,-43.4159448804963,-44.4987208816321,-46.6728781725799,-49.2771769664968,-53.5394636465897,-74.1322631256448,-43.6260830471364,-46.2193622306192,-42.752219325379,-44.8552259682619,-43.1575737084928,-45.115062783367,-42.1057446115588,-43.3202517178519,-46.4109070719854,-45.6715288332769,-43.6566676219453,-41.571978872783,-38.6122621784768,-37.0533603275697,-37.1121923397262,-37.7264226730925,-37.3215304794634,-38.2065570216223,-40.5681317311042,-40.3623694638686,-38.4746130447,-42.3782536284016,-41.3626735732718
-40.9619168442861,-41.2579110341182,-43.2052523225675,-41.9652526083299,-42.6866452307922,-41.2380315503248,-42.9817146156295,-43.5638830388283,-41.6639715977058,-42.3246107342333,-44.9236171243643,-40.2784345980901,-41.2529692406901,-39.976729130544,-36.6237964307942,-34.04741769442,-33.3970960279635,-31.7215668154021,-31.2679311514421,-31.6957035201257,-31.2177827767094,-31.6481554905002,-33.0663523526273,-33.8605543460661,-36.4154104300207,-36.4607471812063,-36.2435713816765,-36.0143802594193,-34.7869772573143,-34.5957292874567,-35.9254860268371,-33.6285104157645,-34.9347049211991,-35.643264247313,-36.0883635395498,-37.5726179140618,-40.0541902026775,-39.9255912293058,-42.9769958509521,-43.717744912462,-43.1285598928427,-47.6437408153814,-50.4002899334505,-55.6382215176854,-55.4932831144276,-41.6360148012695,-43.6625557824803,-42.909761265364,-45.736918608245,-42.3676920593645,-42.900866842164,-41.3844864332151,-40.0583949738089,-41.5643779004395,-41.8627369708058,-39.9878520379895,-38.9077415698254,-37.6002532187206,-36.8009889696704,-36.9042899039587,-38.528858581265,-38.956484999417,-40.0410698840344,-42.2310360918633,-42.1156516504758,-42.5921858634834,-45.1093169303489,-44.4825036423087
-41.731979832593,-41.0955058681891,-42.1806456945966,-41.6729038873139,-41.5258824815986,-42.1891834775108,-44.4934738939817,-41.6375178150714,-43.0352032306949,-40.764078765847,-41.2700618180105,-39.054683581246,-38.7533047433844,-37.69777050166,-35.4321532281838,-33.7123001923943,-32.9100249954367,-31.6133947286052,-31.0196153237589,-31.6374627630763,-31.2764648896523,-31.2950306217659,-31.7906643056383,-32.2002551930355,-33.7529893566964,-34.2418925011692,-34.1733061970919,-34.8965578018497,-32.7598982921185,-33.5053618437677,-34.5008917546022,-33.0230963225734,-34.1910187499141,-34.5909224320951,-35.0786304688268,-36.7197271041231,-39.863862561157,-41.4582294463373,-47.0010475383168,-48.6088243853527,-47.0099884289275,-56.2749925441653,-51.4393266123573,-49.8801160238187,-48.7755486022939,-41.9331534023355,-43.200859691432,-44.1702411332798,-45.6993849409226,-42.1863466156518,-41.4855675325482,-41.7574679274948,-38.843859873132,-39.038792243501,-39.2250329067102,-37.3707550002249,-36.9854036005711,-36.9952705041136,-37.0288698775551,-37.1215345109168,-39.1299052398421,-40.9036989519189,-43.0609612906018,-44.5128355025504,-45.2116036453374,-51.6495208997711,-47.87011066944,-46.9552147031582
-42.9903350785573,-42.1787360116225,-42.192578406097,-42.9431889766582,-41.9116703304392,-44.6807336773978,-46.0955142024022,-40.86819103039,-44.8968924312471,-40.6239643354033,-39.8849986058165,-39.3915667959207,-37.5346479323718,-36.3865014156256,-35.0989546087169,-33.8092491089734,-32.6280066736629,-32.0255917682594,-31.3264447466834,-31.7760869373237,-31.8448076800799,-31.7394402844153,-31.5417107853705,-31.8709596932291,-32.4906054533776,-33.3284236272545,-33.4245572013638,-34.2854562443106,-32.2396749342881,-33.0921380797087,-33.1035677371142,-33.0103006067552,-33.5865580540752,-33.7546006647297,-34.3367422107122,-35.961579887249,-38.321671829827,-40.2825469652136,-45.9942805930002,-51.8361720774463,-58.9207681074722,-48.5620571407822,-44.9946981948936,-44.0034059851256,-44.3108781903974,-45.3901027272732,-44.5145614911529,-47.0345293525015,-46.1533660612264,-43.75837430926,-41.9087429465582,-42.5927783303435,-38.4546087584308,-37.4439511997327,-37.2858202170165,-35.8166055841606,-35.7443208584441,-36.502823984635,-37.2604676815552,-37.5025251509365,-39.2699864519298,-41.7544647808236,-46.5271055562688,-47.7369982453456,-49.8804022027241,-51.7065360931882,-50.8230360868034,-48.7373089699277
-44.2683682042906,-44.2484504436361,-43.3107737165042,-45.2810263740806,-44.4723890702169,-48.9335478169137,-47.6550190096891,-41.7349366903605,-46.5532429606591,-41.7656663715367,-39.8226697600535,-40.5942254014073,-37.3528979675539,-36.1568585347785,-35.6272475368147,-34.3346101556365,-32.8674978981242,-32.9504471140422,-32.1415300573609,-32.0891581550007,-32.636673525011,-32.8102916476891,-32.3497907770114,-32.8785415989114,-32.6662006450363,-33.6785542461992,-33.8591296790228,-34.2534878592385,-33.1043893886336,-33.2610802585945,-32.2240236646415,-33.3949439087065,-33.1116176846034,-33.1356742938222,-33.8473641291229,-35.4515710757435,-36.7251695773692,-38.0421180282372,-41.3774655259056,-42.1327981027588,-42.2599885986016,-42.0675731361206,-41.1135314963827,-40.8246529807389,-41.3612076858221,-51.2701954485522,-46.8923503238864,-55.0228110938435,-50.4165203107039,-48.784777652314,-44.3929838599554,-42.6086157143774,-38.0528969899577,-36.1583614398918,-35.7437178018437,-34.9456293383729,-34.9366364181515,-35.8549426294786,-37.0257710092383,-37.8216668023995,-39.1690731857722,-41.3535502393149,-46.8017925442024,-50.4450991393,-51.7194410993184,-46.0091637053253,-54.6550622933582,-51.7295643731735
-45.1799567641645,-46.3734669647512,-45.6228727272946,-47.4233151529782,-51.1994896351883,-55.1503978247795,-49.5304053054728,-44.5344134154475,-47.6960810005211,-43.9792015943556,-40.4223507632812,-42.3960972136232,-38.2367913209765,-37.0126304028447,-36.8332920043501,-35.2958095723087,-33.7975171809629,-34.1941434993744,-33.3275713685403,-32.5816837314736,-33.3346855629314,-34.1538696982785,-34.1268711156478,-35.2720266117965,-34.5355997300631,-35.5266808006272,-35.7207959077324,-35.0129049471004,-35.2733102395778,-33.8777947059706,-32.1619189043696,-33.8399670492062,-32.8570561326278,-32.8468367603393,-33.6733817948861,-35.1466376294425,-35.7085389169644,-36.795311472686,-38.6970223809959,-38.1847353465485,-37.8101353260733,-39.4116571490503,-39.4500928681763,-39.3608322772845,-39.6374111804953,-44.6529949764268,-47.3916383177399,-50.9260386263538,-57.9087102405496,-48.001057041576,-43.5503205188837,-40.6823292408683,-37.1563273352409,-34.9415279995311,-34.3782580736862,-34.3079107522342,-34.2642215581267,-34.9757114560501,-36.1623556002751,-37.9057621258414,-39.2836962722094,-41.1982573038376,-44.8517962896255,-48.7006310090266,-48.4930883566238,-45.439964725805,-61.3665205835796,-54.7409770197021
-45.672467376864,-46.8181455090579,-48.4822192728685,-48.1594697870017,-62.148306317245,-58.8777730166337,-52.6941153953118,-48.1783112765257,-47.9568064981191,-47.0045622580406,-41.6234644919362,-44.8401586389385,-40.3943314955719,-38.9035339535639,-38.3679017531335,-36.7253961242689,-35.4367400878115,-35.4370934694382,-34.6515619560152,-33.3209202253542,-33.8611130644495,-35.1593965822827,-36.2670669110971,-38.8881648607837,-38.7875199097187,-39.7955094684401,-39.7495273303771,-36.9023475919415,-38.2610231065179,-34.7818113552181,-33.0405844460212,-34.0256008761601,-32.994724826744,-33.0787372993704,-33.9152377200499,-34.971444203176,-35.2689613025472,-36.4901099053863,-37.2852618019236,-36.6512475559632,-36.4075899278214,-38.5073021763507,-39.0766001842885,-38.9798150906603,-38.8499665642234,-39.6371515755027,-43.7051807554254,-41.7448872406339,-42.7709895630785,-40.5505776917903,-38.3188676044338,-37.7329856253182,-35.7619615517095,-33.7442998444179,-33.0561896131686,-33.4761453681922,-33.485908896166,-33.9574798130357,-34.9577643464026,-37.4799083980523,-39.6470131987393,-42.443721640204,-44.6383251783068,-47.0129269630823,-46.8167874475495,-49.215604319958,-53.9303497416369,-53.7841058420769
-45.9570073173279,-46.0108302817962,-48.7838217141432,-48.1245084762706,-49.4883632306984,-54.6167371559325,-53.7891618959831,-48.6549120518317,-46.7043443317837,-51.1793505372534,-44.3727129796823,-47.857196631403,-44.1402377534066,-41.393614212039,-39.7347870276434,-38.6067502310392,-37.6285496696201,-36.4651608711451,-35.8821961919605,-34.4552463838706,-34.452704407029,-35.4554652729906,-37.3102707574154,-41.2238654673782,-44.3509276187186,-52.5956830066667,-45.7530803381395,-40.2691038517476,-39.6185374034786,-35.78595493176,-34.8099768411784,-34.1070619859655,-33.7474553964169,-34.046943614973,-34.6854032861276,-34.9899424301095,-35.2787346031415,-36.5793683989135,-36.4972206573383,-36.41378422555,-36.6627147030279,-38.3452941115142,-39.1842635501589,-39.1583162210552,-38.767916196371,-36.9261359787989,-39.7198563822742,-37.4450820236391,-37.4148924526939,-36.5731726097511,-34.759394801502,-34.901122043445,-34.0412640649275,-32.5182212439136,-31.7326288103205,-32.2270356490184,-32.4477417337393,-32.8622957989472,-33.7826224289519,-36.3337658124982,-39.2728822661496,-45.3226282229881,-48.4106272170829,-48.568989842738,-47.519321586965,-69.1053334577521,-46.359077641516,-50.2459646073798
-46.1027041578339,-45.1816502600958,-46.4763603713045,-47.7309938657648,-45.8745563119208,-50.3981840080548,-48.2096494510588,-49.417056790309,-45.3990515882714,-56.8959352547158,-51.488624655535,-51.9281468728711,-48.6624250094216,-43.060111987816,-40.6764558617291,-40.754618681506,-39.9844090930998,-37.4278173933421,-37.0889870695843,-36.1835287457607,-35.4125827723348,-35.5207972263795,-37.0444124020268,-39.3938122212969,-40.2543173557526,-44.8571430826977,-41.5201243465746,-42.3292289795366,-37.9209337027797,-36.661116628258,-37.1035806348464,-34.6546991045242,-35.3988749681515,-36.0223260586002,-36.1487422351326,-35.4662294481663,-35.6858480351738,-36.546327911984,-35.9866038568618,-36.674212549254,-37.5803471167764,-38.1281359651442,-38.9894693997061,-39.4028178181562,-39.3186812508511,-35.8610506295884,-37.2696578379979,-35.557245303583,-34.9625713887096,-34.5168257422273,-32.780086190894,-32.5435610226939,-32.1630294592562,-31.1859712970741,-30.4059917814096,-30.6395412852234,-31.0666602553265,-31.6132220874449,-32.6735811294109,-34.6659216230355,-37.3459968990147,-43.9547569729896,-58.8779088726062,-53.2669438770505,-48.7213216483538,-45.5982593770475,-41.97662019559,-44.8381762011782
-45.7964570933026,-44.3023309398101,-44.30642133262,-46.6745962636503,-44.0180303186004,-46.9474800523362,-44.2518160834497,-51.9166669874341,-45.4669739244645,-51.5701946882237,-51.9254152207316,-66.1966872890611,-48.0918278740163,-43.1035858404694,-41.4476068596068,-42.7069986434281,-42.1213840356755,-38.8996193186979,-38.8421694648663,-38.6581749760702,-36.9138359114539,-36.0262661601216,-36.7424763138332,-37.1258613186166,-36.8195673496804,-38.0420177413769,-37.2196885743772,-38.5271880958882,-35.9487693505237,-37.1557172829893,-39.0385161099422,-36.1151745518195,-38.3714082556427,-39.5555550621945,-38.6689092898989,-36.8391779060026,-36.5727066403308,-36.2534006362438,-35.5937599251274,-36.7157955692079,-37.975098322544,-37.4751061278482,-38.2244582874223,-39.4027926276928,-40.5356781690347,-36.6537385147191,-36.7469226578902,-35.5966878066848,-34.3724143949573,-33.6543989819066,-31.7655655964182,-30.7046435181184,-30.3261197154241,-29.7351927628944,-29.0860782538779,-28.9710557199197,-29.4351825269467,-30.1425780556709,-31.3643505483683,-32.7964044852828,-34.8008297826864,-38.7065074248011,-42.9576911064135,-44.6495933501984,-44.1457960030051,-39.5625151956288,-39.438452627645,-40.555321975695
-44.7513434702925,-43.3527305954968,-42.776326124465,-44.9761848991833,-42.9823946282103,-44.2395796758725,-42.4073460306818,-46.4332796262909,-46.8928578023531,-46.2657760559615,-44.0872092940445,-51.5125869244176,-45.0990713638866,-42.7734564918072,-42.3118235123036,-43.8858233943039,-44.3639346071544,-42.0417481306138,-42.1264786535171,-41.5392047492172,-38.8340079826783,-37.114188260488,-36.691993643097,-35.7247203627164,-35.5277839886297,-35.2575416078471,-35.2065717979173,-35.205883608185,-34.8196652216107,-37.1252935926281,-39.5364079429401,-38.2359982094345,-43.135265785013,-46.7088304448443,-43.1848007173048,-39.6756232917866,-38.0069676833329,-35.962892820886,-35.3110793542188,-36.2305993758239,-37.2455090173698,-36.6062336427538,-37.3778667624102,-39.2831660664142,-42.1514528270476,-40.4018456173727,-38.6724360603861,-37.5061151721523,-35.093013095364,-33.4505422489579,-31.1732660176576,-29.3593109177467,-28.7247451391554,-28.2737577325475,-27.8073665150831,-27.465177671675,-27.8236807255957,-28.5791198093084,-29.7474201355273,-30.9075696519123,-32.4425705770739,-35.0047031684783,-37.2662103624703,-38.7093585685721,-39.3361674997662,-36.5299247474144,-38.2422973016728,-38.0695441965446
-43.231923713566,-42.7209505644726,-42.0132975245467,-43.2714516372495,-43.0366035131913,-42.567488155138,-42.2662134773068,-42.0321117511859,-47.2735725782374,-43.5509961620997,-41.1163833276543,-43.9200772175138,-42.8535717411253,-42.5490781410944,-43.0355013976679,-44.0989019391585,-47.2524603674813,-50.7261616595489,-46.7814592191087,-42.6669925984362,-40.312122261605,-38.0917027817392,-36.4571669724364,-35.0316743463727,-35.2809528174915,-34.1626706570078,-34.5028257792951,-33.6010429597493,-34.6288859974923,-36.7037672243179,-38.4003998889784,-39.1474104814182,-45.4166076230839,-57.1627462975493,-49.4584458357806,-43.2403416049682,-39.3495366343481,-36.0169066036876,-35.280030046698,-35.4444667391709,-35.9202426536515,-36.0182605058833,-37.1033607300281,-39.5056758856165,-43.1092453674168,-52.8123408038288,-44.5859900276435,-40.4644475716419,-35.9665462661696,-33.2745585638581,-30.6271684077471,-28.4614278809792,-27.4805967097858,-26.9678340966568,-26.6388058954351,-26.257117399249,-26.47605168493,-27.1594578930029,-28.1068587768801,-29.1621523645803,-30.456628231075,-32.5836623163533,-34.2863219382962,-35.6323373515963,-36.5463949678301,-35.32310430802,-38.1669960719633,-37.2200332367278
-41.6907018884781,-42.4839744873331,-42.2614527216801,-42.3989328145966,-44.4287020398874,-42.3681731746226,-43.7344254794244,-40.6000900391515,-45.3066013318813,-42.3222009863979,-40.2422590980838,-40.1329351101816,-40.9716679934139,-41.8168436745768,-42.7748886411757,-43.2302356151659,-46.2708628300318,-47.3278526774905,-42.8851590529781,-40.8366567040017,-40.0251911840815,-37.8433282722559,-35.8696097626114,-34.7947672012646,-35.2873111402375,-34.0671426760863,-34.6252017209403,-33.4039386729468,-35.3267856668233,-36.2777925867539,-36.7634878282402,-38.2257335142401,-41.3328616659627,-43.2557402352973,-43.2962286692139,-40.9209029698435,-38.7718568772309,-36.4786287518955,-35.6023976886953,-34.8170527080891,-34.8809706789232,-36.0893116855879,-37.742474195276,-40.3514370101421,-42.9193827774068,-43.5276349261496,-45.6945630271529,-40.1841853504967,-35.4603609340944,-32.7066979683778,-30.0895174427839,-27.9372417840547,-26.6233774989891,-25.9463940058311,-25.6561310996567,-25.3730203473116,-25.4880149728775,-26.0401121514617,-26.771032277488,-27.7424606639261,-28.9233559105819,-30.9341964516988,-32.7058766731301,-34.3380865264183,-35.4975667064782,-35.7916696464299,-39.1591478366647,-37.8955961165603
-40.385277878851,-42.0912016123565,-43.5541199663627,-43.0567295141487,-46.6393281193885,-44.4266752811781,-47.2327222387009,-41.4374489564374,-43.6261333934564,-41.8453875938372,-40.3624804267439,-38.04161894173,-39.2381891893028,-40.1583998680762,-40.9362018855742,-41.0483362803778,-41.1823091198615,-39.2491802435039,-38.03975235251,-38.4962614213769,-38.3330603423904,-36.5974042420146,-35.1835313704104,-34.7610708889103,-35.1064461586176,-34.5440099289847,-35.2698819001687,-34.384036436673,-36.7898140455463,-36.2846137088779,-35.8099364603972,-37.7029499037484,-38.5349393783958,-38.8379580665012,-38.4614970883681,-37.0623263792796,-36.6821372488926,-36.805154961367,-36.0649570244026,-34.7510335703397,-34.7501149294287,-36.8318913100733,-38.9560224444773,-41.2045088851233,-42.6192025549683,-38.8090450929597,-39.6645484587688,-38.0478968471617,-34.3879615637041,-31.9951995335526,-29.7365755211696,-27.6765902205201,-26.1079862408558,-25.2566621791238,-24.9046611884362,-24.7620050766253,-24.826821463095,-25.249557341686,-25.8714390489489,-26.7711581659707,-27.9302558014058,-29.8216639242421,-31.9492258159666,-34.306317224886,-36.0182773125572,-38.3075420550663,-41.3819292859261,-40.197203242732
-39.4279551659045,-41.0729040925085,-44.5203626924368,-45.6600279263937,-47.7027045840692,-51.951238716338,-54.7833608205608,-42.9701864914529,-42.3005482538821,-41.4276423488332,-40.5876194404776,-36.86738786011,-37.7560253381547,-38.1315025261786,-38.4212258154314,-38.3749146292705,-37.5150529047137,-35.7201228895365,-35.390738411601,-36.6420531587313,-36.3866742063688,-35.2661130490014,-34.6068025645042,-34.7384886513527,-34.7207221254051,-35.2220123776042,-36.0836584703224,-36.335340969996,-38.8043117138336,-37.1137128625025,-36.1571307330437,-38.4551610781644,-37.3320302152209,-36.7587817183434,-36.0259245481663,-34.9804726917442,-34.970045959239,-36.26266612679,-36.2161453293354,-35.4260182200583,-35.7402740398796,-37.6460495601425,-39.3319725444483,-40.7870721491593,-42.5641058344043,-38.8855514082959,-38.2496341605396,-37.6378323278089,-34.1582847223928,-31.6043217136455,-29.6580233151958,-27.5507592756415,-25.8459211511229,-24.86631870095,-24.3840027093082,-24.3325471990327,-24.3906961924667,-24.7317414480273,-25.376290371002,-26.2714803929887,-27.51103780575,-29.2119115400829,-31.660019683778,-34.9430452199168,-37.9073498142973,-44.2517094865463,-45.4692283151576,-44.7977611682398
-38.8804841677364,-39.8618080397252,-42.7285110425797,-46.4592678275847,-46.5202614673336,-52.8156780130238,-51.2019159148486,-41.7374194824495,-40.298153437884,-40.566330622035,-40.2951007588895,-36.3583870204446,-36.7612682845451,-36.5272014238808,-36.3901426931793,-36.2739866765884,-35.4551078977379,-34.1852576468311,-34.2074302141891,-35.3056186506508,-34.7444227332911,-34.2585817283477,-34.2628553612254,-34.7334246387379,-34.4117807017959,-35.9099421645444,-36.7073977576383,-38.9601632039954,-41.1285295143141,-39.205695171979,-38.3260171517082,-40.0186532071846,-37.2704391440257,-36.0226399046245,-35.0439726087198,-34.3076067164986,-34.1562206156646,-35.2054914256504,-35.982314725615,-36.593661434397,-37.2841242307952,-37.7603099161483,-38.6248420215043,-39.9345548682332,-42.4705468495584,-43.6352472235545,-40.4830187231593,-39.3667084537426,-34.9819938103306,-31.6509420543135,-29.7171018752385,-27.4609544251257,-25.7405917734179,-24.6861417803041,-24.0546157103094,-23.9911513740842,-24.0671078707902,-24.4008354160993,-25.169799790125,-26.1790327645485,-27.6054726205528,-29.120474425846,-31.6243678998111,-35.2938223726054,-39.6687263689347,-49.3826313563935,-52.0880280740305,-52.6070274097122
-38.7863843772049,-39.0346916013545,-40.0530647043985,-41.7877007962645,-43.5392134914455,-42.672086331436,-43.6274875560166,-39.5939656598549,-38.2019679941294,-39.3878326271317,-39.479367683891,-36.7349733112401,-36.5588180415848,-35.8440014349952,-35.37381584683,-35.1749171411712,-34.6265069505964,-33.9294518474044,-34.0751729268895,-34.4423826841088,-33.7104636447235,-33.8022504837109,-34.3574445345971,-34.9933394446235,-34.6323306429202,-36.7595171376248,-37.2444508865683,-41.8503369350284,-43.4708396650335,-43.3843890822874,-43.7401989645821,-40.9110290027096,-38.0360856210952,-36.2604083670569,-35.0641839511005,-34.5893646400669,-34.1108144092754,-34.3755212951847,-35.6199932710983,-37.2839534992998,-37.6074431938864,-37.611247269959,-38.6149389301381,-40.4645488044189,-42.9683360679136,-60.6191010522628,-47.3587267297802,-42.4839024854624,-36.022174694562,-31.845291382054,-29.6389020411904,-27.3696029660503,-25.7073340261009,-24.6007562500369,-23.8520795624498,-23.6776734273212,-23.7805956156296,-24.1838773540967,-25.1131006431342,-26.3712529332961,-28.0619398084093,-29.4968418483297,-31.7673404419449,-34.8810166120061,-38.567693243222,-42.5565719734021,-47.9935279441497,-46.0974478290075
-39.1315033099934,-38.6915870876301,-38.1882117389251,-38.2348730364708,-39.9754065316949,-38.6330925888304,-39.4136075907461,-38.754983210547,-37.0734214473414,-38.4899959002945,-38.7260408422572,-38.5679008716875,-37.5460093589583,-36.4133375193774,-35.5711017714379,-35.1091008977802,-34.6744393304019,-34.5630377258822,-34.6941282942148,-34.0612867664798,-33.515644098497,-34.1541102039899,-35.1922685797088,-35.924207370726,-35.908216534864,-38.1469993479574,-38.2956995352898,-44.5768394503932,-44.8046424376831,-50.4070485067516,-76.6163023537684,-40.7725741915155,-39.1202008050713,-37.0825637412543,-35.6651742201541,-35.3270364188314,-34.5147225035663,-33.9053432898489,-35.0543104822721,-36.7153919593342,-36.642662717852,-38.1229625839054,-40.3895661400075,-43.6545025896694,-45.8352267253036,-44.5763600439731,-46.7359551017361,-43.0456468765668,-36.0673598201881,-31.7994708391048,-29.3018313002276,-27.2590683668291,-25.6603688794558,-24.4963814891739,-23.6978631286793,-23.3778403380117,-23.5135450433332,-24.0435294193161,-25.1062556761558,-26.7137415648806,-28.7045936797633,-30.2386224106097,-32.1957563373488,-34.4685059850248,-36.7030593874037,-40.1812201338275,-42.3741097340803,-40.5465935514484
-39.6216217170968,-38.5121082344589,-37.1102425951899,-36.2967743050305,-37.1230907302674,-36.6060413377351,-36.8834119095427,-38.7933450610691,-37.3162845176493,-38.3975833243441,-38.8245735661733,-42.9645714704485,-40.4426866999092,-38.5817068877411,-37.0068911585902,-35.8040679297811,-35.1666136997383,-35.674959743313,-35.6151210402402,-34.2058248047788,-34.3432431748645,-35.5990937262446,-37.1672333353965,-38.0861181370642,-38.9216690057328,-40.4816133854344,-40.4477518557532,-46.3164048154404,-43.7724122074995,-46.4408731857877,-44.7047370406909,-40.9013419836404,-39.5027386744494,-37.7025853523948,-36.2131178928358,-35.8637053483526,-34.9949746698025,-33.6542391699875,-34.2172316144024,-35.6684081448066,-36.1494607280529,-39.4302792975815,-43.3727639735311,-47.9766442351312,-53.9757039581976,-43.4831845673315,-43.6644180400343,-42.0280574971446,-35.6697396625078,-31.4821690160639,-28.836832293729,-27.0465283473343,-25.4866942056925,-24.2750801279001,-23.5058445945718,-23.1016829166962,-23.2882485705932,-23.9729666073036,-25.1370247291016,-27.1217195432288,-29.4759827990421,-31.3710579870722,-33.2928997250779,-34.9812150262611,-36.1203079225472,-40.0455741043878,-39.0738275350199,-37.6445913207346
-39.3793624369885,-37.9406550127464,-36.4014137700868,-35.3555618418367,-35.2527494068402,-35.5863559081552,-35.4666450666168,-38.1819945607519,-38.7563342345809,-39.2830923443,-40.4948634944513,-50.560654970594,-47.4884189314496,-42.2868307770667,-39.0191942008363,-36.5243350343827,-35.6562847059499,-36.6039659988478,-36.0947977179166,-34.9021412556081,-36.3284502733914,-38.4739289776464,-40.9734724937198,-42.5246108947152,-45.3024916873106,-44.2080936788224,-44.0818741507057,-45.7280737438063,-41.643210638111,-41.8163636877122,-40.1192545014793,-41.2230681235942,-38.6384666051817,-37.3152448729647,-36.1279516393248,-35.6939582746025,-35.273937155694,-33.7241783795597,-33.6150518840559,-35.0627948903092,-36.6922189899023,-40.5369250443631,-42.3109499006575,-42.4281163830519,-45.1976093896287,-52.3842550624973,-47.8674112878222,-42.8091624992097,-35.6018527130587,-30.9833104033484,-28.2959979912445,-26.5614068175728,-25.0589116813918,-23.8644582735263,-23.1955500659119,-22.8457679670061,-23.121171239058,-23.9599506812292,-25.2490234031817,-27.5728902592265,-30.5002227705136,-33.2364231696041,-35.8896543079187,-37.2313991096529,-37.1630599329196,-39.7655300272906,-37.0574176657141,-36.3117814995927
-37.8656021655823,-36.7189243198569,-35.6759032205655,-34.8787551116983,-34.1750029734185,-35.0554580414577,-34.8596593789434,-36.5081569729649,-39.6213052507487,-40.3257221637716,-43.6692983010401,-44.7047110531268,-49.4241802423976,-42.7684942822504,-39.2792576132904,-36.5326501513689,-35.9688318111791,-36.6011249358549,-35.7516003392694,-36.0688511546939,-39.2188992082531,-42.7251657964184,-47.2223437445184,-51.1985842637026,-61.5580733147125,-49.8603070790813,-49.1542508628266,-43.4035712946875,-40.0422992137947,-39.8903178802921,-38.7182107899913,-40.2298707510156,-37.4029425176635,-36.3275975037079,-35.6058310874644,-35.0712439520681,-35.3116976901016,-34.4597347354169,-33.8892712214412,-35.2656214622979,-38.0359605720349,-40.2320145539793,-39.2785408074257,-38.5703293881903,-39.4398382917976,-43.1463476290724,-45.6046221630656,-41.0945226224796,-34.5819735917297,-30.0183517264279,-27.4521555683661,-25.6792149175817,-24.3099642504968,-23.239386031773,-22.7202090055601,-22.5705153794357,-22.977564013821,-23.9362745260983,-25.4063572786875,-27.9720199786537,-31.7896803825901,-36.2627405202535,-42.239569759188,-42.9493598431176,-39.5729523806285,-37.8003048497486,-35.9360655496108,-36.1009378213574
-35.9624503449927,-35.2445853654568,-34.8400653758489,-34.531890797559,-33.6739258986414,-34.7280189788221,-34.8389087210978,-35.0256571913909,-37.8745172451875,-39.423603893262,-42.5301295551496,-40.5139288417655,-41.1614748067114,-39.2880955708755,-37.6693574551286,-36.1806449847812,-36.197456901987,-35.7739989431523,-35.1903800353536,-37.376598475288,-40.7647160816986,-43.6522376654301,-45.2648752481265,-46.5366386658987,-47.4394442751527,-53.9652477240738,-50.8857714583949,-41.1477127752701,-39.5259378392037,-39.4488919228782,-38.8993020180959,-38.2760150512752,-36.6411414487009,-35.6873701377508,-35.3324310876204,-34.7262369783475,-35.3652752724818,-36.0963570969187,-35.4577403931034,-36.4398303859761,-39.6099128240791,-39.1426512561791,-37.8083433810821,-37.2861683299058,-37.0719658730885,-36.1278228913206,-36.8546978408281,-35.8010816861847,-31.814839728807,-28.4065958462188,-26.1546706050993,-24.494379026987,-23.3061861602425,-22.4436322949744,-22.0940286610178,-22.2120200131839,-22.7612008727645,-23.7656424244895,-25.3694682944285,-27.9385901011367,-32.3651342875929,-37.9715635220366,-45.1200779735514,-46.0238968666925,-40.3632337682605,-35.7286920736885,-35.5775302148529,-36.6446781403148
-34.5342601198142,-34.0687806840672,-34.1019960007397,-34.2777044770379,-33.7127898117642,-34.568968112556,-35.2285209272519,-34.4623106896522,-35.808531116867,-37.3066121075072,-38.3688522490565,-38.6818866752667,-37.702687499181,-37.0515484599715,-36.4241676849153,-36.1784647813212,-36.373791126148,-34.9986984277877,-35.1592633215687,-38.2655943904387,-39.2790876672633,-40.3911981491893,-40.8464792828048,-42.1366344650641,-44.1408257042022,-49.0579698744617,-45.8315799249721,-39.8890548001231,-40.1911996988307,-39.6162202322866,-39.5660485876907,-36.9050909451761,-36.6676165685287,-35.913571524064,-35.8124010731773,-35.2536429973835,-35.896542481925,-38.4191888893002,-38.5797568472059,-38.607246882061,-40.5833436300903,-38.3032793629004,-37.6759696736039,-37.7255062693839,-36.7128232885767,-33.44399290126,-33.0614116551339,-32.0306904684762,-29.0880049573777,-26.6265668069406,-24.6883156534451,-23.2637322793291,-22.2252369798091,-21.5825757281817,-21.3902251155193,-21.7247773219211,-22.3686553435242,-23.3340627393917,-24.8525583560527,-27.067252309349,-30.7877802436541,-34.3523404864661,-36.1770817694045,-37.909063625262,-37.7095232312818,-34.7042529982,-35.9600728816153,-37.5029677357164
-33.8276119008982,-33.5031813765662,-33.7443927050614,-34.2688355063006,-34.4432465595972,-34.790748987594,-35.9440421861181,-35.0284348086213,-34.9411210575946,-35.9450426878388,-35.9744766667906,-37.6655452990662,-36.2063646956728,-36.1698176912678,-36.059230833489,-36.6397131315004,-36.4824468949631,-34.9542396612917,-36.0713469661678,-38.536629642109,-37.754025082613,-38.4060830714609,-39.2276294469666,-40.9574105601609,-43.2481172017158,-44.6351759977782,-41.7773120215365,-39.9462542647847,-41.4613394814874,-39.6450912553685,-39.5165587173434,-36.7017787647435,-37.6043073347221,-37.2549026918207,-37.3562088666269,-37.0850368369096,-37.4059670267221,-40.6292802940831,-43.242858851091,-41.1804212647427,-40.5171619336087,-38.3627705054905,-38.4594503787341,-39.2040930902493,-37.6996823196633,-32.9293461150069,-31.6391228599656,-29.9554798626204,-27.3023757866132,-25.2187368380856,-23.4620270288292,-22.2152822620169,-21.2598668919647,-20.7846196961774,-20.7070029824323,-21.1234886012816,-21.7819704896457,-22.678831349145,-23.9393590459521,-25.6569631599225,-28.3410820390131,-30.9914185339502,-32.5162217239582,-34.3828626521663,-35.6838304509936,-35.004525476268,-37.1450310148194,-38.3112097701217
-33.7929550664366,-33.6438560609618,-33.9724527762328,-34.6846313070265,-36.0153861307672,-35.7990801752901,-37.115086484337,-36.909443803199,-35.460701179314,-35.7916645652131,-35.1728787250505,-36.8862774840221,-35.8065859184689,-36.116917608914,-36.3053022573342,-37.2041479581225,-36.7163551133217,-36.0435807088813,-38.1786777415775,-38.6996108290091,-37.5252003036021,-38.1860142171739,-39.6531147415926,-41.3841560231016,-43.0938963104165,-41.814220005129,-39.6972550321173,-41.2596556248596,-41.632552696448,-39.6261769639082,-39.0752608983383,-37.8648653085349,-39.5676492797674,-39.9433537873526,-40.2750071674612,-40.7347465316859,-40.3970806689146,-42.4527428166104,-48.1691298350408,-42.6913684795763,-40.4569468550141,-40.1675178756392,-40.2790237170327,-40.8153341066038,-38.9895960445123,-33.4956550126354,-31.5198473169303,-29.0704344414798,-26.4303231179586,-24.3828218138851,-22.6820014834272,-21.4666347373833,-20.5443774481518,-20.1563699092505,-20.1277255847837,-20.4852940109696,-21.0992376974771,-21.971433415038,-23.0313503573523,-24.3891335698791,-26.5214685517551,-29.2237347712419,-31.2098664767427,-33.2886455499342,-35.3607415807301,-36.8860762987771,-39.3254436829537,-39.1342960832098
-34.2529225687977,-34.4273087819178,-34.8581941572254,-35.6618544199156,-38.1836099998708,-38.2403824766564,-39.2859737974877,-40.5013472092193,-37.3420078181216,-36.6790230965576,-35.4534197501021,-36.3768198205792,-36.0948198688726,-36.4875084631751,-36.8467193420572,-37.5924863639077,-37.4385430158502,-38.6918287278878,-41.587890468147,-39.4144836820993,-38.9082812534439,-39.78188112521,-41.7584936106123,-42.3880857977616,-43.4322742780558,-40.5019170553906,-39.506908530249,-42.9400445475233,-40.7737920771859,-40.3652951871963,-39.5604979248706,-40.7102311891149,-42.7373649636938,-44.3479911409401,-45.1001704089306,-47.2781901899036,-45.3830201563567,-44.3315279732823,-49.5992217743622,-43.5182123390342,-41.9481167525525,-45.8714185449352,-44.093655135037,-42.1299715094313,-39.3141136521199,-33.9810193766077,-31.6746776535744,-28.8352929585488,-26.1806181593612,-24.0809951890266,-22.3570778349305,-21.0442938517962,-20.1353900148732,-19.7535275598853,-19.6972314369376,-19.9112147509748,-20.4663951168958,-21.3798924575872,-22.4322251529869,-23.6473315231735,-25.6278536843246,-28.7293653998978,-31.3813302149007,-33.8269991186445,-36.651122180354,-40.9739062917281,-43.005714205794,-40.5625365125599
-34.9452291884255,-35.5841974366181,-36.2201462468904,-37.1504506402245,-39.6910884793903,-43.3989598600286,-44.0695671455319,-46.733719987432,-40.2558091504438,-38.0794087536367,-36.4000970820914,-36.2431811020186,-36.8449461380271,-37.1117596377797,-37.6142813014538,-38.0540362066789,-38.9911446454093,-43.5609268671408,-45.0110042718959,-41.3006355536577,-42.5367928124976,-43.6402690923276,-44.8490188291241,-43.4895210673664,-43.9922767607198,-40.7511430800593,-41.307973929283,-43.6067559543576,-40.9335776304319,-42.5924996010264,-41.7936900717091,-46.0507325131122,-47.3988725524408,-51.1799053867493,-53.2102156987362,-59.9325517358814,-51.4518909536377,-44.9630261355093,-46.3564424511607,-45.732375321619,-46.5515929802361,-58.9981713380524,-49.6594500368686,-43.7907620704608,-39.1620376306132,-34.1869410224427,-31.5139497394927,-28.760355262856,-26.218983712448,-24.1687259486868,-22.3860523314835,-20.92206937052,-20.0205206961163,-19.5721624518972,-19.4176667985428,-19.4804330478998,-19.9934399631748,-20.982316089875,-22.2093836840309,-23.481606182009,-25.5075361420622,-29.0944608643186,-32.4051103480186,-35.3206086829482,-38.9081639569484,-47.9871435295538,-49.8866874823686,-43.8239164635877
-35.5798459013905,-36.5652762164691,-37.4001444204553,-38.4728629606756,-39.50895445068,-47.422628628393,-67.8407658916854,-54.0565422968828,-42.6745097779444,-39.270351193108,-37.8891658444066,-36.5604836402532,-37.9948481804707,-38.1027412642049,-38.799439844255,-39.0796693507915,-41.6239408204693,-47.7698363302439,-45.0513175724573,-45.5176788260841,-51.0959267816427,-50.6329274198978,-47.3245733523644,-44.9872871364341,-43.9445634043883,-42.8356811932876,-45.6486273421419,-44.4126948866347,-43.3428009715889,-46.8311717270165,-45.9772847754269,-56.430322963117,-53.791698657822,-61.4939696400161,-75.701083608993,-61.2886568687668,-54.673269247706,-44.4852299845334,-43.6993612643174,-50.7738535144658,-51.5515742668717,-43.6345480485214,-45.1810256935748,-45.6340023304942,-39.6491305542171,-35.1204644886157,-31.6343124210249,-28.8082844662198,-26.4264149273937,-24.5022013877588,-22.6366353076981,-21.0494094669744,-20.1322453760259,-19.5556166433286,-19.2576942123383,-19.2222525155201,-19.7133330372957,-20.7559491182868,-22.2346003158088,-23.7089207636907,-25.7780299877582,-29.7079155662726,-33.5075863003142,-36.7150561984694,-40.3154386103536,-48.9250293017163,-69.7466339433454,-54.0326768615855
-35.9936603978586,-36.8257967738052,-37.6060694856578,-38.4729712505729,-38.6160519097363,-40.6097444361215,-43.598634381144,-47.1922810104168,-43.1418031616884,-40.149239969886,-40.1936710770363,-37.6881029408566,-39.7368012343769,-39.8389613259297,-40.7128637610868,-41.0515831701969,-45.1021458299263,-43.9854061367314,-44.194077839671,-58.288943034064,-57.3853428087224,-57.6934542299006,-49.1948618112579,-46.2239070280187,-43.7751760485599,-47.7639454955556,-54.3342584264325,-47.9763527102554,-49.4011105559971,-52.778939608002,-49.3060782413895,-63.873546292397,-57.6581274036556,-64.8362365511785,-63.5100274565498,-58.8697926319484,-65.3776343150479,-45.929836886469,-43.8686038441761,-55.7525102302639,-46.7766215752085,-40.6736784668318,-41.5899824949331,-44.756424345504,-40.6880822039993,-37.5632209331077,-32.9125105019418,-29.4702650156872,-27.054350274142,-25.051665025937,-23.0243695383013,-21.3627941165597,-20.3619715610097,-19.6117772545758,-19.1669472257695,-19.1087519453191,-19.5776201818455,-20.5986945008076,-22.2470487753757,-23.9688565571699,-25.9434890566771,-29.9493108448667,-34.3537065116085,-37.8984252973928,-41.1366050419524,-48.919314799424,-49.7869259819473,-49.0297328963868
-36.3039631107129,-36.4619574183705,-37.0036503507315,-37.4755510606567,-37.6942715999204,-36.9802934873953,-37.9086207629307,-41.353386603698,-42.3096743644198,-40.9206488097832,-42.8646020440937,-40.5248401058258,-42.6900369773276,-43.1839693810264,-43.8227924263611,-44.2023280391849,-46.7967214763397,-41.4762219164705,-44.845800164699,-49.2114443477868,-48.5428290116551,-67.9984123417687,-48.1994426265522,-45.218562612389,-44.8353943548018,-57.5089416240985,-53.8026567585744,-61.7437293003384,-56.047966073009,-60.3135044518098,-50.3939265672503,-64.4824029964368,-53.3151180079314,-60.5580211491234,-59.6856247345565,-51.8897054462384,-55.1540277978466,-52.2582961748226,-48.786377606653,-53.2891267177458,-46.8872699580582,-41.6974084047522,-40.9134215032505,-41.7992523221276,-40.7627228995269,-41.7481049037572,-35.9854287142812,-31.3857809631825,-28.5271767007749,-25.9148089888266,-23.5373460959335,-21.7720111977397,-20.5777006854661,-19.636527934796,-19.0887817491396,-19.0652231580973,-19.4831706204126,-20.38643000981,-22.0076750026895,-23.9239778399803,-25.7767504481832,-29.8019196777609,-35.3129281217069,-40.2764186530491,-45.1074689412471,-62.1473569583671,-44.6371921317184,-40.9583750601609
-36.8051630597456,-36.0398391954708,-36.2538480977225,-36.5310204231415,-36.8568013514107,-35.4991500890009,-35.4698682858912,-37.3845846780921,-39.9372201640679,-40.6567433136305,-42.189019438732,-46.4592944194784,-47.9447899139073,-51.509619385647,-48.8412652722287,-48.2283667039515,-45.1794921821003,-40.7694161096105,-46.3235406787675,-42.6963046659205,-46.4178245523854,-48.7225897690807,-43.1835217220048,-43.3876460969159,-45.8403883282601,-48.1443785722005,-47.1999700814732,-50.473754597982,-50.5971256089524,-57.3117200514081,-54.9396060090724,-50.4423438478921,-49.0280789782409,-55.2349162920763,-55.9789921942869,-48.0202638922421,-48.1315966092129,-56.6945243170058,-57.1919406825347,-53.4962560174261,-57.6739602990343,-45.1688639054348,-42.293425160302,-39.4722970966684,-39.1517938670488,-47.0096676573477,-41.8427360262081,-35.1719361993177,-31.0000331928177,-27.0834383733244,-24.1193828896699,-22.1234338306873,-20.6501109138643,-19.5431056664254,-18.9709949713541,-18.997470158293,-19.3320258671483,-20.0634845592711,-21.5063274317025,-23.5514868631202,-25.4339391928801,-29.4629357308493,-35.5927926686145,-41.4715585864619,-55.9308240321582,-44.0161296919741,-41.2914808915756,-37.8132796192694
-37.6411721421047,-35.9829966477852,-35.7093351733507,-35.8877101097765,-36.2614517545336,-35.3356343748654,-34.7911098450612,-35.0916535802146,-37.1892796437098,-38.9521307238188,-39.3514865979447,-44.4173672062446,-47.9195766176712,-52.6745319620661,-50.7962867941538,-50.1331359144592,-43.0423719816379,-40.9542395382016,-44.7816749614869,-39.8936733697748,-43.6055919085284,-41.1406530667897,-39.5522515632977,-41.9690860264018,-42.5333684275063,-42.552396963849,-43.2991287546954,-44.7177735241698,-46.3147760347187,-46.0721859594066,-47.9042467681304,-43.7527537677993,-45.8411558724241,-49.4080984103048,-51.226219398134,-46.8787503332592,-45.7468119894067,-51.0315104395017,-44.699290115528,-55.3187253780409,-46.8639867688808,-42.5810215949006,-44.3995730208458,-38.180611625637,-37.3145575897394,-45.1784195477009,-58.860242335313,-38.92154043855,-32.6989548735929,-27.8894724182132,-24.4530410211651,-22.1955614358383,-20.4910942208812,-19.2978955971038,-18.7801349255387,-18.8302354153496,-19.0896491640607,-19.6832312929946,-20.9361782893831,-23.062988053887,-25.0381869927358,-28.6402817427623,-33.5347899778962,-36.6904765252672,-40.5178353851089,-37.7811078203507,-38.8841756181256,-36.8903909653359
-38.4777936884169,-36.4289576451306,-35.5908194594072,-35.5355570949878,-35.9913846903927,-36.0658815418099,-35.409018978184,-34.384910288259,-35.4635139496175,-37.2862756131562,-37.6179930166419,-38.8198916745623,-41.8397300685266,-42.8792527867759,-45.2124267294373,-46.7161775295885,-40.7162254195452,-41.3074973639257,-40.9028117435076,-38.6056819249092,-39.8511452985062,-37.2991512574084,-37.7286321651629,-40.2830303480914,-38.9443429553757,-39.437555397008,-40.9090820035646,-41.5058254736726,-41.3768027272282,-40.952395494512,-41.7631655859008,-40.4064805977794,-43.5266726008438,-44.6361753288336,-46.435931900879,-46.9672182546133,-44.9826000065568,-57.0041488156487,-41.498462034518,-52.3869847381708,-40.4473566823641,-38.6209970337539,-43.531207161094,-37.6546854790299,-36.0927580983543,-38.4233900802238,-43.7842896468582,-35.4293598211802,-30.7976840972178,-27.1720322411549,-24.0568957107904,-21.8326521075083,-20.0965303246082,-18.9414059900031,-18.5158459325856,-18.5400750429054,-18.7859578128236,-19.3429492253558,-20.4700390148998,-22.6015340243601,-24.5515943716982,-27.2634795384921,-30.9596823367353,-33.1292599805872,-35.6440272704762,-35.3181582325471,-37.4921986641618,-37.4398633410532
-38.6506083777701,-37.2947441207495,-36.1479784363959,-35.7487686640354,-36.0995487718316,-37.4127701482113,-37.0914686233265,-35.2289103904282,-35.1145968598702,-36.491944924967,-37.1799747117076,-36.3905292983774,-38.4129321224133,-39.0606947852059,-41.1380677146118,-41.8940558160584,-38.3146955417592,-41.0436373753549,-37.7490728027987,-37.9955997246972,-37.0612535234877,-35.5672802474412,-37.2157757532347,-38.2327786846483,-37.017704047182,-37.7552447683462,-39.5786427239827,-38.6763959043526,-37.8745276976186,-38.4961215476949,-38.9897853579926,-38.9915727372511,-41.9088140795597,-41.5224700505333,-43.0105294178971,-46.4443878371108,-44.178151027913,-48.7108010569811,-41.6165720052439,-46.9230214479076,-38.4085396858021,-37.1047065093111,-39.9458586917622,-37.2658022656929,-35.5673174394814,-34.1108984210944,-36.2132944623903,-31.6269459011777,-28.2591529554797,-25.4390778761806,-23.0010951058946,-21.131734894519,-19.5583923539261,-18.5625907565821,-18.2087186945229,-18.162705834934,-18.4687398074433,-19.093980104189,-20.1426373016702,-22.1663421740558,-24.0241166274564,-26.0073175660116,-29.4958636194852,-31.7919796008721,-34.0125052659287,-35.3450167031653,-37.2199745755431,-38.6752409634593
-38.2117086291174,-38.3910771011324,-37.6095696493636,-37.0553284972155,-36.9742242389373,-39.2596840582599,-39.6707824930122,-37.6330834267534,-36.1126739543789,-36.5952350145979,-37.6389713435145,-35.9385187675021,-36.7978262819795,-37.3126586291988,-38.4311402812076,-38.1373739256121,-36.5149648346818,-39.4580567179884,-35.6871162119177,-37.5157915482392,-35.471476115973,-35.3407366168657,-37.435971667896,-36.6590350739626,-36.49454715115,-37.2486037325178,-38.6302648273433,-36.6472459646065,-36.3151785263228,-37.7902626415275,-38.1037842871532,-38.8385738412999,-40.9179072449444,-40.0859754744993,-41.3184888667386,-45.1434234460358,-43.5267905545406,-40.7471648173364,-43.0100348306502,-42.2909354057598,-38.1001179865385,-37.3449610887228,-36.7086843606892,-36.3476684691772,-35.5661548634998,-31.9837437955478,-32.1076997991348,-29.224933349331,-26.6972235401166,-23.9931648890351,-21.9233242034196,-20.3815193720992,-19.0212576230009,-18.2418476646847,-17.898099244107,-17.7683667103949,-18.1657627313704,-18.9097541805604,-19.8848359432176,-21.7171785469688,-23.6595015023559,-25.4574271732911,-29.3805157899564,-32.385750255708,-34.6813199269091,-37.9881657512752,-38.0862632474717,-39.363137383356
-37.7856598360361,-39.4791836260957,-39.946970136014,-40.056600027028,-39.6712086086798,-41.8886270344865,-42.8299405434008,-41.2940253116934,-38.1783333291621,-37.3038718462283,-38.3552009837891,-36.869013501488,-36.4553756228022,-36.8006992019359,-36.8022778839328,-35.9214916386263,-35.7595752073672,-37.2592939718018,-34.6354803079684,-36.8843737365105,-34.8659310019431,-36.2549838099364,-37.7199650655485,-36.0893467140703,-37.0757844825495,-37.7719872368811,-37.7459017670352,-36.075943799566,-36.5967215130956,-38.3163578758736,-38.1331690481424,-39.4069070682178,-40.4985508756331,-40.2661974007364,-41.4718205075872,-44.4369295664294,-44.3672606326806,-37.8571561208534,-41.9977704261755,-39.2005536961445,-37.116751849562,-38.4516606315005,-34.5825991844674,-35.0972445165688,-35.7521547104066,-31.7049735776899,-30.1870738684565,-27.9307926944777,-26.03872706941,-23.3135078392678,-21.2958390818996,-19.8374079353716,-18.6152809971024,-18.0113099722615,-17.6096215254281,-17.4214631450572,-17.874691149784,-18.7124065079656,-19.6213232344184,-21.2694038477914,-23.6029911317798,-25.6942001186714,-30.3328220860205,-34.654908118094,-37.8187885817469,-45.396249068048,-39.9600240058864,-39.2225153571096
-37.4315665953908,-39.7813789911053,-41.6797781922983,-43.6905173048187,-47.9214496650064,-46.4007053197873,-44.6010668475181,-43.8309646289797,-40.3621497755147,-38.0976660182204,-38.4137990313133,-38.6314655105365,-37.114457787185,-37.2506595237346,-36.4002528491263,-35.3559311254347,-36.2243016118299,-35.6499513707269,-34.5488012172454,-36.1349879747857,-35.083537833298,-37.8613379330658,-37.6751135779738,-36.7159307054272,-38.7680573463846,-39.1678079456823,-37.5548938125211,-37.3599695180061,-38.5990776289734,-39.4964213978759,-38.3029538411058,-40.1913458244504,-40.4438347089873,-41.7645113179425,-43.5625684718611,-45.3757889823103,-47.5501441309209,-38.2473468274101,-39.715342977078,-37.6424308948686,-35.1583029227639,-38.9537845566624,-33.6407484786792,-34.1958731532208,-35.7375691190934,-33.2132433490725,-30.2518515753258,-27.857652529539,-26.1195549226657,-23.3899271055079,-21.2419446416932,-19.6127532837876,-18.4106648845567,-17.8520218068356,-17.3486697495251,-17.1503691075391,-17.5721603031993,-18.429909577779,-19.3412100372106,-20.8795236787005,-23.7524075266219,-26.194676198214,-31.1698267686961,-36.7406339753596,-43.5263027884962,-50.5405643248737,-42.2852737815273,-39.2352975153146
-36.7145940766777,-38.2405565836807,-40.1785700097388,-41.0894485689514,-47.0446277873873,-48.9874558633594,-42.3651407912437,-42.2699348399455,-40.9319912833465,-38.3261374364838,-37.4570733278549,-39.9574685302112,-38.5592011215261,-38.6989202640531,-37.6728794770089,-36.6909827597582,-38.0187281254302,-35.1188170717238,-35.3838475299622,-35.4864246359091,-36.0277501713391,-39.0447637427255,-37.4866834532281,-38.7854490420359,-42.1948965965648,-41.5192739802879,-39.1252533835093,-40.6952472360675,-41.3946210874878,-40.4425900833208,-38.5038571495445,-40.6758817172712,-40.2709456289178,-42.6651037684594,-45.2259044987368,-49.3892875608588,-48.3592788117969,-42.3075931496567,-38.5950591725422,-37.1278511350269,-34.0015682617488,-37.5830985552467,-33.7537111521349,-33.9629442282148,-35.4133179233045,-36.7481667538094,-32.6434002107506,-29.3977415948185,-26.9231395131717,-23.9830753764429,-21.6189897563194,-19.6750795535927,-18.4004512938107,-17.7161315584608,-17.1065738385476,-16.9409651847614,-17.2388108483644,-18.0464311828832,-19.0763429369999,-20.5574410946561,-23.7228980429125,-25.9932813064921,-30.3714635488753,-35.3067122566296,-41.2651904206417,-41.3493608909332,-43.9559958183481,-39.9643183419393
-35.602482729345,-35.8629881472292,-37.4740960113959,-37.4587501842732,-38.149529840345,-41.6416675886381,-39.168369420206,-39.1309846190412,-39.2735545743459,-37.6615770799626,-36.2461962654562,-39.1947765817692,-40.3983122189708,-41.4671342220725,-41.8462201682944,-40.6068167659266,-41.2467219371006,-35.6156200581656,-36.9787812824163,-35.1623783494234,-37.314851521913,-38.2060871740949,-37.5101814078453,-42.7202197703564,-47.7483290283911,-46.1201259050251,-43.9519181207712,-42.6087533578405,-41.4146364472328,-39.9500780681322,-38.7253843779868,-40.0351100722431,-39.4698739428612,-40.7257478047743,-41.6324979647721,-48.4083720292184,-43.0620338460322,-43.613546639807,-38.6078982625558,-36.5228817352662,-34.2985716860989,-35.2760621332474,-34.6006729095774,-34.3514421282851,-35.0623129070997,-42.4406284197097,-39.2097297069714,-33.1333081521661,-28.4137806451532,-24.6533504698608,-22.063235444682,-19.8672126413284,-18.5005557619637,-17.5556735711241,-16.869466626545,-16.7508277357216,-16.8861586254531,-17.607740370875,-18.8302690961602,-20.2234674446471,-23.1664826238723,-25.0334018217738,-28.8646002085858,-33.1704091809558,-36.8468318414704,-38.6725766027402,-44.6197415038526,-41.603151255993
-34.5769647747807,-34.0751687828232,-35.4361067267137,-35.5441409510687,-34.8193608432797,-36.9157907653389,-36.7062001387957,-36.346475200367,-36.7034427254157,-36.4910120507828,-35.580518365248,-37.4042882869079,-41.6545461592969,-45.6090933774044,-58.8507153569799,-45.5137403084054,-45.0094995646165,-36.525146191929,-38.8049025895075,-35.2785204228397,-37.6989826740113,-36.1318964415992,-37.8016231804468,-44.126799630409,-44.026430859478,-53.2367197255073,-44.8945374912295,-39.3050116136679,-38.9965381611128,-37.8930121457782,-38.031773008533,-38.0981679592127,-38.1018655123139,-38.3074388410633,-38.0893266952916,-40.4987091502832,-39.1449059021914,-37.3026304938502,-38.9484875301832,-35.1341826552788,-35.8583137557853,-33.4906627794618,-35.7681414296393,-35.1867038776562,-35.1027528965421,-42.5517514373676,-51.7434435443519,-36.4108045732714,-29.8169988618009,-24.9519362382835,-22.1931318415369,-19.9747734495944,-18.570682237172,-17.3422703767572,-16.6258998709954,-16.5336158863212,-16.5556357023734,-17.1831953773349,-18.551393824138,-19.7865909426879,-22.2411485058487,-24.1764760308402,-27.8296713070424,-31.9608911787156,-34.8365388962971,-38.1390842408969,-45.1674534218222,-44.8044925770167
-33.9970525142324,-33.3308965724233,-34.3008847353227,-34.8612438109641,-33.7257935752169,-34.3253770491948,-35.0402406336027,-34.5092168152347,-34.6071788663547,-35.4786508863411,-35.8179166656758,-36.3439830009562,-41.2746379645493,-45.9711129303734,-44.6238745193749,-41.1580703477587,-43.9633143521603,-36.8166792402018,-39.7541485159179,-35.7722580073111,-36.505558967048,-34.4675898500405,-37.7516333295085,-38.7994518149366,-38.9343087797352,-42.5786902542116,-38.1565264847379,-36.9242338690558,-36.8864749139615,-35.726205181691,-36.3171904605265,-36.0376228832169,-36.6929319985522,-36.7481200713267,-36.2123316147502,-36.1107864765582,-36.530823809527,-34.225906035307,-38.2766417697039,-33.8594186422867,-37.6264349174562,-32.8542377438733,-37.085640470561,-36.3991579880267,-35.9453294983231,-38.3716847635559,-38.3246155911438,-32.7567100139997,-29.4001170102999,-24.7942911671983,-21.9756284520788,-19.8656346105879,-18.4728679935425,-17.0708018757104,-16.3732376444002,-16.2635738327478,-16.2871428485995,-16.8250230187178,-18.1829481425386,-19.276537944589,-21.3780779775328,-23.7960354153384,-27.1940777247172,-31.2572339734882,-34.2273052648948,-38.6693240186354,-46.7216748948753,-52.6246030971454
-34.0034758444406,-33.7143100233918,-34.0816503904251,-34.9919384675423,-34.0532867288506,-33.2340803955375,-34.0935454038926,-33.6859440538727,-33.5466076128387,-35.0447535067087,-36.9752921614233,-36.6272682017801,-39.9722276610591,-42.2197475031502,-39.3004134281635,-38.2598576306889,-40.346428537509,-36.5649629266221,-38.9943996889798,-36.345163775285,-34.958142133837,-33.717035704801,-36.4880452418489,-35.0486415101487,-36.1714072751328,-37.0835848149742,-34.924229711602,-36.1178496041925,-35.5225515284095,-34.447142315894,-34.9406405635821,-34.717205206729,-35.7094282717282,-36.000233236749,-35.6867403938011,-34.0489796849772,-34.8251345911406,-33.3548528882149,-36.1322263512832,-33.513107128534,-37.8153302127301,-33.534147214943,-38.1463489007857,-38.0905571631464,-38.0069805114241,-36.6222142687861,-35.8469901899909,-30.360014248741,-27.7937827179705,-24.3745959504013,-21.6448373978373,-19.570031873401,-18.1524615072153,-16.7537293567404,-16.1197815280415,-15.9512625344599,-16.0903708170029,-16.5542854864864,-17.7411514450633,-18.8465191260365,-20.8100992282269,-23.6553683272007,-26.4800869931195,-30.5588928781449,-34.0923150543598,-39.4376567216742,-51.4748978085962,-54.3691425172471
-34.72267217513,-35.2841756617817,-34.8791041057221,-35.718688690033,-35.4253340544962,-33.3928206320178,-33.8213840411245,-33.7027182102327,-33.5918551222447,-35.2751725707043,-38.3841956075537,-38.1907628059743,-39.0217591285789,-40.0805030525425,-38.2236439747916,-38.2350610350795,-38.1304401739138,-36.7880170031024,-37.1435185300747,-36.5102856582601,-33.80530956757,-33.8121744691839,-34.5380174056083,-33.1567832670627,-34.6174028663331,-34.3077209639404,-33.9377252432672,-36.2415343993989,-35.0286362883911,-34.3585096906793,-34.5987275497829,-34.4030080366415,-35.4566018983474,-35.9746037010519,-36.2216765707712,-33.8632560389765,-34.095261346498,-33.9556182128252,-33.8703099409298,-34.1364998313228,-36.2221532233944,-35.3676519705621,-37.2734714326994,-40.2023440097992,-41.1347663359481,-37.7331701315932,-36.2290553418378,-30.2551038162156,-26.7009699656293,-23.8140355492433,-21.300515847277,-19.1883090071237,-17.6695746618954,-16.4174566838776,-15.8796012797849,-15.6410719679441,-15.9427841295367,-16.3712020668474,-17.3316629309543,-18.6449593883903,-20.5115024661331,-23.3912550053675,-25.6517922261865,-29.8300307986164,-33.4075285885237,-38.7476052101295,-52.6033416948759,-44.7247463001208
-36.3501668798411,-38.1889803036516,-37.0176907146287,-37.0828728807115,-37.6121523103018,-34.704742870875,-34.1474834104959,-34.2689248184377,-34.5487015861077,-35.8503880288284,-38.2279410479695,-39.3720159353938,-38.9659914337687,-40.0259738699073,-40.1076280332253,-40.8692762831258,-37.6176230308043,-37.8726896280984,-35.2380546845098,-35.9258539157694,-33.0462437927959,-34.3930702431775,-32.9902783638215,-32.6845807129131,-33.718690170899,-33.2435656521518,-34.5552763435227,-36.750789632101,-35.5097688611644,-35.5241036531386,-35.2854722992285,-35.1673278266832,-36.1674236540661,-36.8229913941661,-37.6239278984433,-35.5928852238238,-34.5868672000171,-35.7736277005224,-32.5718109219778,-35.1667070456256,-34.0550554086769,-37.3423817330508,-34.97196718348,-41.4630646494342,-41.0687488540025,-44.1769104073187,-36.7333007936581,-31.0462489579788,-26.3460237406039,-23.1548541460062,-20.844616491323,-18.7765522453112,-17.1465298268109,-16.1015714000557,-15.6642848243846,-15.3886315587484,-15.8090493752618,-16.2710509295186,-17.0829813416058,-18.7188001926004,-20.3573128707399,-23.0689906993221,-25.1569729505515,-29.330867435867,-32.1372637785221,-36.6128770004544,-43.0401611701045,-40.9241444010954
-38.8391042271404,-42.5853219625133,-41.5181798733049,-39.498395408556,-39.9389525474744,-36.9816271342719,-34.9017832957391,-35.01812030572,-35.825486294615,-35.9662101098828,-36.3933655142493,-37.8635177796104,-39.6843601557391,-42.7101184167173,-46.234209381189,-46.5042280224114,-38.4973503597708,-39.2750769819311,-33.7906142939661,-34.754673906484,-32.6419452851479,-34.8262546559828,-32.2822830378763,-33.329165687533,-33.4109862018202,-33.6164133848299,-36.4395999532895,-37.3503561733408,-36.8744784669596,-37.8982096570869,-36.7246799972324,-37.0577778422363,-38.055220404816,-38.9077861615223,-39.9387091180383,-39.6349403907062,-36.6640197491544,-38.8449625217048,-32.6484321216762,-35.845260223844,-32.4016699047211,-37.5882656355882,-33.3169396806585,-39.6077994615824,-37.5494972218634,-42.1505494513686,-34.8726470584188,-29.9875239999499,-25.9900095639176,-22.4828387817424,-20.227199740973,-18.3469607980862,-16.6956935429353,-15.8521485617096,-15.4798730040989,-15.2322390287237,-15.6653923105358,-16.2487632692907,-17.0639066443528,-18.9931891361413,-20.3178548162238,-23.1221853230912,-25.3778614492359,-29.3568254373838,-31.3486801805893,-35.1538206953466,-38.1109285988187,-39.0276532482151
-40.3758454867659,-46.1100429038108,-53.4374527026027,-43.61694465934,-40.0159288177776,-38.8675870718469,-35.7892635389359,-35.473083745298,-36.2747840376814,-35.1240629836447,-34.6571235946801,-35.8657176562306,-39.8041186711705,-49.8489935051404,-47.1413369472506,-45.7106751101852,-38.6963799750246,-39.5636897029544,-32.9019359454356,-33.4962928134777,-32.719164116345,-34.5189784047358,-32.4634525336363,-34.6282049960015,-33.9034023428402,-35.4874858888909,-39.1062801626024,-38.0839645290563,-38.7379935725168,-41.1617115037737,-38.7537067543191,-40.1075224242375,-41.1509003248962,-42.4812234957369,-44.0635580777875,-44.6549143862644,-41.0661603680926,-40.7136566688416,-34.3092541067864,-35.9948006503716,-31.8656608348379,-36.0376018442087,-32.8602850575847,-36.2286262127373,-35.0744460548174,-33.9550853917533,-32.0612500552941,-27.6874670928656,-24.9504867625876,-21.9170662971855,-19.6045640880099,-17.9334814254456,-16.3881173669608,-15.7065606399402,-15.3317840608258,-15.1767934328285,-15.5168769715467,-16.289585796303,-17.233653387403,-19.2990951619014,-20.5028448414192,-23.8686884367802,-26.4298984085023,-30.3021525188907,-32.0120242016487,-35.3966888879996,-35.4576106750957,-37.9028096349922
-38.9831925882612,-43.6482173690701,-45.363446606605,-44.6924596598747,-37.9715043471533,-37.8146617394547,-36.3135603327517,-35.19473540842,-35.2438055248416,-33.8996570437134,-33.6993186869462,-34.8844733613653,-37.8579938543067,-42.3916374790593,-39.6034366008601,-40.3639432803604,-36.206306627297,-37.8232351900185,-32.54246277427,-32.5967308319223,-33.3387842322806,-33.5597634321185,-33.4550807393757,-35.6779328132538,-35.4272833114944,-39.170321377486,-41.5358573942824,-39.4935010518278,-40.7772657612528,-44.1545737095033,-41.7034838955926,-44.1443609094184,-43.9370267182338,-44.6633709948853,-56.2997880006974,-42.8253525140487,-48.068140993977,-37.4950247712842,-37.4665428596297,-35.4517796305022,-32.6575204611229,-33.881301830558,-33.441549352952,-33.4529610917018,-33.8981297086455,-30.6648405508071,-29.7301061854697,-26.3043529801901,-23.7495619164878,-21.5559532854461,-19.2106627204135,-17.6239337440645,-16.2593159110602,-15.6791961296898,-15.2321998410711,-15.1973189350259,-15.3995725253462,-16.3576084784378,-17.4439222233334,-19.456696636618,-20.9705690076879,-25.147327355663,-28.0358829697818,-32.8653227191445,-35.3550458220462,-37.5703094550308,-34.2493992175037,-36.7571750663297
-37.4436427873093,-40.7447332955991,-39.5339925943457,-39.6178862462346,-36.4184215978608,-35.6193345914474,-35.8747371049987,-34.3515287044026,-33.5571895030437,-32.9474632749663,-33.4770138916396,-34.7891166711781,-35.3876576868139,-36.3007560025034,-36.157697651609,-37.1805452691684,-33.7847409544892,-35.1777783889827,-32.7458965240783,-32.3116568437978,-34.1531268342214,-32.6107157542465,-35.0091512169156,-35.7689645565362,-38.0600710439028,-43.105794897829,-43.258365966016,-42.9692600586264,-43.4320206475664,-44.6492748473637,-44.7619461476091,-47.1505608053031,-43.3540332986285,-42.0216665170762,-48.0070423147971,-40.8646384519181,-43.9021486373492,-34.825261588918,-39.6639879719293,-34.1214265446023,-34.7088018438542,-32.1295796185501,-34.6064504784197,-31.8369415695375,-33.572660968747,-29.9344142048577,-28.346581111741,-26.2657592135231,-23.2340175390448,-21.4804458000573,-19.1883159346014,-17.5271267588585,-16.3242013827664,-15.7580243980142,-15.2016375194772,-15.2566333635193,-15.3626536142171,-16.3987686831784,-17.5316838938387,-19.3912436050732,-21.4786984010294,-25.8399621165756,-29.0287846455526,-37.6634243005269,-48.469415876193,-38.8326178923883,-34.0116751209269,-35.0940184520255
-37.2710922083043,-39.0993193818503,-37.4985691382709,-36.4971020240421,-35.8991729362905,-34.3818590839054,-34.6472856423452,-33.5461128590688,-32.1868991062571,-32.4812812114048,-33.6385853786183,-34.9420614299462,-33.6939400976301,-33.4007404634575,-34.7152637871752,-35.2815530825548,-32.8697413812835,-33.0911408260236,-33.6527084238724,-32.7433222321676,-34.4675809230544,-32.2660636938642,-36.2626254317254,-35.3759200592085,-40.8787890462732,-40.5018834909774,-45.4672968806853,-52.420760971592,-47.4306831343296,-42.7459643369513,-42.8786304396537,-44.8403170629971,-41.6814804039554,-39.9700491529766,-40.7068705130004,-40.5860889298429,-39.2278657045258,-34.2934197483294,-38.0720307475592,-32.9895208826932,-37.4276247882923,-31.4925946890163,-35.6440354888981,-31.52377582611,-33.6974466532006,-31.3050140392471,-28.2865245083892,-27.4680463753181,-23.8002096861326,-21.778137574271,-19.5402386433276,-17.7146379203251,-16.5811002028617,-15.912170009991,-15.2609990332364,-15.3254912520307,-15.4377782514445,-16.3691241324622,-17.4663743763252,-19.1639604610046,-21.5386398754084,-24.9336567022726,-28.1537857132962,-35.7027952019127,-38.5003705108711,-35.2472298490988,-34.1832568961934,-33.1698195624501
-38.6046254817032,-38.5556062672687,-37.5368279234494,-35.5699023092443,-36.0588508038756,-34.5083295622887,-33.6024617781892,-33.1053674792742,-31.5925287939585,-32.4827012898716,-33.6444819558453,-34.5291764058769,-32.9367694746254,-32.4279885667911,-34.5835306365348,-34.4210155676508,-33.6808076968312,-32.293797828174,-35.3736227712692,-33.8797102450028,-34.2370213709097,-32.8420553044043,-35.8998454063279,-35.206537265583,-40.2561984003233,-37.4994027178228,-45.6607741822431,-44.9201660286249,-50.7303101225887,-40.8869960431142,-39.9977281992501,-41.1889529042828,-40.6254008621967,-39.6301814906386,-37.7888070805036,-40.1961149093383,-36.8850861806849,-35.8220862005412,-36.2195719686756,-33.0272810917135,-39.2571306020498,-32.3818283216522,-35.8947794025666,-32.655592736262,-34.119233894377,-34.9568764582056,-30.0668264697165,-29.6810215237385,-25.4868749347348,-22.5251982465263,-20.142510665857,-18.1715645027228,-16.9993870895645,-16.1025066687313,-15.4174865039994,-15.3946353295016,-15.6144370351712,-16.2758140017681,-17.3688488200988,-18.8885045139813,-21.0787780174568,-23.541556505716,-26.4542286756627,-30.4263159046526,-31.7603470923049,-32.2133652624344,-34.0387996983254,-31.6358237991811
-41.3676259070027,-39.1367067083238,-39.2797313930764,-36.7306211902619,-36.571382496196,-36.0351264914408,-33.4746073125635,-33.0229034969859,-31.9103372464872,-32.8421831581086,-33.2212655200931,-33.3688137433888,-32.9499784735298,-32.9479965463992,-35.3759816926998,-34.7552542947246,-36.5568199885906,-33.2291954605269,-37.6914401406533,-35.5657050566916,-34.0965229870493,-34.3751880002107,-34.4825032621611,-35.499376477511,-37.177868313232,-36.4569713257233,-40.7621858834272,-39.1534739728142,-48.1385419020844,-40.1467707205699,-38.9676616681923,-38.8680177772348,-40.1249612887308,-40.608086274105,-37.1270246150368,-39.2257415830853,-36.181892813797,-38.7646034395665,-35.2530510208618,-34.7256610714995,-38.607269161132,-35.1753313168362,-35.496149673733,-35.5424186655585,-35.0661594123182,-41.6570860653933,-34.875112652401,-32.5487286497873,-27.7039757415751,-23.677051141496,-20.7968198778395,-18.7648613759526,-17.4989377370019,-16.2898115796003,-15.6520334347239,-15.4748368078623,-15.8373173130016,-16.1893954582299,-17.3745724339602,-18.6602632093777,-20.6323512785876,-22.7489257771173,-25.2637434409537,-27.8256287816395,-29.2977305072113,-30.9892357926918,-33.3052082672141,-30.9330289827632
-45.1775587625248,-41.1364583701822,-42.6946213501663,-40.6092643892727,-37.7247774890007,-38.5257986913167,-34.6116167052993,-33.2613093224472,-33.064654964339,-33.3864178156806,-32.6477056034614,-32.1353949733236,-33.4548658977856,-34.5384371066226,-36.3879535235691,-36.7420039691758,-42.7740792303647,-36.5925060533621,-39.9972946881439,-37.3688482074971,-34.2113861425067,-36.3881527041642,-33.427557890819,-36.0470871799371,-34.9232100772774,-36.9447013286951,-37.1618954495238,-37.2856336322578,-43.6584260431462,-40.5896640583712,-39.4462023775349,-38.094298880486,-40.2562850757606,-42.2181529153487,-38.4400935753388,-38.8866406607276,-37.2208193331135,-39.9536102667103,-35.2451808103206,-38.4034204594328,-36.3747946243982,-40.3720398889751,-35.4717970754606,-41.0215398007099,-37.1000187690398,-49.7756272485649,-45.567708714606,-35.5725103504271,-28.7794982050047,-24.8165253434448,-21.3281073196309,-19.2691436080086,-17.9428320986463,-16.4447796026838,-15.9167265030339,-15.5866822537219,-16.031377458738,-16.205069591704,-17.5251834506988,-18.5558497735685,-20.6618484260503,-22.739880388964,-25.0656614237248,-27.3092988926902,-29.0891122317043,-31.3928445510477,-32.5073263271207,-31.2534498168803
-48.5601110899994,-45.2290778946627,-47.8810272331836,-50.0540155497763,-40.3962608167867,-39.8880538650442,-37.0290996387738,-33.9568845274061,-34.7370391317835,-33.9186632564524,-32.3019617468066,-31.4908595914308,-34.0756553442662,-35.965862477465,-36.4711849999665,-41.4770316394951,-49.5578353232158,-42.1260096643402,-42.2878185844331,-38.4183684745313,-34.1467032765566,-37.4626504165472,-33.2220008628917,-36.0930185151228,-34.1781218529658,-38.1987437048334,-35.9239705767208,-37.8411148947068,-40.170768115116,-41.7358739328025,-40.7611010628516,-38.8067916984649,-41.3218412733262,-43.7296519749741,-42.3171605988779,-40.0486582600725,-40.5026244536997,-38.9948502106542,-36.6726998937276,-43.8080135038715,-34.7343302845647,-45.8918800420315,-37.0422270333381,-52.3155371295738,-41.3769565120149,-49.2550239179787,-38.6846697282112,-36.9408484918756,-28.4450531223073,-25.1224047279662,-21.6384484498799,-19.5107989263301,-18.1780868687099,-16.5624086649637,-16.1487886096555,-15.7446878212595,-16.1454787578194,-16.3840405256232,-17.7579145549831,-18.6450414452435,-21.2696604864065,-23.2845955187194,-26.0543910215349,-28.7175058393008,-30.9381532320041,-33.4611797102128,-32.2637442347751,-32.6381855309056
-49.311938033821,-52.097975025723,-54.4657758541243,-47.6576204566599,-45.3813786389157,-39.1957477492366,-39.432243339196,-35.3364171998036,-36.4038237497101,-34.3502015843814,-32.3961117943918,-31.7857628435517,-34.4338687765238,-35.7268078999853,-35.573136721801,-44.6270377106061,-41.7912052168361,-38.2584116692139,-42.169049263829,-37.8179526960127,-33.6916845499973,-36.3589474850664,-33.7762079661039,-35.0657106383513,-35.0486446739338,-38.7428104700539,-37.3733236082635,-40.5771448185148,-38.6834793477773,-42.5136084641846,-42.6585304628355,-40.8065758627869,-42.9832860380449,-45.3730018821272,-52.8202780139583,-43.8904663691535,-43.8728948232225,-38.868159336016,-39.944547738877,-46.2629360781661,-34.7457634878395,-44.2042703106872,-41.7689476332216,-51.2859479297192,-53.8097333914381,-45.3999289538179,-36.0906348716953,-34.7014236918063,-28.0761821863608,-24.4495372756346,-21.6672209673898,-19.5141545392211,-18.1345978182929,-16.6665532699906,-16.2993965329825,-15.9434066862305,-16.186749473544,-16.7147480762021,-17.9599718248642,-18.9655120213908,-22.1857997682079,-23.955952095011,-28.2461123860156,-32.2621766364407,-35.7823946723549,-37.559281241091,-32.9500377378378,-34.8988862539799
-48.0222475943332,-53.1946645449774,-50.6439579861656,-42.8075558989586,-45.6439731695379,-38.8138557046845,-39.2253188387288,-37.4928754052328,-37.6316144209349,-34.8109254009165,-33.1263877614688,-33.2179926383775,-34.4561307240912,-34.7606760823694,-34.7334933049942,-37.6900091200217,-38.0714650998902,-34.2507933721137,-36.928281498555,-35.7777973237706,-33.2241252082868,-33.8636933877361,-34.5666437978843,-33.6116985825896,-36.7185188423248,-37.9644854389376,-43.6842434914438,-45.2778769481863,-39.900381550858,-41.9865423161391,-44.4176336198785,-43.1921101352522,-42.294712667555,-45.5295278735264,-48.5081289945928,-53.8128189132345,-39.6755026819587,-39.404217508365,-40.5977339094166,-41.2688339261383,-36.6909807458889,-41.2472860700779,-43.7356675329431,-46.9460958379258,-46.8275407789741,-40.5795880547448,-36.821531997096,-32.0210090540585,-27.6279289295704,-23.603845284382,-21.4198629258573,-19.4305471828915,-17.8944811654947,-16.7905242752909,-16.3606751445272,-16.1543289550716,-16.2166880176941,-17.1088365167313,-18.0634027273572,-19.470821049155,-22.7775855235034,-24.4017524848743,-30.5313592636037,-36.0921439909692,-48.1340253020481,-41.6047418259791,-34.797365267054,-37.1652616718414
-46.9189263057239,-52.1994297710781,-44.411840848072,-42.1133562310804,-41.3249353080699,-39.4472507889511,-38.0769250802781,-40.1328618663564,-38.1312319874461,-35.6134562654147,-34.8664933813535,-35.9768413762461,-34.5657597569809,-34.2681745429011,-34.4875777470007,-33.7259072777843,-35.8716265313445,-32.7706399804468,-32.6218678285202,-33.3621794139771,-32.9707803729749,-31.422332423211,-34.5087503674504,-32.494033603371,-35.6464067236609,-36.7395284344417,-43.5377546044692,-43.819242053354,-43.744483098874,-40.1832886557547,-40.4229157212353,-42.447796513718,-38.6696265731896,-40.4134591398979,-40.6117535261987,-41.4007222758087,-36.0110393040237,-39.5644110755439,-36.4827024071852,-35.9761097482265,-38.9310873925402,-38.5184116723937,-37.0491901399186,-45.2941673237036,-40.1529362964906,-37.9567300484472,-34.7881311740944,-30.4917802145904,-26.6176854430107,-23.1163140164798,-21.0625248089947,-19.3694571642581,-17.633793166648,-16.9458455507398,-16.3690189031356,-16.3375284651659,-16.3099175354296,-17.4400741735391,-18.1136532474039,-20.0086710937678,-22.6398419307802,-24.6060520662119,-30.1844749053411,-33.6482730970746,-38.1969572056822,-38.3110028241909,-37.6799814153133,-37.7425819153655
-46.8474759015378,-50.3674864287527,-40.757392527483,-42.5208005304499,-39.1586351331784,-40.1589187440566,-37.6145390140624,-41.9816582620312,-37.8802956156683,-37.2428032224388,-38.4432900787227,-40.3813333062182,-35.4271431023157,-34.3690016500494,-34.8322813728308,-31.8449069708621,-34.0720708527384,-32.7481294469007,-30.1812212476786,-31.3795123827937,-32.6762291821919,-29.8704504939233,-33.0407190769544,-31.9091358079656,-32.6570682998878,-35.2187762597927,-35.0472366733211,-37.341390378203,-38.6113492858758,-37.4612175952176,-35.0931343724599,-37.6154083126925,-35.1384994303021,-35.360969306678,-36.2649225852433,-34.865414700431,-34.0972926159293,-38.2741090770683,-33.7673366751197,-32.7038979566047,-37.1724773858502,-36.757472867731,-34.0216977543687,-42.6847535066281,-37.5497191164743,-37.0876856603093,-31.3455509448957,-30.0201812192049,-25.6613023558685,-23.0142380901922,-20.8474911081352,-19.3474390785258,-17.5018802194506,-17.1050481192322,-16.3806361085112,-16.4624279166578,-16.5051549837915,-17.622187150049,-18.229079014016,-20.4118367321124,-22.232728177608,-24.7086833006792,-28.7336933538172,-31.1892031513754,-33.6896716919124,-35.5330899522351,-39.4714273189337,-36.5457338543919
-46.3567291263264,-43.5190323759141,-38.8451353825258,-41.2130409032841,-38.1678438538158,-39.5786286780841,-37.4577080781599,-40.8081313182592,-37.5977819416597,-40.6705300123924,-46.9241653220308,-47.176343589582,-37.6197324606811,-34.7897267766064,-35.3171590066629,-31.2366908057754,-32.4137709212907,-33.1987025265895,-29.3038086221672,-30.2231020793103,-32.0909903683391,-29.5561637233851,-31.2293144075323,-31.7685007218869,-30.741237904074,-33.3364752129333,-31.3564399664099,-32.8104224046155,-32.7608048432225,-34.2813337121191,-31.4948574095532,-32.9210201256384,-32.3257173660576,-31.8551299788102,-33.0831129553801,-31.2993368575049,-33.1168115963287,-34.8889809398596,-32.3665644313991,-31.390376408006,-34.7482408500954,-35.7312451308606,-33.4731638103229,-38.9937066004141,-36.4178442076218,-37.3027036198376,-30.1982188136366,-30.2257637256742,-25.5848090327476,-23.1220720576681,-20.9327313519678,-19.3341437774791,-17.5487750206748,-17.2114953568102,-16.4361669198961,-16.5237077514054,-16.7768088706445,-17.6705913505737,-18.4918702989251,-20.6715698649029,-22.1919814263742,-24.8350306323961,-28.4784074040501,-30.7402158451047,-32.7056425215076,-35.0269584574667,-38.1064028211425,-35.2115701183258
-43.5258855338438,-39.0077570184435,-38.1196555846051,-38.7980012977505,-37.5512652963028,-37.9424738179065,-37.149595242739,-37.8661770261358,-38.0229562670808,-48.5773784946515,-49.4086962420911,-51.8248336148244,-40.0808929245677,-35.1337989318444,-34.9137702122722,-31.3822176873411,-31.016723172844,-32.9978832489956,-29.790963027945,-30.0900497057116,-31.5223731695247,-30.7140025460749,-30.2181280559052,-31.9869700084887,-30.1839026469586,-31.5555893555901,-29.719344791956,-29.9841089815806,-29.4520479043059,-31.1649207564173,-29.2657203497604,-29.506081325647,-30.1478580702544,-29.5898244007886,-30.6973123855552,-29.444775303259,-32.4846678374765,-31.6220716996268,-31.4961352964706,-31.8340947181062,-33.4510501776031,-34.2901446085003,-34.7027327847122,-35.7389496143466,-35.8498047054741,-38.7067415538101,-31.9823564397017,-30.8882844202958,-26.660801872218,-23.3117887835769,-21.2701844467318,-19.3007352987609,-17.715378115842,-17.2098369060275,-16.5333329471954,-16.5389768060332,-17.041556152705,-17.6805885210023,-18.8751156832236,-20.9559376695345,-22.706682388536,-25.2345981492054,-29.8668664508621,-31.8777328041341,-34.0685340008835,-36.5519630926392,-36.6684666982804,-34.8732232641273
-40.4355758251221,-36.8546966696569,-38.1806272137777,-36.9701663124001,-37.2572511651468,-36.2500926406748,-36.8749824977513,-35.5582188294959,-39.1266710773453,-43.9506998928645,-40.1957615191431,-44.8730416995203,-37.600788686413,-34.9550063505516,-33.2739650640457,-31.8209830702602,-30.1090241522735,-31.8078667864149,-31.4813382496931,-31.0895559817855,-31.5773362792251,-33.7572213077816,-30.6895732925537,-32.6727360752725,-30.6245698446937,-30.2773185996723,-29.164982047796,-28.4335944147655,-27.6627591421574,-28.5076188360897,-27.9465158396909,-27.3150887614413,-28.5337335993202,-28.2821934684369,-29.0689571556008,-28.9078503700256,-31.8830731894491,-29.8601870722131,-31.0877214519612,-33.7759591377424,-32.7326040634592,-32.6107032837966,-37.1258559530688,-33.7378197226231,-35.6410685028876,-42.1988058961817,-38.3625724235683,-32.1916977035749,-28.2519722177486,-23.5648100310387,-21.5676540496637,-19.2223572300677,-17.869554931959,-17.0751446458933,-16.6185943174738,-16.5268158083142,-17.2000915247726,-17.7381979927391,-19.2544554659457,-21.421754372744,-23.4560022800517,-26.2673794777783,-32.8431163033347,-34.3276270520091,-38.0400256017048,-40.1744466427559,-36.603512775416,-36.2997688987102
-38.5380843333222,-36.6615698415837,-38.8196599664224,-36.2181991761024,-37.2729404811359,-35.1240563275142,-36.6922930680293,-34.4783535170158,-39.563767325564,-37.0996869778181,-36.845202483996,-39.478163912563,-33.9029564024157,-34.1223202932686,-31.4880965191544,-32.2364424894153,-29.8802967913902,-30.428168946827,-33.7569709389547,-33.064508458483,-32.8135704013388,-39.4670543311399,-33.5300827549367,-34.1639386441259,-31.4142976396585,-29.5026310706507,-28.9806260760617,-27.6389907711587,-26.7852292356388,-26.5086562519078,-27.1349144310215,-26.14611578282,-27.4212795481702,-27.7325165867289,-28.2059887290778,-29.543125772489,-31.3835469419467,-29.8818398813395,-31.7430338358705,-36.3010813189778,-32.5863443583501,-31.9608210787238,-39.4988506306897,-33.2992358853846,-36.1522462333412,-42.1208918192691,-40.1284883020899,-33.8292943254953,-28.2600434652136,-23.7638397463808,-21.4395761105331,-19.0481978997612,-17.8779711434199,-16.818041511923,-16.6039203831077,-16.4794657665613,-17.1886963207447,-17.8344909341314,-19.5026143143452,-22.0161471090266,-23.8361319473646,-28.0430128005234,-35.9943226294211,-38.1651617625485,-46.9362488139202,-45.7800796387191,-38.1710524048494,-40.8328651178631
-38.0397048824587,-38.5346714954843,-40.1657693905293,-36.9126290429764,-37.0389884824054,-34.9722107886455,-36.1636307154646,-34.5379079464132,-37.9120551614555,-33.7706557552763,-35.2425655615022,-35.4842772419959,-31.8128237726107,-33.0087430897217,-30.3936758864135,-32.4355688209242,-30.4177353977559,-29.6578521159578,-34.5215941424709,-34.6869886419328,-35.6957139460567,-42.0177203913923,-41.2672257693054,-36.523618099341,-31.7145084683595,-28.9058240955372,-28.5428413661697,-26.9030128620309,-26.3680918419642,-25.1985830828058,-26.4596781777518,-25.7470439807168,-26.7103087215259,-27.7697350279104,-28.1274440953147,-31.3249651625931,-31.4935278034366,-31.8272408515619,-34.2191138364034,-37.5915318035749,-33.7634828884304,-33.1472135258133,-40.0212623363654,-34.7586512996352,-37.8492989535739,-36.6790077768711,-33.5465351663136,-32.7584003662639,-26.6487487331222,-23.5407984892109,-20.8113611562433,-18.7003721403977,-17.6700655451648,-16.4669360519859,-16.4077636175413,-16.3525177100413,-16.9989597278484,-17.8423392041974,-19.5768729000906,-22.3581797506608,-23.7480208516461,-29.5080983941813,-36.4256548943987,-42.7951750989913,-55.0355585571364,-51.5412998279795,-41.67631459,-53.0915390330168
-38.961163023246,-43.6621761155289,-42.8635600852045,-39.7946813228802,-36.3402399975916,-35.9751276033894,-35.2035745933137,-35.3260435116482,-35.3387498732413,-32.296291481226,-34.3390869129696,-32.7339448037139,-31.2270793260879,-32.0708854816563,-30.240367002363,-32.1595884566997,-31.6334400743379,-29.9348472407682,-33.0778736540597,-34.1733557526917,-38.5775716102891,-37.3159149774975,-38.011505774586,-36.5614663675029,-31.2249131708565,-28.0970821337834,-27.6264393593066,-25.8188583518285,-25.9668745756638,-24.4714179071717,-25.6471441972789,-25.7672970382673,-26.2508229665788,-28.1568741996783,-28.8076991515044,-34.1885907166856,-33.0753117296361,-35.7953992285154,-38.7402801533405,-37.4290330743231,-36.8718902524689,-36.9125086056635,-38.9435900696657,-39.0022103591931,-40.688984803417,-34.1600799053969,-31.6272535512182,-29.4608291791093,-25.3252518867531,-22.6857709284437,-19.9724665611518,-18.1413962605959,-17.244576510076,-16.0502304062124,-16.0019771039226,-16.0872841529719,-16.6545189829159,-17.6105238472003,-19.4766948085043,-21.9832313670656,-23.60422755804,-28.8409205262388,-36.0301659713721,-41.0279323475374,-48.1502302389031,-56.6951456681151,-44.6586119441188,-43.2013054701234
-40.7854913631643,-67.9329619314861,-49.2242426129278,-44.5437962548408,-35.8859429561625,-37.4450490327292,-34.3482795101304,-36.0374572775442,-33.1209359589943,-32.1628260589632,-33.7457441925477,-31.320246117865,-31.9803618527722,-31.6650245203902,-31.0567447629869,-31.4816745015122,-33.0605880112934,-31.4764675312478,-31.6752566576461,-33.106110874092,-35.9519853902592,-35.0249205534057,-31.8103285647081,-32.7650534884511,-30.3251340797123,-27.0533958224288,-26.4772047752161,-24.6596299804141,-25.157152463755,-24.0885598862093,-24.6220104103255,-25.7287510012221,-25.8556117160715,-28.4249548500154,-29.9045716765654,-36.9523913296958,-37.920301206095,-40.7362393183132,-39.3321102979951,-36.3627658441941,-38.5935339637031,-45.2102570691639,-38.2295871077069,-46.703346070365,-42.5433012265822,-34.6328430040836,-31.1188191812136,-27.1054400244905,-24.5644227691643,-21.548038486962,-19.170010218798,-17.4401381834182,-16.6416631666423,-15.5921416373189,-15.4327067443122,-15.6559101255663,-16.1777373125842,-17.1248264090458,-19.1434091690208,-20.9862358277372,-23.3482301235576,-27.265037635386,-35.0990316428763,-37.1983056023515,-45.4405790918114,-47.447064312031,-41.1090691477131,-39.6400540659566
-40.5809659895651,-44.3772893887044,-52.2165949882936,-40.2929018821693,-36.1061157638729,-36.9544445483611,-33.9812153763079,-35.800101109317,-31.7366872158951,-33.1355263960759,-33.4673252540834,-31.443549533055,-34.1058629951431,-32.1909204424159,-32.793546138191,-31.0659025776751,-33.749552600635,-34.0362252942203,-31.3165209833212,-33.0438296970366,-33.175915189821,-34.669705098434,-29.7804518446856,-29.7853823036105,-29.3691132777523,-26.0968671063645,-25.4061054163794,-23.7960580453425,-23.8326791903992,-23.6971368641744,-23.4770730449676,-25.1602670966186,-25.3276278860243,-27.9311139066553,-30.2251745840424,-36.3850249619758,-46.7874377995344,-43.4859628767734,-36.7762291389156,-35.1199583834101,-35.7795948508628,-58.8933823090056,-38.9632895587509,-41.2547252080803,-41.9470649129548,-37.6355157029332,-29.6231772185252,-26.0196898833812,-23.7594095639827,-20.5679088779184,-18.435117340271,-16.7350438530493,-15.9272164154156,-15.1154227725706,-14.7989451931414,-15.0915910721993,-15.5873240383106,-16.5215564361839,-18.4918389732119,-19.8644464939523,-22.475798134238,-26.1309142633735,-32.0104266620235,-34.6706042121955,-39.7831903420345,-41.7178845567315,-38.1583468776733,-40.5063320200881
-37.8190685714179,-38.9371779541762,-41.3983983758866,-35.8043002322217,-36.5302655459294,-34.8164183764227,-34.1190449717494,-34.5617017468351,-31.4321368937238,-34.8843587648063,-33.7193879398546,-33.5553189393494,-38.0086750933211,-34.3037534877835,-35.2959510766285,-31.5189268798135,-33.269456451818,-35.5124803818367,-32.0412241594779,-34.1574158190564,-32.6403683275504,-36.1686989832988,-30.5078635307409,-28.6154300255546,-28.5337004474252,-25.4356367168766,-24.469330176247,-23.2415602063651,-22.3101507570429,-22.9471024517968,-22.3207740660169,-23.9139477970213,-24.513695629944,-26.5739708239344,-28.8556557826267,-33.8681272744662,-35.7243671103004,-39.9278341483096,-36.6905596886076,-35.1387776165283,-34.7889008385482,-48.9387268753634,-40.0463353508152,-37.6519351350328,-40.7849470915912,-36.1020552038907,-27.7103490404073,-25.5084125966409,-22.5866495222681,-19.8764156123995,-17.7107937414643,-16.1427414381349,-15.190588347717,-14.6435720157657,-14.2083007674718,-14.4785811249926,-14.9325484276115,-15.9414814019858,-17.567110605046,-18.8795076992364,-21.1112916063808,-25.1508834340874,-28.764953686216,-32.1048816257988,-35.484556847335,-38.8079203177413,-37.1812539713266,-45.1931125242516
-35.6802384828349,-36.2882555392352,-36.3898577444614,-33.8405122242436,-36.3413156839751,-33.3298568664631,-34.5807033824992,-33.1463169193512,-32.4291274869425,-36.4493337494021,-34.7631597193182,-38.9220346551873,-45.4545672042973,-39.6294244000927,-38.0438454408465,-32.8146389781536,-32.2790548433952,-33.9670096394853,-33.0738639507956,-35.3577111931242,-34.4097393404776,-41.3115337038126,-34.3692423464525,-29.2165326891875,-27.8137126102601,-24.8859134062799,-23.3962110154574,-22.6548255903176,-20.9182171718362,-21.69683302563,-21.1842074176958,-22.2715187943683,-23.389118305333,-24.9191859886893,-26.9274028457341,-31.4585016636917,-31.6813725933056,-34.2660190074091,-37.8248195297834,-37.7287425396066,-36.9367808620511,-41.2352170018874,-38.547028193273,-37.3346012189192,-37.8314055876137,-31.4668657995495,-26.6172498054395,-24.5731028737708,-21.4335928254719,-19.3555663075191,-17.0246517288693,-15.7157916237582,-14.5407909358391,-14.2063919428283,-13.7430018268392,-13.9184061224529,-14.3145888096067,-15.4396895970117,-16.5801356367124,-18.0087190791538,-19.9064261763962,-23.7616743311102,-26.475571320045,-29.231739126463,-32.6852422111179,-36.6370440079396,-37.3134691040333,-45.1521309298191
-34.8043592089001,-34.8621816980091,-33.6481348863681,-33.5163457394773,-35.641050539385,-32.9886613579987,-35.1256785443353,-32.4777728442521,-35.0343514666215,-36.6966950467955,-36.7394506580973,-45.810643973156,-49.6963109011864,-47.0483668440296,-39.4313458512573,-33.3800069477689,-31.2208849682579,-31.3634563655251,-32.4047564872322,-33.3530646159982,-36.1745299873865,-41.5060978369945,-35.701969490226,-29.9910891548076,-26.6834032749961,-23.8684277262577,-21.8418811765897,-21.5241929424262,-19.7334475634277,-20.0998979142096,-20.0447201209251,-20.6374750408998,-22.0918608132297,-23.4153959449476,-25.4310708352214,-29.2501369643401,-30.5560006154644,-31.2148091519184,-36.9742601703559,-45.6191221464378,-41.6278545410695,-36.8144333353842,-37.3564693802025,-38.8993246504618,-34.0522120987865,-29.1045019508776,-26.1255018436479,-23.1587151020352,-20.7148783508745,-18.8575419556248,-16.5219161898912,-15.4618134538116,-14.0947356677379,-13.8505341702079,-13.4503014475105,-13.5004639728419,-13.8542570083824,-15.0074191411995,-15.7609578464874,-17.2016318115152,-19.1814532053037,-22.1733453286917,-24.9165607231105,-26.897811346899,-30.6711761494998,-34.2413416617418,-37.1185962235597,-40.1497251179571
-34.7926871609491,-34.1545281216188,-32.4013417348649,-34.1570763773197,-34.7882241436137,-33.5764154220228,-35.6308771515207,-33.2888517390862,-39.6478931124932,-36.5203130525239,-39.2572193462655,-39.0160988025538,-40.9272281781978,-37.4491638608983,-37.7865567089281,-31.682121186384,-29.9340933337307,-28.6057366094681,-29.7848725093351,-29.111080338433,-31.1929248890816,-31.0313794242342,-28.2332489341582,-26.4680639423625,-24.2784285324059,-21.9694404854486,-19.8587081714665,-19.6717769913301,-18.630749722687,-18.4492661827969,-18.890556594274,-19.2601592269402,-20.8373872606528,-22.2010755568815,-24.5244633438491,-27.4332791745751,-30.5372741589323,-30.6594903356084,-35.818249951116,-44.4042014607499,-41.0219040154519,-36.2929616478299,-39.8243010475442,-38.3251857719949,-31.3652578757157,-28.4739145995238,-25.4286759412886,-22.0955610035147,-20.4996743677451,-18.4254357253288,-16.3717591449599,-15.3890344625971,-13.9598796605067,-13.6448092831086,-13.3510400591207,-13.2871936084594,-13.6363232894719,-14.6319185671466,-15.2379636957364,-16.5403678584573,-18.8624029148053,-20.9592543752105,-23.6990118574421,-25.5676668378691,-29.2021254091838,-32.2283731316098,-36.1326349495369,-38.0108579152621
-34.892057660084,-33.8978978353105,-32.3316914876555,-34.9579128123782,-33.6632162711853,-34.6429834827749,-36.2747379514838,-36.516810904048,-44.4127276166296,-37.6094626331756,-41.2950964341831,-36.4815503518875,-36.8317737909672,-33.4529587567762,-34.5755021979956,-29.5841724316263,-28.2675245443069,-26.109705540474,-26.8134991110546,-25.3826923636239,-25.9363607088131,-25.144638667712,-23.2669947011281,-21.8025137647457,-20.9528804175764,-19.5179600043555,-17.8134925756237,-17.4940359802123,-17.4308290685041,-16.9679140285159,-17.7482503807398,-18.1943831326921,-19.8016457614188,-21.2985733806192,-24.0777177097457,-26.3818617675178,-29.9645673741028,-32.1496840608701,-36.9302619531935,-38.4738181581536,-39.8399197433071,-41.2432292095243,-46.1704603443759,-34.6530107564901,-30.0265101793227,-28.4265878895559,-24.4962951476788,-21.8716532662944,-20.6465243223459,-18.3114004087614,-16.6965740517865,-15.5498282640684,-14.2212632676468,-13.6724666615663,-13.4545059100726,-13.3098383546576,-13.6741133860961,-14.3327005031034,-15.0163233031019,-16.171357470349,-18.7061493674975,-20.4029277692345,-22.7613019293086,-25.2746168658564,-28.507329894888,-31.3326778585828,-35.5480075581074,-37.4370315161368
-34.6045448467007,-33.9413706308733,-33.1217395795011,-35.0499231228133,-32.5064141512574,-35.6281257401961,-37.2138426261308,-43.3502094010138,-43.4785612270842,-41.4200941181785,-43.6363501039634,-35.8608009384948,-34.5237876550174,-31.7349855594808,-31.5006546222764,-28.2381392861521,-26.5486228134821,-24.2791366470319,-24.1889051188993,-22.640062557825,-22.1907986101723,-21.2682728558811,-19.9197567506106,-18.3601408939128,-17.7810076808632,-17.0636173662304,-15.9624833172039,-15.4641212713839,-16.0448108194958,-15.724564761153,-16.6598562170783,-17.3642417176527,-19.0541765980388,-20.7258063436193,-23.9421303517294,-26.3421128379919,-29.1782503701655,-33.9673332230084,-41.3307613697562,-37.1595009183765,-40.4338273283019,-42.4678412569968,-36.2812028836178,-32.0791120490587,-29.5932479717417,-27.5863018816314,-24.0205347130654,-22.5042739062316,-21.0686265786345,-18.8289199532772,-17.5828232568765,-16.0685383562334,-14.9414187503979,-14.0158836544986,-13.7684742697819,-13.5646360572579,-13.8984517544353,-14.1485705687681,-15.0008502823611,-16.1581120344203,-18.5286313293184,-20.4647862860581,-22.3837719665803,-25.879505531019,-28.9743293317702,-31.873098008979,-35.988563188648,-37.3225185985405
-34.3001674857054,-34.1930942717045,-34.1897363776069,-34.1400950555373,-31.9341185741071,-36.1307102371182,-37.4554956748508,-39.3458684848766,-42.841933397447,-44.712527204339,-46.0388107398888,-34.2579046361864,-33.171663757777,-30.6483961715596,-29.1208518822763,-27.5601599028004,-25.248712492331,-23.2624043867448,-22.2133519743579,-20.8396023450062,-19.6155528931056,-18.6740863505096,-17.5322911940457,-16.0190033712713,-15.2574512408262,-14.9066055197062,-14.3622897838943,-13.8015680985624,-14.5314353962436,-14.6545252130707,-15.6428905732711,-16.6352284263225,-18.5185385019985,-20.4598385860899,-24.0419769344014,-27.31227121839,-29.9760761561365,-34.1966004896417,-49.3484973112553,-38.0406548216075,-36.841428885882,-33.7802001577345,-31.8666951356149,-31.2321189426007,-29.084240040912,-26.0533984333038,-24.3348482368597,-23.7009073132947,-21.9321556595578,-20.2943563485596,-19.1695916222986,-17.1643585608782,-16.1726919548396,-14.7361214367721,-14.2892827895817,-13.9929204743897,-14.1608865225848,-14.0878781467749,-15.0373302630084,-16.3953041739269,-18.3398560658116,-20.8170109155677,-22.8550687993733,-27.1893912660026,-31.0822234845001,-34.07700408912,-36.8888867004727,-37.2178651946316
-34.499465287062,-34.3712365371119,-34.7108445762445,-32.7756280712943,-32.302111515221,-35.9936286307567,-35.6894884833776,-34.6820689713272,-43.0285639343411,-37.9911732903234,-39.7007021096273,-31.9332316854021,-32.2685314422924,-29.4046692106108,-27.5569893012613,-27.194834720256,-24.6271711970693,-23.0476141770258,-21.116413960738,-19.9278634396314,-18.0692040874381,-17.0754764290216,-15.8736820719813,-14.4974376250232,-13.4558218838043,-13.1520775823002,-12.9724578223846,-12.5158067835498,-13.0343492305765,-13.6314895086294,-14.6600416386638,-15.8789704877624,-17.9542869587796,-20.2929009925003,-24.2362453041762,-28.6115195213602,-34.3533049495678,-36.6050309220496,-47.6252195919082,-40.0390747993845,-34.07185376381,-31.382617353645,-31.2380709621686,-31.6937435949392,-27.8735732660938,-24.9037072145034,-25.1651769413138,-24.9038908564528,-23.5270783922823,-23.1789806391269,-21.89407466727,-19.2082583036713,-17.9516444776797,-15.8121754576197,-14.9398843809945,-14.4260302335873,-14.2556061859355,-14.0751392198503,-14.9670376434432,-16.5879533223537,-18.2318624287978,-20.9423139401956,-24.082262025054,-29.0440887922279,-35.7655111323083,-38.3835436541391,-37.1581180025763,-37.2175872800686
-35.1868358043675,-33.9542691649134,-34.2955523865117,-31.7215542676628,-33.5557515771433,-35.2607760942657,-33.5551764373417,-33.352880641786,-40.2323102705419,-34.1986318942349,-34.6568124908151,-30.5754770771648,-31.3801618726242,-28.2867314464462,-26.7681217679152,-26.8614163090853,-24.7294560988359,-23.5976956207027,-21.0825840934381,-19.9232487675319,-17.5588775514678,-16.3278106810022,-14.8843700777638,-13.5826871374485,-12.3049982517017,-11.8124002992484,-11.742705632615,-11.5042563713352,-11.6820026854346,-12.5613594171642,-13.6247682584597,-15.0115083405259,-17.0729939338028,-19.753018511135,-23.9247362180161,-28.2693653100676,-38.63584505026,-55.3441495075306,-38.1383609312331,-40.0296839143596,-34.7491089730804,-33.1807957077386,-34.3042494569681,-32.28860828378,-26.7337401246041,-24.5762808743689,-25.6365224936944,-25.2585617459194,-25.5218694554907,-28.7667686655386,-27.523379509175,-22.7411483606234,-20.0389075921052,-16.9088059610257,-15.4087672658218,-14.522058651727,-13.9753756134756,-13.9300638100292,-14.6677708298507,-16.3622754535542,-18.1194266482147,-20.5961933675816,-24.8777782522452,-30.8292520135451,-43.4886811844351,-45.0951338563414,-37.2707210983493,-37.4470562287018
-35.6743761289524,-32.9751484471171,-33.2770800248226,-31.4422222647866,-35.1428199568892,-34.285296749626,-32.5569797274701,-34.3611587268108,-36.7532779625272,-33.0626297531692,-32.2686762817088,-30.5663615287337,-30.4320611308744,-27.8613635181519,-26.600974348622,-26.4990566573103,-25.4349271247088,-24.9083112751299,-22.3345327814242,-20.9856746674828,-18.1798302448154,-16.3426216059031,-14.5490650286279,-13.1022503810597,-11.6653582357258,-10.8421685169056,-10.6482969352807,-10.6225401859329,-10.5311258954202,-11.4374259501833,-12.4672985922961,-13.9960962518035,-15.8112939982515,-18.5071855501281,-22.3679588284229,-25.8316044719363,-29.7722094503855,-32.7958307157921,-31.6422768818149,-34.8324207103957,-37.0107531699907,-40.284316031175,-42.2229496695039,-31.8074672733475,-26.3994472309561,-24.6914979164429,-24.6460280945204,-23.8749418466576,-25.2465466188553,-32.480512248771,-37.7884912438745,-25.1502336906466,-20.6031930462108,-16.9622392059817,-15.0414212416753,-13.8822799264137,-13.1978712207897,-13.4226165356552,-14.0626644684177,-15.5639321486742,-17.6123610905338,-19.9499026316542,-23.815349134845,-30.0885084466466,-37.810288720756,-43.257340736478,-37.9775819868061,-38.1112325154372
-35.1046743039641,-32.1567861073142,-32.2300576093854,-32.0791557590201,-35.9714467594589,-33.507926140341,-33.0783568891503,-37.6646802737587,-34.9387046431156,-34.1920690476697,-31.9585022324049,-31.6809517863244,-29.7795999651486,-28.3609555676563,-26.8201982799961,-26.2371005631108,-26.4428064022218,-26.8718013069293,-25.3456929278404,-23.6024156410836,-20.0803956249068,-17.0168524863283,-14.777343695765,-12.8830084147528,-11.3261847475056,-10.1443836034386,-9.68277058703485,-9.74368807505705,-9.56203785678683,-10.311531402911,-11.212627870455,-12.8373026773222,-14.3794548713818,-16.848138573952,-20.0567198455865,-23.0346003292844,-25.6772471445248,-27.1443155019951,-28.1752977043992,-30.5831803286356,-32.3404271307601,-34.3785685345036,-34.9112981567416,-30.4074920524182,-26.130765210634,-23.7124859772292,-22.1462287353419,-21.1831583840597,-21.8643474543695,-23.1711024808306,-22.5727884653153,-19.8113897650085,-17.6477551712193,-15.1058495282092,-13.442324865662,-12.4370447893013,-11.9488235084594,-12.4131681144074,-13.1169173446121,-14.3821355619499,-16.4203072320264,-19.0316518950164,-22.037736286115,-27.0816611628414,-32.859962654682,-37.7608119472253,-37.3770618549243,-39.2028480781258
-33.6967447246191,-32.0024837688441,-31.6603520605194,-33.5062588179998,-35.3527091124052,-33.2169443122246,-35.2259262973877,-43.5850421454379,-35.2416761821576,-38.1849760026448,-33.4552893224458,-33.3397586279138,-29.8160427999022,-29.6660453820831,-27.2441804655273,-26.2758928312712,-27.2998867624152,-28.5849404096371,-31.6313473564933,-29.3960463192357,-23.0295986176181,-18.0248474102684,-15.2042531343775,-12.7162206965519,-11.0145224289673,-9.5804792798147,-8.8327216490502,-8.80408863697282,-8.7041778863974,-9.23089867680484,-9.96763827279894,-11.5829531086591,-13.001657277187,-15.2598226697457,-17.9551150682506,-20.7060420537374,-23.8689532772744,-25.3254398579198,-27.3283652380705,-28.7298059424955,-28.6339178830045,-29.405164351035,-29.5606430508816,-27.4141215788457,-23.8044120766532,-20.9641182601903,-19.2051714201756,-18.2573325872603,-18.0478251761469,-17.3345065283422,-16.3089010322098,-14.726816114144,-13.6721883973975,-12.2542249800343,-11.1116576931392,-10.5164659323408,-10.3768900489611,-10.9633329027021,-11.8441057398427,-13.0706001312537,-14.8515550908461,-17.6866399564444,-20.5850604414139,-24.5219806416546,-29.7107589216819,-34.4092881640628,-35.0429558585377,-39.4346426778598
-32.3303109158653,-32.5267462964091,-31.8611902249568,-35.2443333532183,-34.0676327632458,-33.5948642550741,-38.7647866210507,-44.5007829238326,-38.5886592685145,-47.9975834673136,-35.742847438751,-34.8278479910051,-30.6872361213232,-31.1923598931862,-27.9190253416115,-26.7754475338356,-27.6740223277192,-28.3652056558448,-37.7797831456708,-37.2012897995975,-24.0397754572093,-18.4349922602754,-15.1041651733978,-12.3696683957103,-10.4983386247298,-9.00625435056202,-8.06156428806361,-7.81505468294753,-7.87356701380259,-8.20757793064971,-8.83216107674074,-10.3133783229485,-11.7649549144113,-13.9469163069875,-16.4184943170969,-19.0604276988691,-23.0109883472133,-25.9889312050291,-29.552197192038,-29.3860150479374,-27.8680736600452,-27.5731061877197,-25.9110416619001,-23.4000879327101,-20.3446564847176,-18.0249631692802,-16.53761590426,-15.4704335408466,-14.5663945481327,-13.231208130719,-12.2375221065843,-11.0135703464233,-10.208955236389,-9.42418667474458,-8.70968880260668,-8.48546023845259,-8.66571626379763,-9.28716062724645,-10.3266606753988,-11.7140147676664,-13.3545860803716,-16.0563342692608,-19.2616267268421,-22.8545616897115,-27.4055437028752,-32.5437248957143,-33.875463961321,-38.5519310360392
-31.5667003947009,-33.3387129120514,-32.8790868128788,-36.3976434104907,-33.3701334275135,-34.8160189857613,-41.849546268803,-40.2566902662995,-51.472524352395,-43.7759338475654,-35.6352171877655,-35.9906597802569,-32.0232589330018,-31.9110082826039,-29.0452752258536,-27.7675198126703,-27.7103599632866,-27.0977503029287,-29.0351816425425,-26.8821742299625,-21.4642415221394,-17.4218362332797,-14.1423408650705,-11.701195597016,-9.73731646086591,-8.33009671720161,-7.31623818704644,-6.83466981343012,-7.00782921303771,-7.22791344071094,-7.83903033384887,-9.10860673428119,-10.6532106654051,-12.8607897078594,-15.3462346898103,-18.0802245058261,-22.2996411782832,-27.7545367557575,-38.4592118467981,-32.506189033287,-28.7651026556234,-26.0313463866047,-22.7303732589256,-20.0962799971019,-17.5850593502447,-15.725396635513,-14.2454080191173,-12.8682154187346,-11.5604270765854,-10.1613304491187,-9.24063187075754,-8.18758064404528,-7.41687125448201,-6.95743699859801,-6.55547724205324,-6.57280896907046,-6.97422826954082,-7.61467946097706,-8.72143135735848,-10.2784452247932,-12.0260221738642,-14.457106418332,-17.6683342299183,-21.4680839096219,-25.5650047178523,-31.1130920905922,-34.3113733111953,-38.3349613595612
-31.6364877845892,-33.873017415081,-34.4780587113916,-36.2612555015557,-34.0650832943105,-36.9885382494831,-43.0995896715507,-38.6291245299812,-42.9748219476174,-39.1531637064211,-33.9591068517694,-36.8902444755049,-32.6063477353164,-31.4475889381517,-30.640425996617,-29.1428929857773,-27.9518256158443,-26.5651359822524,-25.286843399833,-22.7937422925772,-19.1388917742871,-15.7800645295257,-12.894341614826,-10.7752200295763,-8.86533417543783,-7.54755082081028,-6.55338954305449,-5.92331948949107,-6.08909209053999,-6.27877603512926,-6.95676806242419,-8.01649750105939,-9.62296198886163,-11.8509626767918,-14.4175578167478,-17.4534803597093,-21.5272484071383,-26.8234568188121,-35.1941293589369,-32.640648095998,-27.8689008700241,-23.8538218761459,-20.4756428597337,-18.0025673487173,-15.7917473388215,-14.0088033052876,-12.2186619056221,-10.5526134009248,-9.11987228979827,-7.83816708539959,-6.93401441503496,-5.99873460194457,-5.24629528699641,-4.93933329091483,-4.76420241387527,-4.9168109407283,-5.43478737186713,-6.1162744002029,-7.21626614934428,-8.79361218497684,-10.7117243409737,-12.9761186007069,-15.8123904130833,-19.5471720628927,-23.4158490297768,-28.2073071384374,-31.8031264295141,-35.1455557546864
-32.5474995119051,-33.8913233981813,-35.977250981876,-35.2898888208238,-36.3181985734372,-39.4756442594082,-45.4092227559868,-39.7759912628189,-37.7389536873809,-38.4650679696109,-33.131940085207,-36.8130181852478,-31.7888513355361,-30.4544230584056,-32.0728240767085,-30.8128027256013,-29.052410681778,-27.4830291632528,-24.0311037149293,-21.3637737140554,-17.9092899692362,-14.5043501122539,-11.8976578138836,-9.79168482146044,-8.01940895512056,-6.71781877728417,-5.76586424239522,-5.11299513344586,-5.14979978007868,-5.3676786250281,-6.12810585243326,-7.04346924768142,-8.64961960884948,-10.8073211368675,-13.3358154986104,-16.5861447259628,-20.6228226113053,-24.3876077194763,-28.5280766806388,-29.4082850745878,-25.8720042563448,-22.5595600475168,-19.4896197316732,-16.9404924207661,-14.6476130825237,-12.5800474250762,-10.4194858315476,-8.65320400104163,-7.24908639724838,-6.08417370228586,-5.14860316186873,-4.33275259455419,-3.64627346250018,-3.40350125261019,-3.39124230903675,-3.620588641984,-4.17283363478431,-4.90992647568921,-5.97478648015918,-7.42446690054293,-9.3366641695596,-11.5098014590869,-13.9179094676371,-17.0395836791111,-20.4202679819437,-23.9439670349419,-26.2047104496457,-28.6498664502863
-34.0051466980568,-33.5965497100624,-36.2812291153812,-34.5033574612502,-37.594318155481,-39.9604020276693,-51.8299590570691,-45.047643743861,-37.8410057561198,-39.182409942385,-32.8110865749655,-35.0428678137095,-30.5826797357951,-29.4749456400105,-32.0043981278307,-32.5445140889577,-31.7102186365903,-30.7414221939344,-24.8021957258444,-21.5543672083037,-17.4634075155478,-13.8210380845377,-11.2065348893645,-8.91771065593549,-7.24701610962695,-5.91552651990075,-4.989175637702,-4.40408651777193,-4.25787372750584,-4.52375677721361,-5.3144338669678,-6.16982720553781,-7.73241376925056,-9.73445639793822,-12.0907862787292,-15.1911322107183,-19.1925943560546,-22.7611756657098,-26.9713325059457,-29.5986846508828,-26.3016832492808,-23.125539832737,-19.5119087967744,-16.35463479698,-13.6760274494084,-11.2385909670543,-8.92090496774017,-7.21853525141939,-5.87065185262297,-4.76939694383115,-3.8082030136873,-3.13421313559004,-2.57907924296063,-2.37689502943058,-2.48532521342746,-2.77636720183363,-3.31763071937336,-4.09752444190738,-5.1198633422108,-6.3756874592773,-8.06573224863002,-10.0480658664703,-12.1376025444958,-14.5380997786583,-17.1866283843501,-19.9169923355452,-21.7354590878544,-23.560710226263
-35.2976379484471,-33.4277979186971,-35.3202447150732,-34.5142710581761,-35.5335212182124,-38.850915098701,-55.3870423955557,-43.9389791959026,-39.5588773326736,-38.0650610887107,-31.9567716439706,-32.2866269595103,-29.5953376401664,-28.6092921488848,-30.0969304833376,-32.0892498731809,-35.0067817695095,-41.4363619763056,-27.579980930235,-22.276928342988,-17.2368470881132,-13.4520625238061,-10.6101405438103,-8.2166510302523,-6.54624842222854,-5.20570346371479,-4.28733928219137,-3.78544735070795,-3.48857476578992,-3.78397352675919,-4.5211375430525,-5.37746377055466,-6.87844934051245,-8.70564825994879,-10.883432715588,-13.6669220216615,-17.2807113312488,-21.1714952006573,-26.7298093823988,-36.1370502426445,-31.4060660917745,-24.7686388874711,-19.321195432948,-15.5249945575242,-12.5936403501448,-10.0186031193834,-7.78606903756562,-6.18945698381116,-4.86444292665182,-3.80412938066795,-2.88120082316132,-2.37183918347927,-2.01534109202483,-1.88735038356824,-2.10381690258902,-2.47736706838541,-3.00507365214769,-3.79327444717205,-4.7514648449122,-5.80062717772675,-7.147452915496,-8.77357928662776,-10.5841376627453,-12.4396829853514,-14.4221921893482,-16.667526209182,-18.5278106493651,-20.0347323736245
-35.7201765318504,-33.9779000563466,-34.5245301743595,-35.4862692884308,-34.3441733106385,-38.4486121538784,-42.8034323410719,-36.9492456140821,-35.1824519679449,-35.0284564762398,-30.6446143291935,-29.6337994685356,-28.6990829704752,-27.6357297942118,-27.4711385835459,-28.53444837021,-31.1794932754468,-33.2237210502773,-27.2914810223994,-21.2796475159412,-16.5405421006531,-12.9100156544711,-9.95159621928094,-7.68219633457351,-5.94902357020135,-4.64764927954459,-3.73399861728099,-3.26341457337438,-2.90265216953714,-3.18032724268311,-3.79283688283432,-4.67019682582098,-6.09250118656399,-7.7754533284258,-9.8494054033278,-12.4328739824628,-15.5422567140782,-19.1288077953405,-24.3484162504497,-31.0844647636744,-29.9143599937811,-23.0873460788596,-17.9499300228788,-14.3727026232436,-11.5328870860919,-9.03875026080169,-6.97011665299295,-5.43076738958526,-4.115333311782,-3.13609650111708,-2.35081032857753,-2.02307534833706,-1.92868081877473,-1.96424010624356,-2.31895598917783,-2.83112360850407,-3.38744438186489,-4.14111490425943,-4.97339508842424,-5.793102771294,-6.74751550975709,-7.90654404564393,-9.38489793076261,-10.8665336914647,-12.3662816771976,-14.2217454284164,-16.1922742842335,-17.6380757837732
-35.2818215179913,-35.7581866664797,-35.1005647043991,-37.3384912873387,-35.4803259960674,-38.7954984584486,-37.0206353309749,-33.9962273109006,-31.1564577889087,-32.4380326097096,-29.5233791414125,-27.5007415962151,-27.5568254738771,-26.3168530263171,-25.0747265343677,-25.1367341161043,-26.2177753376907,-25.3606893164169,-22.1531286272587,-18.640060119909,-15.2285196973644,-12.0373959566619,-9.32302014028948,-7.31177055607144,-5.55294645124042,-4.30753482852289,-3.40080037207281,-2.88233752807296,-2.54240669856013,-2.73892587034088,-3.19185443324619,-4.07359857176184,-5.38051830757427,-6.94836480584256,-8.96690530197483,-11.5172050823529,-14.3465509318323,-17.4296347637922,-21.5636453998202,-24.4366918876951,-23.3762438208973,-20.2278794448235,-16.5959453242475,-13.4331250095295,-10.6999406911963,-8.28414670417843,-6.31977750829822,-4.80076491504895,-3.55375062798204,-2.73543928826615,-2.19142191251675,-2.06424815790025,-2.28785902738935,-2.63285682748834,-3.22338650723731,-3.98214934635596,-4.66588948702829,-5.33846780280872,-5.9157549865672,-6.41330476753986,-6.92719313313883,-7.57999485418163,-8.65411596696253,-9.84106220865123,-11.0283045104559,-12.5293505627183,-14.4835079768576,-16.0253979442579
-34.6682972494438,-38.5168864609291,-37.8854432982078,-39.902991066529,-38.9599780437937,-38.9566791235191,-34.3343852944251,-33.5790240088221,-29.4622100013005,-30.6309002811678,-28.6433662408312,-25.79429364134,-25.9763508702137,-24.7659301314513,-23.3107409547928,-22.8572036722453,-22.984752754402,-21.4369516493842,-18.6516143874106,-16.3706555785306,-13.8860316824184,-11.213777066957,-8.95148079984506,-7.15894928708284,-5.4818708957933,-4.2630849833106,-3.35482154402969,-2.72628958314628,-2.44099604786948,-2.49057353588508,-2.78175294082078,-3.6214348567266,-4.75813354912209,-6.20438440648844,-8.13584955727271,-10.663402037083,-13.4893468957019,-16.4926769433956,-20.4278436281404,-22.9421385638385,-21.9899098600237,-19.6084182127753,-16.1899177185384,-12.8534120645132,-9.99837419841253,-7.57258965915093,-5.67749858684009,-4.23171520993185,-3.16054123900396,-2.56944180894747,-2.34569724404118,-2.45512822396531,-3.03903388406955,-3.88788416740928,-4.92840773473726,-6.15482739085361,-7.1796140017847,-7.69775829856907,-7.74685762555085,-7.69806225003538,-7.67498350984346,-7.83433815598542,-8.46169648339179,-9.36560657812914,-10.3553950489713,-11.5414618063715,-13.3024873699095,-14.9473085731293
-35.0585494973986,-40.3915807792178,-43.7651106575762,-42.6162304311891,-43.7754839355416,-39.9168828150481,-34.5371874174535,-35.1705912849773,-29.030282777359,-29.0491644723401,-27.6451019798636,-24.3332279865101,-24.1863796151177,-23.3291470908542,-22.2574193994347,-21.5911445948415,-21.0485895222648,-19.4264482966317,-16.9678502330872,-15.1150889111942,-13.0787203069994,-10.8695532579357,-9.00513137455013,-7.32510126996254,-5.83118167378992,-4.597428046444,-3.66324534048707,-2.90680919942813,-2.63594858180783,-2.48613094266614,-2.6253764726947,-3.34612651910413,-4.25465274316168,-5.53651787982887,-7.29184422154801,-9.61647069529787,-12.3878733460681,-15.6655074774342,-20.4335553877863,-26.076540300115,-26.3315192644987,-21.1456237922939,-15.9740904478834,-12.0706571010766,-9.11250923391481,-6.75298927417925,-5.02110570619655,-3.75015466473814,-2.93200305633144,-2.57958647641466,-2.70002128922154,-3.10455170289937,-4.06390891587872,-5.60073653895184,-7.49317121188931,-9.72231853376774,-11.7118571198503,-11.81638354966,-10.6251079695583,-9.61392004725423,-8.92906434088075,-8.65115938235811,-8.83047000537983,-9.43296368615213,-10.2743102156904,-11.2009972573962,-12.6379823453511,-14.2742072792595
-38.6756598038759,-43.7339515472829,-49.2138945664115,-42.7108800896449,-49.9899887682792,-45.9788989042032,-37.6959063027895,-36.0878134073697,-28.0530077779215,-27.1600479449482,-26.3186841344215,-23.1790505639757,-22.6779045633141,-22.2799393577726,-21.8303693618315,-21.1396938879863,-20.1837410414105,-18.8879499505167,-16.8078389635457,-14.9607438975373,-13.0939589695347,-11.2117170662362,-9.53494898027219,-7.90616131562177,-6.63751365895218,-5.38851020101821,-4.40457353775756,-3.55186697573157,-3.18557627530739,-2.81008166465525,-2.79243195490826,-3.28050765631965,-3.90990429431563,-4.96426021588017,-6.45097825267744,-8.3800979834264,-10.7480119471248,-13.8274841033722,-18.4077064031158,-25.1898818219749,-27.4218053117119,-19.3731365187276,-14.1673187462867,-10.6419956117927,-8.00404329534235,-5.92627481123711,-4.47175384934202,-3.41790093255167,-2.84120534327124,-2.67514018059959,-3.07239669752807,-3.81199155852606,-5.10344425044584,-7.29076931914708,-10.4319919849235,-14.8705747947537,-21.4005554607289,-18.7313639211151,-14.2457331320195,-11.9083252154908,-10.597626036506,-9.98643214545701,-9.74284966824474,-10.0059491687388,-10.6760102382796,-11.4072675411364,-12.4914551611567,-14.008036331938
-50.3185783422198,-44.0065205978882,-40.8238690937307,-37.7040688132119,-37.6311764064605,-38.5068006420363,-33.7651173306968,-31.747950195023,-26.125051830253,-25.225578498313,-24.9085697013319,-22.6099131194906,-21.8423971317761,-21.7632781655269,-21.861752529874,-21.3293627562533,-20.3523832893451,-19.7881459318425,-18.1841793592718,-16.0107327213991,-14.0750219779264,-12.2515822655333,-10.4868454904201,-8.93197379935079,-7.86635782070768,-6.69973616660545,-5.68882781096715,-4.81284476947275,-4.19712653807986,-3.59085499454257,-3.36478417847266,-3.46285512975414,-3.76373497020609,-4.5161272819138,-5.66270586358835,-7.13364349617003,-8.9274087483526,-11.2950058391987,-14.3520138251198,-16.8776279881443,-16.8709733759776,-14.5048548191326,-11.6406408183224,-9.16267037081191,-7.06998494639188,-5.3580804482454,-4.16544351736496,-3.26527992675511,-2.82981161477503,-2.7550851567943,-3.26125045731558,-4.25314774141566,-5.7307887434614,-8.05954830551928,-11.5737734378793,-16.6059351605075,-23.3468242810093,-20.9782660864335,-16.6002415537679,-14.0841649423804,-12.6360636786728,-11.8008567345401,-11.1286489946389,-10.9673471100972,-11.364770525257,-11.9569080775014,-12.7927769993276,-14.2150082650941
-31.5681592529234,-31.1476651080055,-31.3861338419834,-31.1787481714134,-29.5537731405634,-29.7517187201989,-27.4993752552358,-27.3286193846017,-24.7408949784664,-23.9363370357607,-23.9009722206201,-22.8957958891204,-21.8842529004902,-21.8417489022565,-22.1617861972176,-21.9896170231419,-21.575961594168,-22.3637264048557,-21.5935273363791,-18.5293363480975,-16.0498099932901,-13.7813752656057,-11.7007621608017,-10.3009852867664,-9.40102595525645,-8.56847996934943,-7.69666199818499,-6.91599675644134,-5.8848994874976,-5.01155608064713,-4.42156169229271,-3.92719309698567,-3.83261156213595,-4.1966051470644,-4.94804425786125,-5.99961842026911,-7.32181624098404,-9.06558487253103,-11.094279848479,-12.462359487927,-12.5032711815003,-11.6052722211629,-10.1298246552468,-8.43094116064772,-6.72340484940219,-5.24137736245182,-4.14709760892168,-3.26665749056649,-2.83462505248679,-2.75668954079495,-3.17968160574132,-4.18621385582623,-5.63114556497015,-7.5866687104382,-10.1999225718115,-13.2880982366106,-16.0549594420507,-17.4303766071672,-17.2949710547878,-16.3048601457115,-15.2489930697688,-14.0304842677487,-12.7634247899909,-12.0142179438859,-11.9922382740129,-12.479709039901,-13.2776005866585,-14.8478427699298
-24.2057901205451,-24.3375304139026,-24.8873214632168,-25.6373004623709,-24.7864892174795,-24.9596255939824,-24.0633021049423,-24.5565520380386,-24.6924954824515,-23.8092236884594,-23.7451097828616,-24.1857703370843,-22.8693844920443,-22.5069189408853,-22.609804087668,-22.890891525107,-23.6955825361107,-27.021730681315,-29.3203090518872,-22.6744371555761,-18.4672473972973,-15.2141736440304,-12.886251153243,-11.7073940057763,-11.0163673813944,-10.9535834736889,-10.7595042123149,-10.3564883127161,-8.70940143393325,-7.30378464477773,-5.95234472613811,-4.64935377971684,-4.0615739232522,-3.95375395799534,-4.28106079156195,-4.98368623870883,-6.02129788540349,-7.44047947412256,-9.05989242419806,-10.3690645693031,-10.9850080020766,-11.0004483364877,-10.3065706392704,-8.87264525887651,-7.12913530890141,-5.56862995256962,-4.33651102217705,-3.35526153659191,-2.82968186611077,-2.69979884652302,-2.9435062994309,-3.74565939693888,-4.99411215768882,-6.56464867386705,-8.50304812853914,-10.9171866342821,-13.7838516390714,-16.9459967827219,-19.8666756821924,-20.7372860673541,-18.927996570678,-16.0952710009093,-13.9215145593434,-12.5354590433181,-12.0799741961696,-12.4839764753294,-13.371932142187,-15.3539050067109
-19.2099635474621,-19.7489967515067,-20.3963865452026,-21.4120795982996,-21.8066251811297,-22.2181305392031,-22.6661539316506,-23.4310818480865,-26.1400426041372,-25.2917035825456,-24.8010117803215,-26.428692995063,-24.7095655951156,-23.6822642506622,-23.2646207864183,-23.7942898109352,-25.7429648750576,-30.319871899961,-33.2345617951618,-24.3268747359061,-19.2081943055592,-15.7434392460865,-13.6477447199457,-12.6619753336369,-12.3118127909411,-13.4282233284363,-15.3474220057133,-16.8991880661545,-13.7793287209329,-10.4334907897267,-7.53840832349346,-5.40673600641303,-4.25769475130433,-3.66893996736263,-3.60984084423739,-4.03893084963686,-4.92737631832977,-6.2577443401585,-7.89157276397409,-9.7762563874015,-11.744166810238,-13.1781094827649,-12.8505520643604,-10.5828217467817,-8.05054801740881,-6.06551533365502,-4.55457540480671,-3.47130877130947,-2.857637923066,-2.68942182133424,-2.78616385542773,-3.31999518538788,-4.30152961376803,-5.59372643220214,-7.18828306801271,-9.29935330611054,-12.2700508155214,-16.6350345994482,-24.4049635057444,-33.5632947701212,-20.3218394821315,-15.7894894411563,-13.3813401037481,-11.9077714103437,-11.3100234307009,-11.6561751965061,-12.5108713293017,-14.5317153471997
-15.3990430369863,-16.3308318313767,-17.2066135697945,-18.3171878596664,-19.7938800813055,-20.8157423448588,-22.8072100470752,-24.1624375214908,-29.0520010429444,-29.2457365340059,-27.2511402070781,-29.0653049771913,-27.0553773940589,-25.3415804378741,-24.450030595736,-24.805701493944,-26.3960653210057,-27.0283317812929,-24.3425984385991,-20.8612381684081,-17.7540264661545,-15.2840227686191,-13.6947723263585,-12.7890271808261,-12.7352363646283,-14.4008732726806,-18.3154011214269,-32.1878797008648,-19.3960577575855,-11.9410901560463,-7.96622838556342,-5.64967830050047,-4.11362984661156,-3.21282784757224,-2.89975887517178,-3.13683175135037,-3.91909840113255,-5.21672119992338,-6.98624571999893,-9.64827806738237,-14.0778326986904,-21.7787077502566,-18.8535146583386,-12.2738315349732,-8.55321781542508,-6.26756434424136,-4.65188648807841,-3.63013164984219,-3.03434852010974,-2.8819397632269,-2.92946954461336,-3.24074679711344,-3.92968791802565,-4.9356481413518,-6.22149614605698,-7.90349754266642,-10.2056840855776,-13.2133721916421,-16.335558397924,-17.1717547623816,-15.0478826329043,-12.8584477976712,-11.3011072888806,-10.3049318741622,-9.85962754766358,-10.1527198115159,-10.8489129696361,-12.2880898516542
-12.4294374758627,-13.638849148551,-14.8308530579948,-16.075841410314,-18.0970482203805,-20.0812833744607,-23.5026488410818,-27.2687460463023,-33.2131252916248,-37.6176408432316,-29.8454559948553,-30.4864583421045,-29.32842391771,-27.8341089966713,-26.8850403664343,-26.6747193164114,-26.6929810703161,-24.787729102588,-21.1277173093101,-18.3740969706046,-16.2135169575816,-14.4326151434049,-13.1039674582373,-12.1706044187675,-12.0959452556948,-12.8570057208779,-14.0342862833748,-14.7168587650231,-12.4852083685829,-9.37400398309808,-6.71954314685251,-4.95590273200671,-3.48582450160052,-2.56844045819648,-2.1769016181535,-2.30107853986217,-2.95961029442831,-4.11893929030014,-5.76877658018033,-8.3609533558084,-12.4558085682566,-17.1785073214155,-14.912367105897,-10.6388962295141,-7.7900938949818,-5.9943873361729,-4.68327801808099,-3.95706359588993,-3.5295994245815,-3.45357059423023,-3.54441614432193,-3.70854272354425,-4.09494438035828,-4.74865151742036,-5.64153478152006,-6.76780240395278,-8.14965531924274,-9.65243652382669,-10.8231616048683,-11.1520968160118,-10.6756616911979,-9.84398227322157,-9.01690356548427,-8.47576864015364,-8.22384244311539,-8.43768662225285,-9.00008859833333,-9.84359815017996
-10.1777504405415,-11.4959993433533,-12.9343402961425,-14.3869267888525,-16.3708518594744,-19.0531241328706,-22.4357361895199,-28.6691350850063,-33.3884938663232,-32.6304337811929,-29.0495358468366,-29.2557839185189,-30.6794999143446,-32.0988090077323,-32.5821796076622,-30.9503696488039,-27.9209074634377,-23.9113924921504,-19.8040367992013,-17.1763562864644,-15.2200104947767,-13.5869120934701,-12.2406050162802,-11.2420630355585,-10.9101549390831,-10.6222481444367,-10.3491583423653,-9.65509470808615,-8.06786630910624,-6.5652917676752,-5.02277386203899,-3.73614990826381,-2.62089890158927,-1.88555445518178,-1.53757466907884,-1.60415943157584,-2.1136960804345,-3.01656203681522,-4.25806799058068,-5.99407756689098,-7.92925620944343,-9.17962656030947,-8.93562214213993,-7.72328020887705,-6.50356291658423,-5.60868268359867,-4.89985587127628,-4.65165137370196,-4.54340263238102,-4.59690172187255,-4.78188531928423,-4.85938349070168,-4.93624913581563,-5.17294313091381,-5.59642952416246,-6.1551979418031,-6.78522251546042,-7.40326427202455,-7.85742127791057,-8.02064559327155,-7.95037587834929,-7.64795701756702,-7.23821630917959,-6.96493000762825,-6.83118321835767,-6.93927768980247,-7.40186414373343,-7.88220248260405
-8.58677740740891,-9.87160548407203,-11.3734181303964,-12.9998314655587,-14.7151456669927,-17.2725814531276,-19.6980488146703,-22.9196131945797,-26.6452412212384,-26.6737739318616,-26.7928641405445,-26.5858631120446,-29.2825134212783,-34.0035942812328,-44.5080687703659,-36.685085572812,-28.2746488187146,-23.0671978431531,-19.1432528723504,-16.5960947442594,-14.5974563756039,-12.903590516865,-11.4882983014097,-10.4486330596274,-9.79738638931255,-8.91658374396997,-8.14105328443967,-7.05907163812867,-5.80794917345858,-4.7874892547256,-3.74243909823054,-2.68818491282657,-1.91715631272248,-1.38773266814844,-1.11598857227849,-1.14606551780737,-1.49959835469559,-2.11984509438581,-2.92992343764805,-3.93782559629108,-4.90351338649959,-5.59112599841255,-5.88105281133321,-5.79453517488685,-5.64017063486649,-5.55229184494162,-5.5717599229482,-5.9211766369812,-6.29878040818876,-6.55579407536033,-6.83792647366869,-6.84221349432463,-6.57627664065394,-6.32670973942918,-6.22385081811692,-6.24208295751614,-6.3025236156896,-6.37852307027924,-6.45426434008385,-6.48741375088273,-6.48565930343728,-6.36230958289452,-6.17088647273967,-6.02407036431955,-5.934338038407,-5.92749175058597,-6.26998679982953,-6.56946946673156
-7.62224346867591,-8.79503059767027,-10.1910706789346,-11.8357917421475,-13.3841519603532,-15.3777557351823,-17.3030786214504,-18.9235286258181,-21.5755269113211,-23.0310431694535,-24.58493214774,-24.0919302214181,-26.0263765208222,-27.9851017972213,-29.1743901875873,-28.4717141856866,-25.1067513597881,-21.4143861095885,-18.4305743394687,-16.1590597270489,-14.2005047537739,-12.5220784388147,-11.1307009486398,-10.0787530896186,-9.1098326056556,-7.98997656215352,-6.99496611617311,-5.80470525051043,-4.83279490052094,-3.94027374532961,-3.09924796666584,-2.19842208017833,-1.65619817419796,-1.26619411661583,-1.04546885938741,-1.03444720190847,-1.24111172878398,-1.62770182840323,-2.14290501886761,-2.74454351395923,-3.36173710332812,-3.94896526200585,-4.50715133720594,-4.98129731343628,-5.48747404895833,-6.04018818987017,-6.85585307401901,-7.9139664634304,-9.04683886791767,-9.7324020057164,-10.091595912659,-9.91086677622208,-9.14119026467931,-8.27077151200482,-7.57822649784103,-7.08077786546091,-6.69571470143655,-6.40365982640084,-6.225253625246,-6.12875093801085,-6.06179714384013,-5.9627871581495,-5.87163222907873,-5.76504672809558,-5.67149125350715,-5.56007779813865,-5.73079694796526,-5.9383975595799
-7.26894155029746,-8.30591545878759,-9.51260891059698,-11.003672598693,-12.5202336385865,-14.002378790794,-15.7677701528598,-16.8879977424504,-18.5174403923768,-20.4416927648182,-22.1756175686714,-22.3241244938427,-23.2764359526235,-23.9343747591264,-24.1800437067407,-23.5277150532203,-21.7019097712222,-19.50216175457,-17.6230633329681,-15.8464068623909,-14.1258824104753,-12.6266085023445,-11.3637631298923,-10.2854616107644,-9.0293817009432,-7.85476157324729,-6.70436010724995,-5.54755233048398,-4.76648895675254,-3.88052476396984,-3.13448485900974,-2.41350941772212,-1.98728179961831,-1.65649033677726,-1.44467644260552,-1.37629399300224,-1.44907659591054,-1.66838526419091,-2.03075883137673,-2.44930495590271,-2.96942232536136,-3.58197392736298,-4.30490473355336,-5.11406049294939,-6.04060089248974,-7.1028905508824,-8.70286528229147,-10.5491056089253,-12.9251055454303,-15.0216972665927,-15.6077168649205,-14.5756863006147,-12.6442024140523,-10.87726060416,-9.56882592844309,-8.63921529426223,-7.94081021202339,-7.39966552836246,-7.01739057206994,-6.76469603971415,-6.55630022267574,-6.41070672256852,-6.35292213200342,-6.25143961222527,-6.14271016076561,-5.96187524752913,-5.90809463975793,-6.02659359395942
-7.54709565295454,-8.44572510673282,-9.44781674123389,-10.6695365564553,-12.1414676140726,-13.3308129867511,-14.9891056879932,-16.2356611684949,-17.1525772973022,-18.9541016073483,-20.2996195387941,-21.3817891407007,-21.6029370136465,-21.7050534323905,-21.6459932934604,-20.8757840003363,-19.4727436007698,-18.1304130764658,-17.1768354204553,-15.9683346416611,-14.6185381774971,-13.4226725316241,-12.3382479459109,-11.1624592097864,-9.68305753226379,-8.48089170133991,-7.17992297675524,-6.13036037326302,-5.40581381036257,-4.53552892135616,-3.87412807827867,-3.38882148416068,-2.99766372382607,-2.66959495876497,-2.43205071436778,-2.28351997136126,-2.22191001400867,-2.3114786136033,-2.60185137527975,-2.96526099822597,-3.50147488808352,-4.19778542798716,-5.04359185607759,-6.07506810935822,-7.256865892945,-8.67968324145923,-10.7257373343065,-13.0251691927005,-16.5044266042037,-23.3678095020964,-29.9745417016185,-20.6778888893552,-16.0943861570156,-13.4790160019878,-11.8793986984496,-10.8472574785253,-10.0906454948054,-9.42639272197758,-8.82527675408273,-8.31635757971371,-7.86846186780494,-7.62377161204299,-7.57693295935861,-7.53214869316221,-7.4796896587307,-7.31460143426944,-6.99751743848853,-6.9266935142494
-8.55097060014221,-9.28340970638435,-10.0621298453374,-10.9347569789264,-12.19428721484,-13.2919889152764,-14.7824420796845,-16.5487814784198,-17.4087441886811,-18.9383295712987,-19.8632918501094,-21.4038103334104,-20.9570935829693,-20.5586505823195,-20.2134244503592,-19.4240615667245,-18.3678555494152,-17.6974422148548,-17.5298685798919,-16.8686777485651,-15.956019417129,-15.1301291939493,-14.1941459222432,-12.8036809368234,-11.1823827953128,-9.82311646980877,-8.3851680312806,-7.44275901297061,-6.62862603550748,-5.87329458165161,-5.34558078011564,-5.14631007604371,-4.77529855897992,-4.44874169979917,-4.16650337294739,-3.89211997834916,-3.64904218589101,-3.57742637471616,-3.78863238998722,-4.16170449782498,-4.77556879965357,-5.61325687408682,-6.61615248449243,-7.84740222179098,-9.1847529399714,-10.7286945380759,-12.3913500543107,-14.0953758976715,-16.2291862629773,-19.2531589475872,-21.2694542053565,-19.2051240959659,-16.590680785908,-14.9164638507044,-14.0439578137637,-13.6927583066002,-13.4547304067164,-12.849846009194,-11.8138006288613,-10.7169704248364,-9.81583016914187,-9.37017334860569,-9.35990228315366,-9.61441467388127,-9.94321022270196,-10.041846413402,-9.41488278294644,-8.82010653615292
-10.5390754020753,-10.9791464422216,-11.3854604105461,-11.7757556343747,-12.5637117848732,-13.6516724795264,-14.9453979107343,-17.2625289209078,-19.362048786508,-21.0688873891549,-21.7580151710157,-22.7211090652257,-21.0726685729423,-19.8963429619249,-19.2050006279459,-18.6288863292449,-18.2419774293488,-18.4215488913217,-19.0293792226777,-18.9403124853993,-18.509492211924,-18.0110687915039,-17.0439728432258,-15.3129799214894,-13.6066674702037,-11.8411605146574,-10.3246744675798,-9.37252013564274,-8.36014599151343,-7.83456876736399,-7.52694944706222,-7.67516229085029,-7.48293835064293,-7.2829568475625,-6.93842047241779,-6.39111098372268,-5.79280801797018,-5.40943718762407,-5.43275186490786,-5.83390939411028,-6.56816576110006,-7.64147780193724,-8.98556656550322,-10.568593824308,-12.0977250932076,-13.4144793491306,-13.8730509507823,-14.3824470986256,-14.8712913959833,-15.2710421965806,-15.5765172006273,-15.3844046801521,-15.0387261399627,-15.041438261716,-15.6560613533847,-17.1115700105186,-19.1686213824163,-19.2135572110905,-16.2431843504981,-13.5264653673233,-11.847652555212,-11.0663935413058,-11.1323100037918,-12.1678779453478,-14.0067625614073,-15.6023451620884,-14.2949183217172,-11.8256501030387
-14.2299403983632,-13.9028132688379,-13.3759575931991,-12.9658748820696,-13.0326660073958,-14.0084315346071,-15.1920935121504,-17.5478351802102,-22.1136446464035,-27.1742962218354,-28.3850964260757,-25.0821400257744,-21.0997250384172,-19.1325081011943,-18.2137129173735,-18.0847094391101,-18.7880895095914,-20.3143933055078,-22.0462505817846,-23.1508456076591,-23.1761819824588,-22.2734629548578,-20.6817697083428,-18.7113617272091,-16.9769662194464,-14.6446719544891,-13.0892318237186,-11.7731475119019,-10.4976388102968,-10.1797668801582,-10.1871115400668,-10.860325566201,-11.5034256608646,-11.9821273788599,-11.4246911072623,-9.98508356654944,-8.54752775239908,-7.57315465528365,-7.24011581064387,-7.63908693641807,-8.52022925615231,-9.97105172776586,-12.0734557930115,-14.6030150072945,-16.8119409712161,-17.3882901551078,-15.9944110803065,-15.1762848486168,-14.5899869340128,-13.9372961036456,-13.5634333422009,-13.4866346978184,-13.7561416530526,-14.5078110726752,-15.9757285628868,-18.7883748473323,-25.2275851795232,-30.4729005914388,-19.0526664387512,-14.6402418966743,-12.6063971805376,-11.7091845083648,-11.7894734411102,-13.3819206382067,-17.5269635265547,-32.6518835579073,-21.3891583233757,-13.9032243141419
-22.6477753543066,-18.4321396334271,-15.4729939911778,-13.9096920562768,-13.243515115265,-13.8904777599215,-15.0767212256657,-16.9265620333062,-20.8549261912255,-27.0893349832771,-27.7576530040086,-23.8774302639576,-19.9133884709752,-18.0258663759475,-17.1693900751355,-17.4421900281552,-19.0188134657889,-21.7226128125705,-25.1867506554114,-34.2273853895918,-31.8088833422273,-25.7392284261067,-23.4987484114736,-22.7964439660681,-21.7642785973566,-19.0753934419674,-16.851309631699,-14.2648428955689,-12.6445959680941,-12.2039113495995,-12.525814778965,-13.9708025435647,-17.2174355892531,-22.6170538653328,-19.043918311428,-13.9081188277535,-11.0663136832252,-9.49438156067694,-8.79247064340861,-9.1065065167248,-10.1203932565633,-12.000184860803,-15.1254287947656,-19.8321050077922,-26.532210441323,-24.4193832990561,-18.9954527332438,-16.6490152550579,-15.2981291480963,-14.1099758803876,-13.2680647528544,-12.9801448239139,-13.1593685773162,-13.7151482956059,-14.6643437585246,-15.9788079654826,-17.2661186117269,-17.1774529497969,-14.9733427649198,-12.6192717503091,-11.245251906023,-10.6835476679116,-10.6770780900068,-11.46865303838,-13.094003755448,-14.5453230123304,-13.2007190160646,-11.0171188397962
-23.8227901040037,-19.0024652080016,-15.505380850748,-13.6958871687098,-12.809943892217,-13.0617278206704,-14.1829624330962,-15.6332910034495,-17.4480284110739,-19.840660013089,-20.1316731374947,-19.9417104725236,-18.2063496214607,-17.0069812040385,-16.341832112172,-16.6311642593269,-17.8622529995705,-19.4665568935362,-21.7343459226816,-25.0267043671033,-23.98155294927,-22.4985145932584,-22.9291296692155,-26.1118434829622,-35.1687050670653,-27.8073425436898,-19.650449536682,-15.3836707043362,-13.5843606826403,-12.7365026973306,-13.1102096407754,-14.3730598176377,-17.4038698062466,-20.4731561616934,-17.7193156311366,-13.8848778590568,-11.6466255778999,-10.4478906376111,-9.75419633845708,-9.92136058978536,-10.9958792918816,-12.9766664521802,-15.8550413290671,-19.8404803405025,-25.5147253781612,-26.8020066922213,-20.5929051646968,-18.092432549411,-16.6440979179253,-15.4031514459563,-14.2777802828682,-13.6284456203535,-13.3014385557615,-13.0988794579968,-12.9996512395349,-12.9018298718545,-12.6108374335651,-12.0201907439225,-11.0579707378667,-9.90226079895833,-8.99351516028176,-8.63136795922974,-8.54142602311382,-8.56906231111422,-8.6952893456337,-8.81589509173089,-8.13393469117296,-7.47251816253649
-14.5767212933334,-14.00577543873,-12.9701406622472,-12.1372537877436,-11.6418465641144,-11.6848968705496,-12.5787052235374,-13.9127483621598,-15.0331008086558,-16.4808975450055,-17.3007239617987,-17.8078114244604,-17.5545264112749,-16.8791027985607,-16.2009298883816,-15.9951768752323,-16.0694320981921,-16.1830018321851,-16.9797767302309,-17.4992189920193,-17.1875322256846,-17.4994075790173,-18.7576995153829,-20.5639057437121,-21.6583575655975,-19.1922631823755,-15.8322264328655,-13.4615296910053,-12.1709754357147,-11.3647862997857,-11.5593295367825,-11.7769100706624,-12.5025555017048,-12.7396013154695,-12.3314171641619,-11.4449225740633,-10.7426988726882,-10.4528455654407,-10.1794995695797,-10.2665467535326,-11.2790688125842,-12.8548406343569,-14.4352236270766,-16.2792339529145,-18.5425222586137,-20.0456413723779,-19.4005192033651,-18.9984660925904,-18.5041228930537,-17.8841599243972,-16.6880311866045,-15.4404340892074,-14.2128658154948,-12.9854232186762,-11.8989415860091,-10.9485329944669,-10.0330076905194,-9.16528656101429,-8.40937476916958,-7.68174595588272,-6.94414831377042,-6.53373584552528,-6.36155516513435,-6.12873271976584,-5.84854678708941,-5.70828072708955,-5.35427972835045,-5.10320134437065
-10.758616238399,-10.5959890387336,-10.3419593687076,-10.1356186852829,-10.0774276164879,-10.1129119140502,-10.7309003768928,-11.9155949017035,-13.2159433938293,-14.7042096727016,-16.7193008280313,-18.0285477059429,-19.3474811193955,-18.767693145671,-17.2474035975278,-15.7990636568522,-14.471625650857,-13.4929345634569,-13.3036679677029,-12.8715425768493,-12.5758033704067,-12.9110523608923,-13.4506872915272,-13.6521584245461,-13.236816822404,-12.1506547234257,-11.0808271000657,-10.195248610216,-9.48906907426665,-9.07092516748005,-9.19426231826312,-9.10813135231021,-9.42488525653248,-9.62471884503885,-9.83335456387264,-9.94651729865162,-10.0363533270645,-10.2924980729221,-10.5073559769068,-10.6425997856601,-11.4150612406327,-12.3553706514693,-13.1014348390924,-14.1503380303938,-15.656266162395,-16.8824723693091,-18.4236652130764,-19.9727884375569,-21.2742961812716,-22.475814714737,-21.179003634288,-18.3685735695957,-15.6442369240299,-13.3003926513411,-11.4267621470526,-9.92966836196794,-8.64957731415619,-7.53857660248361,-6.70733744678462,-6.08095779048129,-5.419997800076,-4.89673894716083,-4.62436117568948,-4.36410741310104,-4.06866995450415,-3.90637078758014,-3.83972898293734,-3.79260024196359
-8.90855564613171,-8.72727458574813,-8.56650914390465,-8.48252227093852,-8.58928277112607,-8.66823784542715,-9.04526266928266,-9.92840431714814,-11.3402706751329,-13.034909607777,-16.0748749399844,-19.7918224018248,-27.736514927244,-25.1976324106365,-18.7725562131558,-15.1913609019077,-12.6462718177701,-10.9999789816413,-10.1741288550457,-9.32229209919942,-8.93495613018249,-8.94712694952459,-8.90470637063793,-8.69761592941025,-8.29803554676944,-7.84980839421346,-7.50393904083548,-7.21147060622569,-6.91040254076657,-6.88560127220327,-7.1084106010234,-7.26540309177248,-7.74561865249651,-8.25656218125775,-8.91386095433375,-9.61033502861325,-10.1628311340502,-10.6780010333036,-11.2724109850622,-11.5063076682273,-11.8117917087323,-12.0884511261265,-12.462996588529,-13.1718032877676,-14.207406645467,-15.2969041187017,-17.9176367655052,-20.7621909867067,-24.8908453953811,-35.7704705988149,-27.5210640441375,-20.6656002048471,-16.5620912179806,-13.5895362338584,-11.3586250923786,-9.60826228871457,-8.13004942014495,-6.82163229017629,-5.79940742333337,-5.0838741156427,-4.45390635826391,-3.85088777810264,-3.47476028997633,-3.25132960189778,-3.08562575364403,-3.01664993521022,-3.22848796647826,-3.3920399372358
-8.29744256866368,-8.01535009813479,-7.73227738093589,-7.51424727750979,-7.52459589008421,-7.57902698668867,-7.74411677493064,-8.25412407305407,-9.36189386931829,-10.807248722709,-13.0219681876806,-16.4991306429881,-20.068941660788,-19.5329860503253,-15.5815047115636,-12.4552168093162,-9.99479119048198,-8.36703727101114,-7.32244031129329,-6.39365051128014,-5.95439190197023,-5.70980791755875,-5.427696122828,-5.20156245951752,-5.00322382402099,-4.92879656542626,-4.89999480878759,-4.90519881896121,-4.94368525320446,-5.27194575795178,-5.69022016915511,-6.26256552427417,-7.03875616774163,-7.94687002130768,-9.05044633153683,-10.290532035628,-11.3266212916913,-12.1086914988154,-12.9633484585319,-13.2035429766948,-12.7803404252735,-12.3599099703129,-12.4787539253402,-12.9017976482142,-13.4417914510953,-14.3548870414139,-16.584091204752,-19.04496379168,-22.7796158419385,-25.5051599984393,-22.4941962171881,-19.074588896164,-16.063354091385,-13.6013539551675,-11.6187323872775,-9.91999248390247,-8.36951660618452,-6.90431453710175,-5.62743100311996,-4.67356874140865,-3.99075439505185,-3.35324124637778,-2.89860800283392,-2.7254245599274,-2.74688516214263,-2.870662328971,-3.37681017999998,-3.85140396504584
-8.70333527787585,-8.28823236684874,-7.8060495132172,-7.34184218409459,-7.07899771550159,-6.99201391095787,-6.94021332600353,-7.08109868336731,-7.66371338335407,-8.5471899441996,-9.52320227971246,-11.0935976295468,-11.8957324436949,-11.6888499691058,-10.3863159233751,-8.69354784431452,-7.00892125439282,-5.78114682151685,-4.80203518504159,-3.9970591101109,-3.56902232685624,-3.21790207033786,-2.92385659651703,-2.80505171257195,-2.80813128544559,-2.95675004597072,-3.11550744687213,-3.34562345597333,-3.71051137047986,-4.34829495379343,-4.99330450735734,-5.97648871208339,-7.05331470740883,-8.37576342165937,-9.96778076345341,-11.8802548043236,-13.7280741110788,-15.1445152685596,-16.1658888814862,-16.0739905298012,-14.5756211225693,-13.3191743664824,-13.031343678167,-13.0610212194538,-13.0934977232401,-13.6716317431897,-14.5849587954053,-15.9430559851941,-17.7655121630377,-18.4096259700732,-17.6542880193036,-16.5373697056107,-15.1442734529592,-13.8274076717652,-12.5389882719099,-11.0740696924779,-9.42918238583681,-7.74019760807331,-6.12995655243918,-4.80488649668655,-3.93446866435156,-3.2803399666951,-2.80456952177239,-2.69604707130484,-2.93202152936527,-3.3541751832633,-4.21540453558782,-5.18832762178462
-10.0988576989354,-9.48893369462051,-8.75665047652559,-7.99419256035525,-7.35143698323915,-7.00022558029283,-6.69791931782557,-6.49823629698016,-6.54292944968601,-6.85720464271163,-7.04386873685812,-7.49532013842494,-7.61236553849871,-7.30742728356208,-6.57852623054599,-5.53121536698742,-4.43163295846453,-3.5755951723753,-2.75763159722315,-2.15004355571073,-1.77981513729471,-1.45368803240917,-1.27560169041173,-1.3037800297156,-1.47749714045446,-1.77155132458115,-2.09309141398476,-2.54252957530892,-3.21293754677853,-4.09578505025714,-4.95305691648954,-6.25843597723032,-7.58374817847761,-9.28325810433122,-11.3781888071618,-14.1459680657003,-17.517140448627,-20.9406736886107,-22.2338896902051,-20.5144358854656,-17.3059372600601,-14.9962291519179,-14.0171432439083,-13.4800483489265,-13.0698376312556,-13.2099328964572,-13.0208244093433,-13.601241420423,-14.4198263967026,-14.7987780266769,-14.8789277006119,-14.8310053745778,-14.7868559181448,-14.9881376794693,-14.9010090770388,-13.7006354560013,-11.5198648697406,-9.20779197763694,-7.10796377548254,-5.33441528038964,-4.15339565542473,-3.47103837940189,-3.05494171515699,-3.04030320245039,-3.50185880717968,-4.31780097888446,-5.63844027890741,-7.40853754303843
-12.5883927379898,-11.6196392517974,-10.5507359177509,-9.45626327522516,-8.38176556642302,-7.66162017516703,-7.06054675299666,-6.54406310120346,-6.11803604169848,-5.94767151025704,-5.67577648077839,-5.43572180714555,-5.18850376301574,-4.72084970267638,-4.10524495761193,-3.31614147892565,-2.55563435289277,-1.93510263264959,-1.28542549306695,-0.876240920963178,-0.59552555722984,-0.390937733655922,-0.395649522393367,-0.581297565467802,-0.905131729349859,-1.32387686386373,-1.82521360642436,-2.49376859753332,-3.41344946062795,-4.44363762461527,-5.4643768138537,-6.95445348950344,-8.43845275199182,-10.4033116435329,-12.8596350857165,-16.2977726293086,-21.2311545952929,-28.7710633945967,-38.9698143952014,-25.4623319907859,-20.2066448214715,-17.1381675447875,-15.3385987676504,-14.0881767045327,-13.3190616418554,-13.041210670781,-12.2844666069061,-12.3224816306573,-12.4742765965215,-12.7087141240339,-13.1730325423626,-13.7530792258873,-14.9106311961939,-17.2539842669382,-20.5032323934369,-19.6438958074055,-14.6366944570816,-10.7273183704404,-8.01512854435758,-5.94047304752476,-4.48711541747486,-3.76948132187575,-3.48761809395724,-3.60103168724269,-4.26721004801032,-5.49418830389233,-7.30939811933879,-10.1431477748914
-16.4019825853232,-14.6734269368171,-13.0989144863089,-11.6456028378038,-10.1507056356737,-8.99976953086152,-8.05795849727093,-7.23510522302694,-6.41665887982193,-5.83943859613131,-5.29070413416917,-4.58241047934534,-4.04461904068066,-3.38716713724363,-2.72022086831829,-2.01247313038903,-1.41969022930466,-0.913873501713767,-0.416478901382836,-0.176456531424231,-0.0130921836623098,0,-0.222450944880415,-0.577986222865225,-1.06349032849325,-1.63206242326438,-2.33809619361241,-3.19920349325309,-4.25945251957255,-5.30127673140971,-6.41552299347463,-7.93349331002063,-9.48449858700944,-11.5535266864891,-14.0473583219753,-17.2841590134093,-20.9822765080977,-23.3626850474792,-26.6764974326944,-24.8284108679387,-21.0485103062043,-18.9734071702432,-16.8718667526554,-14.92593266222,-13.8267644688759,-13.1865211697047,-12.311747325559,-11.9429336564064,-11.5831317652216,-11.6188041807436,-12.124522614154,-12.9342251374334,-14.666298107549,-18.008337611937,-24.7036375115728,-24.8001801362766,-15.7803687522277,-10.9596898454936,-8.11218064133451,-6.20497974128813,-4.78417986099372,-4.07284633078994,-3.95269021771592,-4.21103383473472,-5.00792499850952,-6.49395317760075,-8.50333973008931,-11.7797483008483
-21.6164619146726,-18.3957292955002,-16.1393917102552,-14.3524728448581,-12.5468741832472,-10.98242990979,-9.69838607393793,-8.5718640239357,-7.43065169846797,-6.50219700477394,-5.7759966662476,-4.75546507342187,-3.95412789706336,-3.09302523864439,-2.2871344112763,-1.5520236613206,-0.994109753366497,-0.507135161500261,-0.135501064100982,-0.0226279626247901,-0.00646653627109238,-0.238114003162521,-0.705323432200335,-1.2773850400934,-1.99279616410995,-2.78010175992171,-3.70235702699546,-4.6761527914027,-5.69490454290066,-6.57800098518372,-7.71050343821258,-9.11915324542927,-10.7023027710125,-12.7673598330272,-15.0771004156729,-17.6662626267104,-20.0730349630317,-21.1986031035732,-23.104296125798,-22.9768239270701,-20.6357087079089,-20.002084455881,-18.4689814057331,-16.1238398161994,-14.6654290614232,-13.6344681822512,-12.9015819699928,-12.2475577527384,-11.5334705113456,-11.3301166232888,-11.6104709604973,-12.2580556324433,-13.5564383619416,-15.06353601327,-16.0287971139548,-15.3184701646013,-12.6238975023527,-9.65761100149956,-7.41811155604409,-6.00315591605636,-4.96691287662412,-4.35253227635305,-4.36207920384448,-4.75480396792782,-5.58327748658578,-7.06556446162045,-8.76767908133484,-11.3106665014687
-25.4323932866601,-21.7157094400715,-19.1729645583303,-17.2650592396825,-15.3664167927307,-13.4935626675913,-11.9401288264052,-10.5227013828109,-9.12295350799667,-7.88819083801108,-7.04262706045665,-5.86292453263567,-4.83105199085003,-3.76469252434575,-2.75455791593602,-1.89404712880323,-1.24207028540491,-0.68570974114979,-0.390904879114108,-0.351104083645802,-0.508503878828994,-1.02103536328226,-1.77526352179519,-2.6923632945841,-3.81266437716131,-4.95979801252456,-6.08726046015448,-6.99388966480003,-7.66779738803205,-8.19382755205871,-9.26743789470635,-10.4794934033029,-12.1450716300379,-14.2368621861499,-16.4794267963921,-18.7911297882613,-21.0184794422347,-22.1881099046708,-23.0859369013637,-22.9826394850126,-21.3439656023702,-21.122473022476,-20.0911742228903,-17.8122541539115,-15.9780193662724,-14.4202397071434,-13.8327356380911,-13.0042760836356,-12.1540258575598,-11.7431930296911,-11.6571907351889,-11.9024401853807,-12.3336780464624,-12.3974937238211,-12.0603959449829,-11.202748082592,-9.76722744213275,-8.15208098191359,-6.62696941841543,-5.6329980576532,-5.06252251070532,-4.63595037568821,-4.72345130311728,-5.23166229461449,-6.04684747861594,-7.38029923354784,-8.68336264884239,-10.561170647429
-24.9778897885695,-23.550733062963,-21.8785957795287,-20.2912132707703,-18.5278761120402,-16.3949056826054,-14.650724505768,-12.9746854818318,-11.3920210776516,-9.91264378748453,-8.99635023928722,-7.86620093290056,-6.68190195106291,-5.42725551690711,-4.14124690890899,-3.02864388751401,-2.12733452855763,-1.39823936367116,-1.08965403435981,-1.04921004278001,-1.37850956486503,-2.16412393525356,-3.27221116819287,-4.80138455754992,-6.73435363301232,-8.62171041973088,-9.95815288411567,-10.3392332990785,-10.0971732187263,-10.0527825998893,-10.9705718711482,-11.9534587744404,-13.7962078669847,-16.0857041805731,-18.7083277133036,-21.4984111231429,-24.3435722717759,-25.8276009755176,-25.0827345091754,-24.7592574078367,-24.1403109003947,-23.594127268565,-22.0030041745286,-19.9618875644057,-17.8475573185292,-15.6261185608054,-14.9410134983172,-13.9796551562855,-13.254801989873,-12.7727169001513,-12.349082898133,-12.1545147149692,-11.8186651289307,-11.1800112582633,-10.4222821895151,-9.40740777619267,-8.21513720326278,-7.17280544000016,-6.17049938943497,-5.42457340620143,-5.16294889284098,-4.97704883501989,-5.12971131388935,-5.75358530841502,-6.60263472305097,-7.83004304425245,-8.9901661945546,-10.6301132766299
-25.2129801064638,-25.0307865929531,-24.6348327192712,-23.8595200069655,-22.493555617133,-19.812698016652,-17.6264211495448,-15.648009309202,-13.9828026408268,-12.3876221913057,-11.4860673293115,-10.7761289252747,-9.64638350350951,-8.24751233346126,-6.54292542940501,-4.95382886041151,-3.58275720241093,-2.54292871667084,-2.07998456941809,-1.94230034578156,-2.36937928836657,-3.31276575190182,-4.79354272751057,-7.22628277762149,-10.7314516431196,-14.9512611931652,-17.0873573991335,-14.8907090017462,-12.6543520743421,-11.9492580911139,-12.5980249864838,-13.3669851396873,-15.4275279864946,-18.1110979376985,-21.7689448523201,-26.5499806209617,-31.6018082918245,-32.7714559306319,-28.5775191791444,-28.3278225200478,-30.3877364152213,-28.8979138293478,-24.7527902077974,-22.1690659510621,-20.0165918707926,-17.2509775561782,-16.1495270950484,-15.0009152898863,-14.6028263827503,-14.2896556973036,-13.7777684179093,-13.301798920768,-12.4330971475402,-11.3915716592881,-10.319272561347,-9.03941033947522,-7.75116116085313,-6.8232131344669,-6.11898490274558,-5.51244286083322,-5.36366420768461,-5.43712429705148,-5.70911809824021,-6.47651583701689,-7.46483976470957,-8.71668945175992,-10.0243432618786,-11.6587702994469
-27.6085694412253,-27.5282224631636,-28.0599287323906,-28.6930019158922,-28.6887581957107,-24.4320879246723,-20.7280474862201,-18.0696346119146,-16.3850692980377,-14.9174636795588,-14.2069972101759,-14.6475779678238,-14.25359926698,-12.7623215181026,-10.1009838505301,-7.53839119774951,-5.39141068312237,-3.89555190685027,-3.13063463925143,-2.80322696662871,-3.16292325701473,-4.02403337582324,-5.65391279125317,-8.49528014370964,-12.6666578436254,-19.5858520594118,-27.9977848336881,-17.7663945804673,-14.3109856159027,-13.4740386385594,-13.8271045235473,-14.4671920116279,-16.6564849319563,-19.6166936959518,-24.0709982528966,-31.4565981261255,-52.3357389182907,-42.7699484455623,-33.0931428493219,-34.1364686145171,-54.0593583720563,-45.2018519664676,-28.6913868124403,-23.7860691798654,-21.6192537787947,-18.9794149914961,-17.4021088415825,-16.0055991214292,-15.9378693475088,-16.0551192989305,-16.0035493117424,-15.7137735388692,-14.6031390235926,-13.1103494935235,-11.4701160087469,-9.69531425252202,-8.10161768281434,-6.99917109348658,-6.37500850119294,-5.87455838589851,-5.73175313113385,-6.07029698762621,-6.56639846484082,-7.52568616340113,-8.77740791741508,-10.2046992647784,-11.8954160980059,-13.5803054669454
-32.7050245344626,-31.6679250982217,-32.4296396021384,-35.4436635088238,-43.5990316796769,-30.1939577000804,-23.5678781707538,-19.7809909622731,-17.9932492921946,-16.8877307467112,-16.5380820817513,-18.9946323448831,-22.8641248806311,-20.6628843671449,-14.1576718274262,-9.92714968853271,-6.92861437571607,-5.02591614467764,-3.94060243233541,-3.40951324204945,-3.54035498540558,-4.13211175803834,-5.51538331192544,-7.59413821392391,-10.0525732908067,-13.0285180400794,-15.2819287882976,-14.8487711894684,-14.1903273012074,-14.1917193695741,-14.4293375380207,-15.1522220724834,-17.3465077867939,-20.0834909425372,-23.6210811594645,-28.1162018770212,-34.6865506663567,-38.320169183106,-37.5413104433869,-42.7569147073348,-36.1149172141283,-35.2352785435977,-30.9668782070662,-24.7909120775608,-22.174705370736,-20.1712928218091,-18.5438298980172,-16.9935283946581,-17.0065360280436,-17.6194014694145,-18.8358326193928,-20.1188185009071,-19.5249130722541,-16.6519783353564,-13.5460423479162,-10.8943101079187,-8.88759301626499,-7.49576887159569,-6.7837634297728,-6.40975973184971,-6.29718475724229,-6.90253721375729,-7.73158403165923,-8.93934630245526,-10.5874329438602,-12.3647408967237,-14.6542596200228,-16.3507223680617
-42.704802580802,-37.9520578521114,-37.2641709661331,-42.4741427894218,-37.5807506214852,-29.2525274793098,-24.4112906870857,-20.5382576620649,-18.6282389221426,-17.7820175907688,-17.5620636134338,-19.7479193985724,-24.5630140830079,-20.7146614313699,-14.2410922368714,-10.2147924158198,-7.29702132531197,-5.45286566578848,-4.25867462476875,-3.6412152962234,-3.53404280517184,-3.8893920992763,-4.85864331152228,-6.08936177194035,-7.61709201114161,-9.49104423207668,-11.0400121248023,-12.0682472291083,-13.2034086094081,-14.1042899929841,-14.5107107962694,-15.6100405652721,-17.7721157713484,-20.0379807002123,-22.6076602834881,-25.9770227360546,-32.1364153748664,-33.6620630332496,-39.0233083270913,-41.7356870444747,-33.9868192462611,-31.5415989518377,-29.022231826309,-25.6831958185695,-22.5787528734459,-20.6836365938326,-19.2963421229058,-17.9225045706826,-17.6307042302043,-18.3363899699345,-20.7639328167851,-26.1755170772283,-34.4093345496593,-20.5731816819492,-15.1275667244925,-11.6966819542194,-9.5243986152009,-8.02931221995406,-7.20073174494323,-6.99783720950635,-7.04557401614373,-7.89869719092883,-9.11010056955607,-10.6095749744337,-12.7877689849288,-15.1431018519845,-18.3703439118877,-20.1528456369152
-45.1269937869223,-45.874181722454,-40.3666696746553,-40.8776412227048,-33.7170019667891,-26.6380776249448,-23.2002402145154,-20.3866297160121,-18.5792868498625,-17.5934586526429,-16.9692928465435,-16.656193803937,-16.2437693413226,-14.0750974711446,-11.1943968902712,-8.67218203936131,-6.53857934447169,-5.14451861621687,-4.09104945514615,-3.55649976437046,-3.35557121387811,-3.632078824869,-4.27167772257091,-5.08190190692807,-6.30544187565806,-7.76751824031313,-9.12269734984932,-10.6230787748795,-12.3552604045307,-13.6672548700614,-14.4539085000144,-16.1243647911795,-18.2408104006124,-20.1834484557843,-22.4823557118897,-25.6424710127111,-30.9084643484329,-30.8828948712284,-37.9556263692505,-37.4237863825043,-35.4667701102549,-32.7334555741445,-28.0343063443582,-26.5734048930846,-23.6156223444485,-21.1893208934003,-19.5385624283033,-18.6559970439421,-17.839082857844,-17.9805286660693,-19.60409254852,-21.7144489700069,-21.1231246443445,-17.557656598476,-14.1471432556457,-11.3047804401616,-9.53191272949583,-8.33755187239439,-7.54750677340343,-7.5517355207802,-7.90684751472557,-8.92851249175736,-10.4561183043241,-12.2395611961391,-14.9861870254131,-18.1207028264731,-23.0735005059444,-25.9164183690809
-40.8270854384256,-45.7955199542358,-40.089034427647,-36.7272505798022,-32.4996069935058,-26.1280197715889,-22.2894828007503,-19.8592891657522,-18.1840898210746,-16.7803016796805,-15.554915316994,-13.9334461044033,-12.4158527124819,-10.5902642754772,-8.74024445805003,-7.02304581412547,-5.50507204004377,-4.53284915546286,-3.71521597711249,-3.3656072200591,-3.24437548573666,-3.57424006991855,-4.04933544506124,-4.76968939765341,-5.89127507999983,-7.14146209524986,-8.49600711889205,-10.1889291270076,-11.9520114721341,-13.3796453192262,-14.6435003129953,-16.8697682231653,-18.8831245797173,-20.7882119817627,-23.2212315797721,-26.0025931406378,-29.7605827202103,-30.3811215716533,-37.5043075890111,-35.6785127898445,-37.3331536197473,-38.2115210515399,-29.3506977922151,-27.4092437803282,-25.1995921584971,-22.2442637943864,-19.5993749592861,-19.0489984446646,-17.8370293342793,-17.1486078256383,-17.2542121147008,-17.0175627248534,-15.4558405792171,-13.7618512330468,-12.0671393780702,-10.2508399374344,-9.06012771331087,-8.35682802980757,-7.83270191095869,-8.04656445349502,-8.75622575427837,-9.79460139593463,-11.4874623377795,-13.4767661621938,-16.5348235238369,-20.1568494388429,-27.3054394047118,-36.9430936969723
-40.1251156798427,-41.0513662943154,-38.4441265151027,-34.4015895632704,-31.1481376212052,-26.6951949724,-22.5005441845516,-19.6196240746816,-17.7089739447116,-15.8455492753317,-14.1135303318806,-12.0374994951282,-10.230865585118,-8.55838085458676,-7.11248980941844,-5.80820641913944,-4.70412115633015,-4.01658406239386,-3.45411457980351,-3.31726408912278,-3.3973696585992,-3.83948577684853,-4.31998882263621,-5.13737075554698,-6.20471833744953,-7.37241656301961,-8.8116595164064,-10.5017320772004,-12.0721963063233,-13.5774348174032,-15.3009319248971,-17.8883468202989,-19.7430048900047,-21.8798622631608,-24.48960257375,-26.4858874155039,-29.6269989476926,-32.2251491997716,-37.564462732467,-36.4235301278472,-39.2407703331805,-49.0816064757144,-33.0359741885374,-28.5702893302573,-26.473322218667,-23.8631461873683,-19.9715226113013,-19.1531267614011,-17.7714036176305,-16.4621189649085,-15.4380214055334,-14.3835838374275,-12.8061171909334,-11.5894428007308,-10.4903654564785,-9.35389209639349,-8.58451967372618,-8.25136417759034,-8.124344118676,-8.50600091841708,-9.4629085030119,-10.3928573073699,-12.1529342493793,-14.2431510780179,-17.1679246533788,-20.5024962037995,-26.8666068253105,-32.1538918665817
-39.982700928551,-37.4318532482579,-36.9466999290617,-34.2404527665388,-30.946407553204,-27.352384332999,-23.6655383393189,-19.9957969420984,-17.3657522156326,-15.0558826178833,-12.9704919734152,-10.752587713665,-8.92642152533862,-7.37733293909957,-6.11264137149666,-5.05071873910938,-4.27190871044727,-3.79546939297663,-3.5231889620689,-3.60622077067782,-3.95347773507314,-4.52165312667905,-5.16878020206274,-6.16044473350147,-7.18854442435907,-8.38911756078763,-9.88791898377986,-11.4044888861722,-12.7844397973071,-14.4181138247818,-16.4619258210991,-19.1514914217949,-20.8957167239421,-23.4475861188399,-26.0786818702126,-27.4064902934927,-31.0247523382879,-35.2662032799511,-36.8376496660758,-41.1299323909857,-44.6500006318043,-41.4323279696411,-36.0067314460068,-30.6459916319596,-27.0135209593941,-25.382439352201,-20.8841836940656,-19.245300315812,-17.6620624532479,-16.1132325834753,-14.3919668669113,-12.9680885302975,-11.5518134457949,-10.565453572842,-9.65223684858481,-8.91573995685292,-8.40471481193379,-8.25330052247595,-8.50392092664202,-8.97221266365624,-9.98949760493355,-10.8487273581469,-12.663797976626,-14.7555263206029,-17.3153036514407,-20.1182492819097,-25.029776618753,-28.0177348501318
-39.1945182568877,-35.4213857408725,-36.18376083341,-36.2992659467659,-33.5353072294917,-28.4111541507922,-25.038510025135,-20.8542361333343,-17.2510901325155,-14.4618870835768,-12.1732418091616,-9.91782217516406,-8.15839227914917,-6.75652500555376,-5.59927417403294,-4.70771714563563,-4.21909829001932,-3.95061296617691,-4.02513308623975,-4.35069786661632,-4.9964623208292,-5.71758632800253,-6.68231093842387,-7.84310849057301,-8.8752237345029,-10.1797432925669,-11.5977113869592,-12.8591802620584,-14.1648328014815,-15.884186632998,-18.0069158204908,-20.6188499278284,-22.4589577988858,-25.5451675079674,-28.2609235616919,-29.4846848903697,-33.6478336683706,-35.0877225591079,-35.6797605646187,-50.086206554458,-46.5318818272294,-40.1644296887682,-34.7440772354038,-33.7336318269414,-27.7912097993373,-25.8623850484263,-22.0532946471063,-19.5697468179412,-17.5587839168185,-16.020634562096,-14.0327489158551,-12.4299222814871,-11.2091487698139,-10.3660421016106,-9.4852792696556,-8.97426948857293,-8.62792197538401,-8.53994463341575,-9.03625648007598,-9.50028214161155,-10.4448218332485,-11.4001531589433,-13.2229676003354,-15.2282225573957,-17.4617354747201,-19.9475414140911,-24.3673498138962,-27.5251248355825
-37.3014152730505,-34.8810066076285,-36.5073362667672,-40.8205772279413,-43.2131877082058,-30.9060096058613,-25.7414706330063,-21.5358137064058,-17.2679917417377,-14.0167491545673,-11.6469669168492,-9.43357642512449,-7.73093965496971,-6.4962480574432,-5.46129221730694,-4.73869471004445,-4.52468659465508,-4.51167815689631,-4.9828895836798,-5.60550361137862,-6.56851581170784,-7.54700595586159,-8.95538426244924,-10.2291184653855,-11.3632449873406,-12.7397321949351,-13.8793825032749,-14.971638675748,-16.2746790507385,-17.7875529146455,-19.7580542998501,-22.213768444863,-24.4171628336094,-28.2760204034873,-31.9736461445292,-33.7085748106897,-36.14239426085,-34.0059861345721,-34.8124221796452,-37.9999030334862,-41.6160866314388,-41.927788113409,-35.9630109105802,-35.639918323821,-29.4762469419905,-25.5933693340406,-22.6686316792852,-20.096750895645,-17.6234155742372,-16.0896856227607,-14.2460419525627,-12.641244305527,-11.6043786622024,-10.8265543571026,-9.92944589649044,-9.51627418968243,-9.28138996328126,-9.21415535541749,-9.76268248004323,-10.1701302699568,-11.0134313118665,-12.1989020607074,-13.8834433346305,-15.7882733261408,-17.8638131322669,-20.2937347482088,-24.8252778086895,-28.5961482571575
-35.3901917677094,-35.6495969637993,-38.0022329082294,-45.5302366771755,-41.3707633537089,-33.1786245080688,-25.8909682200268,-21.4562598010199,-17.1763737114253,-13.6682912512132,-11.2814692979788,-9.21520246726315,-7.53584752759769,-6.44327198839848,-5.58654494125281,-5.08782393179854,-5.14184604929351,-5.46782216747452,-6.34973582621034,-7.37217880168864,-8.69842003129099,-10.1744085787701,-12.0759127552201,-13.4074581103026,-14.7728673800721,-16.0252393585313,-16.8293126054017,-18.0314602917065,-19.185528476156,-19.9479617415918,-21.6492906027535,-23.6637850372541,-26.105941761118,-31.1856916635698,-39.6853181102299,-44.1976983242538,-38.0290135172317,-34.8770048113556,-33.9425582753008,-33.7309526065846,-42.1754917411178,-40.6325775625627,-44.082227633518,-34.0333179868988,-30.3940426195006,-25.3901468415016,-22.4502301202822,-20.510728555468,-18.0229945038307,-16.3993316313931,-14.9598803061585,-13.5683559404248,-12.6992241349166,-11.8823258382939,-10.9737201767013,-10.5467209436909,-10.3685170273612,-10.317909772382,-10.7089790722638,-11.0784165513147,-11.8455211610144,-13.2450899155967,-14.6283203467726,-16.5511417768917,-18.6371563159337,-21.15471640969,-25.8504195495345,-29.237341011245
-34.5988586823287,-37.6126431231304,-39.623469309734,-42.8052258823105,-34.4704185965658,-30.5998790106412,-25.9063171009972,-21.0312107853933,-16.8698650726743,-13.4012306940608,-11.0060654988173,-9.1671896069706,-7.51382040075339,-6.49216098209159,-5.85377204097786,-5.65166571197729,-5.96395295764806,-6.71915234895675,-7.97761425162673,-9.57734654759576,-11.453434404563,-13.8509308810229,-16.1137232231742,-17.4877542642359,-19.0568075421535,-19.8455291323171,-20.8744315673662,-22.7393993305602,-23.2092626355494,-22.6095265316319,-23.7442623290934,-24.454236989313,-26.2356680256284,-31.5542338746052,-39.7136154856196,-41.7319046508929,-38.5569244532727,-35.6805091171548,-32.9613988936107,-32.1495898708017,-38.6181258613584,-37.1378373064995,-36.1950409730656,-31.7281013233201,-28.30231931913,-25.2030934479331,-22.1654659004201,-20.6088992428458,-18.8246198837021,-17.1774375175415,-16.2072225862877,-15.2471505554964,-14.5408922051185,-13.5534185438885,-12.6568443327485,-12.1029745482222,-11.8810858759343,-11.8377262248877,-11.8961332231577,-12.3015590286547,-12.9977799582645,-14.4383695994238,-15.5049516972112,-17.6270451021579,-19.7949296515356,-22.3726379618183,-26.710421694711,-28.9221148593714
-35.2706361615129,-40.2651215252201,-39.3181747529221,-40.0866999766671,-33.6369227036532,-28.4501448715015,-25.6678366731141,-20.8719981367146,-16.5419893747123,-13.2397451921432,-10.8306959400435,-9.19655662333758,-7.61430059824288,-6.58397767053993,-6.14196763688844,-6.25276737712509,-6.7770480878562,-7.95811193661757,-9.53349019295912,-11.9349396167272,-14.9302036319182,-18.9957915559803,-21.4364441997591,-22.4465386691021,-23.1886093341525,-23.4245908061011,-27.0794785879953,-32.0252593231367,-29.7854265561342,-26.3635682570895,-25.8333693187748,-24.4038464361489,-25.2091564612489,-29.1595439790601,-32.5887773045616,-33.5658678219124,-34.4404560277836,-33.4638501535412,-32.3223262111334,-31.8736806829756,-32.3870741315387,-34.4091536343878,-29.9871820419229,-29.82368498224,-26.0344367037059,-24.5821535865041,-22.4152789935027,-20.6940755797924,-19.9997682825495,-18.6587512387772,-18.1659079689077,-17.8214199899718,-17.2742365058721,-15.9625145818281,-15.0610725554348,-14.2422286284164,-13.7898986913591,-13.691884744621,-13.3415069414892,-13.8516684244548,-14.424969114219,-15.6969454857183,-16.6547185489718,-19.0505059817002,-21.2403951152876,-23.7743201792701,-27.3049862684297,-29.3141755925506
-37.0639792413708,-41.4445906975725,-38.6238642788692,-39.3736094529719,-35.9557007188702,-28.6301140434806,-25.2839317447903,-21.0156405906256,-16.445307079953,-13.2325086574556,-10.8162429223161,-9.25189901800463,-7.77559970435098,-6.69186947226619,-6.35222881009582,-6.66019783793366,-7.27532418201143,-8.62600832045972,-10.4426939350044,-13.5192451938387,-18.158007780489,-24.7418873424104,-32.2431696210885,-27.120627610419,-24.4491799760522,-24.5557963946805,-30.2702960397455,-35.5277250712003,-33.8951379712834,-28.85086280169,-26.7329216021307,-24.0169058819509,-24.4411398515594,-27.0791000551449,-29.5432242923806,-30.1123047496457,-30.7352405592086,-31.1980159007895,-32.0865557046151,-32.0714542867787,-29.0616955686699,-32.1445528255475,-27.6297832005473,-28.4614438442393,-25.1061026191258,-23.8017559627965,-23.2849760411253,-21.2512509276984,-21.4905352254138,-20.9931187363681,-21.1590338223104,-21.6795408486914,-21.265046498299,-19.3899178666199,-18.2668260745731,-16.9746920552148,-16.0128886497532,-15.6992144426837,-15.0414270901242,-15.6441757290489,-16.017368648599,-17.0600217861332,-18.2142323385085,-20.7118284513295,-22.8223352991998,-25.3907110982163,-28.3369381657432,-31.3836040896345
-38.2136286026054,-40.3771924739927,-39.8646629976748,-41.2266353654105,-38.3937748715505,-30.6171887570464,-25.295496021616,-21.1777072422212,-16.653829571933,-13.4316540854258,-11.0088025305293,-9.34456828405424,-7.9375790898718,-6.80599708735483,-6.43581541502482,-6.70790056492463,-7.25074167534622,-8.3736282295325,-10.2177464113374,-13.0254063068284,-16.8966561342127,-21.4752864570139,-27.4256615587763,-25.3851347245817,-22.3115111734217,-22.406627309397,-23.8300171812046,-25.6610803273536,-25.6044779955006,-25.6378984049931,-25.5623014267403,-23.8507061966327,-24.4931542661996,-26.1144148739859,-28.4098980311337,-28.6807204131578,-29.0616015113826,-30.1321889132723,-31.6906163853774,-32.1214506901057,-28.0088854712961,-30.410671031867,-27.4925382634013,-27.9149299866439,-25.60316923638,-23.6507231472061,-24.5790400172742,-22.5612688882149,-23.2246501890364,-24.1230629089394,-25.5101956955331,-27.8785141285804,-27.7178694122786,-24.2678405481281,-22.0192883290538,-19.9988679643779,-18.3433366414722,-17.5693416438375,-16.9376143973636,-17.4967240414511,-17.6943515488114,-18.6609145785278,-20.1796444368384,-22.3831272158431,-24.4929177777081,-27.4715469688506,-30.3873322698444,-35.0033612791087
-37.4950919593177,-39.683296521014,-44.6232941486316,-48.0814600047038,-36.6425120479446,-31.7455376963328,-25.992218855576,-21.3085606210611,-17.072196076779,-13.865167659422,-11.4000214230214,-9.5236343305323,-8.07412601826483,-6.92630252714013,-6.41220872612275,-6.42896776238855,-6.79209245503623,-7.52393899692079,-9.06055205970823,-11.0033682334592,-13.2697239803645,-16.167351984671,-18.4213382789586,-19.7717153751485,-18.9292692584754,-19.259807835654,-19.7312371134402,-21.5281149469077,-21.4405449398052,-22.6268098236211,-23.7418509252112,-24.191434430706,-25.438109914214,-26.3259745336371,-28.6128961484633,-28.9244714468643,-29.2603905709448,-30.0060773411839,-30.9260584255112,-31.7930422680366,-28.7923518836202,-29.6020321303049,-29.1644460902037,-28.4963656718064,-27.4876772933368,-24.72264102324,-26.0035380125906,-24.6458070196763,-24.9748383783058,-27.230422064379,-29.4360855184731,-35.030920140361,-46.0862939120582,-28.6289731584167,-24.5058878914914,-22.1754939190042,-20.3686442058553,-19.0423155364789,-18.8938996197955,-19.198916443733,-19.4908130690161,-20.6003787172877,-22.3144666719499,-23.9369887216408,-26.377369225743,-30.1665951840911,-33.2587027916293,-37.3828581664235
-36.7700486185955,-40.2512835721399,-47.0347347185167,-46.594377301577,-35.7782968364012,-30.7210299507854,-27.085252254479,-21.7030853686037,-17.582527359733,-14.5081495297499,-11.9356787390667,-9.82767699871209,-8.21685832834649,-7.06349263446513,-6.35642668760329,-6.0208987698777,-6.17143157902271,-6.58014555603938,-7.60550388990893,-8.84867202564561,-10.3571033141033,-12.3236954454035,-13.793168903799,-15.3088270969702,-15.8129117510907,-16.4146697507929,-17.1737766174286,-18.9264918094135,-19.334608620226,-20.9473399781452,-22.4676907995964,-25.1201305596357,-27.185922753224,-27.7959978131693,-30.1372102578581,-31.0978846858575,-31.2929565870653,-30.7566274573474,-30.4276225330154,-31.2753830451529,-31.1959887028282,-29.9933981059487,-32.7367221179971,-30.6138353835995,-30.7544340892895,-27.4718720799152,-27.3693842094881,-27.2137995701728,-26.2867765353436,-28.2118582283502,-28.0311374713825,-29.1004550935304,-31.2372503265196,-26.0809742490803,-24.0886049578225,-22.5410835517993,-21.6265306843482,-20.1568394778467,-20.7372360256508,-20.6659133303309,-21.5340742221197,-22.8192865208437,-24.3062316480186,-25.5393650835268,-28.5633008150376,-33.0463344730814,-35.0576175998968,-37.4609881159436
-36.9081425050631,-40.6908448426546,-40.2036419745617,-39.9751978086289,-37.8303046859511,-31.014745119629,-27.9058721142576,-22.5042612887602,-18.1579284414239,-15.2755654326467,-12.562118516795,-10.257284206094,-8.44712267121382,-7.24945145949949,-6.36052327995464,-5.69550158805383,-5.62159559914459,-5.80187189884225,-6.31208003576866,-7.11914774087172,-8.28594196490056,-9.60309627333599,-10.8733047302288,-12.1903130627661,-13.3900899192453,-14.2379670402595,-15.5210899699606,-17.1797644643076,-18.4358149947607,-20.0696244303656,-21.997339935873,-26.4354150513751,-29.3940280481462,-30.6351018263541,-33.5301323995794,-36.3226646712747,-35.3483150667496,-32.6992436593185,-30.7393659661942,-30.9872385986308,-34.9222587815454,-31.7132386543954,-39.1424486503598,-35.2487830816331,-35.1015201703895,-32.1827780266546,-28.7467358952041,-29.4688690063527,-27.0004720068926,-27.0436090702225,-25.8702338726701,-25.6303239699731,-25.9529761677745,-23.2478232680732,-22.9513685819703,-22.1260409110566,-22.1027512723782,-21.2336288820635,-22.3679035749339,-22.0687921389008,-23.9549668899875,-25.0561641049555,-26.2636186465064,-27.4618382326945,-30.7740915376573,-35.0897387625312,-34.969316682518,-39.0509395402027
-37.4116188741156,-38.5417764779743,-37.01374076064,-38.2564920234859,-44.411757087672,-34.2815551549401,-28.273867197786,-23.2788172343838,-18.8019369198954,-16.0704990164345,-13.2750998189214,-10.7956691233446,-8.86137626839015,-7.55049174168346,-6.50227734422442,-5.59533206958465,-5.27724757417247,-5.2691169259045,-5.37962248474518,-5.91144989038709,-6.85690099533306,-7.77438489145778,-8.97391235287506,-10.1488680764885,-11.6595902962223,-12.8156909717201,-14.4900574575155,-16.1797031467303,-18.3082318143188,-19.7211804450895,-22.1848545744644,-27.3946193323445,-31.0243648007326,-33.6604803284663,-40.4794869682323,-43.6419077294872,-40.2842695804343,-35.3791909372528,-31.8943815426385,-31.3400419559347,-38.7013859837034,-34.5067031279538,-47.457614205446,-47.2196920758403,-38.4140133679768,-35.3431363935372,-30.3184512133477,-30.3658084510363,-27.4897118019243,-25.7029560290936,-24.8063143788709,-24.1579571068996,-23.4380566928996,-21.8921995700768,-22.2708487453624,-21.8952595213475,-22.2496018478969,-22.5507414161371,-23.8087346604596,-23.8011019927156,-26.840581626624,-27.1681752891216,-28.8060529650361,-29.7683409489081,-32.4381874617916,-36.2219881968095,-35.1922532849636,-41.7880330271779
-37.2425433013949,-35.663227191296,-35.998341259054,-39.1410535638527,-46.725450476531,-36.5699032040392,-28.4294082869327,-23.3565619489908,-19.4484570193875,-16.8765626844863,-14.1258132731761,-11.4686050292597,-9.53790145922986,-8.06602914662099,-6.8432803052959,-5.7936289240167,-5.21010038308932,-5.00318642291246,-4.86159196346759,-5.1949390286866,-5.9257476287878,-6.6646631255879,-7.78484161400809,-8.95105535612027,-10.550942040855,-12.120424875828,-13.9699221075225,-15.9547021433206,-18.7025358081464,-20.0082225937231,-22.7408332041188,-27.2545160058383,-30.7658379132016,-32.3894889197655,-38.7458331674153,-35.998022360649,-38.2933621082527,-34.8158674581018,-33.4180035491429,-32.561297892419,-38.4069251495819,-36.5634246783133,-40.3141767160368,-41.692613314249,-38.4961170511488,-33.7197931055882,-31.883185302005,-30.0672195562674,-27.8565166560471,-25.0007798587059,-24.3892477039462,-23.6263352865956,-22.0916359837367,-21.5231922615814,-21.987012743199,-21.9738133162056,-22.468672604854,-24.0887000818579,-25.1273448130221,-26.3101652277035,-30.1946744095238,-29.7693360006918,-32.6756857981087,-32.2804601704087,-33.4748437302991,-36.9939528350663,-36.1110262447242,-39.8340736034707
-35.8861823085258,-33.7572332236879,-36.1071805333309,-38.9825652068503,-38.4143374795547,-31.7557803494671,-28.1360790345399,-23.0166669189424,-20.0651528030629,-17.7906878123573,-15.1817074054172,-12.3836384726518,-10.5290135563374,-8.90775786292409,-7.44987229949851,-6.32083742102906,-5.46259815730762,-5.01920423512724,-4.74215435929468,-4.90239758014025,-5.39849407691478,-6.10950192397243,-7.12306115597763,-8.38556748159575,-9.99843580902644,-12.0397130743953,-13.9802911265838,-16.5473690495808,-19.6479700439704,-21.277147004995,-23.5919514612476,-26.5129486155636,-29.1551414485324,-29.4436351044357,-32.1492588191791,-32.1640310184116,-34.182247866033,-32.1663263791561,-34.4978036652583,-34.428282405503,-35.2222186571367,-36.3603463223585,-37.1338480037351,-36.573862193449,-37.9388420596238,-33.7661221439564,-32.5795574551084,-29.8126909991128,-27.8086845205106,-25.0610019998276,-24.2782907731557,-23.4927002109894,-21.4746642590213,-21.7144783814151,-21.8592126453114,-22.1950763725158,-22.8640277845189,-25.3681321546779,-26.3078619392372,-29.6056472752557,-33.7468072092314,-34.7075679290187,-38.2816314081844,-34.9189085963812,-34.1826815152036,-36.9781380092653,-36.0478961388547,-37.2428967450613
-33.9845524161095,-32.9093683883797,-36.2006258797645,-35.6405813073996,-34.5405348299761,-29.3464224428946,-27.4815110482148,-23.1229963799473,-20.833720904601,-18.9378102310469,-16.4812479131308,-13.6976048253086,-11.8874664395717,-10.1778262783274,-8.41684628607854,-7.19230237552724,-6.06142232891108,-5.335159486535,-4.96886947683567,-4.94902833480223,-5.20305279676089,-5.9342081710418,-6.84828460259779,-8.22958255812331,-9.90808602161013,-12.3535056660628,-14.5890644897652,-17.9506978537864,-21.5809561118453,-24.1074507965076,-25.1742882782795,-25.9814032532982,-27.4512038166638,-27.6172044701594,-28.8645601726752,-30.6042915712774,-31.3306077475599,-30.8033541750019,-34.6713061902582,-35.6475363141331,-33.2258319244842,-36.2205115811695,-37.078650874024,-36.0993458429502,-38.3492549872062,-36.8246350860009,-32.3885516033002,-30.3635110023091,-27.5543328663181,-25.7177958787437,-24.431921166556,-23.4531966152746,-21.4169539025341,-22.0891919696377,-21.7446742672544,-22.3729110680032,-23.2264790528678,-25.6751509327543,-27.0280522533247,-31.105055154064,-36.1622608924927,-55.7797786906891,-40.4183564606591,-37.1873852238268,-34.4186802622437,-35.8471717992404,-34.7046632475292,-36.6868119029945
-32.4171798981876,-32.8634186706984,-35.2548947080788,-33.0581901342263,-32.7802342982665,-29.7345894668888,-27.4545289277473,-24.1544115006294,-22.0638298032613,-20.3467034832947,-18.0018846403844,-15.5446670142395,-13.7242051879813,-11.9732028558822,-9.88128040528123,-8.43297364526201,-7.01406028640186,-5.95799868969919,-5.46247198937289,-5.23375161407417,-5.26370077283506,-5.95500870530974,-6.81737476181229,-8.2430430505466,-10.0860917374781,-12.7199025510038,-15.6869950991007,-19.9164971051618,-25.5689717803997,-30.1193638482784,-28.1576921499608,-25.896750900145,-26.2403348973861,-26.9255184780233,-27.3963345863947,-30.1165229950369,-29.7028938619586,-30.6474670389183,-34.069090716884,-35.0490948907997,-33.1632807193074,-37.4315780956959,-39.9146477067172,-39.0600550618043,-40.3493905635913,-44.3215732260953,-32.5934393203857,-31.5857942721014,-27.8088749323609,-26.6086561068716,-24.9467610302696,-23.4227660928312,-21.8096268871261,-22.3419890273212,-21.6394346490169,-22.38752596219,-23.1981374657714,-24.9909561720229,-26.6776314620556,-28.9960668205751,-34.4908442455495,-35.9093989930145,-36.8351884788897,-36.4118051866862,-34.1450255481582,-34.2932483991864,-33.8997393012388,-37.7767062989312
-31.6832592176118,-33.2823602520539,-33.6638399621527,-32.0675732912708,-32.7737633199922,-33.0547816838649,-29.1332433747839,-26.1353177464259,-23.9028181426433,-21.8452735571562,-19.6273967039167,-17.9873229169537,-16.2983727973576,-14.4551898429284,-12.0289196041999,-10.0867530332736,-8.28187906322941,-6.8474368986086,-6.11222873051742,-5.63536390516359,-5.48161974339089,-6.00706625794986,-6.86610211187542,-8.21419331134328,-10.2015622047909,-12.7778831558436,-16.5169276810728,-21.3013190528565,-33.2791670559142,-48.0215059867884,-31.2469386485084,-26.1841026186326,-25.7763079028219,-27.1905847520662,-27.2796390789962,-30.1691201253943,-29.2912327668896,-30.8670933344184,-33.1645813120553,-33.8760053930272,-34.7960472729812,-39.8198519439161,-43.2878354067423,-49.6218857953269,-44.7301716786415,-52.9771657403864,-34.030285317003,-32.4442720575554,-29.1038228302642,-27.5027607071954,-25.8805019003821,-23.5045745091918,-22.5167796027412,-22.3569327344329,-21.5956893360503,-22.198567233339,-22.7007628479155,-23.9335143048808,-25.3270839869082,-26.8341976220367,-30.5026758491137,-30.4936391631979,-33.9091021050773,-33.8335177217424,-33.910821243405,-33.1801776303737,-34.5443028072574,-39.875100635852
-31.9946621638136,-33.8041566019862,-32.3828719534734,-32.3381571037529,-34.4191483587489,-42.5737921076111,-33.9472849201504,-28.2529933399975,-25.8902411218667,-23.0042694216425,-21.1099202249089,-21.0175911298964,-20.227055073559,-18.084012847704,-15.0634497627326,-12.1459203922838,-9.69989085303766,-7.84682648495797,-6.75990487050551,-6.01100121346544,-5.72848261790298,-5.98528126166094,-6.83328248152031,-8.02977870809219,-9.94482614671792,-12.3615873966259,-15.931728668554,-20.3957240901413,-27.7083621645221,-29.3997167628579,-28.9389770881944,-26.7529839467667,-26.2407911598555,-28.3757937276361,-28.453611098183,-30.6241468062111,-30.106473400237,-31.0557125313482,-32.4989888036669,-33.1937749275609,-35.7955497958734,-41.5396629462304,-39.0146904905061,-45.2246725221112,-48.3999697309313,-44.7756218773587,-36.8177177382192,-32.7505860441219,-31.6547068916626,-28.6926145642144,-27.1231017917331,-23.8521280359957,-23.3286584895188,-22.214196625693,-21.6226423814856,-21.834392710178,-22.0249257842847,-22.9044920675442,-23.8040981090309,-25.4925554318502,-27.1838302533342,-28.3525558474282,-31.6988254735907,-32.2933242943424,-34.1427461665215,-33.1309880060234,-37.1190895252352,-41.9907823221072
-33.4211799454544,-34.1882022963261,-31.8618525544882,-33.3717440600357,-36.0080520106512,-42.7299245670732,-37.8850343356071,-28.4459512240868,-26.6166551373478,-23.3409645140803,-22.083111832271,-24.3451838344024,-27.3845446813642,-24.4339298308149,-18.6414280163967,-14.1625477856176,-10.8300228739148,-8.61384777893254,-7.19429400325691,-6.21486251388072,-5.86544962286228,-5.85876374503476,-6.62366770138886,-7.69006520618691,-9.31993389650453,-11.566310090075,-14.3601372177774,-18.0931130213007,-22.3168982307988,-24.3991697442245,-26.045235331142,-27.5813513259907,-27.8129580679953,-30.6389764985414,-31.1713674759964,-31.6679360785242,-32.1428160001536,-31.7691825955152,-32.2691944935703,-33.1445286488519,-33.9092206470285,-39.7207357200215,-35.7416630697005,-38.1430157822409,-42.9892233927789,-40.0491370697324,-40.5742220096275,-34.2916214558552,-35.1361979771721,-30.7432910090633,-28.2175719164971,-24.4664190566081,-23.970405003014,-22.0347958466435,-21.6525727219803,-21.3730873718343,-21.4297456865281,-22.0038904520218,-22.6405099714171,-24.6058454206539,-25.0415286440504,-27.5172643862031,-30.1544333529794,-32.0501232077373,-34.7991624850207,-34.5814868714796,-42.8842757358314,-42.84484985684
-35.8284849222767,-34.4513653390047,-32.2056018816848,-34.4892352863984,-34.2880408876256,-34.0829752130021,-30.8460122251635,-26.8815963983571,-25.7004722602664,-22.8337024127329,-22.2371814947301,-25.4973893787562,-30.6440557141608,-29.3652553238057,-19.3103658171963,-14.6354078896764,-11.0412999165404,-8.7533984309361,-7.2210170659932,-6.15433089622743,-5.79352815983301,-5.64668076004402,-6.2527164951229,-7.25607549360446,-8.59434565148659,-10.6180477957543,-12.9209987524155,-15.9719181710644,-19.6826279576388,-21.92913639218,-24.7553386824089,-28.6031695213428,-30.5771084319134,-34.4783653725434,-36.4041050620217,-33.7084668179617,-35.2569915609231,-33.5341114896823,-32.3540340608271,-33.5507338563735,-32.2989157614725,-36.4500826326336,-34.5708204464541,-35.696767508526,-38.74753767515,-36.4054721237073,-46.3928197658696,-40.0269090515148,-37.4369781041806,-33.5086194285912,-28.4797929478477,-25.0183201881595,-24.205852851131,-21.8639997194754,-21.5771539460159,-20.9083153377655,-20.9685702739394,-21.2363950195418,-21.9322429750997,-23.8087778761881,-23.9439879364328,-26.9400970848401,-29.387671004533,-32.3296214531509,-35.5006545083922,-37.42850230872,-65.2351527310329,-42.8036426542108
-38.3557455519303,-34.7843434813417,-33.3538336808939,-35.0027866216886,-32.1337964895313,-30.5637979863213,-27.4737678864123,-25.4539866081528,-24.4730400103305,-21.9562548630332,-21.6118230200139,-22.6432286442714,-22.2725527834702,-20.5167429465673,-16.3152630124907,-13.0473494982326,-10.2340624305752,-8.2282986926814,-6.81590484423594,-5.84881015604995,-5.50824921116785,-5.38792607675233,-5.82097477131131,-6.80147323041297,-7.99693303637701,-9.75204667874191,-11.9603128917927,-14.4909803709489,-18.2945277766346,-20.6911148413709,-24.3086024322956,-29.5424784548269,-33.6017027041154,-40.8990058063642,-50.6231149511263,-37.2787349185155,-38.511503877733,-35.4060646847967,-32.7342973639635,-34.0616076210444,-32.2143071406323,-33.8867105111545,-34.4220514234727,-35.0676306003819,-36.0561696409405,-34.5269719648515,-48.5009836196441,-48.6367219796241,-36.4703474654999,-33.728768362088,-27.8837103048466,-25.0205310367632,-23.981576672846,-21.6805650116747,-21.3237682510731,-20.5080509287936,-20.5866088095005,-20.6202768897351,-21.5692478493326,-22.9938053762839,-23.6069471252961,-26.1730966068601,-29.3101995937766,-31.9635548594192,-35.8295096931361,-38.4671116258031,-47.2556441579094,-43.8614669869974
-39.3350584843836,-35.3594254618231,-35.0713687081983,-34.7681143441448,-31.4149527053074,-28.8596263557688,-26.497654122996,-24.8054098069952,-23.677544786107,-21.1920465504273,-20.6269164277342,-19.5879316874994,-18.1256420572969,-16.0675775932465,-13.5126539985016,-11.0371662106291,-9.00789761786331,-7.39873506024392,-6.17068168699967,-5.41837837638759,-5.10553866513459,-5.12782580818637,-5.44847321162929,-6.39997148675734,-7.61008101979379,-9.14459711377819,-11.3995354940428,-13.6646040624729,-17.428849908569,-20.2115326509502,-23.824187747834,-29.9825954224875,-33.9459208081664,-42.5128216826,-43.4073271944436,-41.5255309268226,-39.5238879393716,-35.1331818622283,-33.7408409661772,-34.3585423526987,-33.3416260592309,-32.470510156117,-34.3851972079204,-35.3372916977563,-34.5129057663566,-34.5078615771265,-38.7809880068225,-35.7968913669621,-34.2119928383633,-31.1152707574217,-27.0430294223417,-24.5090689239736,-23.4401162348289,-21.4640885072726,-20.9109775588658,-20.1883526168727,-20.2284365717948,-20.1903577636696,-21.3634138777818,-22.2801607255709,-23.6215534509791,-25.5363811195029,-29.4553715193777,-31.0925131272255,-35.7284445227945,-36.4845103159766,-43.8094290742524,-47.2681176400969
-39.1251147042256,-36.222786790288,-36.9054796225851,-34.3643806866428,-31.9210982810313,-28.6375303683471,-27.0546357692445,-25.0523214771003,-23.4634446043007,-20.820046694117,-19.7546992277374,-17.578617500656,-15.7398142630388,-13.6299790584116,-11.5720346769227,-9.49625024364498,-7.89914589880665,-6.61941190301961,-5.54449667665416,-5.01092250104974,-4.72891241752096,-4.91564368611627,-5.22645383393849,-6.12360853627959,-7.42330116528009,-8.88013399436692,-11.1086955012469,-13.3771758854433,-16.8159141092553,-20.1477211981052,-23.2340688024667,-29.8404031880659,-32.8200712641147,-37.6520465902463,-38.1089285551492,-40.3319530536213,-38.5712721475119,-34.3614853118977,-35.6904126433127,-34.579539383658,-34.8396511917272,-32.2293601924882,-34.2918056034976,-35.8469339914458,-34.0605678397479,-36.3094425009622,-34.7137944357574,-32.5146231511903,-32.3354972818861,-29.3362005670526,-26.3196418396594,-24.0078903168205,-22.783404400585,-21.2310414246718,-20.4303282722472,-19.9167317344787,-19.86922780639,-19.9528007705836,-21.1296075472607,-21.8141621086063,-23.5866716394911,-25.4356328122543,-29.199803961943,-30.7962946373062,-35.6093983322196,-35.8058901683356,-44.2715432840666,-46.7011274369595
-39.3085237142818,-37.305794555334,-38.3920856171869,-34.5134916251446,-33.0291552332728,-30.1016882575663,-28.6375962085596,-26.2714602301195,-23.8027477832989,-20.947732768891,-19.2774595588749,-16.499062707717,-14.3988997840235,-12.3253298264845,-10.3780588607219,-8.54742325223643,-7.14284392914966,-6.07479441011551,-5.12861034108659,-4.74595148480633,-4.5087067297408,-4.80356313925318,-5.20101934671936,-6.03341431605786,-7.40302451805581,-8.94828082973605,-11.0477193619228,-13.4610849111056,-16.5429166236841,-20.2549236019227,-23.1054770841483,-29.5573157433913,-32.7139142823189,-35.6406330785922,-37.1318793454073,-38.1488525814072,-38.0293278372776,-35.2470303378763,-37.795350193954,-35.1674549910022,-35.8978702980124,-33.085271611272,-34.4380165279764,-35.9252228731767,-34.5993884050928,-40.0287298069979,-33.8934520751444,-32.5980172847057,-31.6032706418027,-29.0227187398586,-25.7751220228705,-23.8402582422707,-22.1546330755988,-21.0081623756533,-19.9793980033711,-19.6435607356372,-19.5072230774547,-19.8524906857231,-20.7732542667583,-21.6151965042854,-23.4091610386456,-25.8698797467745,-28.625285527699,-31.4952373296959,-36.0871800001831,-37.6652629544242,-46.9830644783497,-41.8673055290885
-40.5283081933629,-38.5788754167419,-39.454383216778,-35.6554433827535,-34.4080284526465,-33.8208012966116,-30.8877484559123,-28.5469993647573,-24.5534604110463,-21.544603338891,-19.2594056043181,-16.0989921983809,-13.8409314729065,-11.7707311856683,-9.82957049511559,-8.13821766308554,-6.81420860445697,-5.84233292653718,-5.02548343834866,-4.70347391979373,-4.53229064890856,-4.84522363325325,-5.3778647933904,-6.16508722631807,-7.53407089665056,-9.26044159420482,-11.250961642847,-13.7691914985786,-16.7628626741952,-20.5619538758522,-23.7636101030398,-29.6958552387933,-33.9176799670995,-35.6304346800721,-38.3593787523577,-38.4705494486359,-39.039751704815,-38.7320734014524,-37.7934066500925,-36.2149191871719,-36.493967330252,-34.8429004788374,-34.7055828110436,-35.2680776548258,-35.7195289807167,-44.4238851229718,-36.3786766439793,-35.5164776484621,-32.4327626317456,-29.8290589918556,-25.4216420855427,-23.9403729564381,-21.6156194663399,-20.7912904101785,-19.6102869064641,-19.3403674585298,-19.1618775339288,-19.7806369723041,-20.3358016216768,-21.5335270226238,-23.2844667607295,-26.3250105805195,-28.3671720731316,-32.6680647718431,-37.6746737911727,-42.655011481165,-50.2150121365788,-39.7977800908882
-42.9063278298419,-40.2658080069411,-40.3955922968053,-37.8572806137878,-36.7287300282586,-41.3452338945427,-33.9169690974141,-31.7030722938182,-25.4608488631489,-22.4199602758317,-19.5743796604203,-16.1558929112054,-13.9075552176557,-11.7522594052255,-9.85898773733107,-8.21119372294387,-6.93260767356373,-5.96404817283475,-5.27875680478033,-4.93587711128009,-4.84218479198685,-5.09243473506483,-5.73855999184247,-6.51878578082708,-7.82419251618477,-9.69158730120987,-11.7248148976775,-14.2454224564998,-17.4405442003553,-21.3315350419471,-25.1110687226462,-30.7325652253071,-36.0982126350705,-36.9082015286951,-41.1618694875325,-41.8491090414749,-42.8356047605334,-47.7750885100195,-36.9126214102546,-36.978669583009,-36.6662743342528,-36.9860882905655,-34.7543997760163,-34.4036426677686,-36.6159013848546,-41.4595569278079,-45.3313543458205,-39.8601621269222,-34.7042813935368,-30.4732329568561,-25.2425079606058,-23.9747690812822,-21.1766546561411,-20.5401597713972,-19.3208637202013,-19.0156074804359,-18.8667087014265,-19.6221975543693,-19.9366599094677,-21.3495557557672,-23.3331861397251,-26.1277780693932,-28.5884487215214,-32.8662978164014,-39.8285548255177,-44.0321966775188,-49.7883786020172,-40.3587122297507
-45.5018191110234,-42.9044244816108,-41.7061545971373,-40.5960496034559,-41.7072105509446,-47.8383699121748,-38.2631002505137,-34.1947843108123,-26.2422698728594,-23.2236380755364,-19.9639238769098,-16.5223339417673,-14.4348010751809,-12.16079565429,-10.4048205247396,-8.74458954516385,-7.50623137852183,-6.48284330893008,-5.90445363844102,-5.48178952901733,-5.44573695555306,-5.58765397448344,-6.2606985640898,-7.06019001467434,-8.2794914772331,-10.1501858731195,-12.3625056738119,-14.8945283735181,-18.2619673113253,-22.7072546924443,-26.7859794161475,-33.2135066946378,-38.8861457920003,-38.4662352912514,-43.9170371042299,-46.352303672304,-54.8584976854465,-50.3922999372153,-37.2810363472111,-36.6163076776979,-36.4653084404063,-38.2491657090051,-34.8155868231536,-34.0596588149521,-36.8804375615141,-37.0620321361272,-40.3486370518789,-36.8215396331894,-35.0453067974356,-29.3852702616612,-25.0836840673782,-23.6337126707387,-20.8294242046703,-20.2100937153081,-19.079372895934,-18.70195385576,-18.6454820116361,-19.323541263996,-19.6702213744685,-21.0036380308558,-23.4155428826937,-25.3949231817146,-28.5767779506766,-31.8136669755597,-38.695412840618,-39.2730375389373,-46.3825919756991,-43.3174012910996
-45.6647884725834,-47.3566910318372,-44.0053115030504,-43.179665907064,-56.4155114359608,-43.8410254087972,-40.3119407799234,-34.2255705287288,-26.6834546460059,-23.6576490537017,-20.2138204315521,-17.1276928264579,-15.2406403744884,-12.9756783976815,-11.4113160840273,-9.76918495648991,-8.55888219089316,-7.45958279593753,-6.91404528143788,-6.37381192372014,-6.32609593144954,-6.35153300662133,-6.93039078137997,-7.73578555917525,-8.87607084973583,-10.627085273562,-12.9640334483827,-15.6514951475684,-18.8230438308095,-24.1822134578721,-28.3620539813129,-38.2412750975676,-42.5121664112413,-39.2366442973291,-43.5815375000528,-40.9922594325519,-44.7696822970548,-41.205998151228,-38.8934750712433,-35.8076809592328,-36.3358675425763,-37.4738970998228,-35.3515846274575,-34.6450574984105,-37.0022224863988,-34.7543956822067,-34.5147480795475,-33.243804569228,-31.8438791788773,-27.6321543197356,-24.7173521605197,-22.9643550027191,-20.5644429214282,-19.7937275153446,-18.8592143438706,-18.4355579314938,-18.495956534763,-18.9351256450389,-19.5526542618839,-20.6697753321982,-23.2661431852266,-24.7754268197909,-27.6460714144021,-30.7123565380516,-35.434117025264,-36.80980237151,-43.048321276728,-46.7162282159266
-44.651443247225,-53.4394688267361,-48.0695351543852,-46.9892043711297,-47.944419800527,-44.3034485209742,-37.3437465102903,-33.7355452900439,-26.6659831876215,-23.7529231939482,-20.3275021199824,-17.9144185700756,-16.1909491741984,-14.2352562290823,-12.8680629628504,-11.388049503963,-10.1638533943352,-8.98616919265428,-8.33021988699193,-7.63573416172817,-7.44827978448425,-7.36595185413566,-7.73629778419664,-8.49480725137066,-9.55540950942423,-11.1647633374831,-13.4067607807476,-16.3249545007639,-19.0816697683414,-24.5543276076338,-29.0849826974826,-44.7842259391014,-44.9004460780111,-39.6582906729109,-41.2439122363056,-37.1535750144962,-38.6571746482537,-37.6258709963123,-39.5658916472483,-35.4758545565332,-36.1692095139015,-35.786837989624,-36.2121232678286,-36.3263858299845,-37.4723210783515,-34.5300819225108,-33.1478422405611,-31.5533565866258,-29.5038194881031,-26.4961800751241,-24.1362803718689,-22.2649494682737,-20.3761705689295,-19.3433372289755,-18.6585627898802,-18.242640562512,-18.3977659285984,-18.5855869529386,-19.5376982000672,-20.5551198474203,-22.843275181168,-24.574877894068,-26.5164891596854,-30.0549149882741,-33.3626510879764,-35.6344522630278,-40.7303147116726,-45.8352244348627
-44.6876973578379,-50.6412999223039,-55.4615669356934,-53.7070949092561,-45.3274275880385,-43.027709107605,-36.1689754294409,-33.7903800134237,-26.2661443322881,-23.7027809500139,-20.4208815796946,-18.7787473168161,-17.2608871526749,-15.9935689207131,-14.8864533370022,-13.8301467389177,-12.5079222855006,-11.2022614220584,-10.1867587154135,-9.25674491742511,-8.75028747143867,-8.55229045972455,-8.64637621358198,-9.2979621468696,-10.2537243497592,-11.7816942780564,-13.7888879949742,-16.788047090592,-19.3359700824234,-24.0015037336491,-28.2975454445066,-38.1161886757427,-40.5829072255409,-39.9727576187321,-38.4941145007022,-35.5704019969242,-35.7996379341581,-35.7878822589514,-37.8147739737855,-35.7639632994897,-35.449463132472,-34.6150385827016,-36.6254059372773,-39.058226952128,-38.6903065644331,-36.8056803952316,-34.4923500556166,-31.0244527261037,-28.788125294452,-26.042501312101,-23.6094243711049,-21.7539023908622,-20.2634136691648,-18.9559175844972,-18.496078442057,-18.1339807948962,-18.3300392743459,-18.4050359741892,-19.5726359808614,-20.7289277749569,-22.4337415690323,-24.6976351868349,-26.1144166784384,-29.8696175528278,-32.8035640067703,-35.2314381784801,-39.5835696458177,-43.9843944173861
-45.7269686393163,-46.6153270272231,-59.0958786048954,-45.8508309630841,-49.0205605256475,-40.6381793359634,-37.0259917608777,-33.3740689762677,-25.7161444816076,-23.5460470030569,-20.5196924906392,-19.5895796803977,-18.4518478861317,-18.2513494985781,-17.7815168354882,-17.6491190893838,-16.0465942993029,-14.2881365297678,-12.4607637526442,-11.10522661466,-10.1039089020426,-9.74893599931377,-9.58284482492074,-10.1018314394717,-10.9399993601875,-12.4355777561069,-14.3103667745634,-17.2060588755916,-19.800091001242,-23.8791261390723,-27.2237291399196,-34.1038211152537,-36.8915128056638,-38.6434849964997,-36.0564617294757,-35.2875644515615,-34.3682320002027,-35.0448696354083,-35.7283561259875,-36.2443246153388,-34.6563166806741,-34.3988280596198,-36.4912175618467,-41.9269999488991,-41.5336953987362,-43.8870025153716,-37.4943265108044,-31.2546323094077,-29.2789931520412,-25.8459408518461,-23.3921530703242,-21.4710287592491,-20.2280465112837,-18.7311166610842,-18.3964340401019,-18.1057383157405,-18.2815974757031,-18.4571655371921,-19.6448348702408,-21.0975653621098,-22.3559139993819,-24.9131932546876,-26.7372578507802,-30.3083918798027,-33.6660123549926,-36.0193618653982,-39.5089213088958,-41.6079561816138
-46.9699833409674,-44.0874694292492,-49.1545589892911,-40.8158519383154,-49.7906147339368,-39.5019676261766,-36.3431442167106,-31.6695408770046,-25.1409330422265,-23.2141303856434,-20.5717218148696,-20.2262704630564,-19.5784652822559,-20.6648030360569,-21.976327397538,-24.8053596409109,-21.931059648267,-18.0524546768048,-14.7424477352254,-12.7419866213099,-11.2555224894575,-10.7166682168213,-10.418659312089,-10.8383303848282,-11.61578516692,-13.0572547113793,-15.0567300703715,-17.8864638047084,-20.538843255951,-24.8178039378163,-27.31374415322,-32.5498949145754,-35.1664290792916,-36.2153594490923,-34.4853549435956,-35.6497948243071,-33.87641939312,-34.884404730504,-34.1598129243324,-36.2269989483185,-34.5987086577165,-35.0164041299965,-36.6117759889285,-42.1915517514101,-46.9182861083525,-49.081397091882,-37.7510412292207,-31.8924036136145,-29.9448807612673,-25.5871264236605,-23.54959115319,-21.3559184291171,-20.2737750565879,-18.7314388154988,-18.379833425263,-18.1459492043627,-18.2560656728333,-18.7088839729387,-19.7744207570757,-21.4613989381653,-22.7108684137326,-25.1598947330024,-28.1640222642581,-31.7037619397161,-35.9927046044063,-39.0388854277932,-40.2799531206458,-38.9848402468946
-47.8417770171694,-41.9241238507275,-43.0149482413609,-38.5512621631681,-42.7771439198188,-36.932120315549,-32.8567504447745,-29.6564197102866,-24.5538685675914,-22.7781777757248,-20.5984251845317,-20.5567877094455,-20.1833617006132,-21.7790575446227,-25.0112473254271,-34.5433462150369,-26.5658295130277,-19.5507135938572,-15.6827179435969,-13.4288646163754,-11.8726815036226,-11.2358578091898,-11.0165726177663,-11.4200909185794,-12.2701642434613,-13.6134973127589,-15.9032725853632,-18.9544804854608,-21.6163421101893,-26.8275608185742,-29.3706924065018,-32.7049698898429,-34.9175952250947,-34.5633102848671,-34.0338123735569,-36.1126888561507,-34.2594132127672,-34.7233686803917,-33.2859690286425,-35.558618395488,-35.2466183646841,-35.9489620279248,-37.38069200775,-40.1507830765466,-43.484037600471,-39.4695503088893,-35.53559114806,-32.2864018680047,-29.6360008506636,-25.4361156779193,-23.9685021456668,-21.3717770710987,-20.4062278547351,-18.962228649798,-18.4566078870469,-18.2424766162524,-18.2755884209736,-19.0387227141012,-19.9630463556895,-21.6437251099524,-23.2730952130758,-25.5818696558344,-29.4887670684245,-34.2635659772795,-40.003468992052,-47.6054352401569,-41.5183451825974,-37.6384582669281
-45.8676690814574,-39.8372530345554,-38.8910947936806,-37.6393220383132,-38.5156514359226,-33.4172660145288,-30.276712221573,-28.1744256115867,-24.1086262909338,-22.48615814687,-20.7344022127266,-20.5031024471947,-19.9715767774488,-20.5212726286184,-21.6377151363328,-21.9086424522834,-19.8355831278136,-17.0622931074075,-14.609714012817,-12.9731839532325,-11.8328228809748,-11.2768479154099,-11.3031999803847,-11.7769863034582,-12.8371175951405,-14.1142651738918,-16.5810866397219,-20.1172642770862,-23.0071723855614,-29.2884554562342,-34.3569790840152,-34.5473361798259,-35.7082268956056,-34.2645119712064,-34.8447144436136,-36.5055342809318,-35.605359644169,-34.6286516679306,-33.4348676816541,-34.8578886552801,-35.655828978864,-36.6256731152634,-38.4755769735591,-38.2718720064286,-38.2242671013614,-37.0412668746588,-34.6611397906852,-32.1665897769913,-29.0046624974684,-25.7748729650392,-24.4624479812922,-21.5772599119088,-20.6299322206536,-19.3708097605131,-18.624411949551,-18.3871477844426,-18.3721226427286,-19.2934506372353,-20.1503741918857,-21.6181022085371,-23.5345408431247,-26.1594765592282,-29.7283398557994,-36.5087570735019,-44.3326563024032,-48.6501970957329,-42.7512122468053,-38.2935031245839
-41.0865099188371,-38.0027088355526,-36.2056552500593,-37.1994590363069,-35.3084348376956,-31.2641520319461,-29.3169537166116,-27.4425438426091,-24.141565422581,-22.5915888118309,-21.1227532250401,-20.2068255886018,-19.2551134949292,-18.586566697488,-18.2795604186993,-17.4342805807933,-15.8451252246417,-14.488632090058,-12.9505511549066,-12.0280547240465,-11.3840592174391,-11.0314123978514,-11.3211222522783,-11.9011942330127,-13.2066724036637,-14.5465685951146,-16.9175174470816,-20.6790412447754,-24.1056255284267,-30.494385668814,-38.4462490139859,-38.4233690979841,-37.0604776729039,-35.4036254165456,-37.1801809118552,-37.3151341786759,-38.0661503062506,-35.3197507443023,-34.9926634270623,-34.7189338148502,-35.4186398492379,-37.0678314879827,-39.069890801675,-37.2030224840441,-35.9437954957247,-37.3426018206718,-35.3884384035652,-32.4321026834392,-29.3223697781911,-26.7809123104858,-24.9493651706597,-22.0739719558299,-20.9360529193469,-19.8619329967234,-18.8694935583038,-18.5755983865292,-18.5625114808476,-19.3821394170028,-20.2282962167634,-21.4764505563638,-23.2287779298377,-26.3648832704741,-29.2993814790712,-35.0317137650183,-41.6797390405282,-41.0169705209652,-43.7114149465497,-41.6120107759429
-37.1234755985028,-36.5388334508248,-34.6353563477513,-36.5900343527227,-33.0406742825164,-30.955442028254,-29.8632830724327,-27.5663034749156,-24.9976663855582,-23.2445510450075,-21.8267441783503,-19.9455340901471,-18.5447063021429,-17.1827787366321,-16.2775399728636,-15.0957271353431,-13.6880680906135,-12.766273976671,-11.6594116228805,-11.163782300866,-10.8710278514519,-10.7487376568747,-11.2072433610367,-11.8722046555217,-13.3131508192484,-14.8361217625122,-16.9916176327989,-20.3732783857438,-23.8834078331818,-29.4468577809371,-33.2493429764186,-42.7562836054347,-38.4031362517478,-37.8763959520132,-41.8080950349317,-39.5756170113649,-42.0422798099887,-37.4749996095184,-38.1622412108514,-35.4098054445611,-35.5498260961188,-37.4925620252772,-38.5953852659819,-36.9479048237488,-35.754317775054,-39.1994272221345,-37.643875237535,-34.3025283662192,-31.2002018135834,-28.2599923833849,-25.5334353794289,-22.8766703469243,-21.2879312917272,-20.330045464853,-19.1726303749494,-18.8049888885639,-18.8263837290604,-19.332814893475,-20.1340281082059,-21.2954777159034,-22.6998712866799,-25.6995504638046,-28.751052462438,-32.5523518645423,-37.5076122382141,-38.9171864958611,-44.2193852678848,-46.8944178689059
-34.5850550777037,-35.4124554707754,-33.9705418611558,-35.6392328506322,-32.1148586687183,-32.6593473938988,-31.9432930995578,-28.7561193217545,-26.9293469083247,-24.4564138463627,-22.7962770052164,-19.898505178499,-18.1528419527239,-16.4973876130887,-15.2071508157298,-13.8573539276526,-12.5807066947118,-11.7551453920698,-10.9130051893067,-10.5971611889913,-10.50724883362,-10.6005130906511,-11.1219284468398,-11.8360917900425,-13.2361411444269,-14.9335839546576,-16.9729369518932,-19.7727400635414,-22.7821731176495,-27.4516104506903,-30.2657797801697,-40.205422329532,-38.9871981806951,-40.2924264722294,-50.0347780562481,-45.7962783081129,-48.9579314218257,-41.6279291410801,-41.1706096327633,-36.9775630709623,-36.7252261269096,-37.7741205127992,-37.6277931426752,-37.4072815533314,-37.3064644481878,-41.3965610025501,-42.4214068228621,-39.4651658001022,-34.5161590768752,-29.6055613078793,-26.3178299796829,-23.7985295825623,-21.6277382361455,-20.7008849494882,-19.5148584095449,-19.0694777974602,-19.1097011826063,-19.2575817959323,-19.9418452647736,-21.0986331877947,-22.3635687790267,-24.6438965519585,-27.9318613501744,-30.9126549813438,-34.5743965805192,-37.7609298930463,-43.3671872000989,-42.8055068237549
-33.2570039338819,-34.5445459053793,-34.0621768151905,-34.6835681672982,-32.867804013603,-36.9676713613461,-36.0617228324317,-31.3586143149752,-29.934972928732,-26.0123841638401,-23.8386776784574,-20.0959080905495,-18.2017065367071,-16.4291961021294,-14.7832832196548,-13.3662427979774,-12.1812274922181,-11.3106867485777,-10.6731619951769,-10.3817134660905,-10.3868949185174,-10.6643856337978,-11.1902318299852,-11.9448574048797,-13.1815306069769,-14.9410052020825,-16.9712675762194,-19.3799941463906,-21.979709121917,-25.7042356158272,-28.5687863006128,-36.68251991504,-38.0159195715224,-39.5188283929017,-45.1466007407179,-53.5735457259218,-48.3638670039124,-47.3865604371664,-40.3775563981525,-39.3402992543814,-38.5800933536496,-38.1285026100693,-37.2525527614965,-38.5762281662775,-40.4359836425017,-42.9065283113737,-59.0584659141524,-47.1956644586957,-35.9568046826217,-30.2752781198011,-27.0887609053342,-24.4855959465623,-21.9168728129549,-20.9589972729241,-19.8777892433687,-19.3555561014645,-19.3582520288738,-19.2775810066035,-19.8277729689881,-20.9315089241753,-22.3431596159898,-23.9360957593411,-26.9237369759113,-29.8340791076219,-32.5388192059122,-35.6600949111049,-40.8169123994049,-39.0107238696992
-32.9014209358264,-33.9214434685132,-34.7170105618032,-34.2132952379232,-35.707050207214,-44.3256080554861,-44.2554837447917,-35.2440234601759,-32.8088145399325,-27.3711459402327,-24.657836351817,-20.5160042301385,-18.6881054184443,-16.8159288147328,-14.877409936308,-13.4597505581074,-12.3120890948393,-11.3555986815954,-10.8712284154642,-10.5271126378977,-10.553737945519,-10.9593609306743,-11.4810708794651,-12.3010864003108,-13.3586651014585,-15.0843707891448,-17.0859635567466,-19.3267818435759,-21.9200658848402,-24.7300190532977,-27.2414302721084,-33.8686926631543,-35.9553228402915,-37.359330872728,-39.9906118795138,-40.8025726652744,-41.2589657032384,-46.9693153865595,-39.3320845968265,-42.3681371020829,-40.3271579051114,-39.4641310892938,-38.3653869564739,-40.776997841633,-44.8099706633422,-43.5889536612027,-43.9963445474868,-38.7098407058664,-33.997426667284,-30.403936823142,-27.3046818599394,-24.7584436453917,-22.1759141894431,-21.1413691154028,-20.2409468420952,-19.6463207352111,-19.5588209531453,-19.4709698848355,-19.9519707575335,-20.9148847818995,-22.5785273158617,-23.8765374202435,-26.2556235343307,-29.0416135091881,-31.2253607155579,-33.6367765866805,-38.0220376894412,-37.5646943068365
-33.293515795417,-33.6293325323586,-35.5087787644878,-34.5832156623518,-40.3264590450665,-41.9221248146863,-43.9481271489275,-36.0088042044567,-33.2536348079945,-28.0600530183629,-25.1156485250339,-21.1731393405892,-19.518109812908,-17.5271292058551,-15.4628876397955,-14.0452029823227,-12.8797548150831,-11.8573120852187,-11.4484507318059,-11.0365798255001,-11.0380195402524,-11.4830396391684,-12.0148261786551,-12.9364815717919,-13.8887565915922,-15.5717449506934,-17.4712481374123,-19.6328442198946,-22.6053801166046,-24.7311630493106,-26.5261893617012,-31.4784145291183,-34.0165759210452,-35.8406954442968,-37.2974718644223,-36.6467499212257,-37.5927318665972,-42.1243970383937,-39.3622891912514,-45.2050242219513,-43.0184287764177,-43.0042512692963,-42.149776507648,-44.9873137935279,-49.7540877695302,-43.0903517521843,-38.7410897280281,-35.6385017230489,-32.7638400211906,-30.3178921374854,-26.8914950023569,-24.8441665857648,-22.4732719225698,-21.3075623491455,-20.5843540167576,-19.9382648108598,-19.7534652419484,-19.8528753374229,-20.3825074635128,-21.1967902675814,-23.0099178046238,-24.4586934815506,-26.3683014149065,-28.717034591763,-30.6829675016396,-32.7721537071778,-35.9467761173952,-37.3342639829742
-34.173791653368,-33.7985715136253,-35.8284692129541,-35.876026810919,-39.7446864791527,-38.842452028721,-37.978935635943,-33.5479597029313,-32.8300182520124,-28.3745569915204,-25.4340172910425,-22.1162205001654,-20.5759416461272,-18.545464515006,-16.5604906958308,-15.0690537024019,-13.8546117068251,-12.807982677207,-12.3662234917761,-11.9117563749724,-11.8601072440565,-12.2345775936931,-12.7832773138947,-13.8183133545344,-14.7802198308312,-16.4981469208186,-18.3007046973827,-20.3942483069763,-23.9486308226553,-25.7933659809153,-26.97894457115,-29.9498073801412,-32.8042214623616,-34.9947655663193,-35.720697337834,-34.9507870833417,-35.891633641942,-38.2834949677332,-38.9511289184703,-44.4463921602497,-50.5034918051285,-49.5794972903854,-54.1650636324977,-52.7913439827775,-51.1254007906862,-42.345694620593,-37.4183735983575,-35.672256755751,-32.7384897944696,-30.2166712697391,-26.5153087360105,-25.0606641432038,-22.8738680712296,-21.5150412107947,-20.8996589527114,-20.2534628728015,-20.0149172976892,-20.3785700856792,-21.0737875786472,-21.8636613536599,-23.6661850807715,-25.5333805096205,-27.4961125484408,-29.3063790687151,-31.1439975058181,-33.3322374208817,-34.7996197337485,-37.4066201425412
-35.2253008161108,-34.5249605498933,-35.6407505350716,-37.5453228322203,-36.9016354956904,-38.7968389686146,-36.3130876512348,-32.775670784511,-33.4448585166849,-28.9205222621491,-25.9313627633014,-23.3783901442481,-21.8487307078766,-19.9821149848269,-18.198227306609,-16.5285048961753,-15.2677913023474,-14.2122784616018,-13.6079005849572,-13.1441548853309,-13.0152330381484,-13.2176632683383,-13.7680870737673,-14.8729141267632,-15.9410005573046,-17.8007119825558,-19.6728471867984,-21.7842072828455,-25.9513592915081,-28.0050043034739,-29.10909956433,-29.7102469472565,-32.5112509803164,-34.5879527658931,-34.7655010274102,-34.4866212741068,-35.5224635114147,-35.9668287060567,-37.7257030707126,-41.6835746997763,-46.8162538429563,-46.4644982040426,-48.1975192800121,-48.6386579565706,-46.3018597427,-42.863303768534,-38.6808679716595,-37.7938859782626,-33.2224869594808,-30.402157380726,-26.7192869089795,-25.5129641078075,-23.4007828412344,-21.811945320438,-21.2014587221728,-20.6265219415596,-20.403091153116,-20.9659910350801,-21.8685374477795,-22.8634028595481,-24.6084333560358,-26.8822987542996,-29.7439157496438,-31.3875086526435,-33.0999398747282,-35.3812747056812,-34.5414821829797,-37.0636261113542
-36.1794830513207,-35.8104609294656,-35.632316780704,-38.2411923034288,-36.3947296046339,-41.0984256535505,-37.7252747729785,-34.3833188730155,-35.3804049692408,-29.916994416099,-26.6978550258074,-24.9659247331415,-23.4875576254943,-22.0129318710747,-20.4154686042756,-18.5141921851303,-17.2094375729447,-16.0777202685316,-15.1691109137099,-14.6944946805068,-14.4487410621257,-14.4235809444801,-14.9446172889596,-16.0195222921718,-17.230259516713,-19.2345021241599,-21.4690297226896,-23.8839942030305,-28.7809009705052,-31.5431477895763,-33.8040265537216,-31.1317901119961,-33.2591703202954,-34.5133560925801,-34.2943061538961,-34.6181648428164,-35.9805362442413,-35.1067268822168,-37.0147044608654,-40.0674294700076,-40.4559563771962,-42.4903788713271,-42.5124647785224,-44.1539628875915,-43.139400783379,-45.1792969760583,-42.5503387060566,-40.8775481947118,-33.8480462433994,-31.2056242283567,-27.5660659528765,-26.0751212705333,-24.0290120543811,-22.2345845433271,-21.5251346811897,-21.0738338573887,-20.9273506796641,-21.5294542120206,-22.5426150095108,-23.9324776955558,-25.758036276885,-28.2460150725812,-32.717214090271,-36.0501265166801,-37.8956317979044,-38.6359265202069,-35.0173394144686,-36.1345972204596
-37.0229323130035,-37.5096584923078,-36.4033663023912,-37.9918642620877,-38.0774165420565,-46.0061616179157,-43.9599557543707,-38.4421598349749,-38.0098039215113,-31.0749425779139,-27.5388306139604,-26.8952410954657,-25.7058955898898,-24.8271994174453,-23.3705024679193,-21.2842611011584,-19.8169604811621,-18.3865829539791,-17.0188234270847,-16.4512878788962,-16.0279857461169,-15.8006811545789,-16.2645081478209,-17.1989143178757,-18.5514893228855,-20.4928515831431,-23.1839632516989,-26.244737359806,-32.4921799850954,-36.4717030045575,-43.8584892461139,-34.99326285577,-35.2175082685226,-34.8185171083317,-34.3652863549445,-35.0777773355444,-36.6190079142558,-35.3479252522989,-37.3551617300697,-39.6763778540121,-38.5064537856098,-41.1623811253501,-41.6366456522844,-42.9126118747816,-42.3713253713017,-48.025858343221,-48.5088302722812,-42.8098763166586,-34.9888962758189,-32.6798883445877,-28.6372268484246,-26.5291273127882,-24.6958639142999,-22.7931469468775,-21.9065150873705,-21.5720636526553,-21.5286054018458,-22.0073428369391,-22.9343878293319,-24.6313425770324,-26.6713271265449,-29.2398505456646,-34.0263128631728,-43.1642857089182,-54.8066218894541,-40.2059867756104,-35.8983075985266,-35.0522588473742
-37.9794553982267,-39.301958568257,-38.2533488388049,-38.3095561615307,-42.0078761424474,-46.8850606057969,-52.4608935778403,-39.9374894935783,-38.5970805068951,-31.7421057808924,-28.1747548658323,-29.1525464261274,-28.5541967833471,-28.6677216089241,-27.7197283218523,-25.4113255813298,-23.1559607391088,-20.9697555267675,-18.9910626186992,-18.1653749955077,-17.529125780841,-17.2230908830545,-17.6276147707369,-18.3750381007987,-19.903345199731,-21.5357179911116,-24.265288606803,-27.60416449378,-35.2854175706476,-39.3964383150869,-41.0992914121287,-45.0010858189773,-38.4927263078681,-35.6455387011168,-35.113424515969,-35.9484047245926,-36.9287134994851,-36.0744219837312,-38.4429702839493,-39.4494241420816,-38.7617389681254,-40.5591231633909,-42.6909431566463,-43.5074831827501,-43.8661044896952,-48.1687053834204,-48.8230169065691,-44.0261498842538,-36.789928675673,-34.1612969536586,-29.295856584192,-26.8005372112377,-25.3117583554904,-23.4461198271463,-22.3538067131943,-22.0612454809785,-22.0934014051862,-22.3740756037398,-23.073495516722,-24.7234252157885,-26.7251888353248,-29.3716367691478,-32.5130298419239,-36.8573462431243,-39.6140101042375,-38.0065171437591,-36.6544726196325,-34.3799460345417
-39.2394318486499,-40.8139372180256,-41.3003926096092,-40.0504413138628,-48.8718378266853,-41.9728988863702,-40.1583989409838,-36.4434988556778,-36.5547253188776,-31.6014048209369,-28.554315749243,-31.2851926129332,-31.2926121916,-33.5830313300445,-36.7327625358669,-31.5344381223096,-26.3135199418759,-23.1198088124438,-20.6063474321702,-19.4355244967659,-18.6841651940725,-18.4866333319165,-18.8729457875383,-19.5076236643981,-21.3063630069452,-22.6496058404666,-25.0298157295725,-27.9414572873741,-34.7582850303718,-37.2559443606662,-36.7334783684279,-45.5464004559057,-41.7729905539834,-37.1463486606161,-36.6506680940245,-37.2597525370054,-37.0253560821694,-36.8591774824803,-39.5018850551738,-38.3729405537825,-39.1346387821206,-39.5433062305558,-42.6781183073853,-44.5429122483669,-47.6142206273607,-48.2288962371517,-47.0524033081347,-45.3897441996844,-37.8128445258277,-34.5143596516263,-29.541054624638,-27.0258846862243,-25.7703792805851,-24.0843873706054,-22.8303715227896,-22.4712744814796,-22.5098334548168,-22.6415208066069,-23.1390446519555,-24.4826424842384,-26.0721176602265,-28.6866070199797,-30.8850127179638,-32.9496150018954,-34.5683292879342,-35.9794021497904,-36.92352662901,-34.4880726001912
-40.784884354669,-41.890941182723,-45.1522434936887,-43.8456619464835,-51.85995141816,-40.0927125578627,-37.4500947232197,-34.7607997940048,-34.6415760496001,-31.0331512686895,-28.8261313518777,-31.7330029507798,-31.5426216628089,-34.4086026512526,-38.4127109422733,-31.0642371020366,-26.2230229275631,-23.5796969263361,-21.21735319735,-19.9438200122059,-19.3155350903209,-19.3757724839238,-19.8243761591418,-20.5252461944838,-22.6808501771095,-24.0696404097651,-26.2723439599319,-28.8470122037432,-34.1913994674865,-35.997688638431,-36.122396894608,-38.1592102065037,-41.5520699743098,-39.3944249288624,-38.9790407458833,-38.5949963448418,-37.3334122741316,-38.0446739322648,-39.7195103945175,-37.1115694780522,-37.9856077160876,-38.5703424275203,-40.8021816961554,-44.1062877420676,-49.5995713923459,-51.2203993654034,-46.7324569982432,-45.1896056390425,-37.2205243476621,-34.1550918331757,-29.9242994417198,-27.3043517824038,-25.9754006045203,-24.5592124616171,-23.266350018819,-22.7638952322518,-22.7438872755882,-22.8537974725393,-23.3069086698815,-24.3467904112725,-25.5077524442119,-27.9128019267302,-30.0399182140153,-31.7397012252324,-33.1169926182712,-35.3343662757174,-36.9701754271337,-35.5599765437157
-42.3260086564418,-42.6263744851623,-47.1414525507424,-52.3380965881361,-48.2493209938716,-41.2468161374002,-37.9048550300445,-34.6621158747531,-33.353078939249,-30.4402766900165,-29.0495775968224,-29.9184056309206,-29.1733412325076,-29.7182886956409,-28.6301220601878,-26.0501615410364,-23.8658006597616,-22.4340035202663,-20.813570188568,-19.7867614062129,-19.4579789466618,-19.798498841005,-20.3932441439619,-21.3443434230995,-23.819214897634,-25.6600667254927,-28.3441871379932,-31.3038854195528,-35.5175337915014,-36.9268933153715,-37.6012930785697,-36.4282646289793,-40.4066151719146,-42.3171016523256,-41.9548491499256,-39.6653330946607,-38.1879093365771,-39.8062597229359,-38.8613090538534,-36.5874679748064,-36.8788153323825,-38.2523686646104,-39.3361148240074,-42.4159613784675,-45.6981551594028,-57.9278465928944,-48.3240035242697,-44.9400418061189,-37.0067529133256,-34.1635183493839,-30.530334184902,-27.4848944517586,-25.9014593547246,-24.7706347480622,-23.6035579075842,-22.9695661672419,-22.8742279134171,-23.0778008889,-23.6605500580842,-24.5608512995698,-25.5402708146303,-27.6707011237014,-29.9250083427495,-32.2126693166968,-33.8270287075231,-36.235864819005,-37.3882715083338,-37.6463037369724
-42.9293493528475,-42.9477310220994,-45.5604600909671,-55.1950263780354,-49.440195559763,-45.1107057238934,-39.1884109268025,-34.767118071463,-32.2718537952614,-29.9724013407957,-29.131946817436,-27.5738953024248,-26.5924668784538,-26.1124645999544,-24.6388769554111,-23.0609048632554,-21.7701891069138,-20.8955249323864,-19.9896803600237,-19.33283147714,-19.3214138981621,-19.8663485087515,-20.6570882240555,-21.9444661517501,-24.5454999817106,-26.911121982558,-30.665925926708,-35.3403265332498,-39.6917120605791,-40.6806589818702,-41.5288278748989,-36.5780881982393,-40.6180461234953,-45.8847627858041,-45.7265377965924,-41.4262523301304,-39.90430829945,-40.3053457795987,-37.6132031357103,-36.9027634397654,-36.8287654006851,-38.4334920679054,-38.6848034913353,-40.6633822559262,-42.3930799120252,-49.2433159994502,-53.8841031033631,-45.2740888536843,-37.4828664398947,-34.2682302868227,-30.7145643892786,-27.3430794513948,-25.6517082950656,-24.7560926286052,-23.8445856150328,-23.1839588560401,-23.0502761006128,-23.3934681990655,-24.1918818998797,-25.1400245256408,-26.2654858344196,-28.2185177484119,-30.4738833086247,-33.838735732594,-36.510066975812,-39.1162258281878,-38.7341597474273,-40.5063625421067
-41.477350091901,-42.2494015805287,-43.3133030954572,-44.8997648235804,-65.9133444219138,-43.4473810239625,-37.8770664768293,-34.2987781348258,-31.3029172505892,-29.7200360993453,-29.0081049622881,-25.7413721779796,-24.7053761767118,-23.8266957094245,-22.4641109716998,-21.275780205197,-20.2682569318559,-19.5623242898383,-19.1666238109528,-18.880073374039,-19.1440955052519,-19.8148043703414,-20.8127996903171,-22.4108161756569,-24.9217659124227,-27.5424973089857,-31.6534029839609,-37.215790564379,-51.6284505948294,-48.7695329579129,-53.4977121651194,-37.461234418329,-41.7296039023284,-50.408385223518,-52.7121450987215,-46.0365887676756,-42.6183751459211,-38.863014427149,-36.9432580618941,-37.5218359935276,-37.2347575337658,-38.4011745685225,-38.2925966754964,-39.0351945494376,-40.008199133115,-42.3621596015257,-44.3464638221269,-41.5908376380964,-36.315690772459,-33.2410065177562,-30.0919153537743,-27.0027514582437,-25.4332518830003,-24.6827142076387,-24.0615155636419,-23.5176791189873,-23.4135033629383,-23.877690086961,-24.8485677947592,-25.9278770728551,-27.45841295677,-29.5128432265835,-31.6710032039849,-35.8865237588193,-40.9712379918345,-45.5821317922939,-41.6575372500838,-42.9041135043041
-39.1082664022859,-40.3913061506556,-41.2329458063247,-40.6404589967319,-44.9773935724222,-39.0428836219187,-36.1375492030248,-34.1740823712566,-30.898408886374,-29.8567944544717,-28.8175949939564,-24.6752252482916,-23.623226381751,-22.4863635604739,-21.2072320713504,-20.1467744094137,-19.2272744871757,-18.5739954547288,-18.4979932032111,-18.5737357587365,-19.0847970007152,-19.8539071164331,-21.044035540782,-22.8682816940514,-25.1649107047361,-27.9072322599786,-31.3999079196969,-35.3532247280657,-46.8888193041255,-44.5505040645679,-45.5751092919802,-38.9397032938848,-42.1435017252734,-50.5725076874314,-59.1449327480955,-56.8125873757919,-44.3901695062974,-38.1045066933518,-37.3606742815541,-37.723444227242,-36.9561168970014,-37.611318616161,-37.5985948875772,-37.4357070228759,-38.0357522979833,-38.0487171971149,-37.6363587031931,-37.110176674695,-33.7513704235832,-31.4479326223199,-29.327057078311,-26.8839523878933,-25.4668123506523,-24.7571208060689,-24.3617903368815,-24.0406131470376,-24.0362837023978,-24.5738956185262,-25.5875970852282,-26.7215028313756,-28.6360644142891,-31.0706468761971,-33.3329090275184,-37.3417126777129,-43.2145274286483,-58.279302842789,-47.252196788991,-43.2964989428603
-37.3545777132334,-38.3870030045362,-39.2325853709339,-38.3385095359677,-38.2773699827121,-37.1726617353641,-36.3232228884575,-35.582030192178,-31.6653356430376,-30.6450181288231,-28.8560426167431,-24.3595654741792,-23.2151689113403,-21.7667196940444,-20.4298202270085,-19.3864495770687,-18.5281396977964,-17.9494576585218,-18.0466615591847,-18.4599898257456,-19.1942421875069,-20.0839074147276,-21.4377758746381,-23.4008427499692,-25.4156981022462,-28.3348716905161,-31.3045987405686,-34.2646056497153,-40.8323247150952,-40.0415561416704,-39.1370888958025,-41.8327955680225,-41.5688910382248,-45.5730422714332,-47.0438346447016,-45.3471692348084,-42.5255233751392,-39.0082808512575,-38.7063239108452,-37.5080189509627,-36.1813776908249,-36.3190563034104,-36.4485249897588,-35.9369455858104,-36.3446677601112,-35.4298996604931,-34.3001227884821,-34.4678462867031,-32.1251505272641,-30.2592087666047,-29.1298937392707,-27.3269181700783,-25.9208496812703,-25.1459509207092,-24.8468382095601,-24.7570388058639,-24.8928631232314,-25.4549835554535,-26.3886080429644,-27.4615828641474,-29.4718485688757,-32.0292731661049,-34.818547454744,-38.2020362318689,-41.8160309819657,-47.0395210102037,-50.2066521492877,-42.9968836474485
-36.6961468132307,-37.0272605075871,-37.4588939494977,-37.0523344871707,-35.0852661387203,-36.9593147517011,-38.9074093007885,-39.9689936804939,-34.3113529079107,-32.3043486908782,-29.2825591403853,-24.5524178456094,-23.162780298908,-21.3319469857668,-19.8624064182428,-18.8451400597847,-18.095517632146,-17.6717881904153,-17.85548819944,-18.5337576906336,-19.4402535418978,-20.5024405869036,-22.0082172112895,-24.0729854603406,-25.7520473559783,-28.8442650912472,-31.6860729694917,-34.1432235803039,-38.7076663996533,-38.4147309986976,-36.8492460252567,-47.6531523636007,-41.5376644837711,-42.7542805297721,-43.1704153562873,-41.1708571465316,-40.5936865952455,-40.9385575294533,-39.5881736213758,-37.3839902854305,-35.782003032451,-35.1200192262556,-35.1494750163776,-34.7545837026511,-35.0323984413473,-34.2317203912237,-33.1491782757966,-33.5676174173608,-32.0898785367963,-30.3068893777043,-29.8031317546283,-28.4762974806589,-26.8934219774452,-25.9418799019516,-25.5834207851881,-25.6147744134849,-25.8615595744045,-26.4029868988337,-27.2132824041652,-28.2485663863791,-30.1865965802582,-32.3085850970797,-35.5176788826419,-39.4773467858328,-42.4507126955283,-45.1568036112075,-44.8886329350509,-43.3777887731832
-37.1629419011729,-36.5102942716644,-36.2006502582709,-36.2426956949654,-33.8360539701526,-37.0322719442461,-41.6130495028754,-50.7685926344335,-39.2024639796995,-34.1449380330976,-29.600885132475,-24.7142708499275,-23.0126296122862,-20.8934154538645,-19.3826972766575,-18.4577702696561,-17.8775316627776,-17.6916979109619,-17.9394115122558,-18.7632312028612,-19.7717034639846,-21.0763068794352,-22.7938475873695,-25.0277172582004,-26.4025294330574,-29.5674173046197,-32.4241822988241,-34.362313799285,-37.3933449075294,-37.7360761269717,-36.2836149750188,-53.3413664287649,-42.9250076766414,-42.269194034685,-42.3181620047495,-40.4799653393199,-40.239369693958,-41.2414300742708,-38.7693081657141,-37.5476000948596,-35.9488438280899,-34.4653501396005,-34.2023323289743,-34.1138118961481,-34.279631788891,-34.285872864119,-33.8669900901155,-34.2693976020693,-33.8517266439788,-31.8828327701191,-31.4521461528733,-30.3071549259503,-28.4039903170966,-27.1525655940997,-26.5851387332966,-26.5375503654466,-26.7753869148245,-27.2436349257092,-27.9665839913117,-29.1216446139185,-31.0566634336468,-32.6584671334317,-35.7952404901087,-41.383795176887,-47.4497057905178,-46.6882202687682,-42.2182482817851,-43.4746332887151
-38.4875738051933,-36.6812536452146,-35.5962819499334,-35.6343339562663,-33.9215621384414,-36.2306275564057,-37.9947119705403,-39.7865304568258,-37.0580359358691,-33.0880312102087,-28.6312207962521,-24.3485112912705,-22.5057644881754,-20.3713234585248,-18.9978477706535,-18.2069981804225,-17.8275096418841,-17.9168848262484,-18.2566264273305,-19.1001824549474,-20.1856247592205,-21.8181340897595,-23.9221388711031,-26.5444326732152,-27.8521106381487,-31.0492458242238,-33.6835280759458,-34.879046860258,-36.0905721569609,-37.1337552076264,-36.2509429328571,-48.1788379581556,-46.0782706732762,-44.2112945757675,-44.1364254116654,-42.5666836295847,-41.4809888345997,-39.8247239122031,-37.718672548806,-37.8670886580658,-36.5035630345034,-34.5933063931653,-33.990760836722,-34.1785587672757,-34.2617922093633,-35.3490647618675,-36.4463941960689,-36.6820133966571,-38.0359714279498,-35.3806761760442,-33.9979833967566,-32.572200429873,-30.3555543298458,-28.6929517479589,-27.8042478298551,-27.4686576016352,-27.530595796148,-27.8626308921602,-28.5393883023216,-29.9120103955911,-31.8683373753458,-33.1925061467719,-35.9078584016365,-41.3578169580512,-49.9394629963051,-45.6181983061683,-40.9883263298777,-41.2195272059478
-39.7151017468252,-37.0534310172156,-35.4892963597842,-35.1717946893275,-34.7855752576347,-34.942999801291,-34.4011024101633,-34.4408676977881,-31.949065860437,-29.9749013559139,-26.6082771217403,-23.6460564903179,-21.8366805395907,-19.9068588131538,-18.7683688884884,-18.0922661787016,-17.8940759001509,-18.2079150054725,-18.6819143291038,-19.4806909357653,-20.7176821279897,-22.759893623488,-25.5115710876402,-28.9767384680847,-30.8654554637191,-34.2586052580056,-35.7398754339096,-35.8918196124428,-35.1523486267768,-36.7829076980815,-36.2099682329122,-45.2389591553435,-50.7206936290122,-49.3403574440621,-50.6145804207386,-48.8544628192001,-43.9175004226984,-39.1454786554459,-37.5666358536144,-38.0977415857072,-37.289968643264,-35.5194940083458,-34.6920214695399,-35.0407532643559,-35.1124286987185,-36.9128353071075,-40.3383376322963,-41.1345901117331,-47.8159761520324,-40.7433129356559,-36.5843239378648,-34.6589537577514,-32.4552495629568,-30.3933941132709,-29.1513250930064,-28.4172662326121,-28.1897514563418,-28.3337245040501,-28.939036548784,-30.395692525419,-32.1124837846636,-33.2239990664301,-35.281498013252,-38.2544171444314,-40.7615471582644,-40.8957291208614,-39.7440991987072,-38.265678923258
-39.5788363665853,-36.9630173409352,-35.3909460776133,-34.7188204098794,-35.5776504970632,-33.8036764376788,-32.4048625314302,-31.9222835917701,-29.2515655036661,-27.6627898856003,-24.8878861895702,-23.1623851333907,-21.3579046646578,-19.6770986111206,-18.7308263347149,-18.1082090455047,-18.0207285029579,-18.4091925694343,-19.0175187610443,-19.8221273222649,-21.3276089855122,-23.7622632169028,-27.2569460831149,-32.1563080228909,-36.5018651856465,-41.4823044887635,-37.8767187625214,-37.02279732646,-35.0081934429017,-37.1574397374268,-36.6217081332501,-42.5353322811136,-51.288569103566,-50.2933952569472,-58.4212467725379,-52.4339935452572,-45.5904396010469,-39.7468579953097,-38.4408749828695,-38.0379448219932,-37.9601763621902,-36.9613137249032,-36.2949854904706,-36.7180890613383,-36.9182091156497,-38.3532662397035,-41.6316915665106,-45.5786301895029,-49.82479631615,-41.1753061151988,-37.3097637407715,-35.8166962881544,-34.2003499377264,-32.0594706125719,-30.5629031333864,-29.497127734413,-28.9885943173654,-28.9251385756319,-29.369616366657,-30.6038853038333,-31.7695128362051,-32.5795430220285,-33.9990332834412,-35.3802237208991,-36.4731742603736,-37.5447378509384,-38.0472812826653,-36.2583271463852
-38.5281647009015,-36.2583425888998,-34.8360904661151,-33.9975279482145,-35.343233402772,-32.8974729566731,-31.5634811507007,-30.9315790159952,-28.3260107584832,-26.6681367871658,-24.1053004911831,-23.2216411422435,-21.2687773202902,-19.7575827131471,-18.8670205227018,-18.2348005125367,-18.1549921305069,-18.4336814652073,-19.1027441088772,-20.0344148687819,-21.7848910802762,-24.3216274014234,-27.8630380749438,-32.8350183519319,-37.4207903701818,-44.1019345455418,-37.8824141797461,-37.4919469984856,-35.7805822778122,-38.4199168425176,-38.1820569481684,-39.987363211431,-47.5499764929779,-44.9215435502727,-46.0938944197491,-44.4154661539882,-44.4153259178223,-41.5189348065447,-40.1851944429503,-37.794221166979,-37.917802961302,-38.3906665967346,-38.5971317577955,-39.1227071559074,-39.7063901901845,-39.806454257243,-40.5606505891752,-43.7661806170664,-42.5807174232363,-38.4147157381613,-36.6101672357769,-36.0095587383254,-35.1758787907658,-33.5633410558802,-32.0849064382359,-30.9395304486698,-30.2705055520788,-30.0047179317947,-30.1617105201014,-30.836182432275,-31.3591637869894,-32.0045659347425,-32.9590766092543,-33.6539293770144,-34.3839100648045,-35.6477905716713,-36.4799570677384,-35.3607221029278
-37.5456064929658,-35.3781598367065,-33.9669670485999,-33.0234424782335,-33.9849859010029,-32.2741562665302,-31.7414482003474,-31.193925603893,-28.984720428633,-27.0518552845132,-24.4075741367845,-23.8816484853112,-21.5797873294563,-20.1007278729734,-19.114155160514,-18.4382103531787,-18.2643262938555,-18.3313705097363,-18.9612991858405,-20.063793695553,-21.7960924138062,-24.0053239100369,-26.7715851652487,-30.2044259314179,-32.330148400129,-36.7137617208598,-36.6893256453011,-37.4887467046809,-37.3338287910538,-40.3493330778828,-41.3620666487273,-38.4630947570985,-44.817558933921,-42.638372309255,-42.7857085590494,-41.6212831923818,-42.7827333937955,-44.0939140721196,-42.19211874427,-37.8150087811362,-37.4633393721143,-39.5655013692745,-41.2377896389858,-41.9573892201991,-43.3729438463194,-42.220454778936,-41.0551913097575,-42.4112432827454,-41.0201072625127,-37.5717534605487,-36.1117105029736,-35.7894865882662,-35.4267228120901,-34.8592573791834,-33.8899681134406,-33.0981256648888,-32.4715499106516,-31.9984589699924,-31.6701773587607,-31.4297572943392,-31.329319759439,-31.9818178091301,-32.6035996711171,-32.982971737163,-33.6596404241004,-34.8039288506532,-35.5237488854414,-35.4120506150816
-36.7386101431314,-34.6506025848174,-33.2370589006442,-32.1905183081583,-32.3221540181483,-32.0587353495415,-32.9444324180123,-32.8491932745572,-31.647533330948,-29.0204658452326,-25.7518865449111,-24.9925923461627,-22.1379701649383,-20.5654812125032,-19.3985463265286,-18.6802544360222,-18.3507401186537,-18.2445897382775,-18.7782953018557,-19.942697799517,-21.3921609335748,-23.1970137416075,-25.4234001548521,-28.1262418827324,-29.9380620329745,-34.1420800185707,-36.2597887975322,-37.6861752989399,-39.2985039337333,-42.3342298241838,-46.8094893002638,-38.0254733254157,-43.390687070844,-42.5976464807971,-42.5213974812171,-41.6904277296705,-42.3904419302096,-45.0258490430798,-42.5658355349399,-38.5159358861294,-37.6056840977301,-40.5323791862267,-43.3717787595548,-44.3881914312372,-47.406775299482,-46.7608891873556,-43.5107677132863,-43.1309078119232,-41.2108168569356,-37.9263105754943,-36.0503970482446,-35.5234979433951,-35.3233198455263,-35.9252892086652,-36.205212681429,-36.5568765897144,-36.3238969091745,-35.5120569135115,-34.2266726390621,-32.6329885758862,-31.9058480726053,-32.4878201931538,-32.87224454229,-33.1921602183442,-33.9752028961562,-34.8181771309796,-35.3760367973279,-36.2893462966682
-35.8600215462449,-34.1231870074215,-32.8686689287757,-31.8225419059089,-31.1086813309344,-32.2022436752017,-34.571763646678,-36.1696628483715,-38.5521411825502,-32.8348529140626,-27.6074068547106,-26.0891440266999,-22.660980442611,-20.9868290199718,-19.675024816268,-18.9335991292535,-18.4534117877271,-18.3034194468887,-18.7364837379852,-19.7845059784998,-20.935620472767,-22.5433416770042,-24.6628259166921,-27.1767655560576,-29.2263720331735,-33.4906588200654,-36.7549108738364,-38.2375738020628,-41.4831106734721,-43.7371769561658,-55.3805508777496,-38.2726646023137,-43.0254315956378,-44.1690181613103,-44.8365415577036,-44.8018767606656,-43.9363183296476,-42.7951895854411,-40.9952380657703,-39.9961939764998,-38.8605894317048,-40.6866162762897,-42.8529878863499,-44.8961268966991,-50.0392219031531,-55.0094915116497,-46.0047128779316,-43.7429824275891,-41.0728516597938,-38.3158607144282,-36.1476578315182,-35.3462886781551,-35.2473281849445,-36.7466698752757,-39.0592498190142,-42.6544700775248,-44.1750167306859,-41.524654821722,-37.7742173212968,-34.5004765287874,-33.1345625787669,-33.2898192311907,-33.5410242771779,-34.1101906034561,-35.1826714839763,-35.7039577854491,-36.2386721444173,-38.0863127808473
-34.8801930408212,-33.7453044691432,-32.8325569471893,-31.9783537876482,-30.7024061488739,-32.4086480632599,-34.4928324782597,-38.4866346772718,-45.651700631053,-34.9039905543769,-28.2912681051634,-26.4090164576698,-22.9034206760771,-21.2788997299786,-19.9474128938038,-19.1969866256079,-18.636044098774,-18.5700562232925,-18.9221121582309,-19.725344737781,-20.738204396918,-22.314023900086,-24.4757259043218,-26.9110159986586,-29.1904734896987,-33.3816449910944,-37.7114321991137,-39.4655132990088,-45.028460927236,-44.3545537495692,-46.8194878573551,-38.8514531640751,-42.9902635772253,-46.0809362861782,-50.0193340229445,-55.8837517079963,-48.353552225319,-41.0060836632895,-39.6990097723897,-41.8351676246963,-40.9468291712074,-39.7896265431423,-40.51998748818,-43.5143753565756,-49.0046356420859,-51.8697937280484,-44.9022131523343,-41.7815803194467,-39.5846224753361,-38.1090904448325,-36.2623146107614,-35.3329489261773,-35.4311743765409,-37.2872457272559,-41.0891918436871,-48.3245515178255,-50.6315192479583,-43.7647311769497,-39.4743540794765,-36.4838845683808,-34.7880535724217,-34.1769156753108,-34.4393718176698,-35.5331889731764,-37.1869952376864,-37.6852563858444,-38.5843243709976,-41.3460971088098
-34.0851587284368,-33.5067529504241,-32.9919958602144,-32.5092049818239,-31.1960691375579,-32.47184752551,-32.7622923901462,-35.057504664517,-33.9538586262679,-31.1253284738563,-27.2105386063531,-25.7466364696224,-22.8880449816321,-21.4836418292736,-20.2570733734451,-19.5033630799415,-18.9690922865061,-19.0456460886777,-19.3355869723362,-19.8774357488382,-20.9075709416058,-22.4566288798803,-24.5206060715879,-26.7423498632151,-29.0423719773234,-32.9753976784831,-38.5575858245046,-42.4884480450479,-55.0022038413019,-43.6602152541622,-40.52867228826,-39.9827940704418,-42.0072140664369,-45.5068803024724,-48.6385958117155,-48.7953839637993,-48.4226399216166,-40.77063034584,-39.5250204280612,-42.9769787475323,-42.5261845705151,-39.0011419611659,-38.9445666864024,-41.8759058387738,-45.8883313093379,-45.9808693145773,-42.8164000196956,-39.607632463609,-37.9668291773359,-37.5880078946885,-36.3979437772288,-35.5162691411882,-35.8777586848933,-37.3804781637846,-39.7820329122257,-40.9808007602347,-40.36653669161,-38.624413716375,-37.2778162625263,-37.0778940637842,-36.171942895064,-34.9295897573624,-35.3299320135776,-37.0184033850244,-39.5567505972711,-41.0521342216147,-43.737086247721,-47.382085257889
-33.8081455468211,-33.4695225015809,-33.2121023984866,-33.1559164226379,-32.4968933129346,-32.5953308803237,-31.6259187027923,-32.139143909434,-30.3557396936927,-28.3707034883187,-26.0927056254523,-24.7925911610349,-22.8497458290701,-21.707654136507,-20.6561791928854,-19.9189341852371,-19.5209954140389,-19.7094391971946,-19.9503746422523,-20.3245854475498,-21.4069100822685,-22.7845235269183,-24.4830992376616,-26.3536729845625,-28.6090257412633,-32.1889354700477,-38.1600643100061,-44.5422016360468,-45.7174128759514,-41.3849718233533,-37.1765090028059,-42.1427722150359,-40.1467910054373,-43.0868130235659,-43.331365739221,-42.0455863340171,-42.2150917032914,-41.3714698239274,-40.2791747890361,-42.5245775860005,-42.5171987450009,-39.1199541555692,-38.7746266675182,-40.7576433101933,-42.8979403104769,-42.6152647796956,-41.4686220387614,-38.5678973285977,-37.1318436761238,-37.1332551089929,-36.4870169803502,-35.8136741112205,-36.3170293911974,-36.8301322665996,-37.1907911813669,-37.0572947158828,-36.800509859051,-35.8686567039381,-35.1565570081714,-35.9874381456494,-36.3925675860678,-35.1735005239867,-35.5936183135365,-37.543992399137,-40.36552033164,-43.6464101154317,-50.4414125015026,-48.6539022545888
-34.2474248528277,-33.7211798537705,-33.4318682712721,-33.6715096854013,-34.2406910159488,-33.1144927969094,-31.8455709233873,-31.152680782391,-29.4054653614091,-27.3997088685241,-25.7958059066784,-24.1526042472229,-22.9853954200678,-22.0335226364592,-21.1905496336342,-20.5363409174853,-20.3633715153552,-20.5730957256862,-20.7898473802004,-21.1485970776321,-22.1632905280249,-23.1903819384292,-24.4057025921011,-25.9409616520142,-28.1856957180339,-31.1109707718649,-35.6931711903433,-38.0911613167588,-38.6288435363925,-38.8248613308093,-35.74995956681,-43.6131795387365,-38.6063891322141,-40.8590144761257,-40.4175450762814,-39.423810840621,-38.8506338306781,-41.0042442258535,-41.158418056979,-40.8264006308505,-41.3460538592148,-40.2168577052057,-39.9916873891619,-40.355016932225,-40.9014358277002,-40.8581396682938,-40.8331330357441,-38.4371322521849,-37.1445548622124,-36.9275413013694,-36.4657398351801,-36.0467093969748,-36.3451701666072,-35.8209313572602,-35.2365515079186,-35.0717945534969,-35.1491779206601,-34.6568446961156,-34.0600524037512,-34.5729655863233,-35.4193180457861,-34.8058588089581,-34.9668391462976,-36.5867104484746,-38.5366060225398,-40.6426446787713,-42.1268953881565,-42.5128459964771
-35.3836877801248,-34.2951116041937,-33.6909615232078,-33.9481583754922,-35.6248078528287,-34.1775126483119,-33.6504870360927,-32.0296242624034,-30.3307035812755,-27.849565986924,-26.3462759720711,-24.0169963422939,-23.3457214952769,-22.4851395202181,-21.8934041366328,-21.4601625354236,-21.5823348777919,-21.7377613281909,-21.9998308229261,-22.4786081579325,-23.2046854821584,-23.8044588524496,-24.5979571165215,-25.82376558845,-27.9345948659631,-29.7788927309019,-32.7428226270371,-33.5438016325888,-35.2235007979265,-37.0273309465571,-35.9051123013041,-40.9115361763231,-37.9352919501919,-39.1816992970536,-38.881144636579,-38.5299784406888,-37.4470225190812,-39.5639064292857,-41.2344789247296,-39.034617336683,-39.772844675337,-42.0124077433163,-42.3393290466888,-40.8688745715552,-40.3181688064921,-40.6117780572076,-40.9043963286431,-38.7248855042163,-37.6762672694585,-37.0239341685558,-36.4384987717348,-36.1389768447192,-35.8974583135947,-34.8757094245402,-34.1551475849229,-34.1706315743357,-34.4088543306947,-34.2828416540719,-33.7856434295821,-33.5677583659439,-34.1325845063179,-34.3477655605669,-34.2788511759431,-35.2768365699013,-36.4312749492425,-37.4807418684365,-37.9417930831617,-39.3862989569251
-36.7604437288028,-35.0806981233319,-34.0811935913686,-34.0775735032265,-35.8463224294166,-35.7559465930882,-37.6284324597689,-35.2370279946101,-33.0998177755326,-29.3743976125439,-27.464128615918,-24.3126276160947,-23.8527176893549,-23.0289014811455,-22.7622519096915,-22.7646236377999,-23.2712054715901,-23.4422877123032,-23.9203215163898,-24.5869547826313,-24.7757507856578,-24.9131864856659,-25.2822632446437,-26.0907632753316,-27.7853490295482,-28.4952014829011,-30.5507078296098,-31.2531497996656,-33.7985810586661,-36.3016936811567,-37.5202482149506,-38.0330954441024,-38.1833801619061,-38.1297354342514,-38.1265422830614,-38.4200991211806,-37.3487402243165,-38.4547766492549,-40.4095309526156,-38.0026617355856,-38.8621775552366,-44.0876387589508,-45.0393502259004,-42.7575354218728,-41.645466713459,-42.0227109314661,-41.7446352384061,-39.2453675448075,-38.330494254692,-37.3239585781067,-36.5834347004779,-36.2496537046561,-35.4048958245936,-34.4203645273406,-33.8934002022095,-34.0319498170342,-34.2399971023388,-34.4093963564421,-34.1739621081149,-33.2888073719125,-33.3930947249817,-34.3554567921341,-34.3135179384209,-34.6078450529411,-35.2015101258637,-35.856642228915,-36.1919451399185,-37.9860677297544
-37.3790028933521,-35.7681949131556,-34.6381311720339,-34.277088328198,-35.1996887346696,-37.5796164926662,-45.0675053994373,-43.1611281841337,-37.0105525224902,-31.0572250288974,-28.5621342172595,-24.7962064992581,-24.3399105360208,-23.5678210260249,-23.6811412216241,-24.3508192929468,-25.4084929889159,-26.105428939041,-27.3040996746195,-28.1700673694537,-27.3629996813495,-26.6938611340622,-26.3790069634207,-26.55814525654,-27.5814345292842,-27.6233853774243,-29.3587028332312,-30.5964917464107,-33.848326315747,-36.6754551184003,-40.5585211860926,-36.7986483564632,-39.2390016533673,-37.8749769780279,-37.9676626460056,-38.5057572839479,-38.1183206401139,-37.8746037343238,-39.0803501530633,-38.0322297184957,-39.3147400294381,-45.4323804434028,-46.8707793423838,-47.194794152542,-46.3140561162759,-45.6394475078138,-43.3552412852938,-40.3270948686872,-39.1712279899833,-37.800620130214,-37.0745576696086,-36.6436049706323,-35.3524954777139,-34.6460050071923,-34.3835895526822,-34.5076801616051,-34.5667019356931,-34.9624172472169,-35.2134486885416,-34.0676093878176,-33.7641572477377,-35.0960402527058,-35.3143358502178,-34.8882949232123,-34.9532647440276,-35.4557620052326,-35.8339263757635,-37.5484893831556
-36.8774989418896,-35.9942787809205,-35.2424287228351,-34.6976963948688,-34.6128443077536,-38.4807115090747,-41.9439943780858,-42.9979805064142,-36.3545500906854,-31.2017838575105,-28.8880323374265,-25.1625503717856,-24.6079445542272,-23.9292727047448,-24.3115960391781,-25.5781673331762,-27.259410813691,-30.0346906894625,-34.6218557377934,-35.8745236862606,-31.2253655920761,-28.5805703842007,-27.320580786944,-26.8227647540969,-27.1901191972441,-27.3168644760104,-29.1014581460582,-31.1804542154958,-35.0434240139604,-38.0696492575597,-44.7231165505947,-37.2292180853206,-40.9240527509041,-38.6487807692234,-38.5171517319846,-38.7188322590909,-39.3443633687047,-37.5208593896953,-37.7969081080521,-39.0200263925898,-40.831994254719,-44.1394017232412,-47.5899647795511,-56.2798299630312,-63.218262003775,-52.7834898421378,-45.3998578294893,-42.4800855838747,-40.8601684466531,-38.8944864496726,-38.2091281264015,-37.5459705602376,-36.0053544618774,-35.5452718264448,-35.5250785587463,-35.4929109068504,-35.4353054588836,-36.1019464011511,-37.065103995844,-36.3993040518086,-35.7509339502329,-36.6852228959908,-37.1331411211398,-36.1184847209301,-35.5960058927623,-35.9393298849066,-36.3600932303558,-37.5852628840719
-36.015382975827,-35.6723678837002,-35.6059057041523,-35.235395527434,-34.6673428200842,-37.3769252569144,-36.8839976459158,-36.0015203505523,-33.313032199194,-30.1052707112061,-28.3184944825106,-25.2548364616107,-24.5130878293407,-23.912798930827,-24.2076002589548,-25.3183832866746,-26.8913647223794,-30.8874938646037,-36.3420389544379,-37.2856570274597,-31.4062831727117,-28.4492853111153,-27.1719395830111,-26.4796694219213,-26.6041979334713,-27.4992768706787,-29.5196661592452,-32.3769398831674,-36.7694338965803,-40.3642995878583,-47.9617577005217,-39.4307964009819,-43.0588984369975,-40.7606641015972,-40.1054822720239,-39.4844162469337,-40.6726870237604,-37.6517068635173,-37.1744470486624,-40.347107341616,-40.8123704171913,-41.4252085644894,-47.0694348824832,-47.7132852223341,-45.9855561878558,-50.1692969343525,-46.3901845944936,-46.0348293079987,-44.4232830914994,-41.654691620808,-40.515857987351,-39.0638203579905,-37.3282486933724,-36.9041845053486,-37.111556114363,-36.851536353102,-36.8976458076313,-38.1162785442963,-40.2014885005091,-41.4400204057882,-40.3766153047013,-39.217413884311,-39.18085734194,-38.0308930392728,-36.9464145456515,-36.9630605172125,-37.3733897282124,-37.7159630732787
-35.26996932998,-34.9952855808657,-35.4275111277508,-35.499513350074,-35.429618612748,-35.8213597188104,-35.1882935758293,-33.6925467246135,-31.9790267991813,-29.3694870821941,-27.4841400273051,-25.1456883037398,-24.0417655314383,-23.4235911386866,-23.3042363951978,-23.6701628600182,-24.5277047044285,-26.192210368116,-27.0807295060387,-27.7391166146316,-26.7352663194102,-26.1267201616259,-25.7632575052866,-25.5153570099924,-25.9426599816134,-27.8463900294738,-29.9610386316122,-33.0153891622251,-37.9707862435271,-43.5448804571947,-48.1040206833536,-44.0362082135994,-45.5700649958239,-44.7812081201624,-43.4037342156487,-41.4797886800177,-41.969585587734,-38.9904049343191,-37.6156108940221,-40.9153421784108,-38.6513016530385,-39.1930522604231,-44.3657427249483,-42.3029309897457,-41.0379201054963,-44.0635015991509,-45.3002254805612,-49.3813369570837,-50.9868344993193,-48.8573124014297,-44.406184611157,-40.8360580613095,-38.7891011989602,-38.3408083370354,-38.763766874543,-38.3674816923592,-38.8286925605051,-40.9350941428166,-45.7592967002579,-56.2480687305566,-51.9504182089742,-42.6117081610763,-40.5727873061831,-39.7960881249003,-38.5841832728448,-38.1501274557076,-38.5244876253756,-37.8477154950938
-34.6292842443803,-34.1768478554289,-34.6837782628078,-35.1847953770499,-36.244778862237,-35.1492079876608,-36.0404491756574,-34.0958948556975,-32.4744261835025,-29.5541424337291,-26.9140918023125,-24.9553277728881,-23.2949333180354,-22.5374186267859,-21.9705540321843,-21.7159031879966,-22.0240534774559,-22.381117625998,-22.6621552611153,-23.1939264647388,-23.1898905788805,-23.6320502019905,-23.8803047323189,-24.3040534937371,-25.2877392266513,-27.8147373744112,-29.653163916289,-32.64379066079,-38.1060050091399,-46.2925343896161,-47.7667710563214,-53.2937409128647,-48.296091423244,-52.3184360375323,-50.6534077841296,-46.1307718105004,-43.2900977699314,-41.7710232961085,-39.1716445868484,-40.2396138670495,-37.1067548636864,-37.6805757098694,-40.5688863129355,-39.4199529711491,-39.0086512044599,-40.6254608897515,-43.7251919248675,-47.2627668890243,-48.5670542773135,-50.8830058171925,-45.7144090941764,-41.5013713278047,-39.6188179051021,-39.6274158200419,-40.0033290974204,-39.7643951915369,-40.6624948770366,-42.3366218307424,-48.851790870124,-46.9931079238663,-45.7134662365541,-45.2133637724809,-40.9732173172526,-40.2546752180268,-39.73835001918,-39.1887100521189,-39.6454885535508,-38.3830933692929
-33.9872425156055,-33.4026350365554,-33.7134263008485,-34.4993105844538,-35.9926811787615,-35.5146126414505,-39.6961905325698,-37.7106157065316,-34.7215995633963,-30.454765099678,-26.6652213880366,-24.6806253049252,-22.4078441054134,-21.4178186524686,-20.5444438214158,-19.9691606382277,-19.9433090235466,-19.7831191786814,-19.9768863478421,-20.3825782797435,-20.8324401133405,-21.5819157972554,-22.163365734771,-23.2030053311392,-24.6185403635324,-27.1681378269262,-28.8312731347254,-32.1530251416685,-37.3159467069137,-43.1944554715504,-47.8227348794381,-51.2164104482985,-49.5005341071442,-58.3709323359152,-58.6722176686673,-61.0163099070681,-44.2138302559441,-42.2482832975934,-40.834619191281,-38.7303990110018,-36.6417655222699,-36.6981095715708,-37.2991677469282,-37.6181372708873,-38.0797686535627,-38.4125308780322,-42.0211755010294,-43.5541804370777,-43.3081944057132,-42.2502200834721,-42.1146414083162,-40.7326410755925,-40.1307901150231,-40.8843398751617,-40.6083714062029,-40.8643237762541,-41.7123945030106,-40.8944407765562,-42.6811531562293,-41.9138759093406,-40.6044206607327,-43.8922971796855,-40.6117377101102,-39.4509459348277,-39.8546060159333,-39.8728125649381,-40.8668068031091,-40.0989610389102
-33.3564643416349,-32.8707073351314,-32.9601197844184,-33.889520103928,-34.9355312739279,-36.3724942191578,-42.1051939930059,-48.1931792462806,-36.9216199307598,-30.9079171289341,-26.3104472217595,-24.1853232644998,-21.4908691174553,-20.2347386533797,-19.1945901670405,-18.5090590422472,-18.2693960324134,-17.9690559089521,-18.1741888652587,-18.4955546574436,-19.1939211907395,-19.9837897498161,-20.8789637477152,-22.3734329348797,-23.972090548952,-26.4057500584903,-28.3459053322303,-32.0752202754791,-35.9131674769941,-38.9994077025569,-46.4719558966999,-44.7185156601135,-47.1892870817399,-50.0721175706261,-46.9626810807005,-46.7178923323811,-43.2729757925059,-39.0561903403247,-40.2449143063134,-37.039420332233,-36.5136714870542,-36.1288635860013,-35.0784391324662,-36.3482180024424,-37.3098358680272,-36.8390190772592,-39.5223031764717,-40.6535396742904,-40.5069985837175,-39.1437503313129,-39.9215721118081,-40.2208598140036,-41.3190455507917,-42.0776374332013,-40.9644029484924,-41.7976521325922,-42.2739967558286,-39.8440836304409,-39.4476544091,-40.2808302199786,-39.0492596838408,-40.9303197412721,-39.6653968842106,-38.2555752551708,-39.1659232678066,-39.9315862486749,-42.18434597418,-44.0869269616538
-32.9213277398502,-32.7742612424808,-32.7482724880921,-33.6592082566589,-34.1814709236509,-36.6960576317607,-37.107198614243,-38.2797757604852,-34.3163049829569,-29.6659764197389,-25.3759564228474,-23.3594842471736,-20.6187942898747,-19.1358534733374,-18.0105022291707,-17.3091936294839,-16.9161094131514,-16.6591974727787,-16.8751771635525,-17.1875247428535,-17.9845357528237,-18.8169355012664,-20.0804551753936,-21.8404425032114,-23.5604613866212,-26.1713422653911,-28.6534922267144,-32.4263313354592,-34.7636724917981,-36.5315466121353,-43.3308689423995,-40.6083633884404,-44.0103677861437,-45.3393510117102,-43.0977487337445,-41.1873076172238,-40.8736269478558,-37.1455145477754,-38.3511765791605,-35.8458949646784,-36.0858514045696,-35.9038597896172,-33.9672441338658,-35.3942078164669,-36.3264816079697,-35.6812104610472,-36.7745287066412,-38.392651912817,-38.7606550471326,-38.1718704474813,-39.3465694269097,-40.7781503299391,-43.1475323103039,-42.890788454703,-41.9318441864039,-43.0395371945283,-43.0016681576622,-40.3542433492189,-38.3926613787486,-39.5408706176951,-38.945618342861,-38.3702236904909,-38.3240027545832,-37.1992384630884,-38.06657808508,-39.1513380332229,-42.0964217322504,-47.1311161365228
-32.9943679802345,-33.2868140536309,-33.2606033801562,-33.9350111664431,-34.1681094690208,-36.2416162837392,-34.1993942757103,-32.9859073315179,-31.0588002946116,-27.8289403806241,-24.1276268929276,-22.3326266787653,-19.8456698274395,-18.2222053784255,-17.0462691938229,-16.3340198324436,-15.8219735229203,-15.6725526935628,-15.8712930166447,-16.2558156199467,-17.062545848992,-18.0674394056891,-19.6870290039083,-21.5843283028444,-23.6404236339355,-26.7953622238507,-29.8437970490596,-33.383885844037,-34.6590314950131,-35.6498393419759,-40.3165508636778,-37.6758396292701,-41.5231120479302,-41.9949575359242,-41.3051309115777,-39.0085948507433,-38.9585781467896,-37.1710604647427,-37.2074854073496,-35.5988990862442,-35.7423907962024,-35.8671532918321,-33.9161632600527,-34.7229291422908,-35.2571526426112,-34.9013944960172,-34.675635546523,-36.5001684260207,-37.357535178663,-38.0036280071299,-39.2785911343862,-41.6443354543729,-43.4714183546463,-43.7747352855475,-44.7384918342708,-45.3164117080901,-43.7163569336961,-41.9107937320811,-38.8318997401774,-38.9262378463414,-39.2911556614348,-36.6406686095498,-36.92237549549,-36.5241651479498,-36.8720928579247,-37.8368162091691,-39.4846910402388,-41.0545199181873
-33.9640702636366,-34.5904659866294,-34.5912582605673,-34.7135234127426,-34.8474701483462,-35.7471512872768,-33.5975020373616,-31.2383943141422,-29.4797246107387,-26.6903940846706,-23.2177175808063,-21.4171831775302,-19.2162625458882,-17.5287704042135,-16.3140398326572,-15.5492299698176,-14.9507294422223,-14.8875088240887,-15.0520228343022,-15.5597761894202,-16.3776640352246,-17.6686131896799,-19.5201043518978,-21.5775035056061,-24.3031099270093,-28.2137511161583,-31.858132478629,-35.6584567626073,-36.0617917306766,-36.1631620193902,-38.2027256948313,-36.0356321691917,-39.9004631439197,-39.8596564549044,-40.4676518845801,-38.7098309397777,-38.3039057146596,-38.999463279417,-37.3446176456297,-36.5525971869226,-36.200189910857,-35.8888193743285,-34.812632781442,-34.417493016801,-34.3346946742273,-34.480170048998,-33.5191199546622,-34.8961916485218,-36.0700420350598,-37.5122964393208,-38.4759091538297,-40.8249235060498,-42.0654454799456,-46.0925379667289,-53.0940207166835,-49.2827332644376,-43.7231050911077,-42.4433087055717,-40.1988755734101,-38.6397921247429,-39.2321888098752,-35.9331793733673,-35.8994829482393,-36.2988736478885,-35.9458554372046,-36.5615743311665,-36.6278260629093,-36.9181019709368
-36.3866070663975,-36.9359027763838,-36.7630817848903,-35.879600090575,-35.9384444495041,-35.5754353918767,-34.8188098103895,-31.8759826046101,-29.6385580796971,-26.6211101233808,-22.9895218035031,-20.8536255283563,-18.7582601804793,-17.0265056354481,-15.7769584569319,-14.9173206215715,-14.2748362678912,-14.2293931028501,-14.3731509131627,-15.0014704521119,-15.9012180052325,-17.4630812911843,-19.3758308422683,-21.7411119427787,-25.2450766016617,-29.6688699139777,-34.5326737085209,-41.0613976927369,-39.3795461390426,-38.0007865309925,-37.1291932362502,-35.8761294501491,-39.1433420777828,-38.9139963700342,-40.1917941936067,-39.8255367091205,-39.1206694045676,-42.5737274938156,-39.028810715414,-38.9671413986331,-37.9119371789874,-36.1554178850524,-36.3739290611311,-34.6006109515787,-33.7534110741373,-34.2882078367786,-33.2550493346028,-33.7204506729511,-34.9887112177604,-36.4519413886371,-37.1447417908648,-38.9297802142806,-41.3053162457626,-49.8389315169058,-53.1374603125217,-50.1036930875767,-43.1540128972524,-41.4730477888635,-41.6480807476569,-39.0860894168128,-38.6432756179183,-36.3644530839753,-35.6466418600384,-36.4417434446959,-35.557475612326,-35.6598091099784,-34.7318174989993,-34.6745075100172
-41.6438897997429,-40.6405558740547,-39.4904224043599,-37.2048230836011,-36.9502119985574,-35.6629105045481,-37.6544739017072,-35.2735700140415,-31.7232495666576,-27.5833491918475,-23.3751477267351,-20.6597823712292,-18.4586784565565,-16.6460417916085,-15.3607419562633,-14.3971240151415,-13.7613412958751,-13.6650228753108,-13.8250992209009,-14.5235621004065,-15.5719050310205,-17.2375782496556,-19.1406078037388,-21.868514034097,-25.6624047180116,-29.9698222581108,-36.7578727908056,-64.1342681221749,-44.6042245535592,-41.1768991188045,-37.2397009023926,-37.4957913634415,-39.2975739137234,-39.084299927955,-40.3802606753744,-41.9474783531984,-41.5140667111944,-47.5959582522709,-42.9842694297672,-43.3660625294069,-41.4194068918621,-37.110775879456,-37.9405717696838,-35.3036067293305,-33.6889224563601,-34.1475096330957,-33.6879353289714,-33.1727949936268,-34.2957436618848,-35.4589201097534,-36.2294889279628,-37.671762901001,-41.3865092957981,-45.689750747361,-43.9852368023097,-45.4154464574017,-42.8075409799329,-41.2520610598175,-42.7470169569141,-40.5797204182176,-38.4084540476466,-37.955982192768,-36.4416988245231,-36.7959952517586,-35.7443257378246,-35.1771021853774,-33.8545586247829,-33.5316769155039
-64.0637785200398,-44.4550385201553,-41.0702850700324,-38.2403913142628,-37.3513658042251,-35.9604587219855,-40.9946045202127,-45.5923141458589,-35.8255672891065,-28.901959396712,-23.8499907753268,-20.5988999994371,-18.2443481712533,-16.3140922292422,-14.9848177489176,-13.9498587519804,-13.3668073515032,-13.1898770778528,-13.4026002139417,-14.1049033380606,-15.2885717184168,-16.8614296306805,-18.8293662710766,-21.6914121715145,-25.1501629288502,-29.3125162245173,-35.723661982113,-41.8645588904067,-46.7026655708904,-45.5954375030318,-38.8618436249665,-41.7596045991779,-40.5179781247217,-40.3360530542761,-41.0326194717006,-44.2461417160802,-44.8707613170921,-51.8283810140364,-52.52886582547,-50.109064026034,-48.3637715387033,-39.0612759366944,-38.724121287506,-36.2795232753845,-34.2711801331283,-34.0738640299025,-34.5222722912958,-33.3786808926836,-34.1193900115443,-34.9928144723391,-36.0558292620709,-37.2990453133977,-40.7071189398422,-40.7330944294846,-40.7174283452169,-42.4570303988559,-43.231179514237,-42.8304519443881,-44.376453915858,-43.6522961869357,-39.5307834399732,-40.3974476413478,-38.4663028315366,-37.2878193044397,-36.2737172841781,-35.0203889607387,-33.7992195295972,-33.0985492786122
-43.4125175217707,-42.4259006418683,-39.6834868596824,-38.3114605495687,-37.1050540088178,-36.5065930847901,-40.3468953957382,-42.7680328956731,-35.9690340223361,-28.7893249770728,-23.6786661715335,-20.320738019852,-17.9987258426587,-15.9841070966469,-14.600114673692,-13.5490147114101,-13.0427197510296,-12.808352774349,-13.0862261404286,-13.7474150843055,-14.9631183220646,-16.3954627856269,-18.4994187694793,-21.1763046959782,-24.356060359898,-28.4616169798088,-33.1084842132072,-37.9906134442795,-45.2005381473666,-49.6687494783382,-42.7701936083723,-53.3220640690391,-43.2129182446851,-42.8088073984089,-42.0996851100015,-45.3597733352262,-45.6181749546963,-50.2514510520316,-53.9705589239561,-48.9138832916282,-49.3251532143128,-41.3640577069013,-38.8046175934897,-36.9907540071313,-35.5345246962295,-34.3526676118659,-35.4381368587133,-34.3552564983942,-34.5016989442396,-35.1646400105097,-36.474648443878,-37.3996749042788,-38.7709111444609,-38.1690729716362,-39.6390114391681,-41.2431162163227,-44.6750258235452,-46.1569898918919,-47.8475857338202,-50.0779253777953,-43.0995627825061,-42.473410778022,-41.603489140455,-38.0259862368988,-36.7972536221152,-35.153957204914,-34.3071622562844,-33.2532011443148
-37.9214790747762,-38.8387537835868,-37.5052685765039,-37.4701847852284,-36.7545617529249,-37.275144234349,-37.5161998490196,-35.4186441291668,-31.7770708032084,-27.1179014692398,-22.8820134069049,-19.7350369796961,-17.6350338925428,-15.642391944922,-14.2065257245531,-13.1873820137039,-12.7486618751532,-12.5177275044616,-12.8412439644079,-13.4594233584852,-14.592868563483,-16.0037977473309,-18.1843678178873,-20.611465135671,-23.8408645088205,-27.5222936071867,-31.3930515501225,-37.3616558317973,-44.4435799616909,-50.4706491935464,-50.5926448594029,-50.3983770121091,-48.4608861737243,-46.8186944732776,-43.4115979198044,-44.3931608658565,-43.6849271259992,-46.0204319898925,-46.1471043989409,-44.7349465660566,-42.316854947081,-41.6836221654665,-38.8750087012847,-37.2986195656142,-37.3703352523728,-35.3448370541313,-36.2774871496381,-35.9991977513211,-35.4226422335462,-35.9067863463883,-37.126471199984,-37.5192718358375,-37.1594111436484,-37.3745498131966,-39.7285045163214,-41.0676770929695,-46.392502178859,-47.5996099517661,-52.2385374473227,-59.0605079205584,-49.9666771554562,-43.1331025580195,-44.186594177331,-39.1825036255298,-37.3248180402295,-35.7582595968356,-35.2048107728631,-34.0739829695566
-35.3532137605473,-36.4437717695744,-36.0530181180515,-36.6993692093601,-36.902861822661,-38.2556686133954,-36.0753227941574,-33.1137738687723,-29.5052708397877,-25.6286643868078,-22.1102940953094,-19.1000396163259,-17.1703331728139,-15.2943793674895,-13.8362720975874,-12.8746616144662,-12.4660282573422,-12.3026264716627,-12.631866281635,-13.2437132884223,-14.263726085967,-15.7935074073087,-17.9208146847447,-20.3033536141999,-23.66116126688,-26.7061779565827,-30.8737415166848,-37.5323129135317,-42.6709845366143,-50.1244222599905,-48.8749485747463,-44.9089906422448,-52.8751017624252,-49.0325004487957,-44.5135218105368,-42.2776244456926,-42.1186707183705,-42.7010998618494,-43.3040243938402,-42.6650454280866,-39.2656889060877,-40.5214038103405,-39.3411166536642,-37.8735747578159,-39.5180899614424,-37.3716581972149,-37.2030361811943,-38.0644198102833,-36.856196958838,-37.021647106939,-37.6753013201716,-37.62184623144,-36.6936838838038,-38.0482772559746,-40.2771783200183,-41.2213390176017,-45.4248681837985,-45.3423049565451,-48.2766508144639,-48.3940113846554,-45.5894439546555,-43.4145944609022,-43.8209544667273,-40.7661125733678,-38.3996846879184,-37.2598406419674,-36.6483288886748,-35.7756937848575
-34.0157606882492,-34.9899293040248,-35.4809131718238,-36.6525578578724,-38.0050941415008,-39.6981343493943,-36.7736280375235,-33.0180910830531,-28.9513193455661,-24.9214458203854,-21.6906296675127,-18.6612378131696,-16.7068017998617,-14.9543793371785,-13.5235015292968,-12.6267075210697,-12.203204653868,-12.1390749977474,-12.4403586087444,-13.0937030972303,-14.0714623517252,-15.7514104768384,-17.7779837266031,-20.3643699192522,-23.7185634516814,-26.5163170037701,-31.3277130901403,-36.947068063419,-40.3661800597476,-47.5077010535124,-44.5448860122193,-44.8065436006881,-45.9969782487105,-44.6662502821851,-44.4136039662073,-40.5492283340209,-41.1170687492132,-40.5657910480956,-41.4211784698428,-41.7008716203234,-38.4815245060072,-40.0217441107258,-40.2721583466776,-39.4629897666073,-41.7309191741726,-40.8083867775436,-38.7049130275486,-40.2146741576435,-38.8130428786056,-38.2539643686316,-38.0549895894264,-37.9741743439531,-37.5470187120367,-40.0492886095572,-40.9651080164568,-41.4682413114318,-42.9715733776219,-44.1141533505962,-44.3348992328559,-44.7838230504361,-41.30189163227,-43.9528256318639,-42.421009562511,-42.503821766447,-40.7911940676064,-40.4644345594059,-39.3059613949671,-38.7110069123212
-33.4876954077663,-34.2584461293027,-35.5905583256027,-37.2075313036325,-40.2524064836757,-41.8716260655442,-40.9803841433073,-34.3762273566578,-29.3175720408553,-24.7637376757703,-21.5270880146458,-18.4488955702827,-16.3455397844314,-14.6488795240284,-13.2883327817018,-12.4548171259953,-11.9882054005271,-12.0048358641069,-12.2751214028792,-12.9958691419569,-14.0424451532069,-15.7763293661298,-17.8118542105677,-20.6934673537336,-24.0264443878386,-27.3139702685522,-32.5402473822822,-36.7256758634303,-39.0182553309911,-42.7267773841595,-43.2981870279967,-46.6851631472809,-41.8850882835798,-41.1803861823496,-42.8438580199186,-39.8753721486691,-40.6561526346136,-39.50726699157,-40.077424427493,-41.2544894000838,-39.4356973690819,-40.4042052654349,-41.5521024127752,-42.45240159743,-44.032009791939,-46.4792653520383,-41.6747590031629,-42.2774488542017,-41.1390933071586,-39.4992440007935,-38.4236243493164,-38.7109178244604,-39.8020881428382,-42.8478579658318,-42.2159344882503,-42.5186303485435,-41.9512069525669,-44.499026686002,-42.5921129393066,-43.1366731083605,-39.9279131253457,-44.0080872926928,-41.1789706324446,-43.965657587995,-45.4304294653787,-48.1221772615369,-44.8343796668261,-43.0443388039529
-33.726987658254,-34.198751564155,-36.0319578919825,-37.4379493990472,-41.8594281379645,-43.4249620560448,-54.6300323696566,-35.4736313325665,-29.3396831261732,-24.6050625235372,-21.3848690931031,-18.356873466773,-16.1337780395592,-14.4213343416196,-13.1417012907971,-12.362108711427,-11.8533968530562,-11.8919186361183,-12.1602530618069,-12.934815965651,-14.1081197486764,-15.7647511860147,-17.9757093065733,-21.0239609272541,-24.6235804309319,-28.9505902670572,-34.6581303146079,-38.7533789210202,-38.8487566375837,-38.9538996671176,-42.239283451354,-44.7367109339437,-39.6902455854192,-39.380417440089,-41.0851711706969,-40.3838107158431,-41.0751460734452,-39.6605624080325,-39.8661747112477,-41.2345811752598,-41.764887456656,-41.1732394708349,-43.0006522752226,-45.9154478636028,-46.4117910637813,-58.360429819256,-48.4055987152019,-44.4291679947715,-42.675431140622,-40.6967996723877,-38.9258982376603,-39.7373984860987,-43.1742198705979,-44.1537005324903,-44.9246724951874,-45.9036754522919,-43.341564547917,-45.5371453493697,-42.4506018468888,-41.4670605427775,-40.0445135522618,-42.5614507436948,-39.9686321047522,-44.1567569360877,-48.0624521754431,-53.1240282201355,-49.9741498290647,-43.7834452488878
-34.8280846834476,-34.8710298949282,-36.476969467105,-36.7577189608306,-39.4280795824289,-41.4531562725576,-39.4465283776606,-33.6361170718292,-28.3072299707364,-24.1296084696192,-21.199344272642,-18.3204455051196,-16.0747700363707,-14.3248537504189,-13.0978200720629,-12.3469899434152,-11.8207490546428,-11.8134507889317,-12.1156633573925,-12.8983442373005,-14.1473080501154,-15.6883017502703,-18.0824091531634,-21.0773566569705,-25.1748579367716,-29.9512158087145,-37.7549596757669,-45.3131202813418,-39.4648735971993,-36.7133975160701,-39.8821534544376,-40.4175609343146,-38.5567211541108,-38.7557162214934,-40.0240346028162,-42.036915169199,-42.6983699353951,-41.5231427540108,-41.4462568981951,-42.0585951466553,-44.3516835487079,-42.1711844739704,-44.3777297666196,-46.0663517635252,-47.4590139943592,-56.0788444085205,-52.3997008763128,-46.2769677728593,-42.0409896480326,-41.194128576559,-39.5937924289297,-40.7768233520154,-44.295300993831,-42.8467796894627,-49.390605786692,-57.231738638156,-48.4095438944815,-45.064640428952,-42.9640583068645,-39.3151036264923,-40.4241841609685,-39.8666201838002,-38.753018822849,-41.6683976329571,-42.2839631898687,-41.8606012790316,-41.3972461837503,-39.4034023812681
-36.9509819539015,-36.4226605966224,-36.9002870290199,-36.0323446190247,-36.4332936851019,-38.3785653223607,-34.4587237890072,-31.0952921847571,-27.1658609605301,-23.6765945526509,-21.1617498324548,-18.4203782679872,-16.168372696881,-14.4035925044103,-13.177760452155,-12.4084624788524,-11.8933210160387,-11.7973216416585,-12.1429463236787,-12.8814285266335,-14.0862382839317,-15.5876049380499,-17.9373248596514,-20.7856636375324,-24.8997397086761,-28.8041575995155,-36.9084112668298,-42.7770133518522,-39.8233162338184,-35.8410816803122,-37.5437825152632,-37.3206313706952,-38.0623551060047,-38.830573892214,-39.7279964119759,-44.5679297372052,-45.1299855804467,-46.5279748223598,-46.0887915722835,-44.4225894546627,-45.4018511132175,-43.7488207674514,-44.8969802806651,-44.3226230532667,-45.5162514365642,-49.1137990358393,-43.5405884560926,-45.1855991321944,-40.7475044784279,-40.4720906062977,-40.3661004580441,-41.2834587507037,-41.4811228845212,-41.2832825016017,-47.1634872446258,-47.8256559021869,-47.0963306963384,-42.5654566326902,-41.4954376269526,-37.3400458601057,-39.648470218684,-37.0591661430695,-37.5324213251055,-38.1669860407624,-38.2558998127052,-37.7311701527112,-37.1676195676883,-36.2915241960653
-40.3433088681966,-39.0363873829874,-37.4675775411074,-35.9742407509173,-34.7035037994148,-36.0152573942707,-32.6263764243497,-29.8318830337909,-26.8431822143161,-23.7986123457492,-21.5287527028581,-18.8138166848202,-16.4387047700036,-14.6720751888051,-13.3975482076994,-12.5475413381795,-12.054606837068,-11.8690818031576,-12.2256201221565,-12.8886069770445,-13.9682128618648,-15.5075379347035,-17.5757434073279,-20.307550471496,-23.7729708281077,-27.0629272466311,-32.4204571715938,-36.4363200851051,-38.8356427996633,-36.1566607408095,-36.1375061284376,-35.5496598377332,-37.9719998741662,-39.1339226729136,-39.7343664715928,-46.0197084149237,-45.411711714226,-58.4331136017037,-63.5912537394456,-47.8496211638916,-45.2333023716086,-45.0850818803076,-43.6623613764659,-42.9624356322415,-42.743213466152,-45.3254665548152,-40.3809721526372,-42.2232840302869,-40.2991926692534,-39.6217808629761,-41.1315418548261,-40.8836725785412,-39.0381369165139,-40.2204402007508,-41.8615198918719,-41.0578238975215,-40.1494478768263,-39.7223431482459,-38.0528320662268,-35.8905328342857,-37.3340795495742,-34.8359463601628,-36.2191329345303,-35.3853096751426,-35.819224538506,-35.6544332503981,-35.1599440063625,-34.7266536619994
-44.9092923442502,-42.1832475453795,-38.0262107615173,-36.3611696514845,-34.11814466609,-34.428713930036,-32.5842637378084,-30.2159072865988,-27.7671061381995,-24.8701754973975,-22.4578270202851,-19.5928428313265,-16.9163068646177,-15.0992992715286,-13.7469044395193,-12.7627066881961,-12.275250118479,-12.0360221940736,-12.3429471325314,-12.9338818752376,-13.9072055698882,-15.4668346226804,-17.2458073966572,-19.8575053578553,-22.7032210214484,-25.881846112198,-29.5883966455018,-33.8802575485131,-37.2685579198043,-37.4641067093094,-35.8069424182599,-35.0672266454521,-38.2007913795023,-39.3719351312733,-39.4682530098606,-43.5600444689734,-42.9028538483507,-46.6608260964152,-47.493527953453,-45.2172011579487,-44.3768339041323,-43.4209951652098,-41.5578547758018,-41.7271448549138,-40.6777237947296,-42.5023332986356,-39.8132122947319,-40.397434148131,-41.1260974240642,-39.8061025625849,-41.805407444386,-40.1832836376873,-37.7958029747293,-39.4528679353205,-38.5095665189053,-37.8118471664829,-36.5207530635135,-37.20912214525,-35.1264647006504,-34.8774356201634,-34.6449496510342,-33.3737615979044,-34.8045238839763,-33.6186327795726,-34.4010732926869,-34.7252809563807,-34.5075324469251,-34.4840258173498
-45.8526214719522,-42.2253228527802,-37.9841972546658,-36.3951207788123,-34.3676141186389,-33.596043839479,-33.8327808885197,-32.6139624454808,-30.3921768969238,-27.0740226949443,-23.9154604394511,-20.6588531138064,-17.5733485344181,-15.6040414386448,-14.1722150834239,-13.0427652159144,-12.5252506471409,-12.2824719692994,-12.4878266332855,-13.0373154398884,-13.9898836959656,-15.4822189053473,-17.1641844588342,-19.6094714651761,-22.2641859178171,-25.3537227341043,-28.5831603542608,-33.2543468622015,-36.3919800516045,-39.4664216515216,-36.6238979042986,-36.0624153799863,-38.8221454718793,-39.5950776567525,-39.0840031175,-40.3436115583658,-40.668330367726,-41.9956644183566,-41.5572815524891,-40.7586036591182,-42.6160705146744,-40.4262778574895,-39.6442418726589,-40.494938246267,-39.5022129638965,-40.6370089680221,-41.2047408602426,-40.5104305132829,-43.5468882688114,-41.6538245844829,-42.4332907310635,-39.9369057310143,-37.5521540360585,-38.7759076334408,-36.5241559735124,-36.0523602958743,-34.7578369336528,-35.1540184202964,-33.3201974345401,-34.0822294576144,-32.5605741278543,-32.6099436194974,-33.448577010575,-32.7585166474542,-33.7402589407404,-34.5890135235892,-34.8958657769133,-35.5739908605652
-42.2239855487521,-39.5443973203419,-37.2786609485102,-35.9490592144161,-35.1699313785855,-33.6004380160303,-35.9849386116962,-38.3720297482163,-35.7027329981906,-29.9444496510551,-25.4438049150582,-21.6156149159156,-18.249417046314,-16.0751251915345,-14.5830047985141,-13.3645769613039,-12.7872357791961,-12.5781343330307,-12.6748428236665,-13.2189649825482,-14.2250949964229,-15.5932439052565,-17.3841811866473,-19.6768068703855,-22.5194823077297,-25.458464569122,-29.1177330240763,-33.7373148438976,-36.7526884975449,-41.7505122497656,-38.8190845539737,-39.0657978693765,-40.0988176580698,-40.0725490729276,-39.2987323506778,-38.2993590801606,-39.3240858265543,-39.617975132527,-38.4867881974116,-38.0123122772006,-40.1643015700734,-38.0662202690256,-38.1282760841131,-39.2914724639832,-39.0726241782151,-39.8653134097331,-44.4525137495082,-43.2472724123715,-48.5683621289568,-45.9931088732431,-43.1408445133212,-40.1716165354184,-38.0491769721555,-38.1780705540215,-35.5585067464662,-35.1269065888051,-34.1899547527287,-33.6808732196034,-32.5440915520606,-33.3631771279485,-31.4171062520457,-32.3802959666061,-32.3768973387798,-32.6145905974691,-33.6100237560875,-34.9225899513013,-36.1443924653938,-38.2666235337568
-39.5583300240924,-37.7174688888547,-36.7397503319396,-35.874019339525,-36.3638750639675,-34.5485551966257,-38.215209645347,-48.3026657803214,-39.2866850337494,-30.71340676818,-26.0048244870671,-21.9434237551437,-18.6803837041242,-16.4261361546045,-14.8990742372525,-13.7019715148936,-13.0640500694755,-12.8946861640422,-12.9321145452741,-13.4925058520063,-14.5548709125792,-15.8462945492986,-17.8067655861624,-20.0790297443871,-23.2148040732049,-26.2570802046299,-30.8621004462221,-35.0384106551573,-38.5569706361275,-43.7988131380725,-42.8303353476587,-45.7034434357219,-42.6519280861268,-41.1930715479837,-40.522912092797,-37.5675529355061,-38.6175095094787,-37.7045841535057,-36.641323168455,-36.4083826400171,-37.4232535431686,-36.3440186750997,-36.955859919609,-37.9390943235406,-39.1107040362,-39.9990980872249,-47.2876759719085,-50.1310241744796,-60.6887882421228,-53.5319694937522,-43.7532001961309,-40.2588102302109,-39.0183862818715,-37.7884102719478,-35.4972491886237,-34.837629204722,-34.4478376304422,-32.9425286813541,-32.6221444436518,-32.7566807097609,-31.253696078954,-32.4777394553224,-31.7767840070684,-32.9443328340533,-33.7087912575852,-35.2585382308031,-37.8583851214635,-42.804988943357
-38.2069305035791,-37.3044504344007,-37.1446549975273,-36.8964705895272,-37.9567939976147,-36.4976076249697,-38.8149756996973,-38.364477376645,-33.3993130448916,-28.7644730540429,-25.2572884971019,-21.6262116911185,-18.7455156034788,-16.6531214606344,-15.1155720191925,-14.0429750550483,-13.3759548918467,-13.2223173911037,-13.2844831148616,-13.8613133188112,-14.9087812297184,-16.2530087160022,-18.2669971350539,-20.6883100987205,-23.8936133627487,-27.6234920388616,-32.891968219695,-37.6698951957951,-41.9194655148871,-44.5296880235333,-48.6818745217827,-55.8841691289673,-48.4441460933988,-43.4527004828664,-41.9452590897861,-37.9374616026884,-38.0090001007622,-35.8762267413992,-35.5071165419557,-35.3568578636423,-34.971494075033,-35.0433852337442,-36.0839766101106,-36.4781771737009,-39.1407989600362,-40.0672910995365,-44.5236253569735,-46.5970310067755,-51.2384050462575,-48.9815597996865,-43.5465110430159,-39.9094387786654,-40.2679596219908,-37.7907739143075,-36.3282289208675,-35.2538847913133,-35.2545225517324,-33.0840315206631,-33.3509409749627,-32.4517828552888,-31.9833545559552,-32.7182023756045,-31.7688817122863,-33.462179631756,-33.7866684901814,-35.2349578407079,-38.9079442011879,-43.8762408455765
-37.9280317958827,-38.3839630128294,-39.1064382982361,-39.5427073364834,-40.0188843432819,-39.317342742363,-37.7286449680974,-34.472673344783,-30.1727170962073,-27.0602317571331,-24.195628235653,-21.1596386243991,-18.6483121188915,-16.8361505507083,-15.3160768027167,-14.4010913316561,-13.749484451193,-13.5773862027526,-13.7398656024965,-14.3188208307463,-15.2707119502428,-16.7659776744751,-18.6742913018426,-21.2430425507718,-24.2326464799091,-28.6738122907071,-33.5308559937965,-42.7467352766703,-47.3487081560356,-43.345431590431,-52.0121333942994,-47.8397777870087,-57.0769294027692,-45.7652052419153,-40.8803723604184,-38.571648755792,-36.8190067894569,-34.4034267464424,-34.6403695549603,-34.449715887755,-33.2511968223207,-34.1141584808164,-35.4175730158728,-35.302802553936,-38.5951828615015,-38.9342375905294,-41.4492149544116,-41.2322178213697,-45.6433545689943,-44.3645032280038,-42.4315192677227,-39.8519863801761,-41.7858581160036,-38.4041267420254,-38.1070114047669,-36.5945169040311,-36.4060398549767,-34.2354606343685,-34.4949861414082,-32.6905689651795,-33.3952644477883,-33.03264180559,-32.4098037631416,-33.9322562606488,-33.8901089018527,-35.0317630364807,-38.3404725045901,-39.733171373928
-38.4960759137455,-41.3156149736472,-43.8628691553389,-44.9790464500756,-42.5827570834727,-42.1861399693484,-36.7488180178175,-32.8333604606882,-28.9194023836759,-26.3434772004226,-23.579577487164,-20.9415029721059,-18.707274414656,-17.084570767752,-15.613354158269,-14.80885727678,-14.2053559339612,-13.9964900486212,-14.2848553875415,-14.8532904087591,-15.6996490872335,-17.3062760309691,-19.0897672571496,-21.5737150130798,-24.3549819246434,-28.3871406930715,-32.7047348969426,-41.7543859497882,-59.9818820318121,-41.7238046029942,-50.2510878536768,-46.412601469113,-43.9759254399627,-42.4620917967184,-38.1326673290558,-37.7581279031033,-35.0551992631777,-33.4596298264983,-33.6497393577809,-33.5221535575983,-32.3888065113514,-33.5771029191021,-34.7847043927027,-34.7535237602898,-37.4703988077295,-37.4216803902036,-39.9015660896383,-39.3305158092428,-42.9889495648493,-42.1891640798437,-41.4759226987136,-40.9093342633662,-43.559505905449,-39.9432281702825,-41.0123352208058,-39.2002546659176,-37.8667637984486,-36.484436127154,-35.8430259143727,-33.6893144964738,-35.0975630228784,-33.5221374546458,-33.691054504548,-34.3250539960137,-34.3063809992414,-35.112637975263,-37.154807658886,-37.2406327387648
-39.3003793989924,-46.1202455438709,-58.1846203851269,-59.2851580584854,-45.2836947516806,-43.0746046509613,-36.5511081878077,-32.2209870804795,-28.9325748653448,-26.57317493176,-23.6416298826163,-21.1189877425843,-19.1082725466668,-17.4824564011652,-16.0810889209197,-15.2993161287038,-14.7521584265322,-14.520173905991,-14.8913931606299,-15.4549966690016,-16.2804073836303,-17.8408305275031,-19.6439119998556,-21.847251304333,-24.572851084796,-27.6701127508526,-31.5920152975123,-36.1963275473789,-46.0361649320241,-40.5664491067237,-43.8981930765828,-43.5159493638458,-38.8678737036019,-38.0050994161804,-35.9021239463833,-35.5932862294393,-33.408817084365,-32.991799224811,-32.5832447660307,-32.6515060357785,-32.2706507658986,-33.4176483893569,-34.1413655304342,-34.9376402952412,-36.451070070653,-36.7929324537782,-39.6236919855812,-39.5550643791662,-41.7684218789494,-41.4295392680553,-41.4907702634991,-43.610244677544,-45.1580608933049,-43.041372387143,-45.6168338193442,-43.6476600580196,-39.8240133697772,-39.621665041368,-37.3189833639271,-35.5902884043358,-36.6043761011373,-34.4244511093409,-35.5248901400865,-34.856086541768,-35.2880706512499,-35.7667411084905,-36.4417670295522,-36.479846414514
-39.0002055407428,-44.2937400434051,-45.8274253755379,-46.4832122218169,-44.857537772258,-41.5642325995456,-36.9270237348389,-32.5521609181733,-29.9893660936342,-27.7228400159082,-24.3932667061893,-21.697193427677,-19.8487027832949,-18.0617740596659,-16.724507566323,-15.8908435750152,-15.3880913447937,-15.1752988504162,-15.5349772662758,-16.1219031568841,-17.0522531428655,-18.43384002505,-20.4111921415883,-22.4119857046957,-25.1037220757517,-27.7870387424178,-30.903559846521,-33.5994311169359,-39.2147067336771,-39.6663015765076,-38.6340773104003,-38.5807004717847,-36.1739930695863,-35.1782900650372,-34.4911034967582,-33.6657171107689,-32.3763779366003,-32.8417725606787,-31.8243609531357,-32.0376028337471,-32.6103025019181,-33.5758950210571,-33.7137773432212,-35.7444675111509,-36.1746889557499,-37.5761668290337,-40.3674316924402,-41.4691263304889,-41.6894337063909,-41.9001760302174,-42.7476256070523,-47.9298331609224,-45.9687715363759,-49.8317597350701,-54.2303805021927,-49.8625749399834,-42.4268948460628,-42.2550385809271,-38.9896718957165,-38.3609862858387,-37.7442345479647,-36.0558508821297,-37.7302119497688,-35.8678157468122,-36.9178852619132,-37.0477397877455,-36.5447436731966,-37.0815668823894
-37.3658450175103,-39.4228815492782,-40.2003994318453,-40.7685066804854,-40.9403098800149,-39.5375493565597,-37.6176718696197,-34.3893672551281,-32.2091622474399,-29.7803981289156,-25.6662100615428,-22.5815985871112,-20.7586284746491,-18.7948270800939,-17.4915817313517,-16.5841542664182,-16.1088178362889,-15.9642727129343,-16.2176129749381,-16.8601487401359,-17.9671706397735,-19.1957882637502,-21.3603790995337,-23.4925459345908,-26.1096397879092,-29.2401234507531,-31.2585120045464,-33.1978003709862,-35.8723056694605,-38.6073750562335,-35.5848354255616,-35.31671145006,-34.8452828393214,-33.7855827862089,-33.7700784311041,-32.6165488422386,-32.1188802253855,-32.8497779486323,-31.6506345251615,-31.8704751305246,-33.0704490594817,-33.9527580873262,-33.8113106010888,-36.8240884103569,-36.9652094518402,-40.0885993241574,-41.9887928345213,-45.0793088145518,-42.8938839252157,-43.6526223877621,-45.0283189712442,-49.2368151785811,-46.2567319253908,-60.3055525840646,-55.9980781255917,-48.6505803758325,-44.6236839859476,-42.7892231252579,-40.8938982885457,-41.5834678689799,-38.9037099482363,-38.8399381676582,-40.0876040947917,-37.7447309817538,-39.0671521675803,-38.8196351361765,-37.512637746595,-38.7347408400727
-35.7958682723801,-36.6149698456783,-37.5316190708887,-37.7869970428427,-37.7117509088877,-37.9988632395581,-39.0764641391219,-39.2729473471332,-35.6809832406831,-32.2072992740752,-26.9320731707841,-23.5408059064244,-21.588183175107,-19.605969182414,-18.3180027664998,-17.3716191121762,-16.9169836661708,-16.8651225437736,-16.9776697715082,-17.6793366373796,-18.9059121526066,-20.1700107420881,-22.3739950834323,-25.0131840000745,-27.7296179816652,-32.1893065977044,-33.4604163844496,-34.7717535828851,-34.6986056646293,-37.4417630889119,-34.3484615203325,-33.8668649983856,-34.5292749473456,-33.6152310333866,-33.7012153371114,-32.577333475342,-32.6400766020173,-32.9402215536251,-32.11924806376,-32.257794857223,-33.5015897896316,-34.379743908888,-34.5983145821058,-37.6649004370065,-38.7571041337442,-44.4240804818852,-44.5517121334612,-51.5750254730574,-45.8472983417748,-46.2792246446457,-47.00617129475,-46.1695373629054,-46.5261786799959,-46.6035855916981,-48.3339407065455,-45.1163552696576,-44.0934053662117,-42.6143168815966,-42.838824933711,-44.6484664432288,-40.7838604337103,-43.5984884987076,-42.6008556379539,-40.9524870398039,-41.3084527926862,-40.6835248784412,-39.2392234072297,-40.7520283155721
-35.1082691680053,-35.2986984288729,-36.0904390980047,-36.1209058445366,-35.8434325937563,-37.1151366187261,-42.0356081136176,-49.7087905400837,-37.037382381364,-32.9195136470734,-27.427759012423,-24.2619199855237,-22.2198371669225,-20.4221932137215,-19.1861032189189,-18.2550068370484,-17.8281892639873,-17.8437348813439,-17.8739312631514,-18.5874389432449,-19.7696264812323,-21.2477307056084,-23.3075063851547,-26.4401591748425,-29.7772291463322,-35.7979434789444,-39.3350765222815,-39.0270757071542,-35.3587516440164,-36.5493614021663,-34.6490101774722,-33.9806434773142,-35.1154854947516,-34.6105420470299,-34.3974737831568,-33.6263883723263,-33.8758592879747,-33.1945838245469,-33.1547196177394,-33.1920039654597,-33.9941349780254,-34.6681140704708,-35.9561735928579,-38.0392979348763,-40.3560844451995,-46.5237275952184,-47.7993674357879,-64.7537307976706,-50.6733495129968,-47.4285471698247,-47.2149925934257,-43.8605090828535,-46.4612388753711,-42.589982726668,-44.9102119052042,-43.4018096248773,-42.5075182522582,-42.7030550685377,-44.4081122132312,-47.2597599672083,-44.2725338259877,-53.5833565658756,-45.9477031803283,-45.8933438017335,-42.9390530221287,-41.8826843189755,-41.3256386741832,-41.9233906119268
-35.5182879572642,-35.1065874998726,-35.4068414234413,-35.3188555906387,-35.0756370568677,-36.6905151772602,-41.9208792939373,-38.1311861018296,-33.7635103992324,-31.5621958396933,-27.1969263935219,-24.6865773082927,-22.8068725614961,-21.2544825772807,-20.1503877626214,-19.2619462518228,-18.8691918935397,-18.8765953882643,-18.9533640172982,-19.591522685565,-20.5859525679414,-22.2100946501227,-24.0678149920528,-27.0733268055076,-30.9875416949927,-36.0344138889603,-44.5462520454961,-51.8283483841723,-37.6860997829704,-36.188750900354,-36.2960402203425,-35.5628028326045,-36.6740909399579,-36.8893132525606,-36.1187056448912,-35.876467617864,-35.7028931111435,-33.8454250047446,-34.6406887322433,-34.5303202833354,-34.6565516468378,-34.838436721008,-37.3371363029421,-38.22269467622,-39.9811318601309,-43.8290831955722,-47.3984944550418,-50.3244067790032,-50.1922590929044,-46.2826616838661,-46.484827004214,-42.5827132704057,-45.6119376755372,-41.1121434767336,-42.9664072644877,-42.6175955684178,-41.7213360329531,-42.7992803456639,-45.3114581545786,-46.9881497964535,-49.868510346432,-56.005664244605,-51.7668876347379,-48.6766499116323,-43.6021845390924,-41.9544733494254,-42.9734868865263,-42.0094002526647
-37.0451503745086,-35.8865682225842,-35.3806819481985,-35.094383469206,-35.0363046814153,-36.3452887362535,-36.9111835423922,-33.4050993359479,-31.3379421148203,-30.4216926704648,-27.0939934275715,-25.2027718554295,-23.6349779568337,-22.2342990284885,-21.3047220061824,-20.4451043253157,-20.0664483841974,-19.9731520907362,-20.2228121593771,-20.7059141984883,-21.5022717322102,-22.9740017261935,-24.6839768199323,-27.0776322794806,-30.3658042725894,-33.8501143424256,-35.8793523599831,-42.799457950954,-40.5092203630184,-36.4103187391055,-38.9601703663379,-38.6377879605223,-39.5212647710746,-40.9334255358432,-39.3847381589333,-39.2804898372131,-37.9037256773492,-35.1859796432974,-36.4018099445922,-36.0250860222655,-35.5212480467213,-35.2048730115535,-38.0457678757304,-38.5028520427571,-38.9826307464195,-42.2598454830058,-43.8273160559666,-45.8075527526396,-46.5432169045145,-45.5419859710299,-45.3438035680321,-42.2431069387821,-44.3674935791607,-41.0709930597387,-41.7589830654607,-42.1266126419644,-41.6619053406629,-42.7484021914218,-45.374469830348,-44.2644299670698,-49.1229390680185,-48.4110427516673,-52.0965148872264,-45.7472680232884,-43.7224434442203,-41.5407785388031,-43.4212569534637,-41.7069259994089
-39.4270473245726,-37.5271884820443,-35.934577285795,-35.2095810302467,-35.3215459311316,-35.7518018290257,-33.6170086752328,-31.5196233235766,-30.701270342,-30.3660776840677,-27.7890633494243,-26.3487712770879,-24.9491965033833,-23.5584209092962,-22.7215092625572,-21.8534211827331,-21.4260567897172,-21.1777756800716,-21.637321893879,-21.9614102084741,-22.6821573365248,-23.77688335624,-25.3377462802319,-27.2284816802026,-29.4631747773552,-32.3764888521405,-32.6080870409084,-36.1722347911586,-40.4098726840457,-37.098978422719,-41.7654339209266,-43.0758870971415,-44.3232996252295,-48.7825050017528,-45.6114183052793,-42.4388618766007,-40.1269394955811,-37.4895077442856,-38.0023037531746,-37.4657689619737,-36.6342870540805,-36.1320580689258,-38.1454908015042,-38.8361248961778,-38.905008280334,-42.2838383971585,-41.7501408525717,-44.4719160456376,-45.377231677722,-46.2130877978997,-44.1817611883069,-42.9536444659965,-43.2712736866514,-41.9439357156309,-41.0769614919124,-41.6047100408775,-41.6605643876811,-42.7108501381854,-44.383236895534,-42.6881306013813,-45.5175543762119,-46.5761543500628,-46.0310231428096,-44.0949062313902,-43.740400164272,-41.4786905882619,-42.4898769372225,-41.0628870715752
-41.5457926971766,-39.6365171694697,-36.7818858408772,-35.539371667678,-35.6310675729591,-34.9231898608673,-32.1710686127919,-31.2860612730147,-31.7582959745368,-31.5405918143296,-29.7574438940713,-28.6346103340746,-26.9207247499244,-25.3912966689806,-24.3859854549019,-23.4780552222471,-22.9100528537739,-22.5413082334639,-23.1120221710737,-23.4052628372241,-24.2274530491502,-25.0130040616123,-26.3333049768563,-28.0176571805141,-29.5004897072656,-31.8841205404862,-31.7841024520921,-33.2477397385581,-38.3163886044227,-37.9501698370369,-42.8990029306839,-46.9086673200201,-48.5708890897147,-59.8456790858614,-54.3763735476955,-42.9401790837181,-41.9832409939593,-40.9384636473747,-38.9655708653741,-38.8122202029809,-38.0619226254136,-37.8252256923064,-38.1965084553827,-38.9927805851407,-39.8717787055957,-43.1762043792452,-41.5733685568882,-45.5491165001963,-46.813813562046,-48.8579473876776,-43.8821803244325,-44.6898988417772,-42.4561093060632,-43.1454556716044,-40.8339701172485,-41.0476735370984,-41.3582091318223,-42.7495575105344,-42.8536368097976,-42.8178850618484,-44.5872019424924,-47.0874508224747,-43.6004688730078,-44.4403833118678,-43.6825690759534,-42.0755467816644,-40.8735009514863,-40.0494125806888
-42.2143506050051,-41.113277299982,-37.5135262985198,-36.1364856367328,-35.8280671318572,-34.1639371303484,-32.0722895451564,-32.3495130031649,-34.4910217757956,-34.0676165696715,-33.8566839838806,-32.7805230360588,-29.6068992263698,-27.7124191393318,-26.1086184774971,-25.1840398409653,-24.4213521770943,-24.0764884000804,-24.5620474698472,-25.0849909805945,-26.1496244257421,-27.0373414194706,-28.0548264583487,-29.688960370226,-30.7954035215983,-32.2956643564066,-32.4186220064205,-32.0883646164434,-36.2291102124563,-38.451489353537,-41.1087837798685,-46.1863046959011,-44.3683792638449,-47.0813250943442,-46.0457509940642,-42.9816463006166,-43.4352021397071,-45.306334547835,-39.8075475166344,-40.1621219259817,-39.8059978567301,-40.1972462030554,-38.4918199944331,-38.9824284406717,-41.2965190814707,-43.3689460461405,-42.8933466675283,-49.5090881347754,-51.9159355614938,-56.4104476636691,-44.8643821934853,-46.6526758662739,-41.7832314058168,-43.8068647600396,-40.8707220414008,-40.6577864072979,-41.0875362308841,-42.8144680073483,-41.7310622325089,-44.0458320818936,-45.7515173280789,-49.5327557552143,-44.1036535065548,-46.8203006856889,-43.6406513873369,-43.0421576977354,-39.6144552403038,-39.0794817441152
-42.6630631633764,-41.4638314231568,-38.1923837141485,-37.1601136628387,-35.8068059574144,-33.7545262806093,-32.8369388659842,-34.4521268897218,-37.6600206694256,-37.7602774087626,-44.2746602673586,-40.155651531953,-32.4376087151508,-29.909028726566,-27.476425752772,-26.6728096449174,-25.8180696236478,-25.7189902304871,-25.9549211671405,-27.0067685825072,-28.344621388086,-30.1345644803009,-31.0197474859571,-32.555245989442,-33.4764262240338,-33.5567249630536,-34.0574910960079,-32.2226011806689,-34.3983670847022,-38.1529699424248,-38.3344316879088,-43.1451272834199,-41.1240470822743,-43.6160891532475,-42.8019607168871,-44.6356489251788,-45.1036136846586,-49.1752527672275,-41.8186339569817,-41.7026805067941,-41.9005019672148,-42.5275773573745,-39.1617105726748,-39.1743955150391,-42.190554119335,-41.8384301778735,-44.0226369256311,-52.9899882558299,-53.1835878219326,-56.0580648248302,-45.7844138883077,-46.7256106813722,-41.0672964187686,-43.1620188767535,-40.9783197463137,-40.6173064875417,-41.2545863737275,-42.9092255308004,-41.6199308914327,-44.9559791722085,-48.5474035093869,-52.8720399164181,-48.3430875866679,-51.9906045550014,-44.1526799748848,-43.4543508679889,-39.2235920848335,-38.4850549069504
-44.6632290226428,-42.2267192685888,-39.4492778973895,-38.6153281760832,-35.5292139975157,-33.7471567348473,-33.8559635990252,-36.3197143513818,-36.4086346396574,-38.8782211327677,-42.3624089864057,-39.702479715959,-33.1620739225103,-30.6299370212159,-28.1344662621884,-27.6106620441407,-26.9666914790631,-27.3001395374733,-27.3264847799398,-29.0394118432767,-30.5575647639305,-34.2362608956654,-36.1704464089494,-37.4985733896983,-37.6419645730197,-35.387444052462,-36.4003545564495,-33.5113224208845,-33.2163308828488,-37.1430337909941,-36.2750482527505,-40.1349955401498,-39.5596972665884,-42.2251961702628,-42.1046879837662,-48.1607911129297,-48.3079960162513,-51.8286188200925,-46.6503961974268,-43.5847355969662,-44.477876524452,-43.532692546857,-40.4005649271324,-39.9638680025267,-42.1146882601605,-40.1190198193967,-42.9918474004602,-46.3641845884633,-45.3407343674779,-46.2261910222031,-43.7007472662184,-44.4213429872662,-40.2902195123736,-41.4268091908994,-41.0456221466546,-40.9224725741754,-42.0572415281041,-43.1597374031547,-42.9511588753501,-45.3963156569169,-52.3297880975829,-51.3353984870918,-62.2602270805182,-56.4489509799116,-45.6371492166026,-42.7485507067479,-39.4894694425334,-38.2019759066499
-50.7413818957392,-45.2318829506861,-41.5230389002052,-39.6992645749273,-35.1537882971594,-33.9080432231763,-34.5198815550938,-35.4232167762835,-33.3840912599027,-35.6462040495945,-34.474028740326,-34.2074075240353,-31.4790676516743,-29.8418759035308,-28.238111205468,-27.9417333104155,-27.8060777693311,-28.5484953939665,-28.720182473888,-30.779954994892,-32.405884419804,-36.940689097097,-43.5993196868043,-49.4176077034429,-42.3052961263403,-37.0224790410022,-38.384140109467,-35.9365699433826,-33.0565862647503,-35.9530550087335,-35.2040142944803,-37.8230396353519,-38.7750838780953,-41.457117226317,-42.4517053825525,-50.0216838937236,-57.4339738857797,-56.0462985498664,-55.8205379836334,-45.3796065630174,-46.3383748272379,-43.3405305453776,-42.4459547726357,-41.5635107871357,-41.5922323434809,-39.4346676054277,-41.6185823626842,-41.8565357957829,-41.2000148186693,-41.6896825403457,-40.666033962152,-41.3590540261319,-39.5742057326355,-39.4713832192929,-40.9326219251435,-41.2716594247422,-43.629798409389,-43.8852191673088,-46.5151438042028,-47.6120868960028,-54.4815969562697,-48.0306354144033,-49.0039814505325,-50.4083906302134,-45.9944756083697,-41.4397110417163,-39.2643976224877,-37.7527963765724
-57.7611337806604,-49.9703920333634,-42.1551852630045,-38.916350401354,-34.8612655977961,-33.9085308966439,-34.5473902927868,-33.1852092043248,-31.4935407563153,-32.8871748809331,-31.5103529810448,-31.4224574719587,-29.7352205695223,-28.8375656819441,-28.2231121250873,-27.9689190705481,-28.3874429002081,-29.250064330403,-30.0807938984034,-31.7565830433964,-33.5873367655967,-36.1014358561468,-39.8294644598247,-45.9154348489185,-43.0047222097966,-37.9062750376316,-37.769613544763,-39.0936035876256,-34.1144362899607,-35.0956823200675,-34.9404289816784,-36.2980362286551,-38.1790817839068,-40.4891172962099,-42.2635787104022,-46.7896116855202,-53.7683324357955,-59.9196572999501,-48.3576017254885,-46.0764971672258,-45.0537659609773,-43.294958945598,-45.4710864448549,-44.0090124532749,-41.4226705845508,-40.1707773344598,-41.0660109401284,-39.3311145140939,-39.0554138944168,-39.0508009213791,-38.4791409099889,-38.548392886739,-38.8692702594069,-37.8696819458807,-40.1684970617605,-41.0762538782204,-45.2660600319625,-45.2625152107571,-53.549617725922,-55.9539492891783,-52.092721134337,-46.0286274715879,-44.4768530427193,-45.7049689017129,-42.3527998213538,-39.8044991923364,-37.674286468345,-36.629607439492
-44.41062096544,-43.3365263294306,-39.6239103485039,-37.0260294519537,-34.7314649431825,-33.8103054655463,-34.0997927442987,-31.6307925788872,-30.7499488818346,-31.2761756278707,-30.2867475797803,-29.9004613283637,-28.6676524644279,-28.2142147878945,-28.3450003353606,-28.0767846709028,-28.8736562786907,-29.5720101338862,-31.238742284179,-32.1638692195074,-34.2088019549862,-35.3346463815689,-36.7852171950672,-39.2330968442611,-41.3923461116405,-38.6189542989748,-36.0959057636541,-40.0716580027746,-36.4713894585881,-34.9127371529743,-35.3039588541866,-35.4869507450695,-37.644420199882,-39.2174972861407,-40.9083707221325,-43.8835127601063,-45.2874984975155,-50.2242424538357,-44.6262797148121,-46.2216379095192,-43.4766864849486,-44.2681695007973,-49.4860003378601,-47.2826823408572,-42.4028918137345,-42.4967768177109,-40.815010129954,-38.1493548849113,-38.1455601020347,-37.4003047509588,-37.0460535977709,-36.3806016763522,-37.8231565919945,-36.7464874851494,-38.4931713991485,-39.9593982261395,-43.5368245637552,-45.1948224580593,-48.4065175218714,-49.5850869154651,-48.1939160674355,-44.3731684579232,-42.3550810865217,-41.7415166473329,-38.6550866123748,-37.8461088153119,-35.7343056540698,-35.0496511333875
-39.3647306338033,-38.2615161117778,-37.2504682118331,-35.6504236567456,-34.9281178241246,-34.119020705158,-33.7426357137669,-31.1164158221469,-31.0099441682721,-30.5840408563382,-29.9765759846306,-29.063328357697,-28.2439222765229,-28.0455229666642,-28.6249808863331,-28.510603150596,-29.4737601083374,-30.0270792332859,-32.148102714213,-32.7844749747543,-34.8342491838166,-35.9358537014489,-36.5921222035189,-37.3272894184603,-40.4041906102439,-39.7702867640561,-35.6466314763,-38.009284723646,-39.8615751616136,-35.650102369176,-36.3496937977382,-35.3949176649384,-37.3786918008909,-38.078569474318,-39.452610939876,-41.9612503221511,-41.6202102976559,-44.4839095950439,-43.2960617646063,-46.9546449808264,-43.8123482750695,-46.8219762342555,-54.2694954635903,-51.7130863970102,-45.3902576435913,-45.8428867721782,-40.3409607435887,-38.0622198494326,-37.9304193666038,-36.2980651569281,-36.0607799322342,-34.9082621454107,-36.2579251030905,-35.9260794789387,-36.4853926728725,-38.2130616967727,-39.6367477578216,-41.5239321950676,-42.4687209639748,-42.2818929037141,-44.0469869132777,-42.167940900113,-40.1261341267265,-38.5090648886791,-36.3392598398864,-35.9447532609273,-34.3795924470547,-33.667450869387
-36.5752345928883,-35.6996457299954,-36.1215396823267,-35.3646896029974,-35.8460729354806,-35.3867897757889,-34.1492020723328,-31.6642852845609,-32.2157983029881,-30.640219212823,-30.1810842460891,-28.7193148668225,-28.3400722871487,-28.2816713358251,-28.9736606509322,-29.308318963091,-30.3241769078631,-31.0771160427416,-33.1235060618878,-34.3184121580719,-36.2294949623029,-37.9273326132922,-38.463727348613,-37.556028619359,-39.9686041278304,-41.2637979338936,-37.079259596299,-36.6981057291627,-42.4248807947202,-37.5823219029346,-38.3525972474261,-36.192758728739,-37.5425323347531,-37.4101918725806,-38.5683269171257,-40.5170305881756,-39.9889708749783,-41.2741253174423,-42.3673361531083,-47.1447477862833,-46.4030734967699,-51.1145847502079,-59.4340654701458,-57.3550057450872,-50.343165238271,-46.5616004767879,-40.1123504434993,-38.8161966872729,-37.7525440005172,-35.5540099726575,-35.3553951990742,-34.0216603622676,-34.5505470838802,-35.0895832210112,-34.7652811207993,-36.3361696023049,-36.5651343854456,-37.8133214593808,-39.115493565145,-38.8528557999945,-40.3365779794048,-39.8625658467188,-37.865728469272,-36.400035729989,-35.2996171427136,-34.6005448017274,-33.8067316915028,-32.8869739045647
-34.992001482296,-34.7225012034857,-36.0564579986703,-36.3582484341788,-38.0643219659252,-38.172848834121,-35.8555617934241,-33.307558571942,-34.28826976522,-31.3058268570797,-30.6705453419657,-28.8302114770865,-28.8527492467853,-28.8476340507921,-29.3231803051432,-30.269875583427,-31.3518503641304,-32.8290405517441,-34.6276317297545,-37.3069257809156,-39.4364627145265,-41.5420166298812,-42.1240015206489,-39.2873652806421,-39.809661792207,-42.5855191884864,-40.9427125187518,-37.3975701836132,-42.5130642863337,-41.1813745922344,-41.1054669303661,-38.1844382374254,-38.0446057044331,-37.2881639323519,-38.2318150846796,-39.2440568974146,-39.5647257458003,-39.7982832186051,-41.4576359106482,-45.3153586146822,-48.4225785966368,-52.8981000387929,-62.5742351873114,-55.5731610635715,-48.5610976876902,-45.0080993206796,-40.744154107785,-39.7704899322137,-37.1908593254268,-35.1549842665533,-34.8175495071821,-33.5595640182712,-33.1642584981312,-34.0527231419763,-33.5359003521152,-34.6356603553541,-34.5809033413463,-35.348489657764,-37.0466187764106,-37.2541548364846,-37.7443557564267,-38.241194162606,-36.6194819516203,-35.6249933499431,-35.3941304632438,-34.117010426878,-33.9462850590984,-32.8166174360725
-34.1780268675456,-34.8492284595815,-36.647373402234,-38.7729149339651,-42.2066313494906,-43.5795857165417,-39.1341873752715,-35.9497837577951,-36.9150214289033,-32.3833742941503,-31.3116168838567,-29.4173403389592,-29.6957930540875,-29.6516549745724,-29.7116812760377,-31.0335516645593,-32.1892415490137,-34.505743254973,-36.7021553533651,-41.3029516323089,-47.610511219311,-48.9457870769306,-46.1368788569308,-41.8923970211388,-39.8745192833028,-43.1306911029729,-48.1439203896658,-40.8612549689188,-42.942844339732,-46.7684451679009,-41.7952591690637,-41.2879615071271,-38.5286922822136,-37.6035998280128,-38.1764019351996,-38.1481794595056,-39.6368933716331,-39.5981366199344,-41.2130482597792,-43.6424682405249,-45.8367825594747,-50.8442616497807,-61.1284144902006,-52.2125926004883,-45.5264529060533,-44.7706007960882,-41.9742401556158,-39.9482669795694,-36.5491150457695,-35.1335710841058,-34.3119988422241,-33.3787675939267,-32.3093404480199,-32.9577624425448,-32.7618706892811,-33.2664573978767,-33.4210133702901,-34.0005024720876,-35.7547942604217,-36.7836084462147,-36.571389285154,-37.7065966611259,-36.969177949615,-36.3974209007824,-36.5635292504465,-34.637704302376,-34.6212626128992,-33.382050997433
-33.8850516387347,-35.6104692900592,-37.3682736129084,-42.0111318054666,-45.5864563351244,-53.9307591254891,-42.0425850127788,-38.6404254686129,-39.1541785899042,-33.5834791495035,-32.0306335896081,-30.519556691879,-30.7690367040301,-30.5975573757923,-30.2661325791815,-31.4250653350187,-32.4622643632559,-34.5287930694384,-37.7257979078965,-40.3504935868977,-47.8442662761495,-52.8803230831164,-45.1907301651957,-43.6746380552844,-40.1297730354036,-42.3827356293631,-49.2224272035498,-46.1300949760652,-46.5016302627362,-46.692558883978,-39.8167856045921,-42.0616239322703,-38.6285346387227,-38.1108038397256,-38.162041445193,-37.4441542708969,-39.4680058556051,-39.9797586119169,-41.9504630535254,-43.4448220782797,-44.269104702163,-50.7107705414703,-60.5770002198496,-51.9562464232087,-45.575301714745,-46.1558123601637,-42.2278628823193,-39.3737044667946,-36.3446428733552,-35.4529914786567,-33.828049772576,-33.3950522683029,-32.01174413827,-32.0960691218607,-32.338360593994,-32.3187853133054,-32.8254928367423,-33.5048875739013,-35.0020622560701,-36.9185795537943,-36.9292749417089,-38.5065052283004,-39.5059591166146,-39.2361133617154,-38.7062502003575,-36.1629764541879,-35.4775351046127,-34.3350271092476
-33.9904246900046,-36.376942476591,-37.8697590645977,-42.3199033679203,-42.613532664289,-47.207586598216,-40.6011436547807,-39.6884678545967,-39.7114082663759,-34.690962832998,-32.833671178869,-32.1584570201084,-31.9507661294397,-31.6211746615705,-31.1219501696936,-31.681261948706,-32.3603820247974,-33.4553662411402,-36.1012463877266,-36.8233676091369,-39.2562396973283,-41.7292404042867,-41.4896284301568,-42.7207274854884,-40.2178080071945,-40.7147219489832,-45.2853116059713,-41.2251873854176,-58.9740511512803,-42.3905837163666,-38.5558365752021,-39.2460820802327,-38.4189489240924,-38.5218028709617,-38.1276898478159,-37.3453644221632,-38.9593667512546,-39.9799306539711,-43.1868797848547,-44.3442915821402,-45.0265111180373,-52.9378288583051,-63.9296959336015,-54.2689766009254,-47.9414506359203,-47.1003214109789,-41.1734080343869,-38.9859513497146,-36.7805563231256,-35.9844736851364,-33.600476694809,-33.5921424149549,-32.2254835954808,-31.6838456796548,-32.1770896335786,-31.8505864661685,-32.6108202950679,-33.5705810878541,-34.6423117699114,-36.9832201698067,-38.5806497857748,-40.7819175512999,-45.9282752237113,-45.4749594127143,-41.0165674682471,-38.167591850451,-35.9829580983939,-35.2363230062531
-34.4708551615108,-36.7392501635448,-38.2928455997163,-40.2528383031558,-40.6966952503749,-43.2020579537706,-39.035681191288,-40.2024168262028,-38.9480151395126,-35.8201034675203,-33.8515796249972,-34.3017553912024,-33.1762200221787,-32.7352991639669,-32.3621318472269,-32.1625430365549,-32.4362312669552,-32.8267371499403,-34.1129896370779,-34.7952601530518,-35.8515489206589,-37.0872380723446,-38.3352626519851,-39.9747606847561,-39.5812299607303,-38.9942522609719,-42.7830268507388,-37.5921555323412,-44.1847345827758,-40.0937470304418,-38.7709061526831,-37.3505757538911,-38.3711372603403,-38.7631773798101,-38.1998877354603,-37.9526239114497,-38.6461614585356,-39.5106388713254,-43.6368073863946,-44.2001602946547,-46.6975384638133,-53.3464080120049,-60.7096669395591,-53.4132733092254,-47.9748889053387,-45.1110668960483,-40.5563171611349,-39.3232233375311,-37.7326665922037,-36.6011681516688,-33.9548008710008,-34.0098623188463,-32.8926871413123,-31.829778550954,-32.2525307020185,-31.8938482480181,-32.6925231927487,-33.8720387881912,-34.5450502943281,-36.4730701755982,-39.436295058541,-42.8693636801545,-48.1737457082961,-46.5593661445645,-41.2440687176185,-38.929587249183,-35.9350857195435,-35.6729610730629
-35.3261492989889,-36.9906532182676,-38.968193120496,-39.4494591650481,-41.0327239195329,-42.318301243721,-39.2133123582177,-42.1504475027784,-38.2942853064283,-37.3291531447831,-35.325537831914,-36.8391937574407,-34.5570663660895,-34.0534663850656,-33.9942398979526,-33.1086056162175,-33.0752125873268,-33.1098130603169,-33.1451715742554,-34.1032065953393,-34.4739373478028,-34.7695852192036,-36.1601793934182,-37.2083148054031,-38.2968103538542,-37.6017303595822,-40.2645355045296,-36.6411043645256,-38.6294469431719,-39.2791050330587,-40.2913637829516,-37.2344575006394,-38.9863351302085,-39.1439942242102,-38.6350783635602,-39.2241829652499,-38.8818365253496,-39.3570074440901,-42.7427049638913,-42.1992593133082,-45.4421276216899,-48.9467389991817,-51.8434155192351,-48.8008112714962,-45.0114227380762,-43.0426296516413,-41.2644536024455,-40.4719060031046,-38.9016965242971,-37.3274732633255,-35.127442697542,-34.7222900551169,-33.9689288439588,-32.5833543468276,-32.6164355531216,-32.4530495929444,-33.0538273927491,-34.1305914219999,-34.5814998606436,-35.6817431552821,-37.5314204994966,-40.665788843095,-41.0413391409541,-40.6979998752872,-39.6689766722735,-37.9903571903788,-35.8068272070644,-35.6893681659863
-36.4782720950069,-37.6522162892245,-40.0037654286583,-40.5903581447328,-43.1803496240619,-43.6187797567586,-40.9585301218025,-46.192527695102,-38.505307727852,-39.543732750324,-37.574972067974,-39.5599303364136,-36.3882659046394,-35.770329683283,-35.9452319222556,-34.6561215979358,-34.4273104906636,-34.2975080907726,-33.3773170066149,-34.4225916954983,-34.355043394598,-33.9876416653212,-35.0005854226437,-35.271702567699,-36.9512042604632,-36.5933301894815,-38.1172489554131,-37.4291933801127,-36.3604388168477,-39.5216009662987,-42.7816427797625,-39.0354697643619,-40.7804055,-40.1913387441597,-39.7537408305619,-40.8841306220509,-39.5872506079118,-39.83431528479,-41.2709317172573,-40.491633661967,-42.9144092283023,-45.3587900222049,-46.7883023854135,-46.0827333600235,-43.8762357746939,-42.6200583965409,-43.5712079424687,-42.2404169306432,-40.1384518048642,-38.3633487142169,-37.2016240204714,-35.8085416640572,-35.4333748319841,-33.9768874317624,-33.3835152469283,-33.4976897780516,-33.6829507739084,-34.2724631348328,-34.6809473969738,-35.2137814456392,-35.7000522825358,-37.8460309673458,-38.2683572338363,-38.3819298563431,-38.4949299467475,-37.2055740764435,-36.1715073511402,-35.7354337860767
-37.7247489178177,-38.9206308747382,-41.1901995526901,-43.9492335363353,-46.2349949745151,-47.8602637051774,-43.6392372112955,-50.0961929770451,-39.6676420855776,-42.665260482313,-41.1022611436426,-42.0905745860756,-39.0778762385931,-38.0895526289451,-38.0718229679503,-36.8853235079124,-36.4881177465346,-36.2887484959773,-34.8359587076453,-35.579495613745,-35.2124313910091,-34.4930245910266,-34.8047333554218,-34.4022271040648,-35.8847117722624,-35.9726812372691,-36.5349955052416,-39.10692122395,-35.9533668369029,-40.5823831872233,-45.8367197567111,-43.3887173692706,-44.7139683081665,-42.4952665435208,-41.7413388985251,-42.153355818786,-40.3577553899818,-40.5093598477533,-39.8895721299548,-39.882749042675,-41.5284442520135,-43.2544800801117,-44.0623334473027,-45.2681648131224,-45.2305606977928,-44.3813553977099,-47.7493741380669,-44.0835994941905,-41.6629819437706,-39.9457022082817,-40.0319441390986,-37.3455745848849,-37.3105543609913,-36.0522815255815,-34.7016648272278,-34.9420877548387,-34.5401840026305,-34.4546270840231,-34.894830217425,-35.3530610509855,-35.3097475070236,-36.6250365150134,-37.7733017410661,-38.3120808490832,-38.4356715712212,-37.5247862669967,-37.3162368389189,-36.2469961762008
-38.837890432937,-40.4632575072885,-42.1149341493932,-47.507303902163,-47.8884726851969,-58.9431674886399,-45.7569268641018,-49.4721882029657,-41.3321667794674,-46.6580573766663,-47.2174253869133,-44.1846139130232,-43.2197179896475,-41.0409543932088,-40.2063795420601,-39.7592773571104,-39.0837288415072,-38.9059058725978,-37.6455460499441,-37.5496190681291,-37.0092669377998,-36.232852375214,-35.4906661732063,-34.601399241057,-35.1755713306838,-35.6822026774132,-35.2935668953226,-40.2421312623905,-36.5692723765305,-42.001011831251,-48.3784292279071,-49.6322628062692,-53.8706947936954,-46.3840268050019,-43.6962781552463,-42.0209591307378,-40.7671675861412,-40.7227656050616,-39.0397800757889,-40.2543290658521,-41.2561357919471,-42.3941618320763,-43.1217643458879,-45.8367751105511,-49.0700312950596,-49.9302061762412,-53.0327428022114,-45.286760294487,-43.7702162855572,-42.1766382082276,-43.1967595691807,-39.4928768892474,-39.7380712167445,-38.8809733952016,-36.7061846417719,-36.6019127622736,-35.5708901222823,-34.9041717155688,-35.3576554579212,-36.0426567154029,-36.398810184113,-37.0363807356703,-38.9322993552576,-40.1116721546968,-39.7301305919296,-39.245847253264,-39.2318531164716,-37.4672985582797
-39.7470696507139,-41.3519947261206,-42.4964683472212,-44.5960876770602,-47.1186305128184,-49.398169907533,-46.83567956841,-47.2855988037241,-43.0674579913891,-49.860471789442,-62.684099436952,-46.7035234263146,-49.8404820782334,-43.9655514598208,-42.2077188618973,-42.8648169061095,-41.7264954165519,-41.631630832838,-42.1719341375682,-40.601655055247,-40.0574738615173,-39.237789977025,-36.9186487180913,-35.7206669772234,-34.8419441601348,-35.5317585174537,-34.3661420326693,-39.4231665258133,-36.9982907749613,-42.2262693680109,-46.6402690504356,-44.9997627429531,-49.0013674326409,-47.3121902955054,-43.0871879348389,-40.8800185265486,-40.7735230526946,-40.5060268820924,-39.0017118457574,-41.2482123227375,-41.7477079415351,-42.5179587109449,-43.636237751016,-46.7379159610884,-50.6815261448967,-64.5167246263084,-52.1333759161283,-45.7779044212408,-46.3238141538589,-44.830643788839,-46.4311588440888,-42.7645075826058,-43.1047923388482,-42.5631365382259,-39.3679209193238,-38.1520589913737,-36.7233792055185,-35.7635827519359,-36.1569427919526,-36.9883476261116,-38.6421706059031,-39.0262066505978,-41.6702223293915,-44.1966454748778,-42.8605932542239,-42.6582618521709,-41.4663055719708,-39.3631732572946
-40.5125867474134,-41.147056355156,-42.3812055204834,-41.8585599367543,-45.2807747712976,-44.4066854352701,-48.9441399199417,-44.0762339648284,-45.8314030254893,-49.2119220149074,-50.9830360370625,-52.2749701636771,-53.127436662625,-45.3288962805146,-43.7960340074841,-44.9294477567583,-43.4732253614578,-43.2454940831458,-48.6759917596415,-46.0188017900306,-45.662420437693,-42.9612199257926,-38.6868246350614,-37.2395378342942,-34.8933591620602,-35.3027531805952,-33.9850946002194,-37.1728178149421,-36.5930768070867,-40.1566883838849,-42.4605422408132,-41.1854740082495,-42.71567436871,-43.2435072761039,-41.1773028582521,-39.9828267509653,-40.7053455747113,-40.3600783200615,-39.862577920016,-42.3517064575955,-42.6538935609831,-42.9946976259191,-44.6720979201779,-46.1940147567797,-47.0785751195059,-48.5657226203012,-48.7952607318885,-45.956464091885,-48.2679614747282,-47.3272163352728,-49.4209376531661,-48.9467596657119,-48.2063574364428,-46.876013906823,-41.9237383093344,-39.2366019699191,-37.9253859288156,-37.0020452357125,-37.2023856016409,-37.8230844927747,-40.7893539441692,-42.2288094250714,-45.8560727948883,-52.9321118426838,-49.0863417030071,-46.9621758759457,-43.0117269075292,-41.391403392295
-41.1059505091624,-40.586863091121,-41.8951717539139,-41.0675433014615,-43.4694842509701,-42.9282823063846,-53.11175212345,-41.9519755652644,-52.7039926637969,-47.8105195914346,-46.8059457289727,-69.4484813343414,-48.3181573570718,-44.9496732121279,-44.1024138317054,-44.3260782210045,-43.4054007812261,-43.0358214828322,-48.1300143340667,-61.2305234142103,-54.0186736672974,-43.668945864207,-39.7496715177631,-37.9794729251435,-35.2844116256425,-34.9865142448317,-34.3181964866377,-34.969973867151,-36.1545963824141,-37.5979344276774,-39.0787284984979,-39.6144202816383,-39.9317843814309,-40.4769343638618,-40.1714197866086,-40.0232571647121,-41.0091748997211,-40.6742812847544,-41.5893232706089,-43.1049397800584,-43.3599343707423,-42.9420354741675,-44.3484279862836,-44.5247511407329,-44.9131062418449,-44.5680537054392,-46.658073547633,-45.961158028625,-48.2733121438388,-49.2155955777664,-49.1283740545035,-60.4253415920972,-52.3265320639159,-48.8251148735518,-42.6863454151566,-39.7836690991448,-39.0042915046806,-38.3265070406336,-38.1511521423941,-38.336848724013,-40.8573569867566,-43.6303655024587,-47.4056514176415,-51.6255603840739,-51.0560982193061,-45.8967226299902,-43.4072997957142,-42.7212485514013
-41.2991777122342,-40.1500457938136,-41.0494059406553,-41.4211364126372,-42.2869482878869,-43.7993003337777,-50.7559529721971,-42.3741476563737,-58.9303917098117,-47.7865470980228,-45.6132849243474,-50.32920121329,-45.5805564063636,-43.6179782336455,-42.5526872721956,-41.7866472293809,-41.8018924776907,-41.8957708704904,-43.2039080393103,-45.9663244111864,-44.2574740149138,-41.0411943405412,-39.2220796536423,-37.3459807597844,-35.875129632782,-34.7847832986057,-35.2455411495636,-33.6027637816662,-36.2210549227472,-35.8015973161106,-36.7883461120897,-39.1747706313376,-38.8287577087129,-39.2770371802539,-40.3580135276318,-41.2879579280369,-42.1508460625268,-41.894717704209,-44.2710799667477,-43.6807318934862,-43.4395466003358,-42.6118834887566,-43.0898035277951,-43.2956322989591,-44.1791193850617,-43.3878059674499,-45.2095614987937,-45.9010675395364,-46.8227980771921,-49.4258542638899,-46.7438918202586,-47.7880499721237,-47.6753200659046,-46.3908717788079,-42.0029753332003,-40.0113074770571,-39.5972318436997,-39.1615437103751,-38.5473877672211,-38.4715082064724,-39.4654801219938,-41.3278675854523,-43.8960853408646,-44.8003312436047,-44.9004368860481,-42.8690612846721,-43.3292361257028,-43.527369590937
-40.7582212009939,-39.6004042347499,-39.800464217421,-41.4318420089739,-41.6601646990682,-46.768947695983,-46.800773466405,-47.0268554885826,-52.1811113518994,-48.2827065437599,-44.9249414337586,-45.2684333863364,-43.2163869649891,-41.5852702440961,-40.2076356121047,-39.1718158712691,-39.7480679509405,-40.547464249383,-40.1644427333051,-40.2260198153433,-39.4932390360181,-38.8691437177094,-37.9666109249826,-36.3699885570058,-36.4588199263118,-34.896102471451,-36.241826114261,-33.2746931928271,-36.4880006541144,-34.9917096730593,-35.5132458194882,-39.1794099393599,-38.8085827978736,-39.2367127052783,-41.4263423307347,-43.9059523109246,-44.6249724650011,-44.7735277484242,-48.6832429027071,-44.9924742182447,-43.8000590986363,-43.1374267689029,-42.6547387571564,-42.9607045838154,-44.0534039904648,-43.475962511421,-44.0938383634073,-45.9155962487987,-45.3609659641565,-47.3802812024769,-45.708171016556,-44.0230694469162,-44.3943167304481,-43.9351784719136,-41.4573647810393,-40.0363393023428,-39.3568666247526,-39.0382960983688,-38.2435277422451,-38.2249659552792,-38.0723083611844,-39.0593446108883,-40.9375719753796,-41.5810188190171,-41.8954835611274,-41.4206814117171,-43.2722537399057,-44.3942253461767
-39.3291367264558,-38.5000212425647,-38.1758512345885,-39.7192796447548,-40.8877717632168,-45.8947553114751,-45.6665238288275,-48.0689122749099,-61.4016703775343,-45.8377223086526,-43.1708283048786,-41.3990020780702,-40.183767325683,-39.2465433916822,-38.0348193336525,-37.2091316531691,-37.9331050780414,-39.1375602823491,-38.4252082097493,-37.5486124202206,-37.3291571135753,-37.7604838673707,-37.1227951112417,-36.000169952189,-36.8852739901968,-35.4354794945807,-36.6305640756136,-33.9593854756255,-36.4764216081663,-35.1091302997191,-35.2292780394951,-39.2585861698044,-39.5606061927455,-40.127568750811,-42.9026235092939,-47.566356413627,-48.9371278886648,-50.6712467087521,-58.5344604531722,-48.4532025939461,-45.9515958462128,-45.0572044609712,-43.2600746390613,-43.1738425115436,-43.7625482311478,-43.8060499183505,-43.3021645265852,-45.6108787547838,-44.7605671358993,-45.6205816032579,-46.6622378343537,-43.5877755448354,-43.2055692236741,-42.6335307800549,-41.4118196698181,-39.77182728911,-38.5031624139281,-38.1724174024112,-37.5459004590395,-37.7485885408366,-37.2223174493092,-37.8156990293424,-39.166695327713,-39.900387679481,-40.5985575213979,-41.2413774320303,-43.3453029748654,-44.7612580625072
-37.2812710062564,-36.8110032349087,-36.3446199448931,-37.0931939189442,-39.0936037579303,-40.0739916061257,-43.7512013937285,-39.7038193458348,-47.0790691736247,-41.4797533642533,-40.5357087133331,-37.6338867092096,-37.163581506421,-36.9901406155922,-36.279282920668,-35.9466934188231,-36.5741804864305,-37.6993399373465,-37.5302008713726,-36.6126216933527,-36.8597664748178,-37.7282016127688,-37.253395583406,-36.6914495304388,-37.2271655079382,-36.4627291931573,-36.3873970957118,-35.5368073919501,-36.2296831703453,-35.959920199911,-35.9110200870592,-39.4013427867316,-40.8172983489012,-41.8842035256819,-44.7363904268717,-50.6219728966564,-54.0568411138145,-55.9001842234287,-60.991639748427,-55.8125638875543,-50.4541162540701,-46.3652873671421,-43.469402700449,-42.9308728353262,-42.6420839159012,-43.4132031056379,-42.7666825849482,-44.2938242518167,-45.0989100605581,-45.6601007953405,-50.2095788572797,-45.9678423973328,-43.5071428172242,-42.2537354161869,-41.4436679573445,-39.2241329169286,-37.6591020266789,-37.2109030523883,-36.9006099177224,-37.3028324348436,-37.1007316678886,-37.5761170767518,-38.4273636922282,-39.286276022665,-40.2878615883956,-41.894722148768,-43.6207922600473,-44.1338993723821
-35.1285869302536,-34.9111163601416,-34.5694118680638,-34.7013087024145,-36.4433343226018,-35.9397917797029,-38.7562960820637,-35.754272369346,-38.2966859218396,-37.7656277584629,-37.7311095384956,-34.6575277296898,-34.8241633660727,-35.0509028220024,-34.9370230087966,-35.2228937326718,-35.6806769549099,-36.4106006888014,-37.1206647196613,-37.072515778667,-37.9608029031853,-38.9831085173988,-38.8071774470343,-38.8269962884123,-37.8167209430144,-37.9017114728994,-36.1047403537088,-37.7581764473355,-36.0066883193729,-37.1571301506187,-37.3960866261173,-39.639086731445,-42.1797562454717,-44.4363226216269,-47.986842042302,-52.8772727065789,-55.1363240604028,-52.4529754702913,-54.1880269522602,-49.6922110046768,-47.1219607473258,-43.793027423038,-41.9654317303305,-41.6043921768396,-40.8337355783201,-41.8815329655507,-41.9543524256943,-42.3226120489138,-45.0672857350484,-47.6565676287375,-55.8983521489077,-50.4661754290064,-44.1931842296289,-41.9666669773938,-40.9011234824042,-38.6316972244762,-37.246692173468,-36.6581774666383,-36.6564789139578,-37.1019852055698,-37.624493050367,-38.2843040602007,-38.7208402849935,-39.7049356984711,-40.7655552890398,-43.1068417966007,-44.205161356443,-43.6146658701887
-33.3045624993933,-33.2209021329703,-33.1044104108977,-32.955500616608,-33.9082215208902,-33.4206550615851,-34.577307126319,-33.9499547875917,-33.9002731528839,-34.9942163161567,-35.1469016207695,-32.817048635208,-33.3178627219745,-33.6037971191166,-33.9983725844748,-34.8276573028681,-35.202564005238,-35.5775926514865,-36.9926936971971,-38.7481779425095,-40.8877962785094,-42.1930372877698,-42.702923608337,-42.8617380577644,-39.0871934454979,-39.2575755858907,-36.3368840401848,-39.7267974980741,-35.8976933249115,-38.1690319946587,-39.1621490575171,-39.6263961713765,-42.9281931760998,-46.5429851719275,-55.0647511773103,-58.0948907386017,-55.5951476678215,-53.469702024932,-51.8091676408056,-44.2389920260549,-42.1299599097603,-41.0708607529312,-40.2169869155912,-39.9852791876494,-39.1593687893107,-39.8445549070012,-40.4484193087185,-40.5310073447591,-42.9842284289013,-47.2553766348699,-49.3292832776248,-46.5698275634216,-43.0154372004964,-40.7691708858994,-39.7214186219389,-38.2347683745449,-37.3747592828245,-36.7581277316965,-37.0285783573501,-37.3318086355277,-38.4652506358851,-39.7227961905442,-40.0867500988202,-41.2776011840737,-42.1819401567885,-44.877700096512,-45.2477940996943,-44.2560513751008
-32.0710825400763,-32.0453313830754,-32.148736819958,-31.9854187844398,-32.1338083848884,-32.1327941735335,-32.0917848105605,-33.2809967255316,-31.7005371511861,-33.0938050903535,-33.1106385903177,-32.0938608107827,-32.5955162964812,-32.7832816099833,-33.5014187438615,-34.612628827123,-35.1043890218591,-35.4785024746793,-37.2238627680627,-41.0338310726119,-45.6096196911659,-49.4698058964104,-53.0503551623842,-46.8863212488947,-41.2794711758147,-39.782511391978,-37.4684594130436,-39.5491991180336,-36.0836832929592,-38.6613335944204,-40.3478890301426,-38.9268186483668,-42.401883532897,-45.390186159184,-51.4108571347249,-54.4330752041268,-51.3579266324219,-49.7480023519004,-46.5058843426199,-41.664963887436,-39.7708696070594,-39.7205010278889,-39.3013685405846,-38.8634851712462,-38.1634676055811,-38.2063106632262,-38.8196424088919,-39.265828664286,-40.3599102879526,-42.5724520580025,-43.7603856144313,-41.7894510139833,-40.4471776535713,-38.9983037347583,-38.4709172108053,-38.0973745135814,-37.9423539315019,-37.5823709990388,-38.1445969685261,-38.2515545546114,-39.4710339628895,-41.3348285316188,-42.3344445999775,-44.1023897663366,-44.913545727062,-47.5776709570157,-47.1088588561453,-46.670562576427
-31.5720484313803,-31.5887619886759,-31.8615200707181,-31.8588954845161,-31.3962093365833,-31.8885011816377,-31.1163457660479,-33.1133950755444,-31.0604677008509,-32.0358026544126,-31.8682841345935,-32.3306928024072,-32.5647603991725,-32.676343359243,-33.5183551890168,-34.5928988660478,-35.3995773427642,-36.2636682359552,-38.0462794077764,-42.1711700650193,-46.01443267931,-50.7862800783846,-50.2922302222608,-44.7876402367924,-43.4834360840983,-39.7493573750766,-39.5976309237744,-37.8467001456231,-36.9274411816614,-38.6273573100178,-40.4506182554108,-37.8626057336276,-40.9779745638785,-42.8471738593801,-44.9921447073605,-46.9964835899852,-45.6017948380897,-43.4194640466696,-41.9384205985864,-40.4915657975111,-39.1260824143956,-39.4593604954187,-39.2066478665729,-38.4413583510135,-37.9864102756075,-37.4462517611699,-37.8244649315397,-38.6003810743045,-38.6286888297236,-39.2187811936652,-40.4400868944109,-39.2019406416089,-38.3839401577295,-37.5839369598454,-37.5581877174745,-38.1080051448526,-38.7006262562368,-39.0786013488263,-40.1137379803108,-40.2848556187006,-41.2338895839606,-42.8583470914761,-44.6224151802715,-47.4923763474686,-49.1949766311088,-52.3568598155193,-50.9287139477845,-51.4213554795337
-31.8920016341283,-32.0068572755656,-32.4024948257636,-32.6545303716554,-31.8641646099688,-32.613466493516,-31.5019772020653,-33.1458758350427,-31.6949135206759,-31.8245621983221,-31.5576016891265,-33.240796834864,-33.1372361704125,-33.3347398896349,-34.1358913966287,-34.9502345104541,-36.1417867616232,-37.8473932366399,-39.5498570305615,-41.7243645634033,-42.8968162702175,-44.1766682100416,-43.9880254720144,-43.0313025323902,-43.3215133702605,-40.1612146793528,-41.4989961727077,-36.726102878048,-38.5965962706158,-38.1954257714588,-39.517573076809,-37.1456933996224,-39.5271497147787,-41.0175648018835,-41.9154329596558,-43.0507453846723,-42.1568706211743,-40.1373391682717,-39.4604797906573,-40.0455824503002,-39.5147701755953,-39.7830721469603,-39.5427845038543,-38.6237961562712,-38.5427874261558,-37.7328407759411,-37.8248291896802,-38.6144880521106,-38.0514788805282,-37.613225902507,-38.4284600478674,-37.8695989183128,-37.1799416250839,-36.8107200218875,-37.0181410635202,-38.0354790955686,-39.2575953633194,-40.916589479704,-42.996942338488,-44.2658269992306,-45.3004497614351,-45.4235901156974,-46.3182628269729,-48.6006189666948,-51.5951021821789,-63.1469043579013,-62.9292599208558,-52.0058643194048
-33.079679606331,-33.4609660961636,-33.9910196616041,-34.533078481853,-33.7748597199892,-34.3206554971661,-33.1796095594972,-33.4635403181971,-33.3898909892841,-32.4650837097929,-32.2570119657381,-34.3847212849211,-34.2512675182419,-34.7897118999862,-35.4524763287097,-35.9452834654216,-37.3887636683435,-39.65046792185,-41.3369701172165,-41.5235178199309,-41.9381651580639,-42.3958475583088,-42.9119269800897,-43.6810040432662,-42.2435254187221,-41.5073991363238,-40.8579978581916,-36.9406604544116,-40.2090862432856,-37.6677733877651,-38.0726887284802,-37.1658393702772,-38.533022840885,-40.0401054213097,-40.5851007137819,-41.1111264970608,-40.6726953481305,-39.2351330468699,-38.8975319304329,-40.0909994948975,-40.2974439818055,-40.1331963977422,-39.8153475838496,-39.1518680030094,-39.5624806469314,-39.1128081993926,-39.0156354814638,-39.5103654886852,-38.6686412265517,-37.4320147699916,-37.3479026783557,-37.1936602279795,-36.5486648378649,-36.4423902659136,-36.6239101126731,-37.609966759095,-39.114996075698,-41.8814726449364,-45.6600393998863,-51.5068284944762,-59.2869541009104,-51.2648347776071,-48.379018786377,-47.2849397861579,-48.5184627478688,-51.8136688211429,-52.0827541447898,-46.4981235645147
-35.1088245374103,-36.1583817492607,-37.0205857383457,-37.9040375207002,-37.6523962592566,-37.1107606438841,-36.0526027925872,-34.2424466856888,-35.7809843307249,-33.9315705620532,-34.0202386958689,-35.4106934152945,-35.8942139565319,-37.0442550803465,-37.5950063298358,-37.8639907984671,-39.1858565225903,-40.8201363457212,-42.4696927550161,-42.388557586901,-43.2937068352174,-43.7355200625833,-45.2080155739672,-46.6988109460826,-42.5659077942684,-43.4056017265045,-39.5088943660208,-38.6965780383842,-39.8769036903242,-37.4221506836302,-36.9391146466691,-37.9710616534125,-38.1467409567861,-39.6983019400198,-40.3864474173659,-40.7055139041806,-40.9142141474381,-40.5114829663135,-40.2512207036953,-40.7448051043208,-40.9675686930155,-40.1123683926718,-39.6698764858761,-39.6344104741056,-40.5455299062458,-41.4888244564768,-41.7613908850108,-41.7770809246198,-40.6563557919727,-38.4176946382402,-36.972549280202,-36.7797291303664,-36.0630501709768,-35.985133727228,-36.0215771785325,-36.6689240819726,-38.0288141011397,-40.6066995351446,-44.1728235157509,-47.907552368812,-48.4958370676545,-49.5930939919239,-48.4849702714933,-45.3352399278358,-45.340780063089,-45.2183575478507,-44.7942288573604,-43.0311120422373
-37.6852641777434,-40.1862095147924,-42.3122804126652,-44.1017034308836,-44.8662152320763,-40.9633302549184,-39.6472359823191,-35.4490268732671,-38.0580708052649,-36.1037716127004,-36.8169997497643,-36.4452083632314,-38.1162538216664,-40.0053316669587,-40.7653108606228,-41.0748010117507,-41.6280430391059,-41.620756887598,-42.7699722680147,-44.1478719512141,-46.8564062846873,-48.6718824889633,-53.465941176441,-51.0614888210562,-44.977623655039,-44.3157127315089,-39.3641649056692,-41.7906476298542,-38.5108268866843,-37.6815035164234,-36.619472941581,-39.3014650915989,-38.3733916098096,-39.7914674344477,-40.9268641588566,-41.6764592430709,-43.0320010324713,-44.5675834627347,-43.97897236955,-42.2991465666137,-41.4274263649844,-39.7478611606292,-39.0978025247373,-39.6826196066212,-40.8563717931824,-43.8338531499748,-47.0003874951146,-47.1035344619357,-44.3591375751637,-39.9301268980284,-36.9683443773784,-36.2793348083112,-35.3699585083714,-35.053857976217,-34.9740279024477,-35.2972850277196,-36.3388225734813,-38.2068411213882,-40.6348307573831,-42.3214772421049,-42.2503859691871,-43.2065303566882,-44.3200944789293,-43.1357976290231,-42.8753736017983,-41.7146786272406,-41.2353856335488,-41.1225169913796
-39.9326980562819,-43.6644614113705,-48.7687635924511,-60.6057762781709,-49.4922259197117,-43.9105739371764,-42.5333204973972,-36.8306611295073,-39.1564320452116,-38.6163271084995,-40.0756050741967,-37.9657300417654,-40.964443688542,-43.3090304144373,-45.3584460818116,-46.3435887104685,-45.0102603381527,-42.9742328406041,-43.0621539647486,-45.6361550888099,-48.7275862719836,-51.4081280576704,-55.2215919160891,-50.0334176611853,-48.8875133706283,-43.6987384770113,-40.6767655366458,-43.5316576732041,-37.8159678477331,-38.4880322045318,-37.2571621109903,-40.4899294569406,-39.1352390244073,-40.1590651639106,-41.7003780437701,-43.564486539729,-47.6086857352925,-55.7177120709205,-50.6935277475955,-45.0616490566432,-41.8847633148938,-39.3864760266494,-38.4086149726108,-39.1843756423634,-40.1826166140848,-43.1086075944641,-48.5419175758141,-65.1302941776339,-46.3421539914627,-39.98027724885,-36.6518726298481,-35.3198485182639,-34.3057261178243,-33.6955353087179,-33.5758219348214,-33.7679732584192,-34.5510295431214,-35.9522894475614,-37.7063323067652,-39.2632867967575,-39.7322037199612,-40.2787455210038,-41.2182207210471,-41.549843066825,-41.3587886867194,-40.1696428601085,-39.6990402524797,-40.1955333293704
-41.1307367777081,-43.1278994757553,-45.2813460246492,-47.3716809299861,-44.5388300973606,-42.8587308421174,-43.470871482037,-38.2219261306356,-38.9872704904624,-40.6316245872694,-41.711221273683,-40.4655773219533,-43.9744639999227,-46.1852864949948,-51.7829019783907,-57.2265860679499,-49.5482093473231,-44.7242064243221,-43.6490578623042,-45.4240532773159,-45.2689453496739,-45.3580415892709,-46.1324942110464,-46.8849577522155,-47.854273657107,-42.9535737032624,-43.0859190803487,-41.7641601406494,-38.2049474481237,-39.80754231037,-38.8541795520692,-40.8565782279154,-40.2670781567695,-40.6403739340722,-42.0807762641748,-44.3811394387896,-50.7628234334374,-53.5702961184738,-49.4809347036675,-48.2604275341115,-42.4875479062261,-39.3276789707536,-37.9861900272887,-38.3993296965753,-38.868063123993,-40.1006662175597,-41.6905748356195,-43.8150158726238,-41.1731663570191,-37.7092663172697,-35.4090481776268,-33.8269361172175,-32.9273436616628,-32.2268804522497,-32.1395438993484,-32.3530845291186,-32.9645017590834,-34.0876557503698,-35.4356273718248,-37.2734212919432,-38.588395188758,-39.1328512263758,-39.9915266809748,-41.3176107105425,-41.3326133085297,-40.5126957032887,-39.8646473460614,-39.8356880186852
-42.0843672350881,-42.4044198269451,-43.090678968666,-43.7404588861515,-43.4226353413343,-41.3094650890569,-42.9406687035402,-39.7898721576826,-38.4242863344865,-41.1717299327728,-40.97359465428,-44.1113997744029,-45.1329355159981,-47.7440241278927,-53.076287671206,-57.9691875891116,-51.0439904654794,-45.3959299090076,-44.2589114115213,-44.3718661448793,-42.8479547193853,-42.6104634077269,-43.1964329351487,-44.8581294137116,-44.2588065786276,-42.6287995294419,-45.0583986852349,-40.2224617241413,-39.8160223703936,-41.6420034196739,-41.4883064223444,-40.6513481047116,-41.5074301589268,-41.0880035671111,-41.9335491603305,-43.0431271083016,-45.9425078741838,-46.9550115757307,-45.5542351799499,-46.9557741277021,-42.8378130624583,-39.588811391938,-38.0716417005869,-37.725300229448,-37.5252943134695,-37.4598815179032,-37.4855541623793,-37.9072841634109,-36.8083964106819,-35.1283605667843,-33.6384383260454,-32.2274580259173,-31.5206643577451,-30.959028503131,-30.951262652209,-31.229185197307,-31.7161818567939,-32.5895009592438,-33.6529424826668,-35.6772816130416,-37.6607624797752,-38.5599875833082,-40.015059017249,-42.8054445548528,-43.7240686579332,-43.4031662043789,-41.7073905836327,-39.6573788472327
-43.983273092266,-43.8009054424692,-43.9501911189412,-43.6980050357135,-44.4293329647129,-40.8634643627961,-41.7644755077627,-41.6846784119663,-38.2124528510465,-40.4677309997277,-40.0347468488047,-45.7097079410422,-44.1078685834145,-47.4860241817433,-49.0676879269006,-50.3021392628837,-48.071436370481,-45.2138394804281,-44.832246102901,-43.6611257985394,-41.9494616516148,-41.8558894635449,-42.1488471376963,-43.2984807608518,-41.8636425509539,-42.4525594328052,-44.7657618718695,-40.0537647566869,-43.1097446602852,-44.1322757258182,-45.5091578656309,-40.7052271609707,-42.5540768979659,-41.4730892690843,-41.7247957980991,-41.7844243109736,-43.0202721563327,-45.148990025391,-44.3816548862609,-43.6187787108371,-42.1811131675924,-39.9229956283552,-38.6802079698895,-37.4452908770619,-36.5742229317583,-35.7070190408242,-35.0683833712838,-34.6765473708712,-34.0394003133835,-33.2154920642989,-32.1327615918947,-31.0178483533299,-30.4512867942199,-30.1172390197574,-30.1810744702249,-30.4858701150193,-30.8765780419866,-31.4873655980749,-32.3515489949364,-34.2642492982695,-36.3554615937393,-37.5994362987857,-39.8589682084649,-44.8753160845349,-51.778672799176,-51.0462314942543,-43.9440759296876,-39.3434329944395
-47.6509256186401,-48.9760335668591,-48.0011164551986,-45.5602519971529,-45.7677649858185,-41.0407971596807,-40.5177171343869,-43.172022572558,-38.7233519873775,-39.6410075038556,-39.9611264249907,-42.7691997401461,-43.2499826628359,-46.2728722322555,-47.2177787151895,-48.0563638875346,-46.8073075891845,-45.9928313028402,-45.71692461755,-43.4080889264403,-41.8516916051102,-41.856651033515,-41.7247677311066,-41.7157233087172,-40.2059390942216,-42.0391316199593,-43.3346491604574,-41.0367192563847,-49.5878468945468,-47.8326172717427,-49.6312670736966,-41.742077432355,-43.138614342083,-41.8623933010488,-41.731715891375,-41.5080015075681,-42.1363004891588,-45.0773398733609,-45.0113717661909,-42.0321486313207,-41.1611898006803,-40.1671367811984,-39.5265744866384,-37.5857249628475,-36.1378007848244,-34.7740133456819,-33.8299359458342,-32.9255071134654,-32.4834129438103,-32.1128705290501,-31.3095870141238,-30.4869763007937,-29.9930893554007,-29.8413143023845,-29.9046795283207,-30.1576752879439,-30.4781744990638,-30.8636989030563,-31.6051008469444,-33.149592023731,-34.9593434750272,-36.3581408828254,-38.4285149068825,-42.6255583135704,-47.9385518111242,-46.3073749203713,-42.0695315088786,-38.7205188898977
-50.1320691144227,-66.1153729644963,-51.7658815652156,-45.7137593691505,-44.8601817419567,-40.9646214618404,-39.3529887144296,-42.4861055673841,-40.0506421899884,-39.3997669461232,-40.949707441406,-40.5475405827212,-43.3145867729693,-45.4691296014518,-47.4623532978831,-48.7041658398922,-48.2812158056427,-48.556820512368,-47.0224755389129,-43.2210331203244,-41.8861567323107,-41.6394008372695,-41.1773128625999,-40.103078550241,-39.0634819407573,-41.2699698522487,-41.8055738832392,-42.1323902040339,-57.3020985520731,-53.8486142962321,-47.0332155641358,-44.3747267089316,-42.9484017211317,-42.0851017354664,-41.7114052562934,-41.8411115265738,-42.5030297079783,-45.9841527078241,-47.3322032675339,-42.8816799609748,-41.2087568563782,-40.5104579701149,-39.9826780695536,-37.7827503885987,-36.042590347687,-34.4818968572,-33.4572802139011,-32.2994295351136,-31.9717345452495,-31.8468277782893,-31.3291776464451,-30.7819427372937,-30.3078948590005,-30.2032818985233,-30.1415348089383,-30.2466923662944,-30.5125765079367,-30.7735953841012,-31.4553861515439,-32.5351865161887,-34.0319186778814,-35.556831093097,-36.9023374659129,-39.1641144890808,-40.642837036424,-40.2306599808194,-38.8270396104499,-37.7751968201069
-45.1231530101343,-46.3066512793918,-45.5070249270225,-42.6380972115663,-42.1784677248868,-40.4163160296327,-38.4541013369453,-40.297820991103,-41.8444370273499,-39.9494187175807,-42.4923235852024,-40.0913993477461,-43.8646963331951,-45.4823163819342,-49.4286003799417,-53.6196437257688,-53.4409989844429,-51.7006916288325,-47.856011808853,-42.7020317411426,-41.7473768997772,-40.9884789267607,-40.2892762619213,-38.7814292311688,-38.5637844923895,-40.3495377517857,-40.3073315903672,-41.6811494645013,-49.4111262663273,-50.0089739002824,-43.7194796770302,-46.5814654014524,-41.7203001905891,-41.4610092339617,-41.1103963900139,-41.7992079100064,-42.7232560471193,-46.4077757612507,-51.7058891364324,-48.2522987294748,-43.1170455333537,-41.0125452615289,-39.5415520706881,-37.4219215084119,-35.8834477214025,-34.5938692121088,-33.7230198072213,-32.6605455926762,-32.4644113394823,-32.483636556812,-32.3062286700451,-32.0221504912859,-31.5056048632089,-31.2341665027029,-30.8830411546009,-30.7344148259349,-30.9244578746374,-31.1862270853527,-31.8475126518192,-32.5284376103277,-33.8811441849047,-35.6228747406244,-36.4496073670943,-37.4983985867205,-37.831544396655,-37.7053629329963,-36.9206241066327,-36.6482745755814
-41.0247358686067,-41.2819640216114,-41.5421138381348,-40.1860987436406,-39.8614211046319,-39.9410838214229,-38.2528697530655,-38.5718559126894,-42.7357316492893,-41.1828760625412,-42.9249571686893,-41.3029463768911,-44.0181140493121,-45.7348116156709,-49.8081258326679,-56.9110920182212,-51.8620132535365,-49.6429511688602,-46.5993504839062,-41.8849563780667,-41.5165616316399,-40.2793024641046,-39.35896973289,-38.1238676175105,-38.8235205587941,-39.6196047506029,-39.0850129611218,-40.5235305819567,-45.275691236705,-43.282970640698,-41.7429033641948,-42.2269769890497,-39.7518538584966,-39.6567631132481,-39.6358331787143,-40.5124055031487,-41.0190868902151,-43.5743729760274,-49.3974899901,-54.9793623860254,-44.5788258831525,-40.9000229279292,-38.4415026389952,-36.4656391828696,-35.4321313162635,-34.8876290545324,-34.4376850826658,-33.9485987638838,-33.9939915007645,-34.1657071461842,-34.435488096791,-34.3982401337486,-33.7152112385415,-32.9566514577719,-32.1084508044907,-31.5841255789866,-31.6096085758725,-31.9490743023677,-32.5862139855729,-33.0527109422241,-34.520193379231,-36.6816753695209,-37.558444749945,-37.8922566292907,-37.5415864418868,-37.1901779671767,-36.2389093531813,-35.5522259838597
-38.6992401076713,-38.9889025026624,-39.5564126507627,-39.0518453971559,-38.5681259086092,-39.8361812705821,-39.1491347957551,-38.0922275518491,-41.9296065790945,-42.7657733971113,-42.2006429188582,-44.0337182059765,-43.7559964003862,-45.3086494494551,-46.3283866901629,-47.1278514485531,-45.3098176221189,-45.6155644646318,-43.8119703220186,-41.0759030031919,-41.2129188833588,-39.780271889939,-38.8603089723396,-38.4387713745727,-39.8614411797815,-39.4306538151839,-38.5978770087399,-40.3152610396024,-41.7059258012449,-39.346780549944,-39.8896901020347,-37.983977932897,-37.7134269724311,-37.4544084043626,-37.6501373461724,-38.3115898766309,-38.3447506260939,-39.6486853192288,-42.6482106038499,-41.5424886884834,-40.4655190433992,-39.4156383794624,-37.2076074651823,-35.5527765073109,-35.0020517957708,-35.3010452083128,-35.4853941918843,-36.1110723361195,-36.6195967030634,-37.1422948030083,-38.143776036439,-38.3520872069354,-37.1748321062016,-35.4070676481368,-33.7705381723702,-32.7251681507619,-32.4195503560054,-32.7754003383087,-33.3244679653669,-33.764967481989,-35.4911354557242,-38.4765353673946,-40.7613210369029,-41.0976676236403,-39.6781020038195,-38.0145363391154,-36.2394041604151,-34.6367735860406
-37.6594655548391,-38.1200229453683,-38.7121217829868,-38.9302426161623,-38.3456330197608,-39.9657205619858,-41.1895664059145,-39.2459272567247,-41.14431912525,-44.4632474076395,-42.3869751123343,-47.6214297754597,-43.9760973749098,-44.4748775336929,-43.5076405130718,-42.8180777976936,-41.8045938087642,-42.4368439289851,-41.03970504721,-40.3988562753979,-40.6263667882656,-39.5852355438535,-39.198632225918,-40.0631520814682,-41.7692554495324,-40.2038356865295,-39.3889052993689,-41.1710820686255,-38.6320361293938,-37.1088256175897,-37.7079172726719,-35.5356890265986,-36.0680501874622,-35.6430581443875,-35.7962273057036,-36.1330526219424,-36.1750908112588,-36.6790865326789,-38.1947638544019,-36.7470722735407,-36.6490838837842,-37.3600998746012,-36.1328308594215,-35.1580086555986,-35.0795751434249,-35.99537142101,-36.8952506037198,-38.9741685533237,-40.2755668173844,-41.7304291574632,-44.532001647559,-45.3530404609149,-42.2921332483598,-38.4807378368646,-35.6703272953661,-33.9926932895947,-33.1750906117549,-33.3168963256726,-33.6853114719286,-34.1391021114371,-35.6941315678426,-39.4303199785056,-45.5213199971994,-53.2660831942473,-44.1455157009359,-38.839171672039,-36.0948565068492,-33.9347526781738
-37.6489931414225,-38.1866861492365,-38.5997685717414,-39.441405885698,-39.0870743346638,-40.163637751109,-43.0929046117826,-42.6524582624247,-41.8199663185329,-46.7239804024496,-44.8636476663922,-50.7998640770125,-45.0584540701984,-43.9866702988953,-42.0375759392695,-40.6703359368697,-39.8909498263105,-40.0097524802469,-38.8465635197973,-39.6728878986061,-39.6385383200484,-39.6905071594828,-40.6464798998986,-43.6367560162006,-45.2237331189079,-42.7321985299886,-42.1382720467128,-41.1814068378388,-36.6667078309096,-36.0477015738108,-35.821640237327,-34.4646664207706,-35.0165716592308,-34.5545644546565,-34.5519603256127,-34.6086418294113,-34.8793213337396,-34.8502575062418,-35.3788501036511,-34.4649389276795,-34.5526747903205,-35.5928343729663,-35.3213598515551,-35.3584138746507,-35.8895468683461,-37.2194494307462,-38.8979390577792,-42.0607155794925,-44.3917616802818,-47.3199691690594,-55.0796779879822,-69.145023228907,-47.1518380839401,-40.8153125761035,-37.0991242843184,-35.0133173108374,-33.6907669473327,-33.3664097602473,-33.5202879660909,-33.9688687564783,-34.7585815877889,-37.8502501097185,-42.102187799218,-44.83026650446,-41.7156996929595,-37.621018748939,-35.2068802635035,-33.3925172799171
-38.5555404242753,-38.940266399536,-39.0348954286601,-40.1932241539244,-40.5726792871155,-40.5415897382295,-42.6814667187022,-48.6215860195953,-44.958220647992,-50.7663468276416,-51.2917315635563,-54.5722688385936,-45.9702169295751,-43.634269765008,-41.2138172407344,-39.4399824599744,-38.7784489775318,-38.1793736135122,-37.2983075469098,-38.6268272688235,-38.4456779762398,-39.8878909649234,-42.8390869197835,-49.4459640012747,-54.2052878146121,-49.4434769283955,-45.7386032233687,-39.0177651543487,-35.8936304399143,-35.792891222042,-34.7136737365186,-34.4523705663919,-34.6353239072737,-34.3134996866984,-34.1956421840698,-34.0593289252847,-34.4945182357365,-34.097893362302,-33.8408052809211,-33.6189352884292,-33.6898803382658,-34.3113583488047,-34.7867038119785,-35.8871817852931,-37.1276029696747,-38.956323152346,-41.8607810209507,-45.2111689827388,-48.7412081737481,-50.526119302973,-50.675619857663,-47.8611215329708,-44.2137885708433,-39.8019492184605,-36.9871913638287,-35.2600721951875,-33.8251707640505,-33.0238011372475,-33.0181199508136,-33.5601491839348,-33.7099705363657,-35.592359023195,-37.5687674073016,-37.6620742052052,-36.7844870786554,-35.3954491823956,-33.9579755462298,-32.9367135826258
-40.3762991220842,-40.3001497016123,-39.9953212859694,-40.9050763862131,-42.3625393341687,-41.366753091632,-41.6872238183327,-46.6256095823792,-51.6854931660521,-55.4324163722966,-50.8833287954431,-54.6566333162163,-45.0139649718391,-42.6375947308773,-40.2876324628896,-38.4693947875148,-38.0053172631132,-36.8352144586008,-36.3199933290067,-37.2822938374288,-37.3239979300944,-39.6393255399923,-42.6751596007483,-45.669924379464,-51.787799608673,-48.7901074155173,-41.7336163095211,-36.8880853972005,-36.0578143316078,-35.9440614221866,-34.449654728538,-35.2152522888067,-34.9518183567945,-35.0032457881468,-34.9359230314507,-34.7152548320225,-35.070418494314,-34.4250019184912,-33.4679312557806,-33.7284750319682,-33.6066272155793,-33.494538316001,-34.4541938288002,-36.1481131520791,-37.6233974956239,-39.9703914454409,-44.6078198010473,-50.2487943804155,-58.8428283094148,-52.7806624387913,-47.1695447392223,-43.1819205776901,-40.4817506849978,-37.2710615122521,-35.6111313856364,-34.620974987563,-33.5723882714841,-32.6020430280187,-32.5340611795118,-33.25232930956,-33.2609626445456,-34.0926456249956,-35.1535348829953,-34.7815684226332,-34.2817833298793,-33.8451151916568,-33.0247307246224,-32.5548355877436
-43.2170991757959,-42.294496986902,-41.5233503649345,-41.592115065061,-43.686823082732,-42.845811676373,-41.954629451938,-42.9551424230778,-48.5989182387653,-50.2778214763408,-45.0485613915368,-48.2654780260181,-43.3143349047375,-41.1822401143266,-39.233709188613,-37.6963480828866,-37.3837306396946,-35.9336198129358,-35.8063374707544,-35.9806566070439,-36.4043385777504,-38.4567666680176,-39.4052963034004,-40.2002063131904,-42.1423437705101,-40.401830988555,-37.4273829880494,-35.7945149100518,-36.5827228290294,-36.0913363893459,-34.8812911410019,-36.3831206173959,-35.9487923173091,-36.7212670630222,-37.0580246865447,-36.9346906129495,-36.7827507540722,-35.8876973443428,-34.229157038505,-34.4141506354974,-33.9493016833577,-33.1227705519977,-34.1606525287753,-35.6363332133923,-36.6208024679819,-38.5208509731689,-41.9244190737955,-49.0063978837324,-49.1457663865363,-46.7924661949884,-42.8364865870565,-40.0771254084888,-37.63557882006,-35.1538316069353,-34.1299532685101,-33.6189696990158,-33.1126847885526,-32.3997030212889,-32.3762687534721,-33.2220213076521,-33.5545529560869,-33.6029786614363,-34.2402874597794,-33.9245226543836,-33.5673382623785,-33.3370788270679,-32.7414035198062,-32.3459455336774
-46.9997358869503,-44.6661937166619,-43.5170290335709,-42.5141271222708,-44.0485152937246,-45.1425254243057,-43.9807364862462,-42.2985390016076,-44.3417071262142,-46.3203841163025,-42.8018843761014,-44.3205615917044,-42.250611441224,-40.1393840946566,-38.6260048558866,-37.4561162552866,-37.0033030609416,-35.5431268857861,-35.6694019941335,-35.0561915283122,-35.6836647461734,-36.6395738415453,-36.4496565913329,-36.9317488801931,-37.5754580904248,-36.388965629295,-35.1969643062963,-35.5859447570422,-36.7299871246114,-36.0310766376846,-35.7642037331434,-37.5011534480953,-37.4877582150609,-39.5325259110236,-41.1453643916476,-41.7105931736552,-40.0890280615402,-38.3346107416683,-35.9547254521122,-35.2642026877677,-34.44092205291,-33.1727091872023,-33.7710338695458,-34.5709355518631,-35.1572418927852,-36.1764417043405,-37.9095983681531,-41.0957654761821,-41.3368404713879,-40.4326489417859,-38.5409840282843,-37.2974919676329,-35.3624311391666,-33.701389113141,-33.1105273762236,-32.796814783505,-32.7169996959646,-32.5747073331537,-32.7049156606409,-33.5804774393589,-34.5378803347068,-34.1935349141125,-34.6317869412355,-34.6246721135557,-34.3108818230735,-33.8468065289708,-33.1865989662635,-32.4948604076725
-49.0018634160512,-45.9605498181394,-45.4298608832512,-43.9139031839656,-44.1258536747842,-48.4810204182566,-48.5825553907246,-44.0785616211608,-43.6174872896314,-44.6504315912844,-42.3565867802324,-42.1633749578133,-41.9742296455553,-39.9798220890494,-38.9393466838582,-38.0922387378718,-37.1215231350448,-35.8115191283728,-35.8622179539828,-34.6785660828036,-35.1301497528111,-34.9005930319981,-34.5020066170788,-34.93195236036,-34.8944095919993,-34.3693472304924,-34.4087176570141,-35.8563039922317,-36.35266040378,-35.9045324736667,-36.8600722622218,-38.2403256183921,-39.1443633864189,-42.8888916044531,-47.7994855098799,-55.3393332077184,-45.8408556368436,-40.2875579118246,-37.6802559099168,-35.8794086938653,-34.743592379222,-33.541975260216,-33.3484278226541,-33.5275511694403,-34.0753874972532,-34.4691430285447,-35.3011181717105,-36.6576263799627,-37.2993533066248,-36.742856631108,-35.6889827308889,-35.1271883411543,-33.7759409457084,-32.9281566675989,-32.6915668320893,-32.4270536606799,-32.5999810847571,-33.12292107542,-33.5014612548621,-34.3707081170614,-36.103120171403,-36.0496601626617,-36.546831835988,-36.9378495202611,-36.4087780403758,-35.2564965043659,-34.2968896376974,-33.2023358527838
-46.4491800042081,-45.1013939618115,-46.3234678166298,-45.680399553339,-44.8876650589725,-52.0486366821006,-60.3802006558377,-47.4689255746041,-44.9324307551704,-44.2305665315834,-42.7390280524189,-41.0978029953264,-42.3479032441271,-40.8897931972616,-40.493481403333,-39.8979786053374,-38.0530462398308,-36.8943352174943,-36.3765740574935,-34.8670890794958,-34.7601346664586,-33.6918035661216,-33.4290319515997,-33.7707296902713,-33.4068957684863,-33.6203784843915,-34.6120419153765,-36.2654636527797,-35.9750906549345,-36.0726435278948,-38.0657676549058,-38.5945433245326,-40.2927249203074,-44.0275384093865,-46.8924092629724,-47.9004886830184,-47.0523189473236,-39.638737199094,-37.7225903446136,-36.0769958641894,-34.5559172399309,-34.0228637382906,-33.1249243841042,-32.8930534155193,-33.5253015157408,-33.6228152632195,-33.9445943595604,-34.3110222158308,-35.1472462604905,-34.8743641788995,-34.3124826707159,-33.9214170430854,-33.0969501345366,-32.9016970388302,-32.8854786348458,-32.5999750559814,-32.8505152180772,-33.878680661516,-34.5381892798429,-35.3994762226695,-37.9926131028128,-39.581177119747,-41.0045138870285,-41.3735004878102,-39.5468989908502,-37.2354281910871,-35.8679670620901,-34.6331059702354
-43.612948515302,-43.6084924979153,-45.6085366915832,-46.6214813712566,-46.3124993099321,-50.3659445898111,-53.0266340644515,-47.2127433326111,-45.0086951502484,-43.9995344162771,-43.4891815667404,-40.9242256547971,-43.3418326241657,-43.1493761209346,-43.7928994377511,-43.3392832594844,-40.1373381202443,-38.8610209739424,-37.1928837274892,-35.5002537893482,-34.6219214986507,-33.1793957460597,-33.0851957849161,-33.2389090694092,-32.8591689364888,-33.7905925002642,-35.4367582220742,-36.7101080199412,-36.0906807310364,-36.9827979795137,-39.5145675242064,-38.9305871670643,-40.9169300028616,-42.457531618399,-42.6457543884984,-41.9635943394749,-41.6391854322474,-38.2001069372769,-36.7708359681225,-35.9995265282675,-34.1474888921195,-34.4493008844642,-33.3283751489042,-32.8703221987292,-33.4609250002912,-33.5244105140065,-33.5646412617182,-33.4390775128689,-34.324002476735,-34.4160102422352,-34.3161009093693,-33.9127881993331,-33.5424292405603,-33.7314474469514,-33.6706906593024,-33.3047644928999,-33.4303140597641,-34.5421017055588,-35.4042189446594,-36.1082844566515,-39.375127988577,-44.3106712916691,-54.4929000132795,-46.882165216467,-41.7246439595425,-38.9942278175016,-37.5762614461558,-36.8756076267132
-41.6424699328146,-42.269441237711,-43.5297246945248,-45.1396457644956,-45.9706281943215,-46.2031062593316,-46.9954643789563,-44.1778994902286,-42.5378650434723,-43.2431177660977,-44.5594934978663,-41.7858900348723,-44.8032354836064,-47.4669099581131,-50.6704818052178,-49.7206056332983,-43.4377621244922,-41.3166813436175,-38.1331461904101,-36.3004742063954,-34.7220414016105,-33.3702069886583,-33.3518935062371,-33.2271251680064,-33.120546061515,-34.5842788451582,-36.4514642673302,-37.1510161930975,-36.9875414509417,-39.1834064384679,-41.7112902100043,-40.0001929417698,-41.7284211404107,-41.0019923482524,-40.6170806303537,-39.8708136872534,-38.6096762428571,-37.4346292729983,-36.3538540249684,-35.9616411753595,-34.2294718896926,-34.9505147565731,-34.1195455370128,-33.604158960788,-33.8578859252952,-33.9989450721091,-33.9207822143806,-33.7138134599856,-34.5595101177181,-35.2149682821406,-35.7793697126385,-35.4273015306394,-35.4325336543101,-35.5596087405387,-34.9942739492689,-34.4295681787302,-34.2019279913719,-34.8389356109113,-35.76284813501,-36.0940258923622,-39.0963385244004,-42.7675238828866,-45.0960485096425,-43.6702541724461,-41.0171820862725,-39.8130729258275,-39.1735018618215,-39.8213441376841
-40.3177174425621,-40.9927917606414,-41.1608359529668,-42.4977169312986,-43.1626771949401,-43.086712575391,-44.2607404164281,-42.6424991994985,-40.832183468457,-42.3439018877154,-45.1252791295912,-43.8213656750906,-45.466386609629,-51.604021065676,-60.5499421727358,-55.2448430385113,-45.1269014083989,-42.4946269160597,-38.700469704361,-36.929874737441,-35.002421228417,-34.162629465494,-34.098387527068,-33.6884819376185,-34.0709323044863,-35.6198683984257,-37.0990546732118,-37.4103037627756,-38.6544800652536,-43.261430941926,-46.0563582377744,-43.0963469445358,-43.1270082438458,-40.2930234457012,-39.580516926369,-38.9865435173627,-37.1456116451832,-37.2904667774858,-36.7895643414794,-36.2907924986159,-35.4248009565564,-35.9797244336915,-35.6727657490435,-35.2603562819225,-34.7641304060028,-34.8339456471407,-34.7372157531245,-34.7825836392439,-35.5357781098682,-37.1658241038974,-39.0990165060035,-39.3704213233711,-39.5219475747582,-38.5546892549848,-36.6673328332193,-35.6782322473748,-34.9663599421795,-34.7633351414086,-35.6469906377895,-35.7574772022533,-37.7016326491409,-39.1384386030898,-39.2811690443983,-40.391981421952,-39.9822381364735,-40.1020435418621,-40.5942595971492,-42.763345171666
-39.4437309255843,-39.8244188812306,-39.3975362845289,-40.2989957764092,-40.7073176284956,-41.0269531615654,-42.5451085313197,-42.4752720362428,-40.6696911677556,-41.8207443126981,-43.5829886382893,-45.6356374209986,-43.9867290481413,-46.3033739912152,-48.0611969009481,-47.6992550186302,-42.6541504923172,-41.4436041064523,-38.5145947697187,-37.2898295997022,-35.4329293236823,-35.3625783686853,-35.1592510159732,-34.6072389852274,-35.524704512716,-36.4517140250454,-37.081219116662,-37.414916325474,-40.0510548774232,-45.835669070066,-62.2531808008857,-52.6652736387861,-44.1381213441526,-40.0516682486201,-38.7856650651842,-38.2400248014168,-36.5734226150135,-37.4253733669447,-37.7640812864572,-37.305434086397,-38.3023103735743,-38.2321604641405,-38.3522697015189,-38.0645286505831,-36.2694442088023,-35.7751131556203,-35.6498900161524,-36.0453257378961,-36.5618575434432,-39.4197359838908,-44.2666449726988,-50.9528721194715,-47.3530258853897,-42.2313354828171,-38.0019682459669,-36.4747248323633,-35.4738618209074,-34.5566962322626,-35.3312201513463,-35.6616322828659,-36.493424450793,-37.4484226969756,-37.4758348530796,-39.3387826348088,-39.956340017893,-40.5482408469277,-41.6461950172928,-44.0473339084322
-38.9452338348785,-39.0120707729539,-38.5694460165082,-39.0432899204138,-39.4255071753784,-39.9458486323301,-41.1400260208581,-42.6595011557975,-41.6548618897424,-41.5796505661802,-41.2171380473647,-43.8188658238659,-41.9639761768404,-42.3620703930006,-43.8424625967252,-43.863174465526,-40.5980627558685,-40.1694862858353,-38.0827043726927,-37.6512270496208,-36.1334184568576,-36.7387800195439,-36.3539951176936,-35.9465531954475,-37.1750254133563,-36.9244098664278,-36.8770786835168,-37.4623309026447,-39.6833778035495,-42.1225802484944,-48.0665732347091,-47.7353471205122,-42.794012689038,-39.732363534703,-37.9887452044331,-37.2486507283594,-36.4490448685391,-37.4928747532352,-38.5897982639578,-39.2338985466714,-43.4045923001541,-43.1274310898791,-42.9974090825721,-41.9363547006414,-38.2807598108913,-36.5638051050771,-36.2566923459083,-36.7548633423369,-36.7529001977184,-39.2162108970441,-42.5493433004693,-45.1951913357453,-43.8532673852079,-42.0517595552247,-37.8193483593065,-36.290904983194,-35.4702412485708,-34.4480973966355,-35.0536847138085,-35.9634973772017,-36.0130064914228,-37.4116817867989,-37.9105575226858,-39.989537932211,-41.0477545663683,-41.3771998511371,-42.0596989443776,-43.0853659459955
-38.8187980985516,-38.7376978529858,-38.726470217447,-38.8944043106161,-39.3538610585401,-39.941950491973,-40.2965878461322,-42.2267475550829,-42.81929687645,-41.2740120546062,-39.6094972484055,-40.9525763985237,-40.668670669727,-40.5462993609362,-41.9137199880073,-41.9557380058987,-40.1580772044785,-39.8405670849504,-38.2789045025181,-38.4182588971335,-37.3584076433649,-38.1180879972857,-37.5378656344673,-37.5856927836276,-38.6287145868095,-37.4192504229417,-37.2741309264778,-38.019527821804,-39.0015969778841,-39.8280040885369,-41.7213646718702,-40.4407270049903,-40.3222681866338,-38.8772820747869,-37.2444020765372,-36.226736046161,-36.4229248564313,-37.1094740514199,-38.5456178737955,-41.2146645664902,-45.0160542624741,-52.8494339614094,-48.0675681885558,-43.4509611690894,-39.7361360701746,-37.0415937843229,-36.3743754605962,-36.6655252261331,-36.2227469516397,-37.0269893248929,-38.0547711294216,-38.227711101653,-38.5344387284346,-38.3590877593598,-36.3015946143692,-35.3433698894957,-34.9357390975489,-34.5037655426557,-34.9083280295394,-36.4806857012934,-36.3493679606396,-38.8799804571056,-40.4397036499777,-42.4404008309002,-43.3666800903696,-42.6406646892954,-42.0737900134231,-41.381271793471
-39.0647404246602,-39.0453743575608,-39.7928940012827,-39.9688881617786,-40.6537505520841,-41.2942582594098,-40.6687150887084,-41.7251675944156,-43.2255416381496,-40.9547311708185,-39.0093338971034,-39.1649457059397,-40.1988157243812,-40.1313438735106,-41.1703219093762,-41.2448867073193,-41.3425674721584,-40.845077813856,-39.7955199853973,-39.9706167821562,-39.3658084612406,-39.4030911087491,-38.6223221221127,-39.2803350385379,-39.6081011057138,-38.5202186023291,-38.8755874596246,-39.5802138035825,-39.8999078704613,-39.8485278792765,-39.240723037186,-37.740073134021,-38.3957978621842,-37.6585449515202,-36.6280345250242,-35.49102146496,-36.2681668424724,-36.1906528924811,-37.6366601710019,-40.027661458004,-40.6610341553834,-42.9545110653139,-42.8957643256985,-40.5777418745869,-39.0356079262283,-37.2356072426538,-36.248992933616,-36.1747063736888,-35.8035010706362,-35.4359917404399,-35.6922270560075,-35.5853842735573,-36.0345502714292,-35.4914592281915,-34.7170198398181,-34.2818657241617,-34.1855176190026,-34.6234365837586,-34.8363622151822,-36.8524459458091,-37.3141565780128,-41.627016462337,-45.1827128245237,-48.1531455456592,-47.0664588775417,-44.1779746465521,-42.0174373683514,-40.0816666184588
-39.6205820755514,-39.8644632743479,-41.4764679778949,-42.2427709486023,-43.9263915847568,-44.7269573658872,-43.0787669901627,-42.2897176927428,-43.1893113391088,-40.9764992921658,-39.2715297855064,-38.4918703755752,-40.3090565847125,-40.5701301354501,-41.0568883944333,-41.5323385191719,-44.3184721345495,-43.7722392613714,-43.5370177030296,-42.6782040934887,-42.2485246113926,-40.5364748120897,-39.5470295742497,-40.6554888992968,-40.1471589251088,-40.6964221140357,-42.1606413964957,-42.9208706933596,-43.7115913641163,-42.0534732969788,-38.8523103983096,-37.3300542975742,-37.2820171603152,-36.6016385342138,-36.1592849333059,-35.1971355469212,-35.9391960296494,-35.2376043191043,-36.5032192774405,-37.1748269018171,-38.0909805934372,-38.0835444960493,-38.8619240268395,-38.0678080961468,-37.3977161346627,-37.3127075196266,-36.331372334818,-35.8706180135356,-35.98377999223,-35.0575147062537,-34.9218980667021,-34.7785688701105,-34.9278543950288,-33.8367218175509,-33.6665325332387,-33.5122888615219,-33.5589588466158,-34.6099415555288,-34.7076229010343,-36.7615882332792,-38.2237529381331,-42.9420735132747,-46.140859612168,-64.2243180123743,-48.9047088211928,-44.6953573429494,-41.697554552557,-39.5559926540777
-40.3108211935467,-40.9390420588826,-42.9045011213793,-44.5220573175414,-50.1003136192621,-53.5000962552823,-49.0971143935127,-44.1987617482308,-43.0538510703945,-41.3759456774097,-40.2238217110107,-38.7966769675328,-40.6896283588362,-41.2134383276302,-41.1219258418448,-42.6185729976862,-48.6195401185773,-50.9400032121134,-51.9765002180579,-46.2582925258171,-45.368319192307,-41.46959938755,-40.2561363715471,-41.2313730541078,-40.4665104312554,-43.8673466045552,-46.4099728058018,-49.7585109141292,-52.302814180148,-45.5399909301969,-40.1074437689599,-38.5032880520569,-36.8657431170183,-36.0457458991543,-35.8686679757625,-35.3640361992314,-35.5768994593721,-34.8119848197685,-35.6918360641634,-35.3515463194357,-36.9649710842595,-36.053839465585,-36.897076526417,-36.7318722128743,-36.3765773791684,-37.4592567265805,-36.9540984555574,-36.3257170173217,-37.0051952902239,-36.0173203621413,-35.4908063468998,-35.164969299311,-34.6742377013702,-33.2113330291039,-33.2192399688903,-33.137397642808,-33.1969328311143,-34.3178871453355,-34.4860900569317,-36.2083328253152,-38.1473142195143,-40.389930965456,-42.1036740481256,-46.5063387096331,-45.2045597511521,-43.1071957785866,-40.9578338873159,-39.7762109213174
-40.8562704582402,-41.6538779094974,-42.8822155499739,-43.9863746307018,-48.1352884109814,-55.0681481810278,-49.7735375418947,-44.9728301374659,-42.414992405449,-41.7268790317496,-41.7694262625265,-40.0856015850847,-41.1269457697022,-41.5553961310503,-41.1962925441499,-43.700547666508,-47.8119503648526,-56.8104558446377,-49.2945781633095,-46.1763888945822,-46.0558165989295,-41.8262953451388,-40.6658571691386,-40.7845165598333,-40.6284828402884,-44.954809472975,-45.4196330977256,-49.4105512485887,-45.6412511534074,-44.4483911301055,-42.1859577505806,-40.0502438777822,-37.0056174812591,-36.1114422687902,-35.8574051590779,-35.9343129884867,-35.4436064074177,-35.1834103908939,-35.4736439875505,-34.9061728493102,-36.7098711153578,-35.6677951636367,-36.2169308464128,-36.3680707829717,-36.2878837259544,-37.783454458302,-38.2059173028677,-38.042378043079,-39.247339669484,-38.6692814370929,-37.5081055257165,-36.477169194045,-35.0122902723331,-33.3856236425901,-33.2367635098448,-33.0758866751679,-33.0709516739982,-33.8087768964675,-34.2977734246067,-35.5219624379049,-37.331133194458,-38.0842937395459,-39.950004617595,-41.6712425862368,-42.156951049945,-41.2085182671404,-40.2428150975149,-40.4582416245405
-41.013345077413,-41.3984766480287,-41.723898880773,-42.1434751849921,-43.0727456019335,-45.7979438316605,-43.5649774956281,-42.5568238661779,-41.4526867011683,-41.8593882626322,-43.7959325566309,-42.5039315454862,-41.6729470012769,-41.7744312238096,-41.5315896218581,-43.5234092669805,-44.0699646110732,-45.7356832069404,-43.3082455307065,-42.7202358015583,-43.5049929860106,-40.9410235193911,-40.6197886396805,-39.7667227582045,-40.4273468824888,-42.3039940133938,-42.4042896675701,-43.38906571243,-41.213044713215,-41.2618100113004,-42.2257743589494,-39.8978097741259,-37.6109956406239,-36.8282495954828,-36.298204937538,-36.8258249246555,-35.8234100404498,-36.3860142124689,-35.9623204561107,-35.7837684128665,-37.0691463214905,-36.5515360114301,-36.5002797843592,-36.8427752153329,-37.0374375946722,-38.2590155626407,-39.802289799977,-41.2577003997406,-43.6720486878796,-44.4257242241147,-41.5029723670189,-38.4184199675686,-35.6293495091261,-33.9607491381322,-33.4535897556143,-33.1349581385154,-33.0733524150175,-33.3227956776306,-34.3148924000766,-35.0917781681082,-36.7973353747462,-37.3201140000924,-39.5393337518287,-39.8104768341968,-40.7600779771339,-40.2478722656317,-40.0519150332233,-41.1414113800141
-40.7930596030313,-40.5414762357781,-40.5879354072875,-41.0571088717221,-40.8730110448278,-42.4604730002316,-41.1250273437406,-40.7389861406098,-41.0768210870038,-42.4307669729134,-45.6861896374059,-46.0857860620491,-42.7090830718948,-42.4278345009287,-42.5032885393533,-42.6070800919233,-41.8346580335378,-41.6887937472861,-40.847630210212,-40.2312493085921,-40.5456547210059,-39.2610218402641,-39.9960242072626,-38.7847693803027,-39.7717412092056,-39.8633895723951,-40.7814782533008,-40.8506893997622,-39.9487578518936,-39.7107387325808,-40.1881370858686,-38.8403350103882,-38.6803554317558,-38.2154079292177,-37.4120003950247,-38.0035575764005,-36.9589968885176,-38.2752193149107,-37.216256365812,-37.9529296185798,-37.9925639435854,-38.5992878432512,-37.7597664517419,-38.1371289789906,-38.4782737436339,-38.7746536696064,-40.94561749059,-43.5833099471583,-49.8208167267303,-58.3576329270988,-46.2180994179592,-39.8144918220831,-35.8776860299486,-34.3046918233423,-33.5240883046774,-33.0848415383473,-33.0784512526122,-33.0908926044982,-34.6234870388082,-35.1801300431248,-37.1730888382716,-38.1693669133671,-40.6077142178569,-39.9011203098005,-40.716246847999,-40.370393546211,-40.5382124164956,-41.4778745211301
-40.5163266486438,-39.9285965667108,-40.0256338362981,-40.8224062428917,-40.3729371205183,-41.1020509958528,-40.8972217042971,-40.8213438969935,-42.0237283062096,-44.2584995563357,-46.3614491941885,-49.4047547259265,-44.9563975728515,-43.9118345323464,-44.2242018215309,-42.2131832062774,-40.8366504571594,-39.7120543339602,-39.9143997616,-38.9084387420605,-38.3716276138846,-37.8659051979828,-38.9499567530575,-38.1176970161836,-38.9417120932077,-38.4436999574729,-40.0659913902974,-40.0431613043036,-40.3134841863039,-39.6206855141887,-38.9036917535544,-38.6988744126178,-40.3274385947667,-40.3331469586591,-39.478343255364,-39.5573932547747,-39.0346083598384,-40.5047074269532,-39.2837075044488,-41.3363822756164,-39.5890070354206,-41.9116475358626,-40.3801690456995,-40.3688867848651,-40.5713232738762,-39.3562677473552,-41.0063787474836,-41.435290136742,-43.5950908208359,-43.8853077278795,-41.8802684731455,-38.6406766333679,-35.1227716635141,-33.9711069223727,-33.183371543716,-32.77105938918,-32.9741168372521,-33.1725859546855,-35.130012062514,-35.8460874657423,-38.8485607781721,-40.8999734522396,-43.5139956888906,-41.9275435700285,-41.7009658181241,-41.3325496161993,-41.5433440538281,-41.5578509027199
-40.6419616212747,-40.0451285593208,-40.1883618720012,-41.0968386607274,-40.80599417909,-40.8184710046816,-42.0472067296593,-42.8192415069993,-44.849673956849,-47.2963491819245,-46.4404975446739,-50.1831201425128,-49.955375226874,-46.2097743202745,-45.9331271674832,-42.4592245793497,-40.6460227289612,-38.8557014099673,-39.6626347965725,-38.4060175517193,-37.1932496897206,-37.2350042306661,-37.8942388787251,-37.8189859514872,-38.2613758987679,-37.8902066197684,-39.6918882977578,-39.9701332706292,-41.3734837300738,-40.5940249774439,-39.0839787722499,-39.945922415261,-42.8088299744508,-43.3693560691808,-42.9318333941358,-41.7304216425746,-42.1206749943884,-42.5593023377791,-42.1756465719803,-45.2142847643685,-42.1023601571387,-47.0220563179053,-45.47633624969,-43.8993438143783,-43.3022818198335,-40.2888823000371,-40.3846667478881,-39.2626615232759,-38.9563201332103,-38.8205197848549,-37.4657822624026,-35.9829481034459,-33.6872967475815,-33.1439782558853,-32.4448249905439,-32.2014034341235,-32.6900403751922,-33.3592689216628,-35.440275489941,-36.7232330531769,-41.961389747967,-45.9641276051339,-50.4176752773053,-46.0239228534546,-43.048973979296,-42.5588669086617,-42.6266259558275,-41.7900851896001
-41.6170799250718,-41.0827152071597,-41.1091907188432,-41.5494956311593,-41.5193674778742,-41.0970283995272,-43.461051597044,-45.3035318533491,-48.3597119189026,-47.5075802688573,-47.6017209846258,-51.4568755135427,-59.1632140748559,-47.875002672041,-45.9446741704648,-42.5078493900863,-40.9436258664283,-38.8080821578837,-39.5804781670924,-38.4255342450199,-36.9763533107555,-37.3931252063637,-37.2508533546955,-37.9144988757899,-37.9357222685854,-38.1076838933409,-39.4218230716113,-40.0607321916323,-42.3206587385414,-42.2176637858285,-40.7191464217208,-42.4533457436978,-46.6256632952294,-47.9085794076948,-48.6520812589856,-44.8816605504763,-45.8955725827289,-44.0622170743573,-45.6922989669623,-47.154734853713,-45.7172037884483,-54.7179338079878,-56.7830161959119,-49.3071452262954,-45.3618662296156,-41.7250834815105,-39.6304120694901,-38.1260259770584,-36.6378140578817,-36.1879408117779,-34.8779162919182,-33.6639832456367,-32.3334207026642,-32.218964930785,-31.5681132468482,-31.5289389679941,-32.2254017692393,-33.239889571915,-34.9940483253036,-36.7635029577841,-42.7297384083704,-46.0027910379997,-51.8915856014724,-46.8108988489067,-43.4728016588777,-43.1570891143759,-43.1330031273418,-42.5450814184694
-43.8902767054096,-43.1214454860011,-42.7870197219427,-42.0492956990894,-42.1358062101428,-41.5020273040536,-43.5438722007446,-44.0808810919734,-45.510510849736,-44.6377102121837,-50.4520956372216,-55.4697530833732,-49.7500772218325,-47.0419695932031,-44.8857925335021,-41.9384318444157,-41.4911742849947,-39.440139059807,-39.4248567814048,-38.7016956316078,-37.5737670914588,-38.1574034541326,-37.3429063080008,-38.5088681223889,-38.2195531337625,-39.0790626403766,-39.3877557834157,-40.3151398011439,-42.5561972971275,-43.8683243575237,-43.270457904209,-45.1415144570891,-52.5542195008001,-55.7516925246674,-56.1933972211526,-49.2439115921384,-49.3065810579751,-45.2741222082759,-49.1487829766217,-46.9265879366532,-49.457948617968,-52.2598722054088,-50.7903033720812,-50.9964950937011,-44.1977612005417,-42.5684508714326,-38.9058771394749,-37.2624371743645,-35.580141660411,-34.6635075161657,-33.3882320061399,-32.1285495954982,-31.4640331935733,-31.4416617827453,-30.8546663746946,-30.9620687229625,-31.6607229928321,-32.6409486275656,-33.8035238272462,-35.4700487240835,-38.4855007138157,-40.384486432819,-42.6043037799811,-42.0942683648949,-42.2677143428925,-42.428653112467,-42.6337750827314,-43.6219391415946
-47.9823652664185,-46.1611483400222,-45.1669334003868,-42.7692281946994,-42.6420748555665,-41.8567696525909,-42.3773852473056,-41.6383103090577,-41.890526253497,-42.9051407493903,-49.8977869067777,-51.5666460900543,-45.7614761431556,-46.00910893608,-44.6305115393262,-41.7424170433527,-42.180710826224,-40.6143428157044,-39.2238757417427,-38.98976810167,-38.7015989418362,-39.1840049473462,-38.4213773210973,-39.81392050123,-39.6003786170482,-40.9006828177881,-39.9721659169157,-40.878634384634,-41.8080287040872,-44.6159104332834,-44.5202888129585,-45.6277109312202,-53.7472596504021,-56.2264094388536,-52.5200986583475,-53.2074593400878,-51.7825970401238,-47.2098949960817,-52.0183061854963,-47.1248420242722,-51.3058451572831,-47.6955885529971,-46.443354096753,-46.0325561442202,-42.0488949909215,-41.1064292945939,-38.2212018883083,-36.3234012007597,-35.1954234270215,-33.8444354993571,-32.6317196251146,-31.4151726565,-31.1970912429262,-30.9755508253385,-30.5305803711899,-30.6871799376854,-31.155071400179,-31.8859677717181,-32.511087483755,-33.8452468096083,-35.042080251105,-36.7053398031698,-38.1136615408155,-38.6523964016919,-40.1203231537684,-40.5532669863084,-41.3617642815215,-43.3553145832702
-53.402344065208,-50.0815010260255,-47.9719027284987,-44.1234763080164,-43.0367044626464,-42.3552263611486,-41.1922037128204,-40.3375092068523,-40.1681042924347,-42.5109331508171,-45.084678972528,-45.7236614715236,-44.9982460430911,-46.8676577929654,-46.1883684291221,-43.0429227200575,-43.0449126320292,-41.9885302764306,-39.1131932518998,-39.0871203109042,-39.8309948105082,-39.9813780577414,-40.5695577251085,-42.0658127830197,-43.1661374432633,-44.221310779491,-41.740339543044,-41.6077074622295,-40.6371052056443,-43.7730793499131,-43.5095426113469,-44.3361642336875,-48.0298207407725,-49.839442027707,-49.2685493888104,-53.7026228744817,-52.8663196893172,-51.779263301788,-55.415292750375,-48.8358564485078,-54.0426570308174,-45.7462817100678,-44.7764616418324,-42.8616930451375,-40.667525046037,-38.9416838694044,-37.59501815418,-35.6590871070226,-35.0956391300292,-33.607919786763,-32.486602602874,-31.532450593429,-31.5598953165563,-30.9823508784647,-30.7463386727463,-30.840305209282,-30.9177930811927,-31.386204146649,-31.6291863765762,-32.6778572915861,-33.0420682671269,-34.4101496706844,-35.5238670382223,-36.3858937316485,-37.8533118661319,-38.4208092052765,-39.8177867666346,-41.0697811335006
-54.6388316414556,-55.0942079107572,-50.5855152131617,-46.5580101077261,-43.3444464904498,-43.0914704770938,-40.5211917831613,-39.9384011210498,-39.8669517788082,-42.6860216190067,-41.8155476900632,-42.6685805379789,-46.1954029849717,-51.0378187555469,-51.3705230129165,-46.7003247555273,-43.9545586585313,-42.7696214983342,-39.0840766274401,-38.8642862265826,-40.1037425304361,-40.0636358356423,-42.5315206396976,-44.428208943463,-52.8909961110897,-52.9871011107547,-45.3147366651286,-42.4183317285333,-39.8183537296089,-41.7203638452383,-42.2431814441696,-42.9248262893188,-44.0669091305641,-46.541063862132,-47.1487999194041,-52.8410645106386,-51.0472731384139,-61.8619487002472,-63.531384873336,-51.0846536623942,-54.440818063355,-45.3028287938943,-43.1614618629474,-41.3000882106144,-39.8771029335362,-37.6497014977037,-37.1002950034967,-35.6247703632871,-35.1453594566584,-33.9418738401901,-33.0034696150681,-32.5330388080074,-32.5885055178062,-31.6429092146812,-31.6150926537736,-31.511148486033,-31.1517417040061,-31.3480710491011,-31.3556552142647,-32.1362968845708,-32.1403709613862,-33.1118929202428,-34.0957133820931,-34.9144259174449,-36.0280930825363,-36.7507019595247,-38.3452965195427,-38.7707424622841
-55.9631357053165,-64.6552185098448,-52.8922823437733,-49.3420898917734,-43.7540696003832,-43.4412745717034,-40.4176742534159,-40.0094075512556,-40.4821865260613,-42.3789784005266,-40.1572511814187,-41.4357358140085,-46.7435743962962,-52.9384711521243,-64.0637976956685,-48.9633529782067,-43.9042232083813,-42.0867230606977,-38.8705251631966,-38.2985403904668,-39.01529469401,-39.2692393830349,-41.0548935721489,-42.8269853808774,-45.9516719815356,-50.1889228297404,-46.1408904576191,-42.9495473873016,-39.4159442295707,-39.335538388031,-40.8679716799074,-41.4744494557808,-41.1632810870592,-43.9108002040147,-44.671146564493,-49.1419747248636,-48.3928690027598,-50.3161714538968,-61.3447989744379,-49.5447703034343,-47.6465990305353,-45.6798585793094,-41.6746671699326,-40.9177145828033,-39.3181943653476,-37.4549465180937,-36.8574313137564,-36.2477469101125,-35.4472274982877,-34.8731762530034,-34.3595485016058,-34.5612363181261,-34.4073964417211,-33.1944428187647,-33.2486615487706,-32.7458184804722,-31.9908784707857,-31.8091493264949,-31.7119198021861,-32.1635835483819,-32.0979138509087,-32.6989010423007,-33.5702539240505,-34.2044138672624,-34.972283431909,-35.8398179103325,-37.1777828498901,-37.4000502792462
-63.8454716646431,-59.0193862603499,-54.2055058957559,-48.1085121135759,-44.0817920200038,-42.6434531777357,-40.6990926736546,-40.3732329973845,-41.3456599551222,-41.1532951627899,-39.6596299370484,-41.352140305002,-43.9601812823942,-45.3369992211204,-47.4311903406606,-43.7157885105044,-41.9813452707104,-40.2827408289994,-38.2487467795065,-37.517675154557,-37.2991670104666,-37.9041675037566,-38.1357303579707,-39.1159679404463,-39.1286026084988,-40.6294795939784,-40.4309015917053,-40.8207152805543,-38.6990368352653,-37.1485041893694,-38.8214853328893,-39.5758695906765,-38.8207486359312,-41.0061511608827,-41.9877937690962,-44.3899338956188,-45.7824762848558,-45.2234815878072,-50.7976866402305,-47.150062002801,-44.0663318785726,-46.3578447200496,-41.4321627162393,-41.4981873080387,-39.0642026794887,-38.1528069290085,-36.973896130124,-37.2553831037951,-36.1276350060415,-36.4150929725696,-36.8242329658267,-37.9734723737508,-37.3884620301493,-36.0319095530475,-35.7546269580532,-34.5001905945942,-33.4126909116041,-32.7139541121851,-32.6194129499978,-32.6798022699082,-32.7790569760627,-33.1679155480096,-33.8638887593562,-34.3696224837883,-34.8547440254215,-35.7699837763862,-36.5385322499051,-37.0153987843731
-52.2824751493077,-51.4202830768774,-50.4746679606821,-44.9337267125863,-43.6115484377275,-41.3759541453758,-41.0648545928205,-40.9253021321537,-41.5170243945102,-39.6191027982101,-39.868854215588,-41.474716809143,-41.0292942237343,-41.1489438615176,-42.0434399447024,-40.1268985332243,-39.5046542209615,-38.4058144074957,-37.4504026467773,-36.7786170948823,-35.899437899488,-36.489120670474,-36.0270824279341,-36.3856590469607,-35.8398116222557,-36.1910822772104,-36.2349653928924,-36.8002414701171,-36.9747795412694,-35.3259032999338,-36.3886821148785,-37.2246394197019,-36.8560211266769,-38.1572922936084,-39.5925064953322,-40.799338548909,-42.9426106056629,-42.9811566201264,-45.6921465506316,-46.6482391874893,-43.3699588616345,-47.4398051678785,-43.2437839454783,-42.7692109166452,-39.4745771105363,-39.2260157235923,-37.4758011192791,-38.1476958276643,-37.1219580026383,-38.4292240156408,-40.5296368429333,-43.6282254623945,-42.777680661327,-40.8611491270218,-38.9499335325113,-36.4513017423203,-35.0650866663164,-33.9444091233267,-33.9145852451827,-33.658868390518,-34.1305625799377,-34.577821520897,-35.0056572213817,-35.5722950648272,-35.7967932309966,-36.5739891483643,-36.6454479403134,-37.4996539882765
-46.1043729624966,-47.4415787671699,-45.9342365034237,-42.9603886878704,-42.565184292054,-40.6705904749088,-41.3718818931374,-41.3204784446361,-40.6590579928644,-38.4628102586659,-40.1653275239228,-40.7218373669326,-39.2259519236521,-39.0377203746877,-39.2147354899881,-38.4168074322788,-37.7266201667336,-37.097283036726,-36.9293449824066,-36.3584028026686,-35.2360977172346,-35.4635211766083,-34.8711834975618,-34.7904484720903,-34.2086100802583,-33.7970447296213,-33.7132559956173,-33.6117988082171,-34.7106491239638,-33.8718522546452,-34.1371890265845,-34.8874145146753,-35.1965588810813,-35.8425992286672,-37.6136171683151,-38.3672792914882,-40.3183466271641,-42.1804864516674,-42.8848685566312,-47.2187037215439,-45.5491935750093,-50.0582468974529,-48.2593502773727,-44.0791431893676,-40.7825134134309,-39.8960397998659,-38.270610480414,-38.4461883017097,-38.0844830636183,-40.15704784383,-43.1207360205668,-48.3599184469745,-61.2504444798565,-45.5326396176768,-40.929863120203,-37.7553203539053,-36.2518309562446,-35.3330434160366,-35.3853918785333,-35.1237064725191,-36.1724153961007,-37.0557842919292,-37.1562713802996,-38.0505666417008,-37.9804211164536,-38.3265530139962,-37.704079351182,-38.7024310977308
-43.0601173192699,-44.8922744894463,-43.0080853016038,-42.2335235134486,-42.035266792441,-40.9805457432593,-41.7989541719875,-41.3512756880268,-39.6153899504218,-38.0516864804423,-40.0238933574665,-39.3141104206677,-38.3502921869173,-38.182641790223,-37.8142636575165,-37.9729777064301,-37.0371891349357,-36.6645708309952,-36.9979656079038,-36.4723676954503,-35.4061516087153,-35.0996513407838,-34.5274189947976,-34.1149438553566,-33.6616810632765,-32.7406372076374,-32.4373094261026,-31.7656042431914,-32.7222848815232,-32.7540167720664,-32.3733832382687,-32.9578741173186,-33.8129657580309,-34.183988273353,-35.9997161346672,-36.73681440799,-38.4132266829414,-41.8886939679741,-41.6646465987678,-46.2106408849182,-51.7327224895396,-57.7554519205468,-53.0865100595157,-44.5990822826804,-42.7137380599875,-39.9449387165242,-39.1381973325779,-38.101992797325,-38.5649486839759,-40.0870705246155,-40.8179686284744,-42.651538924594,-44.6956373396589,-41.4444488507405,-39.6302483226684,-37.8074068647944,-36.7395534155629,-36.705024765785,-36.8917605836615,-37.05722330557,-38.9782556004893,-40.7663388863142,-40.700217852882,-42.2960165856157,-41.8401127385002,-41.2209242582459,-39.9147366484242,-40.427335639899
-41.612302435486,-42.9616994336908,-41.4769422215245,-42.4544642541601,-42.5931519864322,-42.5691857762895,-42.7329774156591,-41.5961766559445,-39.283920634437,-38.5294438250654,-39.5245452392153,-38.122286407378,-38.0766600210321,-38.1225876551535,-37.5493183044109,-38.5031133775049,-37.6288914675006,-37.3614995461765,-37.849151393099,-37.2603596826217,-36.3597324975515,-35.5209019145982,-34.9200037550688,-34.2072544992701,-33.9493607701595,-32.7432440450058,-32.2239476627911,-31.1891793261499,-31.4376904511264,-31.9618119950243,-31.2385354929809,-31.5971083929427,-32.7040295971383,-33.0987993305695,-34.6867609784195,-35.5836691310634,-37.3223595074484,-41.0924996422975,-41.4897470867883,-44.1449508114697,-50.952750468063,-59.4920999747139,-47.5935593916094,-44.5836587046797,-43.9980725113477,-40.0287212391483,-39.74556925422,-37.5188026261045,-38.380782080861,-38.3716878085706,-38.0193820027345,-38.7129228960547,-38.6594061792254,-38.1005201462187,-37.6231602441011,-37.2802213643432,-37.1036671751497,-37.9761075895275,-38.4799318603935,-39.3072486034549,-42.6162433039989,-45.2895072266871,-46.4262500622073,-49.946176752776,-48.8761647808561,-45.5722584389572,-43.334806969472,-42.367034808575
-41.0290521590746,-41.3142500105586,-40.8864019312707,-43.1702783091418,-43.9060681153343,-45.8944749331069,-44.9179337014397,-43.0307973720684,-40.0604376741847,-39.760328604324,-38.9393590050108,-37.3921643062807,-38.0951928883936,-38.4626315557688,-38.3642440398276,-39.9420121939869,-39.8948705747015,-39.6208891823094,-39.723866421398,-38.7621044892774,-37.9149990177728,-36.6890461553237,-36.0507190340923,-35.0492985639499,-34.9572767035342,-33.6923468195306,-33.0011238496901,-31.8009675937036,-31.0390261172143,-31.5175672773054,-30.7936157426273,-30.8473949936956,-31.891874792854,-32.4471221947938,-33.6515525788307,-34.7045922078937,-36.8169600112493,-39.5980349386414,-41.3410616796385,-43.2187137478701,-45.820031785076,-50.3886886097009,-46.0346497865746,-45.0727230180013,-43.8932903346236,-40.7146682926304,-39.7616710124637,-37.1133171617108,-37.5998267273216,-36.4740740776682,-36.1096923897896,-36.3149469601086,-35.6651484962532,-36.3444567765971,-36.2662963010015,-36.9258979899027,-37.6951877731774,-39.2466009428259,-40.3427998775809,-41.7843683052485,-46.9366198099777,-47.5927852658344,-53.1368796157884,-70.8311432591529,-61.3465096625842,-49.8123941021249,-46.6276804548401,-44.0209877266076
-40.7288247803797,-39.8995070402545,-40.6119894703899,-43.1794367440044,-43.9349305614876,-50.204463127024,-50.7220459132468,-46.2112944471375,-41.3642038724241,-40.8673532056182,-38.1707180336263,-36.9433592016263,-38.0650769095429,-38.7725595154108,-40.0404734365341,-42.3483312287609,-45.1188317635883,-44.5475255243287,-42.920950866082,-40.6964950164996,-39.6914187194839,-38.3281803108008,-37.96598458781,-36.8600821699525,-36.7347168959226,-35.6182676091322,-34.6619682143787,-33.5107649389512,-31.593453897869,-31.4561312154164,-31.0089963563196,-30.7120010592864,-31.4166232861165,-32.1157196192745,-32.917490097751,-34.0617912402137,-36.4322953268052,-38.1134349694986,-40.1991260816971,-43.3946222687383,-44.5641684972539,-48.3747429065992,-48.8479431918632,-46.6655920934426,-43.7546043392508,-41.8294768888309,-39.1416113960973,-36.9877351354841,-36.4146294488796,-34.9990297773581,-34.802118342684,-34.6971480249244,-34.0250692975982,-35.2161399303273,-35.4821896917935,-36.8082662892459,-38.1851711920988,-40.6965399250858,-42.6230548030981,-45.1408799291888,-51.3340336763868,-47.7781005146211,-51.507821063213,-51.3456091795338,-49.5776664441667,-47.5325883414658,-46.3597032279646,-44.7439766972275
-40.2151090842693,-38.7451820825315,-39.9537280989146,-41.2857718196666,-41.6349753451251,-46.3017584690499,-52.9663702556468,-45.3396978567297,-40.5456058798005,-40.3146973498323,-37.0732927537956,-36.5945921303614,-37.6401847868308,-38.6309462481399,-41.0302132309941,-44.7497974682925,-53.6238356073364,-51.2653381318472,-45.5504816796683,-41.8648136513255,-41.0626846836024,-39.974510466477,-40.6191069454282,-40.3412725897189,-39.7601400974075,-38.7420413557632,-36.727384876168,-35.8320242013657,-32.9730902822686,-31.7899060545783,-31.7107254607603,-31.1605737456042,-31.332156711654,-32.0682947283322,-32.5466421946897,-33.7338659563574,-35.7922867974702,-37.0657238635832,-38.5867395730607,-42.6925416832235,-45.743172681052,-50.1610474408286,-65.9954623540246,-48.1455535184825,-44.2453059042428,-41.8583797144936,-38.1954438930672,-36.8904388858315,-35.2070746128118,-34.0359241760863,-33.8946261661791,-33.5736035691107,-33.2187886048918,-34.2142234832681,-34.9579873464625,-36.5240874950163,-38.0062930266977,-41.8826575416724,-44.4235506883296,-50.5213650164049,-57.4880606104447,-49.2041795867062,-50.4224963970164,-46.6278881026697,-45.4147078295905,-44.0766834770895,-44.2905854837224,-44.1682377708033
-39.2715537509551,-37.8337429808344,-38.7058592104999,-38.6155619654896,-39.0902092939954,-41.0790992964019,-42.3763607001446,-39.7569312852606,-37.760320091808,-38.3490223120778,-35.906651593223,-36.3166315136829,-36.7420245513121,-37.8589078072177,-39.3763015756729,-43.0110135928515,-43.8703061310513,-43.9480509477106,-42.394169690275,-41.029793094832,-41.2773294406685,-41.2741864527336,-43.1088181836031,-47.5148068061433,-45.9686486817148,-43.011962902333,-37.9133990799584,-36.9455753920996,-34.4751931928696,-32.4701653320095,-32.561429865218,-32.0876650787682,-31.7048964475144,-32.3540065820524,-32.6334341246527,-33.8245973385586,-35.0569707767458,-36.4170329566807,-37.4285730097768,-40.3052199779506,-46.2148503549748,-49.9742812123944,-48.6756803613734,-45.5826732906012,-43.9311713733043,-39.9860681234106,-37.2768033986257,-36.5188492407024,-34.3834443512077,-33.5814583852053,-33.3503742658942,-32.8866755186642,-32.9733801513764,-33.3452262296169,-34.4411678529361,-35.7433381606794,-37.1794666759898,-40.9655223088135,-42.8350169229282,-47.395279142945,-57.9595592662681,-48.4019624671187,-47.1946527851234,-43.3785363431956,-42.9172466364141,-41.6618157855263,-42.2221053219465,-42.6326992857415
-38.1038149962212,-37.1185709550612,-37.2404864430004,-36.4366047909942,-37.1512248326074,-37.6142145855894,-37.3548734367317,-35.9690558722936,-35.5418961014341,-36.2594043461054,-35.0548886983506,-36.0345140538629,-35.6947493732883,-36.7041119820461,-37.0541634382315,-39.2651747143209,-39.1566349823621,-39.567755127665,-38.7865215671262,-39.2327124145253,-40.091972786272,-41.4771852438407,-42.865533824864,-47.0663502573089,-50.9537104258803,-43.5486517995136,-37.5188315938058,-35.8902085817818,-34.8945672680505,-33.3625364848318,-33.2670724899314,-33.2829128909352,-32.6150133651182,-33.0880205129713,-33.3077733043624,-34.4217143524283,-34.7140077911511,-36.0269054554494,-37.0002039271656,-38.1922374123703,-42.7715642157938,-43.4429799006769,-42.4184367951197,-41.7599001107396,-41.4580877856447,-37.9794765768367,-36.6259128262929,-36.0077359951748,-34.2079670862468,-33.6544547589851,-33.2257444530963,-32.6779185717925,-33.0879798990254,-32.8344076359208,-33.8977299878116,-34.7043129832774,-36.1718449708159,-38.2189469570836,-39.4143049801156,-41.3969779590553,-46.1416735834932,-43.3772925695717,-41.9563197857052,-40.7024901784927,-40.6359975881815,-39.8347031838741,-40.1827222698585,-40.7899585358875
-37.117696177241,-36.5926770282443,-35.9606695491648,-35.0683713061827,-35.7664553775285,-35.3361049269236,-34.5632917178169,-33.8438193562234,-34.3600104948628,-34.5813338257982,-34.6546292735064,-35.5302442692082,-34.9158236696155,-35.6422037172074,-35.6350758732293,-36.6407621612577,-36.9046693802227,-37.3930002355249,-36.6967025040847,-37.625577885285,-38.2634749431818,-39.6498841363476,-40.434654575179,-40.1598176273347,-40.9095443152584,-39.6737388306758,-36.6124837754299,-34.6488056070624,-34.4305114704359,-34.2927171448522,-33.8937292063382,-34.5364875504908,-34.1560073313152,-34.4451845758822,-34.7576143578208,-35.620907708207,-35.1657387473899,-35.9788572695868,-37.234450644472,-37.1682163492124,-39.3837871453724,-39.1491084353424,-39.5106036299386,-39.1315771601544,-38.7511140175078,-36.889326942232,-36.4472165914859,-35.8441263174809,-34.827994634958,-34.3209364509664,-33.6281202708159,-33.0121711478089,-33.4307526105508,-32.8329712923179,-33.4925738161139,-33.883366260653,-35.291907904964,-35.7698372771172,-36.7422373216784,-37.9985351147105,-40.2348129390522,-39.4754355501307,-38.2771188713419,-38.5991903521465,-38.4600687213015,-38.3353373108877,-38.3674308102228,-39.0568298046978
-36.6294168521275,-36.3210776445312,-35.1257418990117,-34.4954554345399,-34.8175405243789,-33.9564135067979,-33.1562907444722,-32.9571259821099,-33.9359413189206,-33.4890409651961,-34.5704814190926,-34.8076616993185,-34.6860187049759,-35.0942594585667,-35.3529039814589,-35.4140975429246,-36.0657411753603,-36.400639897386,-35.8399901872119,-36.5001685252581,-36.6383164898834,-37.1664310855198,-38.0957052183253,-36.9447345143327,-36.6082699981784,-36.8986742312144,-35.990663828306,-34.2920548227588,-34.2627292356882,-35.193824091869,-34.728572721254,-35.851674516167,-36.4144003387476,-36.6924869152309,-37.3040704884796,-37.6089567547929,-36.7173521294493,-36.6112296686196,-37.9493198899506,-37.1413934131941,-37.2703038110365,-36.9009538405319,-38.0992552299665,-37.7463402495903,-37.0969208170107,-36.906805887337,-36.9833483564015,-36.4757617897659,-36.3594148012867,-35.7044625302972,-34.6943105841369,-33.9435709707013,-33.9875425957581,-33.3642222602548,-33.4179792017498,-33.5564315318642,-34.6581670879178,-34.3048015512497,-35.1887030523963,-36.2129095271925,-36.8079639199333,-37.1323565259191,-36.2681335941595,-37.136761457117,-36.769620361461,-37.1468993161819,-37.0156298058072,-37.6063555831285
-36.7977896967033,-36.4206731406629,-34.922035608998,-34.6368415290544,-34.2913355275438,-33.3689528807832,-32.7801386041065,-33.0274000764849,-33.8687156621967,-33.0746492910708,-34.5601788854982,-34.2844000829385,-35.1635745515519,-35.3750105388129,-36.2508995457328,-35.6046656517923,-36.365888888245,-36.2786514164191,-35.9337561668136,-35.8963353590004,-35.5813999841678,-35.3938767146705,-36.3654200310523,-35.5143017562898,-34.7149188657235,-35.4731606790392,-35.8713373118201,-34.9877111184704,-34.8944590369916,-36.1985462547552,-35.9266127384163,-37.3496058083638,-39.3411634652076,-40.2398990391574,-41.6842280545805,-40.8793848019144,-39.7447573096585,-38.288851018096,-38.8078571020563,-37.7330295440218,-36.2415213886337,-36.1059743707413,-37.5536211959926,-37.4207870110234,-36.7415443514321,-38.0688025882165,-38.5363876933294,-38.2766175760154,-38.973234288238,-38.0158869312569,-36.5551912217513,-35.5044511877739,-34.8424361089923,-34.3567720064354,-33.7763564701673,-33.7788912055185,-34.3308065351571,-33.853767647242,-34.6722692192843,-35.5602453175257,-35.1082426230142,-36.033746659802,-35.6636852731742,-36.3841391670268,-35.8534095725043,-36.3641764149981,-36.2215222438994,-36.5426097183247
-37.6772751142577,-37.0337130001703,-35.5102067772841,-35.4084092292756,-34.2793551995767,-33.5404799086878,-33.2198653221005,-33.7613843545452,-33.8831085633697,-33.3730726180669,-34.5554060204172,-34.4350277794968,-36.4224728608365,-36.7774194356458,-38.5191097831759,-37.4610032467373,-37.8232334763246,-37.0227047185758,-36.7372340964905,-35.8123619315516,-35.1507046407721,-34.58210498797,-35.2315221150068,-35.13605591126,-34.3686973370314,-35.1241587790964,-36.3682945742527,-36.7605745970804,-36.4350803237832,-37.5489625539705,-37.5231221095775,-38.8154559604163,-42.2224194902409,-44.981067782696,-50.7274311811892,-47.0817105972714,-44.4929980303772,-40.7958966277184,-39.1855017963135,-38.3519812288029,-36.1092897394461,-36.4086256444799,-37.5748933639024,-37.9778631309589,-37.7815342502221,-40.467296808929,-41.4947466197777,-41.7739083524025,-43.0394508462528,-41.6503581213754,-39.228240059603,-37.6851180314781,-36.0499757833935,-35.6602412745018,-34.5485214273605,-34.4588850991155,-34.3592800181887,-34.3240227678667,-35.0924635405185,-35.8477830556809,-34.9529225651215,-36.0774397367464,-36.3430246418895,-36.4145243157907,-35.8297232716112,-36.0934520862219,-35.9952066990357,-35.9849666723615
-39.2969031237077,-38.3332457510535,-37.0577649444985,-36.7462636046515,-34.9338396479742,-34.4475111459249,-34.2976868571227,-34.7694567479736,-34.0121493974228,-34.3416862386468,-34.77228938785,-35.56550786659,-38.3464051800369,-39.6658175953827,-42.7685825901045,-41.8572926995224,-40.5797681455647,-38.6462260079068,-37.9175766137169,-36.1777140681444,-35.2721764203094,-34.5830703273267,-34.6462567255086,-35.3660788493756,-35.1725885147479,-35.702796083915,-37.5657163319433,-39.7232855892402,-39.1694350500214,-39.5524767523454,-39.7837569870562,-39.7915428254726,-43.3188858320505,-45.2160277952889,-51.4566293562756,-53.5163950427852,-45.7695679578454,-41.3920734044597,-38.6470064066633,-38.4229262631112,-36.7179430246741,-37.4859599245054,-38.0346749513406,-39.1571535557801,-40.3526170662186,-44.296412605563,-46.2341766132476,-48.2902657497046,-49.6203873363743,-47.4636457414527,-42.2820008872208,-40.3297726591445,-37.4573941345125,-37.040162229126,-35.5777692275447,-35.3803817677274,-34.7706514331703,-35.5383500215081,-36.3525583255057,-37.0650554673348,-36.4874219652869,-37.4422415493426,-38.3364279038834,-37.2757338166129,-36.7031300326839,-36.3926571012468,-36.327024880993,-36.0638711376553
-41.7926633318636,-40.5791399463671,-39.7881940029969,-38.6275382586162,-36.4116490032425,-36.0095108248421,-35.82969861268,-35.6996594063789,-34.4803647151541,-35.8108993112807,-35.5051229957612,-37.7581159940156,-40.2023033342625,-44.0235866942513,-50.426530852527,-52.2770196996235,-44.1078444646373,-40.5444090922078,-38.921617217234,-36.7856460333229,-35.8098113671739,-35.1287673022334,-34.5798207668353,-35.8040531379369,-36.6146796945441,-37.036094840953,-39.28938150867,-44.4179936535067,-44.3425024507546,-42.8968677646488,-43.5163005344016,-40.6606326038558,-42.5351919660955,-41.7665531856532,-43.4834964647005,-43.5529208503307,-41.5951606610527,-39.0942154946378,-37.664451272464,-37.8876591182082,-37.7859042532453,-38.8910442856491,-38.8955013245665,-40.5128282461168,-44.0987746455954,-49.2899833561772,-50.9178706907725,-63.2577857398339,-64.3546834690504,-55.3557821546771,-44.5181712467933,-42.7826517307899,-38.6123054915748,-38.1719733276925,-36.5675417697904,-36.2233580534365,-35.5135272070241,-37.0929493095624,-38.2660193477668,-39.3271709953558,-40.407833791612,-40.8620969018536,-41.741459213473,-38.8620662136423,-38.3096695310219,-37.2223801736672,-37.1911391298362,-36.9019416926413
-45.7079355434348,-44.293460492187,-44.0118000231341,-41.0525951913196,-38.7515329895666,-37.9901117904936,-37.5982640370102,-36.5125448471521,-35.4862350688081,-37.4157980525338,-36.9209703292184,-40.3177366809764,-40.7275040789534,-45.1522707564439,-49.2719706473415,-47.5216334137479,-44.6168989927966,-40.9825072686171,-39.2812863020649,-37.3595398473434,-36.6084728913348,-35.935422388802,-35.0107260867146,-36.1214356586121,-37.7434390769402,-38.5612493672564,-40.4764813413272,-51.6223326717589,-60.894239899936,-50.1523981775906,-47.9564135318655,-42.2543877693379,-41.1583442986524,-39.5404582008127,-39.8674891347099,-38.9677715040063,-38.6455535208043,-37.1567519625102,-36.9275360996016,-37.1855734281887,-38.7382966700296,-39.982900769957,-40.0516533186366,-41.5830270422851,-45.7042403467901,-51.0794162761353,-51.1667406800889,-55.5927650629386,-58.3962039425225,-52.6833074363912,-45.3005891085083,-43.7538760659989,-39.1158663277734,-38.6764412886046,-37.1794707164072,-36.666268207388,-36.3573933136556,-38.1838174458373,-40.0910435385501,-42.2596296782578,-48.3629854724123,-49.6000908752602,-45.2852880259383,-40.5180769549923,-40.0313298184715,-38.4005067042117,-38.4945784218626,-38.6180743192834
-53.0074199079594,-50.8367618924118,-49.2100136936902,-43.790391523026,-41.4400861732095,-39.9584917066019,-39.3475731417074,-37.4100529279092,-37.1614442717302,-38.704992456805,-38.9409195755598,-41.0348786890715,-40.2588212574417,-42.3012478269312,-44.0740098768516,-42.4870573417009,-42.4842753583275,-40.1377343495988,-39.2989918551261,-37.8790634820368,-37.5536080857058,-36.8326861373515,-35.9067937446391,-36.2491432785577,-37.8295049293762,-39.1045457630466,-39.7173632924175,-46.6114738799251,-46.3656359421455,-50.5206785325966,-43.6707828211346,-43.1399527345704,-39.5713710144228,-38.2796602802761,-37.7114873792258,-36.6218965540744,-36.9589484989612,-36.3286169459572,-36.717466751171,-36.767920045118,-38.9847265547861,-40.2179008670165,-41.0487785301381,-42.3344586995754,-44.4992995894942,-49.1861856174644,-51.8873520915911,-55.0456168094635,-54.8085759937961,-50.515940592819,-45.0258873301384,-43.1329911552878,-39.1276938140215,-38.3547494508688,-37.2417026288966,-36.5608881822229,-36.8463724434741,-38.0237380495261,-39.9479314617406,-42.2433502506791,-44.4167427951217,-47.9482043675647,-43.797793750133,-40.9513385268629,-40.7093047330137,-39.6250226626562,-39.9863278271973,-41.3343342510302
-56.9107878827634,-55.3584119061414,-49.7372074840224,-45.5807769134177,-43.0217172652036,-41.5927826987067,-40.8645156708085,-38.5868958246439,-39.6479144297793,-39.6275733530995,-41.0944113506625,-40.1389189697913,-40.1197816096298,-40.7824811548128,-41.863014872307,-41.3146589383709,-41.3982789542875,-39.9790934507399,-39.7574600338536,-38.7714534078196,-38.6508719261103,-37.849843307815,-37.1896153625898,-36.400584320599,-37.2759554126189,-38.3291847033224,-37.9539197895026,-40.7251160804287,-40.6944933256242,-41.552400115173,-39.2244016167493,-40.3487692964271,-38.0069870126074,-37.4606654768671,-36.4324508905208,-35.6408367522536,-36.1588805257145,-36.3737415288484,-37.0145322076079,-36.881882045239,-38.6536430160823,-39.7399508712693,-41.198953798356,-42.9921232521201,-44.3495951152654,-48.2620218826426,-52.2749678800234,-56.7892539167431,-53.8164856136234,-50.2156909865264,-43.9537147388291,-42.1436606115531,-38.9934524529243,-37.4704709522316,-36.8245753205244,-35.9998916449061,-36.5651967285785,-36.7667161946849,-37.6936015232427,-38.7661826291245,-39.0344570369171,-40.0179906250395,-40.4189194501604,-40.1013622020532,-40.0740085358498,-40.5990465967502,-41.2389737046714,-44.9064740839093
-48.9937497349603,-48.5702063772634,-47.4010769200927,-45.1875603232603,-43.3813019253444,-43.0229978751929,-42.1211677873318,-40.3119963285908,-43.1294943485881,-40.7392938530408,-42.7779474286458,-39.8610673013799,-40.8776351933756,-40.8050705490779,-41.2215930020576,-42.0837429055724,-41.8420253641818,-41.4431732486379,-41.35552425542,-40.7314458066195,-40.0919754210692,-39.1993973286192,-38.652702085771,-36.8191639571059,-36.6594487114803,-37.2000107540712,-36.5565181961874,-37.3522893694793,-38.0362893977549,-37.3985521358702,-36.8543692685169,-37.2064059217777,-36.807461616237,-36.9040917684613,-35.9581722315399,-35.753962069571,-36.1414949238611,-37.0202753761483,-37.6736448762614,-37.5810245734081,-38.3407397419323,-39.1805722264001,-40.6152956010735,-43.4306200569634,-45.9573706172934,-48.5655578610386,-49.6432164268856,-52.8281572830695,-52.2317420581624,-49.0593446303213,-42.8744886267699,-41.3694313161734,-38.7501341022216,-36.4757100786226,-36.0896073525972,-35.1885464788037,-35.5438153845928,-35.1365008346863,-35.2813859101652,-35.7973053281721,-36.4543278214264,-36.6690289860307,-38.0180802225809,-38.9991559137745,-39.055025653434,-41.0308037110929,-41.9429951060828,-46.9685824903831
-45.9677299730021,-45.3882888676555,-46.2249194938931,-44.2067840128244,-44.0666117930802,-44.4581428602421,-43.2844588628321,-43.1939885234825,-47.3079245534591,-42.8421100134165,-44.2487109077665,-40.9076843951338,-42.6383073768453,-41.9069548403751,-41.5529076810964,-43.7811423240491,-43.6128350202075,-45.1889793291142,-45.0263553424874,-44.8812305868715,-42.2020273678455,-41.1430638435508,-39.8441421987389,-37.5438578849337,-36.2486910105646,-36.3030959443458,-35.8898083964118,-35.4542331561255,-36.5403990127363,-35.3392565732886,-35.8430701096021,-35.3976266874073,-36.1934402981126,-36.7003773373542,-36.3352892933207,-36.8961326197459,-36.996773634833,-38.1693585825016,-38.5686916870558,-38.767764406142,-38.4326979680869,-38.9595528149026,-40.0626239138352,-43.2113754064485,-48.1114225117261,-49.1560303100565,-48.6099652921006,-51.5905562347638,-50.9505033466562,-47.139704510816,-42.3609835764206,-40.6325557001271,-38.2025170968533,-35.5878755631473,-35.1571300312603,-34.2933064715199,-34.1690747568124,-33.662811354422,-33.5246717247308,-33.9105590163715,-35.1071532077212,-35.1572095658688,-36.5416291649951,-38.0067472393534,-38.2614988203838,-40.683607182433,-42.2112352047454,-45.0923605912696
-45.1396090619146,-44.3533252575012,-46.0324519332055,-44.0939756747091,-45.5918298581277,-45.8189222064765,-44.6427056968717,-48.5257898726605,-49.4042904387087,-47.0718913252724,-46.5098705260964,-43.349618796364,-45.2560339218074,-43.5663684597998,-42.5171723278908,-44.9932843250878,-45.7236218073297,-51.1566718416607,-54.7839782671697,-54.1652858621203,-44.7298066237417,-43.1627506613692,-40.234219858826,-38.3236053203582,-36.2574801083781,-35.8040984916074,-35.8976020153352,-34.6632122283485,-35.6604274503231,-34.6661499656025,-35.7441927799377,-34.8223290601649,-36.2155322375894,-36.9574711828523,-37.5853717984663,-39.1141202552378,-39.0245742709024,-39.9995574369236,-39.7768831496307,-40.2551856703116,-39.0234009212881,-39.1132633712795,-39.8965616503781,-42.2684109859713,-46.6585288707267,-47.8374216653914,-50.7134667690904,-57.1966499211588,-50.4037133681022,-45.6475463178619,-41.870713395904,-39.3678085412078,-37.2178254747439,-34.7695557718253,-34.1158269504276,-33.4135844226204,-32.8659423875954,-32.6009563891569,-32.5226196604592,-32.9347255714487,-34.3694920731079,-34.7065758143669,-35.8250348149306,-37.1895335108061,-37.8771505111493,-39.8838122183382,-42.2844801981502,-42.9957888971766
-45.6002246351932,-44.8394121213336,-46.4322022535659,-45.3000637597812,-47.4584317916034,-47.1121214640423,-46.6542996516805,-55.5592795963344,-48.884124830219,-57.4656540262482,-50.5174250224632,-46.5440779097617,-47.61882870186,-45.0902105101663,-43.6846700630724,-44.607509399948,-45.52195391064,-47.9725422721466,-52.8755153021758,-48.778310224237,-44.6633797112349,-42.6235179516564,-39.8863179670592,-38.8126108864272,-36.8767416657944,-35.8651913258984,-36.3741334632129,-34.8790697280865,-35.3427396481884,-35.0817713164349,-36.2200963070582,-35.2320723156736,-36.7867785895771,-37.621368347902,-39.5266023249862,-42.4494019206976,-43.0306213783737,-43.0724545643315,-41.722987703999,-41.8092420049045,-39.9727025659399,-39.4611954757837,-39.9649505278376,-40.9766953772564,-43.0010189744261,-44.4030506414171,-49.2340646641222,-52.8905838590132,-47.3408086164983,-43.5041701676087,-40.1666324195669,-37.3916919815297,-35.8848679399031,-33.9340630949664,-33.08410137015,-32.6282435633311,-31.941134314905,-32.0415077732229,-32.2272032043298,-32.7400439371411,-34.0485368867991,-34.9373200340505,-35.8067241239082,-36.7775616255627,-37.9538095544494,-39.3249587452364,-42.2057742508537,-42.1570036671201
-46.7955256614605,-46.6058034858502,-47.1735522806065,-48.0048861517805,-49.1770389453387,-48.9241942183297,-50.0996909433339,-50.6110340005868,-49.1812871730049,-56.8414084941288,-54.9304904765311,-47.2219890523856,-47.2768007046612,-45.6412694456449,-44.1241487557372,-42.9813764899455,-43.2152698944763,-43.3362063424533,-44.2614170042496,-43.0367613334684,-41.8999287606437,-40.2297025531246,-39.454682664356,-39.0642627924209,-38.2039146075122,-36.7144759269896,-37.1184279307171,-36.1378921515112,-35.7208457201649,-36.3776197281327,-36.9638530287971,-36.4386083079394,-37.6977194090383,-38.4441198659995,-41.3481021959699,-45.8479125039322,-52.047083585406,-48.7623402029424,-45.0210584839445,-42.8688882137869,-40.9085119837491,-39.7794128363849,-39.8635908266835,-39.6365245519736,-40.0642952259722,-41.0506583979519,-42.8489357436516,-43.652118471322,-42.3703899540871,-40.0462604372098,-37.5860224931251,-35.2636646896493,-34.4351448266053,-33.1027962158007,-32.2063869798647,-32.012978090175,-31.5384296280377,-31.9813963653015,-32.565124392442,-33.2804890446771,-34.2470519611662,-35.6806689231557,-36.4933740861093,-37.0710072047896,-38.4987813057266,-39.3946491973365,-41.9276766753994,-42.5158798394477
-48.3853735460625,-49.0859592721414,-47.9869592789727,-51.4385822462982,-51.2870820859575,-52.714546368046,-56.9170794350027,-48.9337522515603,-50.7442476426609,-49.9522994566099,-50.6258713225516,-44.8760604240594,-44.9855471721855,-44.6246171600055,-42.8927417444179,-40.9366966113386,-40.9311845601707,-40.6881587038878,-40.6272899813842,-40.5776517094268,-39.9353634642214,-38.783518730375,-39.5344797289008,-39.5709888901663,-40.2236492549134,-38.5973588066122,-38.16909816925,-38.4992155308573,-36.9477691518438,-38.3089968124754,-37.8024374843059,-38.3465828562238,-38.6991048111452,-39.1732076763361,-41.8457597994799,-45.3858995951378,-49.6920641446336,-51.2335454274481,-47.0567837827944,-42.3837141000234,-41.2457126044273,-39.7213093956091,-39.2450538828849,-38.3909714112245,-38.1044736970334,-38.6086499081079,-38.8835321176571,-39.1789332392946,-38.5201218933518,-36.825820490449,-35.3527794404249,-33.5626145419691,-33.1163480888393,-32.3733152102827,-31.5891405040896,-31.6068751100334,-31.6276439220245,-32.3389133807612,-33.4305416224052,-34.5787653993777,-35.304893249739,-37.0907263835547,-37.9949591856287,-38.2866070563084,-39.4763320238068,-40.0272748512655,-41.5081021389345,-43.4084055528253
-50.2131010874196,-50.6277323388836,-48.3530286309992,-51.1562392161483,-54.1798495714011,-67.6776951777434,-72.2758121093749,-50.4260237797571,-51.1891579113061,-47.0811811451715,-45.428225035614,-42.5786375921917,-42.5163585806436,-42.275292876321,-40.6002917650617,-39.0749745909157,-39.1152112753662,-39.1096424884059,-38.8265166394504,-39.6504808988216,-39.473363226204,-38.9923062150638,-40.5648007995535,-40.8861090561947,-42.8350154687889,-41.7549923337885,-39.8638232589028,-41.6777250314533,-39.202080281633,-40.5816869073614,-38.8946468169627,-40.8649389140136,-39.7259638323403,-39.8754906794088,-41.3613338355562,-42.7410445861256,-42.8404568919319,-43.9734332536091,-42.8340911867432,-40.5758953335773,-40.4559817929176,-38.8797623221417,-38.1394017769793,-37.3484997040152,-36.9676390678567,-37.1321395885846,-36.8475471413246,-36.8583689782139,-36.18832499722,-34.7544985730559,-33.9781414822863,-32.5618232227334,-32.1361634239365,-31.8222442795496,-31.2529768160839,-31.3760022172321,-31.9773281816716,-32.9111208087494,-34.5741571054822,-36.6127398112622,-37.8653604661171,-39.9320732161651,-40.7199292534982,-40.4812566431422,-40.6945130738172,-40.7275614387835,-41.0428361419628,-43.2771619483753
-50.4559798986087,-49.8674048049609,-47.63256191116,-47.9177221113774,-53.2697742792057,-52.9395408945741,-53.7752523853146,-47.5606279527126,-48.3059164075454,-43.766771292663,-41.5200706924466,-40.8218476810245,-40.1281524171182,-39.4905941894645,-38.3306787621482,-37.6410991315768,-37.7261419844915,-38.1263049498484,-38.1056783948204,-39.4891196472524,-40.3180195994802,-41.0987338291753,-43.1342535696158,-43.6941121273492,-45.919750255549,-46.3151279289175,-42.6070786523192,-44.3138130627257,-42.8139192776758,-43.1080207437639,-40.7878943724867,-43.3658636195433,-40.9903107129462,-40.8626953751927,-40.9222219748941,-40.7775687525102,-40.0272511721343,-40.1093363267712,-39.3246167282212,-38.846059250963,-38.8800442968441,-37.5630226708155,-36.9748463255308,-36.6216572087221,-36.4633379656677,-36.5050347104804,-36.1891469499684,-35.9997471718641,-35.3088946190225,-34.0488594748916,-33.6035543201942,-32.3646021140477,-31.6446009419555,-31.4872533942304,-31.128527655229,-31.2162232812551,-32.1698586949682,-33.3040904586195,-35.3413037113626,-38.549100397932,-42.8542681863993,-47.2499196088076,-45.7357398142925,-42.954958801479,-41.3695229391386,-40.7716414689848,-40.4620658043058,-41.6811735002956
-47.1078033811389,-46.9620148676794,-45.7215879549807,-44.8045855200796,-47.4114290885684,-45.1034633433042,-46.734263434596,-42.0902422723257,-44.3759575653124,-40.3052742137369,-38.6018754677492,-39.3583401309059,-37.9257121719068,-37.0409214808292,-36.5469786883819,-36.6177871222694,-36.7071866936797,-37.3788534553113,-37.9430521689895,-39.4566230311255,-41.4891955120297,-44.9368329900892,-48.7251293010293,-49.997654965228,-49.1279940342584,-51.0519289462068,-46.4600668894416,-45.7692167614798,-48.4988030459354,-46.5633718670573,-44.6023992942047,-44.3908278394688,-42.6314066591018,-42.1522539345789,-40.7229203154084,-39.6926446410521,-39.0402376139517,-38.4252931791671,-37.796647438794,-37.9744747875412,-37.5581429376569,-36.6380171676355,-36.2513564392552,-36.3071336958331,-36.3889431221319,-36.5261548004892,-36.5920590831524,-36.4305398205562,-35.9827939182336,-34.9179550614497,-34.3618761766095,-33.0078755206659,-31.710250705177,-31.3765006577753,-31.082695604522,-31.0031719276619,-31.8531099970349,-33.0431935703876,-34.838563022114,-37.798792661282,-42.4796184306923,-50.255234945146,-46.8056226070419,-42.5413202649916,-40.2714937292559,-39.7972934005935,-39.5429411135935,-39.9243475104246
-43.4106331612681,-43.2509268509491,-43.1396095860879,-41.968838443478,-42.3736511545988,-40.761668026982,-41.778594583977,-38.6038929161993,-40.7520068673045,-37.7437413961791,-36.6073604797758,-37.94218359197,-36.1576806366563,-35.3111673874553,-35.3760929819135,-35.9121239096223,-36.0118218395204,-36.6351849183041,-37.7339261698327,-39.0912534385736,-41.0622132075383,-45.3559880296752,-53.3623886941208,-60.6422838216283,-49.928033680862,-50.4839276280909,-49.9850513291579,-47.3048855592077,-56.6416776269707,-53.5243641261171,-55.1733947168317,-44.2846548029312,-43.9056027509482,-42.8116987612123,-40.5233317681112,-39.3069804254784,-39.1966984117118,-38.3692769950938,-38.0473650739316,-38.3168244354397,-37.2889630207878,-36.7351627803355,-36.3147611755198,-36.4507628208038,-36.5705321542451,-36.8814076655598,-37.7367950518693,-38.2582195654456,-38.7425259855256,-38.0429162288381,-36.4795943392172,-34.4001009010266,-32.2383999195389,-31.408797068135,-30.9560298515751,-30.6523209149805,-31.0641274537852,-32.0392095027674,-33.2230693704171,-34.9859270209769,-36.5515701553541,-39.0186277603986,-39.7910957933784,-39.1505479356519,-37.9275603741884,-38.0904957953217,-38.2321490196279,-38.5618785930568
-40.759197966942,-40.1719509162358,-40.5478609421605,-39.5581583170963,-38.8181412562581,-38.0825684591321,-38.3455491412824,-36.7239094766957,-37.8585246159656,-36.2244502699544,-35.4945535774152,-36.5245574074013,-35.0293933572237,-34.4495632117359,-34.859433000887,-35.5042795828329,-35.6485268483422,-36.017483983474,-37.2199673593974,-38.4580762070681,-39.478159662078,-41.877989888979,-45.1079248680736,-46.324524384078,-46.6576734179005,-46.3298956291089,-49.7932425987036,-46.1989890171513,-55.2684035734277,-53.3132349934589,-50.8736521643209,-44.4810741081456,-43.2366718936968,-41.8026475383772,-40.1820405145256,-39.4317641559057,-40.0595977626674,-39.7588839143813,-40.1883669716042,-40.3393426189463,-38.6554178064972,-38.2602873558791,-37.3261437842731,-36.9859650808662,-36.8505688072743,-37.1519312123623,-38.8221889266509,-41.2281060268812,-45.1993653631598,-46.3852617321647,-39.6296727850363,-35.8339320328288,-32.7813331550543,-31.3210755834761,-30.6046616461209,-30.1400748779045,-30.1038786351426,-30.718360031014,-31.465206660604,-32.5280971090005,-33.1803813616855,-34.6537186937905,-35.5962240770483,-36.0735849482938,-35.7696866345852,-36.2813018889086,-36.8073725490346,-37.4850415364857
-39.08180293506,-38.1493222676014,-38.4410500887762,-37.8106791018491,-36.6320557325695,-36.5914821606467,-36.2463766301272,-35.9917885010573,-35.8670068296466,-35.5614519860294,-35.171758664344,-35.3144301305894,-34.637201995174,-34.5069570132871,-35.0405276716821,-35.5167578352793,-35.7496054514143,-35.9146103625816,-36.8327482139427,-37.9666901097101,-38.4116946463257,-39.7471195877039,-41.0144764394804,-41.6362279293613,-43.136651225335,-42.7619747151753,-45.9468669091101,-42.525739839454,-49.1364095712417,-44.8409974102962,-43.0093110721496,-44.341684011721,-41.309341830355,-40.1041575739241,-39.7831570735548,-39.8402795107788,-41.0669106254042,-42.1548399735041,-44.7276181969875,-45.4275872044313,-42.6015238315086,-41.5652042002512,-39.0973391180533,-37.6353380562639,-36.9793402522848,-36.9830095959545,-38.3868695358248,-40.9955256549079,-44.2825531775663,-44.161981124343,-39.0877341986118,-35.5160112708303,-32.5686351907971,-30.795214087871,-29.9739449373631,-29.502518556425,-29.2411424147243,-29.5502931470461,-30.1347754374688,-30.9495716982672,-31.5550432848937,-32.6159358565204,-33.4265412714825,-34.1615582566369,-34.4270024638204,-34.9262431086031,-35.6199096698319,-36.5297557371706
-38.1477578896159,-37.1538738493531,-37.0955765457206,-36.8749914221708,-35.7476115975991,-36.1342057950112,-35.363085864061,-36.0912254769585,-34.8119306341143,-35.496239106542,-35.4483845949648,-34.6030123691176,-34.9893353917664,-35.4886045535815,-36.0097943495533,-36.21694152481,-36.5961353422541,-36.7214971394763,-37.1364375277039,-37.929068307689,-38.259651917716,-38.9454836195288,-39.0670488763657,-39.4274016065569,-40.6882932325043,-40.4533065375189,-41.9963464378456,-40.1029593035447,-43.7592465866585,-40.7952161760323,-39.8102356545839,-42.3344220835562,-39.6582228126304,-38.8345531651175,-39.4372062275594,-40.2465181056836,-41.5216572728256,-43.5306607422085,-48.8471794311542,-65.8353272103835,-49.6758970874877,-45.0491028049485,-40.4415768041143,-37.9439907509665,-36.6958854396028,-36.3515413030563,-36.5418748153749,-37.0637426937967,-37.4580444572973,-36.492151435823,-35.0204749992715,-33.3766712298004,-31.4258379511672,-29.8615676628583,-29.1725398744682,-28.8414596627249,-28.6352150256992,-28.7993266650158,-29.4043064027537,-30.2144625056166,-31.1259613306915,-32.0992879118293,-32.8104023019118,-33.548666540738,-34.1156717993173,-34.3563534328605,-34.9013564178634,-35.6841280156475
-37.7302880412612,-37.0465246596749,-36.6546190059494,-36.8552631912672,-36.2102868938935,-36.7189235682188,-35.6546363778609,-36.7570789087699,-34.6682586020925,-35.7637379321005,-35.9815862533445,-34.5974607522353,-35.9960229899602,-37.3021220918832,-37.9476266554566,-38.0565954481771,-38.6661265373164,-38.7998854328314,-38.425315933189,-38.4499831314099,-38.8035663522614,-38.9140363783964,-38.3711307579883,-38.6219900554352,-39.3659897536525,-39.3899795661975,-39.4649094865653,-39.349721908976,-40.0804665810545,-38.8822081924556,-38.5591208695144,-39.7189180907569,-38.6735322819224,-38.2443972269023,-39.1627869497933,-40.3707608990269,-41.1925327423722,-42.4790666577685,-44.9363053067557,-46.7659218782462,-44.5200528944164,-42.9090758387751,-39.9963010332631,-37.7460895699864,-36.1260137011882,-35.5786778008434,-34.7534127297109,-34.1506197050265,-33.9814821128707,-32.9876971412552,-31.9475796329457,-31.1524341705325,-30.0232609453973,-28.8980342480132,-28.4249526083148,-28.3033309846137,-28.3568086890668,-28.567112827117,-29.2955563163049,-30.2417092493877,-31.5957752535998,-32.8391979504441,-33.6788641854482,-34.4024772505561,-35.0254792438875,-34.7740562585702,-34.7820440856726,-35.0618975916862
-37.6081613433006,-37.6136479363771,-37.2031243582696,-37.8892875551846,-38.2816645496354,-38.5435136504033,-37.1573575363797,-37.7815524639733,-35.3718287928832,-36.1572648525651,-36.3700235973994,-35.375987228813,-37.3743169964377,-39.459041619502,-41.0890145171076,-41.9939378251646,-43.0166268874178,-42.5153712594888,-40.5879697903252,-39.4411986753423,-39.5886069599446,-39.180584965567,-38.5011331754966,-38.8372704086279,-39.1023149066606,-39.50014851158,-38.5377858015981,-39.9647212704183,-38.1832174808702,-38.449729817967,-38.5809066452477,-37.8980664900808,-38.2816700434312,-38.2385924452652,-38.944299611585,-40.1000069555992,-40.5515289017172,-41.2890724073239,-42.2742131406277,-42.1111805354974,-40.5870565482564,-40.3017099891183,-38.9945022332999,-37.4537780193787,-35.7555422546071,-35.0487412619677,-33.6602464822536,-32.5938114893807,-32.1393959779305,-31.1691538712092,-30.0786153263189,-29.5291149902423,-28.8959126988236,-28.2224047541589,-27.9366987893099,-28.0216201595761,-28.4059774721305,-28.8533404468146,-29.7667157768561,-30.9505585016033,-32.7518625631837,-34.658630642754,-36.2261498923552,-37.1738230783133,-37.5066484209382,-36.3858180931089,-35.3494586145561,-34.8191354671158
-37.5799919295757,-38.4692263362292,-38.7287346929379,-40.1837434824173,-42.8372128226853,-42.2367437995206,-39.9035618268517,-39.0691586415591,-36.7712492765519,-36.5704825577752,-36.4761306381511,-36.8194278071266,-38.5203290354389,-40.625813114006,-44.4516281571754,-51.0768177936145,-53.8620985430785,-46.6406726760375,-42.4941097110943,-40.533602670264,-40.0863785546659,-39.3935760209951,-39.1558444062221,-39.8548124139169,-39.8220465770424,-40.7978196337069,-39.2810685606343,-41.4957920618961,-38.0052434106092,-39.1751518567621,-39.4281091865369,-37.1681525248572,-38.3388186244538,-38.6246065361639,-38.8188100953395,-39.5999447138389,-40.1082589352837,-41.0036649830637,-41.5783690145916,-40.9161695944545,-39.8242828614463,-39.6320199055182,-38.8288069813332,-37.5912567312889,-35.9935747367481,-34.9911293090902,-33.3123673289164,-32.0525995715753,-31.2482289695693,-30.309201150945,-29.1379915196008,-28.5844579720384,-28.2249762217614,-27.948750421156,-27.8166646011665,-28.0687655978882,-28.7301011406068,-29.5676112399738,-30.7129706538887,-32.218996894134,-34.40921468131,-37.1046418283849,-40.7723720876325,-43.385388397979,-42.2920430007642,-39.4542004951007,-36.6542105083842,-35.088877765825
-37.514151315918,-38.9990359466621,-40.6901535902315,-43.6342373718226,-53.3689296503728,-49.9772836607022,-43.2013446495659,-40.4332431659899,-38.5038482465593,-36.9574511062284,-36.4860048300517,-38.3440831151618,-38.7888316234677,-40.0481159243516,-43.163115011443,-46.8970374428339,-47.6058809571033,-45.1053137232352,-42.4752895516564,-41.0605505702831,-40.0420641527888,-39.4496015317078,-40.0889667995871,-41.4519958336529,-41.4023524379548,-43.4838611215476,-42.0682598081117,-43.3141361741789,-39.6770697544401,-40.6280216976668,-40.3915417790582,-37.5496015844763,-38.728607990432,-39.1943485538473,-38.9033480216191,-39.227314266757,-40.096060197942,-41.518487269304,-42.1589019895969,-41.7096753364647,-41.4406646975766,-40.8459937899331,-39.9613135542965,-38.4755234105868,-37.0031790534652,-35.4160099071328,-33.5698484622581,-32.2208776163864,-31.0224936575594,-30.1163043411872,-28.9678778782452,-28.3035992830401,-28.0553554571282,-28.0663856151009,-28.0751834657467,-28.439468570381,-29.2507718289072,-30.5129097007431,-31.9301134640258,-33.8052228114518,-36.393759768763,-39.153385316704,-44.9414754529894,-65.6314668540736,-48.5461188305373,-43.4784525414339,-38.5516269380134,-35.8796112432554
-37.403730951793,-38.8310429679008,-41.3340339543946,-45.1219142786391,-48.2941330202529,-51.0434864574597,-44.043952334105,-41.005003716266,-39.9150708217125,-37.2738434432626,-36.5691133612376,-38.7959827837582,-38.2225354397605,-38.8534116372117,-39.9637252462784,-40.7653407050505,-41.6646269002756,-42.2174849959879,-41.4530520223373,-40.7478961701483,-39.7219595000748,-39.5678220753283,-41.1310479388339,-43.2268314267054,-43.5293693344446,-48.0977333635928,-48.5313474988322,-45.1520363963909,-43.6648735311925,-41.9960728936802,-40.7244645521843,-39.0445495219808,-39.3893320906243,-39.822928265621,-39.3796502779454,-39.3648073452203,-40.5772678738274,-42.4662620057157,-43.4681819442012,-43.935258786133,-45.6156459892805,-44.2876028116579,-42.729873094097,-40.2089638854685,-38.614868216804,-36.1019026943788,-34.2253708519749,-32.8590944875247,-31.3887979544677,-30.5079280378487,-29.5142205511184,-28.6933422065112,-28.4170431371763,-28.5330172958178,-28.6522838175555,-29.0579705570719,-29.8881277566594,-31.4021533093746,-33.0907596461919,-35.2881047760732,-38.4703312334146,-40.4722605357108,-43.8748570099349,-46.6061912364349,-45.9089699457897,-43.7567129474134,-40.0980168638384,-36.8322526242083
-37.3582741829443,-38.4023014430659,-40.3440105977803,-42.8518185640419,-43.1913714030523,-44.0487648900201,-42.5600742297092,-40.0348361092335,-40.4040635445023,-37.4830807208291,-36.7365748704581,-37.8688061654516,-37.3729540703635,-37.8677648243754,-37.9556568063272,-38.3190823212993,-39.3797698249603,-40.6407793533449,-40.7282023004968,-40.2255301282467,-39.6669985579566,-40.1210435244648,-42.2065035872331,-44.4355282755678,-45.4068156172793,-53.3926771804622,-62.420462688333,-47.5892799902891,-48.715060176658,-42.6039969009444,-40.6341293163872,-41.5128146296567,-40.3222549254442,-40.5894836547956,-40.4905802265175,-40.3763434622159,-41.6106372283955,-43.3937371645775,-44.7005159443877,-46.5486502650669,-52.4743899963457,-52.055318394847,-47.4949043047371,-42.4028412247761,-40.0016509097082,-36.698688591242,-35.101493099306,-33.8651022507708,-32.4165696179393,-31.554197419682,-30.8113413759476,-29.8058086237965,-29.355240981862,-29.3311103079271,-29.4587310834854,-29.8075985741201,-30.5603058665434,-31.9867876244913,-33.8360632845635,-36.2063374001751,-40.0877685879805,-42.2597234709445,-44.4262224450586,-44.8027628889296,-43.9150377032907,-41.3231479621589,-39.7162668820956,-37.0773779375129
-37.502225015286,-38.4354854584124,-39.7537025410338,-41.3732867427451,-41.9523349194251,-41.499552167682,-41.4856823666702,-38.574408886638,-39.931896928949,-37.5908091921427,-36.9690966279379,-36.5841156963193,-36.6886663365572,-37.2537477473658,-37.1161299646269,-37.6740619629246,-38.7735639590724,-39.9825280338247,-40.5189278908324,-40.2340977903127,-40.3713895925452,-41.4411364964299,-43.3164041030062,-44.5792005674312,-46.0980010854611,-49.8841715219827,-48.2420250449913,-50.4701922536298,-45.7058543649152,-42.7498702936952,-40.826509147372,-44.031557326325,-41.5884205874086,-41.7942876611464,-42.5902402399188,-42.7329517263319,-43.4386563594235,-44.1176890840387,-45.0426600620665,-47.618085522783,-51.6929763899732,-59.8421403364967,-49.552241758957,-43.3621989623637,-40.0810289905885,-37.0558589927111,-36.1449715977276,-35.3042294866795,-34.2734856655669,-33.4756830390111,-33.012238087829,-31.7611785293367,-30.921247213836,-30.4706258602887,-30.4146172392189,-30.5742985365773,-31.1613274063646,-32.2088808375855,-33.9897005811152,-36.361435998377,-40.3321085952754,-44.4670692966848,-50.9526653165026,-48.1169713457498,-43.8725304962314,-39.9295480147383,-38.1034056949713,-36.2936298064464
-37.8057106691218,-39.3486054896223,-40.7472306165116,-42.0439376925604,-43.0862181696003,-41.1549830283504,-41.1148997203178,-37.6456072486439,-38.8736714292173,-37.6334304800706,-37.2855857848972,-35.7475011000324,-36.4491618999521,-37.0516315285614,-37.2162016553078,-38.1572399194053,-39.1421247697981,-39.9439282157423,-40.8286966391887,-41.1918523713735,-42.2569414243358,-43.8182652838588,-44.5654306698557,-44.3141922528375,-46.0579754932844,-46.1512992014816,-44.7034212315577,-48.8735536995549,-42.4859067015032,-42.8440977362592,-41.5240395209297,-44.7433186915017,-43.2283565976234,-43.7978323692116,-46.2997411567384,-47.5210707787487,-46.7313335258787,-45.0909308677149,-44.9136307072719,-47.2400230799506,-48.2539454782682,-49.3153134387325,-45.4771247455605,-42.1110035364036,-39.2987155735144,-37.3671752974999,-37.3695245360749,-37.2391041247199,-37.2040961763319,-36.7516022880144,-36.5352254728856,-34.7858654680246,-33.1134964958436,-31.9155166784273,-31.4328869834675,-31.2586544964384,-31.563152550829,-32.1580242853057,-33.6321765336674,-35.8250491929496,-39.0706642268381,-42.8260288762593,-49.6587612997358,-47.2849996936609,-42.2688178525298,-39.148835724594,-36.7681521328566,-35.3426006472255
-37.8991456056332,-40.7946096181924,-44.1672059444483,-46.2206211952594,-46.704100657684,-42.0086472861346,-40.9210589541875,-37.4089354491789,-37.6879834962226,-37.6252453215692,-37.6310457452036,-35.7505215666854,-36.855486700134,-37.3996149805937,-38.1561757432997,-39.3659574496543,-40.0683913264554,-40.472977956014,-41.730709994935,-43.2418645153632,-45.8256120648625,-47.729111032895,-46.3155864826319,-44.6815886678915,-46.399118587324,-44.2057737669725,-43.723192795906,-44.5412909332008,-41.0894821120598,-42.7626322932166,-42.4267529448662,-43.8189122131915,-44.8728623076968,-46.3552312016484,-52.1178293971473,-60.9808444611174,-52.9634027119769,-46.9745046764404,-45.2830402573322,-46.5513282882493,-46.3356663361791,-45.6758600222681,-42.6484998629857,-40.4571357912636,-38.6919818895747,-37.8691090829577,-38.6184841644189,-39.2794780773955,-41.3148725992412,-42.7086383163677,-42.7335059026935,-39.0588869253482,-35.6019834477984,-33.4014898083388,-32.3144043944264,-31.7335198609238,-31.6735482604281,-31.9281876543264,-32.9690111378189,-34.8052574101121,-37.1974984209437,-39.1258157912018,-40.9898191631228,-41.0628192827427,-39.2631084683284,-38.1668060120761,-36.1726060477939,-34.9624871656643
-37.2368188137245,-40.5458597889636,-47.4536478487672,-72.8340166573365,-49.7158600116952,-42.0709697687596,-40.2761507906265,-37.6311157259798,-36.7331210774296,-37.5364963366491,-37.8256009255451,-36.8645464794839,-38.0709644840175,-38.5887780507872,-40.0276529419469,-41.1143423926125,-41.3730549254019,-41.6052248296945,-43.2111125166744,-45.7303057029935,-51.0419793397329,-54.8774588235563,-49.5933044062823,-46.4408200007502,-46.9384725329333,-43.2687761610497,-43.5021823954399,-41.3160950759067,-40.6699707131937,-42.2515342541911,-43.0067868935419,-42.4295258912085,-45.2593970395539,-46.8167016190698,-51.1644789747591,-52.8835862117543,-53.6016580723368,-49.2338934802247,-46.3097664994677,-45.6246309690289,-44.7453468991857,-43.2659237579752,-41.0415080939283,-39.4384469941976,-38.6134146877731,-38.621534885849,-39.4314966771047,-40.2559214134865,-44.1618908922051,-52.7820388673817,-52.6252848332695,-41.8963502717994,-37.0365476769415,-34.2602120268708,-32.7079590801666,-31.8515867801515,-31.5013301396523,-31.5877376377147,-32.2266046619441,-33.6320779006248,-35.4060704723149,-36.5812114872468,-37.4419452874403,-37.9509908421811,-37.3550116419498,-37.2176595740841,-36.3765738729215,-35.4223778997902
-35.8754843376642,-37.976574460325,-41.5618608940316,-44.0287798795988,-43.845176782716,-40.0021560444375,-38.957015644422,-37.9798545069044,-36.2234337599325,-37.365980399089,-37.8107651297045,-39.2793527780592,-40.1865708907403,-41.1308296167411,-43.2992640075804,-43.6595521237721,-43.1845987952038,-43.2726837443963,-44.8366939484113,-46.1895414144607,-50.4047121351383,-60.2625207306625,-57.4508987098663,-49.1920907043251,-45.469254768094,-42.6191800017391,-42.4663120236734,-39.2885850170121,-40.6884471987769,-41.3740494418669,-42.9459957053405,-41.0967334630305,-44.1536936237741,-44.8072396176318,-46.8007288181927,-47.1112913035462,-47.5061258758879,-48.1850907181038,-46.7991516691677,-44.5415966910267,-43.3951257172938,-41.3924215027744,-40.1725287648468,-39.2596677673274,-39.0786245017472,-39.5595624950531,-39.550904010143,-39.8463018494919,-41.9315265985733,-43.3137272985433,-42.4080305737491,-38.9961063173684,-36.200076197017,-33.9634537817794,-32.4307988458473,-31.5930283666246,-31.1597039250513,-31.2241055116665,-31.6137310633518,-32.6472324361906,-34.0153863333944,-35.2430205666403,-36.1048854589955,-36.9692425026019,-37.0710855563645,-37.1072750985356,-37.4191746466752,-36.8263311721275
-34.4581626020657,-35.5575220045254,-37.2032955209178,-38.2768566435213,-39.2500245251964,-37.7389675902225,-37.4101042260219,-38.1645145986212,-36.2904759762335,-37.245047188141,-37.8567511881377,-42.2151930636889,-42.8479317906874,-45.9832837304689,-49.7599628754325,-47.7864980443309,-45.6158458900332,-45.0920391493734,-45.5751309106709,-44.620408727321,-46.1778392542118,-49.9363011589743,-51.2437483928655,-46.7568084433511,-42.264681699476,-41.4507592002694,-40.3533251890905,-38.2258019799656,-40.6888604439079,-40.4913887639898,-42.4221627137054,-40.3960610734546,-43.2431782523855,-43.6450462294886,-45.0271124120349,-45.398264878001,-44.7345176864599,-45.1864062940845,-45.504012601312,-43.5290499799568,-42.4265223484186,-40.3947103306625,-40.1038051046054,-40.0913620338555,-40.1753682709947,-40.6701846911315,-39.4551114474352,-39.1703136988911,-39.2136709037399,-38.7057105528696,-37.6014647477672,-35.8819102391278,-34.418242820841,-32.9525411926235,-31.764277507059,-31.1459379769994,-30.8157016997409,-30.9563010959165,-31.2937864298662,-32.0929824480201,-33.2035948454105,-34.8512253888766,-36.1878611270726,-37.5091181232749,-38.4616181926609,-38.4719076520611,-39.4454655466678,-39.2819702800606
-33.4680750790037,-34.1150270574855,-34.9316995421066,-35.5864447979372,-36.5317869437847,-36.3728427737087,-36.249052789959,-37.9671434666224,-37.0131969888303,-37.4182158782025,-38.3400666068932,-42.1327716635634,-44.2478774303775,-50.7521500645283,-66.3341169434047,-51.6943676657089,-47.2706093985052,-46.1132737485344,-44.7881793710954,-43.1293375882714,-43.320684208138,-44.6353039576566,-43.7459217640297,-41.9090882336276,-39.5264633053709,-39.5904819193163,-38.2660994907334,-37.8933716147439,-40.223874304573,-39.9133011675099,-41.924224011844,-40.7540243896555,-43.7114303057093,-44.555032565759,-45.4848058148846,-45.7782223976799,-43.9326677716193,-43.1257012020572,-43.4880710946392,-42.5885520294715,-41.7277695785777,-40.5460302166305,-41.2682832979876,-42.3976120094625,-42.3521080174114,-42.1995253696741,-39.7466129850631,-38.776090519956,-37.4504036095974,-36.2870371751603,-34.9900496944832,-33.867348181343,-32.8732771459956,-31.9247531275352,-31.1257392609969,-30.7587136578114,-30.6296324113248,-30.9034948083358,-31.367128868158,-32.1034323495235,-33.100661207085,-35.2498349183496,-37.3091859388992,-39.1865408281308,-41.6232064368245,-42.0358051591972,-42.8736742869158,-42.8974296353768
-33.1047371504685,-33.6236780594563,-34.0615593212104,-34.5449275297476,-35.1547896951929,-35.9520764545862,-35.8634771688607,-37.4546435428028,-38.3311895837802,-38.126026303637,-39.4745617790292,-40.2113564210019,-43.4085229185828,-45.6003699684538,-48.38840139006,-47.2451773202463,-45.640023778455,-45.2737826927455,-43.0257041019241,-41.8346212711621,-41.2647461788905,-41.0935974817519,-39.6915550062922,-38.6857344107984,-37.7415951607488,-37.7059116111541,-36.819837080093,-37.969304080378,-39.2459301365642,-39.570020462488,-41.6373167686245,-42.0174978858381,-46.3948040942273,-49.0714986174177,-48.5563229834353,-47.3482848156769,-44.1000290140391,-41.9949657540351,-41.6544111285103,-41.5404911468913,-41.0986075061897,-41.7246764574388,-44.1995716051436,-47.5607609763493,-47.0091798704936,-44.6707069220687,-40.4614229887153,-38.5408544292516,-36.4200574747214,-34.8415520093898,-33.4754463403017,-32.6665637960989,-31.828085503945,-31.2021317515427,-30.7474901129452,-30.5926907450704,-30.7074148427065,-31.1466357359817,-31.860198418951,-32.7181840065001,-33.7967366874786,-36.3793939197117,-39.1691316087548,-41.5493251205195,-46.064326173918,-49.1805320650661,-49.0407727258941,-47.1259970571516
-33.4473161288955,-33.97697945259,-34.2697540578948,-34.7037426069149,-34.9318874586764,-36.3165113445631,-36.4439396493773,-37.1390551924796,-39.8213162476488,-39.5259280860257,-41.2048309450792,-39.5376067652029,-42.4539304551326,-42.4181412513013,-43.8689187961731,-43.3129368631086,-43.0367207015175,-43.0659356092156,-41.0570177530198,-40.4005554087,-39.6456519363809,-38.6712923644747,-37.4299446017588,-36.9051952597839,-36.7796122777456,-36.3762427900415,-36.1127741208819,-38.0330204848001,-38.060117813106,-38.9617767432532,-40.9001309224164,-42.5304832291205,-50.2531984081047,-67.4484927396985,-52.3184027603903,-46.6779206354569,-43.5846959565571,-41.1943445190371,-40.0427161622319,-40.2509603320156,-40.3915253337242,-42.6473508631231,-46.5422863350127,-53.4487205919902,-57.494801057386,-47.1429003535951,-40.7004240951799,-38.2387280591677,-35.9169646637462,-34.0615294135825,-32.7532759464775,-32.0988289409924,-31.315211348057,-30.8788018494714,-30.6957892109425,-30.7054600913509,-31.070032144957,-31.6962834242493,-32.7038705928159,-33.8442664843363,-35.2761581754681,-38.2085209984224,-41.5078955625376,-44.1820776777768,-48.3340706533226,-50.5317900244989,-58.5661920520373,-48.67758913753
-34.5583757955589,-35.12471955672,-35.406288740532,-35.8539294603888,-35.8392758912103,-37.3016008974336,-38.0364366948849,-37.6392290175932,-40.7970929860208,-41.6517215367218,-43.153212500299,-40.6521642906849,-42.4899517353991,-41.5395954930949,-41.957908530536,-41.2518998025757,-41.2202023035615,-40.8207991885541,-39.396170734141,-39.0255925052684,-38.4378531413766,-37.2423080340385,-36.4588125214712,-36.2760574149838,-36.4942768714499,-35.8376809655045,-36.0987610600895,-37.7523476979347,-36.9062277866669,-37.8279860802018,-39.0886297470366,-40.8684938645912,-44.9294732863053,-46.1015952482641,-45.6619454849153,-42.7195515644146,-41.2717974669908,-40.0618516549565,-38.5716006276066,-38.7783331109493,-39.506509568625,-41.2969603872447,-42.4443426843227,-44.5407773155253,-46.0783479531465,-44.0736608198906,-39.6270312821312,-37.8656006264923,-35.8419075465033,-33.9616461642217,-32.7778623126413,-32.1260838611935,-31.3691521269127,-30.9981851200013,-30.9688224507535,-31.0876632859773,-31.6395777895779,-32.4563608958343,-33.6977141679247,-35.1490532913225,-37.1584549128659,-40.4808467989779,-44.2596332397594,-47.5196346175549,-49.0077130750305,-46.6630456305576,-49.4237281033336,-47.1312557709423
-36.5359023436992,-37.1088713171145,-37.4424433871222,-37.8834107824101,-37.9366939428248,-38.822290178309,-40.3970846709933,-39.4585739553377,-41.382759951878,-44.3273427295774,-44.9645653251219,-43.9557367735716,-43.7052838171742,-42.2503494341993,-41.4174373607855,-40.4421202260687,-40.2520419801123,-39.2175375367177,-38.3208911300598,-38.112171434328,-37.7472364563516,-36.793857170428,-36.5900175965018,-36.6609970318213,-36.8566740019922,-36.1837295428565,-36.7139283177801,-37.1660351583595,-36.0184364836046,-36.6729333312536,-37.0454829794838,-38.8641799896971,-39.8173111623771,-40.3566858657693,-40.3980960880418,-39.1700207180029,-38.4855564995018,-38.3354788053016,-37.2343245625507,-37.3277518615332,-38.4079562431333,-38.9015680190623,-38.7152427569147,-39.919882663714,-40.4605274375193,-39.8033410459945,-38.1975019394585,-37.6292829119915,-36.2098528788745,-34.6757502926547,-33.6298059184675,-32.8153897657582,-32.0575930247063,-31.6102875665585,-31.5543392860196,-31.6937772053491,-32.2628394722589,-33.2025025747025,-34.5225267119117,-36.0769710073647,-38.3839451658499,-42.0915720984967,-47.3337363269597,-53.6112024777644,-52.7523058619411,-47.0184366398073,-45.4755146513981,-45.4373945268758
-39.5600132231814,-40.1060598456457,-40.515179150835,-40.802265421831,-41.3288534303217,-40.9581069480071,-42.6874380085197,-43.0637975947643,-42.5729052457754,-47.0359524704046,-47.158584168425,-51.1959272316737,-46.1502332740139,-44.040174685233,-41.7807690745713,-40.5246065402778,-39.9423911326046,-38.4450972556004,-37.9558442094638,-37.8740791641909,-37.687414202533,-37.3402309635973,-37.7754768188008,-38.0491346021381,-37.990510348377,-37.5180734630795,-37.8776822413462,-36.6786866461178,-35.7291282484318,-36.0576700366707,-35.7029537169165,-37.4852463481496,-36.8427014872152,-37.297129158533,-37.2177307804795,-36.7324358354913,-36.2866112466871,-36.4322316620256,-36.0836861627622,-36.1144584515892,-37.1845985359028,-37.0263391384889,-36.7516914006831,-37.5739145954932,-37.6902559486884,-37.2369071063456,-37.4539782208522,-37.7560991646926,-37.1595726841024,-36.4167205362887,-35.5113108583859,-34.3303884223007,-33.4649554649198,-32.7579522520768,-32.4412132531097,-32.4569506154505,-32.803753509453,-33.6744420880383,-34.9202855161514,-36.3578761578737,-38.3694263239252,-41.8489140451066,-48.4315393632767,-56.8811332053595,-55.7685320701427,-50.0630874184096,-44.1562275289737,-44.0713102020568
-43.9668710392108,-44.5243651719701,-45.067696843881,-44.9130454530001,-46.1219960241265,-44.0062252379761,-44.3070688264414,-48.3339591450971,-45.2014761962741,-49.0599179702872,-51.3373645203127,-60.307313508163,-49.3054587202358,-45.8875573586561,-42.6832741376042,-41.2542387624437,-40.1352195783621,-38.5328140970144,-38.3532940953073,-38.3493724913323,-38.3285974295899,-38.8966384347711,-40.0741712724621,-40.6024383360118,-40.2148928531314,-40.0749458296582,-39.4324844095852,-36.7876049127089,-36.339533567178,-36.1340465230312,-35.3229497810682,-36.5034251039987,-35.2426134129313,-35.5609295028997,-35.3464771111663,-35.2471665659188,-34.9087564263179,-34.9360756410488,-35.2397201804582,-35.2986514416381,-36.0531796045402,-35.9485438343435,-36.0949935856958,-36.5748127738559,-36.504554958063,-36.2375179057636,-37.6504984057499,-38.3641022590688,-38.9047976802566,-39.5800436673659,-38.8849526794368,-36.9585763691638,-35.6293003377932,-34.4026702657529,-33.5847960420556,-33.289616181382,-33.2388156856417,-33.8016583071238,-34.9082539822913,-36.2946054452703,-38.0259584681307,-40.7793811876152,-45.9947804436589,-49.5131297829353,-49.4159449041761,-49.7032055192967,-44.4932337254643,-43.2349413354069
-50.3310438936993,-51.2912435373789,-52.2055097163515,-51.1602380792908,-52.5749529625515,-48.5170467841432,-46.2717162194561,-50.5038340690609,-49.584903470176,-49.918328200926,-58.2560226067594,-50.8350090885542,-49.7743144077549,-46.3974182547079,-43.6905614946718,-42.4073992966953,-40.7579380573307,-39.4753593344623,-39.5221988185423,-39.4791626310798,-39.6615222995995,-41.4050210546528,-43.5435282050933,-44.8532500977013,-44.3104602815402,-44.3980640396632,-41.1035376197606,-37.9013094731573,-37.8800295233486,-36.6797010117273,-35.7729486224067,-35.6522681237861,-34.6284253488713,-34.7165758801164,-34.4606745562738,-34.574799005915,-34.3673670386846,-34.2029507478089,-34.8688095015665,-35.0008899633297,-35.2996273294742,-35.6601217090379,-36.4047689818839,-36.5771163548625,-36.5267289045656,-36.6387660739536,-38.6226614202704,-39.4204649256545,-41.5054064916361,-45.0816488420489,-45.1814172957209,-41.0657669431769,-38.2732108726318,-36.2422794583067,-34.817574140616,-34.0683955284844,-33.6119043396027,-33.7488274511296,-34.6793860513544,-36.1783214590731,-37.9653361892979,-39.9477193428032,-43.6523670988566,-46.4255788983853,-46.9199374027729,-47.1031584993826,-46.2565763735199,-43.2712440749868
-58.8209633906155,-62.7522110629281,-64.303915663996,-60.9503613995588,-63.7419140022286,-54.3144204515495,-49.1376434535943,-49.5565585614427,-52.5811993175768,-49.3816294077389,-51.010081435446,-48.6528783163824,-47.2337051452599,-45.9911054266024,-44.5136747834767,-43.790801230464,-41.8547831510386,-41.260911062661,-41.3908653708187,-41.1127728374761,-41.5290661627306,-44.2804054772038,-46.8395891559073,-51.3835697096086,-53.1353686527895,-50.3476209762444,-42.5756915782884,-40.1481107400972,-39.4552912729879,-37.2443637235758,-36.6087090006856,-35.0752945338289,-34.8017454053477,-34.6158087541702,-34.4332298531626,-34.6536257071505,-34.6525228226229,-34.3995362352552,-35.1270550800449,-35.3379866724882,-35.2177615210491,-36.1640571637141,-37.4066443209492,-37.4169088909018,-37.6360298737466,-38.4104249689422,-39.9873611056439,-40.7787092552189,-43.9767039235209,-51.8569515178129,-59.517171360076,-45.0076027173285,-40.117675743303,-37.5167576318928,-35.7478305917993,-34.6107941383979,-33.8928400264842,-33.6820632676438,-34.3640092009765,-35.9534189945773,-37.9298872131118,-39.2930761621066,-42.4098457578878,-45.6531666494973,-47.8603521920182,-47.3922347018141,-49.0343157645476,-44.339431710533
-66.4239792097014,-71.6787887013845,-83.23049951391,-60.0016238715944,-60.3500648172264,-52.9568536369112,-48.856561376489,-48.084368673702,-49.9674260487142,-47.7211746820737,-45.9580337030662,-48.4849150541364,-45.3871630406808,-45.8982379150825,-45.4071678927833,-45.3540328641749,-43.5957538679614,-43.8315006358918,-43.7010435896904,-42.942588110185,-43.5152837171964,-45.4169788528788,-45.9285041595866,-49.7411555551555,-52.0879538443261,-48.1788630182702,-43.41117229609,-42.1506232405226,-39.349033154463,-37.602261632133,-37.2701204772907,-35.1429660407389,-35.6712936949946,-35.2481287634419,-35.2344435017654,-35.4740654355283,-35.7504807060946,-35.6040916204887,-36.1262948232542,-36.4551925826197,-36.1046297273853,-37.4748032651157,-38.8267700064625,-38.9761468680733,-39.7812900392994,-41.5280686003967,-41.5276408728372,-42.4336889696469,-44.4354164797702,-47.1244818160777,-46.8971936634459,-42.9965491486767,-39.8584897974657,-37.5920713452953,-35.9156900194408,-34.7020804037416,-33.9374033857118,-33.6089534452965,-33.9757183144996,-35.4171578026473,-37.3635853467198,-38.3960817600656,-41.6926136057268,-45.8277864257583,-52.3229666607598,-52.7790265562858,-49.9559857883656,-45.7922746155053
-56.2116090152216,-57.9134666936883,-56.375723850517,-53.7874978861799,-52.4008561549617,-48.5842175543476,-45.5664369789794,-44.7205583598698,-46.3903743705483,-45.6097600523905,-43.469272369828,-47.4360778569241,-45.0121824433807,-46.6049709604235,-47.0669029029995,-47.3357401972288,-46.185967298358,-46.9079782560967,-45.9162028148179,-44.5420577994067,-45.0076354165276,-44.2901879653067,-43.7338210560604,-45.0790418619511,-45.0023284791309,-44.0667085710986,-42.8858195030278,-41.1214370681967,-38.370496877167,-38.053836135749,-37.760880037216,-36.2024979714362,-37.2499694489678,-36.7078087790295,-36.8953185475361,-37.03784781163,-37.6110331327616,-37.8244870838087,-37.928572094155,-38.5730685687225,-38.3531668724692,-39.6099037226779,-40.4669418736957,-41.0908756948679,-42.7675484730117,-45.235643740984,-43.7094485958866,-44.9589829304369,-44.5392745849123,-44.2363275691797,-42.8820269421731,-40.2492615182006,-38.6018500454729,-36.8423642980162,-35.304006209673,-34.2478964122145,-33.6225871735308,-33.4149212890577,-33.4946888985833,-34.5494124296145,-36.2108032016091,-37.2182954860344,-40.520626527097,-44.7997209677039,-50.3981024043585,-59.5751695552163,-47.3198878358133,-45.4326067018932
-48.1979182338547,-49.2535178825785,-47.8226627573805,-47.3846298006521,-47.4715094079204,-45.4782579807046,-43.270513702827,-41.7728777293314,-43.0314515408181,-43.515797003233,-42.4210795373227,-45.0021772548377,-46.1160536816308,-48.431521014904,-50.66218448185,-50.3231644961136,-49.3158800191675,-49.6120542391678,-47.4029178010524,-45.8834310536699,-45.9069751344588,-43.4427745377249,-42.9318782729924,-42.9184095685145,-42.2046386791369,-41.7775624459197,-41.2088204940107,-39.2578221312111,-38.1277489460569,-38.9813883411193,-38.6852161785758,-38.6193337659546,-39.7284692588153,-39.2462629627424,-39.491632840324,-39.2908072666281,-40.0474351581593,-40.8651840472806,-40.5211960269336,-42.1170725633672,-42.7999039260909,-42.7536790958182,-42.4142727433662,-43.4639253486817,-45.7758197482964,-46.6909525915447,-47.5145421707061,-50.0515426633049,-47.0534362805997,-43.9274764343978,-41.5322049151157,-38.7927821026613,-37.3611621520681,-35.8463003891233,-34.3294667841285,-33.4073155323338,-32.9939225371124,-32.9961011738702,-32.9507851556589,-33.5898654808161,-34.9610289839778,-36.1326521754728,-38.7447347770613,-42.1702206409995,-44.3424737273003,-46.2857005577624,-44.6619041303615,-43.3439604441006
-43.7015955538649,-44.3683566568223,-43.3504966412105,-43.0255638197938,-43.5518081962703,-43.0887954013173,-41.9439337742284,-40.1115038673434,-40.3951302686853,-41.6162727843765,-42.2436966429577,-42.8821124447111,-47.5964282690273,-51.6833196422546,-62.0633713402239,-53.5665193355272,-50.6645208842615,-50.3977965267825,-47.9943573234594,-47.8185696830921,-47.2741077553715,-44.2693753621613,-43.7149518466198,-42.3389519496392,-41.2404583016212,-40.3601539879876,-39.5183383362283,-38.391021248364,-38.8560916978317,-40.3633768626127,-40.4709921518618,-43.0324325909079,-43.768051640338,-43.5142079068631,-43.070530096201,-42.0057373557167,-42.5127830647917,-43.9165688470105,-43.6270075729117,-48.1141795751696,-53.1364218530153,-48.0329924907624,-45.0226458906988,-45.5977551768048,-47.1774355599097,-45.8424920777908,-51.4509655877217,-55.7831746910849,-55.0038951708285,-44.7228714595369,-40.9854099209958,-37.924797257324,-36.2107794569351,-34.7831710077286,-33.3375108906888,-32.475012419682,-32.2323997371018,-32.3774582111167,-32.4382816521,-32.8344439103877,-34.0470386544594,-35.4533124017569,-37.1694096398395,-39.8024100583472,-41.1584049291514,-41.7786448078072,-42.9221208973464,-41.6764826250118
-41.4003723770607,-41.8525852130309,-41.285718220704,-40.7262032135606,-40.7677074543865,-41.1600084585172,-40.9485770553852,-39.3639138864581,-38.6205922814723,-39.8866809596927,-41.996759677049,-41.5026616456081,-45.3481187476525,-50.289398119984,-53.4369818115046,-49.6697903733483,-48.9427751815343,-48.4977852109167,-48.2949652717303,-51.5629699979508,-51.597933438853,-47.5202309170165,-45.503196356889,-42.5229959158521,-40.9550807976018,-39.244804553913,-38.380074286506,-38.3289156379081,-39.9201631480529,-41.5027026289115,-42.5380419498272,-49.7975124423734,-52.4444858261488,-50.958529973165,-46.8078161179763,-44.5434941729537,-43.9603190862042,-45.4627890767278,-46.0610194315848,-53.8121981341712,-53.8820480643342,-62.4431660146171,-47.8362999815111,-46.7117321565879,-46.2772527530759,-44.8634181925933,-47.6141977084469,-46.9481312461548,-47.6159334639869,-43.4851175958814,-39.8736512568479,-36.9204283897233,-35.0594747847842,-33.6762006589089,-32.4613086745125,-31.6843219796324,-31.5348365268335,-31.7248092599248,-32.0806280151381,-32.4830657388921,-33.6562243542186,-35.2935403622514,-36.3681492178555,-38.4863349704373,-39.8415724234602,-39.864195636016,-41.9987011289117,-41.0664994504736
-40.9074517816344,-41.380097082343,-41.280767681822,-40.3055981091084,-39.3112824540315,-39.6559002654446,-39.806781043434,-38.8491871062613,-37.459522051596,-38.1954731633838,-40.215765368293,-40.2254234580344,-41.0530330237442,-43.7285076368466,-44.6722878012238,-44.3174728862877,-45.8176835229704,-45.2933717247737,-48.232352003097,-51.3254604907213,-67.087284400499,-48.6605062659723,-45.3197531581478,-42.1941477932763,-40.1370273338637,-38.3154887426071,-37.8039289343585,-38.4514119267577,-40.3111467521566,-41.4657432477425,-42.5755361638686,-47.885561659817,-54.9442926734371,-49.2923881118331,-46.7721458859374,-45.3874670348833,-43.7096332502734,-44.9487607265407,-46.1915623998373,-47.6532423174491,-46.5684229709538,-49.3723539160507,-47.5615618575169,-46.2358054508929,-44.2917795239274,-43.9281868246111,-43.8246797810688,-42.5358072624279,-41.3855293723215,-40.1195063426145,-37.8939686152163,-35.5869604674166,-33.9183188107317,-32.5928610372592,-31.7259223771405,-31.1444839179646,-31.0509143562634,-31.2604355469287,-31.9960788294317,-32.6269359540595,-33.8110439507857,-35.663886932477,-36.5318915302374,-38.3466882519267,-39.9161673385897,-39.6591735894344,-41.8451676409048,-41.5484436430591
-42.1883482142521,-43.428022581958,-43.8186596828603,-41.8616145421544,-39.1437773152804,-38.5272628676476,-38.2958650152271,-37.9030364374379,-36.4896238124987,-36.4493810544405,-37.2181831183538,-38.1625854329504,-37.5851138218431,-38.9016235709717,-39.7522491558312,-40.4936505809429,-42.0644532003034,-42.2051780470581,-45.4264206819388,-44.819732761753,-46.6098406036145,-43.010522543163,-42.3417867079472,-40.6518501224683,-38.6373804913619,-37.719575216916,-37.6405513084052,-38.4300344633537,-39.8376640359478,-40.4890514819026,-40.7806102214991,-43.6673500851624,-44.7581244860988,-43.5003988099789,-43.7321194214046,-43.6597448880845,-42.4030540375074,-43.296465649363,-44.7718522621107,-43.9415528309237,-44.5973277520009,-43.8682458106415,-45.2658330362906,-45.0010775339915,-42.7599042977252,-43.1297756866786,-41.6749198881559,-40.522468651891,-38.5038610086199,-37.3406830662509,-35.8689066046683,-34.2280480846523,-32.8651642455467,-31.6469148410518,-31.1339283438532,-30.8632532019344,-30.8656171500427,-31.1687764384204,-32.2757142262904,-33.2815409158962,-34.4667203992208,-36.5874851523449,-37.7137562537699,-39.4205159975821,-41.2211767364848,-41.068897734469,-42.6122206254392,-43.2038962699173
-44.3919255589824,-50.6796984000914,-51.1728957697505,-44.9072195257783,-39.6950102160162,-37.5624022569517,-36.4994726667779,-36.3036747867411,-35.3561732954448,-34.7021359134055,-34.4254197504918,-35.5022116901646,-35.0645445466138,-35.6297054378082,-36.4440122336009,-37.6826583091447,-38.6460757421654,-39.6189967038737,-41.0979037491846,-40.502823534825,-40.6698906057471,-39.3297115583642,-39.7141106737934,-38.8871950024332,-37.4334236524171,-37.6100381117452,-37.8007914258198,-38.4062714549551,-39.0270364514959,-39.3997064390845,-39.337285107263,-41.3804788895782,-40.6940806776073,-40.5506329898793,-41.1227125022441,-41.2253333764202,-41.0061496335568,-41.5428123761565,-43.0284906685625,-42.0966794011105,-44.1929206148033,-41.8257708919408,-44.0649037874795,-44.2394450918627,-42.496773018808,-42.9319911621969,-40.6047950948605,-39.8458187764626,-37.3706154543206,-35.716035980102,-34.3669719269469,-33.1351616968925,-31.9731942698093,-30.93443272456,-30.6940746908815,-30.7777655631094,-30.9861756187782,-31.5296602091289,-32.9472909211762,-34.4124130075452,-35.6399578467147,-38.2195142704964,-39.9725207511116,-41.734344463419,-43.6636981596824,-44.4017084305391,-44.7641683427249,-46.520315344482
-42.739081938286,-47.9116832168559,-46.996890992077,-43.1936896211277,-39.2091140634208,-36.4389391275666,-34.7401380379626,-34.3872292511733,-33.993806506566,-33.1181046151502,-32.3947690288088,-33.1057599665841,-33.2913490813839,-33.5016040113138,-34.2260828736803,-35.5433487663004,-36.1066764285785,-37.5305117537821,-37.7464804925141,-37.9636211616604,-37.6857481886257,-37.6369023861384,-38.1755912718936,-37.7909332172385,-37.1558957659737,-38.0543742514727,-38.3092391173391,-38.5052604421362,-38.273284186318,-38.6040057999431,-38.7418031456589,-39.8609168223095,-38.6083523065497,-39.0669046664758,-39.4185455166559,-39.4375299998983,-40.0228016997334,-40.2153922739981,-41.4186378124409,-41.325645334917,-44.0559293566175,-41.7952766867432,-44.2474988690739,-44.5786784551681,-43.9519587034788,-43.8472953863154,-40.5599944332233,-39.9138070549066,-37.2916757501845,-35.1112402833216,-33.5103129560773,-32.4043460937525,-31.2885043101824,-30.4972564460905,-30.4140070988374,-30.7820144199459,-31.3167479163379,-32.2384217674919,-33.8791652288251,-35.9104046351694,-37.5350946716691,-41.0472880538997,-43.6226405960462,-45.1556562856596,-46.7387558816053,-50.0322978152978,-49.6060521505907,-53.9222785060579
-38.8972926786556,-40.0562038496224,-40.0751610434334,-38.6569209587928,-37.0302169353832,-35.0678564943766,-33.3186685150598,-32.6624700860745,-32.6011841614127,-31.8692285295085,-31.1952657876163,-31.44665344721,-32.1516921943718,-32.299227092707,-32.9081304955762,-33.9957649535742,-34.5364760592965,-35.9418832068457,-35.7519587766337,-36.6793699278062,-36.4528782385267,-37.3656535670557,-37.6597011160593,-37.664459381087,-37.9962153796012,-39.0684764039485,-39.2192313233778,-38.7516693233945,-37.973328090614,-38.2865954873157,-38.802174442847,-38.6843164432401,-37.72512904953,-38.4738333492395,-38.5226094696196,-38.5303740012534,-39.5819430490981,-39.4674897044915,-40.3347751703677,-41.2906277606725,-43.6613322054586,-43.3670650918094,-45.230117155191,-46.2931741212385,-47.8319814814451,-46.5971785272,-41.8600241294363,-40.3435304145933,-37.6683335629132,-35.2441671585988,-33.2037421886405,-31.9967732172344,-30.8382605359793,-30.3230383767411,-30.2851165222315,-30.7684572685551,-31.637969330455,-32.9029182009815,-34.6251748758738,-37.3807713339017,-40.3300487531558,-46.5521805538021,-50.686909282035,-49.1638798450572,-48.5715609925722,-52.6418143321575,-55.6949589158085,-59.851772610099
-36.4212981007956,-36.5663749654703,-36.7394982913415,-35.803581804548,-34.8808488639065,-33.7418546773395,-32.3763407123912,-31.4727802482939,-31.4531895221136,-31.0807359531989,-30.7843486950035,-30.6726223259013,-31.6210439094039,-31.910484451332,-32.4173354004178,-33.1222346069381,-33.8785112402984,-34.9320243749254,-34.9996000580593,-36.3691559353204,-36.6037811124926,-38.1633294026543,-38.1673329844876,-38.6712871840488,-40.0119731411916,-40.6742243070752,-40.5318612770033,-39.4181644084208,-38.5813997610427,-38.6680425514932,-39.2344157857912,-37.9956218079182,-37.7718744291691,-38.4456868593139,-38.267670131778,-38.3588081954046,-39.5877892304034,-39.3392008472807,-40.1536930677194,-41.868795874136,-43.3896007856838,-46.2588363422046,-46.0942703063868,-49.2385408580198,-56.762135239052,-53.500143584423,-44.8954224610104,-40.9880057414827,-37.899711103515,-35.6021237487067,-33.2129058769921,-31.8103584741461,-30.6435219676376,-30.3643048903028,-30.2829049234194,-30.6891046751983,-31.6929587390483,-33.0061849258541,-34.591434368037,-37.8146895882499,-41.9471769709947,-52.4285158002997,-58.1578390639004,-51.3406252898842,-47.4112646498775,-48.8883365085582,-46.8009851318884,-47.5740288413096
-35.4495447562726,-35.2238012544338,-35.2616236363041,-34.4763553523492,-33.6236414245322,-32.8164202695144,-31.9295330842654,-30.9524469537492,-30.7740233987393,-30.8244974549629,-31.0863525228645,-30.836348062748,-31.7464649336757,-32.3010675068195,-32.762663953157,-33.0782698103351,-34.0535813932738,-34.6031351955649,-35.3200592689675,-36.8096059298093,-37.9407256127048,-39.687316440847,-39.9233436469166,-41.1573768308848,-43.3294559080209,-42.9105720795879,-42.216714056743,-41.0391549449211,-40.5623339813199,-40.1329644633254,-39.9913481085668,-38.1535948978968,-38.5925912233792,-38.6966991687041,-38.4106947330365,-38.6134923247994,-39.7563937785608,-39.8200807501234,-41.100013784527,-43.1937248977283,-44.1563251765236,-50.1218139800388,-46.908954332173,-51.3315490872724,-60.039623932769,-61.3343354473393,-47.0362427336384,-41.459038163465,-37.7019032655987,-35.5445895090028,-33.2507716622258,-31.756628517966,-30.7257255732732,-30.5659263916641,-30.389659418785,-30.5972856251771,-31.4346448550395,-32.5340370212625,-33.8236673379107,-36.6498920952537,-39.1790540943316,-43.1636474173446,-44.6349001452175,-46.1894279067929,-44.1461925105677,-44.544600126084,-41.7604676166814,-42.6644775857161
-35.8487070700176,-35.4913208201492,-35.1438124267312,-34.3661945046789,-33.3538295802337,-32.4901691937934,-31.9348835543907,-31.0896557682011,-30.6955512817217,-31.1168314137425,-31.9579218077622,-31.9674159990792,-32.6396100419523,-33.5333159974288,-34.0651300084454,-34.0759646982304,-35.0053242290223,-35.0235720819672,-36.4284694419039,-37.6811815351823,-39.9199149955444,-41.4255456127427,-43.5656270531586,-46.3011840573301,-48.7281160231801,-45.5925724842596,-44.2261999408967,-44.055523509882,-44.5120345134137,-43.5450427443631,-41.553959318644,-39.5933323729436,-39.9261578493832,-38.9123168401704,-38.6129340714027,-38.8850803461676,-39.6741932942586,-40.6996708339564,-42.7991492682053,-45.5724376600151,-47.5167264438089,-56.0390405297989,-48.9330367363015,-50.3100746431816,-51.3862622732512,-48.9349860428448,-43.3155007015666,-40.6740613808868,-37.2181981858142,-35.0100047507855,-33.2138151642778,-31.8467057843034,-31.1063794131602,-30.8968207337839,-30.6234075436976,-30.6249244442308,-31.1195242168801,-31.9952507940008,-32.9721792572659,-34.9415927664719,-36.1546936727544,-38.3656894035242,-39.473001280957,-40.7919729202847,-40.5505202840474,-40.2925907259721,-38.8774023657715,-39.5854112019206
-37.6918330375002,-37.3432459638051,-36.2865415345892,-35.2923562405425,-34.0107699246076,-32.8204472369965,-32.3269399624403,-31.7654645391612,-31.2433269745733,-31.890507329068,-33.08816859987,-33.9750753176168,-34.4643715437822,-35.8408488353571,-36.6897304406783,-36.4684956164747,-36.7346801030423,-36.1750780354327,-37.736383851185,-38.4231840736284,-40.7309999888589,-42.5318228568122,-49.3328440620134,-60.547999490065,-57.2109627050285,-47.2613329346216,-46.1463274813464,-47.1114427786021,-49.6436946386858,-52.6894770072283,-44.9491938840662,-42.7650719477352,-40.9785117299204,-38.7952015841832,-38.5108650784255,-38.7924609963669,-39.0735052156543,-41.2681275989745,-42.9192062580679,-47.6132961728939,-62.83706637279,-58.592452083836,-50.733412696182,-47.9487965157137,-46.2702599717257,-44.4962510555433,-40.0267261364817,-38.7848607341618,-36.729263117085,-34.5985748454903,-33.3201901209958,-32.2167650248169,-31.8063469934327,-31.3801582733627,-31.0469379345649,-30.9177311133855,-31.0768425497704,-31.8016108679144,-32.5165540219736,-33.6653235406781,-34.4714347131246,-35.8348137812186,-36.7222214962645,-37.3522928687092,-37.7296956774703,-37.1431794917254,-37.1192702620546,-37.3813011258616
-41.454756026099,-41.2170174608874,-38.8079017660566,-37.0355850410863,-35.4342603449401,-33.7622178708935,-33.028221401014,-32.7612134301518,-32.3019485042695,-32.9270169953749,-33.9671605229411,-36.1201079788629,-37.2503139246597,-39.7895333100895,-41.8426290449514,-40.9671598787911,-39.2116537413989,-37.8167476747602,-38.4161278160199,-38.4051313917723,-39.3659466568583,-42.0782687749767,-45.8275107795328,-47.6134405327072,-48.1766212264916,-45.9471381008331,-46.5053620236279,-45.7515193670268,-47.2333948544123,-51.8966481721412,-48.5186151926986,-44.9572365442852,-40.4797972773944,-38.2209000859478,-37.9088466338743,-38.1421492605038,-38.0726929060823,-40.5961237920531,-40.5486105593177,-44.6094180183826,-47.8086029865433,-48.1569991844346,-46.1672447054351,-44.6395838058984,-42.1600929905572,-41.6959886749271,-38.4267064872345,-37.251129976291,-36.5379758668137,-34.8434020380857,-33.9299267843923,-33.0742276636535,-32.8537119102535,-32.1085621838367,-31.7490969691834,-31.5819063422699,-31.5127072285347,-32.0983278398089,-32.6322051622947,-33.1636638365074,-34.0377221051523,-34.7436710585659,-35.5135159128076,-35.5699673560404,-35.9867612818436,-35.3187129467153,-36.057660308814,-35.7922449890788
-49.0627472038665,-48.6855676791746,-42.7729101317843,-39.0361282970796,-37.1098084960204,-35.1344181368559,-33.9495977530843,-33.7788916591581,-33.5552164596754,-33.8216559861335,-34.2616817179027,-36.6315145317082,-39.5472771021123,-45.1406136192136,-60.5180672579416,-46.3669455135102,-41.3411552947827,-39.1504312410466,-38.08230713944,-37.5891825119774,-37.6266554487626,-40.2376732161851,-40.7765091311444,-41.8701025342399,-42.4495445612423,-43.3167962552352,-44.5005069115502,-43.126462070868,-43.6175785286723,-42.9226209814249,-42.9434426529512,-40.7971233911715,-38.6782687203626,-37.317767574922,-36.9154442068219,-37.028224017148,-36.9679938549002,-38.8545527027992,-38.2639695025884,-40.6021468396622,-41.1226631248766,-42.7235660480934,-41.7458082702362,-41.3389967989328,-39.3867626968166,-39.5350346599592,-38.0945301311745,-36.8063921865812,-36.9680140812023,-36.039339203831,-35.381154363576,-34.6557500480436,-34.3079764862413,-33.2290497782722,-32.8105204585075,-32.6509407548174,-32.4761738376468,-32.8639336369681,-33.3389178465604,-33.5547164535417,-34.738729036218,-34.909037183736,-35.6292951894135,-35.2394811414403,-35.3420510326013,-34.7309813412653,-35.490650822893,-34.8039458675677
-56.5294538273023,-52.6288595307987,-45.7259145739682,-40.3482143139239,-38.0971583812475,-36.5411083374687,-35.000050141485,-34.5540289812381,-34.5398191232068,-34.2289675478776,-34.2120703170147,-35.5962170105844,-38.3394839425243,-42.212100689422,-44.2551933027651,-41.9954725706506,-40.1778165278787,-38.9885431769662,-37.032042922723,-36.5295624507731,-36.478509465034,-38.1163597577892,-38.0254946584732,-38.9935598353336,-39.3216432462822,-40.8907950695493,-41.6516434888075,-41.1556186693703,-41.4119945427169,-39.3122368465672,-38.4878264636183,-37.2246877342879,-36.8772122182663,-36.3433591938454,-35.8364264432733,-35.7821492855296,-35.9685011241554,-36.9355714548046,-36.8535108070361,-37.9496651584479,-38.0815520463572,-39.5878455208443,-39.2309553943885,-39.042250687532,-38.0158857026639,-38.066208132639,-38.6685796468091,-37.6072790746662,-38.301328103331,-38.445631024241,-38.0720718838308,-37.2857803618732,-36.3015132246993,-34.8838816796389,-34.250667169728,-34.0415253123541,-33.8536566434357,-33.9652881541981,-34.5744965320035,-34.9279190618423,-36.6121741789598,-36.4804268736099,-37.1219895833816,-36.3237353864989,-35.767704381212,-35.2639066553834,-35.3455132570207,-34.4753875498447
-47.3946963388265,-46.5718649890529,-44.1201863423759,-40.8349898157916,-38.3200784229616,-37.5426698604718,-36.1001171654875,-35.0681249713742,-35.0000212361866,-34.258667688978,-34.2356442358951,-34.6691420449925,-36.0079003442251,-37.6534788951277,-38.2917536304267,-38.0181531977507,-37.4290787483829,-37.5251226693391,-35.8573772455818,-35.7334360539344,-35.9926322553278,-36.4646194110264,-36.6679482056792,-37.4536141450967,-37.6708933984395,-38.9665085164392,-39.1558856341926,-39.4791736732132,-39.6966821669896,-37.5937992855092,-36.286573755561,-35.4775475905052,-35.6901478971981,-35.5417509118331,-34.9751527920995,-34.758886508173,-35.176461705962,-35.3748321733748,-36.1235492165797,-36.4623104387342,-36.7947144064771,-37.9670023366803,-38.2205821534158,-38.0848735722072,-38.0253850248345,-37.5871765679114,-39.7718723388903,-39.5172428278969,-40.5871754368919,-42.5487916454314,-42.9351892428086,-41.6673230603751,-39.0456606497981,-37.0195202906637,-35.9118003680726,-35.4768019397784,-35.3368324132495,-35.1681762246911,-36.1835077548689,-37.3176478436139,-39.8656024699164,-40.1051541255657,-40.3179035510103,-38.8815630029943,-37.206612562053,-36.7523960365772,-35.6301272425061,-34.8508775818324
-44.8541511575533,-44.6421201714612,-42.6752365293856,-41.3897898096293,-38.8764417011473,-38.2509574997826,-37.196043340163,-35.6119671979548,-35.1398153671047,-34.3107743800361,-34.4989871733318,-34.3522515129916,-34.5343588466287,-35.1103844186638,-35.5755589677719,-35.9740476643518,-35.5349195253272,-36.0203150596697,-35.1604598038361,-35.4924479671331,-36.074430571772,-35.5922149631147,-36.259341004711,-36.7876693708344,-37.0525286915365,-37.6528855954376,-37.4925665341046,-38.1792756896976,-38.264667270099,-37.0014712528843,-35.7149666550573,-35.2100064802519,-35.2664249194369,-35.1089255272868,-34.5447579016402,-34.2004660893769,-34.6535942125215,-34.3806913974038,-35.7529344319945,-35.8214056108191,-36.5323009033471,-37.5984909985313,-38.4781510676852,-38.6726057407088,-39.5606627857133,-38.4131927379506,-40.9520600858639,-41.7912061854857,-42.7619225711248,-48.5617588244208,-55.0939223267041,-49.5094520396777,-42.1806184511166,-38.7778170270838,-37.2659608390381,-36.4731040888939,-36.4526982836557,-36.200554817467,-37.8241863766743,-40.161709227031,-44.2386775673302,-48.4409583726509,-45.6818844600095,-42.537453068892,-39.4104413453346,-38.7180542848944,-36.3778297231409,-35.9016164318397
-44.7827440588279,-44.7008495540091,-42.8983058393259,-42.6394832822921,-40.6394934516857,-39.3891220941132,-38.3481346090901,-36.5588208999842,-35.361836440844,-34.6540271127392,-34.9169538610185,-34.4703565666809,-33.9270937325441,-33.8843184534712,-34.3485205444623,-35.0850684567355,-34.8471412942712,-35.2453072706481,-35.3721456767174,-35.992448819819,-36.6494424218162,-35.642699671771,-36.5669657414556,-36.796058340849,-37.2106326002403,-37.0723148723049,-36.8910751903049,-37.627250817882,-37.4703559438121,-37.306723149001,-36.52173669987,-36.233708382246,-35.6415180231701,-35.2145033313226,-34.6822151175909,-34.2484629133034,-34.4617814421474,-34.0197185067528,-35.4880494057712,-35.7229012635438,-36.6869555677417,-38.2732211545334,-39.8472287769976,-41.308119178648,-43.3415540840522,-41.0573502025059,-41.9221542398098,-42.9821152503758,-42.4364981396939,-46.2340056517519,-48.0305271608941,-46.4774072567497,-41.8511727268788,-38.5155563599449,-37.5499792259591,-36.6377678544341,-36.8095489476377,-36.907672539488,-38.9076591946292,-41.2702766397038,-45.2323330902449,-51.726381333695,-48.2497722857198,-44.3825878782381,-41.5040848596538,-40.0096233071334,-37.5526881978305,-37.4294022182592
-46.2669730517835,-45.7031472359639,-44.5784653228794,-44.8603313977908,-44.2346804251065,-41.8794433432041,-39.8938827567725,-38.064155245905,-35.961922303398,-35.2883961732906,-35.2656853503699,-34.6622339262985,-33.8694229113786,-33.5538140556184,-34.0963936486373,-35.0154792472782,-35.3492712036157,-35.5907924215875,-36.8054098141343,-37.416390728276,-37.7355235233493,-36.7113646534804,-37.4360208976518,-37.3660688653406,-37.9568976705492,-37.3628137507561,-37.5221940973908,-38.0897186955868,-37.7350410231716,-38.534642241055,-38.6355093853523,-38.4105443284984,-36.8509766613666,-36.0304135538741,-35.4877215654443,-34.985387463857,-34.6739606964783,-34.2900388590558,-35.2424073112759,-35.8399128605504,-36.7510482941101,-39.2106675920889,-41.6497195639293,-47.0344187168919,-53.7830747680556,-46.4726501847353,-42.5255972944173,-42.4160548024993,-40.4888898811573,-40.6967567740447,-40.7954290614378,-39.9061589321105,-38.0148005037188,-36.6969293316336,-36.6044923768963,-36.0099167351311,-36.3945891014718,-37.2912385783208,-39.0543108738155,-40.4941886965019,-43.0834830979668,-44.0800465315682,-45.2251410275165,-43.5030544514173,-42.2560625670132,-39.9200865576367,-38.8505842308934,-38.904004089373
-48.7062898227015,-46.7060020648091,-47.0646069016832,-48.2736473583787,-51.2468644840736,-47.4604096046143,-42.3916828092781,-39.6082973827014,-36.8955977152088,-35.931151842543,-35.3004579446837,-34.6092169853124,-34.0212327868385,-33.8291463765827,-34.5326377792778,-35.6392242860672,-37.0353253048454,-37.4676439314469,-39.8770172698666,-40.0507820231847,-39.4794092039529,-38.8303572023687,-38.7231539420386,-38.4200378912146,-39.1186026920091,-38.7007567383173,-39.5927961078957,-39.7701273245269,-39.4906891000056,-40.8940331412202,-41.9698235570708,-41.3350833205795,-38.9782265797156,-37.75986376017,-37.052399356935,-36.4258261263852,-35.3751788921394,-35.1585854919206,-35.1182663289169,-35.9105643726235,-36.624149861025,-38.7184498310149,-41.6033412146313,-45.9394149149739,-49.7220908207282,-46.6433642261682,-41.6827427187739,-40.0514255581747,-38.3536447995181,-36.9994851289664,-36.8448684599124,-35.9857737541872,-34.701529095922,-34.7055074800784,-34.9254213499959,-34.8482093944581,-35.4697515052831,-37.2500105855788,-38.5602749940182,-40.2459915001238,-42.6992749832281,-43.2046694918144,-44.7747710869078,-43.458896134329,-41.882595004571,-39.3046481021953,-39.5079773062502,-39.5168820823356
-49.8731339464922,-46.6872671432649,-48.5342388229821,-50.575856062099,-66.1491373918274,-56.8147422967527,-44.9612628994883,-39.7155836983302,-37.4597839617312,-36.1534555882185,-34.9177251571981,-34.2387323863659,-34.1185078662267,-34.3953683894174,-35.2923311072619,-36.8195695072553,-39.6835617563123,-41.7341660483982,-45.738323802858,-44.4813408360512,-41.9748017916729,-41.7249279524797,-40.2264223784912,-39.8944683207459,-40.518704773621,-41.351119007375,-43.3129776934329,-43.012368701975,-43.5301675975892,-44.8172984465162,-45.8737752834173,-44.0303871546446,-42.2013622549793,-40.6611538045983,-39.4593173120978,-38.4268484407219,-36.6671344975004,-36.5786984868595,-35.3305725409529,-35.9204002241618,-36.4987846739317,-36.9356707731298,-39.3073057486187,-39.879588539779,-41.4884609146216,-40.4327519796754,-38.9035083222631,-36.9566467656713,-36.1110064213658,-34.4579132287034,-34.0990715362959,-33.3016492189255,-32.3789041253051,-32.8928267861616,-33.0039216139573,-33.3776855762232,-34.2270831572836,-36.3770465829978,-37.6172896617456,-40.7950056031306,-44.4356993290994,-48.0011964532735,-47.5227623130838,-44.4790360505494,-40.9540615380611,-38.710830690736,-38.9222276796548,-38.9043573191844
-47.1972537014899,-45.2298650076624,-46.8510019145273,-46.3367828941355,-48.0631545569332,-45.1500747363144,-42.4081912117099,-38.2445159153431,-36.9024572190923,-35.8406055942286,-34.2990787489096,-33.7572428316884,-34.0825209311952,-34.8722195406908,-35.8235100453054,-38.0075549481667,-41.4966804781445,-48.2427665523632,-57.0109718256537,-50.4135983229217,-44.0722395888964,-44.1290708528088,-41.6126630064731,-41.6778933045141,-42.0433905451996,-45.5796032517379,-47.7814679192994,-48.5320556147999,-52.7491320384863,-51.3265043448153,-48.7617935318792,-46.2331676995275,-46.8038042105671,-44.9385387182895,-42.7320092464083,-40.6196420209052,-38.6730316617373,-38.4215256445257,-36.0994526255956,-36.0706538816657,-36.4431786452287,-35.4805982274757,-37.0233677487354,-36.6575203112647,-37.6461021335027,-36.8348993222914,-36.0019135434906,-34.4843876016057,-34.0636047102969,-32.7812126304802,-32.1517741463822,-31.4404629562323,-30.8586155192325,-31.2929662906364,-31.2094388708593,-31.8166450730056,-32.7323871809009,-34.507663940853,-35.8934231458841,-39.5483134050074,-43.158516518289,-50.6949165056659,-45.8384269817844,-42.5359167072835,-39.1561305900798,-37.8072873335993,-37.4743697083786,-37.5032362181161
-43.4972277426421,-42.8272313739795,-43.1233239810893,-41.7634893715083,-41.8136087050721,-40.122319257461,-38.4218361546352,-36.6702038199196,-35.8586741647479,-35.3413447681473,-33.8365165152214,-33.5082888936233,-34.0608216238773,-35.0377047107162,-35.8054900586472,-38.0640224090124,-40.1126277483376,-42.8652159942646,-46.599820473097,-46.8247047086304,-42.9804496989978,-44.2108723138267,-42.4758826582918,-43.3461738268822,-43.721377483443,-49.4304289255176,-49.1847169784625,-54.0679597924474,-57.120801050783,-64.1799516293367,-51.3063775646166,-49.5428998340958,-52.5178004396532,-49.6286489740005,-46.7482972463635,-42.8500412899647,-41.4725240140249,-40.1978413155629,-37.5337459635533,-36.5083558648037,-36.3621383536405,-34.9090367191668,-35.4867750007964,-35.0700759144583,-35.4421083238266,-34.871664934841,-34.0367226201823,-33.0724100073246,-32.6621871410839,-31.8799214432747,-30.9666852333223,-30.3093639421567,-29.9976067852907,-30.0086526675412,-29.7984497199697,-30.3854053709163,-31.1250242652553,-32.2230982770392,-33.4870580112528,-35.7715692207833,-37.4593860022866,-38.892112797189,-38.9032558133703,-37.8079787411983,-36.5644789385637,-36.2252992404229,-35.7409907465036,-35.9088312405353
-40.4081546513506,-40.1851182844161,-39.4786914938864,-38.5015023215704,-37.9230121147364,-37.2667581680867,-35.8998684739025,-35.6883108735687,-35.2521526758161,-35.046149580225,-33.935493815169,-33.8563236022573,-34.3699736657567,-35.1195798046444,-35.610452128752,-36.9165733128559,-37.8730600091747,-38.3833055703205,-40.9669734096017,-41.6245735692451,-40.4210733021778,-42.0985153896767,-42.4549161661235,-43.7524468923362,-45.222613700598,-48.0326804694053,-49.8473499837369,-51.5015791002935,-51.4237039824008,-60.0810097966338,-57.4377952488399,-56.4050515864088,-55.9180204102478,-52.2503444164212,-51.7066631953276,-45.94731890944,-44.5014478898747,-40.9868021303556,-39.3442829549487,-37.124303904456,-36.247575458442,-35.1443858635903,-34.7052117777632,-34.5267844813099,-34.2778157672275,-34.0204963302499,-33.1942574597046,-32.7502065124289,-32.1782856673095,-31.7501673993953,-30.6113878775573,-29.9272679979304,-29.7217352681125,-29.1854591094227,-28.9075669802381,-29.2556512402153,-29.6595322340398,-30.1719493651557,-31.102254696575,-32.2527670361397,-33.1042268692961,-33.6650281546503,-34.2721308587725,-33.9225795077036,-33.9278778481353,-34.2460816562858,-34.0332597562127,-34.4867056802932
-38.0782029196145,-37.7885408101249,-36.687397568436,-36.2022435276126,-35.4374114499437,-35.4176993017085,-34.6249476280979,-35.3419480826492,-35.2905071457365,-35.1896330026822,-34.9615159925961,-35.1967012606084,-35.4290997563024,-35.6306766351208,-35.8032551002362,-35.7874295856477,-36.2808645559024,-36.1512754674559,-37.4915093109033,-38.0597296984365,-38.2729678785403,-39.1648536260043,-41.1563045907502,-42.1857548895136,-44.6057250959057,-45.9991349692608,-50.5851262302725,-50.5069877767434,-56.3273907814792,-55.2505780414994,-59.9191811935913,-62.4019278489563,-56.5463061982696,-57.274528624534,-59.8662721894939,-50.4294700388143,-45.1871512657542,-40.708793893576,-40.3800500882152,-37.6135783525696,-36.2887571048288,-35.9154434710314,-34.6460045963833,-34.7479762642782,-34.0023415434558,-34.0830178722132,-33.4724848636656,-33.4875492022761,-32.7669345218001,-32.457396429804,-31.1972253204565,-30.3600172649445,-30.0063893510239,-28.9396395373308,-28.5831983544454,-28.5296402779903,-28.5570755609378,-28.6505578392834,-29.2182645444792,-29.7411617965978,-30.2371958879021,-30.660245177173,-31.2923620180701,-31.2681258074758,-31.794105535031,-32.40825118661,-32.5988285419286,-33.3953218014912
-36.4660386246871,-35.9052315947403,-34.8223718029311,-34.6070597747864,-33.9521167874583,-34.1786787229336,-34.1575214397026,-35.3288797078156,-35.6448029908862,-35.9213740048316,-37.346144045318,-38.1492977790053,-37.8298334671572,-37.0418134998248,-36.6122391119244,-35.3255492095321,-35.3318189080397,-35.0298829269097,-35.1369888044204,-35.4977426212704,-36.4572225750157,-36.5313352281112,-38.7420717913569,-39.7011509628833,-41.5130377897102,-44.0433259828323,-45.6680139949823,-48.0420689728009,-54.7753789223936,-51.0011493882871,-49.1999445465098,-52.7043681760966,-51.9725461424253,-55.8727422885148,-52.7176483831809,-47.7229913514105,-43.3746031294333,-40.3015467965109,-39.9330976245633,-37.9006383795401,-36.7398642549736,-36.9247044427356,-35.3383585092438,-35.5998083071653,-34.6377873396792,-34.9810709324337,-34.8671287687002,-35.289028785203,-34.6005323568445,-34.1659578396456,-32.8885152264501,-31.7019212958759,-30.8566373881057,-29.3358897987576,-28.8095624627144,-28.2497351006624,-27.9215248831126,-27.7258105945222,-27.9610248149567,-28.1391323913446,-28.4617801339457,-28.9238682460329,-29.4440161393428,-29.6734983840006,-30.3817568160834,-31.0652586117328,-31.6645379029696,-32.7044038478524
-35.5386031794696,-34.6722702151312,-33.780782879742,-33.5706625760975,-33.1668240968238,-33.3550286487813,-34.0030881447376,-35.0548158453918,-35.7570832868139,-37.2758848585932,-41.5893553256904,-44.4699901319967,-42.8198382105078,-39.5131647145933,-37.7275204516221,-35.4891322078253,-34.8229882726778,-34.4639814224492,-33.6633575113759,-33.7629557719357,-34.7998015881158,-34.6138424456578,-36.1376069142838,-37.2411359021863,-38.2914354114784,-40.8647210123765,-40.7431115436963,-42.3341175532213,-43.7524583839485,-45.7911136229129,-43.6674928651516,-46.0220806275158,-45.7422992218058,-46.0911808817561,-45.7727459516484,-43.0380253122343,-41.7969257795281,-40.3202893282872,-39.2858996316769,-38.3903473652641,-37.8052617800744,-38.0329443974462,-36.8477967796544,-37.0389921321966,-36.3082398723793,-36.6985927726583,-37.3982329990025,-38.2086386015082,-37.997521687198,-37.2336158058207,-35.9367370068923,-34.0544064744519,-32.2769264758764,-30.3729584303904,-29.5066004859472,-28.404931163225,-27.7496676667772,-27.3607084613518,-27.2945783555402,-27.2898126836397,-27.5380817156499,-28.0820930192464,-28.4953209670705,-29.0152615238672,-29.767222855586,-30.4141225951529,-31.3990540234603,-32.4900808092157
-35.2882968897908,-34.1553886019627,-33.4278598615934,-33.0126345220313,-32.8334344487477,-32.803622163707,-33.7012438476924,-34.1930250366406,-35.4013825501096,-38.6320889962532,-44.0561939675302,-53.1266513330922,-49.7406494509359,-41.423422250258,-38.2093115592501,-35.8513392023245,-34.6403331536585,-34.2228502226727,-32.9970461588757,-32.84773405086,-33.4696021859378,-33.4206685776483,-34.0167477335156,-35.101053773144,-35.7333412204876,-37.3407838368897,-37.4054154801113,-37.8577819184973,-38.7115693060821,-40.9865304991741,-39.8347034309359,-40.9814392238619,-41.4309855261064,-41.3401079856677,-41.9500178112249,-40.6990404763845,-41.1952664280678,-40.9338520169112,-39.5817126328536,-39.6557827678505,-39.6262495269434,-39.3209799982958,-39.1986160112379,-39.0519430032261,-39.2251650136563,-39.3559846369015,-41.1158507771665,-42.265315360688,-43.6691393362844,-42.5431993887378,-40.6167624825826,-37.3760606560005,-34.1941172761596,-31.9119016249128,-30.4898354060716,-28.9140310354864,-27.9566299224375,-27.4551738993387,-27.1300823599913,-27.0680364962223,-27.3248948450543,-27.9511152777298,-28.3519762877166,-29.2249917805428,-29.9851331082314,-30.5993022395828,-31.9254517695197,-32.8780544640454
-35.7270663083483,-34.3722523746078,-33.6283298278226,-32.8936095878528,-32.7693723935725,-32.4426356536325,-33.1270677621558,-33.1588979655947,-34.8233909885539,-38.1117056578055,-39.7014910432709,-42.1658938422087,-42.0139369804026,-39.787175707271,-37.6327015201493,-36.0425299797026,-34.8418695038502,-34.3601721632325,-33.1577417817136,-32.7913823418054,-32.7298789750681,-32.84280494745,-32.5927014100913,-33.3661937308989,-33.8026622795512,-34.4508013148998,-35.0905430470243,-34.9433991203587,-35.6665196039054,-37.2756974857075,-37.0533245597928,-37.5243308268961,-38.6781573590407,-38.8011658976959,-39.8103082532149,-39.9864523075978,-41.5231470640374,-42.4001865948929,-41.3977521555328,-42.323079438453,-42.2518155666438,-40.9864612951336,-42.1709987203732,-41.4784245570445,-43.5683427536451,-43.5637426724019,-46.2291923524785,-47.1348868683967,-53.5632958641491,-53.655042770051,-45.8091851626536,-40.7309570713487,-36.2179902484174,-33.4879334857455,-31.4180806920035,-29.5855245463336,-28.3954814783439,-27.8546987285383,-27.373646783933,-27.3763280460913,-27.7375156170216,-28.4350104436307,-28.9920210081584,-30.2580453610514,-31.0602853374963,-31.7679575779796,-33.3626595983546,-34.060164682437
-36.863870520399,-35.2802963664439,-34.2637677498306,-33.2036133885808,-32.870150680887,-32.2953476777872,-32.5171795664002,-32.469100029371,-34.2219159246917,-35.8001707383723,-36.3323978274776,-37.8165109023948,-37.560761397691,-37.4125684667617,-36.8747604502181,-36.320982431264,-35.6738051736763,-35.1736559269611,-34.2870194789526,-33.657839153019,-32.7319467934687,-32.7547294222337,-31.8610094276042,-32.077684068335,-32.3624979252565,-32.3752865551384,-33.3757795557568,-33.169270575369,-33.7050855015714,-34.7246957107331,-35.1901976176409,-35.4584959207167,-37.077294434093,-37.6413783583775,-38.8118549679849,-40.2217743239567,-42.4779945394388,-45.1630993967168,-45.5413708576645,-47.7968002707962,-45.3378658216878,-43.3170578570732,-44.8297251159018,-43.6004384786469,-47.6458707176673,-50.9076279790578,-53.3107480315244,-53.2883497450535,-74.7185943001707,-57.4933096960698,-46.8127759399744,-41.7348201051309,-37.2390154865758,-34.2548257384384,-31.8679282777159,-30.1165491876517,-28.8956417202927,-28.3822279464476,-27.9542230985555,-28.1403413600617,-28.729331632467,-29.4934513156207,-30.4331756066293,-32.0587972779847,-33.0036532229209,-34.0966797769676,-35.8679672679353,-36.3452993909303
-38.6470828414926,-36.7331305295406,-35.2626476144571,-33.9425771470611,-33.1091394274841,-32.4486163066732,-32.1456643766955,-32.2913711710014,-33.5892714406603,-33.6438053363113,-34.4064764456375,-35.4552818945789,-35.4083334901313,-36.0610499390585,-36.6321549711955,-37.2745511564492,-37.5694751367024,-37.2162216456824,-36.7287100995529,-35.4992242677015,-33.4667109760943,-33.0076352893265,-31.7113547903003,-31.2461507401994,-31.3065292296797,-31.0273349028221,-32.0282884869784,-32.1746597008838,-32.4941607685666,-33.2339714029774,-34.2101199298162,-34.6184215067128,-36.4179933414261,-37.5045004655975,-38.6774224252688,-40.7251650505609,-43.301933473472,-47.9697467194597,-52.2848395029851,-75.132242573114,-47.0698916233417,-46.0634709572104,-45.347212900158,-44.0993390586483,-45.877230301112,-47.2866487238994,-51.481340130656,-62.8319027760697,-58.3599317860843,-52.4001620079287,-44.9354654642986,-40.3185576626828,-36.3155683321152,-33.808922310297,-31.650186914184,-30.2624539694395,-29.3321455855141,-28.9221369896184,-28.8315542966797,-29.3132837154066,-30.2744941088675,-31.1392006039096,-32.7050375589523,-34.5170135578211,-35.7655210950958,-37.7531450839499,-39.6357557323348,-40.3759257100368
-40.8606196073231,-38.4751941061186,-36.6316368075188,-35.0753943416778,-33.5439575033296,-32.9400982180202,-32.1558132972553,-32.5246190358103,-32.9240201916943,-32.3048227007796,-33.3244899021663,-33.9663233980293,-34.4612391191422,-35.5580567971524,-36.9338598746421,-39.0230965219033,-41.2378711692653,-41.7469398824928,-41.2195356853373,-38.0706060661182,-34.6609116143384,-33.3765375137737,-31.924453786877,-30.8318779840392,-30.570318066195,-30.2655831908111,-30.9575010743487,-31.6491237823171,-31.8855486563519,-32.6487870721937,-34.0883709286312,-34.9268185976423,-36.6762831159833,-38.2771398772731,-39.300057278553,-41.1692990873277,-43.1394422540578,-45.2950149748167,-47.8114395248891,-48.8782954996349,-45.5066563891498,-45.1976122183414,-43.1988978943569,-42.6364546362918,-42.064452806716,-41.0200168604575,-44.590246333655,-46.0869164025056,-46.4977049428753,-46.4586342280744,-40.8041580907985,-37.7297520681695,-34.2932038903993,-32.6717249596682,-30.9668164639212,-30.0625667517228,-29.6672536931346,-29.483700065454,-29.968544671458,-30.8810988162557,-32.3280516274893,-33.4591137591746,-35.8090831391112,-37.4512594968429,-39.1221276144643,-42.3960824242947,-44.3670148028893,-48.2999864426409
-43.1417900303583,-40.3600844658231,-38.4455946759124,-36.4618832862497,-34.3003979985185,-33.6703425445028,-32.575825675396,-32.9369435804894,-32.3523906328295,-31.7926053061777,-32.7489197394354,-33.0809887230982,-34.2200511643182,-35.4479729940155,-37.389539752942,-40.1956035473511,-46.5075548397608,-56.768209955073,-46.942887748037,-39.7925734330819,-35.607733670007,-33.5772584757506,-32.1672974712685,-30.7260349761657,-30.1190754205365,-29.9318208416607,-30.1626918493845,-31.3185879175703,-31.7518626862979,-32.7190176354246,-34.7565597929325,-36.3665876201819,-38.0684730015548,-40.184751585041,-40.8478384991021,-41.870175412353,-42.2681830505472,-41.6892064885909,-43.2247527656644,-43.1650684873936,-42.6272479883932,-41.2125798599642,-40.290082096969,-40.2523443688524,-38.9092133036245,-37.6844909284237,-39.9344170638594,-39.5206952274652,-40.0790464482775,-39.4213017198385,-36.4572250806344,-34.7427556963571,-32.2210148899784,-31.3696990909639,-30.1390851072139,-29.7409722428051,-29.9039595791904,-30.1312826348901,-31.2664702585719,-32.8344818848064,-34.7551744580075,-36.6600205473183,-39.7067341518892,-40.7467973538904,-42.6175468422463,-45.6472956507898,-46.7539888822826,-56.5009193941522
-45.528007890516,-42.6899725978551,-40.719131275033,-37.8267933186397,-35.4783647256185,-34.4300683483962,-33.3495859103784,-33.2968770887814,-32.0574619294598,-31.9873691855684,-32.5567357064623,-32.8169347989922,-34.4028309464259,-35.4674009025246,-37.6105730249565,-39.355936002362,-44.1726902346463,-45.9141579285252,-43.1689745053838,-39.0084550576052,-35.6460030368064,-33.461048693967,-32.1554362576019,-30.7658806821618,-29.9289541865946,-29.8667516236544,-29.6790138346903,-30.9784702994001,-31.8973761399754,-33.0153875335702,-35.901411408552,-38.7036892428362,-41.1860251089394,-44.3554273719348,-43.999187616651,-42.9345981252762,-41.370916374442,-39.6034949736334,-40.7247537788969,-40.2301412515428,-40.1125873466221,-38.3318793940378,-38.0427215661098,-38.0453350874,-36.7437120087064,-35.9559251903218,-36.6804761602309,-35.7062446937879,-35.979155997358,-34.7421570433235,-33.1845402051464,-32.0781206760362,-30.4809186344947,-30.1065761864869,-29.3769146799464,-29.4408746988845,-30.0191721341689,-30.8220651183587,-32.4961529123584,-35.0007097477522,-37.2739942504844,-41.0811240156121,-44.6905639246336,-44.6488442720165,-45.9776112864269,-46.790271052201,-45.9936056217962,-46.9849205096931
-49.0529980431043,-46.0289257700637,-42.9788311489652,-38.92004423662,-36.9738271719225,-35.1065648711656,-34.3467541459101,-33.5101851265052,-32.1815773971262,-32.7087624646382,-32.742819140559,-33.2223413968995,-34.8677058357377,-35.7633936479584,-37.7906100185083,-38.4958997451374,-40.628650958882,-40.3524070659569,-39.662345227891,-37.54804019967,-35.1182181207609,-33.1580221820526,-31.9229190790617,-30.82540752431,-29.975453179769,-29.9465275821229,-29.5397413252499,-30.5625493941449,-32.0386012786178,-33.0381959762734,-36.511448080002,-40.1472774560225,-45.7754352866704,-60.2089894278677,-48.8231723099504,-42.858208375637,-40.4204579207,-38.5841163034383,-38.9932577615949,-38.4721927810626,-38.3934093591044,-36.9818389166477,-36.9010161632391,-36.6724724099788,-35.7040536143316,-35.3265707407203,-34.5461835780107,-33.484577100126,-33.2246237198678,-31.7874252910256,-30.9227444676416,-30.0160178976235,-29.1439244170086,-28.9560652795253,-28.7533629906572,-29.1557584150827,-29.9792558739963,-31.3177263768413,-33.3282950591486,-36.6061182251841,-39.381671143678,-45.9022381894274,-53.8734664041421,-49.5482190329343,-49.204165106076,-48.1608184589196,-45.982549228927,-45.0122095674431
-55.3632714651031,-49.2851343783477,-43.9701816848481,-39.7878304374783,-38.353746927757,-35.8671276197882,-35.3848123527162,-33.6786937012986,-32.7769987727693,-33.6734467013785,-33.2994352835543,-34.2412379443363,-35.5587392484472,-36.6789897651961,-38.5640908265528,-39.2856201110985,-39.8404898950145,-39.019026101132,-38.4394735367944,-36.6696843021323,-34.715825961582,-32.9200938583296,-31.7684220594616,-30.9308378313929,-30.243656988258,-30.1298933846819,-29.7635325363713,-30.1879369215076,-31.9197980205498,-32.6684240529031,-35.5419448260107,-38.4192422767121,-42.1316780944014,-45.7539740723889,-44.2606833432641,-40.4516678838371,-39.0394497701332,-38.0106838068174,-37.5873412934384,-37.4363519295131,-37.5476495937257,-37.0483999082725,-37.0451116619105,-36.4975482045411,-35.8875741531713,-35.5359552487365,-33.4578791908192,-32.3920693754651,-31.426831805146,-30.0368639516247,-29.421931565677,-28.5582394205042,-28.1723210318159,-27.9741929841844,-28.2430818359505,-28.8243687099883,-29.8002495664665,-31.3631939364498,-33.5565543260205,-36.6071203876582,-40.0238946212686,-45.0888431301366,-55.9126344002732,-52.2297976468983,-50.4396064181346,-48.9722125749622,-47.3952263659833,-46.1204560051738
-53.8944840276801,-48.2809658575516,-43.743412290279,-40.7816378649114,-39.3236717471786,-37.0362523490691,-36.2927821769863,-34.0091072094981,-33.7581053343138,-34.481259243897,-34.1151140658939,-35.5511965045308,-36.3760218092792,-38.3575452580352,-40.4890875190826,-42.7921918225815,-41.7374234122814,-39.9450217941318,-38.6206530598076,-36.361636721113,-34.7207903946721,-32.9469576119162,-31.965497152547,-31.2534025988613,-30.7591660736472,-30.4795278820255,-30.3618320127011,-30.1012934071452,-31.5474392814632,-32.2453358410832,-33.8001643763382,-35.8441209364295,-37.1007853299804,-38.6931276600147,-38.6313719073113,-37.6536634707363,-37.293807547105,-37.3670984551329,-36.5560629135554,-36.9800236663176,-37.5218290747846,-38.5208841652375,-38.7888389060636,-37.9020461026105,-37.453586811557,-36.3738662906749,-33.3609203642711,-32.1107037884369,-30.4164646946791,-29.1599407690755,-28.4871119835759,-27.6332070984505,-27.4934064954574,-27.2210424741238,-27.7819766727396,-28.4336738364776,-29.5324002285532,-31.0101669571944,-33.2686184590837,-35.5782653227504,-38.7561176222834,-42.1496657380674,-46.4710489853916,-49.6209487538556,-48.7450909365172,-48.7309557234228,-49.7903173682046,-50.0400636388944
-48.5686643514166,-46.6778044411198,-44.088056579587,-42.5022525628242,-40.4829526514283,-38.8235833941994,-36.9650299167709,-34.6105093955694,-34.8290174449302,-34.7723842848084,-34.9036286288732,-36.3534312004842,-36.9965323768186,-40.0709809500495,-43.3416089628273,-52.1883352710372,-47.0425914933853,-41.6625751948761,-39.3570990199402,-36.3862176507454,-35.13631992299,-33.3773076279403,-32.6413785310192,-31.9883112816465,-31.6115648856083,-31.147502356066,-31.3567221385064,-30.5771387835359,-31.247791577745,-32.1073260357535,-32.4272014245662,-33.9448764860376,-34.2056796244739,-35.1622549100279,-35.3098059778041,-35.5509751059638,-35.6559100548595,-36.4663147464314,-35.966814032096,-37.0248507739277,-38.0969485310735,-41.359040493873,-43.1136590752529,-41.7790453261733,-40.6285997546807,-37.54618402395,-34.0660822709844,-32.3046531614787,-30.0950516288256,-28.9107073158679,-28.0061659348467,-27.1745907842137,-27.0533565564273,-26.7500788772232,-27.3433048864157,-28.0304333622209,-29.1858325913923,-30.5249142936705,-32.689964291381,-34.660876696576,-37.1373147395246,-40.5677818196587,-43.6373497965897,-47.8100474833261,-47.3814888253507,-48.6909928384082,-52.0489111108838,-56.6419952119421
-45.9223631118939,-46.9163712019072,-46.6926864690078,-46.1968224159002,-42.9068938172424,-40.7572974262347,-37.2643301244754,-35.2654437193162,-35.489683729481,-34.4859626044662,-35.2271254691056,-35.9436749063593,-36.9521975441245,-39.8766046105137,-43.3291982925034,-47.0599636720703,-47.2342214707164,-41.2391253906694,-39.6355741757784,-36.6746332450665,-35.8993862682704,-34.3207294878564,-33.79765245026,-33.2609325784879,-32.9410560956836,-32.3554720025502,-32.8070941152308,-31.8787262626825,-31.4642614305548,-32.3998628854316,-31.8201097879379,-32.7997407005237,-32.7302796410221,-33.2524002642751,-33.4698311351462,-34.2088792734603,-34.4807712233773,-35.4802290041784,-35.7151880453522,-37.3642086883986,-38.7695161063191,-44.1028533061386,-54.3560649100709,-50.9585749761931,-44.1100123578343,-38.5037767299513,-34.9946968855869,-32.6348171282873,-30.3635131174282,-29.1117709320634,-27.9528636847838,-27.1455337348873,-26.8578861234458,-26.5924065020584,-26.9775648041624,-27.6656702419105,-28.7274739970286,-30.0477600476269,-31.9706485718099,-34.0943984892187,-36.2530689243749,-40.1521738051198,-43.9276006215302,-48.4111342803072,-48.0351028009112,-48.8892817591332,-52.2515731419332,-53.1017715922082
-43.7838180110831,-46.674317394953,-54.0191097687661,-52.5159197454502,-45.9681753832811,-40.6274181709359,-36.8687451727202,-35.4172973120098,-35.3264251984638,-33.8667936786878,-34.816205592216,-34.8384968462104,-36.2333246672545,-38.1557940711897,-40.2069201728244,-41.3743672021624,-41.8355769440915,-39.7108649740373,-39.3657466404343,-37.4173719652046,-36.9824145440305,-35.8461198189446,-35.3453096503146,-35.0832481882597,-34.8842520298963,-34.4047797578991,-34.8654948092056,-34.3078401343456,-32.6303206512888,-33.1574797883844,-32.0563957961378,-32.2950575605677,-32.224636972627,-32.3899011813625,-32.6826220829026,-33.5298855404815,-33.9202608720765,-34.7538619206356,-35.6818264956255,-37.6312620970613,-39.0025848357111,-43.1825034540506,-46.4969012400369,-45.6036352870155,-42.2464763707588,-38.5392644719395,-35.310041607955,-32.9816007868084,-31.1184731721925,-29.7118207915423,-28.3821429780109,-27.546548585454,-26.9709358348603,-26.7477406301368,-26.7764185945505,-27.3624946772619,-28.1674207685975,-29.5235900996883,-31.1382565932706,-33.4512479960622,-35.9704327243534,-40.1466762217925,-47.1042522316474,-54.5191047492084,-52.5841183518828,-49.3187017376872,-48.7858832904261,-47.3206625467028
-40.7837743952906,-42.455241960145,-45.9124517937435,-44.1444733243457,-42.182286248815,-38.0244706452885,-35.629476463077,-34.8142758841674,-34.401085925314,-33.2419743571329,-33.9353898532699,-33.9229892603791,-35.3788489842468,-36.7443410304043,-37.981288142667,-39.3949113231073,-39.7673609404049,-39.5924842205515,-39.5698900933785,-38.9552944697147,-38.4257834438469,-37.9252232633388,-37.1321945016451,-37.295709198555,-37.4475957548796,-37.7417315599029,-37.9419387734215,-38.3477320675313,-35.2486760341512,-34.3862724924451,-33.1067491509219,-32.3300323566507,-32.3520108311542,-32.253335448968,-32.6730818155453,-33.4419656684228,-34.0414354970645,-34.6697135481545,-36.0224011767292,-37.7502321762412,-39.0035981411556,-41.0503687624622,-40.8288259792971,-39.9574721498558,-39.0176246505543,-37.6179669278571,-35.0991898048061,-33.5888302413882,-32.3483537106453,-30.8532516389434,-29.4189818413792,-28.4132829720084,-27.4670784050968,-27.1800834365486,-26.8046114506913,-27.130740119606,-27.6033053616194,-28.8627853048053,-30.1720043208356,-32.2398418128627,-35.1486021100644,-38.8122288793769,-45.3442029586887,-52.3424835889707,-50.6847058877329,-47.8398198115802,-43.9686229045983,-42.7990281886335
-37.5035065726188,-38.0572377192356,-38.9291820921775,-38.1031377674213,-37.2060462204711,-35.3442271487433,-34.0501695108716,-33.8686590866631,-33.2002116095714,-32.8541710116064,-33.1175562426811,-33.583283556715,-34.8381583812302,-36.132611658077,-37.1043643349213,-39.2050719094639,-40.1009615138485,-41.7011575144499,-41.2327916143732,-41.6882305408127,-40.3048935855729,-40.3383890983413,-38.9702766800561,-39.479977742977,-40.1625796861462,-42.8729635238516,-43.313987056057,-44.7435282968327,-39.8668558616257,-36.0033122987549,-34.697545431082,-32.7693051969728,-32.7489851752067,-32.5372238263368,-33.1502209530228,-33.877271089686,-34.8819109606025,-35.6300289843546,-37.274300752037,-38.3525967019077,-39.5705299096038,-39.8476926006331,-38.5194095151114,-37.6178173252214,-37.1070684213933,-36.4868916681621,-35.2614971686646,-34.8886710433472,-34.3173552302696,-32.908753733964,-31.2389025466921,-29.7893031236204,-28.3584189458905,-27.8079629063989,-27.056431986989,-26.9873842090009,-27.1554322632189,-28.0969017209324,-29.1135268449169,-30.6097153943341,-33.0748542130182,-35.7588072944517,-38.770277630509,-41.4544772196683,-41.7254963910448,-42.2272967831072,-39.9000481914857,-39.2257563222643
-34.7628826992843,-34.9242477451092,-34.9800207276207,-34.6446955663357,-34.0581724412451,-33.4395451885443,-32.7949382717641,-33.023990847048,-32.2612432576381,-32.8083179802862,-32.7378654855402,-33.8162266497511,-34.7490177171337,-36.1840736036422,-37.2885810147083,-39.9675200391632,-42.2403143166822,-47.0551000245713,-45.6148415170283,-45.9164574364556,-42.5553948807955,-42.5655155693822,-40.6686104818234,-41.0241279995614,-41.8269345564367,-45.9109318850819,-54.620979767135,-47.4720461587375,-42.1651647552063,-37.3611373034683,-35.7701876827109,-33.3262155137142,-33.0084496796687,-32.8718877739497,-33.6865250874772,-34.6259351785632,-36.3187911889926,-38.0952092790776,-40.5242693949637,-40.5893295540693,-41.2887142962122,-39.3556688766068,-37.6441542724901,-36.7439353456369,-36.1999765895904,-35.7698260661564,-36.3041654704585,-37.3224237257036,-37.8291242044238,-36.6265068914139,-33.9606983344258,-31.6168599419629,-29.502864420575,-28.4892280689923,-27.4475225611661,-26.9498806842829,-26.8863817526379,-27.3640172380094,-28.0985775162703,-29.0846323648503,-30.7621457105754,-32.7183797618792,-34.5161262598989,-36.1217267586567,-36.6879627573551,-37.3323814798874,-36.895857367406,-36.6565004917443
-32.7652840772788,-32.8610078553261,-32.6559769833506,-32.6919566776343,-32.3287776774763,-32.4075048876922,-32.2451862068496,-32.534718199872,-31.9575615226044,-33.0899013319007,-32.9386141136756,-34.3523135200118,-35.0241821540751,-36.5288364651871,-38.1043861300594,-40.927864877313,-44.4072418739734,-52.3169293517774,-58.2611324538905,-49.6953561158415,-44.5720730264655,-43.8950533365015,-42.1247963166131,-41.6020258230764,-41.9972990012011,-42.3755800717622,-44.101836958503,-42.563414067252,-38.0081566018641,-36.9412717066494,-35.0311289539355,-33.5092377488868,-32.8315614890983,-32.8896172847644,-33.7502080313507,-35.0691184956791,-37.4472911968879,-41.5524466836676,-49.9109114949074,-46.7389981455753,-43.1001135707629,-38.8401504234152,-37.3146388940255,-36.512830656267,-35.9318590906869,-35.7366529972958,-38.0097249124393,-41.0300727500118,-45.4661600012536,-43.7281045147689,-36.9123668849446,-33.4236928881185,-30.5448422871537,-29.0387807952968,-27.841625097918,-27.0100907243705,-26.7791486725552,-26.7982224474304,-27.2855967190536,-27.9840624092435,-29.0635947670901,-30.5161567703307,-31.938274168995,-33.0226311173228,-33.7112316749937,-34.202000513692,-34.8779101512802,-35.0258848509235
-31.4639751747123,-31.626562966682,-31.4796621874777,-31.8325180975956,-31.7657953536323,-32.2950535614416,-32.58695578187,-32.6570617476003,-32.5157851051272,-33.6420899871342,-33.6818902484336,-34.7877190309166,-35.433593418959,-36.7003196034192,-38.8471306143315,-41.4661692315397,-43.7942807485489,-47.2668091513095,-50.8992295781866,-49.061581916886,-45.5692605205219,-44.2675646321541,-43.4019484106426,-41.5457892639139,-41.4382218075666,-39.7473559394809,-38.8220341154903,-38.9339325985255,-35.2851870423232,-34.9353728240521,-33.3314329401131,-32.9821175331976,-32.2271308583934,-32.4426306879327,-33.1070205722287,-34.4402203063141,-36.582592540733,-39.6928111405653,-45.3288649703423,-45.5366129811256,-40.6552238845759,-37.6825934509933,-36.8664169218361,-36.3949306744969,-36.0906239289054,-36.4281012074597,-39.1926258855985,-43.2218260680378,-49.356623307231,-45.0782836171324,-37.4691489165102,-34.1841000209321,-31.1153165166813,-29.325503574249,-28.1124999362688,-27.1176687671894,-26.7638520195833,-26.4723781046606,-26.7856624085251,-27.3957487706088,-28.1747443594846,-29.2710914901224,-30.5629596637249,-31.4234705495846,-32.1734686725668,-32.5949167646282,-33.759875972336,-34.2047546623826
-30.761812111731,-31.0455468383649,-31.2184279951587,-31.8571621949685,-32.3047154833885,-33.2355162355657,-33.9861571072033,-33.7463090165066,-34.098578968159,-34.4733362598319,-34.7807000421511,-34.9533565404375,-35.7263332825941,-36.507469170214,-38.846647600298,-41.4063469083148,-42.6367353990296,-45.8946934604604,-46.5661207318684,-49.1078387198487,-46.3961930766553,-44.6811210607146,-44.3851322983749,-41.4002400423613,-40.4125788959138,-38.1712833009288,-36.329494243485,-36.1704374406284,-34.08134223254,-33.0265535218315,-31.9644142780864,-32.028716476002,-31.4776445832972,-31.712953930037,-32.0860200566766,-33.0025875103114,-34.3756697509636,-35.4449837089759,-37.4061653555813,-37.6503021211027,-36.6663356105979,-35.9912155309972,-35.966180065068,-36.0522110608489,-36.4841522230531,-37.5805245695507,-39.1409656650707,-41.3870730918788,-41.0031174035054,-39.4242433677035,-36.0954106767618,-33.7409416103865,-31.2266016294545,-29.3564405178499,-28.2001999064271,-27.1952771307012,-26.7669807266378,-26.4029779793587,-26.6487505292344,-27.3078363574066,-28.0711400914809,-28.9770420610652,-30.2134746583464,-31.0875171916239,-31.8699138116865,-32.3187730906283,-33.4961944321628,-34.0750423384251
-30.5481928755644,-30.9664020857442,-31.6629255237868,-32.5979940323869,-33.9845702936368,-35.513785094803,-36.7782556255153,-36.3310203064068,-36.8447218951606,-35.6748226210037,-35.9543470275815,-35.071095558151,-35.8205325999762,-36.2063390828843,-38.2305782299316,-40.7422354887889,-42.2854269015183,-47.1607927357464,-47.4739846235654,-53.6925616319902,-48.6500253079007,-45.8592373399395,-44.1841216336392,-41.2551699370671,-39.0682679758192,-36.9721639754914,-35.1826031345716,-34.2059459282446,-33.6700210952718,-31.9204469149031,-31.3324833923264,-31.2132313785644,-30.9231499635102,-31.0436157168177,-31.1830777837864,-31.6466471135156,-32.4439298000078,-32.757747857637,-33.6990606573586,-33.6690305227837,-33.8065896533592,-34.2524304083434,-34.6760735324159,-35.269155602216,-36.617186486134,-38.2670096315547,-39.1507472692464,-40.4922188801573,-39.1998230796066,-37.8876604387373,-35.3600203209316,-33.1195148794617,-31.1286310985631,-29.1977147671114,-28.1036253383915,-27.1845021290763,-26.7563166539517,-26.5689049177502,-26.8790474761397,-27.6812580100705,-28.6852062453442,-29.6496685469345,-30.8888294545315,-31.9892950931708,-32.7969669941127,-33.2999319946592,-34.0794760151937,-34.5746771515439
-30.6913184687733,-31.2226713874502,-32.4690241975387,-33.7862290587742,-36.71659901572,-39.5634737098233,-41.9702117630973,-41.3269451125726,-40.6649961903341,-37.2244923090552,-36.9500157633823,-35.4067302788155,-35.8617860302777,-36.123574780768,-37.5535936237789,-39.5351769064735,-41.6086479748358,-46.0035922002875,-51.1691452861388,-62.2130560312287,-50.2601127622178,-45.9047470490143,-42.353030255545,-40.5716132142992,-37.8213874725536,-36.0469207352511,-34.780375239424,-33.1935079957889,-33.5792711063395,-31.7424685378604,-31.4789497735554,-30.9357677049793,-30.8264901439238,-30.7430778950344,-30.7284107919539,-30.8589052749501,-31.261088224797,-31.3818453342229,-31.7431931385497,-31.5943158406179,-32.0494330083619,-32.7743693285017,-33.2619688159968,-34.0626640410798,-35.7729881785049,-37.4297580708189,-40.0089436821881,-42.372737831453,-41.7080228878709,-39.3038987808551,-35.5483570040195,-32.7603728973909,-30.8544543007918,-28.8543514349347,-27.8383381213105,-27.0843513263388,-26.7517173571453,-26.9203575867744,-27.442509861247,-28.4661870349717,-29.9134824608152,-31.3417252274869,-32.7465890774651,-34.2985103541351,-35.1456866103315,-35.5854664825039,-35.5322008546677,-35.7221333446314
-31.0384189634947,-31.6276217842906,-33.1077880300418,-34.8785440078162,-39.0069782374433,-43.3615930305095,-51.8227542442918,-46.238838237442,-43.8447281015074,-38.6430663326135,-37.6310918204885,-36.0684147042746,-36.0846439426068,-36.4013317823048,-37.1150666708866,-38.1766013105687,-39.9201229182922,-41.8736240913997,-45.5279086448024,-47.1360414605603,-45.2089275240325,-42.5485166993088,-40.0833192434533,-39.1123800990976,-36.9848808642581,-35.6162277197187,-34.8233109281681,-33.2275042479156,-33.7035776418958,-32.5033767276551,-32.3645465611286,-31.4322896400191,-31.3650551862672,-31.031254221748,-30.8936258177883,-30.7776905636403,-30.8430249328852,-30.9603286622524,-30.8841415318571,-30.746441229493,-31.1586299672528,-31.6936929928427,-32.0336642580637,-32.7747889331973,-34.1239517623398,-35.6295873953348,-40.0373133170716,-45.8844530239556,-58.7140039184072,-41.6999819796452,-35.3960237279307,-32.2174999714249,-30.2154526705904,-28.3098620632077,-27.4354844205948,-26.9400910248584,-26.7975357074583,-27.3766100994483,-28.2430482332295,-29.5682696081079,-31.5340627783004,-34.0374784019058,-36.1599138517794,-38.5780205886993,-39.4789768404168,-39.3895341948604,-37.8935371219508,-37.6035073605332
-31.4567255003959,-32.0305061389718,-33.2453826438738,-35.2329951532018,-38.109685617505,-40.4355203435557,-44.3421831490307,-41.8207608152126,-43.5167058716669,-39.2958391623918,-38.063591096711,-37.1275599839081,-36.7016371843589,-37.0413671135092,-36.9925224170907,-37.1422908865441,-38.2422246048153,-38.9389508280088,-40.2991768603642,-41.7228083515287,-40.8000970862892,-39.2310021386454,-38.3048075307419,-37.6066292960435,-36.6719309295114,-35.874800988186,-35.3123777026296,-34.3712674434849,-34.264468149854,-34.211885628242,-33.9337684560879,-32.890097890995,-32.6696410594954,-32.0659441576194,-31.7686618530991,-31.4193988941305,-31.1454538344623,-31.2667590773802,-30.8744362223058,-30.8321164366476,-30.9889147767117,-31.1107097062614,-31.2566924961412,-31.8059126007982,-32.5598899409771,-33.9051357689272,-37.0757556050595,-39.7675417141364,-40.3557526935328,-37.3621625343884,-33.4628581615319,-30.9150750082265,-29.1666978720836,-27.6401092976473,-26.9701818418249,-26.7990653621699,-26.9236981277543,-27.827829697965,-29.0737452635038,-30.7582844215228,-33.0932995509963,-37.0240483078724,-41.475016847107,-46.8657177456814,-47.3235178934317,-44.8973092258434,-41.1763320649225,-40.2937005839953
-31.9003345418783,-32.4018930788107,-33.1459675876942,-34.8957120076016,-36.2148762541319,-37.5308759319665,-39.4825105192429,-39.4074119791698,-41.9627755447225,-39.677697631438,-38.6703802495913,-38.7896742106026,-37.9085787423067,-38.0016418120561,-37.2180443195302,-36.6995014938044,-37.2410707499745,-37.3851218310136,-37.566388962447,-38.7617465618411,-38.2603681817449,-37.3131648506312,-37.3044788683584,-36.7682614311216,-36.9270731090489,-36.8963491798053,-36.4776485720592,-36.6976798059319,-35.611014222794,-36.8932869562811,-36.1797725151133,-35.5253873979786,-34.8606853996063,-33.9777425669982,-33.4002391923335,-32.7672622894427,-32.1510042357252,-32.1636131525486,-31.6310590038858,-31.7033882177074,-31.4863233606677,-31.1505047599504,-31.1241256873038,-31.407902399411,-31.6143479642141,-32.6409545970126,-33.7386097193524,-34.3374447773475,-33.7279859389421,-32.5636468541394,-30.8360549304934,-29.1502244049578,-27.9604785492828,-26.9978081655441,-26.552432692266,-26.6865300423355,-27.1209322074391,-28.1695688481034,-29.6466095870315,-31.6241996572791,-34.0573084478273,-38.1130612128025,-43.7072908646052,-51.9476874697581,-50.6477661969858,-48.0470180622265,-45.1767085274927,-43.6203835385843
-32.4263046123136,-32.8415258699628,-33.2793301044204,-34.5242003851004,-35.2458214463034,-36.3383672376717,-37.5152697679377,-39.3974465200562,-40.9068170179726,-40.9650940707764,-40.1959412545073,-41.509177934547,-39.9430622297941,-39.2326263840706,-37.8262568369661,-36.8903328108362,-36.8676891433926,-36.7648131872112,-36.3683786921433,-37.1234962710947,-37.076693734952,-36.7396421092403,-37.1830262093008,-36.911033586408,-37.8286727062962,-38.6502422917441,-38.5795541752783,-40.2784357396829,-38.1669990811639,-40.6077194265389,-39.3005419368112,-39.5818936433225,-38.0526851265831,-36.8703320222048,-35.7811739477066,-34.7968864399531,-33.8874915796941,-33.6041459883528,-33.1667543825771,-33.2892324539372,-32.6883397721084,-31.9843123256184,-31.7876752011655,-31.7087319893017,-31.4415690520686,-31.9008380914455,-31.4735514882813,-31.2499525858069,-30.5202812110017,-29.6534506345821,-28.7563031263266,-27.6122082289845,-26.914085970863,-26.5098010762648,-26.280373215941,-26.6198053055583,-27.341834486342,-28.3693608948643,-29.8310558991226,-31.8709548555951,-34.3355549720699,-37.4593617621351,-40.8124511997966,-44.9884655189968,-46.2927574221868,-45.8766806638054,-48.8078953550606,-46.7146541695239
-33.1337673614088,-33.4949930652328,-33.9167855479744,-34.6271196548039,-35.3607868873255,-36.3655284767706,-37.2025578403367,-40.7203743274366,-40.5746981739684,-43.9756120094409,-43.845455347854,-46.4001400676763,-43.0915660915543,-40.5930397467442,-38.742716328054,-37.5156213958884,-36.8043311526514,-36.6471852945219,-36.1557173990879,-36.391800960409,-36.8803291030766,-37.3433306897148,-38.0302205261642,-38.1917390517761,-39.5250391788318,-41.0087318069411,-41.6388089987649,-45.0777246350897,-42.6579378166608,-45.6012888591752,-44.0300128325267,-44.7191065292739,-42.2179867540323,-40.6754968900565,-38.7765305645835,-37.4884929006849,-36.4281523698615,-35.6535924869045,-35.5601315523515,-35.5829214777809,-34.7526132669911,-33.8676509956561,-33.4126661257756,-32.7779967064952,-32.0339740151089,-31.6705260237877,-30.3213109619175,-29.6895296985464,-29.0001543217532,-28.1207225724872,-27.4973391990661,-26.6639243256276,-26.2418080823038,-26.2405440023597,-26.2088889581499,-26.6333602076179,-27.5335648462965,-28.4923856791615,-29.820913532762,-31.7233716703784,-34.2530547085747,-37.1068740419022,-39.7589928228285,-43.4984717125692,-46.3211619962244,-45.4001960913618,-50.2045909574752,-48.586666686852
-34.0944829777681,-34.4794849700221,-35.1494968437307,-35.4792462040576,-36.4647837537555,-37.3115824943539,-38.1858935594979,-41.7179437866831,-41.0132144114563,-47.2375376740502,-54.2832772277686,-60.5408603031044,-46.5443917820693,-41.5367822590159,-39.4740553351511,-38.038102364505,-36.7382952930231,-36.6399889861942,-36.4980479553682,-36.3466879652044,-37.3633144378403,-38.897901741253,-39.9372592798379,-40.8183089178059,-42.2410027738983,-43.7866006406814,-44.8289693319657,-50.4893247435258,-50.6227499125596,-53.3383425443913,-53.1960588385046,-47.7090777239731,-46.5675733235863,-44.613828092642,-42.0457340132017,-40.8427472581132,-39.8610947188436,-38.4764319845471,-38.911481067363,-38.6715745609049,-38.0645127822091,-37.2673876370846,-36.2227336842167,-34.6133547226219,-33.2554423927874,-31.9033173352159,-30.1358960326048,-29.2569480007731,-28.6048317954629,-27.6367274201532,-27.0513559941203,-26.4127486790196,-26.0662333256025,-26.2300374770528,-26.3566556752744,-26.7804474548723,-27.6870759356702,-28.6372038917388,-29.8983648565041,-31.6288912775362,-34.0941757926901,-37.3329241957757,-40.5324257951093,-44.5095564393892,-49.9053733205093,-48.1475783473169,-50.1306404956635,-49.7336928764399
-35.3060458386892,-35.8471741319504,-36.9679537033906,-37.335813528242,-38.5493276903413,-39.2127668380672,-40.3561078210426,-41.4484168238462,-42.0275645887646,-44.6205893196678,-49.394387185845,-50.763808396731,-45.0775824277717,-41.0622663625812,-39.1354943449337,-37.8330665720679,-36.5384369018471,-36.4808318029522,-36.9456204437588,-36.7998901605411,-38.1918798557391,-40.8328069955812,-42.819608131869,-45.2927021396619,-46.3659478505089,-46.8713324279256,-46.7953656291388,-51.978660161647,-51.8766609280553,-70.3715968192977,-60.0989518837379,-48.5356975251344,-49.6500388087376,-47.5366879093205,-45.3648445211455,-44.8560275168947,-44.1004338225788,-42.2204612540401,-43.1576885152257,-42.8076319884129,-43.7133992838437,-43.2790627038426,-40.2836540239667,-36.8925126600945,-34.7072707789529,-32.4988579411012,-30.7484738261649,-29.7188745320141,-29.0560617532145,-28.0513792654455,-27.4075420491992,-26.8910373556569,-26.4687570394725,-26.538824970595,-26.735910401629,-27.1082068131553,-27.8550283193318,-28.8509893589916,-30.1634242721183,-31.8024618084734,-34.0531377236278,-37.560102284681,-41.7646651169332,-46.5963598999715,-55.6043867719341,-58.6570960663164,-50.5326540896892,-50.9216969971807
-36.6166094032347,-37.4993171144387,-39.1800309105049,-40.6211320035785,-41.9316720046085,-42.7079532923989,-43.6795334090778,-41.1399731700508,-42.9269574043042,-41.4376680783295,-42.0899997394143,-43.7617754549253,-41.2800550947247,-39.2900299699047,-37.8049859238808,-36.974776064985,-36.2501496627897,-36.1472908967999,-37.0762147953599,-37.4728604197864,-38.9899314870218,-41.996945073574,-45.4717651501235,-52.4864952730564,-53.3924599556702,-49.8281847803607,-48.2775586128741,-47.9269503438533,-47.6081547207643,-52.3988259640632,-50.8344885983199,-51.0899688877531,-52.9997505006634,-51.1860503895181,-49.3824276996856,-48.9564535952349,-47.9024266913796,-46.5382862245426,-47.3321658935349,-47.955530915467,-57.1369698911419,-50.1291319178954,-43.091649457333,-38.4032941414066,-35.6777726979353,-33.2739015104998,-31.9318500690038,-30.8927381543771,-30.2084697715201,-29.346036692677,-28.6235018179792,-28.1455299766504,-27.525077294322,-27.2580806433814,-27.374325031767,-27.6300968757492,-28.1116858169858,-29.1035976581032,-30.4936390046531,-32.1486322304945,-34.2566834320963,-37.5007968167419,-41.6976375745193,-47.0267434177008,-52.0997945498406,-55.1727938942702,-52.4630647525651,-52.8658080476059
-37.6384876013788,-38.9408525892307,-40.9766351573346,-45.4347067156861,-47.9416759762174,-50.0567318728778,-47.4171566481031,-41.2697253669511,-42.879860327922,-39.8097929129449,-39.0753528472322,-40.2892132593193,-38.6600257266845,-37.50612106375,-36.5234405113094,-36.1042343451486,-35.9969835149837,-35.8140792910275,-36.758071139598,-37.9330203380571,-39.388989543274,-41.7945538558249,-45.1971987491554,-51.1953011684721,-65.977981938988,-49.990261558294,-49.0338359136339,-44.6499132106964,-46.4887875676805,-47.2941374460136,-48.10359693145,-54.681499559501,-58.6939002085323,-64.438192115562,-53.4624281344038,-49.8566042290186,-48.1240733635297,-49.1045042718312,-48.5756869492574,-48.6647865254037,-48.6587616588089,-44.2613323581877,-41.2422216331072,-38.1373474680633,-35.8450988361354,-34.0106432655255,-33.3957051422761,-32.6205929820364,-32.0505899136501,-31.6540866853332,-30.8859354421442,-30.2946315683269,-29.3277269895562,-28.4810193658302,-28.298454118469,-28.3121076974662,-28.49095318594,-29.3256426811655,-30.6689783912467,-32.3608242120234,-34.5937139437771,-37.4743425639826,-41.1276817852974,-46.001865490226,-50.1086552705342,-49.2211668289135,-55.9153442603557,-55.6903088003331
-37.992447670851,-39.3072186543255,-40.9813376356566,-44.9995144558501,-50.643500002116,-49.6916603916823,-46.6480425845768,-40.9362938371765,-41.7237284012636,-39.1260893059065,-37.8396488640691,-38.307658097203,-37.293991685444,-36.5093462314,-35.9565894346112,-35.7122494398634,-35.9278340416268,-35.6883182803804,-36.2540916623529,-37.8175643126677,-39.1512535527207,-40.8298105701907,-42.8758199266027,-45.4841284901275,-49.5486337045072,-47.1072878093195,-46.7824020548364,-42.9267372048766,-45.9863573180034,-44.4016735876558,-45.615077961493,-52.3647785028475,-52.4457003266177,-53.0986842713005,-49.4030770172189,-46.9928853879041,-45.6345900564487,-47.1135790087479,-45.9263447420211,-44.6710012077009,-43.1692247848734,-40.9254011864365,-39.1852946711868,-37.291978207882,-35.7885129426774,-34.6511887193653,-34.9061045300394,-34.7716192874555,-34.7054202657039,-35.3743541478651,-34.6983894648481,-33.6071895490221,-31.9745569469882,-30.2227233822732,-29.4570888763515,-29.0646162377867,-28.9468716626409,-29.4632586702573,-30.5751593360615,-32.1751747688547,-34.5733934938253,-37.4595052810166,-41.2192728473171,-45.9635788031834,-52.467836068547,-50.3000077453758,-53.2439040857913,-51.7566825843353
-37.8660152769933,-38.5844386162009,-39.518895531231,-40.5415462643166,-42.8018061571164,-42.1230388660895,-42.3315844704376,-39.6410849930034,-39.7639277040213,-38.8102289865867,-37.7242038890307,-37.4199486721076,-37.1269102140161,-36.6526893914435,-36.3879274493321,-36.0572420431437,-36.1645438761271,-35.8827268482085,-35.9107850443514,-37.2127541244976,-38.3436491598056,-39.5224618393683,-40.4629583560094,-42.0736151829482,-43.7374969754801,-44.372089044005,-43.9987233503445,-42.446503806316,-44.6441139723967,-42.6878527547936,-43.1614002156469,-47.961469061401,-46.682571136502,-45.7962866135222,-44.781865156725,-43.9792983643082,-43.0046754454391,-43.342635964209,-42.4642025188324,-41.669745716682,-40.6382277876006,-39.4256053832681,-38.2686156508412,-37.0219011277528,-36.1776638354822,-35.4387196374585,-36.3821681755949,-37.0784081889582,-38.1088885420737,-41.3519372111375,-41.8792187987648,-38.4838179881876,-35.2617506333686,-32.1785406793805,-30.5820777650083,-29.7204157391529,-29.3484242122629,-29.4905831283985,-30.2737510441013,-31.6253277666507,-33.7776264450687,-36.6349006544626,-40.6812390363686,-45.4636488604543,-52.7911046632782,-58.7547698563137,-47.4704314487808,-45.9104656102517
-37.7990344695066,-37.6972441314084,-37.9720301365294,-37.7225172620156,-38.4827655866708,-38.393988835352,-38.796099673608,-38.166336672881,-37.6337921665939,-38.4995509409758,-38.410791500845,-37.6450363402236,-38.3602403474879,-38.3141193706173,-38.0705416574601,-37.2810764508532,-36.7180478510116,-36.3616764664148,-35.8866071391366,-36.4889875666453,-37.2976925076337,-38.0873119128745,-38.5484733612466,-40.0191965093842,-40.6164871376312,-42.5622037482786,-42.3230339942362,-42.9461137380952,-43.2057163097228,-41.9828335060705,-41.7807763385964,-44.3210860680352,-43.4459796069149,-42.3774451746068,-41.9833880377933,-41.6757598294606,-40.9815372843778,-40.3229890818238,-39.90228105705,-39.7626963668561,-39.2505656425183,-38.8577820301342,-38.3284667880799,-37.721596958854,-37.4002883786362,-36.8069925938178,-37.7822883742259,-38.7346412201892,-40.4279692879689,-45.0409764223621,-53.1193386832625,-41.891005977447,-37.0968446370933,-33.3176041544202,-31.1499499177883,-30.0316736361183,-29.5166979989174,-29.3843587159834,-29.8777814334099,-30.940517411841,-32.5349948287808,-34.8229227268166,-38.0774166014653,-41.5757605866303,-44.4894539029697,-46.7198997700026,-43.3746324596118,-42.0798968365146
-38.0755827999482,-37.1977252300265,-36.882161564422,-36.1724480690414,-36.0430844636491,-36.2537997576982,-36.3107968655407,-36.9592870439942,-35.9769831996971,-37.9483088953397,-39.324988778121,-39.2117583030964,-41.6774126489532,-42.5117249112546,-41.4209073162585,-39.2673834267607,-37.3989023234486,-36.922008929126,-36.1099052430498,-35.9050803272923,-36.3482329086664,-36.8583349299613,-37.3741033411942,-38.987179702772,-39.2661682845339,-41.7299876266797,-41.832528201383,-44.316494987245,-42.5466230381033,-42.3421990604832,-41.7753033853052,-41.7310267189866,-41.6206747171274,-40.6907166199574,-40.4150931542198,-40.1029162189561,-39.6623695732161,-38.5488724973098,-38.5039345047238,-38.7164062028171,-38.6558437931922,-39.0716264420527,-39.3193018192976,-39.6759230366593,-39.8301653055289,-39.2951115121399,-39.1835490859904,-39.1763655994434,-39.6401202074571,-40.175726570753,-40.264368980254,-38.0196154666595,-35.3599816728171,-32.7682129809216,-30.8505134076976,-29.8154682636508,-29.327049151205,-29.1301607497543,-29.4637548616103,-30.3156944742975,-31.4400525545409,-33.0258072119858,-35.3083030529098,-37.6136184953627,-39.4182961820766,-40.4139824102125,-40.5150966590961,-39.6771667135791
-38.5801205675928,-37.0990896328529,-36.2379885277688,-35.3746543547669,-34.6641020112547,-34.901196887662,-34.646557286989,-35.8419441140612,-35.0686166808193,-37.0334805962034,-39.2564301632666,-42.1161341178667,-48.4152511965046,-55.9903990250795,-45.7163463687779,-40.7549060455762,-37.8125010335842,-37.2240352054325,-36.332742571382,-35.5393888797362,-35.7000136062096,-36.1239824689416,-37.0306419533327,-38.8474670123618,-39.4373502595688,-42.003265814074,-42.6414231881976,-46.5963874869247,-42.9875841336029,-43.8385997914818,-42.930697122912,-40.4089381995309,-40.7665100528892,-40.1037478990934,-39.720663642093,-39.2096466038225,-38.9716525753675,-37.9627407135951,-38.1786732879595,-38.487055837697,-38.8827560414789,-40.0899006247063,-41.3424016197615,-43.406994819719,-44.361820046347,-43.8625700070261,-41.1185119641024,-39.3794702738933,-38.4526624966317,-37.255713784143,-35.9628550675419,-34.4697745019995,-32.8861410594901,-31.352988984598,-30.007087309251,-29.1767758613504,-28.8320024752596,-28.7743133345007,-29.0991751925523,-29.872506543811,-30.8096434921096,-31.9305581771577,-33.5941233163419,-35.1387388765816,-36.534611477803,-37.1856540377768,-38.5342890594229,-38.2378324923302
-38.9211974863259,-37.0957980569116,-35.7982948904043,-34.9188146801424,-33.8871020504047,-33.9664008453083,-33.6315487208615,-34.6544337758904,-34.837832993744,-35.990382360411,-37.9568814419356,-42.8450399105957,-45.4448857381657,-46.7610587681989,-43.474569103185,-39.8138588639247,-37.6475481928455,-36.968053147097,-36.2681972138806,-35.369395119704,-35.4339345547036,-36.0013034616701,-37.4631959558683,-39.4590358938501,-40.9654372083874,-43.6768380407147,-45.3457243122105,-49.5986435454594,-44.9404100527678,-46.1356522395035,-44.3669608011323,-40.4601561030443,-40.7197739499379,-40.2836408900142,-39.6926723288606,-38.9445476491584,-38.8106105440695,-38.3875538653659,-38.7588009495375,-39.0907704810945,-39.9487728729171,-41.5845830064911,-44.0865241662053,-48.9017197175591,-55.6717229618176,-53.659551824827,-44.046611822058,-40.0065903622951,-37.8774405625224,-35.735829113987,-33.6784816022837,-32.1790995380715,-30.9933350528032,-29.9804460093501,-29.0788599908782,-28.4286846834869,-28.2510878183892,-28.4413612202437,-28.8834371282293,-29.7177584723557,-30.7566014187808,-31.7463623790993,-33.0894626047528,-34.126058378034,-35.1841672594538,-35.6110238583112,-37.2464684233906,-37.4771984345748
-38.7642427773689,-36.7873249366337,-35.2580507281178,-34.4612499703441,-33.4113004869006,-33.2968699284649,-33.1573066680381,-33.6156860856707,-34.947872137557,-35.2706560164246,-36.7079535915461,-39.4600419698735,-39.9288788030854,-40.2929617694851,-39.5485259195721,-37.8897322846027,-37.0291356475623,-36.1883444857238,-35.8124422971509,-35.3227519297678,-35.5083645055949,-36.4045083812396,-38.3792617580227,-40.4261353007091,-43.0034721588011,-46.9698405815962,-51.5998455385748,-51.5288777892868,-49.5211633528366,-47.3962431072585,-44.8988910494172,-41.9976784832235,-41.4506991255937,-40.978425744317,-40.1766707695956,-39.2663376731714,-39.1168157337799,-39.55356478057,-39.9983162417266,-40.4179119773918,-41.5541987466998,-42.6302196994716,-45.3786645329396,-48.1431300353648,-52.6843676205787,-50.9016216914891,-44.8517033088736,-40.0222403035372,-37.1286930029746,-34.7074031097771,-32.2614718328887,-30.6757824443163,-29.6338200388625,-28.8731248901122,-28.2718416753925,-27.8217510065427,-27.8185415418347,-28.2764690323771,-28.9393266916985,-29.9771386647124,-31.3487510392703,-32.5664813859307,-33.8146206503671,-34.4995435127162,-35.1267776916855,-35.2303457843352,-36.5341279309565,-37.1919842799102
-38.078899285178,-36.0340967588586,-34.4997442511143,-33.844075490574,-33.1022275969521,-32.8743351003322,-33.1375888366049,-33.1022488464799,-35.0151868494579,-35.2048473790628,-36.309914464692,-37.027268272655,-37.5639475381691,-37.818100880104,-37.438871901387,-36.6021653012858,-36.3349115973963,-35.2779212098278,-35.1500676127991,-35.3010260295969,-35.731916549117,-36.9607785119897,-39.0393025003898,-40.827833309574,-43.1651103589391,-48.6861627890495,-52.6256719626274,-50.7211191552995,-55.6193370114075,-46.7170706095481,-45.0756715675586,-45.2466138975058,-42.9701442133599,-42.0109617062402,-41.0470783930896,-40.1595414715348,-39.8797280033884,-41.0517962107846,-41.4901468238133,-41.9224437911504,-42.8248052722051,-42.9525632733104,-44.5357025759078,-45.22768019941,-46.0268824336409,-45.4452061676974,-41.7990220669023,-38.5918758305132,-35.8485160426629,-33.7284903024474,-31.2993516267853,-29.668324188105,-28.6228080275423,-27.9974629372853,-27.6163874953503,-27.4416250344128,-27.6581514300321,-28.3665909295489,-29.3606844508861,-30.776799361081,-32.687074908465,-34.5780200675707,-35.949512673508,-36.3256533204863,-36.257183290007,-35.8917479705544,-36.3302835612642,-37.2076005570299
-36.9686811131799,-35.0418286762616,-33.6874068995465,-33.1707889669098,-32.9531839207981,-32.7471427934197,-33.4656664882448,-33.3989398911498,-35.0753210472466,-35.9471246462094,-36.9751833292633,-36.4311641721963,-37.1719527068384,-37.2383659358881,-36.7589267017908,-36.2135379986223,-35.8734974563807,-34.6796745580321,-34.6105904438671,-35.229480372786,-35.8164065320239,-37.0573854522926,-38.6296587100389,-40.0048575228973,-41.6282749324726,-45.3039040720923,-46.3315181413065,-49.6767633785225,-49.7492430661484,-46.6703634914647,-46.3437064557694,-50.1413588933521,-45.1370422887336,-43.3424706480869,-42.2695967665125,-41.676617278814,-41.1650599447446,-42.4119323513084,-42.6537758275657,-42.6983293786338,-43.1384671287083,-43.5176912124995,-44.4143794754936,-45.3128856262191,-44.8811440421578,-44.3943171731154,-39.8882667297096,-37.1304820232501,-34.6589054612728,-32.7432697122666,-30.5615106598531,-28.9531793471679,-27.8374065894279,-27.2985621717355,-27.0950838024392,-27.2453862659533,-27.7413124189775,-28.6793541640868,-30.1155015958561,-32.1313798237171,-34.8829984120994,-38.3000012784045,-40.181882450711,-39.7729504320159,-38.3462206441419,-37.491984069935,-36.645426063578,-37.4204580571739
-35.5830265068681,-34.0678734804943,-33.0503083775156,-32.6601288223035,-32.969488970596,-32.9765967691842,-34.0163241616814,-34.6723269234859,-35.6344848836193,-37.5677932540491,-38.775594041982,-37.6926944528964,-38.3994292017161,-38.0464274101069,-37.2076092023125,-36.6515994894977,-35.853205229999,-34.6923713020661,-34.4816792735241,-35.1321600335308,-35.6191427508176,-36.4544138584512,-37.4142109739816,-38.5996093779323,-40.3995335860495,-42.5507994043482,-43.9660996087411,-50.1666708365972,-47.4970811063449,-49.4099437513938,-50.046700638863,-51.5741730244054,-47.1850089888077,-45.0385520001721,-44.0381455455573,-44.0569491602996,-43.2452176816233,-43.4687219634129,-43.1671859144842,-42.7808896516839,-43.0887384822405,-44.6810016735706,-45.9984988708894,-49.3105565724014,-47.7505907319624,-46.4979550478701,-39.8078753346505,-36.4400137119242,-33.9059494796302,-31.8209519730116,-29.8847979873391,-28.3802965778852,-27.2383925092193,-26.7618558295582,-26.7007157273499,-27.1295104674645,-27.8982221220457,-29.0277038407457,-30.8870031386993,-33.5568356874731,-37.5120291499315,-44.8068043115671,-49.7280468344703,-43.902180870496,-40.4818976826989,-39.579034894301,-37.5938613133315,-37.9304285888308
-34.1790457241996,-33.2599343055349,-32.7004744966971,-32.4673695809861,-33.1108166466286,-33.5891035795489,-34.7180242337627,-36.8906155427366,-37.3032344456584,-40.1633315265344,-41.8920028425684,-41.194988875781,-41.2347773173568,-40.0273700054427,-38.6249571705507,-37.8260140949531,-36.452375820176,-35.4761211193646,-34.939593025063,-35.1416285383767,-35.301991755088,-35.5998745233695,-36.2020925214378,-37.3342662550806,-39.6235201285538,-41.0616038244457,-43.4607514092423,-52.9467891229588,-50.3492384386498,-63.2894526160919,-58.6307910446868,-47.9610309702996,-47.7510552066094,-46.9733678392263,-46.8872937869974,-48.1278089632843,-47.0548659096709,-44.7031271207755,-43.4224999511157,-42.8693084456825,-43.1010179521904,-45.2373665944272,-47.1661545980296,-54.6023476568334,-59.1262168198376,-49.9716583640638,-39.9969704476413,-35.9746451027611,-33.2822500396103,-30.9723932310257,-29.2187220984967,-27.8931364128955,-26.8496295343238,-26.4137874408609,-26.4464996157908,-27.0073366866865,-27.9154645693513,-29.138863486236,-31.0813651709124,-33.7305781094261,-37.8372557215635,-44.3888968156744,-48.1953913680248,-43.5266289498266,-41.3064063065148,-41.087413945727,-39.408683178238,-39.1066708718186
-33.0335113497916,-32.6897721059914,-32.6228455504663,-32.6251559183254,-33.3402464507691,-34.5118055485343,-35.6042136870338,-39.2167779322398,-40.7372580139889,-43.9650605238064,-47.1098109680346,-48.2220691807593,-45.6307361706708,-42.8305529502987,-40.9285610741975,-39.6967623610318,-37.8545977757332,-37.0811260748391,-36.0430811624597,-35.4155275614602,-35.1356573029311,-34.9869351245649,-35.3881814046678,-36.3815571225649,-38.7001382221572,-39.844255054021,-42.5829793343412,-50.6267137238956,-53.2936147207762,-50.1202925004944,-49.7591715981877,-44.8838540589192,-46.5922782581924,-47.8985453266728,-50.723877699218,-57.1221553676616,-56.9205541116211,-46.7924688363028,-43.7491985676504,-42.6173601461981,-42.6515403134766,-43.7959236013132,-43.9865122339362,-44.6587853743985,-45.4535439611215,-43.7907777467599,-37.8276882651293,-34.8047117671331,-32.3870492825279,-30.223113228961,-28.6717866828274,-27.5558815125945,-26.7204554349234,-26.2994535659526,-26.3562261611163,-26.8691646167516,-27.7194975980121,-28.8956869170551,-30.4960926691039,-32.4067143643501,-35.2758952798083,-38.6055397333639,-40.8348816139163,-41.0173278051093,-41.3171923829074,-41.9076299641725,-42.5079641536195,-41.5996275846553
-32.3480976636848,-32.4120116434663,-32.7404397643324,-33.0559010690579,-33.6817603946949,-35.490887644411,-36.6923201644042,-39.7494143295258,-45.6440972352706,-48.5191738091756,-58.5182246244206,-54.1223770527942,-49.9012003386345,-45.7514768004221,-44.1822750645151,-42.32637297181,-40.2061508267834,-39.3756547183713,-37.6990737138661,-36.0530696118927,-35.2958071336844,-34.8351750280701,-35.0346855401477,-35.6997516318069,-37.3644491585765,-38.1878861909452,-40.1171276695025,-43.4868079892835,-43.1238149147405,-42.7147640678872,-43.151779042731,-42.4924868998103,-44.2063199678383,-45.8787533676956,-48.2834728442602,-51.5107881067517,-50.7968321440769,-47.1900430359441,-43.1192134497201,-41.0986633766012,-41.0620300379018,-41.059402906563,-40.1880834560448,-39.4689248895978,-39.1060796034327,-38.4039331563675,-34.9131140826971,-33.2403228320877,-31.43612479485,-29.7365668186837,-28.4567465332911,-27.5160201216318,-26.9000506226678,-26.4587913894953,-26.4517683543307,-26.7784687015883,-27.4379952273848,-28.4656990282283,-29.6512166323786,-30.9687425324279,-32.9562673897508,-35.5279821174452,-37.7310207973171,-39.4917156261293,-41.4359189490728,-43.2237942605257,-47.8108602067728,-46.8608765727449
-32.2604895278417,-32.5022694734522,-33.0076969107373,-33.6248193617988,-34.1879083924164,-36.1240262630426,-37.7064913455646,-38.9992949045058,-44.1101644957774,-47.9420796526881,-52.2564365838329,-50.7449262071142,-51.4944842291867,-48.9234416144004,-48.8406438902268,-45.8189510493442,-43.2585851812924,-41.8201814481223,-39.5797485975134,-37.0699844088728,-35.8569840513928,-35.190224561021,-35.0871142618158,-35.2583908888914,-35.9264943542082,-36.3831316243778,-37.5200900045693,-38.775923969517,-38.0728506196181,-39.0212079996026,-39.3856440554444,-40.5384350637214,-41.3302045705518,-42.5135257779532,-43.0731905590619,-44.0868583915165,-43.0843002550426,-42.5910270100069,-40.603706058463,-38.8686414122312,-38.712625496753,-38.0587551886231,-37.2779040512464,-36.4335559731484,-35.7426172672075,-35.2069045065374,-33.0692268757678,-32.2393369301382,-31.0221247964778,-29.8016957443409,-28.813596914283,-27.9505871650844,-27.4346805059598,-26.9140296327051,-26.7434460122185,-26.8135630747724,-27.24949108675,-28.0964062924926,-29.0472540343452,-30.1413799177429,-31.6800076313689,-34.0544338449096,-36.3581098680003,-38.7850806497075,-41.3908071850376,-44.3935190822834,-55.9401432007284,-66.714788649267
-32.8971074485196,-33.0830105072981,-33.4950835284777,-34.2457200998088,-34.8590102737162,-36.2144491627898,-38.0435245838309,-38.6690062217478,-40.6341205206238,-44.3921710361096,-46.4326357852436,-52.9684610881571,-53.8019027417844,-55.5328254909517,-54.6668588958955,-49.2649840615779,-45.419127332817,-43.6223929388729,-41.2214107863423,-38.4202955537254,-36.8450414089565,-36.0054935486592,-35.4617276265256,-35.0570092164244,-34.7609963711912,-34.9827342501322,-35.655650599074,-35.8850666288551,-35.5143930108708,-36.9609970325135,-37.1651456897297,-38.9385424789772,-38.8768140738702,-39.7026046961883,-39.686178692003,-40.1213406151792,-39.2915230263167,-38.5445102187092,-37.8058794749532,-36.9443941737979,-36.4638767760451,-35.4799326489766,-35.0678869956116,-34.5095889085452,-33.8552891179614,-33.3852199169557,-32.4786632814623,-32.2685834075469,-31.6120091401068,-30.7813068819429,-30.0092246739202,-29.0495422819023,-28.3723164126316,-27.6633796074278,-27.2175444590832,-27.0112421387182,-27.2423713995303,-27.9140764039898,-28.8270075148418,-29.9668817381751,-31.3563451871854,-33.6912681157759,-36.1609235099909,-38.8215517042437,-41.1806300108183,-43.0934049289999,-50.7773310620954,-49.5648846465114
-34.4309350165095,-34.3464918707717,-34.4009061936464,-34.9739492692355,-35.6178020425593,-36.023328235884,-37.5574109104414,-38.8758956334364,-39.251989477941,-42.21968801823,-44.2433927394686,-52.1552972218256,-55.7922598646018,-61.3326394945144,-52.9438335603652,-49.6384355424404,-45.8809214986119,-44.9947416246704,-42.5959891941236,-40.028233520325,-38.2310246541424,-37.1366827071902,-36.0429056811359,-35.0692719324317,-34.0804659924851,-34.1978466826512,-34.5436274507988,-34.2962689060688,-34.4616516393427,-35.8933055024104,-36.0597204951516,-37.7291793177974,-37.324849931335,-37.9273838140882,-37.8418343866828,-37.9066034900128,-37.3084797369463,-36.2048980516871,-35.8678163262273,-35.6470775665584,-34.7941998097283,-33.7050659737114,-33.5016316541398,-33.3205600173826,-32.9087074092246,-32.5391090495449,-32.9594185146678,-33.4107405674753,-33.5744413632912,-33.216490003452,-32.439143135241,-31.0177554600911,-29.7323152481477,-28.6511333179708,-27.8098789939534,-27.3389596638501,-27.3879005352889,-27.9013093846297,-28.8885449316979,-30.2195393160614,-31.7304800051526,-34.1738192836211,-37.0187560355366,-39.9898750613758,-41.8775060425504,-41.6772471607675,-46.0296116029949,-44.3596264399157
-37.1776677026282,-36.5974850510606,-35.9963848537561,-35.9723763030202,-36.3754750216953,-35.9438209812028,-36.8482307812354,-38.790541910698,-39.2603065104275,-41.1778806308701,-43.5823765817631,-45.9314614445068,-50.9045248767731,-50.2710707147202,-49.9905591758943,-49.0280594560496,-47.1895271281071,-47.1971489046737,-44.2902016564629,-41.741866903405,-39.8260201181855,-38.305193626277,-36.6458294185121,-35.2502923669225,-34.000497368668,-34.0135823844523,-34.0565637125865,-33.712903784802,-34.4307923474261,-35.4880506589244,-35.832471214456,-37.0345988047119,-36.8421606860037,-37.3183680972176,-37.3469060596314,-37.0593292304913,-36.5930692863237,-35.3248469618368,-34.9601697509984,-34.9441115641992,-33.8423168086241,-32.8470365656052,-32.6560009392435,-32.7428854074619,-32.645256858302,-32.4640138923983,-34.1388492321495,-35.3488157123407,-37.283632322636,-38.4947378936143,-36.8911653952829,-33.9068758220141,-31.3384387441672,-29.6669001032994,-28.3678188569555,-27.6902885734324,-27.572509387964,-27.9469568787038,-28.9964921148262,-30.5173360520676,-32.3245347167988,-35.0600628904191,-38.7443155392231,-43.164953439742,-45.148422710232,-42.4874136487516,-43.1966595836965,-41.8636172677429
-41.9030109740489,-40.368570393765,-38.5481566578666,-37.3739430918135,-37.1165669300186,-36.2027453781693,-36.4185800144165,-37.9126756664606,-39.4856320229506,-40.5741473638983,-42.90782896076,-42.9493412599659,-46.7764991717409,-46.9671855123392,-49.7066964269379,-50.8515005323608,-52.2774131919678,-51.7197322168425,-46.6465727168284,-43.1524493673398,-41.1797322867167,-39.1888260024174,-37.1145914615539,-35.6365445433171,-34.5944954881462,-34.3584458793681,-34.1121084757573,-33.9206517665087,-35.04060954053,-35.5188711922506,-36.2599147985187,-36.9621243625417,-37.5206148316338,-38.043967225508,-38.3099220073,-37.5949295434552,-36.9529861298672,-35.6931670689775,-34.9810088238508,-34.701877010137,-33.5718650465094,-32.8712932513988,-32.5996168152703,-32.7691525464505,-32.9530337763269,-33.0637377434562,-35.2784245192896,-36.8202988689778,-41.155494834218,-57.4936617683382,-42.9737046908055,-36.2387434530236,-32.4250094369707,-30.2367755968929,-28.6600696449498,-27.9094817648445,-27.6593840614745,-27.9158675536019,-28.9059235864339,-30.4835750871408,-32.4614187850961,-35.3705431191278,-39.9266248898728,-48.7121234195382,-57.3602430625582,-46.3199018356494,-41.1410448130625,-39.9125257019903
-51.7623692297,-46.3528267491587,-41.9617401478102,-39.1038693448114,-37.8804599779702,-36.8473867150559,-36.4148514063675,-36.8491897271606,-38.7140403534581,-39.7545934787283,-41.1626381259393,-41.9322928988762,-44.0567906520455,-45.965263804266,-50.3474827768845,-56.6028047607818,-64.2237925618524,-55.2681701335704,-47.8172196613338,-43.7425381221685,-41.9217395062697,-39.7624548255542,-37.6016647363497,-36.4226710679591,-35.9000718940243,-35.1862572187419,-34.6784435239724,-34.7339883340014,-35.8939331801447,-35.8121200488392,-37.0462239345253,-37.4635423231907,-39.4146561204664,-40.4797059967367,-41.3294238713281,-39.8171851936174,-38.2482137788601,-37.0427298517636,-35.7037169819101,-34.7522618821633,-33.8411742244393,-33.6475343427684,-33.3355826666368,-33.4484860773962,-33.8506362258861,-34.3347038204027,-35.7451246645001,-36.7334163136552,-39.1372504859542,-40.3568788849056,-38.5866768943084,-34.8842647442398,-31.995592753152,-29.9418760010097,-28.5302505885667,-27.8695685811048,-27.569111270069,-27.7388834178442,-28.5461450701761,-30.0452383318691,-31.8941038776785,-34.4143331711013,-38.313404841021,-44.0330949108607,-46.4385764917325,-45.4482458678172,-39.5706628567995,-38.1687164547021
-53.6216727002658,-48.3364639864705,-44.1342538053652,-40.6597972097976,-38.6444985851327,-37.7753838382781,-36.8047188632814,-36.2425262126828,-37.3337492917263,-38.6011953877234,-39.1471958913901,-41.3595522299301,-42.003027878723,-44.8174666688273,-47.6829174481079,-50.7553103468832,-48.9489388289437,-48.6367724895659,-45.6729081187405,-43.7192693350542,-42.3523519032966,-40.4641432622735,-38.6236023694424,-37.9323436692477,-37.8882455210614,-36.4936587413684,-35.7350057446245,-35.9629583899502,-36.589305773673,-36.2449090302905,-37.8040326857594,-38.1816801624745,-42.0349089377012,-45.1421412847455,-49.1599493125106,-44.1526575064724,-40.0012593541244,-38.6113449253514,-36.6782230243228,-34.9461585660708,-34.4527525943213,-34.9210247218523,-34.7531449708565,-34.8566568105764,-35.5118733516749,-36.4083121917037,-36.0730465072579,-36.3699483875167,-36.5338591247062,-35.3287901098537,-34.2449075638119,-32.3013361567458,-30.5367917090841,-29.0321081320274,-28.0721121592112,-27.5784110155723,-27.3355950388868,-27.4757409865767,-28.0865591679983,-29.4551787836986,-31.079531315067,-32.9470231691605,-35.6735018370752,-38.7112156603755,-39.901441154795,-39.8436576301248,-38.4936024293667,-37.0385220147957
-46.4764942919735,-44.5541537500881,-43.2116842354,-41.3357721576893,-39.2588282069286,-38.7276288267964,-37.4869090287931,-36.2958346051683,-36.3820470595945,-37.5378486652623,-37.794896023864,-40.0971431466921,-40.4240057831115,-42.4927035430282,-43.8402768335966,-44.7247881331002,-44.4441825805834,-44.5033675259962,-43.3623299272172,-43.8343265931058,-43.1100680532288,-41.9492545960619,-40.8934296914552,-40.5793494608779,-40.3591400685317,-38.278890781843,-37.2321574755769,-37.3140777563337,-36.8907991432647,-36.7537762640452,-38.2037940455946,-38.5426947348688,-42.7967939213423,-46.6783481145196,-53.4530479137257,-45.8929213869915,-40.8657723990928,-39.0296640812073,-37.2389871416925,-35.2326037976098,-35.2274321494596,-36.2502870061381,-36.5062447407946,-37.0229468119101,-38.3162926823093,-39.7334764556285,-37.3885351933359,-36.8785684333602,-35.4861044307787,-33.3845159728972,-31.9700289247627,-30.4528715306314,-29.1193167244116,-28.0883378725913,-27.5439058028629,-27.1967174592483,-27.0952638807093,-27.2888144087658,-27.7936186478864,-29.0165968804017,-30.4970902545993,-31.8354144972229,-33.7587517358142,-35.8859103714701,-36.993457683494,-36.9522954628281,-38.0255133701098,-36.9066695967616
-44.8370615326368,-43.1572400027548,-42.198882280912,-41.2613252451716,-39.5863538948675,-39.3679298611661,-38.3194813811371,-37.0003473750978,-36.2788956508589,-36.9963632146102,-37.3748739268698,-38.6756630321288,-39.4343413497061,-40.3735509605951,-41.3011031816077,-41.7321239627205,-42.6043030342451,-42.476321747845,-42.350262412834,-44.4715857696932,-44.6401154244116,-45.0764140311138,-45.5962686754523,-44.8137585878605,-42.7367305762357,-40.4181458867575,-39.0007708694045,-38.2853659009343,-36.9473053084999,-37.3280007678249,-38.2368273359031,-38.4637851769473,-41.0370736532083,-42.2075888865935,-43.2030609826342,-41.7179132973544,-40.1970577696438,-38.3232062282802,-37.1229947008626,-35.6733182326001,-36.0284565920106,-37.059058526027,-37.902044768383,-39.5322849530723,-42.6079072406189,-45.7518561706252,-40.7242843514732,-38.1420089406089,-35.1987420338791,-32.629860782624,-30.7366237698346,-29.3149808786348,-28.1407862523132,-27.4374548166665,-27.1582696758998,-26.9340863219213,-27.0261843216421,-27.3647604910337,-27.8934288779057,-28.951759882434,-30.373698669094,-31.4027312755615,-32.8132293981447,-34.556201794711,-35.7827409142595,-35.9928300750962,-38.3116135725626,-38.0641359900008
-45.5731755514536,-43.8241036642667,-42.3415773137857,-41.1760095834732,-39.7423746551701,-39.5820716652033,-39.1468638782666,-38.2901510573336,-37.1233648710878,-37.252944920412,-37.9190606444988,-38.0168689344017,-39.1614149044736,-39.2964083116603,-40.0649196122129,-40.4595195464807,-41.9914107929452,-41.8181999787152,-42.6366664881842,-45.4151713086754,-47.0982082343135,-52.052480141552,-55.8575967810438,-49.1931382204597,-44.2142776984286,-42.3783318500568,-40.5085096626814,-38.5736141705442,-37.1790969154736,-37.9822517954366,-38.1956829003638,-38.5062977697738,-39.6068203664394,-39.8029258027659,-40.0977772990058,-39.4062269390117,-39.3974110496699,-37.8086415769396,-36.8449664206609,-36.3435008635486,-36.6819184986475,-37.0396824596196,-38.3183704445371,-40.6074290090188,-44.1388676711092,-50.372849918046,-44.3038252126055,-38.5261465991191,-34.6554802329748,-32.1007810867695,-29.9797189755986,-28.6239940894632,-27.6072390923167,-27.1375371934486,-27.0021636639172,-26.9379993565017,-27.2790608967293,-27.8602662139145,-28.553529802557,-29.451100967145,-30.8500450408153,-31.7770197091758,-32.8060640404514,-34.2321280769356,-35.5478817352944,-36.1913755082337,-39.3641621859772,-40.8658673953016
-48.0832580579786,-45.8435553616088,-43.4153804393762,-41.4368877363974,-40.0416214406552,-39.6496069399087,-39.8804925236144,-40.057714437535,-39.0065671488632,-38.5382093953116,-39.4512456412229,-38.4938873353513,-39.6627059169401,-39.3344138073558,-39.849615701084,-40.2918685430356,-41.8099098684616,-42.1052108683182,-43.8070933411738,-45.9684520289009,-49.6210776488907,-59.3979867980462,-50.5197678967465,-47.9746496303381,-44.7859466108149,-43.2076667319765,-40.9946286659308,-38.6404896786693,-37.9351688883451,-38.7160275049044,-38.3689931993434,-39.1041176435628,-39.3344796092273,-39.437827600184,-39.6210840718771,-39.278530058747,-39.4903767665277,-38.1752045744197,-37.006764172184,-37.2123174886042,-37.0206321647149,-36.5248786703878,-37.9152597321674,-39.3514569919225,-40.1337224208752,-42.1960401882088,-39.6357414821974,-36.8557100174308,-33.5693917965649,-31.3683217298981,-29.4391157285401,-28.2086388024477,-27.4162769965283,-27.1094882080668,-27.0533611693184,-27.2365880853922,-27.9068717146245,-28.8681139439813,-29.9158643088007,-30.7744810239216,-32.1741472423087,-33.1458820453673,-33.7369836656407,-34.593336130334,-35.753221146759,-36.7051440882927,-40.4149531614583,-44.7300501600854
-50.6999928931398,-47.0539414887718,-44.4669752112459,-41.9466179303337,-40.7175453241128,-39.9790731142992,-40.6026807585681,-42.0350513570287,-42.1433441067169,-41.1747036317406,-42.0562233563357,-40.2565373525703,-40.9366125558634,-40.3519577778695,-40.4077791328701,-40.8012414527729,-41.6116623958451,-42.8242862454782,-44.6635222996159,-45.6875364949741,-49.2172558429793,-49.0398072174787,-46.4422390342704,-46.3939311483023,-45.2500500852811,-43.012737963534,-40.743548307851,-39.1686358941929,-39.3128328075328,-39.4472508233624,-38.8342407496589,-40.22758647546,-40.1732755490395,-40.8397431237179,-41.2960666046425,-41.3305540494303,-40.8381655882654,-39.583646214814,-37.8657296212542,-38.093363229784,-37.1240388839947,-36.1231541929356,-37.2694370317781,-37.7173330482714,-37.338774453729,-38.082694525458,-35.7942080675538,-34.9125591068427,-32.5488280579336,-30.6871771105993,-29.1165938328373,-28.0291476661531,-27.4535571797853,-27.2192518163162,-27.2141268638433,-27.7063346357878,-28.755011246594,-30.3013075731879,-32.0636986768637,-33.4015012731359,-34.9874697593374,-35.9383582962114,-35.5931211676293,-35.2946575633303,-35.8926995724981,-36.739404485062,-39.5347520408797,-43.0678887453506
-48.5512294886009,-45.3278514604071,-44.0942904766087,-42.3634563705066,-41.725382654495,-40.837511850417,-41.5918993993207,-43.7241998385719,-46.7324663461451,-45.8248599231859,-45.9109853811388,-43.4794987640854,-42.9146827270422,-42.1333029596881,-41.5331114184609,-41.6458007804974,-41.4332498914347,-43.2165823593084,-44.0558133966035,-44.8820626355651,-46.7271196228998,-45.9784158752969,-46.5080888664141,-47.2980460299031,-46.3223717666688,-43.1319647762668,-40.8524682485806,-40.4601216925653,-40.9938584550518,-39.9072943423265,-39.3962955671859,-41.3471286737425,-41.7710367142822,-44.1059102755878,-46.0317113081233,-46.8103841943683,-43.6142313123965,-41.5617541246941,-39.2310864245712,-38.7251725788645,-37.2701094440637,-36.2667428502414,-36.8273335580417,-36.7264950024951,-36.1755912090092,-36.1904536806253,-34.2302067774093,-33.865503313518,-32.1378163361189,-30.510323967635,-29.1603677495282,-28.1370282107456,-27.6344762135338,-27.3437697995879,-27.3583242274644,-28.0776489373103,-29.3420532283006,-31.5076253479073,-34.4551609254356,-38.0758226288357,-41.7446879054383,-40.642724113157,-37.6715391604601,-35.7733426460717,-35.5789760521024,-36.1923732995049,-37.1350645490053,-39.0158908168956
-44.9671382590191,-43.0900093679879,-42.5333743573803,-42.3551741116301,-42.6215765932091,-42.2304968539224,-43.2091860049785,-45.0101049248143,-50.6917483078855,-54.6122284406809,-51.3636735842284,-48.3418163994945,-45.4200984374499,-44.4264202199237,-43.0812313942706,-42.6384354631651,-41.5532116138097,-42.8826439319407,-42.865472305123,-43.9038318017849,-44.6266622039986,-45.4709338259647,-49.9012093499172,-52.0305820543364,-48.7116561817041,-44.4923590282733,-41.827092839279,-42.0677313052076,-41.7380983579042,-39.6671585993977,-39.6294685055595,-41.5507310160327,-42.6938203854492,-47.6024878504818,-55.6149389784375,-56.6347271293362,-46.3872993638667,-42.0802242784349,-40.3060009844458,-39.0233066920631,-37.6772907590909,-37.1869778977032,-36.8999848652494,-36.5397350881146,-36.2598184012843,-35.7464303203376,-34.4367975096583,-33.9758074456806,-32.6108041533154,-31.1439416130192,-29.7393178929294,-28.6107741692399,-27.9271777511527,-27.4337053861268,-27.397707457217,-28.0815974994132,-29.1351755249906,-31.234094039311,-34.4455631994731,-39.2495244986444,-48.4315210173966,-40.387709276235,-37.1453952108471,-35.2646126564998,-34.6673784610102,-35.330030515942,-35.0367480238699,-36.5199286313144
-42.5386243487063,-41.6530204711384,-41.0601731709594,-41.8856120289758,-42.7739739130879,-43.669806026456,-45.4219823892954,-46.6291343071474,-50.4453723700729,-62.1807274452059,-59.0884059230589,-54.202330328411,-48.2452482250523,-47.1784281320806,-45.05086974489,-43.7778532880253,-42.1740078805154,-42.3012035541679,-42.0180929452587,-42.8568347512205,-43.1598782503797,-45.9518971249431,-52.1363731587911,-60.1323731325635,-51.729079919653,-46.0568746610284,-42.6797399393051,-41.9952117736593,-40.2118711956217,-38.5947356471331,-39.1272706765783,-40.2905330704685,-41.1397063364064,-44.3305827803538,-45.4581961721117,-45.1460407485433,-44.2055360456326,-40.5868619670862,-40.4990325436632,-39.2820598981549,-38.5606581325638,-39.0540001676072,-37.7772928558892,-37.2015386129507,-37.295229128258,-36.4065097782074,-36.2539287234121,-35.4287771568117,-34.2445738361347,-32.8063509356588,-30.9857307520364,-29.492922534097,-28.3367001156294,-27.5188867093533,-27.3194053292002,-27.6810706993657,-28.2411490286865,-29.5729216044064,-31.6837806075196,-33.4630873548523,-35.4388894310124,-34.8248495767821,-34.1055558456842,-33.64820064648,-33.323143913826,-34.2410589381244,-33.7054976000311,-35.2591343171312
-41.2131942709167,-41.0121990597098,-40.2553719492276,-41.2412806536357,-42.1731743331999,-44.1284608674578,-46.1978575393641,-48.5287777434149,-50.5307408069947,-54.0223138075285,-58.0174945112864,-59.970888945536,-51.7255101816184,-51.1381891475056,-47.7905054033017,-45.1648492746936,-43.281898297914,-41.9692933167448,-41.4720074851481,-41.7658231042391,-42.0147968039679,-45.0153284514376,-45.8112685589255,-47.6903762798673,-47.2232712265268,-43.3345765050374,-41.1348486225352,-39.5940654853615,-37.6735677785951,-37.1209499671887,-37.8631988031758,-38.0886624211481,-38.535041055956,-40.0322524466961,-40.2037691757995,-40.3867369521864,-40.6654269018894,-39.2901645780064,-40.4841993423256,-40.0445402773656,-40.4307295710301,-42.1648044261821,-39.8531194806477,-38.7736621134173,-38.9091858915223,-37.8422878444107,-39.6744626601086,-38.6934127468081,-37.6999556435871,-35.7259349197136,-32.9052864809217,-30.6736432404147,-28.8247666014418,-27.6260779493618,-27.1497626037742,-27.0552292057162,-27.1868827893149,-27.7664569609145,-28.9595874070775,-29.6361461840939,-30.6121259160269,-31.174495158973,-31.3307551923588,-31.7205542127927,-31.9288111675473,-33.0380479348733,-33.023674346844,-34.7768503832887
-40.7982722599173,-40.9790913387884,-40.2429893760566,-40.8029713676651,-41.4769415345552,-43.4213874340049,-44.1470263557003,-47.3480268834401,-50.0943872459346,-50.15476208823,-50.8801948845704,-59.6063768176342,-57.3911585828356,-60.2699117857286,-52.0341724533985,-46.5723515909708,-44.2907856231391,-41.7405792928033,-40.8403710345547,-40.6139502864031,-40.8921414522252,-42.1088528578429,-41.5027131810711,-42.3741297437963,-41.7997894766328,-39.4780042701891,-38.5037290672952,-37.1048655381579,-35.6458606270153,-35.7628340172309,-36.2300979533256,-35.8688219309742,-36.3356140151561,-37.1000379400209,-37.3914885698377,-37.8744062879569,-38.3253989416871,-38.9042536124957,-40.8010981542717,-41.8508414579595,-44.5755822311083,-47.3932780625973,-43.7546262547107,-41.2032011807336,-40.4971525610793,-39.5587030985914,-43.8506164845302,-44.9007357956917,-45.5599797929697,-39.5696934509046,-34.8945540104825,-31.6533234019606,-29.1988480744861,-27.6874872931771,-26.9004620997857,-26.3941181868851,-26.2888157005628,-26.3854431885174,-27.0017918205388,-27.4110998469558,-28.0309973572001,-28.9902823551033,-29.4633172843466,-30.1856106291231,-30.8535512090374,-31.9757703854834,-32.7919804255477,-34.6543162894475
-41.1319378316159,-41.3591972478573,-40.9996180787026,-40.8952047127418,-41.2974544916332,-42.5992820018115,-42.2502489810325,-44.2041904464401,-46.2834925139987,-46.6118676238758,-46.2820227850439,-49.5165749895191,-54.4682646453209,-55.4002109142466,-51.5444654955793,-45.9888668364152,-43.7240816186874,-40.9398085624921,-39.9098424442958,-39.3806613428064,-39.6536963520129,-39.3237281154114,-39.0789596457109,-39.5182113992235,-38.5496583933063,-37.1914362430672,-36.7240488547856,-35.5719873667418,-34.5896047946065,-34.8060055707969,-34.7051030145914,-34.1646015301079,-34.7483312024766,-35.1368536086236,-35.7033928222294,-36.3820238038928,-37.0205336972027,-39.0043833463045,-40.8729086404018,-44.6329843160078,-55.2809061257894,-56.1933790907344,-48.1339255518516,-43.6438656411721,-41.4173149465162,-40.9633226288155,-44.1949411479815,-46.9610246582731,-47.8632186976344,-39.9034355358086,-35.1124795250914,-31.6415473320436,-29.1579667275661,-27.5715933594606,-26.5795880353845,-25.8231103004829,-25.6261364862277,-25.5007069619803,-25.7612143671041,-26.2213020429918,-26.7130551173516,-27.8162573347656,-28.4856940523532,-29.3622334018088,-30.3520663992564,-31.3341476446029,-32.9013784216536,-34.5614765438893
-41.9583331681481,-41.9822772561228,-42.420915816653,-41.8016448738559,-42.1038809257079,-42.5222756610952,-41.8157334515507,-42.2947933449807,-42.9342117198885,-43.7410336130464,-43.242716292738,-43.949033394742,-46.8246273630865,-46.6457401881211,-44.8676961471061,-42.5613814288061,-41.3733017226153,-39.3373757710443,-38.7444790276305,-38.126659956918,-38.3489069620172,-37.4740807683962,-37.9438034917035,-38.1377528237203,-37.1143627258441,-36.558790548392,-36.2123461595544,-35.1983256400634,-34.5345510313906,-34.3301141539323,-33.5902653252631,-33.1211711561949,-33.6585274981957,-33.8479145691625,-34.6374492016251,-35.4746486253463,-36.4138102731352,-38.8130567656447,-40.0711887181264,-45.0175598023416,-47.1784615748814,-50.0769264222493,-44.8489725467728,-43.9585717304107,-41.5477826175312,-41.5895288352403,-41.2626308214656,-41.0612471974408,-38.9393803017057,-36.475540707903,-33.380276711302,-30.6751462942728,-28.6573563694753,-27.2648337853668,-26.2503071959931,-25.4373175854889,-25.2065169093982,-25.0566688081344,-25.1313071575851,-25.7566026016244,-26.273668225931,-27.4251223377284,-28.3464582069739,-29.3893692669127,-30.6135777267918,-31.3857350486126,-33.4258337643036,-34.5012283994385
-42.7617649748512,-42.676801211422,-44.2515849354497,-43.8488654065562,-44.5686585180071,-43.8139422451118,-43.0154261843606,-41.8377380815173,-41.1070503427295,-41.644634765107,-41.2235000471425,-40.6828787406327,-42.06530618494,-41.8721470720222,-40.2908901927516,-39.1014883637099,-38.7265742412629,-37.5317414425268,-37.4626711852695,-36.9611368810743,-37.1202891213576,-36.6074623073828,-37.8256184108098,-38.0214487825783,-37.4638078228191,-37.6651783946092,-37.1212020643486,-35.992491117193,-35.2401206840312,-34.2377001618748,-32.9854917879557,-32.6727583586298,-32.9283703418238,-33.0417366023068,-33.9406199932687,-34.9560903550302,-36.1764984666099,-38.1713260680601,-39.1449090820411,-42.2912508246932,-41.9647471298857,-45.1809475784075,-41.6725908726406,-42.5401931361822,-41.2350513299389,-41.198358686782,-38.5910576979913,-37.8630213728059,-35.3874474518922,-33.7754309398195,-31.6006581911069,-29.6146896877642,-28.0672224638334,-26.9664801582162,-26.047003039923,-25.3234055734165,-25.0518412871819,-24.9883166101632,-25.0271604521062,-25.8078850333753,-26.4701786588856,-27.6701803452924,-29.0017716100732,-30.3489823345459,-31.8453504367791,-32.4685813897845,-34.6313626618126,-34.8461614028615
-42.767234684415,-42.967039377565,-45.5869834877935,-47.0993671820958,-50.8024359579101,-47.4443435314505,-45.2845763004442,-42.049867708006,-40.2472101228663,-40.0696024832164,-39.8836442690323,-38.8521901318007,-39.0178889686596,-38.814966151037,-37.449973130912,-36.6846903254811,-36.5756208161504,-36.020524696017,-36.1587572523625,-35.9342858104147,-36.0775936438449,-36.5594956694873,-38.3634334660003,-39.2105475347594,-40.1657167906208,-41.2315264105829,-39.7531086823499,-37.5485741169391,-35.965782937723,-34.242693225551,-32.8344624809824,-32.6259487067484,-32.4642479237831,-32.5830920524813,-33.4775045174614,-34.6888772141436,-36.0095651141532,-37.6645821993698,-38.9626350071232,-40.6864110729635,-40.7959006866214,-43.2614097543934,-40.892723224291,-41.3659437500976,-40.7545313677444,-40.1210925127724,-36.7029464111569,-36.0197917849085,-33.7974463317783,-32.2065848423719,-30.5577700260347,-29.0430228500401,-27.8192029238413,-26.9475602136279,-26.1246236955042,-25.5498793089143,-25.2093337168436,-25.25004161835,-25.375968845708,-26.2078812517846,-27.0869727911781,-28.3893868281683,-30.3260050333227,-32.2265303200902,-34.3387203517823,-35.17198759597,-36.9963137022073,-36.0881888083873
-41.4814541964174,-41.936739122503,-44.4828786132883,-47.4609147028646,-55.1536493686821,-51.2100956187954,-44.9539564421085,-41.4431881511807,-39.5651207873652,-38.8772138918701,-38.9906143367406,-38.0485595861593,-37.2601818065091,-36.9732386810708,-35.9327936631738,-35.3630490340338,-35.1285081758965,-34.9431509809644,-34.9514824152437,-35.0144628224342,-35.2298652488596,-36.8260988566528,-38.5873939890316,-41.3494438064025,-47.5064085952498,-50.7481758929267,-43.3436879766278,-38.1574913057499,-35.771675414193,-34.0288818662366,-32.968881824893,-32.7323237880007,-32.2451745481137,-32.4112309727179,-33.1990401091153,-34.5273361607207,-35.7582044086971,-37.6519785915088,-39.6157141336887,-41.1413941865456,-42.7840760217189,-43.6046637475082,-42.1938936347872,-40.9748141431803,-40.0316830298849,-38.8738541597703,-35.6623851086397,-34.8725989642738,-33.3419559482466,-31.6627966479618,-30.4001040511457,-29.1927943831383,-28.1817396160846,-27.4030148519848,-26.6005783833886,-26.1487957075261,-25.7292804924698,-25.8213301330547,-26.1070333790763,-26.8331766229633,-27.9314083444496,-29.3423396294358,-31.8899208066379,-34.4891021430691,-38.1913994148819,-40.9908993548254,-41.4609763552317,-38.5846359418465
-39.2823446601785,-39.6622373840943,-41.356460577933,-42.9199591733734,-44.3659952919775,-44.3932356269451,-41.6288650251706,-39.7710068785141,-38.6990078164204,-38.1161938661656,-38.4156122959563,-38.0244181309661,-36.7068952315482,-36.277441887827,-35.612471598062,-35.0842933156402,-34.4499205906824,-34.3043686681441,-33.9675743705233,-34.1608113839006,-34.4922308803284,-36.4159474388161,-37.3961524055848,-41.1143422025568,-45.0352807174859,-45.4751595115511,-41.1403031168681,-36.7605293854961,-34.9184134889284,-33.6357782154189,-33.2130973036239,-32.8574724395304,-32.3321323365486,-32.5581715049241,-33.1345690040039,-34.3561058355383,-35.4600666742621,-37.8757786293461,-40.2362672608752,-43.7560914856618,-49.9653291701236,-46.8100153683324,-44.492961080975,-41.0116654549168,-38.8210717672644,-37.5128880739303,-35.3843350248111,-34.348029840689,-33.7475024658282,-32.2098015050201,-31.2538824666167,-30.215135694277,-29.2993008343604,-28.4193623809406,-27.5188858839751,-27.0961853452004,-26.6335749721301,-26.7017517647046,-27.1554173242141,-27.6512420528567,-28.9115992773103,-30.2749776499974,-32.888992469755,-35.4720866930003,-40.0630431293361,-46.1824294615249,-47.0704539246389,-40.96317217772
-36.9871864102352,-37.2972513318817,-38.2823313326509,-39.1110451230068,-39.4756757346083,-39.4700183610268,-38.8653342054757,-38.1937696771418,-37.9466702683127,-37.8214992886433,-38.1318212730513,-38.5974331325779,-37.4917926093165,-36.9158733124971,-36.559458779417,-35.8312339110432,-34.5380640525565,-34.0790473450592,-33.2883372314132,-33.3907649630753,-33.760085144034,-34.918130748008,-35.3726223820847,-37.4937986216779,-37.9138303460966,-38.6357626048493,-37.0569640356112,-35.2127383692291,-34.3353104207447,-33.4880791740815,-33.5767576774715,-33.1425211064804,-32.8612770079055,-33.1205166490528,-33.3722458255418,-34.188205721851,-35.2224181495049,-37.5836404013618,-39.4439951048123,-44.706582700214,-47.3982613248348,-49.3078568570088,-42.8785744781233,-40.2360033376618,-37.2600264118756,-36.0061859874072,-35.6302784572085,-34.5546406033773,-35.0111633707231,-34.1537691810499,-33.4613931266278,-32.3477047482566,-31.2479723246012,-29.9549724733106,-28.8081614342473,-28.2848055105836,-27.8775661101351,-27.8930871934878,-28.4803488274906,-28.7720594587495,-30.1263922980512,-31.1956085190017,-33.1263749924111,-34.8345968986191,-37.2427115007557,-38.4280835490761,-41.2158870439046,-38.8025377457493
-35.1765584480185,-35.519910692325,-35.9959847435639,-36.5919682499223,-36.660543426428,-36.6395833251072,-37.0505573354964,-37.1343326879197,-37.4937758688508,-37.8037799356202,-38.1558477560262,-39.5841665950751,-40.0795626281263,-39.5100868730955,-39.0573770916024,-37.5225873741081,-35.2302025070825,-34.1627597949091,-32.928584262697,-32.7686281757045,-33.008369048498,-33.1518403797547,-33.5636939382073,-34.3552235204676,-34.5319500502774,-35.3771641572199,-34.6636614670248,-34.5382598455524,-34.4561070325454,-34.0428983101382,-34.3551909729956,-33.9656507370463,-34.0410407735534,-34.2007795610868,-34.0151822311899,-34.1723617791247,-35.0961813199154,-36.460991748417,-37.6746900259615,-40.0959541445651,-40.140866149835,-42.158474068657,-39.1549266230384,-38.1186547572371,-35.8448639145399,-34.66754712755,-36.010237039558,-35.4458138956827,-37.1733211544365,-38.3446599577047,-38.0908546891488,-36.012531705539,-33.8840601323044,-31.6888381433681,-30.2009665796167,-29.4946322641666,-29.3007221640801,-29.354985886852,-30.0813122322079,-30.4579012857185,-31.8978210306645,-32.560585450878,-33.5024394523666,-34.3739853673358,-35.0223937096398,-34.960579896698,-36.563444846198,-35.5364124093686
-34.1225435308209,-34.5301141217865,-34.638263884566,-35.1237667890785,-35.1021688024129,-35.1228657653247,-35.8962202666326,-36.3750415298838,-37.008693514852,-37.6163498419447,-38.3891809973176,-40.6153248973654,-45.5462399646639,-46.4769450875625,-43.1773137556757,-39.3769958575796,-35.9871831832222,-34.2942385950657,-32.8497858954217,-32.3563131522892,-32.3251310525236,-31.8202519075789,-32.3126220199942,-32.3945465747559,-32.8455545644123,-33.6193701653454,-33.601889543117,-34.7224433978818,-35.3198925080692,-35.6599066158457,-36.0733590298876,-35.8828139405118,-36.1815054149456,-35.8304574217684,-35.1001915027309,-34.4625969593292,-35.0558658180433,-35.1458855248538,-36.1260190582702,-36.5622543120689,-36.886758537149,-37.5779128838504,-36.723299524852,-35.9813670742689,-34.9561171867311,-33.9024148787672,-36.0515889585496,-36.442442534054,-39.1417769366562,-46.0748413423143,-50.6765661425158,-40.4171806951481,-35.8964523504711,-32.7509630856252,-31.1919285015616,-30.4081706315022,-30.5810586465277,-30.8978173833708,-31.9478120160275,-33.0918153624336,-34.8701954143246,-35.2484018503475,-34.885117717336,-34.8548387461193,-34.1582684589497,-33.6969665047029,-34.0104793729494,-33.5499960503928
-33.9499346413245,-34.4099906624767,-34.2882787008191,-34.6243714213725,-34.5772147454079,-34.5935160408989,-35.2200008106845,-35.677141226191,-36.1426581231941,-36.9506750714495,-38.4106793952966,-40.8164101406932,-46.6653203423952,-50.0346506027724,-43.5751367479437,-39.2315480787575,-36.0436743371339,-34.1934797746823,-32.9933709028105,-32.1999414016379,-31.8613633899871,-31.1551020593153,-31.6400012909716,-31.4323332435152,-32.1262749210104,-32.7044093592401,-33.4284553304313,-35.3499861225586,-36.7130396812677,-38.579505098433,-39.5971137081996,-40.0099416946654,-39.7271205475491,-37.7793057321694,-36.4234156890395,-35.0674273737775,-35.0464643076624,-34.2694434722848,-35.1778501975019,-34.773533880443,-35.5032978258514,-35.29617591017,-35.6220252137861,-34.7537788133319,-34.7578567131026,-33.9479381184887,-35.551627626935,-36.4950974504689,-37.9574454788287,-40.8581093439931,-41.1031274526548,-38.1215776696079,-34.991553543881,-32.3488598727215,-31.3248908542591,-30.7357702860778,-31.2633018710747,-32.0100158745779,-33.7410615945514,-36.7547278411785,-40.689576634283,-41.3485277019716,-37.5303031158887,-35.8188468712303,-34.0353233870078,-33.4993907506765,-32.6681650190937,-32.7000828738622
-34.7489445575576,-35.290934460568,-35.1188752917855,-35.1753379136239,-35.0576144245033,-34.9141276590146,-34.9648953677646,-35.0795911556593,-35.161235408773,-36.0496436767883,-37.7084073896408,-39.5392331527639,-40.5086685374173,-40.2804323429393,-39.4753055547835,-37.3428617606055,-35.4477640475404,-33.9252356027757,-33.3237328420363,-32.3572097039947,-31.7795712636112,-31.2171781720683,-31.5265344705856,-31.3042931372543,-32.0170889094507,-32.3510501497191,-33.707748114282,-35.7065613936722,-37.9445433396822,-41.6071249175558,-46.126535242062,-52.4393234055576,-43.9420654864466,-39.156460343452,-37.3273895911953,-35.7667783267419,-35.0619551586411,-34.0933010414251,-34.8504913122721,-34.3608740239501,-35.3160211676458,-34.6514107681452,-35.6016852747344,-34.6948457981667,-35.3086842161892,-34.8975195886153,-34.9139158692323,-35.6743896852331,-35.425193615731,-35.704578362357,-35.0478054660994,-34.0577157543334,-32.6269804264116,-31.0381538850219,-30.651526578542,-30.3932525336903,-31.0067135760521,-32.0210597531595,-34.1824303818369,-37.7571939036162,-45.8077353089137,-47.1861132451251,-38.8433862679386,-35.6557172005392,-33.8273474733732,-33.4811322780518,-32.1293150848669,-32.6445331236522
-36.6052192460943,-37.4796299631961,-37.5813137302939,-37.0631250310536,-36.562676798674,-35.9691681361516,-35.091377868569,-34.7539904556867,-34.5533899078186,-35.3644626241949,-36.5101380649855,-37.6656564573574,-37.3180434292816,-36.7353576334009,-36.8720053451001,-35.8187924416289,-34.9729784273838,-33.8811217907819,-33.8572454706669,-32.9244013817086,-32.2471232672138,-32.0563215100125,-32.0037835466311,-31.9206336808958,-32.3522024328372,-32.4538699090846,-33.9842511886658,-35.301622714928,-37.8616225156625,-40.1921599114112,-43.2858693559425,-45.0217266208511,-42.1027046581931,-38.9410009224061,-37.2211224584659,-36.2418868676695,-35.213764829267,-34.7088533180673,-35.1607944896849,-35.1417095780795,-36.0564565215125,-35.4065668053729,-36.5136105548069,-35.9016927330014,-36.651945724441,-36.7810729020334,-34.8122709830601,-35.0509578712689,-33.9005389755592,-33.2716963011483,-32.3020419177847,-31.5432139935974,-30.5985079618567,-29.6868633483124,-29.5757656349901,-29.5507133640555,-29.964295216714,-30.9614639698052,-32.553973397101,-34.1918229669003,-36.779134642137,-36.7930470945368,-35.8023456436247,-33.95718338533,-33.1045969987812,-33.0521176372543,-32.1595421261737,-33.0477746312576
-39.3624194355167,-41.6548366818144,-43.2394188912378,-40.9363274461479,-38.8109841814507,-37.3534718192539,-35.4698062305573,-34.7749731269499,-34.5482880895539,-35.1697347213936,-35.5724746158839,-36.2832935845107,-36.0909295727301,-35.6200026920837,-35.8605275574962,-35.286172705951,-35.0996845809123,-34.4056440553952,-34.6528054819504,-34.034899555171,-33.4626750824875,-33.7733895127102,-33.1978781568953,-33.2668603862587,-33.1168017020098,-33.008107199208,-34.0229214894595,-34.4749512331792,-36.4340249468365,-37.1356237417439,-37.7316806827973,-37.9620667511278,-38.3108054011748,-37.7413593547749,-36.575138839793,-36.4719607463805,-35.7232566756463,-36.1749356463167,-36.2148518352568,-37.0758687692266,-37.6406667093639,-37.510196297204,-38.2888448606669,-38.4978828911101,-38.8744862898695,-39.6250664405312,-35.8213421845272,-35.2017842234019,-33.6376865665642,-32.2708692541953,-31.0338239957951,-30.1190049108434,-29.1771290240736,-28.6168807406427,-28.4550535693946,-28.5081681256089,-28.6694367184874,-29.5358814968,-30.3541288258375,-31.2097097625111,-32.3039463220544,-32.5138810203247,-32.8773481139661,-32.3094397914993,-32.2800714096102,-32.3991322165217,-32.5872857345836,-33.6059414065975
-41.1984418853424,-46.3725657064815,-62.020496099795,-45.8569811677997,-40.0807831879231,-37.9686068314996,-35.8688038776607,-35.1055612270483,-35.1508852185452,-35.5637774181571,-35.4310861750548,-35.9005549534029,-36.3309892046454,-36.1910992996182,-36.1396542035366,-35.765982061156,-35.9203169157479,-35.6315712255332,-35.7704929973264,-35.8272372892868,-35.7135594574765,-36.5862016930209,-35.3988999159696,-35.4254217705013,-34.395993198753,-34.0444315442219,-33.9933273502196,-33.8235880949963,-34.7983172233963,-35.1247524940133,-34.9722447828748,-35.0809144137418,-36.0289225159331,-36.612058243187,-36.1644503438525,-36.7908955690587,-36.8470727317942,-38.5515152978696,-38.2381081652651,-40.2149059457646,-40.1168827359856,-40.9936521268462,-40.8949985368773,-42.6316055564817,-42.1615730915499,-43.5569604130183,-38.4991513947293,-36.2405257607506,-34.4024853547788,-32.1490373229355,-30.6163717362478,-29.3956126994447,-28.280170625763,-27.8538670981343,-27.5039410120809,-27.5343294594967,-27.5628442810366,-28.2737978541687,-28.6563242627123,-29.4683734227912,-30.0278104388148,-30.5981235565342,-31.3555179624451,-31.5372441621135,-31.9216666800655,-32.0553817509904,-33.2774788145742,-34.1418083508631
-39.6107375694492,-41.6299039358801,-42.4115030025889,-41.6467882447256,-38.735917310494,-37.1561004133491,-36.1089858478524,-35.688973698995,-36.2531170966127,-36.5212376056428,-36.3863003917726,-36.8357986848402,-38.0193719863944,-38.3451731281919,-37.613141771125,-37.1761081591044,-37.322087386111,-37.4612313435252,-37.2231507449187,-38.3451293840629,-39.4944783741288,-41.0105990456115,-39.2858962192914,-38.6092500095502,-36.2725456301608,-35.5342963900462,-34.2082508174668,-33.6614612208489,-33.6523203142406,-34.0784665971658,-33.7997621544608,-33.9718563757617,-34.9145359256069,-35.9164179904136,-36.2863077618365,-37.4544741365742,-38.7776123519148,-41.7733346744346,-41.6483019714134,-44.6896813994195,-43.6883087367783,-45.9187776942685,-44.2465657091894,-47.9226142061024,-46.7574632742989,-49.1972351508006,-43.3602273324585,-37.9688241000065,-35.5655980910152,-32.5298533383916,-30.6592663103951,-29.1010690852614,-27.7953307395066,-27.3464359597177,-26.8243532422426,-26.790854032557,-26.8342693000604,-27.3852881183142,-27.6961109701685,-28.6992673230658,-29.1332087485583,-30.1709428381999,-31.1111452907166,-31.8282855026935,-32.3398568775921,-32.3773076320569,-34.1406711612576,-34.6613736104227
-37.1020412787519,-37.3498111705912,-37.4342768785864,-37.3501088861764,-36.804424782906,-35.937583877597,-36.2123543401658,-36.4430066978446,-37.5550486188615,-37.8362345095518,-38.7004924435657,-39.6186079998235,-41.6767064209956,-42.4426369768578,-40.2941145515624,-39.3225412616173,-39.037365333026,-39.5015429746024,-38.9299580084644,-41.1579921229851,-45.3002229494171,-48.2910325615565,-46.9603227827957,-42.8807427505708,-38.5546367184362,-37.1994982330906,-34.8190281700664,-34.0618072879342,-33.2183487151491,-33.718079722628,-33.6510265181218,-33.9575184931507,-34.6242774350859,-35.689857205229,-36.8796842411861,-38.3700061980541,-41.3461038238573,-44.9031667102486,-47.011116022286,-50.9520042778985,-48.7628007513383,-52.3791703268435,-47.9331143452888,-51.1763883317384,-51.2300024760027,-60.2668504365094,-45.5800563764217,-39.4378839342213,-36.0848723658767,-33.0427053608895,-30.8425923141311,-29.0167203711415,-27.6207573416237,-27.042584330692,-26.4379716275208,-26.3376409471632,-26.4959717513664,-26.9150681415928,-27.4481885314505,-28.6939767580848,-29.3513324562821,-30.9889534468019,-32.0925510888791,-33.3223380272048,-33.7310496647023,-33.5796509460375,-35.1369165154884,-35.2827212501942
-35.2536103138374,-35.0163923085287,-35.1496177523362,-35.1025833864768,-35.5365036769647,-35.1901575108966,-36.2874999516526,-37.1112108729142,-38.3491752131701,-39.0337505755604,-42.4305980096121,-45.7233830757552,-49.9447378877304,-49.7114025200089,-43.7890405428669,-41.6690194481595,-40.6262816463893,-41.0859153945736,-40.6772290287839,-42.8255626341837,-46.757473208419,-50.9448990326722,-50.05550728492,-45.0959337394,-40.177223673456,-38.3204075665126,-35.7149403036834,-34.9363029164085,-33.5349480567659,-33.8552503848584,-34.1770816724218,-34.6671921464291,-34.9661889276187,-35.928032309941,-37.7349493808966,-39.1990451160737,-43.1747624472095,-45.6830091969168,-49.9638677445878,-59.0702107735437,-54.0702095595468,-54.2843380551825,-50.6866660468786,-50.458998436038,-50.2057149049624,-57.3155812518502,-42.2027262152789,-39.2993203131537,-35.8199586612984,-33.3886876731965,-30.9784222205999,-29.0058372270324,-27.6721285082619,-26.9097190945287,-26.3126782864366,-26.1625397745268,-26.4614114491793,-26.8219385397478,-27.7798660706153,-29.2542643939306,-30.5486966887199,-33.028502216148,-34.516130651982,-36.4081227235682,-36.3722793833034,-35.8856322020526,-36.2489960456252,-36.1337940536159
-34.1416116451,-33.9126727700744,-34.1837958792219,-34.1620176654757,-34.9828557111,-35.1110860720972,-36.3812163702439,-37.3587245265291,-38.1651457989706,-39.6714749869417,-44.734670904104,-50.3830951548011,-54.79231607385,-51.2284474914079,-45.2355672591445,-43.1951726357314,-41.5889037080317,-41.7421651807339,-42.1373837952079,-42.8413786244567,-43.1905737773828,-45.6793628573545,-42.9656954729316,-42.5739945360104,-40.05045612785,-38.3739356209924,-36.5484401176218,-36.002365349702,-34.5161760559109,-34.3744575486185,-35.0823696087889,-35.7969442950858,-35.8558998458412,-36.6853575098028,-38.7290655182204,-39.8674632239208,-42.963836323601,-44.7480173403113,-46.183943424702,-52.3556069398119,-52.0835426033521,-48.7355699900733,-50.9547768219643,-48.4198039707705,-47.8952004581858,-49.7230170538967,-40.8420946976024,-38.3967344559986,-35.7327636031308,-33.5624845565881,-31.0985519093225,-29.0655125089602,-27.8831140856152,-26.9283377125209,-26.384416940155,-26.2072192430492,-26.5968999332228,-27.0006713120088,-28.4138928600621,-30.0519314491729,-32.3893723405344,-36.1201191071576,-39.1553910860595,-42.443426177708,-40.7289310554487,-39.51353480185,-37.4468124474454,-37.2861768469103
-33.6862714932014,-33.6814370865805,-34.0697491563045,-34.147209497886,-35.0181465971671,-35.6579112095704,-36.580898332599,-37.3558921044224,-37.7757906788517,-39.9477246485212,-42.4900175966845,-43.1582950648072,-44.6943375204284,-45.2504480641008,-43.3624943635508,-43.2733434758612,-41.7728178800519,-41.6565786590324,-43.0123169148999,-42.7260102611534,-41.8996368331406,-43.6129777681229,-40.8740475738828,-40.5872937520586,-39.2984997634064,-37.924209612828,-37.0090234408143,-36.7693853406623,-35.8786732840593,-35.1959267160696,-36.1270109220846,-37.1009242654622,-37.3093930786794,-38.1090926309886,-40.0536493257684,-40.8492511712602,-42.3763420502933,-43.9623695180989,-43.9372986647181,-46.8346608964073,-48.8717409152883,-45.4051539968398,-49.2161062537017,-46.6189622158255,-46.7736342403102,-46.1658785959657,-41.6606423457,-38.3254629126158,-36.4182368230386,-33.8473967188396,-31.3612504917889,-29.2795060835171,-28.193035634994,-27.0723964791508,-26.575714168298,-26.3887697024926,-26.7711725543611,-27.3015107814369,-28.9154135075491,-30.5725055179188,-33.6972138228125,-38.2142777118974,-45.610159114872,-54.488902555643,-45.2084876307787,-43.176060978915,-38.6789394442205,-38.6927772440505
-33.8416454942865,-34.1289869307962,-34.5812623598117,-34.8775271040932,-35.6107615428552,-36.783040510778,-37.1699799175329,-37.7878219704725,-38.1743558636733,-40.420745756696,-40.5480974694198,-40.2729627173575,-41.5037018407358,-42.2894501896091,-41.5760934631513,-42.396818069108,-41.5111184878744,-41.3479682602188,-43.1860432018653,-43.2743811108473,-42.8922366779177,-43.8129021864314,-41.6330431889629,-40.3079439867105,-39.1339532870645,-37.695033246801,-37.1427761777339,-36.8590856005801,-37.0863706539727,-36.2238712374636,-37.1902963939065,-38.4854836177462,-39.468285971079,-40.4925084621923,-42.2305413596057,-42.7827199826968,-42.6529497956005,-43.6166774444596,-43.3850188473721,-43.966621430265,-46.7280290483371,-44.1661353988511,-47.0949629362619,-45.7939205079948,-46.4969073180812,-44.4802702912867,-44.3369517380208,-39.9079292260464,-37.8718535572256,-34.5159908306775,-31.8414242732767,-29.6809865699367,-28.5282613687728,-27.2935894343987,-26.812882852908,-26.6232772749578,-26.9072921342868,-27.5832857354189,-28.9713137559461,-30.4877824351343,-33.2600960166959,-36.6478853427923,-40.4884133414876,-43.1199320388569,-42.4052420964709,-42.0488996073743,-39.8733175449685,-40.1392282359323
-34.5551443727533,-35.1141231683424,-35.5769257540187,-36.2959451578468,-36.8917228353936,-38.5614286709461,-38.606007696158,-39.3008014274248,-39.8978812004124,-41.4208371216387,-40.131319820553,-39.839908984723,-40.6291377955443,-41.04128883341,-40.8021751511387,-41.3335330311279,-41.1747324829175,-41.1429692776829,-42.7128184001013,-44.2046486326433,-46.4377644541713,-46.5714084622001,-45.6151731643346,-41.6985148937608,-39.744828143778,-37.8142272902325,-37.1258682949541,-36.4041868742391,-37.5733088547328,-37.2583451178386,-38.1905753160313,-40.0063525987567,-42.6298086989745,-44.5133099581101,-46.1771129233695,-46.1624902282367,-43.8008479595162,-43.6016849751136,-43.9816159400364,-42.9121505719688,-45.1627107937178,-44.5979169128371,-45.5340875400799,-45.806362960874,-46.5852944355101,-44.3382788108254,-49.3965527291809,-43.8755530060562,-39.5009916083853,-35.5085106738941,-32.3729021179273,-30.1491260502472,-28.8022363616113,-27.5295900035284,-27.042229988671,-26.85094511687,-27.0080698640631,-27.7835556084685,-28.7355989633231,-30.0707582957905,-32.1447040167009,-34.5247104689268,-36.3726009738931,-38.8418108185928,-39.2733423706647,-39.4678145643559,-40.8936814420819,-41.3151301900864
-35.6945504785009,-36.4555359797076,-36.92914153697,-38.4357559111595,-39.198216591387,-41.3437917972347,-41.5292648107013,-42.4196298575939,-43.2572897012819,-42.9900556377422,-41.1837969359415,-41.2537289318963,-41.3751439870359,-41.0823214484042,-41.015170219856,-40.6179682713523,-40.9248412669895,-41.0122654718428,-41.764363390696,-44.1482494933746,-49.7413464969943,-54.731364492862,-52.9746358618788,-43.6017174706339,-40.4510197822573,-37.8238507017797,-36.9101307715091,-35.7556411858537,-37.0828801084396,-37.8695366701844,-38.7398953250306,-41.3741197319827,-46.5162938794015,-51.7709654805303,-53.5487868148283,-49.9079067089567,-45.2735533357024,-43.940528917553,-45.4233200955179,-43.5632442960917,-44.4260378633876,-46.5095204426645,-44.8211519299463,-46.062623951084,-46.6269421798228,-45.6826702080875,-58.7551366790977,-47.3146449671563,-40.0698536163679,-36.1120364171511,-32.5907054449103,-30.4600986658173,-28.9550733020303,-27.7406269224531,-27.2416835207419,-27.0519824437628,-27.1308571369452,-27.933161394496,-28.5924151039188,-29.802438319842,-31.563045783981,-33.4334873912063,-34.8068769206829,-37.3035676648066,-37.9714887955982,-38.1162628061918,-41.5076897430587,-42.0091489759559
-36.9705213377006,-37.7887853499794,-38.4191029422278,-41.2708411011323,-43.1679179749266,-46.2611462771317,-47.3392785860436,-47.6180568493823,-48.2125436524011,-44.969385075631,-43.9721073902847,-44.7777817311691,-43.8326745312264,-42.3180795047082,-42.1099672630622,-40.4927132913848,-40.7922732714114,-40.7683974396341,-40.6212683433868,-42.2705720711159,-44.1088403564428,-48.6633280449202,-44.5570739812324,-41.6715242071933,-39.6657302487303,-37.0488629808454,-36.2808823975664,-35.0725441176969,-35.7708447075485,-37.478293269707,-38.1146410107073,-40.9764130455003,-45.6464347722047,-49.2401903365436,-50.6268407881061,-48.2240114231337,-46.3185487740061,-44.7508895547142,-47.6912474896458,-46.5086587155894,-45.3204788047289,-49.5698823263556,-44.9155801289484,-46.1306789513356,-46.2500202883592,-47.8867182606635,-48.2972765916304,-42.5708369316982,-39.0906177086573,-35.5577627646505,-32.3627341099524,-30.5311219755182,-29.0093911972124,-27.9415844965806,-27.4214377325925,-27.2415606107437,-27.331492149169,-28.0966748067788,-28.7675295073285,-29.9399746956868,-31.8041472047562,-33.4407636923269,-35.0726124858465,-37.4569776944736,-38.1776508043321,-38.0067007302559,-41.5414249788589,-42.1557630408936
-37.9369381544016,-38.4960792430033,-39.5203791549861,-43.6559955770236,-47.9968788518311,-60.219592225921,-60.8173135576723,-53.2079699859386,-52.2719763949195,-47.0373272698861,-49.7500129043418,-52.6965415898868,-48.9013398929719,-44.5052395481998,-43.6766612606716,-40.9168279875917,-40.7575309082222,-40.4041914086992,-39.6246879897121,-40.0261814435026,-39.8868975477411,-41.509641210115,-39.4872387202485,-37.9380922496692,-37.288541796853,-35.5170428848323,-35.131977522765,-34.32731075874,-34.1685979070581,-36.0161487111378,-36.3991572613943,-38.3379095431619,-41.0914092689338,-42.5185156400335,-44.3319574916997,-44.4602544768861,-46.0869771040577,-45.9542436674232,-50.8878439778823,-55.4586092398848,-49.582264546811,-50.9595947122978,-45.4399852822807,-45.7361463558873,-45.1551208620099,-47.8550586695755,-42.4757508496942,-39.3456246188255,-37.6355187244717,-34.5129998540518,-32.0686905302554,-30.5625018789816,-29.07773253854,-28.1884137827853,-27.6104635372882,-27.445336453508,-27.6171935725821,-28.3063868799707,-29.2375643138104,-30.495338557049,-32.7629643400269,-34.5122430225923,-37.1602612700083,-39.3553066196752,-39.9471357606956,-39.1736269282043,-41.0962492090354,-41.7756862765305
-38.1897251369818,-38.1845891084698,-39.4737620503833,-42.4673196338578,-44.3531344580769,-48.9747140991362,-49.2289896555396,-51.8662043757849,-50.0872959148565,-48.4389813652987,-54.3428832279037,-59.9483410677338,-55.0315983169482,-46.1318359942127,-44.5039321822601,-41.6220096948719,-40.8135081521961,-40.149700940843,-39.114291600328,-38.545534115108,-37.721032324057,-37.8914591983861,-36.8653580222179,-35.3016036118305,-34.8409559550241,-33.8632609809676,-33.631787324378,-33.4562151810868,-32.7834289771571,-34.1337203635395,-34.5143141807428,-35.5384375295987,-37.5980451765854,-38.6299013768737,-40.5806211430831,-41.3921081217437,-43.9090432776921,-46.3673361089386,-50.8587125594254,-54.0743056510635,-57.2075939265364,-47.7428241492115,-45.4594591061218,-44.2659143443775,-43.4557191561971,-44.8761259726261,-39.7492339845312,-38.2955271914051,-36.7422695464821,-34.0787105852096,-32.2144967960637,-30.8527306737649,-29.301246298749,-28.528064768642,-27.8335704258472,-27.6703930712143,-27.930341519945,-28.5318601408528,-29.7528823853396,-31.2654136128516,-33.988577752134,-36.5118245278211,-41.549922224883,-44.1903722493352,-43.8303274822837,-41.9231379094256,-40.4811552449002,-41.0461028827265
-37.6211210101235,-37.1858957954592,-38.2571624946173,-39.3065200580761,-39.8745094290816,-42.245056188755,-43.7982007664514,-46.3863500880287,-45.0531552963058,-47.2824790289014,-46.6044185953381,-48.5388222300227,-48.1524729302844,-45.2283245966252,-43.8790017085044,-42.400335649013,-41.1404170057991,-40.351708690258,-39.432101550281,-38.1599629767647,-36.9670923450468,-36.0211760500043,-35.4349442854171,-33.776264553625,-33.0251608396871,-32.5160082965787,-32.1392243808687,-32.4701481715031,-31.8311984898735,-32.4617920415458,-33.0364397509836,-33.5340801044438,-35.2321550644425,-36.203194424944,-37.9731293443954,-38.9190675584042,-40.9604331862432,-44.1372406064844,-45.5382751512854,-45.0241901501678,-45.6536768683519,-44.2109401401892,-44.136358250441,-41.9951847905474,-41.648184582762,-41.8691860116889,-39.0025552068668,-38.9570754197715,-37.0493776400602,-34.8583953204184,-33.1333354293899,-31.5881521758177,-29.7648059431334,-28.9506928309142,-28.0883828416645,-27.8876363441217,-28.1681615320836,-28.6824173714693,-29.962080982876,-31.8300336665082,-34.5497514750455,-38.2109374420929,-45.3761693960892,-60.778096907779,-48.2348865458074,-45.5842496030846,-40.0424235184303,-40.3026382875171
-36.4706707782717,-36.0150870940536,-36.6183246338374,-36.6579878949107,-37.1920703460639,-38.7112326032144,-40.1874613776773,-41.2765571653387,-41.0657060975511,-43.7885627231166,-42.5526818224533,-44.5611654655479,-43.6558462269098,-43.5268244816547,-42.9447495198059,-43.4950622150569,-42.2897383938672,-41.5725536330054,-41.021635539527,-38.9567231442312,-37.2301455885346,-35.2528276754411,-34.6078920635795,-33.0381526866671,-31.9370725765322,-31.6148074619156,-30.9969309071185,-31.4959678454085,-31.3111015631175,-31.3077442535478,-32.1123000846064,-32.4081310122651,-33.7424848828751,-34.7664615848388,-36.1413326797161,-37.0974269562477,-38.5991542632189,-40.9065033200192,-41.3461381668056,-41.2989312982142,-40.6979169275545,-41.6786241844736,-42.0077359626652,-39.9960435040682,-40.1264565612694,-39.5793055797066,-39.8123953104693,-41.3898943299518,-39.3076624313767,-37.3375090800799,-34.9415701128961,-32.7217789819219,-30.4142204165523,-29.3599875998404,-28.3315749807583,-28.03526341076,-28.2317437220646,-28.6513758859886,-29.7250924981374,-31.7713766696968,-33.9074352979843,-37.2081933663704,-40.9975107162818,-45.4074607097208,-44.1471201608522,-44.1872773559783,-40.12533766141,-39.9440013013939
-35.153540457414,-34.9435723163559,-35.1177831433919,-34.8979013379256,-35.6595691902411,-36.5821127104825,-37.4789786184981,-37.8786159126518,-38.5563217350371,-40.3851989669114,-40.2880455112019,-41.8594324301355,-40.9876929249497,-42.2087396410711,-42.3464680757157,-45.1168273083513,-45.357587461935,-45.119185582875,-44.563510885194,-40.6426017620459,-37.9626937703452,-35.0982854837498,-34.0510925010513,-32.7955364655411,-31.513415178826,-31.1848756796919,-30.4263145323427,-30.750072091251,-31.1399885404406,-30.7779611704324,-31.7187777117043,-32.0586721101127,-32.9884927876663,-34.1213678498029,-35.0639558683941,-36.0759103910157,-37.2474068547868,-38.5209180915176,-38.8368712873896,-39.499884766624,-38.4978321349612,-39.9621743238317,-39.98376713015,-38.7621137747228,-39.0526390501375,-38.1640535810122,-41.4432142732791,-45.7246163922665,-45.8788733313361,-41.914461210189,-37.1046137040884,-33.7563987421565,-30.991486364263,-29.5826803663046,-28.4842388412034,-28.0445775627032,-28.0774128668707,-28.3969483982615,-29.2301954414632,-31.1024405874822,-32.7084103052745,-34.9545400709005,-37.734847621944,-40.3118691020985,-40.7984306667543,-41.1393253705887,-41.1142551775099,-40.3852750260139
-34.0015989616778,-34.0934518383905,-34.0413085679011,-34.0290867377997,-34.9810351542831,-35.4668590298834,-35.8546359258928,-36.1040571456871,-37.222319719614,-37.9008728950413,-38.7438539076596,-39.3209753355319,-39.0848254730098,-40.7187829039188,-41.5281210463744,-45.1098455862835,-50.9586475108743,-56.8995616587578,-47.7464942807915,-41.2983017713754,-38.199445506273,-35.0442883194621,-33.6588727767114,-32.8353731779645,-31.6551489023571,-31.2323987281037,-30.5472761477467,-30.4761307554774,-31.254272315777,-30.891575407641,-31.784084905291,-32.3360795106999,-32.8777392809964,-34.1426421425566,-34.7950234626242,-35.9724828876607,-36.9951621688306,-37.4480543354048,-37.8038225192693,-38.8602147102005,-37.9431500903743,-38.8284254586799,-38.4827157430473,-38.2799299976401,-38.478746821897,-37.7745113551264,-41.9236029621325,-45.9097076151927,-53.4206852370318,-42.8005106507689,-37.5175778726829,-33.8156200972718,-31.1404815749534,-29.4757543997459,-28.464907476667,-27.8772264001983,-27.7358584964649,-27.9806422037797,-28.7087826269899,-30.1862108378274,-31.5904940187107,-33.330791698765,-36.1762182611456,-38.5741386400094,-39.9604207965203,-40.3661396076727,-43.5722035726467,-42.0509489166617
-33.1506635319667,-33.5335742575262,-33.5792491629484,-34.0715480904177,-35.1421056951236,-35.3966918520635,-35.5307791494777,-35.7521199450275,-36.7314917432187,-36.3479922789508,-37.4034199459244,-37.0351663769186,-37.5149380602455,-38.6284860734523,-39.8372283744721,-41.7231131623137,-45.1003382889955,-45.8930178862672,-42.6968425042693,-39.3011642048585,-37.4024692603961,-34.8253043258343,-33.5133057913581,-33.081871924477,-32.2824387059956,-31.7917940957829,-31.4356895567737,-30.9103333267803,-31.6826693282898,-31.6328096765666,-32.2313895715687,-33.0437371028511,-33.3066742706513,-34.6934307317192,-35.3706262018238,-36.8985218317194,-37.955905291722,-37.9156262766912,-38.2582719429711,-39.1247007106561,-38.5530132494671,-38.1541600556379,-37.6287917864852,-38.3277174377824,-38.4239520479949,-38.4996107520406,-40.7041352758388,-41.4702097744987,-41.2808748425707,-38.4547441251628,-35.832591148863,-32.8791343044443,-30.7854786837474,-29.0801975811118,-28.2408048058238,-27.5511672055409,-27.2904185171762,-27.5103132909169,-28.2358550284806,-29.3134405913587,-30.6887148692293,-32.4850604522279,-35.4550834605877,-38.4517485489819,-41.1233142077528,-42.3140221683305,-48.6570571341265,-45.018780730457
-32.5658234208954,-33.2526762685263,-33.8298840038082,-35.0686323685917,-36.3840896304865,-36.7325665336187,-36.7688527746659,-36.6875940264122,-36.8172431242811,-35.5436326313395,-36.1141364491958,-35.2968305709029,-36.1666640755951,-36.5205979949116,-37.7812471208976,-38.4347487229871,-39.5035684132948,-39.3053606698842,-38.5121182293255,-37.0182002429142,-36.2420548899157,-34.6512099287675,-33.7511088559045,-33.5980492774787,-33.3931650842,-32.9714695301058,-33.1855926954827,-32.3109103224001,-32.5833534773564,-32.9732884821263,-32.9984963231117,-33.9320036629668,-34.1108980805681,-35.5455589200543,-36.7119969387446,-38.9696967061933,-40.4535811437592,-40.4812162015706,-40.5116423734195,-40.2123916294328,-39.827457544897,-37.9132551168399,-37.4236227288837,-38.6047398446177,-38.839360630208,-40.1512700823725,-39.7484805380279,-39.1378876063455,-37.8840224388691,-36.0705328501265,-34.2702126942595,-31.8440966315684,-30.2326559765035,-28.5991013508631,-27.8577456779888,-27.1361004073317,-26.8358449964674,-27.0650948671535,-27.771495893863,-28.588332754865,-29.9411822117429,-32.0548881049507,-34.9210181472226,-38.6064389338634,-42.8643313659049,-47.3180858039749,-53.2383259793049,-46.1012556563514
-32.0967089891895,-33.0810075131736,-34.5925294643082,-36.8621818473135,-39.3072544342788,-40.6285475130977,-40.0093120615351,-38.6062277518406,-37.1372786012267,-35.195309531794,-34.9458297878125,-34.2171575006368,-35.0995216093632,-35.0418961862243,-36.1734302000037,-36.441644328373,-36.6757443997464,-36.3692050483514,-36.3135370219812,-35.7006495728816,-35.4167146634754,-34.8437064493283,-34.4459390729467,-34.4901151610825,-35.0762366000233,-35.0192781204514,-36.0099662180404,-35.0835102254384,-34.257909663928,-34.8605991308897,-34.046543320651,-34.7421582464484,-35.0409271610686,-36.3136969407891,-38.3089549867282,-41.8777703165808,-45.0891968108782,-47.4799640189378,-45.1669289656649,-41.7647144859128,-40.8421617763037,-38.09503483409,-37.7857154363622,-38.8550655248501,-39.4775007657767,-41.5914854989481,-40.0435482892801,-39.0664726724594,-37.4840682324513,-35.5024422674293,-33.5952080098871,-31.2425785577508,-29.7948795069416,-28.2164237287631,-27.4165562021704,-26.7215527292657,-26.4445479646352,-26.6773286209997,-27.2785473858705,-28.0101854588525,-29.3089972772209,-31.60015406296,-34.2166260667752,-37.5960004206626,-41.3224261311921,-44.7527104172599,-46.6959748330892,-43.2618218954528
-31.565801831345,-32.7036731674862,-34.9224838840464,-38.0540552077314,-43.9863541092166,-55.9828002673909,-43.484293524723,-39.9194607818451,-36.9268385544085,-34.9461854447722,-34.0231122219624,-33.7758872301016,-34.4234555104422,-34.4467888077595,-35.3895568121612,-35.7313905132927,-35.6900435874222,-35.4471339446462,-35.5773864527339,-35.4091816595107,-35.1607670079997,-35.4634120101709,-35.5367260689243,-35.7698517133236,-37.3383438036278,-38.4248805347016,-40.5444613956373,-40.2330399267407,-37.1857172654816,-37.0787435323497,-35.3452715673054,-35.3169505086927,-35.8211362618095,-36.602259978974,-38.9131912355712,-42.7954312576708,-47.2163087677625,-53.7633171679562,-46.9549201719643,-42.2131736519985,-40.6453134134003,-38.6239945010905,-38.5519311350934,-39.0042917624004,-39.8762350579576,-41.3469304315864,-42.0631731434141,-41.6236106905321,-39.4812458711222,-36.252052092331,-33.7232826125183,-31.0983645216274,-29.5665848057907,-27.9869804158941,-27.0176092611481,-26.3807770169789,-26.1536720447599,-26.3581293981352,-26.8009185714415,-27.5642850028773,-28.8311047585892,-30.9573492218916,-33.3734782124931,-35.8505983515403,-38.4115783239683,-39.6822902427313,-43.0906515069704,-41.3136858956328
-30.908622200178,-31.9441256466251,-33.8260980464008,-36.5107403692632,-40.8018950822376,-42.5596893915661,-39.59783820396,-38.3047604552039,-35.586066560749,-34.5581140024648,-33.4577579861874,-33.8863747988088,-34.2203170697171,-34.7705902086045,-35.5672271028487,-36.2702143590717,-36.3247259638608,-36.2094765338631,-36.0977857744512,-36.0212052904624,-35.4913354337079,-36.2613501770993,-36.7425296796988,-37.1890747379675,-39.4124160384463,-43.5325616964326,-49.5410947621081,-51.7110242820857,-41.776462399977,-38.840914474051,-36.7843957820259,-35.6931791933081,-36.2905388994206,-36.4106274133169,-38.0893792311933,-40.3064014473913,-42.0185597812066,-42.504979436409,-41.9401403075119,-40.6359179674345,-39.6189418504312,-39.3375389083131,-39.5041118488767,-39.2032865536183,-39.8811388465727,-40.5380210903166,-46.356614501543,-49.8829320644098,-43.6945210415662,-37.6209511162456,-34.2101041451196,-31.1455695580596,-29.4424467935202,-27.8468993135226,-26.7186874170474,-26.1507273171386,-25.9709022661492,-26.1255780459189,-26.4544073220281,-27.2819105389567,-28.5876110786208,-30.366365010551,-32.6296644450004,-34.5268625261626,-36.6796070091933,-37.454609190485,-41.7153964303493,-41.316533902225
-30.2473763655041,-31.0180231238648,-32.1013943950584,-33.9388470204329,-35.5369393717203,-35.8336323684664,-35.6418460766311,-35.5936213884181,-33.8635656805142,-34.0686730288568,-33.3348423971238,-34.3745875752598,-34.497858791012,-35.8889132821404,-36.7689980851399,-38.1615591040909,-38.854783450326,-38.8624825396577,-37.852365992974,-37.3669375719439,-36.3221430249809,-36.8767674745659,-37.5361681497288,-38.1533738873018,-39.5289794458463,-43.7998851481963,-50.6404448913779,-45.4880991973563,-43.4897355324544,-39.0879129752149,-37.9796406069479,-36.0616103967957,-36.4754015003214,-36.1331977844682,-36.9924480665438,-37.9206673683935,-38.5847873654635,-38.8171714075794,-38.9728057729038,-38.9073197160954,-38.7487317862708,-40.0464665012502,-40.4596788192526,-39.7584616778375,-40.0455227762367,-40.6061299307086,-47.7512947833568,-50.8565410236344,-43.9135292200114,-37.9989748515779,-34.2453532792889,-31.0114699769229,-29.2221269194389,-27.6891438742803,-26.525602599901,-26.0321496559033,-25.8905066365702,-26.0142081538263,-26.3650021744592,-27.2501966339593,-28.6588753460016,-30.1700816200192,-32.2283193100433,-33.9912872400757,-36.1628934232813,-37.0334588975975,-41.6854280222978,-43.3683999739286
-29.8020954112909,-30.3008837196112,-30.8208210191077,-32.0150041435547,-32.5177025160882,-32.8131092952755,-33.4760286642134,-33.54377976247,-32.7185072454804,-33.6809623251022,-33.6849182005479,-34.9319473457416,-35.1536206759716,-37.3268512314993,-38.8325911034559,-41.5531418358169,-44.7162688038305,-44.5277818027546,-40.7534834734767,-39.0657027329603,-37.4060871030438,-37.1611886180644,-37.5444591658769,-38.228177429556,-38.2591507606139,-39.6172828770719,-42.4445606471623,-40.3401060736429,-39.8185527999714,-38.3635657952284,-38.3729743605884,-36.6298222644606,-36.5486552034991,-36.1416389627696,-36.3678537448144,-36.5739502093317,-36.8911217693234,-37.3730445100247,-37.757049037604,-38.1166655111501,-38.5435352512898,-40.6596076704947,-41.3730914416945,-41.0409071881003,-41.1414359377119,-41.9835355101037,-43.1905754982697,-42.1746316991034,-39.8126456196245,-36.5460369706323,-33.3467207394552,-30.5206427080644,-28.7835311893051,-27.4525596308944,-26.4099334333295,-26.0028359139174,-25.9095401528263,-26.0669821342454,-26.6156478784871,-27.5773040249712,-29.1173512280767,-30.6009046287625,-32.3914197015686,-34.2415881980123,-36.5267502966047,-37.6370234636054,-42.2216676408176,-46.9392341070433
-29.7667790891953,-30.0404897911514,-30.2928432789342,-30.9602295043498,-31.0585510814496,-31.5570930637029,-32.5503326045805,-32.4759869448563,-32.5407863924539,-33.6064241721348,-34.4437687919865,-35.2668213215827,-35.9746475596618,-38.1396938928626,-40.53542055403,-44.7522268282375,-57.7711170460215,-52.2719858484496,-43.3060812430574,-40.2094245401834,-38.2721729417374,-37.1839650287079,-37.0554534974879,-37.7513986185333,-37.3337856611957,-37.3774465225179,-39.0156783171681,-38.5303125756572,-37.6433698430071,-37.8984937377057,-38.0994638134718,-37.5147680814535,-36.7798997684531,-36.6201842119791,-36.3637344746875,-36.1823271017657,-36.4130853782359,-37.0879965814516,-37.6551525332044,-38.3385075462928,-39.1430009412768,-41.2667260398202,-42.3386441047485,-43.4297754161612,-44.0042748852932,-44.8842466945641,-40.9721470774523,-39.5191802017397,-37.309766256439,-34.6740929673537,-32.0214774818264,-29.8283194273032,-28.1972542778485,-27.1550499612073,-26.3371331876086,-26.0336936907999,-26.0324966236428,-26.3183452064032,-27.2128899181614,-28.3441122744584,-30.0354361585492,-31.7937614472351,-33.3711544399132,-35.2969992223729,-37.5135271588979,-38.5786989775651,-42.2236009609408,-46.3425703054718
-30.2605136273414,-30.3244235459608,-30.482426958555,-30.6957228155176,-30.7828520397526,-31.5299525255123,-32.5393903094171,-32.4669186456944,-33.4342222811485,-34.0563542142441,-35.4611321217481,-35.4858290741652,-36.768449415273,-37.9897434433057,-40.0554460357525,-42.8843970631459,-44.475281017852,-44.3914196264649,-42.3546090107155,-39.9509914789844,-38.522742020856,-37.0624267100071,-36.6422631194818,-37.2883312348225,-37.202926635372,-36.8163683943713,-37.4854668640064,-38.2727582224922,-37.2652206532544,-38.2172761526423,-37.9996232906494,-38.722023078963,-37.4799874245505,-37.6214376598261,-36.986222202468,-36.6407512454468,-36.8881505913603,-37.5075970057343,-38.2645374740325,-39.2688021323139,-40.4498703332849,-42.0464609268601,-43.4596028034361,-46.9526421134592,-50.7376459657016,-49.6128284978167,-41.1212416605759,-39.0101908550535,-35.9257438386266,-33.2703820190881,-30.880783969903,-29.1720427306385,-27.6347013414111,-26.8515836877496,-26.2830566954554,-26.0981631158208,-26.2567102039733,-26.7713745140559,-28.0552311444269,-29.5464551466388,-31.473311493743,-33.830182371999,-35.5393316722175,-37.4195813940556,-39.13927111075,-39.7655025841637,-41.3134008555877,-42.8269653847444
-31.3173100334435,-31.1281872744192,-31.2514879514496,-31.1365741888749,-31.5029508026696,-32.4966301751676,-33.3095066326539,-33.6392048735997,-35.4131137264514,-35.2954575412942,-36.6609838049724,-36.0829607956746,-37.5754441913226,-37.724822487772,-38.730467803901,-40.1529211091385,-40.2518302931791,-40.5144463883711,-40.1491211910573,-38.9055621097135,-38.3115695607392,-37.0197331305118,-36.6740892913702,-37.1520132309927,-37.7644930195034,-37.543830672367,-37.3142958646422,-39.0320222197067,-38.3393106602861,-39.4613679898633,-38.7375654465065,-40.2204430651978,-38.9536385795135,-39.1471482775744,-38.2862291334442,-37.9190859091994,-38.1503503133011,-38.4470347777672,-39.2836727317121,-40.3144978756841,-42.0189536507332,-42.9610079548506,-44.5524761677818,-48.7821183958912,-63.4355613727134,-53.9247664432516,-42.5971969278215,-39.0304566977394,-35.0076127783516,-32.4341120392334,-30.1227188364295,-28.6696497300639,-27.2179671361327,-26.5830186251863,-26.2297212727257,-26.1717441087728,-26.5448237065355,-27.3667773091723,-28.916477163475,-30.9858084449196,-33.3726246925508,-36.6471636549865,-39.6155291233211,-41.4328255655,-41.6776422682941,-41.8572968421987,-40.3836959750423,-40.8356590311073
-32.8504101492744,-32.3398853801433,-32.4192550765996,-32.2148211784604,-33.0659856178987,-34.2729967980151,-34.8692172779338,-36.2351060327997,-38.4231934522967,-37.7209260465159,-38.279969672304,-37.5736179899775,-38.6480427413744,-38.0485892048793,-38.1525416925612,-38.7683342634487,-38.695151988076,-38.8967189037911,-38.748625777158,-38.092319212307,-38.1013381245287,-37.3593807330685,-37.2972170033953,-37.4926428430916,-38.7890591696152,-39.3023368254033,-38.4861925100654,-40.6622858618216,-40.7788084054577,-41.7054782215433,-40.6831332712118,-42.0724994753104,-41.5093877216268,-41.2601085933963,-40.4468267695187,-40.0793735307383,-40.0356514957466,-39.826968333892,-40.4466586390265,-40.9450736391264,-43.005324395387,-43.4281744902748,-44.9387278421245,-46.822155594829,-49.0783812029035,-51.3724373676906,-42.3450532508862,-38.363834147572,-34.3881755918123,-32.0410014055585,-29.7000178090646,-28.3264053639542,-26.9745031162515,-26.3644422095012,-26.1582312544098,-26.2278725523505,-26.8087431076574,-27.9514704559689,-29.5254910515173,-32.1381141577797,-35.1924232792433,-39.4061267684206,-46.8527325213115,-50.3113297597704,-44.7551897736551,-44.6271796193983,-40.2041500179666,-40.2698306330579
-34.5736903967407,-33.7815365250247,-33.797811030664,-33.8526885025067,-35.2109504647564,-36.5553031249545,-37.3235858344375,-40.6364975762533,-42.3211105247991,-42.1348319224259,-40.9114736582828,-40.3793086437273,-40.1944915513434,-39.1644138755784,-38.5832284458605,-38.5066727139408,-38.4969093920506,-38.5046903409885,-38.2989427015782,-37.9874168421514,-38.2450324499788,-38.2790204484086,-38.5135439166803,-38.3926980299906,-40.0153366792785,-41.673316917996,-41.2249967648904,-43.3627507960471,-44.9768858256068,-45.0972221759313,-44.1375133811355,-44.4279455822464,-45.5220200467032,-44.3278596908521,-43.9629926391998,-43.320617903133,-42.3022995323752,-41.3814028096763,-41.4294936345019,-41.2124434475549,-42.9206069077423,-42.934579673712,-44.3966695395037,-45.4199614241234,-46.0939592762471,-48.9084941394214,-40.3474334110601,-37.4702943742274,-34.1579187132723,-31.8927387098994,-29.488884491718,-28.104355371097,-26.8706664976529,-26.202181996151,-26.0599847357905,-26.2407060092377,-26.9390871418668,-28.2962972785599,-29.750307422584,-32.4325407314932,-35.7185387866192,-39.9445670618717,-46.3547658378884,-50.8810211690453,-45.541295875626,-44.2821538082665,-41.132482626597,-40.717446544769
-36.024814802325,-35.2746375781684,-35.251902696435,-35.9128494273386,-37.4528264140969,-38.8100611550147,-40.6610689836835,-45.9212932288901,-47.0805313663495,-51.5815043291851,-45.4148503069883,-44.7127022283283,-42.1409273638861,-40.9936616239335,-39.8390088279249,-39.0752108881818,-39.1741041567843,-38.9949433796896,-38.7639712028435,-38.7963818505335,-38.9932986152432,-39.7708918787813,-40.1897724100849,-39.8395029655984,-41.2017953177926,-43.6688448490276,-45.4464518750902,-48.0789609132162,-53.451945015008,-50.1718230890741,-49.6287046071814,-47.0933462159897,-51.3448580849917,-49.7580990695992,-50.5511741391235,-47.7394258692284,-44.4558962455551,-42.3977295870107,-41.828761788569,-41.3334033523702,-42.1971091706017,-42.0820180475107,-43.795283238131,-45.7879498518863,-46.6164460687443,-48.4031876567261,-39.5506686336028,-37.2477901058175,-34.2533383889762,-31.7786328215183,-29.3923202633173,-27.9774327237816,-26.8638459521182,-26.1128422163503,-25.9562065749961,-26.1987759921983,-26.8812140563481,-28.2333649517636,-29.635789834205,-31.9542191512199,-34.7879165874297,-38.4778566716664,-41.9149999994103,-44.5416127700536,-44.8844800045648,-42.5854643964182,-43.3895848366592,-41.7649124316091
-36.9405604078665,-36.714379707879,-36.7557899834697,-38.1477899098919,-39.3587926115873,-40.6579019747691,-43.8200619001422,-45.9219956021481,-52.5709943906296,-56.3516969195081,-50.3078531844933,-48.5456128460493,-43.9548962564855,-43.1724198132326,-41.5416770209006,-40.2977381997954,-40.5009650346981,-40.2887027572877,-40.2331001499756,-40.7049317055486,-40.6165029981772,-41.6976915318855,-42.0567664959419,-41.6625941918405,-42.1931016313849,-44.271274763308,-46.9018481541496,-55.4576273908271,-58.5131012739755,-58.1869614844232,-57.7159554843634,-48.752762825683,-54.9006287988869,-60.1329695910479,-59.7784908397829,-49.4151167037569,-45.3639897290903,-42.2759744109653,-41.4428837057599,-41.2075764431017,-41.3515268511103,-41.5674096828575,-43.7237846143965,-47.8059749371322,-51.318901300664,-50.1198554033117,-40.4638812091065,-37.6356307967392,-34.3283150668176,-31.6129193917346,-29.4061483180535,-27.9607378939411,-26.9419454007551,-26.1290628775421,-25.8971702488441,-26.1196486130948,-26.6823743370823,-27.8131449494609,-29.2442094880409,-31.1641492390991,-33.5100333987124,-36.7967401502037,-40.3279753955626,-43.6475050057172,-46.8668640050007,-43.6477328135546,-46.2266063071012,-42.6634333436023
-37.5083311719613,-38.0252252841618,-38.3694902976861,-40.2446145183635,-41.1822176980356,-42.5487620313613,-44.8953608764818,-44.979581715316,-52.7567690083407,-48.0098592148172,-47.2334275690668,-48.0650606834137,-44.9903063386015,-44.9965020092625,-43.2942804968517,-42.1592475770273,-42.4266444102569,-42.4765904908053,-42.9491478300507,-44.0071382301389,-43.5108026967594,-44.108658824954,-43.9202089439848,-43.6477296074993,-43.0025973843034,-43.9350773144943,-44.4000460763751,-48.3429946445256,-48.3087259317421,-52.3225910859249,-51.3041573477366,-48.2713045088267,-49.7950761166967,-48.4624852195307,-47.7480289179902,-45.3328816249424,-43.9670166004479,-41.3235820525264,-40.468974787511,-40.6468635486213,-40.5076770985913,-41.3174016099153,-43.7258698757484,-48.7921103272973,-65.5030570224478,-54.2058790040811,-41.4477679637189,-37.6704393762449,-34.168067180966,-31.540983927808,-29.6223248518802,-28.1131665077008,-27.134247651422,-26.2900746769506,-25.9376242974385,-26.0494746249674,-26.4498358951724,-27.2525740781897,-28.6194543686808,-30.2659175604503,-32.3396969642298,-35.2222226069475,-39.2820530067597,-44.5721435450117,-55.347703684849,-51.5998195317348,-44.9930923752082,-42.2632169331662
-38.0007994900071,-39.0660729050358,-40.0701015143396,-42.0034360078893,-43.6836484397616,-45.5067765359865,-45.7945984390919,-46.6854446545856,-49.9095331795216,-46.4544881080023,-44.572899659838,-47.1720034407331,-45.4494537771199,-45.9438264338891,-45.0746300518707,-44.8674667067358,-45.1289434370568,-45.8459087619433,-47.3492362090356,-49.2122828474615,-48.5005432523855,-47.630678888052,-46.1232831994557,-45.9025503438566,-43.8341909705683,-43.4846667590019,-42.8974853654892,-43.1793626682292,-44.6949468090816,-45.6921626952348,-44.7425291170765,-46.1109889639141,-44.7534189549876,-42.9364238075569,-42.7302148721068,-41.6358213441301,-41.2589857118599,-40.0259350903472,-39.2262000358046,-39.6011634817994,-39.5054672821305,-40.7191619564341,-42.6038029397997,-45.1152526151314,-47.1018183177055,-49.0164188011222,-39.9109480110131,-36.9692639276927,-34.1481690896497,-31.8593001435862,-30.1795350646829,-28.5179471823286,-27.4932465102826,-26.6232459787898,-26.1116943460596,-26.0437459126069,-26.2786089719949,-26.7618831657557,-27.8902918790251,-29.3038753046449,-31.1946183071576,-33.6200504497274,-37.040310608851,-41.5021839664843,-45.3615007763195,-47.6758025900055,-41.2688837020173,-40.4918899389835
-38.5722232932206,-39.7660404296449,-41.4895918904059,-43.2944264894989,-47.154443634952,-50.3888476332432,-49.8996743877589,-51.4560164285598,-48.8389214718931,-46.8339011852063,-43.9327207706364,-46.7275919520228,-45.9738544495654,-46.3158175019491,-47.2182881231477,-48.9279639589217,-49.2516749241655,-50.9990060385748,-54.0166046889942,-55.9986085602404,-59.3614891333399,-53.8402396820511,-49.5837087282056,-48.2733731630703,-44.8423923185828,-43.1092049858706,-42.3863065350317,-40.6082237288325,-42.6411372698211,-41.8001404673123,-40.9414168488807,-43.0024109057418,-41.1032367198299,-39.9389451819976,-39.7512733669695,-39.001886974238,-38.6346657603997,-38.577632328889,-37.9359152048569,-38.1753093396837,-38.232914642434,-39.4406143093334,-40.4046570167772,-41.2629110116994,-41.6379079751693,-42.5837904013085,-38.1473387828586,-36.6388298533785,-34.9334888058991,-32.882934581896,-31.2103538130563,-29.2482743609132,-28.0576826423412,-27.1226672069042,-26.4213436686919,-26.1419103570978,-26.2196234209508,-26.4657848912114,-27.2677780903067,-28.4162810501624,-30.0778337915011,-32.0776208579924,-34.4200525184503,-37.0797646598605,-38.8885793983317,-39.1554752924883,-38.587945118982,-38.4859584923454
-39.4200476178492,-40.3422352725796,-42.0821824502794,-43.7369990324247,-47.7308750712226,-50.3439728020916,-71.8858265858406,-52.4353861802746,-47.3462274217486,-46.9447563138242,-44.3127091778444,-45.4218432284899,-46.4899473154278,-46.6534153916141,-49.6476643053173,-54.9979548117044,-57.3239377991539,-59.0537685507156,-61.0988845605558,-55.8735692019564,-58.7832294974219,-56.8681728466593,-52.0491137928676,-47.6313025702693,-45.3853570265578,-42.6721623703952,-41.8896489797897,-39.5278715880016,-40.9504824647203,-39.5464369249319,-38.9453907994344,-40.1705354148878,-38.7896231401123,-38.2688413675476,-37.8530884274092,-37.2139322825085,-36.6590686668754,-37.1208378841909,-36.7290595422531,-36.6626488245804,-36.8701055607214,-37.8370306223914,-38.2310390687429,-38.6258382234736,-38.8314659616821,-38.8639653603244,-38.0182665203841,-37.7465328509858,-37.2189092236236,-34.9048364853566,-32.7850385557107,-30.3129970320567,-28.8031814902198,-27.7270783344588,-26.8328098381891,-26.3489536593154,-26.2846132886838,-26.412421629604,-26.9402826716256,-27.8306950112407,-29.2280172417298,-30.890607186,-32.5621581161368,-34.3347134608478,-35.7608282661894,-35.6508935814227,-37.0588276814648,-36.9840313362379
-40.8606025815017,-41.1285775981687,-41.9748317148532,-43.0751311761685,-43.9292512150323,-45.0414562103707,-47.3573363508542,-46.926929609429,-43.9490629920059,-45.1046324554652,-44.4640302882114,-43.3231314947877,-45.7546524376419,-46.7403351878772,-50.1095299383375,-55.4464552756081,-60.8127262997397,-64.405558376053,-57.9382137671764,-51.8624651917478,-50.0823448075342,-49.3250663928067,-47.1074059769108,-44.2852279673573,-44.0942353941081,-42.0347178491385,-40.9806640652933,-39.4329408686852,-39.5104458074864,-38.5225887775956,-38.3399743279408,-38.3613573622286,-37.7338069554586,-37.5829571081676,-36.8542020644953,-36.2309720718462,-35.5031426179728,-35.8550037350732,-35.6879843258384,-35.3834225147539,-35.6933017132706,-36.3487626537215,-36.6133746588927,-37.0376168848946,-37.4821263405363,-37.0629245203723,-39.6983646021368,-41.1949537405079,-42.2745609437401,-38.067141451844,-34.7445130793705,-31.5571222100406,-29.5886149082325,-28.3053603380095,-27.2723712020233,-26.6283354798459,-26.4580820221774,-26.595326798248,-27.0116480032147,-27.7442981910033,-28.934661814832,-30.3644093536809,-31.7866110292649,-33.1804358717547,-34.4595630912501,-34.3121980911721,-36.4062561298542,-36.2327400506181
-43.1669946914318,-42.2095034241309,-41.706646961117,-41.8161915498014,-40.9394957730015,-41.748873266833,-41.8070949785222,-43.3038071559565,-40.7907593405069,-42.1598450320779,-43.1642460310214,-41.2407311612244,-43.2714004808473,-45.1484578895161,-46.8086921259452,-49.1865473201239,-50.5266757796132,-54.1226663310641,-50.3228260924143,-47.8680061447595,-45.8251641360874,-44.9174014348958,-43.0858573825848,-41.857346387301,-41.8633333683558,-41.2627365547837,-40.0443700978693,-39.8972686988387,-38.5989956947271,-38.4610902073218,-38.8093313842031,-37.8036901680469,-37.9536552361964,-37.892064120461,-36.857145227812,-36.1253433816261,-35.2115763841725,-34.9701529677859,-34.865374464983,-34.4930341434195,-34.8381547395927,-35.2224790193967,-35.6735326694777,-36.3688819897292,-37.223526203016,-36.9494579700211,-42.1704725485864,-47.927967551344,-54.7558721273523,-40.9948047673467,-36.284171215885,-32.5468592231293,-30.1521836631123,-28.6806558602943,-27.6258789420591,-26.9073566838608,-26.7014861605337,-26.9615309959902,-27.4894235501325,-28.2686051965152,-29.4246889997622,-30.7726600057156,-32.2145334314393,-33.4410026783626,-34.4805842182768,-34.3768689896467,-36.3490861423949,-36.2678376461952
-45.7510930563516,-43.1340625111633,-41.3789031539322,-40.6184302142488,-39.3375064678588,-39.9595171695089,-39.266814159916,-40.8722888167559,-38.795531914222,-39.5171607168388,-40.6934322785508,-39.5034965748291,-40.4666377720217,-41.9847752817561,-42.8507228627264,-44.3240046716052,-45.3111843633613,-46.6160718326852,-44.8198538838722,-44.5196562480641,-43.2687995917958,-42.4074615081625,-41.2562545268104,-40.9959402460348,-40.436189571187,-40.6667708135705,-39.5336020910787,-40.3709882894886,-38.2947539656584,-39.0156889905282,-39.9255117552577,-38.5720146320467,-39.6914786321519,-39.569298368114,-38.1699211679014,-37.0029745152643,-35.7253702843153,-34.5601932047438,-34.2831561369481,-33.9732009298891,-34.2952666735871,-34.5733625894877,-35.4196591203092,-36.5662708182956,-37.937863702843,-38.7092879008297,-42.6670996781081,-46.5966301786234,-45.9528330998512,-40.1893369603012,-36.27199044198,-32.7611608326898,-30.2595911924618,-28.7225442913746,-27.7650341691132,-27.0970088503267,-26.9506982158345,-27.4075503555048,-28.2568304780692,-29.3940618618113,-30.8703800051831,-32.466447054702,-34.1622093314602,-35.1989882784447,-35.5917349463024,-35.4818747494953,-36.5299082039937,-36.9169315378843
-45.6091339059627,-43.0926622673298,-40.8701485208763,-39.8148338804329,-38.8708021652493,-39.1969072859164,-38.3308377311743,-39.229548991001,-37.9327364008272,-37.7636655953076,-38.3193027663216,-38.1909862381767,-38.2284072705584,-38.9776145305865,-39.6167697986905,-40.5318668504277,-41.3762459430052,-41.5580944611645,-41.1964030470458,-42.080504721118,-42.0136410027515,-41.5198819414108,-41.4541355903482,-41.90279785958,-40.6098681294255,-40.653177747347,-39.6982246223954,-40.2243790910099,-38.3836204552211,-39.5909176117824,-40.9724793099943,-40.5051646218592,-43.7079312053971,-43.921011541239,-41.3407636942593,-38.7574784264677,-36.6828444330292,-34.5546130680595,-33.9210212457017,-33.7090309704507,-33.9803468111467,-34.3651339374544,-35.703041554012,-37.4518861408088,-39.5061696939655,-43.0938068657276,-42.7525487118712,-43.4289978909483,-41.8280413242552,-38.0959344859281,-35.0980699960608,-32.1905438547343,-29.9103373218256,-28.4410165113599,-27.6170469939532,-27.1240945017412,-27.1182743410773,-27.7772159459228,-29.0027239011784,-30.82013346518,-33.2554371835803,-36.1025056167739,-38.7866974930083,-38.9392799335442,-37.4909671085983,-37.2560135087802,-36.5295592581051,-37.5720589411052
-43.1298877169676,-42.1042089306196,-40.3576602491523,-39.5447903033536,-39.35471099373,-39.2590593021012,-38.5780228501174,-38.4078247276091,-38.0739203790818,-37.0735156222371,-36.7680052408265,-37.3199887381343,-36.7199365435015,-36.7821896639225,-37.1968168567794,-37.6267427876436,-38.2120422428804,-38.1540257594303,-38.7986220744293,-40.2244696804374,-41.5319461826789,-42.3329260539684,-44.1955871038893,-45.6241245224566,-43.2176430186183,-41.4619663702792,-40.4815204872898,-39.2131161080815,-38.4682043586938,-39.394101201031,-40.8618171647007,-41.8765948472305,-48.7818862688655,-60.8402958038463,-44.9044190214948,-39.9375111858509,-37.0817994393773,-34.6770816408464,-33.7147348043106,-33.566092572525,-33.7723256742177,-34.3416193876228,-35.9937662064603,-38.2241811000592,-41.0577259306483,-47.8681898104169,-46.4855963407709,-44.5655562039485,-40.8468756775557,-36.5971338616505,-33.7300057098871,-31.2685918379013,-29.2997245961093,-27.9659350410435,-27.2306242661588,-26.9642162015928,-27.117670251197,-27.8933754039005,-29.2584313175773,-31.6308185243641,-35.2035709464366,-41.4031758719144,-56.9324749232629,-43.833884749201,-38.8862212106176,-38.4599352144032,-36.1061965050847,-37.3221076136251
-41.1205530681428,-40.976024850519,-40.1914907311722,-39.8903292499232,-40.6524912845905,-40.122914016231,-39.9398400137167,-38.608982011992,-39.1484556258337,-37.4812300133205,-36.2529635244599,-36.8801650226085,-35.8960543953421,-35.4077003626132,-35.5064962559466,-35.5378985475313,-35.8192014532418,-35.9142133725532,-37.1044443416482,-38.4474563490411,-40.5394977134567,-43.7451273635005,-49.4627802037366,-62.5917523971117,-49.4750319874677,-42.2573517009874,-40.6549560471899,-37.700854791975,-38.064568035223,-38.0677963422562,-38.9704972507515,-40.0129964466673,-42.6711911536035,-44.0067977079218,-40.8932651939933,-38.3172834131369,-36.1634267286562,-34.5766930685812,-33.5857741856113,-33.4465879453555,-33.5538259108531,-34.1469701596707,-35.5684451563908,-37.5849560183922,-40.3343543386634,-42.3629626919439,-63.3004378504789,-46.6696999967824,-39.7348895504314,-35.2066700714263,-32.4152965492925,-30.3182551947188,-28.6337272998914,-27.4534433530688,-26.7580733198689,-26.6608092119278,-26.9149347217431,-27.656572864422,-28.811854376735,-30.9819196342722,-33.866049442661,-37.696562438116,-40.6695842553594,-39.7790789801881,-37.6582712657365,-37.1529342416217,-35.3781871825213,-36.1792524595438
-40.0209281654513,-40.200854044293,-40.5078128834631,-40.8835695379536,-42.5711380285843,-41.9662652801822,-42.7029031709692,-40.196969095766,-41.1672817396615,-38.8904522135504,-36.7484534701978,-36.8494460072503,-35.6602669112289,-34.7458865778996,-34.4807132803459,-34.2189562676443,-34.2247109915412,-34.5218265131208,-35.7214491520483,-36.5459027300729,-38.2238767817851,-41.0675552659891,-43.4812666446018,-45.6296802514876,-43.8468254040528,-40.407327325668,-38.4942814377057,-36.1465783699992,-36.8065322863682,-36.1230251014742,-36.3514742242158,-37.2338979702463,-37.81367843183,-37.8202120043616,-36.7331938887949,-35.8399223044188,-34.7588844864425,-34.1952472768484,-33.5044127246842,-33.3351717067619,-33.3168949351457,-33.746088318352,-34.5642720263819,-35.9519687994891,-37.886406779864,-38.616769569065,-42.268099317845,-40.5290051318579,-36.9487260545214,-33.574031197714,-31.1706346885468,-29.4845489316957,-28.0627427148615,-27.0332918678774,-26.3720804619021,-26.3191712617003,-26.5739094472723,-27.1501650779322,-27.9904004229905,-29.5471113049632,-31.2553032789205,-33.0595948497623,-34.5221409497036,-35.1998699466625,-35.1731737458772,-34.6970381475788,-34.6416090634919,-34.9889555270052
-39.6752601196911,-39.8978437675877,-41.0916289179236,-42.330010819899,-44.5208669086713,-45.295675367456,-48.0850202117207,-43.90902849834,-44.1571687610999,-40.7414668537777,-37.9812641910718,-37.166489397362,-35.9042051913532,-34.7274624129471,-34.1184468501341,-33.656147472712,-33.4251134003952,-33.7667734500272,-34.4852384214292,-34.7507662948016,-35.6223940762431,-36.7625302844289,-37.7509013808652,-38.6212427953728,-37.6513823494913,-36.9705008177024,-35.5619749348525,-34.7908008544445,-34.9877201023716,-34.3093740200728,-34.1980219488516,-35.1990160284845,-35.1119111776743,-34.8767091281649,-34.5200278968533,-34.2235201424159,-33.811481212093,-33.8486432394651,-33.5485841690492,-33.3424676475148,-33.2430124575708,-33.5135487413757,-33.7944746030975,-34.6362789391811,-35.8372340760188,-36.8070324673439,-36.8410321872985,-35.8896133012635,-34.2385132201417,-32.0721120917622,-30.1576077934974,-28.8757591586556,-27.7009476297762,-26.8051033786888,-26.202683014354,-26.0749941397185,-26.2440862334084,-26.6119219536506,-27.2542369432602,-28.2936358437568,-29.3995159136173,-30.6005946976445,-31.7497726711132,-32.6650218292249,-33.2710597735427,-32.9240598139597,-34.1568621137845,-34.2858666443623
-39.960406838956,-40.0592160775878,-41.4912957645938,-43.3348488548804,-45.0354648339015,-50.0311020448682,-59.4882767036013,-49.0973298264535,-46.8698693795219,-41.6074272580791,-39.3043757174838,-37.6851624271889,-36.567836114816,-35.3932847549198,-34.505907712485,-33.8819023956162,-33.4032967487902,-33.5208588570405,-33.4767477637358,-33.3546282554142,-33.5903821102076,-33.7593540775065,-34.4236187718721,-34.8844096353917,-34.2818007107475,-34.2331581443728,-33.4036807640352,-33.7434805103208,-33.3647570474906,-33.0960899454933,-32.9581873890452,-33.984860245399,-33.7643522738045,-33.58194760551,-33.716017047879,-33.6739513108255,-33.6569921892812,-33.906632229975,-33.9148128260335,-33.709333172619,-33.6324973852397,-33.8282437802396,-33.7539847551998,-34.1260594847856,-34.7045510713032,-35.9438587846011,-34.4061098312551,-33.5836667036896,-32.6276805974622,-31.1863172438918,-29.6295881646845,-28.6186636953168,-27.6422381701811,-26.8442927373809,-26.320149311244,-26.054078074928,-26.0988675543794,-26.3001770941583,-26.8777102861852,-27.5919944555754,-28.4797561900272,-29.5349924916992,-30.5768100675436,-31.5186714801454,-32.3324022969681,-32.2337280554022,-34.1093114483981,-34.2828492538716
-40.8722365828765,-40.6558984092501,-41.4579617151682,-42.7259356935385,-43.5121043492948,-47.2357781807853,-47.9979659717492,-44.5816340592856,-44.9010205874276,-40.9835500540762,-40.1302982573049,-38.2796921460742,-37.7484242908803,-36.9583726751848,-35.8502749244417,-34.9872601629445,-34.1283790411431,-33.7041322492313,-32.8539057698183,-32.4781208958789,-32.2739564464052,-31.9940923598623,-32.444396882088,-32.634610674778,-32.4267349157456,-32.5437208569446,-32.2636673115095,-33.1037685195485,-32.4705426775624,-32.7105873030829,-32.7464599479314,-33.5340504561503,-33.4595699196164,-33.466076125194,-33.9769695822953,-34.1098538915534,-34.3873295337366,-34.6454896752695,-34.9030442432659,-34.776359365722,-34.7964050035556,-34.8617125705275,-34.5543512077583,-34.4322878931169,-34.429379108747,-35.5167581332759,-33.6625812116999,-32.9670027674884,-32.2631238731939,-31.2004036829689,-29.8128228169921,-28.8467801185001,-27.9606090494218,-27.2008855838617,-26.7390938409994,-26.3424317088099,-26.2790583313778,-26.4050833787547,-26.9825505461322,-27.5353706565798,-28.3996506680578,-29.4790565401059,-30.5113651713493,-31.4534309793176,-32.3460975163919,-32.6137712734449,-34.6203231243785,-35.1253184220604
-42.4970625889711,-41.6021852875705,-41.124293636606,-41.0899631363637,-41.3625185398118,-42.0792056936989,-42.4029161639515,-40.231443813761,-41.1111838237316,-40.0734392080335,-40.6213175900546,-39.1214986472932,-39.7957030459216,-39.9600476101032,-38.5879693088534,-37.1151938622664,-35.495517723757,-34.2068228834725,-32.6850021356592,-32.0862178020279,-31.5791159033332,-31.1463255213124,-31.3326776662164,-31.334659795262,-31.5310040671208,-31.7537388592375,-32.0490366572823,-32.9861751795597,-32.5502089140693,-33.2944208160815,-33.6300024551594,-33.89887996936,-34.0878171860027,-34.3262513199927,-35.0489595955616,-35.4035966735992,-36.0356558563616,-36.3216918862388,-36.963949859609,-37.0290575911993,-37.0355034215747,-36.573067227179,-36.0531988106629,-35.3887936387589,-34.8564535317715,-35.3494077009946,-34.2151877898313,-33.8217584400801,-33.2307991978734,-32.3302572812135,-30.8985075604714,-29.6779207549603,-28.6980249876647,-27.8881616912523,-27.4229073539672,-26.968921649035,-26.8642533285811,-27.0331594958618,-27.6267182931939,-28.1696247752763,-29.1166486960704,-30.2817329525878,-31.3792290363836,-32.3366459337353,-33.235196814158,-33.9754914083558,-35.7255956530427,-36.9488733149334
-44.6015009396064,-42.481126876574,-40.5592570376146,-39.510849084896,-39.478310582407,-38.8989784288077,-39.2893749835967,-38.1503357623226,-38.4392468814124,-39.4296689148034,-40.8093261837745,-40.6608795295623,-43.2939309085173,-46.0337006611615,-43.7220830848805,-40.1897863230946,-37.1077214022613,-34.782955210503,-32.8804833962437,-32.0513805263391,-31.3674563067312,-30.9539682040149,-30.8379190461414,-30.7472409174784,-31.2918175502009,-31.6601278246324,-32.5862385788713,-33.4796853828076,-33.729463440726,-35.0260129193956,-35.7690743665577,-35.2552769283641,-35.6450963450975,-36.0256061356058,-36.6313170726384,-37.29493821637,-38.51579558105,-39.2388282492272,-40.9981939337209,-41.4527505815401,-40.5482757254718,-38.6435970980625,-37.8006617268224,-36.6899063198155,-35.8071477699379,-35.4859037761711,-35.9497723010704,-36.2525001341211,-35.8729458688722,-34.9357663595515,-33.0768648261637,-31.1698317349202,-29.8243862928162,-28.8551544988212,-28.2838454517617,-27.8897181126257,-27.8529124862452,-28.2061184110572,-28.8447893097678,-29.5675990108177,-30.7000245660195,-31.9691211948482,-33.1614316147383,-34.0917093663796,-34.8605891714682,-36.1582280244586,-37.2777520583614,-39.6268090641226
-44.9613992368505,-42.2309940360718,-39.6421282666843,-38.2620710295125,-38.0266897346235,-37.0842112731024,-37.4048357116042,-37.4451706538876,-37.0381909407581,-38.9698950754406,-40.193031304818,-42.8589209273387,-47.2166174133469,-58.3785570557654,-49.2964141886866,-42.1395116841122,-38.004065708978,-35.0669911472746,-33.2091462141709,-32.2235432239599,-31.5115876316233,-31.2068423612516,-30.8303176706451,-30.7614701200775,-31.5240917093758,-32.0643880771458,-33.6031399528383,-34.5544327616935,-36.0432134742546,-38.2566552569331,-39.6518494114543,-38.0044049712832,-38.2104773248972,-38.3420471453024,-38.2874402030087,-39.1791234787382,-41.1163531285666,-43.146489475398,-49.3619110073317,-50.5564862808624,-43.9400308089452,-40.4021876010073,-39.1195074724906,-37.9526835643352,-37.1189411967476,-36.0888629181916,-38.74122967471,-40.7220447124882,-41.4413739738975,-39.8943651471558,-36.3791774006609,-33.1416196014506,-31.1448147844974,-29.9407429955287,-29.1862073393721,-28.9671901240599,-29.1234991860925,-29.8159010382595,-30.6238447916354,-31.8376223297891,-33.4102926279901,-34.8579823539694,-36.0150198232499,-36.607419371132,-36.941532619266,-38.8263305978599,-38.7815297405832,-41.7217239526004
-42.0727114706957,-40.42867010036,-38.4250762002501,-37.2929844102766,-36.9890474786532,-36.2459098007412,-36.4112517338138,-37.5228906523869,-36.8067586013889,-38.6838203247761,-39.1972549971183,-43.2936585033899,-44.7015734718965,-45.4843807448153,-43.4109957664765,-40.3768695541955,-37.5586409799019,-34.9052243310562,-33.4569976358296,-32.514764456812,-31.9201508896875,-31.75166645965,-31.2740782496886,-31.3520484442747,-32.1475838878266,-32.8335509848702,-34.7209175340821,-35.8783250068226,-38.9789994844854,-43.5331767108474,-47.343768960369,-43.3515555580202,-41.7714042017791,-40.6048622598867,-39.4537174953687,-40.1411148405297,-41.8510291797567,-43.7085691749011,-46.2311406994013,-45.801243920253,-43.0766435132514,-41.2765261221366,-39.7457126301015,-38.9573867911013,-38.6917300010151,-37.4314570391226,-41.5442521323349,-46.1528164028418,-59.6886466500602,-47.1958727443565,-39.1829135242077,-34.7371002898705,-32.2192189096478,-30.8556803726643,-29.9662480388614,-29.9573910323786,-30.3714355617133,-31.4788655655113,-32.7161834356268,-34.9130521985527,-37.8419355742799,-40.1685552189047,-40.4293097221366,-39.5098430133702,-38.9550797483725,-41.2439841871801,-39.6024587543655,-41.4886089970218
-38.9243191799142,-38.1948597023055,-37.2073498769959,-36.5828741311398,-36.3412404847833,-36.1743458156312,-36.2302411655975,-37.8981813260056,-37.6801511068424,-38.8220510836602,-38.8649444185973,-41.2097686972404,-41.3510383574622,-41.2663982600352,-39.7693070039759,-38.1706530952156,-36.5725812491994,-34.5794459620387,-33.6455139791638,-32.9373070155844,-32.546620360067,-32.5111242582458,-32.2164114026498,-32.573134401643,-33.2155590525958,-33.9985264624568,-35.6820651387598,-36.7888163954794,-40.3973130054512,-46.3014913047225,-56.98851612507,-53.7612135708798,-44.2324638683785,-41.2774910383422,-39.6164596136443,-39.7744626415123,-40.3692685715574,-40.7361726980033,-40.4585425097303,-40.643853476049,-41.0253886403544,-41.4307174761344,-40.0225719575888,-39.7707332868216,-40.4163095821977,-39.9421131594425,-42.1440475124046,-43.958082069207,-44.8270403751925,-42.5479276483434,-38.3570089262331,-34.8821573646274,-32.6255450707811,-31.3172391204448,-30.4722850299327,-30.5583411635748,-31.1191076304036,-32.4068099896499,-34.1382300759944,-37.1558648880043,-42.6899035166075,-58.6435708441742,-45.8774074325622,-41.412267767741,-40.1283550193942,-42.1210611680479,-39.8148182499091,-40.8180054905226
-36.6718337293255,-36.3815127332068,-36.2501577729938,-36.1740135756288,-36.0952392233813,-36.7185576043219,-36.8852085716868,-38.372878389418,-39.577377333931,-39.7502685764462,-39.8082524952319,-39.8166603199837,-39.973246265288,-39.7550745990789,-38.3558849017019,-37.0570599024947,-35.9214080780644,-34.4943851269031,-33.9863210486192,-33.5441808537074,-33.3704598116687,-33.4816294502766,-33.7645816739018,-34.5681714428508,-34.9597751557865,-35.8220704690685,-36.6801589974537,-37.1469249296898,-39.7085919190398,-41.8447867691895,-44.0312000924073,-43.4968147606996,-41.6889651904682,-39.7925950110997,-38.7340798226546,-38.5594844097032,-38.5336207230285,-38.6694181334964,-38.2387291410331,-38.9028646048983,-40.1705130279497,-41.3091061336347,-40.3098962640197,-40.5222542320597,-41.9090716654939,-44.0707475584103,-41.8309379060298,-41.6864037235724,-40.8410237352555,-39.2056485931939,-36.7564688522809,-34.1943641873876,-32.4635403652964,-31.2846853142761,-30.6031908696171,-30.5624797668513,-31.0139765474006,-32.0176987378556,-33.6537914478348,-35.7820362010702,-38.7435709126403,-42.2292133842236,-42.6522969234719,-40.5810318463374,-39.9428210073191,-41.0604591847527,-40.0471834353611,-41.1492036692397
-35.2975474157613,-35.2089777774293,-35.645978860579,-36.0688766637836,-36.2890385254713,-37.6875706165869,-38.4367005892207,-39.2588124951296,-42.2695565653023,-41.8996496452018,-42.3973147754908,-40.1144154872369,-40.2216175509461,-39.7386880721263,-38.3679791224856,-37.0492299812792,-35.9413045489205,-34.9052780539505,-34.6447264090554,-34.339763053558,-34.3504304619795,-34.6753969882702,-36.0069662978216,-37.5849001146454,-37.9096360559532,-38.9002316390157,-38.2781186715371,-37.801425768298,-39.0507458254577,-38.7319123801745,-39.4385154696495,-38.1356311664063,-38.1901036273164,-37.5992377585652,-37.3441337661207,-37.1868499935794,-37.222898696075,-37.8533113080223,-38.0111006780907,-39.1721952486772,-40.5100746600041,-41.2398279761764,-40.851266099967,-41.2531552378165,-42.538639393626,-46.8833174852725,-42.8388684254199,-42.4151574739664,-41.0172495927122,-38.8271597728012,-36.3119914816821,-33.7312848472999,-32.1114543496323,-30.9253270720367,-30.3236941598514,-30.0008848337733,-30.1847591303533,-30.764730782117,-31.9603217197861,-33.2554944133395,-34.6337085239749,-36.3352713988075,-38.1357830550816,-38.5033223952273,-38.9567926943911,-39.436901805937,-40.6530074637532,-42.3501069202111
-34.6560850530674,-34.6612853956214,-35.3601600387838,-36.1531978457874,-36.9170971086418,-38.7440341539694,-40.8096703319209,-41.2387525688537,-45.3682506215909,-46.0353006687997,-47.1017584503939,-42.113472151555,-41.7617394789693,-40.798153578856,-39.5009769090828,-38.0526861027982,-36.7401242699786,-35.9223438244862,-35.6381650984001,-35.2547833285486,-35.3775392519432,-35.9908884202152,-38.6174720070017,-41.6384301714103,-43.348115561438,-44.9253791910172,-41.1092987596316,-39.4965765051433,-38.6205623383021,-36.8254621338445,-36.5636320940283,-35.2546171944699,-35.5860231286677,-35.6397061064305,-35.9654616499784,-36.092571818262,-36.6351375404638,-38.107796698815,-39.3722103692763,-41.172824848099,-42.0358345706115,-41.6260566268886,-41.8003080422893,-41.9504554543444,-42.2703713495684,-43.5584749508101,-45.6964809677323,-47.6032659176836,-45.0929457868622,-40.4964469687697,-36.7098795460756,-33.5845578644644,-31.6874721991714,-30.3650369605523,-29.6668270063914,-29.0927043812256,-29.0482719148915,-29.374064659855,-30.2615789896751,-31.3464844462063,-32.3079302838694,-33.6406320303909,-35.5858412338274,-36.9367886959243,-38.163334729045,-38.3100472445321,-41.6485466414085,-43.5658216128035
